ISO-10303-21;
HEADER;
FILE_DESCRIPTION (( 'STEP AP214' ),
    '1' );
FILE_NAME ('20240606 Q Movement Bracket.STEP',
    '2024-06-06T07:54:25',
    ( '' ),
    ( '' ),
    'SwSTEP 2.0',
    'SolidWorks 2024',
    '' );
FILE_SCHEMA (( 'AUTOMOTIVE_DESIGN' ));
ENDSEC;

DATA;
#1 = CARTESIAN_POINT ( 'NONE',  ( 177.5817558724189951, 19.22219652012899616, -243.7477245498079128 ) ) ;
#2 = CARTESIAN_POINT ( 'NONE',  ( 176.1591127183446588, 19.22219652012901392, -248.7304661827590166 ) ) ;
#3 = CARTESIAN_POINT ( 'NONE',  ( 176.5113384168651294, 18.72219652012902458, -247.0151917651920996 ) ) ;
#4 = CARTESIAN_POINT ( 'NONE',  ( 166.5298703852647861, 18.72219652012903168, -253.1396313885242364 ) ) ;
#5 = CARTESIAN_POINT ( 'NONE',  ( 174.1674789218497779, 19.22219652012901392, -254.9749743685775343 ) ) ;
#6 = CARTESIAN_POINT ( 'NONE',  ( 167.0427947122536807, 19.22219652012901037, -234.5101122416727435 ) ) ;
#7 = CARTESIAN_POINT ( 'NONE',  ( 163.8823028417777437, 19.22219652012901037, -250.5494007242190548 ) ) ;
#8 = DIRECTION ( 'NONE',  ( 1.000000000000000000, 0.000000000000000000, 0.000000000000000000 ) ) ;
#9 = VERTEX_POINT ( 'NONE', #963 ) ;
#10 = CARTESIAN_POINT ( 'NONE',  ( 167.7749824459745298, 18.72219652012903168, -253.2154672618047186 ) ) ;
#11 = ADVANCED_FACE ( 'NONE', ( #647 ), #1511, .T. ) ;
#12 = CARTESIAN_POINT ( 'NONE',  ( 162.2177570660093693, 19.22219652012899971, -247.8935348144524085 ) ) ;
#13 = CARTESIAN_POINT ( 'NONE',  ( 176.5477806324303458, 16.82099652012901103, -233.8762142303863527 ) ) ;
#14 = ORIENTED_EDGE ( 'NONE', *, *, #3425, .F. ) ;
#15 = CARTESIAN_POINT ( 'NONE',  ( 177.5864926196435363, 19.22219652012903879, -244.1135944166781258 ) ) ;
#16 = DIRECTION ( 'NONE',  ( 0.000000000000000000, 0.000000000000000000, 1.000000000000000000 ) ) ;
#17 = CARTESIAN_POINT ( 'NONE',  ( 175.1473407695023354, 19.22219652012901392, -234.2902356819079159 ) ) ;
#18 = CARTESIAN_POINT ( 'NONE',  ( 163.5218830496392854, 19.22219652012901392, -234.5767262399438664 ) ) ;
#19 = CARTESIAN_POINT ( 'NONE',  ( 162.7373204149768071, 19.22219652012901392, -239.4587070908379758 ) ) ;
#20 = CARTESIAN_POINT ( 'NONE',  ( 175.9695794498680641, 19.22219652012901392, -239.2076507494315081 ) ) ;
#21 = CARTESIAN_POINT ( 'NONE',  ( 177.5749706809905035, 19.22219652012900326, -243.6062841329227808 ) ) ;
#22 = DIRECTION ( 'NONE',  ( 0.000000000000000000, 0.000000000000000000, 1.000000000000000000 ) ) ;
#23 = CARTESIAN_POINT ( 'NONE',  ( 175.8910915930892997, 18.72219652012902813, -248.2181387847976737 ) ) ;
#24 = CARTESIAN_POINT ( 'NONE',  ( 168.0115191016406868, 18.72219652012902458, -253.2107091348127028 ) ) ;
#25 = CARTESIAN_POINT ( 'NONE',  ( 162.0403757611802860, 18.72219652012902813, -246.3154941081031097 ) ) ;
#26 = CARTESIAN_POINT ( 'NONE',  ( 165.4098719652610043, 19.22219652012901037, -235.3703584867513712 ) ) ;
#27 = CARTESIAN_POINT ( 'NONE',  ( 165.9438798697072173, 19.22219652012901747, -253.4042926862269951 ) ) ;
#28 = FACE_OUTER_BOUND ( 'NONE', #4036, .T. ) ;
#29 = ORIENTED_EDGE ( 'NONE', *, *, #4440, .T. ) ;
#30 = CARTESIAN_POINT ( 'NONE',  ( 165.7774687732435837, 18.72219652012902102, -235.7144929618328035 ) ) ;
#31 = CARTESIAN_POINT ( 'NONE',  ( 159.9978559034672401, 17.22219652012900681, -236.3909477637369321 ) ) ;
#32 = DIRECTION ( 'NONE',  ( 0.000000000000000000, -1.000000000000000000, 0.000000000000000000 ) ) ;
#33 = CARTESIAN_POINT ( 'NONE',  ( 172.5884367833759825, 16.82099652012901103, -231.1760740061073420 ) ) ;
#34 = ORIENTED_EDGE ( 'NONE', *, *, #2370, .F. ) ;
#35 = CARTESIAN_POINT ( 'NONE',  ( 173.5671209721498087, 19.22219652012902458, -252.7118502588999718 ) ) ;
#36 = CARTESIAN_POINT ( 'NONE',  ( 167.8080497808507232, 18.02331268702778644, -231.8234913521013993 ) ) ;
#37 = PRESENTATION_STYLE_ASSIGNMENT (( #2287 ) ) ;
#38 = ADVANCED_FACE ( 'NONE', ( #2462 ), #876, .F. ) ;
#39 = CIRCLE ( 'NONE', #1129, 0.7499999999999729106 ) ;
#40 = CARTESIAN_POINT ( 'NONE',  ( 163.5917342754857486, 19.22219652012901392, -234.4749740131078113 ) ) ;
#41 = CARTESIAN_POINT ( 'NONE',  ( 164.9917115508822292, 19.22219652012902458, -235.9737489377573354 ) ) ;
#42 = CARTESIAN_POINT ( 'NONE',  ( 172.7485944298040295, 19.22219652012900681, -234.7210846524994849 ) ) ;
#43 = AXIS2_PLACEMENT_3D ( 'NONE', #4545, #887, #3517 ) ;
#44 = CARTESIAN_POINT ( 'NONE',  ( 172.7150606407068381, 18.72219652012902102, -235.2931093062497894 ) ) ;
#45 = CARTESIAN_POINT ( 'NONE',  ( 176.2799667637244170, 19.22219652012901392, -239.6913967064713233 ) ) ;
#46 = CARTESIAN_POINT ( 'NONE',  ( 176.9391969007505736, 19.22219652012901747, -247.2873535197794297 ) ) ;
#47 = CARTESIAN_POINT ( 'NONE',  ( 176.3754494266792108, 18.72219652012902458, -247.3260370123659015 ) ) ;
#48 = CARTESIAN_POINT ( 'NONE',  ( 161.4695728252821709, 19.22219652012901037, -245.8655672618047277 ) ) ;
#49 = DIRECTION ( 'NONE',  ( 0.000000000000000000, 0.000000000000000000, 1.000000000000000000 ) ) ;
#50 = CARTESIAN_POINT ( 'NONE',  ( 165.2782216561700182, 19.22219652012900681, -235.5528137389405288 ) ) ;
#51 = CARTESIAN_POINT ( 'NONE',  ( 167.1019217362359086, 19.22219652012901037, -253.7228065997900615 ) ) ;
#52 = CARTESIAN_POINT ( 'NONE',  ( 160.0893745497946554, 18.52219652012901108, -231.7497534489568807 ) ) ;
#53 = ORIENTED_EDGE ( 'NONE', *, *, #3210, .T. ) ;
#54 = CARTESIAN_POINT ( 'NONE',  ( 162.1621537447019250, 18.72219652012902102, -241.7401153275206980 ) ) ;
#55 = DIRECTION ( 'NONE',  ( 1.000000000000000000, 0.000000000000000000, 8.361120501153439065E-16 ) ) ;
#56 = VECTOR ( 'NONE', #3078, 1000.000000000000000 ) ;
#57 = CARTESIAN_POINT ( 'NONE',  ( 165.0988285608900696, 19.22219652012900681, -252.4164029072210553 ) ) ;
#58 = CARTESIAN_POINT ( 'NONE',  ( 178.9657625727877530, 19.22339652012901468, -240.6158854062658463 ) ) ;
#59 = FACE_OUTER_BOUND ( 'NONE', #1358, .T. ) ;
#60 = ORIENTED_EDGE ( 'NONE', *, *, #2672, .T. ) ;
#61 = CARTESIAN_POINT ( 'NONE',  ( 173.3077914818691170, 19.22219652012900326, -253.0539833128657108 ) ) ;
#62 = CARTESIAN_POINT ( 'NONE',  ( 172.5087847538081860, 18.72219652012901392, -253.2866790042367882 ) ) ;
#63 = CARTESIAN_POINT ( 'NONE',  ( 177.0752469345075610, 19.22219652012901392, -237.2323403463377360 ) ) ;
#64 = CARTESIAN_POINT ( 'NONE',  ( 161.7062944077252382, 19.22219652012901392, -237.3702321377818691 ) ) ;
#65 = CARTESIAN_POINT ( 'NONE',  ( 165.7916659434504254, 19.22219652012901037, -234.9443232064306244 ) ) ;
#66 = CARTESIAN_POINT ( 'NONE',  ( 171.7315761712650612, 19.22219652012900681, -234.5074876523356977 ) ) ;
#67 = CARTESIAN_POINT ( 'NONE',  ( 173.2165784575128953, 18.72219652012902458, -235.8904596948187304 ) ) ;
#68 = AXIS2_PLACEMENT_3D ( 'NONE', #2772, #1272, #3917 ) ;
#69 = CARTESIAN_POINT ( 'NONE',  ( 173.6272974595845255, 19.22219652012900681, -235.6053079302603237 ) ) ;
#70 = CARTESIAN_POINT ( 'NONE',  ( 177.1783432648115024, 19.22219652012901392, -246.6719210298472547 ) ) ;
#71 = CARTESIAN_POINT ( 'NONE',  ( 175.7431561483577411, 18.72219652012902102, -248.4530157572943949 ) ) ;
#72 = CARTESIAN_POINT ( 'NONE',  ( 166.3622872702964912, 18.72219652012902813, -253.0713470909043963 ) ) ;
#73 = CARTESIAN_POINT ( 'NONE',  ( 179.0698688368411240, 19.22219652012901392, -247.3247186965602396 ) ) ;
#74 = CARTESIAN_POINT ( 'NONE',  ( 164.6587156707283555, 19.22219652012901392, -236.4791856169421180 ) ) ;
#75 = CARTESIAN_POINT ( 'NONE',  ( 167.2659393557968883, 19.22219652012901747, -253.7246771407902770 ) ) ;
#76 = CARTESIAN_POINT ( 'NONE',  ( 176.4429393212092236, 17.22219652012900681, -234.1350328988201568 ) ) ;
#77 = ORIENTED_EDGE ( 'NONE', *, *, #3455, .F. ) ;
#78 = CARTESIAN_POINT ( 'NONE',  ( 175.4484416614866404, 19.22339652012901468, -253.5046316657095815 ) ) ;
#79 = CARTESIAN_POINT ( 'NONE',  ( 163.3302513560842044, 18.72219652012902458, -239.4631500663666941 ) ) ;
#80 = CARTESIAN_POINT ( 'NONE',  ( 171.0602818523583437, 17.82340415347161411, -231.7080741064394260 ) ) ;
#81 = FACE_OUTER_BOUND ( 'NONE', #1434, .T. ) ;
#82 = CARTESIAN_POINT ( 'NONE',  ( 179.2190023312656990, 16.82099652012901103, -238.0043464530037056 ) ) ;
#83 = CARTESIAN_POINT ( 'NONE',  ( 157.1473669594121247, 18.54076478551653295, -248.2589920572515041 ) ) ;
#84 = ORIENTED_EDGE ( 'NONE', *, *, #962, .F. ) ;
#85 = CARTESIAN_POINT ( 'NONE',  ( 172.0370773405154239, 19.22219652012901392, -253.7073943096661992 ) ) ;
#86 = CARTESIAN_POINT ( 'NONE',  ( 161.7811615395504816, 16.87219652012900539, -243.9502243080085577 ) ) ;
#87 = CARTESIAN_POINT ( 'NONE',  ( 174.4909382263987823, 19.22219652012901392, -233.5206122166177352 ) ) ;
#88 = VECTOR ( 'NONE', #4412, 1000.000000000000000 ) ;
#89 = CARTESIAN_POINT ( 'NONE',  ( 160.4144194721023666, 19.22219652012858404, -239.4695711556363733 ) ) ;
#90 = CARTESIAN_POINT ( 'NONE',  ( 167.6884024312495569, 19.22219652012901037, -234.5136801087324159 ) ) ;
#91 = CARTESIAN_POINT ( 'NONE',  ( 173.0735860356462581, 19.22219652012901037, -234.9394445288779991 ) ) ;
#92 = CARTESIAN_POINT ( 'NONE',  ( 172.4316063530229712, 18.72219652012902102, -235.1259596578015305 ) ) ;
#93 = CARTESIAN_POINT ( 'NONE',  ( 171.3887344496100980, 19.22219652012902102, -234.5089578687180847 ) ) ;
#94 = CARTESIAN_POINT ( 'NONE',  ( 176.0982705084845463, 17.37785558676702991, -254.4479340796356155 ) ) ;
#95 = EDGE_CURVE ( 'NONE', #1338, #1706, #4477, .T. ) ;
#96 = CARTESIAN_POINT ( 'NONE',  ( 172.6537362106093951, 18.72219652012902458, -252.9836629779040322 ) ) ;
#97 = CARTESIAN_POINT ( 'NONE',  ( 163.3179092313508249, 19.22219652012729441, -253.3535117734153630 ) ) ;
#98 = DIRECTION ( 'NONE',  ( 0.000000000000000000, 1.000000000000000000, 0.000000000000000000 ) ) ;
#99 = EDGE_CURVE ( 'NONE', #1832, #3589, #803, .T. ) ;
#100 = CARTESIAN_POINT ( 'NONE',  ( 163.7529917853248946, 19.22219652012901392, -237.8832414026153685 ) ) ;
#101 = CARTESIAN_POINT ( 'NONE',  ( 171.0895301197910499, 19.22219652012901037, -253.7154672618047186 ) ) ;
#102 = EDGE_CURVE ( 'NONE', #4350, #2764, #184, .T. ) ;
#103 = CARTESIAN_POINT ( 'NONE',  ( 164.0287400957373052, 15.52219652012901108, -238.3790208253599872 ) ) ;
#104 = EDGE_LOOP ( 'NONE', ( #4453, #3472 ) ) ;
#105 = CARTESIAN_POINT ( 'NONE',  ( 175.4941076974073155, 19.22339652012901468, -253.4366944559943136 ) ) ;
#106 = CARTESIAN_POINT ( 'NONE',  ( 163.5392224300303212, 18.72219652012902458, -239.1403526133231026 ) ) ;
#107 = FACE_OUTER_BOUND ( 'NONE', #1606, .T. ) ;
#108 = CARTESIAN_POINT ( 'NONE',  ( 162.4346068593702626, 19.22219652012899616, -248.2842780992108374 ) ) ;
#109 = CARTESIAN_POINT ( 'NONE',  ( 160.9035692853951787, 19.22339652012901468, -238.6145323411738275 ) ) ;
#110 = CARTESIAN_POINT ( 'NONE',  ( 176.5612256007512713, 15.52219652012900930, -241.0253604480924139 ) ) ;
#111 = ORIENTED_EDGE ( 'NONE', *, *, #2774, .F. ) ;
#112 = CARTESIAN_POINT ( 'NONE',  ( 172.7247787002381472, 19.22219652012902102, -253.5210586252621283 ) ) ;
#113 = EDGE_LOOP ( 'NONE', ( #473, #405, #1422, #1287, #2151 ) ) ;
#114 = CARTESIAN_POINT ( 'NONE',  ( 161.8026598432261949, 17.03031195844902967, -243.4854066550622633 ) ) ;
#115 = CARTESIAN_POINT ( 'NONE',  ( 175.3553843769688285, 19.22219652012901392, -234.5882210321279615 ) ) ;
#116 = CARTESIAN_POINT ( 'NONE',  ( 167.7749824448864331, 16.02219652012900752, -235.0156672555947353 ) ) ;
#117 = CARTESIAN_POINT ( 'NONE',  ( 167.7518652714041707, 19.22219652012901392, -234.5150851457281362 ) ) ;
#118 = CARTESIAN_POINT ( 'NONE',  ( 172.8616517960426791, 19.22219652012901037, -234.7849012743687922 ) ) ;
#119 = CARTESIAN_POINT ( 'NONE',  ( 172.8130984286316334, 18.72219652012902458, -235.3791139632056968 ) ) ;
#120 = CARTESIAN_POINT ( 'NONE',  ( 172.9974005349326944, 19.22219652012901392, -234.8791923369829249 ) ) ;
#121 = CARTESIAN_POINT ( 'NONE',  ( 177.5441846111027360, 19.22219652012901037, -245.1455982974597418 ) ) ;
#122 = CARTESIAN_POINT ( 'NONE',  ( 170.9705699969396733, 18.72219652012902458, -253.2129726506443035 ) ) ;
#123 = VECTOR ( 'NONE', #3136, 1000.000000000000000 ) ;
#124 = B_SPLINE_CURVE_WITH_KNOTS ( 'NONE', 3,
 ( #1822, #2976, #301, #4465, #3293, #1103, #4097, #329, #4391, #2136, #661, #249, #2185, #1453, #3630, #1799, #3605, #1056, #4758, #715, #1381, #4026, #2583, #2529, #4439, #273, #4363, #2505, #1848, #3682, #2161, #3337 ),
 .UNSPECIFIED., .F., .F.,
 ( 4, 2, 2, 2, 2, 2, 2, 2, 2, 2, 2, 2, 2, 2, 2, 4 ),
 ( 0.006370207778428768619, 0.006475086218026832388, 0.006990129823449561450, 0.009050304245140481166, 0.01008039145598594102, 0.01033791325869730382, 0.01059543506140867009, 0.01085295686412003462, 0.01111047866683139915, 0.01162552227225412821, 0.01214056587767685901, 0.01317065308852231886, 0.01420074029936777699, 0.01471578390479050605, 0.01523082751021323684, 0.01728180490430645741 ),
 .UNSPECIFIED. ) ;
#125 = CARTESIAN_POINT ( 'NONE',  ( 153.5965372426112197, 17.02953725451732581, -243.4867409528930011 ) ) ;
#126 = CARTESIAN_POINT ( 'NONE',  ( 163.9387090702563796, 19.22219652012900326, -237.5938661324342149 ) ) ;
#127 = CARTESIAN_POINT ( 'NONE',  ( 167.4666760091286335, 19.22219652012901037, -253.7223861343858573 ) ) ;
#128 = CARTESIAN_POINT ( 'NONE',  ( 160.3355000783488435, 17.22219652012856628, -237.3643012314573184 ) ) ;
#129 = ORIENTED_EDGE ( 'NONE', *, *, #166, .F. ) ;
#130 = CARTESIAN_POINT ( 'NONE',  ( 174.7657322042272199, 19.22339652012901468, -254.4247246478592501 ) ) ;
#131 = EDGE_CURVE ( 'NONE', #4691, #3583, #3385, .T. ) ;
#132 = CARTESIAN_POINT ( 'NONE',  ( 159.6850958819996151, 16.22219652012901037, -235.4411155843643826 ) ) ;
#133 = CARTESIAN_POINT ( 'NONE',  ( 165.9449702278905079, 19.22219652012900326, -253.4042717272416780 ) ) ;
#134 = LINE ( 'NONE', #3580, #2788 ) ;
#135 = CYLINDRICAL_SURFACE ( 'NONE', #3174, 0.9000000000000119016 ) ;
#136 = CARTESIAN_POINT ( 'NONE',  ( 166.5271708918035642, 17.98096092208320584, -256.4125330304473209 ) ) ;
#137 = VERTEX_POINT ( 'NONE', #4123 ) ;
#138 = CONICAL_SURFACE ( 'NONE', #916, 0.5000000000000004441, 0.7853981633974369547 ) ;
#139 = CARTESIAN_POINT ( 'NONE',  ( 172.8191792298290181, 19.22219652012901747, -253.4705535374123144 ) ) ;
#140 = CARTESIAN_POINT ( 'NONE',  ( 161.8749896364687118, 17.79260576422984030, -242.8988797764765479 ) ) ;
#141 = DIRECTION ( 'NONE',  ( 0.000000000000000000, 0.000000000000000000, -1.000000000000000000 ) ) ;
#142 = CARTESIAN_POINT ( 'NONE',  ( 171.0945824448864414, 19.22219652012901037, -235.0156672555947353 ) ) ;
#143 = CARTESIAN_POINT ( 'NONE',  ( 167.2600554580153869, 19.22219652012901037, -234.5061523006002062 ) ) ;
#144 = CARTESIAN_POINT ( 'NONE',  ( 173.5576850547264485, 19.22219652012901037, -235.5058901917083176 ) ) ;
#145 = CARTESIAN_POINT ( 'NONE',  ( 173.3960148926385045, 19.22219652012899260, -235.2860908495790397 ) ) ;
#146 = DIRECTION ( 'NONE',  ( -0.000000000000000000, 1.000000000000000000, -0.000000000000000000 ) ) ;
#147 = CARTESIAN_POINT ( 'NONE',  ( 170.6115865918391137, 18.72219652012902813, -253.2057514078114764 ) ) ;
#148 = CONICAL_SURFACE ( 'NONE', #845, 15.35000000000002984, 0.7853981633974378429 ) ;
#149 = PLANE ( 'NONE',  #663 ) ;
#150 = CARTESIAN_POINT ( 'NONE',  ( 164.0422454557613889, 19.22219652012901037, -237.4326710745903313 ) ) ;
#151 = DIRECTION ( 'NONE',  ( -4.625929269271567206E-14, 0.000000000000000000, 1.000000000000000000 ) ) ;
#152 = CARTESIAN_POINT ( 'NONE',  ( 178.9618437490498764, 18.97219652012904589, -253.0339529300433128 ) ) ;
#153 = VERTEX_POINT ( 'NONE', #739 ) ;
#154 = CARTESIAN_POINT ( 'NONE',  ( 167.8068175556505253, 18.22374035508452295, -256.2919261974672622 ) ) ;
#155 = CARTESIAN_POINT ( 'NONE',  ( 176.0962636280612514, 19.22219652012901037, -239.4029914013956670 ) ) ;
#156 = CARTESIAN_POINT ( 'NONE',  ( 167.8946528655961572, 19.22219652012901037, -253.7131611453389155 ) ) ;
#157 = CARTESIAN_POINT ( 'NONE',  ( 177.5837880189780265, 19.22219652012901037, -244.3503958675193246 ) ) ;
#158 = B_SPLINE_CURVE_WITH_KNOTS ( 'NONE', 3,
 ( #920, #964, #3959, #533, #2026, #1441, #4084, #2938, #4349, #1090 ),
 .UNSPECIFIED., .F., .F.,
 ( 4, 3, 3, 4 ),
 ( 0.0006651925995964443235, 0.0006942022829285246759, 0.001388404565822126766, 0.002309433766088905479 ),
 .UNSPECIFIED. ) ;
#159 = CARTESIAN_POINT ( 'NONE',  ( 164.4660259286831661, 19.22339652012901468, -233.4453119934125596 ) ) ;
#160 = CARTESIAN_POINT ( 'NONE',  ( 167.5524932638781195, 17.83198449139357677, -256.5235922985420416 ) ) ;
#161 = EDGE_LOOP ( 'NONE', ( #3340, #649, #1825, #2173 ) ) ;
#162 = EDGE_CURVE ( 'NONE', #2937, #1503, #1135, .T. ) ;
#163 = ORIENTED_EDGE ( 'NONE', *, *, #2644, .T. ) ;
#164 = CARTESIAN_POINT ( 'NONE',  ( 174.9216828108943673, 18.72219652012901392, -249.7081663176801669 ) ) ;
#165 = CARTESIAN_POINT ( 'NONE',  ( 159.2230316447979703, 17.02219652012900752, -231.9935770962143238 ) ) ;
#166 = EDGE_CURVE ( 'NONE', #4076, #9, #2815, .T. ) ;
#167 = EDGE_CURVE ( 'NONE', #528, #4148, #3282, .T. ) ;
#168 = CARTESIAN_POINT ( 'NONE',  ( 171.0895301197910499, 19.22219652012901037, -253.7154672618047186 ) ) ;
#169 = CARTESIAN_POINT ( 'NONE',  ( 173.4249941535469475, 15.52219652012900930, -252.0892492882506701 ) ) ;
#170 = CARTESIAN_POINT ( 'NONE',  ( 178.4964597161076938, 19.22219652012901037, -253.9190617944676092 ) ) ;
#171 = CARTESIAN_POINT ( 'NONE',  ( 172.4537295161005375, 19.22219652012901037, -234.6038217260854140 ) ) ;
#172 = CARTESIAN_POINT ( 'NONE',  ( 177.0864824478727257, 18.72219652012901392, -244.1155672618047277 ) ) ;
#173 = CARTESIAN_POINT ( 'NONE',  ( 172.2875141741514540, 18.72219652012902458, -253.1548316542009900 ) ) ;
#174 = CARTESIAN_POINT ( 'NONE',  ( 153.5874135412992985, 16.90441396575700139, -243.7894806969576109 ) ) ;
#175 = CARTESIAN_POINT ( 'NONE',  ( 162.3656318163431251, 19.22219652012900681, -240.0652197680273900 ) ) ;
#176 = CARTESIAN_POINT ( 'NONE',  ( 171.6618978068264596, 19.22219652012901747, -253.7245110730968918 ) ) ;
#177 = CARTESIAN_POINT ( 'NONE',  ( 162.0403757611796891, 18.72219652012901747, -241.9156404155048961 ) ) ;
#178 = ORIENTED_EDGE ( 'NONE', *, *, #99, .T. ) ;
#179 = CARTESIAN_POINT ( 'NONE',  ( 179.8277581801016822, 16.82099652012901103, -249.1261111079269597 ) ) ;
#180 = CARTESIAN_POINT ( 'NONE',  ( 176.0793914073254030, 19.22219652012901037, -239.3768993299975421 ) ) ;
#181 = CARTESIAN_POINT ( 'NONE',  ( 168.0850360274737909, 19.22219652012901392, -253.7093314333698117 ) ) ;
#182 = CARTESIAN_POINT ( 'NONE',  ( 177.5858510336141194, 19.22219652012901037, -244.1729857871400498 ) ) ;
#183 = CARTESIAN_POINT ( 'NONE',  ( 163.1787617796263419, 19.22339652012901468, -235.0895147052102345 ) ) ;
#184 = CIRCLE ( 'NONE', #4765, 0.9000000000000119016 ) ;
#185 = CARTESIAN_POINT ( 'NONE',  ( 163.1915598922401500, 19.22219652012901392, -249.4742151514433033 ) ) ;
#186 = ORIENTED_EDGE ( 'NONE', *, *, #4111, .T. ) ;
#187 = CYLINDRICAL_SURFACE ( 'NONE', #3575, 0.9000000000000119016 ) ;
#188 = ORIENTED_EDGE ( 'NONE', *, *, #4805, .F. ) ;
#189 = CARTESIAN_POINT ( 'NONE',  ( 178.9618437490498764, 17.22219652012900681, -253.0339529300433128 ) ) ;
#190 = CARTESIAN_POINT ( 'NONE',  ( 166.8795812617752858, 19.22219652012901747, -234.5195040583548689 ) ) ;
#191 = ADVANCED_FACE ( 'NONE', ( #3365 ), #3073, .F. ) ;
#192 = CARTESIAN_POINT ( 'NONE',  ( 178.3091552737651284, 15.82219652012900646, -257.2482747858978769 ) ) ;
#193 = CARTESIAN_POINT ( 'NONE',  ( 170.9081563024631123, 19.22219652012900681, -234.5193162176571491 ) ) ;
#194 = CARTESIAN_POINT ( 'NONE',  ( 159.6850958819996151, 17.22219652012900681, -235.4411155843643826 ) ) ;
#195 = CARTESIAN_POINT ( 'NONE',  ( 172.7151379890343037, 18.72219652012901747, -252.9379685560111852 ) ) ;
#196 = CARTESIAN_POINT ( 'NONE',  ( 165.5481464392334487, 18.72219652012902102, -236.0430028837871248 ) ) ;
#197 = CARTESIAN_POINT ( 'NONE',  ( 162.0565029711229101, 19.22219652012901037, -240.6614762692271086 ) ) ;
#198 = CARTESIAN_POINT ( 'NONE',  ( 172.2265326489007577, 19.22219652012901392, -253.6807824576003441 ) ) ;
#199 = DIRECTION ( 'NONE',  ( -0.000000000000000000, 1.000000000000000000, -0.000000000000000000 ) ) ;
#200 = CARTESIAN_POINT ( 'NONE',  ( 172.9632806856093623, 16.82099652012901103, -256.9881751168746860 ) ) ;
#201 = CARTESIAN_POINT ( 'NONE',  ( 166.0267997774528226, 19.22219652012900326, -253.4565969650083730 ) ) ;
#202 = CARTESIAN_POINT ( 'NONE',  ( 165.9623595146088917, 16.02219652012900752, -235.4786361562487684 ) ) ;
#203 = CARTESIAN_POINT ( 'NONE',  ( 164.8586309047637712, 19.22339652012901468, -233.1460395670414130 ) ) ;
#204 = CARTESIAN_POINT ( 'NONE',  ( 163.5801421588917322, 19.22219652012901037, -250.0785289422271944 ) ) ;
#205 = EDGE_LOOP ( 'NONE', ( #1967, #4546, #2659 ) ) ;
#206 = ORIENTED_EDGE ( 'NONE', *, *, #345, .T. ) ;
#207 = CARTESIAN_POINT ( 'NONE',  ( 161.7853571135435402, 16.90483843427443134, -244.4432158191486053 ) ) ;
#208 = CARTESIAN_POINT ( 'NONE',  ( 159.6850958819996151, 16.22219652012901037, -234.9411155843643826 ) ) ;
#209 = CARTESIAN_POINT ( 'NONE',  ( 171.8604262881706291, 18.72219652012903524, -235.0117526650866466 ) ) ;
#210 = ORIENTED_EDGE ( 'NONE', *, *, #162, .T. ) ;
#211 = CARTESIAN_POINT ( 'NONE',  ( 160.5438730707764421, 15.52219652012900930, -231.3580506350464532 ) ) ;
#212 = CARTESIAN_POINT ( 'NONE',  ( 160.9078520015382878, 19.22339652012986733, -249.6234031201405799 ) ) ;
#213 = LINE ( 'NONE', #2866, #3045 ) ;
#214 = AXIS2_PLACEMENT_3D ( 'NONE', #671, #2167, #1804 ) ;
#215 = CARTESIAN_POINT ( 'NONE',  ( 173.5961513283048703, 16.22219652012901037, -236.4538383126632084 ) ) ;
#216 = CARTESIAN_POINT ( 'NONE',  ( 177.1537053918757749, 19.22219652012902102, -246.7319468678152248 ) ) ;
#217 = CARTESIAN_POINT ( 'NONE',  ( 167.9163275197771839, 18.72219652012902458, -235.0185105266053824 ) ) ;
#218 = EDGE_CURVE ( 'NONE', #1286, #420, #3046, .T. ) ;
#219 = CARTESIAN_POINT ( 'NONE',  ( 177.0869234033555131, 18.72219652012901392, -244.0561541615486760 ) ) ;
#220 = CARTESIAN_POINT ( 'NONE',  ( 173.3477010547838120, 19.22219652012901037, -253.0057054112743060 ) ) ;
#221 = CARTESIAN_POINT ( 'NONE',  ( 160.2022777862688656, 17.22219652012942603, -237.5695107798599395 ) ) ;
#222 = CARTESIAN_POINT ( 'NONE',  ( 178.7487719550277347, 16.82099652012901103, -250.9615587831059997 ) ) ;
#223 = CARTESIAN_POINT ( 'NONE',  ( 161.8136729353154806, 18.72219652012902458, -244.8538918829412694 ) ) ;
#224 = CARTESIAN_POINT ( 'NONE',  ( 178.3256918211725690, 15.52219652012900930, -256.8730838885630305 ) ) ;
#225 = CARTESIAN_POINT ( 'NONE',  ( 163.9514167985901167, 16.82099652012901103, -232.0857725817824360 ) ) ;
#226 = AXIS2_PLACEMENT_3D ( 'NONE', #2841, #603, #2100 ) ;
#227 = CARTESIAN_POINT ( 'NONE',  ( 163.4416526839409869, 19.22219652012901037, -249.8628599489751707 ) ) ;
#228 = ORIENTED_EDGE ( 'NONE', *, *, #4743, .T. ) ;
#229 = ORIENTED_EDGE ( 'NONE', *, *, #1595, .T. ) ;
#230 = CARTESIAN_POINT ( 'NONE',  ( 167.1883515551126607, 19.22219652012901392, -255.7254287057932913 ) ) ;
#231 = CARTESIAN_POINT ( 'NONE',  ( 167.8007185060000666, 19.22219652012901037, -255.7154672618047755 ) ) ;
#232 =( GEOMETRIC_REPRESENTATION_CONTEXT ( 3 ) GLOBAL_UNCERTAINTY_ASSIGNED_CONTEXT ( ( #4077 ) ) GLOBAL_UNIT_ASSIGNED_CONTEXT ( ( #255, #2458, #3560 ) ) REPRESENTATION_CONTEXT ( 'NONE', 'WORKASPACE' ) );
#233 = FACE_OUTER_BOUND ( 'NONE', #2415, .T. ) ;
#234 = CARTESIAN_POINT ( 'NONE',  ( 174.9282750837213314, 19.22339652012901468, -234.0004413316990508 ) ) ;
#235 = CARTESIAN_POINT ( 'NONE',  ( 179.3775013862745595, 17.22219652012930879, -238.7416954430698866 ) ) ;
#236 = CARTESIAN_POINT ( 'NONE',  ( 173.1064496000190900, 18.04692540484501251, -231.9765978369135269 ) ) ;
#237 = EDGE_LOOP ( 'NONE', ( #1360, #2088, #4251, #4299 ) ) ;
#238 = CARTESIAN_POINT ( 'NONE',  ( 164.8316174979085531, 16.82099652012901103, -256.6562423073116861 ) ) ;
#239 = DIRECTION ( 'NONE',  ( 0.000000000000000000, 1.000000000000000000, 0.000000000000000000 ) ) ;
#240 = DIRECTION ( 'NONE',  ( 0.000000000000000000, 0.000000000000000000, -1.000000000000000000 ) ) ;
#241 = CARTESIAN_POINT ( 'NONE',  ( 176.2789744744205507, 19.22219652012900681, -248.5413280531422799 ) ) ;
#242 = CARTESIAN_POINT ( 'NONE',  ( 166.0145860345480173, 18.72219652012902102, -235.4212642507373801 ) ) ;
#243 = CARTESIAN_POINT ( 'NONE',  ( 175.0836140558261604, 18.72219652012902102, -238.7573877100871584 ) ) ;
#244 = CARTESIAN_POINT ( 'NONE',  ( 171.6469534405613615, 19.22219652012901747, -253.7245984218077695 ) ) ;
#245 = CARTESIAN_POINT ( 'NONE',  ( 177.0844373089292674, 18.72219652012902102, -243.9395309335325805 ) ) ;
#246 = CARTESIAN_POINT ( 'NONE',  ( 178.2199095661534045, 16.82099652013014435, -251.7819432075799000 ) ) ;
#247 = CARTESIAN_POINT ( 'NONE',  ( 162.0227827469419708, 18.72219652012903524, -246.0245495353633487 ) ) ;
#248 = EDGE_CURVE ( 'NONE', #2258, #1254, #1767, .T. ) ;
#249 = CARTESIAN_POINT ( 'NONE',  ( 178.5544031304080761, 17.22219652012810087, -250.8355643941152380 ) ) ;
#250 = CARTESIAN_POINT ( 'NONE',  ( 167.6513900642566455, 19.22219652012901037, -234.5128237325821203 ) ) ;
#251 = CARTESIAN_POINT ( 'NONE',  ( 162.5989749206394208, 19.22219652012900326, -248.5545293863820291 ) ) ;
#252 = ORIENTED_EDGE ( 'NONE', *, *, #2560, .F. ) ;
#253 = ORIENTED_EDGE ( 'NONE', *, *, #3902, .T. ) ;
#254 = CARTESIAN_POINT ( 'NONE',  ( 161.9633936663852580, 19.22219652012901392, -247.3648622259713932 ) ) ;
#255 =( LENGTH_UNIT ( ) NAMED_UNIT ( * ) SI_UNIT ( .MILLI., .METRE. ) );
#256 = DIRECTION ( 'NONE',  ( -1.000000000000000000, 0.000000000000000000, -8.361120501153439065E-16 ) ) ;
#257 = CLOSED_SHELL ( 'NONE', ( #2045, #3158, #4802, #11, #1481, #4140, #2075, #2199, #2052, #2564, #4201, #2951, #1423, #461, #3570, #3723, #3280, #1957, #2410, #3784, #4680, #4144, #4710, #489, #4202, #1695, #1084, #3251, #191, #3749, #904, #4088, #4025, #3215, #4319, #1167, #38, #3274, #1204, #1026, #1172, #3573, #1175, #2850, #2192, #991, #1718, #1633, #965, #4260, #1842, #4473, #3068, #2861, #3100, #1534, #2412, #552, #2927, #1772, #2617, #1687, #318, #1868, #662, #1115, #1140, #4286, #1295, #3008, #516 ) ) ;
#258 = CARTESIAN_POINT ( 'NONE',  ( 177.4689852664812406, 19.22339652012901468, -237.8449988288515726 ) ) ;
#259 = CARTESIAN_POINT ( 'NONE',  ( 170.9605141250660836, 19.22219652012900681, -253.7128715198577140 ) ) ;
#260 = DIRECTION ( 'NONE',  ( -0.000000000000000000, -1.000000000000000000, 0.000000000000000000 ) ) ;
#261 = ORIENTED_EDGE ( 'NONE', *, *, #2103, .F. ) ;
#262 = CARTESIAN_POINT ( 'NONE',  ( 164.2888418766966652, 19.22339652012901468, -254.6214990662111859 ) ) ;
#263 = PLANE ( 'NONE',  #4455 ) ;
#264 = CARTESIAN_POINT ( 'NONE',  ( 163.9478820829293113, 18.72219652013330915, -238.5229682066365058 ) ) ;
#265 = VERTEX_POINT ( 'NONE', #3000 ) ;
#266 = CARTESIAN_POINT ( 'NONE',  ( 161.4770043044560452, 19.22219652012902102, -242.3281641436979328 ) ) ;
#267 = CARTESIAN_POINT ( 'NONE',  ( 152.5314824459744898, 16.52219652012900752, -253.2154672618047186 ) ) ;
#268 = CARTESIAN_POINT ( 'NONE',  ( 175.9980464214958715, 18.72219652012902458, -240.1901577043907423 ) ) ;
#269 = CARTESIAN_POINT ( 'NONE',  ( 173.1461793775816602, 19.22219652012900681, -253.2253323176378217 ) ) ;
#270 = FACE_OUTER_BOUND ( 'NONE', #4713, .T. ) ;
#271 = CARTESIAN_POINT ( 'NONE',  ( 178.7926966481481657, 16.82099652012929170, -250.8938326131736005 ) ) ;
#272 = CARTESIAN_POINT ( 'NONE',  ( 162.1242714648203389, 18.72219652012901392, -246.3744578199531929 ) ) ;
#273 = CARTESIAN_POINT ( 'NONE',  ( 180.3219662232591531, 17.22219652012810087, -247.1746897430604974 ) ) ;
#274 = CIRCLE ( 'NONE', #4370, 0.7500000000000006661 ) ;
#275 = CARTESIAN_POINT ( 'NONE',  ( 167.1405522061796205, 19.22219652012901037, -234.5074655914551727 ) ) ;
#276 = CARTESIAN_POINT ( 'NONE',  ( 162.5047309914308471, 19.22219652012901392, -248.4016033825138265 ) ) ;
#277 = VERTEX_POINT ( 'NONE', #3754 ) ;
#278 = EDGE_CURVE ( 'NONE', #2764, #3532, #2699, .T. ) ;
#279 = VECTOR ( 'NONE', #8, 1000.000000000000000 ) ;
#280 = CARTESIAN_POINT ( 'NONE',  ( 159.9298965379163917, 17.22219652012842062, -250.2387456010790174 ) ) ;
#281 = AXIS2_PLACEMENT_3D ( 'NONE', #4649, #1639, #3522 ) ;
#282 = DIRECTION ( 'NONE',  ( 0.000000000000000000, 0.000000000000000000, 1.000000000000000000 ) ) ;
#283 = CARTESIAN_POINT ( 'NONE',  ( 173.3764028112426274, 19.22339652013017997, -232.7961954396201634 ) ) ;
#284 = CARTESIAN_POINT ( 'NONE',  ( 177.0862950753715950, 18.72219652012902458, -244.1316954408809181 ) ) ;
#285 = CARTESIAN_POINT ( 'NONE',  ( 180.1713902082454695, 17.22219652012817903, -240.5573696435557167 ) ) ;
#286 = DIRECTION ( 'NONE',  ( 8.659560562355074607E-17, 0.7071067811865359154, -0.7071067811865592301 ) ) ;
#287 = VERTEX_POINT ( 'NONE', #2257 ) ;
#288 = CARTESIAN_POINT ( 'NONE',  ( 164.5279429255531625, 16.82099652012901103, -256.5097605308659467 ) ) ;
#289 = CARTESIAN_POINT ( 'NONE',  ( 162.3083392913741534, 18.72219652012903168, -247.2057740753476196 ) ) ;
#290 = PLANE ( 'NONE',  #927 ) ;
#291 = ORIENTED_EDGE ( 'NONE', *, *, #3994, .T. ) ;
#292 = VECTOR ( 'NONE', #695, 1000.000000000000000 ) ;
#293 = CARTESIAN_POINT ( 'NONE',  ( 166.0650178464114219, 18.72219652012903168, -235.3710033838252116 ) ) ;
#294 = CARTESIAN_POINT ( 'NONE',  ( 176.0440096473683411, 19.22219652012900681, -239.3223082733664455 ) ) ;
#295 = CARTESIAN_POINT ( 'NONE',  ( 177.0869416990583716, 18.72219652012902813, -244.0148056990478267 ) ) ;
#296 = CARTESIAN_POINT ( 'NONE',  ( 175.9528401516477629, 19.22219652012901037, -249.0492686975335630 ) ) ;
#297 = CARTESIAN_POINT ( 'NONE',  ( 177.0846436990978532, 18.72219652012902458, -243.9572960675784543 ) ) ;
#298 = CARTESIAN_POINT ( 'NONE',  ( 158.8460935181452669, 19.22219652012901037, -235.9852433574534132 ) ) ;
#299 = EDGE_CURVE ( 'NONE', #4350, #1635, #900, .T. ) ;
#300 = CARTESIAN_POINT ( 'NONE',  ( 163.3652399694362032, 18.72219652012902102, -248.8218818742679161 ) ) ;
#301 = CARTESIAN_POINT ( 'NONE',  ( 176.4812387027171496, 17.22219652012810087, -254.0390017949222283 ) ) ;
#302 = CARTESIAN_POINT ( 'NONE',  ( 167.7637429391405135, 19.22219652012901037, -234.5153362737918883 ) ) ;
#303 = CARTESIAN_POINT ( 'NONE',  ( 165.4187532728117276, 19.22219652012901747, -252.8728611853900929 ) ) ;
#304 = ORIENTED_EDGE ( 'NONE', *, *, #3423, .T. ) ;
#305 = CARTESIAN_POINT ( 'NONE',  ( 161.8343316815953017, 19.22219652012901392, -247.0527727179999431 ) ) ;
#306 = CARTESIAN_POINT ( 'NONE',  ( 159.4982626751071564, 17.89056582249329708, -239.5967499200636439 ) ) ;
#307 = AXIS2_PLACEMENT_3D ( 'NONE', #4100, #1966, #4191 ) ;
#308 = CIRCLE ( 'NONE', #4766, 2.844281581315999397 ) ;
#309 = DIRECTION ( 'NONE',  ( 8.445006715552519311E-12, -0.5000000000000009992, 0.8660254037844380415 ) ) ;
#310 = CARTESIAN_POINT ( 'NONE',  ( 177.0856767461179402, 18.72219652012902458, -244.1849184318322727 ) ) ;
#311 = EDGE_CURVE ( 'NONE', #3800, #9, #4167, .T. ) ;
#312 = ORIENTED_EDGE ( 'NONE', *, *, #299, .F. ) ;
#313 = DIRECTION ( 'NONE',  ( 0.000000000000000000, -1.000000000000000000, 0.000000000000000000 ) ) ;
#314 = EDGE_LOOP ( 'NONE', ( #1008, #1467, #2509, #1786, #111 ) ) ;
#315 = CARTESIAN_POINT ( 'NONE',  ( 163.1825012580216026, 19.22339652012901468, -253.1472911257509679 ) ) ;
#316 = CARTESIAN_POINT ( 'NONE',  ( 166.9926949515727586, 18.72219652012903168, -253.2312036102878778 ) ) ;
#317 = EDGE_CURVE ( 'NONE', #3985, #265, #4472, .T. ) ;
#318 = ADVANCED_FACE ( 'NONE', ( #28 ), #3436, .T. ) ;
#319 = EDGE_CURVE ( 'NONE', #1925, #2635, #2479, .T. ) ;
#320 = CARTESIAN_POINT ( 'NONE',  ( 159.2540050746409293, 17.22219652012900681, -249.0202678002384289 ) ) ;
#321 = ORIENTED_EDGE ( 'NONE', *, *, #4499, .T. ) ;
#322 = CARTESIAN_POINT ( 'NONE',  ( 168.1067106818746879, 18.72219652012902102, -235.0223402385789200 ) ) ;
#323 = CARTESIAN_POINT ( 'NONE',  ( 174.3869633799813244, 19.22219652012900681, -236.7497385073126850 ) ) ;
#324 = CARTESIAN_POINT ( 'NONE',  ( 177.0866500556956851, 18.72219652012902102, -244.0995907485403791 ) ) ;
#325 = CARTESIAN_POINT ( 'NONE',  ( 176.1620607473161044, 19.22219652012901392, -248.7258645656470435 ) ) ;
#326 = CARTESIAN_POINT ( 'NONE',  ( 177.0834053580862530, 18.72219652012902458, -243.8507052633035528 ) ) ;
#327 = AXIS2_PLACEMENT_3D ( 'NONE', #2949, #3290, #974 ) ;
#328 = CARTESIAN_POINT ( 'NONE',  ( 162.8656082349079099, 18.72219652012901747, -248.0308073632043886 ) ) ;
#329 = CARTESIAN_POINT ( 'NONE',  ( 178.0249768348129464, 17.22219652012924129, -251.6568230866774059 ) ) ;
#330 = CARTESIAN_POINT ( 'NONE',  ( 162.6072807314470765, 16.82099652012901103, -233.4652576497977350 ) ) ;
#331 = CARTESIAN_POINT ( 'NONE',  ( 164.9230956670541843, 19.22219652012901392, -252.1539888119261832 ) ) ;
#332 = VERTEX_POINT ( 'NONE', #3773 ) ;
#333 = CARTESIAN_POINT ( 'NONE',  ( 162.2055390439043947, 19.22219652012900681, -247.8710949158824803 ) ) ;
#334 = DIRECTION ( 'NONE',  ( 0.000000000000000000, 0.000000000000000000, 1.000000000000000000 ) ) ;
#335 = FACE_OUTER_BOUND ( 'NONE', #4750, .T. ) ;
#336 = B_SPLINE_CURVE_WITH_KNOTS ( 'NONE', 3,
 ( #3695, #1045, #2518, #4378 ),
 .UNSPECIFIED., .F., .F.,
 ( 4, 4 ),
 ( 0.001943127921332721275, 0.002381209212641092251 ),
 .UNSPECIFIED. ) ;
#337 = ORIENTED_EDGE ( 'NONE', *, *, #2401, .F. ) ;
#338 = CARTESIAN_POINT ( 'NONE',  ( 159.6850958819996151, 16.22219652012901037, -235.9411155843644110 ) ) ;
#339 = CARTESIAN_POINT ( 'NONE',  ( 177.5749293606431536, 19.22219652012900681, -244.6255863721134176 ) ) ;
#340 = EDGE_LOOP ( 'NONE', ( #577, #2067, #3487, #2570, #2574 ) ) ;
#341 = CARTESIAN_POINT ( 'NONE',  ( 165.2730022253319362, 18.04698449533424665, -232.1358827397524180 ) ) ;
#342 = CARTESIAN_POINT ( 'NONE',  ( 169.4347824459745198, 19.22219652012901037, -244.1155672618047277 ) ) ;
#343 = FACE_OUTER_BOUND ( 'NONE', #161, .T. ) ;
#344 = ORIENTED_EDGE ( 'NONE', *, *, #319, .T. ) ;
#345 = EDGE_CURVE ( 'NONE', #1254, #681, #3359, .T. ) ;
#346 = CARTESIAN_POINT ( 'NONE',  ( 162.8413845510392548, 19.22219652012902102, -239.2978719871798603 ) ) ;
#347 = CARTESIAN_POINT ( 'NONE',  ( 173.7779861880154897, 19.22219652012901037, -235.8255287704126033 ) ) ;
#348 = CARTESIAN_POINT ( 'NONE',  ( 177.5869214145217825, 19.22219652012899971, -244.0576848761062934 ) ) ;
#349 = CARTESIAN_POINT ( 'NONE',  ( 175.9471839529001613, 19.22219652012901392, -249.0579827383204758 ) ) ;
#350 = CARTESIAN_POINT ( 'NONE',  ( 177.0868934710853182, 18.72219652012901747, -244.1667792409608921 ) ) ;
#351 = CARTESIAN_POINT ( 'NONE',  ( 165.1285899015402379, 18.72219652012901747, -251.5571128490489627 ) ) ;
#352 = B_SPLINE_CURVE_WITH_KNOTS ( 'NONE', 3,
 ( #1552, #3049, #2703, #10 ),
 .UNSPECIFIED., .F., .F.,
 ( 4, 4 ),
 ( 0.000000000000000000, 1.000000000000000000 ),
 .UNSPECIFIED. ) ;
#353 = CARTESIAN_POINT ( 'NONE',  ( 169.4347824459745198, 15.82219652012900646, -244.1155672618047277 ) ) ;
#354 = CARTESIAN_POINT ( 'NONE',  ( 166.7536748517781007, 19.22219652012900681, -234.5334742559922461 ) ) ;
#355 = CARTESIAN_POINT ( 'NONE',  ( 165.4862566824862711, 19.22219652012901392, -252.9610861912475173 ) ) ;
#356 = ORIENTED_EDGE ( 'NONE', *, *, #753, .T. ) ;
#357 = CARTESIAN_POINT ( 'NONE',  ( 153.6341495472580618, 18.72219652012901747, -242.8655672618047561 ) ) ;
#358 = CARTESIAN_POINT ( 'NONE',  ( 159.7485825396510108, 18.55728405962963379, -239.9816798737479360 ) ) ;
#359 = CARTESIAN_POINT ( 'NONE',  ( 180.6044551505947595, 16.82099652013013724, -241.1924946494744404 ) ) ;
#360 = VERTEX_POINT ( 'NONE', #1301 ) ;
#361 = DIRECTION ( 'NONE',  ( 0.000000000000000000, 0.000000000000000000, 1.000000000000000000 ) ) ;
#362 = CARTESIAN_POINT ( 'NONE',  ( 176.8288176591620129, 19.22219652012901392, -247.5370476295802291 ) ) ;
#363 = DIRECTION ( 'NONE',  ( -0.000000000000000000, -1.000000000000000000, -0.000000000000000000 ) ) ;
#364 = CARTESIAN_POINT ( 'NONE',  ( 160.0893745497946554, 15.52219652012900930, -231.1497534489568864 ) ) ;
#365 = CARTESIAN_POINT ( 'NONE',  ( 160.5108735643359807, 18.35831392968982811, -234.8679263348979873 ) ) ;
#366 = CARTESIAN_POINT ( 'NONE',  ( 163.2575941079495294, 19.22219652012900326, -238.6545035942364734 ) ) ;
#367 = CARTESIAN_POINT ( 'NONE',  ( 174.1706686164715165, 19.22219652012900681, -236.4176883264706817 ) ) ;
#368 = CARTESIAN_POINT ( 'NONE',  ( 177.5866284796758805, 19.22219652012900681, -244.1042406507744147 ) ) ;
#369 = CARTESIAN_POINT ( 'NONE',  ( 176.2547922900704123, 19.22219652012900681, -248.5796834299062539 ) ) ;
#370 = EDGE_CURVE ( 'NONE', #1393, #718, #3165, .T. ) ;
#371 = CARTESIAN_POINT ( 'NONE',  ( 172.8892320653511092, 18.72219652012903524, -252.7730387791433202 ) ) ;
#372 = CARTESIAN_POINT ( 'NONE',  ( 161.7104478760746247, 19.22219652012901392, -250.8673738500211243 ) ) ;
#373 = CARTESIAN_POINT ( 'NONE',  ( 175.7212639553590634, 19.22219652012901392, -253.0962357216580187 ) ) ;
#374 = CARTESIAN_POINT ( 'NONE',  ( 165.5660355380309170, 19.22219652012900681, -235.1721692823279284 ) ) ;
#375 = CARTESIAN_POINT ( 'NONE',  ( 166.2629063323414300, 19.22219652012900681, -253.5751608062668652 ) ) ;
#376 = CARTESIAN_POINT ( 'NONE',  ( 171.8768699404159861, 18.72219652012901392, -253.2312036102881621 ) ) ;
#377 = VERTEX_POINT ( 'NONE', #543 ) ;
#378 = CARTESIAN_POINT ( 'NONE',  ( 152.5314824459744898, 19.22219652012901037, -234.5156672555947921 ) ) ;
#379 = CARTESIAN_POINT ( 'NONE',  ( 161.7735667652779341, 19.22219652012900326, -246.8954815943611152 ) ) ;
#380 = CARTESIAN_POINT ( 'NONE',  ( 179.3416555933419829, 19.22339652013013378, -241.8638826723577893 ) ) ;
#381 = ORIENTED_EDGE ( 'NONE', *, *, #1839, .F. ) ;
#382 = CARTESIAN_POINT ( 'NONE',  ( 177.5866589370358497, 19.22219652012904945, -244.2711671930037198 ) ) ;
#383 = CARTESIAN_POINT ( 'NONE',  ( 160.1452861777667351, 16.82099652012922064, -250.9992421677242760 ) ) ;
#384 = AXIS2_PLACEMENT_3D ( 'NONE', #4352, #1346, #2795 ) ;
#385 = CARTESIAN_POINT ( 'NONE',  ( 175.2175862916633093, 19.22219652012901392, -234.3888996298108509 ) ) ;
#386 = CARTESIAN_POINT ( 'NONE',  ( 160.3587624091413488, 19.22219652012901392, -239.5792502300778608 ) ) ;
#387 = CIRCLE ( 'NONE', #3439, 0.5000000000000004441 ) ;
#388 = CARTESIAN_POINT ( 'NONE',  ( 164.9209703429072533, 19.22219652012901392, -236.0801595010978531 ) ) ;
#389 = CARTESIAN_POINT ( 'NONE',  ( 175.4282906172276171, 19.22219652012901392, -238.3688571758271451 ) ) ;
#390 = AXIS2_PLACEMENT_3D ( 'NONE', #2483, #2811, #1681 ) ;
#391 = CARTESIAN_POINT ( 'NONE',  ( 176.0875516261144753, 19.22219652012901392, -239.3893807584583158 ) ) ;
#392 = CARTESIAN_POINT ( 'NONE',  ( 175.7406349301691648, 19.22219652012901037, -249.3771148530990445 ) ) ;
#393 = CARTESIAN_POINT ( 'NONE',  ( 175.8547550634354764, 18.72219652012902102, -248.2766725587391079 ) ) ;
#394 = CARTESIAN_POINT ( 'NONE',  ( 166.9213055538821209, 18.72219652012901747, -253.2132473199405354 ) ) ;
#395 = CARTESIAN_POINT ( 'NONE',  ( 162.5088481629520345, 18.72219652012902813, -247.5118056392691415 ) ) ;
#396 = CARTESIAN_POINT ( 'NONE',  ( 165.4040988168289630, 19.22219652012901392, -235.3781662048420742 ) ) ;
#397 = CARTESIAN_POINT ( 'NONE',  ( 165.7634048318748228, 19.22219652012902102, -253.2665298031605516 ) ) ;
#398 = CARTESIAN_POINT ( 'NONE',  ( 161.7663960669892731, 15.52219652012900930, -242.6792790828976649 ) ) ;
#399 = ORIENTED_EDGE ( 'NONE', *, *, #3210, .F. ) ;
#401 = EDGE_CURVE ( 'NONE', #3437, #1679, #1374, .T. ) ;
#400 = CARTESIAN_POINT ( 'NONE',  ( 163.3652399620917208, 18.72219652012902458, -239.4092526606602291 ) ) ;
#402 = CARTESIAN_POINT ( 'NONE',  ( 180.7413445778320806, 17.22219652012900681, -244.1155673049763948 ) ) ;
#403 = CARTESIAN_POINT ( 'NONE',  ( 162.7028109013772053, 19.22219652012901392, -248.7187094443154933 ) ) ;
#404 = CARTESIAN_POINT ( 'NONE',  ( 179.2634181778057894, 19.22339652013013733, -241.5495038645645423 ) ) ;
#405 = ORIENTED_EDGE ( 'NONE', *, *, #3696, .T. ) ;
#406 = CARTESIAN_POINT ( 'NONE',  ( 174.4201724900674719, 19.22219652012901747, -251.4300624068226284 ) ) ;
#407 = CARTESIAN_POINT ( 'NONE',  ( 161.6124381154447462, 16.82099652012901103, -253.2814768370382694 ) ) ;
#408 = CARTESIAN_POINT ( 'NONE',  ( 178.7204871206107839, 19.22219652012901392, -240.0132478907148084 ) ) ;
#409 = CARTESIAN_POINT ( 'NONE',  ( 160.5888859398465627, 19.22219652012858404, -239.1443733798028006 ) ) ;
#410 = CARTESIAN_POINT ( 'NONE',  ( 163.1191675711942537, 19.22219652012901392, -238.8691442994563658 ) ) ;
#411 = CARTESIAN_POINT ( 'NONE',  ( 173.2365957305756297, 19.22219652012901392, -235.0970477654967112 ) ) ;
#412 = CARTESIAN_POINT ( 'NONE',  ( 177.5862213690790554, 19.22219652012900681, -243.9247572285108276 ) ) ;
#413 = CARTESIAN_POINT ( 'NONE',  ( 174.5294094081164076, 17.92590142961303101, -255.6441319266982077 ) ) ;
#414 = CARTESIAN_POINT ( 'NONE',  ( 173.1189845124169437, 18.72219652012902102, -252.4793221012976403 ) ) ;
#415 = CARTESIAN_POINT ( 'NONE',  ( 167.5974300796056582, 18.72219652012902813, -253.2194298987968750 ) ) ;
#416 = CARTESIAN_POINT ( 'NONE',  ( 178.2757379856454349, 19.22219652012787705, -249.0966524207346424 ) ) ;
#417 = CARTESIAN_POINT ( 'NONE',  ( 166.6702392660444900, 19.22219652012900681, -234.5457716721619477 ) ) ;
#418 = CARTESIAN_POINT ( 'NONE',  ( 171.1791957724877875, 19.22219652012901392, -253.7174108581840528 ) ) ;
#419 = DIRECTION ( 'NONE',  ( 1.000000000000000000, 0.000000000000000000, 0.000000000000000000 ) ) ;
#420 = VERTEX_POINT ( 'NONE', #3509 ) ;
#421 = CARTESIAN_POINT ( 'NONE',  ( 164.7822020780334071, 18.72219652012902458, -237.2069741529416262 ) ) ;
#422 = FACE_OUTER_BOUND ( 'NONE', #600, .T. ) ;
#423 = CARTESIAN_POINT ( 'NONE',  ( 161.5393395159952377, 19.22219652012902102, -246.1522163162463244 ) ) ;
#424 = CARTESIAN_POINT ( 'NONE',  ( 176.4995268511670474, 16.82099652012901103, -233.8053546001781342 ) ) ;
#425 = EDGE_CURVE ( 'NONE', #2907, #3001, #2074, .T. ) ;
#426 = ORIENTED_EDGE ( 'NONE', *, *, #3934, .T. ) ;
#427 = CARTESIAN_POINT ( 'NONE',  ( 172.4226884307926753, 19.22219652012901037, -253.6363018348961020 ) ) ;
#428 = CARTESIAN_POINT ( 'NONE',  ( 167.8092851630919426, 17.82303363091755344, -231.7078601851431188 ) ) ;
#429 = CARTESIAN_POINT ( 'NONE',  ( 177.7337528184696680, 19.22219652012901392, -238.2520851583035153 ) ) ;
#430 = CIRCLE ( 'NONE', #4500, 0.5000000000000004441 ) ;
#431 = CARTESIAN_POINT ( 'NONE',  ( 165.7389839294113472, 19.22219652012901392, -232.7186328563849429 ) ) ;
#432 = CARTESIAN_POINT ( 'NONE',  ( 165.7439704178118234, 19.22219652012901747, -234.9866209351469024 ) ) ;
#433 = CARTESIAN_POINT ( 'NONE',  ( 171.8357479125793645, 19.22219652012901037, -234.5105175348928128 ) ) ;
#434 = AXIS2_PLACEMENT_3D ( 'NONE', #4570, #1209, #2707 ) ;
#435 = CARTESIAN_POINT ( 'NONE',  ( 171.1505082779297595, 18.72219652012903168, -235.0144928222472345 ) ) ;
#436 = CARTESIAN_POINT ( 'NONE',  ( 177.5864158556162238, 19.22219652012901037, -244.1241981596008372 ) ) ;
#437 = CYLINDRICAL_SURFACE ( 'NONE', #1484, 0.5000000000000004441 ) ;
#438 = CARTESIAN_POINT ( 'NONE',  ( 173.1585019230954856, 18.72219652012903524, -252.4236948723282978 ) ) ;
#439 = CARTESIAN_POINT ( 'NONE',  ( 160.4156774228284803, 19.22219652012901392, -248.7687368171764888 ) ) ;
#440 = CARTESIAN_POINT ( 'NONE',  ( 174.0331675236545550, 19.22219652012901392, -255.0697080206263365 ) ) ;
#441 = CARTESIAN_POINT ( 'NONE',  ( 165.1936414024941655, 19.22219652012901037, -235.6757628262950846 ) ) ;
#442 = CARTESIAN_POINT ( 'NONE',  ( 166.9742643632836518, 19.22219652012901392, -253.7176894487448351 ) ) ;
#443 = CARTESIAN_POINT ( 'NONE',  ( 176.5612256025006559, 18.72219652012901392, -247.2057740763812603 ) ) ;
#444 = ORIENTED_EDGE ( 'NONE', *, *, #3541, .T. ) ;
#445 = CARTESIAN_POINT ( 'NONE',  ( 176.1692905416815051, 19.22339652012901468, -252.4111814859046206 ) ) ;
#446 = CARTESIAN_POINT ( 'NONE',  ( 163.1577723283201919, 18.72219652012902813, -239.7293006171189234 ) ) ;
#447 = CARTESIAN_POINT ( 'NONE',  ( 161.7045286481970834, 19.22219652012901037, -241.4949126515768967 ) ) ;
#448 = AXIS2_PLACEMENT_3D ( 'NONE', #4508, #4237, #3767 ) ;
#449 = CARTESIAN_POINT ( 'NONE',  ( 165.9623595146088917, 16.02219652012900752, -235.4786361562487684 ) ) ;
#450 = CARTESIAN_POINT ( 'NONE',  ( 175.5924401892015396, 16.82099652012901103, -232.6563858192611463 ) ) ;
#451 = CARTESIAN_POINT ( 'NONE',  ( 171.0688463860450099, 19.22219652012901037, -232.5156672558694595 ) ) ;
#452 = ORIENTED_EDGE ( 'NONE', *, *, #4773, .T. ) ;
#453 = CARTESIAN_POINT ( 'NONE',  ( 171.1759020197762595, 19.22219652012901392, -253.7173332924809870 ) ) ;
#454 = LINE ( 'NONE', #3447, #3363 ) ;
#455 = CARTESIAN_POINT ( 'NONE',  ( 175.0034060260758508, 19.22219652012901392, -234.0954570401184185 ) ) ;
#456 = EDGE_CURVE ( 'NONE', #1201, #3589, #3677, .T. ) ;
#457 = CARTESIAN_POINT ( 'NONE',  ( 167.6782364483887591, 19.22219652012901392, -232.5130877085627503 ) ) ;
#458 = CARTESIAN_POINT ( 'NONE',  ( 166.6895308682636312, 19.22219652012901392, -234.5419082003741948 ) ) ;
#459 = EDGE_CURVE ( 'NONE', #2708, #718, #640, .T. ) ;
#460 = CARTESIAN_POINT ( 'NONE',  ( 172.2679472506501099, 19.22219652012902102, -234.5583082609095413 ) ) ;
#461 = ADVANCED_FACE ( 'NONE', ( #2450 ), #4784, .F. ) ;
#462 = EDGE_CURVE ( 'NONE', #1262, #4013, #519, .T. ) ;
#463 = CARTESIAN_POINT ( 'NONE',  ( 172.5670262489669824, 18.72219652012902813, -235.1924819317905815 ) ) ;
#464 = VECTOR ( 'NONE', #3813, 1000.000000000000000 ) ;
#465 = CARTESIAN_POINT ( 'NONE',  ( 171.4599296352788826, 19.22219652012900681, -234.5075367087568452 ) ) ;
#466 = CARTESIAN_POINT ( 'NONE',  ( 176.7201946574296016, 19.22219652012901392, -247.7614893513999164 ) ) ;
#467 = CARTESIAN_POINT ( 'NONE',  ( 173.0993435519679338, 18.72219652012902458, -252.5066615119855271 ) ) ;
#468 = CARTESIAN_POINT ( 'NONE',  ( 164.2027628647151971, 19.22219652012901392, -254.5347617291685083 ) ) ;
#469 = CARTESIAN_POINT ( 'NONE',  ( 179.5922140934088986, 19.22219652012901392, -244.7720643161359817 ) ) ;
#470 = CARTESIAN_POINT ( 'NONE',  ( 163.1208976252718230, 19.22219652012901747, -238.8664700737681414 ) ) ;
#471 = CARTESIAN_POINT ( 'NONE',  ( 166.7534756644325853, 19.22219652012900681, -253.6975072847683634 ) ) ;
#472 = CARTESIAN_POINT ( 'NONE',  ( 169.4347824459745198, 15.82219652012900646, -228.2655672618047333 ) ) ;
#473 = ORIENTED_EDGE ( 'NONE', *, *, #2923, .T. ) ;
#474 = CARTESIAN_POINT ( 'NONE',  ( 176.5221447902856369, 19.22339652012673739, -251.8594773353294727 ) ) ;
#475 = CARTESIAN_POINT ( 'NONE',  ( 163.0242527817675864, 18.72219652012902102, -239.9393657472229506 ) ) ;
#476 = CARTESIAN_POINT ( 'NONE',  ( 160.0893745497946554, 15.82219652012900646, -230.8497534489569034 ) ) ;
#477 = CARTESIAN_POINT ( 'NONE',  ( 163.0498574945515315, 19.22219652012901747, -249.2547275296966802 ) ) ;
#478 = CARTESIAN_POINT ( 'NONE',  ( 166.0969299428160468, 19.22339652012901112, -232.6199058260066579 ) ) ;
#479 = CARTESIAN_POINT ( 'NONE',  ( 167.2963630383617328, 17.87419911674642847, -256.5067544322240565 ) ) ;
#480 = ORIENTED_EDGE ( 'NONE', *, *, #2892, .T. ) ;
#481 = CARTESIAN_POINT ( 'NONE',  ( 173.2607544876363761, 19.22219652012902458, -253.1077380589825054 ) ) ;
#482 = ORIENTED_EDGE ( 'NONE', *, *, #1833, .T. ) ;
#483 = CARTESIAN_POINT ( 'NONE',  ( 178.9618437490498764, 19.22219652012901037, -253.0339529300433128 ) ) ;
#484 = CARTESIAN_POINT ( 'NONE',  ( 163.8063680443966916, 19.22219652012901392, -234.1730509885859135 ) ) ;
#485 = CARTESIAN_POINT ( 'NONE',  ( 166.9429608083118808, 19.22219652012901392, -234.5149182376932515 ) ) ;
#486 = CARTESIAN_POINT ( 'NONE',  ( 171.9245673549024502, 19.22219652012901747, -234.5152566040923148 ) ) ;
#487 = CARTESIAN_POINT ( 'NONE',  ( 170.9182121743367304, 18.72219652012902102, -235.0192150868705596 ) ) ;
#488 = CARTESIAN_POINT ( 'NONE',  ( 173.1603893016421694, 19.22219652012900326, -235.0192839334293637 ) ) ;
#489 = ADVANCED_FACE ( 'NONE', ( #2404 ), #4683, .F. ) ;
#490 = DIRECTION ( 'NONE',  ( -0.000000000000000000, 1.000000000000000000, -0.000000000000000000 ) ) ;
#491 = CARTESIAN_POINT ( 'NONE',  ( 171.4712672696136337, 18.72219652012903168, -253.2237076355062868 ) ) ;
#492 = CARTESIAN_POINT ( 'NONE',  ( 153.6341495472580618, 18.72219652012901747, -242.8655672618047561 ) ) ;
#493 = CARTESIAN_POINT ( 'NONE',  ( 163.2120760044862493, 19.22219652012901392, -238.7250917100213599 ) ) ;
#494 = CARTESIAN_POINT ( 'NONE',  ( 167.0567051140708088, 19.22219652012901392, -253.7214069032832526 ) ) ;
#495 = CARTESIAN_POINT ( 'NONE',  ( 166.9926949504847187, 16.02219652012900752, -234.9999309071115761 ) ) ;
#496 = ORIENTED_EDGE ( 'NONE', *, *, #777, .F. ) ;
#497 = CARTESIAN_POINT ( 'NONE',  ( 177.5848844568540699, 19.22339652012901468, -250.2070998595966103 ) ) ;
#498 = CARTESIAN_POINT ( 'NONE',  ( 177.1563495173113552, 19.22219652012901747, -241.5021269982916863 ) ) ;
#499 = CARTESIAN_POINT ( 'NONE',  ( 165.3726873449778623, 19.22219652012900681, -252.8101696013963533 ) ) ;
#500 = CARTESIAN_POINT ( 'NONE',  ( 167.3108391537164721, 19.22339652012901468, -232.5067356744269489 ) ) ;
#501 = CARTESIAN_POINT ( 'NONE',  ( 174.9216828094475034, 15.52219652012900930, -238.5229682065263717 ) ) ;
#502 = ORIENTED_EDGE ( 'NONE', *, *, #3426, .F. ) ;
#503 = CARTESIAN_POINT ( 'NONE',  ( 173.3756670291039370, 19.22219652012900326, -252.9710562438295938 ) ) ;
#504 = ORIENTED_EDGE ( 'NONE', *, *, #401, .T. ) ;
#505 = CARTESIAN_POINT ( 'NONE',  ( 174.9216828108943673, 15.52219652012901108, -249.7081663176801669 ) ) ;
#506 = CARTESIAN_POINT ( 'NONE',  ( 173.5961513283048703, 19.22219652012901037, -236.4538383126632084 ) ) ;
#507 = CARTESIAN_POINT ( 'NONE',  ( 171.0945824448864414, 15.52219652012900930, -235.0156672555947353 ) ) ;
#508 = CARTESIAN_POINT ( 'NONE',  ( 171.8768699404159861, 15.52219652012900930, -253.2312036102881621 ) ) ;
#509 = CARTESIAN_POINT ( 'NONE',  ( 173.5033629211499147, 19.22219652012901037, -235.4300467298096748 ) ) ;
#510 = AXIS2_PLACEMENT_3D ( 'NONE', #378, #3776, #55 ) ;
#511 = CARTESIAN_POINT ( 'NONE',  ( 171.0327481357957140, 19.22219652012901392, -234.5168106090245033 ) ) ;
#512 = DIRECTION ( 'NONE',  ( 0.000000000000000000, 0.000000000000000000, 1.000000000000000000 ) ) ;
#513 = CARTESIAN_POINT ( 'NONE',  ( 170.8269766348994096, 18.72219652012902458, -253.2100841535112181 ) ) ;
#514 = VECTOR ( 'NONE', #1461, 1000.000000000000000 ) ;
#515 = CARTESIAN_POINT ( 'NONE',  ( 153.6314768307524332, 17.79453089975304181, -242.8981938111787997 ) ) ;
#516 = ADVANCED_FACE ( 'NONE', ( #2376 ), #4309, .F. ) ;
#517 = CARTESIAN_POINT ( 'NONE',  ( 162.6221858333200885, 19.22219652012901037, -239.6394535942353343 ) ) ;
#518 = CARTESIAN_POINT ( 'NONE',  ( 178.7801903421543557, 18.52219652012901108, -257.3813810746526656 ) ) ;
#519 = LINE ( 'NONE', #907, #3062 ) ;
#520 = ORIENTED_EDGE ( 'NONE', *, *, #1902, .T. ) ;
#521 = CARTESIAN_POINT ( 'NONE',  ( 174.1670670053557899, 19.22339652012901468, -254.9744170875972031 ) ) ;
#522 = CARTESIAN_POINT ( 'NONE',  ( 176.1714003287831645, 19.22219652012901037, -239.5198694000261810 ) ) ;
#523 = CARTESIAN_POINT ( 'NONE',  ( 167.7042682669085423, 19.22219652012900326, -253.7170941992987707 ) ) ;
#524 = EDGE_CURVE ( 'NONE', #420, #2907, #1846, .T. ) ;
#525 = DIRECTION ( 'NONE',  ( -1.000000000000000000, 0.000000000000000000, 0.000000000000000000 ) ) ;
#526 = FACE_OUTER_BOUND ( 'NONE', #3953, .T. ) ;
#527 = CARTESIAN_POINT ( 'NONE',  ( 158.2692443224898113, 17.22219652012900681, -249.0202678002288224 ) ) ;
#528 = VERTEX_POINT ( 'NONE', #2209 ) ;
#529 = CIRCLE ( 'NONE', #1145, 0.5999999999999894307 ) ;
#530 = CARTESIAN_POINT ( 'NONE',  ( 171.0592345559208525, 19.22219652012901037, -253.7148576955831629 ) ) ;
#531 = CARTESIAN_POINT ( 'NONE',  ( 161.7853571135435402, 16.90483843427439936, -243.7879187044609637 ) ) ;
#532 = FACE_OUTER_BOUND ( 'NONE', #3929, .T. ) ;
#533 = CARTESIAN_POINT ( 'NONE',  ( 171.0602818045286995, 17.82338468744868010, -256.5230716499483492 ) ) ;
#534 = DIRECTION ( 'NONE',  ( 0.000000000000000000, 0.000000000000000000, 1.000000000000000000 ) ) ;
#535 = DIRECTION ( 'NONE',  ( 0.000000000000000000, -0.7071067811865376918, -0.7071067811865573427 ) ) ;
#536 = CARTESIAN_POINT ( 'NONE',  ( 173.3061903227477956, 19.22219652012901747, -235.1752714923788687 ) ) ;
#537 = CARTESIAN_POINT ( 'NONE',  ( 177.2440647259351181, 18.87976823388922298, -244.1155672660211451 ) ) ;
#538 = CARTESIAN_POINT ( 'NONE',  ( 171.2951468876389640, 18.72219652012902102, -253.2199667920365016 ) ) ;
#539 = COLOUR_RGB ( '',0.7921568627450980005, 0.8196078431372548767, 0.9333333333333333481 ) ;
#540 = CARTESIAN_POINT ( 'NONE',  ( 153.8157101590377636, 18.88996099823414454, -242.6978027836996148 ) ) ;
#541 = CARTESIAN_POINT ( 'NONE',  ( 163.2215514090708268, 19.22219652012900681, -238.7103886250621372 ) ) ;
#542 = CARTESIAN_POINT ( 'NONE',  ( 172.1329117671976121, 19.22219652012901037, -253.6954386746062085 ) ) ;
#543 = CARTESIAN_POINT ( 'NONE',  ( 165.9623595146088917, 16.02219652012900752, -238.3229177375647510 ) ) ;
#544 = ORIENTED_EDGE ( 'NONE', *, *, #2103, .T. ) ;
#545 = FACE_OUTER_BOUND ( 'NONE', #113, .T. ) ;
#546 = CARTESIAN_POINT ( 'NONE',  ( 176.2905093866714878, 19.22219652012901037, -239.7086471391178861 ) ) ;
#547 = CARTESIAN_POINT ( 'NONE',  ( 168.0215749735146460, 19.22219652012900681, -253.7106080040261133 ) ) ;
#548 = CARTESIAN_POINT ( 'NONE',  ( 177.5846124579828995, 19.22219652012900681, -244.2794318795841093 ) ) ;
#549 = CARTESIAN_POINT ( 'NONE',  ( 160.4150355370182979, 19.22339652012858124, -239.4698882147928032 ) ) ;
#550 = CARTESIAN_POINT ( 'NONE',  ( 179.3172210991696431, 18.09948364254660902, -252.0951882748223625 ) ) ;
#551 = ORIENTED_EDGE ( 'NONE', *, *, #1595, .F. ) ;
#552 = ADVANCED_FACE ( 'NONE', ( #3969 ), #1820, .T. ) ;
#553 = ORIENTED_EDGE ( 'NONE', *, *, #278, .T. ) ;
#554 = DIRECTION ( 'NONE',  ( -1.593146850725892015E-14, 0.000000000000000000, -1.000000000000000000 ) ) ;
#555 = CARTESIAN_POINT ( 'NONE',  ( 180.1628294075395615, 18.22418354685079933, -244.1155672844576543 ) ) ;
#556 = DIRECTION ( 'NONE',  ( 0.000000000000000000, -1.000000000000000000, 0.000000000000000000 ) ) ;
#557 = AXIS2_PLACEMENT_3D ( 'NONE', #353, #690, #2904 ) ;
#558 = CARTESIAN_POINT ( 'NONE',  ( 166.1966833867705589, 19.22219652012901037, -234.6846256234787518 ) ) ;
#559 = CARTESIAN_POINT ( 'NONE',  ( 163.5314824459745182, 18.12219652012900539, -244.1155672618047277 ) ) ;
#560 = CARTESIAN_POINT ( 'NONE',  ( 172.6558977196900742, 19.22219652012899971, -234.6779516315876890 ) ) ;
#561 = CARTESIAN_POINT ( 'NONE',  ( 162.3083392913741534, 15.52219652012900930, -247.2057740753476196 ) ) ;
#562 = CARTESIAN_POINT ( 'NONE',  ( 177.5800693760095612, 19.22219652012900681, -243.5606546557375509 ) ) ;
#563 = CARTESIAN_POINT ( 'NONE',  ( 165.1285898983169318, 18.72219652012902458, -236.6740216793286322 ) ) ;
#564 = CARTESIAN_POINT ( 'NONE',  ( 162.8003148322825098, 19.22219652012901392, -239.3611167247747460 ) ) ;
#565 = CARTESIAN_POINT ( 'NONE',  ( 173.3744660634405648, 19.22219652012901037, -252.9722728335366355 ) ) ;
#566 = CARTESIAN_POINT ( 'NONE',  ( 159.2540091358232246, 17.22219652012900681, -239.2108667234255108 ) ) ;
#567 = CARTESIAN_POINT ( 'NONE',  ( 172.3647296669316518, 19.22339652012844269, -255.6842838943587140 ) ) ;
#568 = CARTESIAN_POINT ( 'NONE',  ( 168.3388802433106264, 19.22219652012901037, -253.7042251507442074 ) ) ;
#569 = CARTESIAN_POINT ( 'NONE',  ( 177.5862613359927593, 19.22219652012901392, -244.1375039037138208 ) ) ;
#570 = CARTESIAN_POINT ( 'NONE',  ( 163.3147701270351035, 19.22339652012901468, -234.8835903253350068 ) ) ;
#571 = CARTESIAN_POINT ( 'NONE',  ( 163.5462036240372470, 19.22219652012901392, -250.0256604239818898 ) ) ;
#572 = ORIENTED_EDGE ( 'NONE', *, *, #1392, .F. ) ;
#573 = ORIENTED_EDGE ( 'NONE', *, *, #162, .F. ) ;
#574 = FACE_OUTER_BOUND ( 'NONE', #2700, .T. ) ;
#575 = CARTESIAN_POINT ( 'NONE',  ( 172.6947052782872163, 18.72219652012903168, -235.2772952283004031 ) ) ;
#576 = EDGE_CURVE ( 'NONE', #3698, #4101, #4550, .T. ) ;
#577 = ORIENTED_EDGE ( 'NONE', *, *, #2049, .F. ) ;
#578 = DIRECTION ( 'NONE',  ( -0.000000000000000000, -1.000000000000000000, -0.000000000000000000 ) ) ;
#579 = CARTESIAN_POINT ( 'NONE',  ( 164.2032645144768708, 19.22339652012901468, -254.5342834576613313 ) ) ;
#580 = DIRECTION ( 'NONE',  ( 0.000000000000000000, 0.000000000000000000, 1.000000000000000000 ) ) ;
#581 = B_SPLINE_SURFACE_WITH_KNOTS ( 'NONE', 1, 3, ( 
 ( #1459, #4718, #3689, #1734, #3588, #2191, #3224, #1805, #2958, #283, #1087, #3272, #4081, #721, #4792, #4371, #2119, #645, #234, #2168, #1438, #620, #1780, #3321, #3613, #1364, #4346, #986, #1012, #2512, #4421, #4009, #1063, #3663, #4742, #2485, #3982, #258, #1757, #2143, #3639, #2565, #3248, #4056, #4767, #1414, #4398, #1039, #2536, #4032, #3779, #58, #4520, #404, #380, #1182, #1554, #1109 ),
 ( #1208, #1878, #3344, #4544, #2306, #1529, #33, #4104, #2262, #3805, #786, #2681, #3412, #765, #450, #743, #2611, #2240, #4569, #1485, #4173, #3026, #1580, #3735, #3370, #1156, #3390, #424, #13, #2984, #1924, #2706, #1506, #3051, #2658, #2634, #811, #1131, #1948, #3004, #4471, #4494, #3443, #4152, #4128, #82, #3758, #1900, #2283, #3079, #4197, #3711, #2217, #359, #1855, #4839, #4687, #3492 ) ),
 .UNSPECIFIED., .F., .F., .F.,
 ( 2, 2 ),
 ( 4, 2, 2, 2, 2, 2, 2, 2, 2, 2, 2, 2, 2, 2, 2, 2, 2, 2, 2, 2, 2, 2, 2, 2, 2, 2, 2, 2, 4 ),
 ( 0.000000000000000000, 1.000000000000000000 ),
 ( 0.000000000000000000, 0.03125000000000000000, 0.06250000000000000000, 0.09375000000000000000, 0.1250000000000000000, 0.1875000000000000000, 0.2187500000000000000, 0.2500000000000000000, 0.2656250000000000000, 0.2734375000000000000, 0.2812500000000000000, 0.2890625000000000000, 0.2968750000000000000, 0.3125000000000000000, 0.3281250000000000000, 0.3437500000000000000, 0.3750000000000000000, 0.5000000000000000000, 0.5625000000000000000, 0.5781250000000000000, 0.5937500000000000000, 0.6093750000000000000, 0.6250000000000000000, 0.6562500000000000000, 0.6875000000000000000, 0.7500000000000000000, 0.8125000000000000000, 0.8750000000000000000, 1.000000000000000000 ),
 .UNSPECIFIED. ) ;
#582 = DIRECTION ( 'NONE',  ( 0.000000000000000000, 0.000000000000000000, 1.000000000000000000 ) ) ;
#583 = CARTESIAN_POINT ( 'NONE',  ( 171.0244175077048112, 18.72219652012902458, -253.2140558370691963 ) ) ;
#584 = CARTESIAN_POINT ( 'NONE',  ( 168.2019022629236531, 18.72219652012902813, -235.0242550945658309 ) ) ;
#585 = CARTESIAN_POINT ( 'NONE',  ( 173.4142226816010464, 18.72219652012902458, -236.1803382718315447 ) ) ;
#586 = CARTESIAN_POINT ( 'NONE',  ( 172.4164937489749434, 19.22219652012901392, -253.6379787076501486 ) ) ;
#587 = CARTESIAN_POINT ( 'NONE',  ( 161.7441784650686998, 18.88366933350335231, -245.5270400751790589 ) ) ;
#588 = CARTESIAN_POINT ( 'NONE',  ( 171.0688609738670038, 19.22339652012901468, -255.7147745950805700 ) ) ;
#589 = CARTESIAN_POINT ( 'NONE',  ( 166.3756338912944841, 19.22219652012902102, -253.6155554883025047 ) ) ;
#590 = DIRECTION ( 'NONE',  ( 0.000000000000000000, 0.000000000000000000, 1.000000000000000000 ) ) ;
#591 = CARTESIAN_POINT ( 'NONE',  ( 159.7291749532860763, 16.82099652012901103, -237.8764227643993650 ) ) ;
#592 = CARTESIAN_POINT ( 'NONE',  ( 162.4495526610374156, 19.22219652012901747, -248.3092393553538102 ) ) ;
#593 = ORIENTED_EDGE ( 'NONE', *, *, #962, .T. ) ;
#594 = ORIENTED_EDGE ( 'NONE', *, *, #3869, .F. ) ;
#595 = CARTESIAN_POINT ( 'NONE',  ( 161.8156495380165154, 17.12311096611482597, -244.8841958334518836 ) ) ;
#596 = DIRECTION ( 'NONE',  ( 0.000000000000000000, 1.000000000000000000, 0.000000000000000000 ) ) ;
#597 = CARTESIAN_POINT ( 'NONE',  ( 173.0010593720886050, 18.72219652012901037, -235.5927289465754768 ) ) ;
#598 = VERTEX_POINT ( 'NONE', #1352 ) ;
#599 = CARTESIAN_POINT ( 'NONE',  ( 175.1641045380249295, 17.76276673551403817, -232.9949172561197770 ) ) ;
#600 = EDGE_LOOP ( 'NONE', ( #4402, #2514, #2532, #4029 ) ) ;
#601 = CARTESIAN_POINT ( 'NONE',  ( 166.4285898374558883, 16.82099652012816193, -257.0780941625104674 ) ) ;
#602 = LINE ( 'NONE', #3544, #2332 ) ;
#603 = DIRECTION ( 'NONE',  ( 0.000000000000000000, 1.000000000000000000, 0.000000000000000000 ) ) ;
#604 = CARTESIAN_POINT ( 'NONE',  ( 177.3949384101387068, 19.22219652012901037, -245.8938198005855611 ) ) ;
#605 = EDGE_CURVE ( 'NONE', #2907, #2284, #4755, .T. ) ;
#606 = CARTESIAN_POINT ( 'NONE',  ( 165.9646570117511146, 18.72219652012901747, -235.4749897388149122 ) ) ;
#607 = CARTESIAN_POINT ( 'NONE',  ( 175.8557131412114245, 18.72219652012902102, -239.9559974386531565 ) ) ;
#608 = CARTESIAN_POINT ( 'NONE',  ( 171.9563316042195993, 19.22219652012901392, -253.7138869046684988 ) ) ;
#609 = CARTESIAN_POINT ( 'NONE',  ( 177.0866306574869782, 18.72219652012902813, -244.1295017771745393 ) ) ;
#610 = CARTESIAN_POINT ( 'NONE',  ( 176.0067009834283738, 16.82099652012901103, -255.1039759757027241 ) ) ;
#611 = CARTESIAN_POINT ( 'NONE',  ( 163.4697126372683726, 18.72219652012902813, -248.9832101400157285 ) ) ;
#612 = CARTESIAN_POINT ( 'NONE',  ( 156.6222885435340686, 17.22219652012900681, -249.0202678002127357 ) ) ;
#613 = CARTESIAN_POINT ( 'NONE',  ( 167.3723138360863629, 19.22219652012901037, -234.5071824687576338 ) ) ;
#614 = CARTESIAN_POINT ( 'NONE',  ( 163.7327933591191993, 19.22219652012900681, -250.3164133411323178 ) ) ;
#615 = ORIENTED_EDGE ( 'NONE', *, *, #957, .T. ) ;
#616 = ORIENTED_EDGE ( 'NONE', *, *, #4292, .T. ) ;
#617 = CARTESIAN_POINT ( 'NONE',  ( 161.7934315024931209, 19.22219652012901392, -246.9463884318200826 ) ) ;
#618 = CIRCLE ( 'NONE', #4620, 1.000000000000000888 ) ;
#619 = CARTESIAN_POINT ( 'NONE',  ( 152.5314824459744898, 19.22219652012901037, -245.8655672618047277 ) ) ;
#620 = CARTESIAN_POINT ( 'NONE',  ( 175.0515068530368410, 19.22339652012901468, -234.1602956286362769 ) ) ;
#621 = ORIENTED_EDGE ( 'NONE', *, *, #3069, .F. ) ;
#622 = CARTESIAN_POINT ( 'NONE',  ( 173.1760809213880918, 16.22219652012901037, -235.8325164539025423 ) ) ;
#623 = ORIENTED_EDGE ( 'NONE', *, *, #1749, .F. ) ;
#624 = CARTESIAN_POINT ( 'NONE',  ( 162.5102395404427114, 19.22339652012901468, -252.1129530888408397 ) ) ;
#625 = CARTESIAN_POINT ( 'NONE',  ( 176.4429393212092236, 17.22219652012900681, -234.1350328988201568 ) ) ;
#626 = CARTESIAN_POINT ( 'NONE',  ( 177.3454068196060120, 18.98110406928506322, -244.1155672795047167 ) ) ;
#627 = ORIENTED_EDGE ( 'NONE', *, *, #2982, .F. ) ;
#628 = CARTESIAN_POINT ( 'NONE',  ( 161.5231629680321248, 19.22219652012901037, -242.1411954359104186 ) ) ;
#629 = CARTESIAN_POINT ( 'NONE',  ( 173.1760809213880918, 15.52219652012900930, -235.8325164539025423 ) ) ;
#630 = EDGE_CURVE ( 'NONE', #4341, #3539, #1814, .T. ) ;
#631 = CARTESIAN_POINT ( 'NONE',  ( 176.9865554648644093, 18.72219652012901037, -242.8450954369011754 ) ) ;
#632 = CARTESIAN_POINT ( 'NONE',  ( 171.7621904340112167, 19.22219652012901037, -253.7231166840969649 ) ) ;
#633 = CARTESIAN_POINT ( 'NONE',  ( 177.0858839415851378, 18.72219652012901747, -244.0638962926886109 ) ) ;
#634 = CARTESIAN_POINT ( 'NONE',  ( 175.5030543442288433, 16.82099652012901103, -255.6627796894993025 ) ) ;
#635 = CARTESIAN_POINT ( 'NONE',  ( 165.1981239027443564, 18.72219652012902102, -251.6632440161037323 ) ) ;
#636 = CARTESIAN_POINT ( 'NONE',  ( 170.5297340389452359, 19.22219652012900326, -253.7042060284581737 ) ) ;
#637 = CARTESIAN_POINT ( 'NONE',  ( 164.9884628259353576, 16.82099652012901103, -231.5173153043713796 ) ) ;
#638 = CARTESIAN_POINT ( 'NONE',  ( 163.0463086361148157, 19.22219652012901392, -249.2492471012612896 ) ) ;
#639 = VERTEX_POINT ( 'NONE', #3998 ) ;
#640 = CIRCLE ( 'NONE', #1273, 0.5000000000000004441 ) ;
#641 = VERTEX_POINT ( 'NONE', #999 ) ;
#642 = CARTESIAN_POINT ( 'NONE',  ( 159.7889479048554335, 17.22219652012842062, -250.0125593401442643 ) ) ;
#643 = CARTESIAN_POINT ( 'NONE',  ( 161.8421738975214339, 17.35310958828996064, -245.1143000171835808 ) ) ;
#644 = CARTESIAN_POINT ( 'NONE',  ( 173.5961513283048703, 15.52219652012900930, -236.4538383126632084 ) ) ;
#645 = CARTESIAN_POINT ( 'NONE',  ( 174.9029510886714718, 19.22339652012901468, -233.9689729340547899 ) ) ;
#646 = CARTESIAN_POINT ( 'NONE',  ( 177.0821728803470023, 18.72219652012902102, -244.4865153805565967 ) ) ;
#647 = FACE_OUTER_BOUND ( 'NONE', #4423, .T. ) ;
#648 = DIRECTION ( 'NONE',  ( 0.000000000000000000, 0.000000000000000000, 1.000000000000000000 ) ) ;
#649 = ORIENTED_EDGE ( 'NONE', *, *, #3064, .F. ) ;
#650 = CARTESIAN_POINT ( 'NONE',  ( 164.0395702584866910, 19.22339652012901468, -254.3524050236744642 ) ) ;
#651 = CARTESIAN_POINT ( 'NONE',  ( 167.7749824459745298, 18.72219652012903168, -253.2154672618047186 ) ) ;
#652 = PLANE ( 'NONE',  #1560 ) ;
#653 = EDGE_LOOP ( 'NONE', ( #14, #482, #3609 ) ) ;
#654 = CARTESIAN_POINT ( 'NONE',  ( 167.8845969927607769, 18.72219652012902458, -235.0178722412765069 ) ) ;
#655 = CARTESIAN_POINT ( 'NONE',  ( 175.0135975882641333, 19.22219652012901392, -237.7227689267045889 ) ) ;
#656 = CARTESIAN_POINT ( 'NONE',  ( 175.7440400680988262, 18.72219652012902458, -239.7794986190363318 ) ) ;
#657 = CARTESIAN_POINT ( 'NONE',  ( 175.5081692364332184, 19.22219652012901037, -249.7379520619920186 ) ) ;
#658 = CARTESIAN_POINT ( 'NONE',  ( 177.0868034372133479, 18.72219652012901037, -244.1502128303311281 ) ) ;
#659 = CARTESIAN_POINT ( 'NONE',  ( 179.5739105749447617, 16.82099652012901103, -249.6133062691502573 ) ) ;
#660 = CARTESIAN_POINT ( 'NONE',  ( 162.4249357632489250, 18.72219652012902102, -247.1727318451849555 ) ) ;
#661 = CARTESIAN_POINT ( 'NONE',  ( 178.4660299161545254, 17.22219652012810087, -250.9720413187068857 ) ) ;
#662 = ADVANCED_FACE ( 'NONE', ( #270 ), #2068, .T. ) ;
#663 = AXIS2_PLACEMENT_3D ( 'NONE', #4635, #903, #3896 ) ;
#664 = CARTESIAN_POINT ( 'NONE',  ( 167.4511365027998124, 19.22219652012901037, -234.5084689400286777 ) ) ;
#665 = CARTESIAN_POINT ( 'NONE',  ( 164.4504330200502977, 19.22219652012901392, -251.4317091782857858 ) ) ;
#666 = ORIENTED_EDGE ( 'NONE', *, *, #1334, .F. ) ;
#667 = EDGE_CURVE ( 'NONE', #4431, #332, #1032, .T. ) ;
#668 = EDGE_CURVE ( 'NONE', #3589, #3826, #3920, .T. ) ;
#669 = CARTESIAN_POINT ( 'NONE',  ( 172.6820997986632165, 15.52219652012900930, -235.2681737837698108 ) ) ;
#670 = AXIS2_PLACEMENT_3D ( 'NONE', #2682, #3128, #2414 ) ;
#671 = CARTESIAN_POINT ( 'NONE',  ( 169.4347824459745198, 17.22219652012900681, -244.1155672618047277 ) ) ;
#672 = EDGE_CURVE ( 'NONE', #153, #1338, #124, .T. ) ;
#673 = CARTESIAN_POINT ( 'NONE',  ( 156.6222885435453236, 19.22219652012901037, -247.8655672618335188 ) ) ;
#674 = CARTESIAN_POINT ( 'NONE',  ( 177.0844400876105453, 18.72219652012902102, -244.2913644137349820 ) ) ;
#675 = CARTESIAN_POINT ( 'NONE',  ( 179.7759894712164908, 17.22219652012930879, -239.5436393448784997 ) ) ;
#676 = CARTESIAN_POINT ( 'NONE',  ( 152.5314824459744898, 19.22219652012901037, -242.3655672618047845 ) ) ;
#677 = ORIENTED_EDGE ( 'NONE', *, *, #2200, .F. ) ;
#678 = CARTESIAN_POINT ( 'NONE',  ( 161.1750881634438599, 19.22339652012901468, -250.0382156938205185 ) ) ;
#679 = LINE ( 'NONE', #364, #2970 ) ;
#680 = DIRECTION ( 'NONE',  ( 1.421000625205441963E-15, -0.5000000000000009992, -0.8660254037844380415 ) ) ;
#681 = VERTEX_POINT ( 'NONE', #3315 ) ;
#682 = AXIS2_PLACEMENT_3D ( 'NONE', #1036, #4030, #1083 ) ;
#683 = CARTESIAN_POINT ( 'NONE',  ( 166.6212541682766641, 18.72219652012903524, -235.0659361709852817 ) ) ;
#684 = CARTESIAN_POINT ( 'NONE',  ( 175.9636987219567743, 19.22219652012901392, -239.1985921635612726 ) ) ;
#685 = CARTESIAN_POINT ( 'NONE',  ( 173.9997810591347331, 18.72219652012901747, -237.0717614372453568 ) ) ;
#686 = CARTESIAN_POINT ( 'NONE',  ( 175.6224005944994246, 19.22219652012900326, -249.5604091443250638 ) ) ;
#687 = CARTESIAN_POINT ( 'NONE',  ( 177.0801031153884537, 18.72219652012902458, -243.5664631185705389 ) ) ;
#688 = CARTESIAN_POINT ( 'NONE',  ( 163.9095073828575835, 17.82427513860765345, -255.3787391856768352 ) ) ;
#689 = CARTESIAN_POINT ( 'NONE',  ( 165.7071220126055380, 18.72219652012902102, -252.4180725208871650 ) ) ;
#690 = DIRECTION ( 'NONE',  ( -0.000000000000000000, 1.000000000000000000, -0.000000000000000000 ) ) ;
#691 = CARTESIAN_POINT ( 'NONE',  ( 165.4648565697840468, 16.82099652012901103, -231.3513429668569756 ) ) ;
#692 = CARTESIAN_POINT ( 'NONE',  ( 163.9936382806221786, 19.22219652012900681, -250.7228306153684798 ) ) ;
#693 = ORIENTED_EDGE ( 'NONE', *, *, #311, .F. ) ;
#694 = CARTESIAN_POINT ( 'NONE',  ( 160.2065796882386621, 17.22219652012738678, -250.6682366684835870 ) ) ;
#695 = DIRECTION ( 'NONE',  ( -0.000000000000000000, -1.000000000000000000, -0.000000000000000000 ) ) ;
#696 = AXIS2_PLACEMENT_3D ( 'NONE', #2202, #2125, #4846 ) ;
#697 = DIRECTION ( 'NONE',  ( 0.000000000000000000, 0.000000000000000000, 1.000000000000000000 ) ) ;
#698 = PRODUCT_RELATED_PRODUCT_CATEGORY ( 'part', '', ( #1009 ) ) ;
#699 = VERTEX_POINT ( 'NONE', #2879 ) ;
#700 = DIRECTION ( 'NONE',  ( 0.000000000000000000, 0.000000000000000000, -1.000000000000000000 ) ) ;
#701 = CARTESIAN_POINT ( 'NONE',  ( 175.8529696704464982, 19.22219652012900681, -249.2033122706563404 ) ) ;
#702 = ORIENTED_EDGE ( 'NONE', *, *, #3281, .T. ) ;
#703 = CARTESIAN_POINT ( 'NONE',  ( 159.9439188359858122, 16.82099652012858115, -250.6893788496699642 ) ) ;
#704 = AXIS2_PLACEMENT_3D ( 'NONE', #2352, #4613, #1253 ) ;
#705 = CARTESIAN_POINT ( 'NONE',  ( 167.7749824459745298, 15.52219652012900930, -253.2154672618047186 ) ) ;
#706 = CARTESIAN_POINT ( 'NONE',  ( 159.6850958819996151, 19.22219652012901037, -236.1911155843644110 ) ) ;
#707 = ORIENTED_EDGE ( 'NONE', *, *, #2799, .F. ) ;
#708 = CARTESIAN_POINT ( 'NONE',  ( 161.5732802490139761, 19.22219652012899971, -241.9544555690105199 ) ) ;
#709 = CARTESIAN_POINT ( 'NONE',  ( 175.4316498757311820, 19.22219652012901037, -238.3740854148191488 ) ) ;
#710 = CARTESIAN_POINT ( 'NONE',  ( 174.6527818254239719, 19.22219652012902102, -237.1609516646248608 ) ) ;
#711 = CARTESIAN_POINT ( 'NONE',  ( 175.9394422499378550, 19.22219652012901037, -249.0699115994975159 ) ) ;
#712 = CARTESIAN_POINT ( 'NONE',  ( 177.0864238575099989, 18.72219652012902458, -244.1105293886584491 ) ) ;
#713 = VECTOR ( 'NONE', #1963, 1000.000000000000000 ) ;
#714 = CARTESIAN_POINT ( 'NONE',  ( 162.1061054095245595, 18.72219652012902458, -246.3161961040669894 ) ) ;
#715 = CARTESIAN_POINT ( 'NONE',  ( 179.2833542091671859, 17.22219652012697111, -249.6608664943073848 ) ) ;
#716 = CARTESIAN_POINT ( 'NONE',  ( 165.1466614797163572, 19.22219652012900681, -235.7443914239807441 ) ) ;
#717 = CARTESIAN_POINT ( 'NONE',  ( 165.3114240640987305, 19.22219652012901037, -252.7248047392462524 ) ) ;
#718 = VERTEX_POINT ( 'NONE', #4811 ) ;
#719 = DIRECTION ( 'NONE',  ( 0.000000000000000000, 1.000000000000000000, 0.000000000000000000 ) ) ;
#720 = CARTESIAN_POINT ( 'NONE',  ( 159.3751923590590707, 17.55663490732397847, -239.4039548162998585 ) ) ;
#721 = CARTESIAN_POINT ( 'NONE',  ( 174.4904671580874265, 19.22339652012901468, -233.5211211411529746 ) ) ;
#722 = ORIENTED_EDGE ( 'NONE', *, *, #2494, .T. ) ;
#723 = CYLINDRICAL_SURFACE ( 'NONE', #3879, 1.500000000000001332 ) ;
#724 = CARTESIAN_POINT ( 'NONE',  ( 177.5862175758562671, 19.22219652012901392, -244.3066498721755408 ) ) ;
#725 = DIRECTION ( 'NONE',  ( -0.000000000000000000, -1.000000000000000000, 0.000000000000000000 ) ) ;
#726 = CARTESIAN_POINT ( 'NONE',  ( 179.5866064871075594, 19.22219652019346725, -244.1155672617986454 ) ) ;
#727 = EDGE_CURVE ( 'NONE', #1752, #2737, #2435, .T. ) ;
#728 = CARTESIAN_POINT ( 'NONE',  ( 162.3083392913730734, 15.52219652012900575, -241.0253604482554977 ) ) ;
#729 = CARTESIAN_POINT ( 'NONE',  ( 161.7735667575485365, 19.22219652012901392, -241.3356529501151329 ) ) ;
#730 = CARTESIAN_POINT ( 'NONE',  ( 175.3506346638607454, 19.22219652012900681, -238.2479612047265221 ) ) ;
#731 = CARTESIAN_POINT ( 'NONE',  ( 177.5866609370075651, 19.22219652012899616, -243.9601899821185214 ) ) ;
#732 = CARTESIAN_POINT ( 'NONE',  ( 176.2424072272672220, 19.22219652012901392, -248.5994054222081786 ) ) ;
#733 = CARTESIAN_POINT ( 'NONE',  ( 173.0603288209900938, 18.72219652012901747, -252.5600550781780385 ) ) ;
#734 = CARTESIAN_POINT ( 'NONE',  ( 166.7664921911435840, 18.72219652012903168, -253.1949742978865174 ) ) ;
#735 = B_SPLINE_CURVE_WITH_KNOTS ( 'NONE', 3,
 ( #2812, #3561, #2439, #2025, #3521, #3932 ),
 .UNSPECIFIED., .F., .F.,
 ( 4, 1, 1, 4 ),
 ( 0.000000000000000000, 0.1793389771629854967, 0.2257350516910194005, 0.3879851114207737428 ),
 .UNSPECIFIED. ) ;
#736 = CARTESIAN_POINT ( 'NONE',  ( 169.4347824459745198, 19.22219652012901037, -244.1155672618047277 ) ) ;
#737 = CARTESIAN_POINT ( 'NONE',  ( 164.5114646137840566, 19.22219652012900681, -236.7052838222987816 ) ) ;
#738 = CARTESIAN_POINT ( 'NONE',  ( 164.2813427829611328, 19.22219652012901037, -251.1699097258324684 ) ) ;
#739 = CARTESIAN_POINT ( 'NONE',  ( 176.4429285446485949, 17.22219652012900681, -254.0961091918929071 ) ) ;
#740 = ORIENTED_EDGE ( 'NONE', *, *, #1986, .T. ) ;
#741 = CARTESIAN_POINT ( 'NONE',  ( 161.8807870808950042, 18.12219652012900539, -242.8655672618047561 ) ) ;
#742 = CYLINDRICAL_SURFACE ( 'NONE', #4675, 2.844281581315999397 ) ;
#743 = CARTESIAN_POINT ( 'NONE',  ( 175.8122516136392051, 16.82099652012901103, -232.8954977895004106 ) ) ;
#744 = ORIENTED_EDGE ( 'NONE', *, *, #3635, .F. ) ;
#745 = CARTESIAN_POINT ( 'NONE',  ( 175.9697945838256885, 19.22219652012900681, -249.0231517246502619 ) ) ;
#746 = AXIS2_PLACEMENT_3D ( 'NONE', #622, #4841, #2863 ) ;
#747 = CARTESIAN_POINT ( 'NONE',  ( 167.5524940639830618, 17.83198438791507101, -231.7075421804498205 ) ) ;
#748 = CARTESIAN_POINT ( 'NONE',  ( 173.5961513283048703, 16.22219652012901037, -236.4538383126632084 ) ) ;
#749 = CARTESIAN_POINT ( 'NONE',  ( 171.0601266922769810, 17.79826191954236592, -231.6935582309123731 ) ) ;
#750 = CARTESIAN_POINT ( 'NONE',  ( 162.4024307136008645, 19.22219652012902102, -240.0019638170165877 ) ) ;
#751 = CARTESIAN_POINT ( 'NONE',  ( 175.0355570132284697, 19.22219652012901037, -237.7569916627321902 ) ) ;
#752 = CARTESIAN_POINT ( 'NONE',  ( 176.9745047737191896, 19.22219652012900681, -241.0275084202762059 ) ) ;
#753 = EDGE_CURVE ( 'NONE', #4013, #1127, #1576, .T. ) ;
#754 = CARTESIAN_POINT ( 'NONE',  ( 174.6362668956078323, 19.22219652012901392, -251.0954379649795101 ) ) ;
#755 = AXIS2_PLACEMENT_3D ( 'NONE', #1708, #4300, #919 ) ;
#756 = CARTESIAN_POINT ( 'NONE',  ( 175.0833160687676013, 18.72219652012902102, -249.4742103535212436 ) ) ;
#757 = CARTESIAN_POINT ( 'NONE',  ( 166.6688541244427029, 18.72219652012903168, -253.1763096823880232 ) ) ;
#758 = CARTESIAN_POINT ( 'NONE',  ( 167.7749824459745298, 18.72219652012903168, -253.2154672618047186 ) ) ;
#759 = CARTESIAN_POINT ( 'NONE',  ( 165.0482807275495531, 19.22219652012901747, -235.8897802429974604 ) ) ;
#760 = CARTESIAN_POINT ( 'NONE',  ( 165.4931554223916521, 19.22219652012901037, -252.9698513621250129 ) ) ;
#761 = DIRECTION ( 'NONE',  ( -0.000000000000000000, 1.000000000000000000, -0.000000000000000000 ) ) ;
#762 = ORIENTED_EDGE ( 'NONE', *, *, #3423, .F. ) ;
#763 = CARTESIAN_POINT ( 'NONE',  ( 169.4347824459745198, 17.22219652012900681, -244.1155672618047277 ) ) ;
#764 = CARTESIAN_POINT ( 'NONE',  ( 163.1537923570482462, 19.22219652012900681, -249.4156396069218715 ) ) ;
#765 = CARTESIAN_POINT ( 'NONE',  ( 175.4335459174570815, 16.82099652012901103, -232.5022542215799604 ) ) ;
#766 = VERTEX_POINT ( 'NONE', #4786 ) ;
#767 = CARTESIAN_POINT ( 'NONE',  ( 173.1870132611293229, 19.22219652012900681, -253.1856420979677864 ) ) ;
#768 = CARTESIAN_POINT ( 'NONE',  ( 160.0124133878935595, 16.82099652012879432, -250.7945430921462844 ) ) ;
#769 = CARTESIAN_POINT ( 'NONE',  ( 175.4008599034671931, 19.22219652012901392, -234.6549999260314223 ) ) ;
#770 = CARTESIAN_POINT ( 'NONE',  ( 171.0912023448081243, 19.05552979318680684, -234.6823339825369317 ) ) ;
#771 = CARTESIAN_POINT ( 'NONE',  ( 164.5008394645515466, 19.22219652012900326, -236.7211930030533438 ) ) ;
#772 = CARTESIAN_POINT ( 'NONE',  ( 173.5085233006873295, 19.22219652012901037, -235.4371914427400441 ) ) ;
#773 = CARTESIAN_POINT ( 'NONE',  ( 177.0551977683612677, 19.22219652012900326, -241.2294129805372336 ) ) ;
#774 = CARTESIAN_POINT ( 'NONE',  ( 175.1641056620372296, 17.76281557241662057, -255.2362480270282106 ) ) ;
#775 = CARTESIAN_POINT ( 'NONE',  ( 176.1952356642403004, 18.72219652012902813, -247.6893951324390741 ) ) ;
#776 = CARTESIAN_POINT ( 'NONE',  ( 166.1706876356886937, 18.72219652012902813, -252.9505811695931925 ) ) ;
#777 = EDGE_CURVE ( 'NONE', #3712, #1399, #4571, .T. ) ;
#778 = CARTESIAN_POINT ( 'NONE',  ( 173.6154458344769296, 19.22219652012901392, -255.3275981464515496 ) ) ;
#779 = CARTESIAN_POINT ( 'NONE',  ( 165.0221548565284593, 19.22219652012901747, -235.9287033852365312 ) ) ;
#780 = CARTESIAN_POINT ( 'NONE',  ( 171.2281033717713683, 19.22219652012900681, -253.7185312534394086 ) ) ;
#781 = CARTESIAN_POINT ( 'NONE',  ( 176.5093886758340034, 17.22219652012930879, -234.2341964028975099 ) ) ;
#782 = ORIENTED_EDGE ( 'NONE', *, *, #3281, .F. ) ;
#783 = CARTESIAN_POINT ( 'NONE',  ( 162.2857903998935853, 18.72219652012902813, -241.3948745734585657 ) ) ;
#784 = CARTESIAN_POINT ( 'NONE',  ( 159.2092686834347717, 18.36326488730044915, -236.3266422432286049 ) ) ;
#785 = CARTESIAN_POINT ( 'NONE',  ( 164.7802012140463432, 19.22219652012901037, -251.9377291849607730 ) ) ;
#786 = CARTESIAN_POINT ( 'NONE',  ( 174.3195003143602833, 16.82099652013016922, -231.6990404883383974 ) ) ;
#787 = EDGE_LOOP ( 'NONE', ( #1035, #936, #2856, #2888 ) ) ;
#788 = CARTESIAN_POINT ( 'NONE',  ( 173.1088725198891041, 19.22219652012902102, -253.2597697101944334 ) ) ;
#789 = CARTESIAN_POINT ( 'NONE',  ( 166.7842563217300551, 17.94836588981129566, -231.7799460912999336 ) ) ;
#790 = CARTESIAN_POINT ( 'NONE',  ( 177.6455935839680080, 19.22219652012901392, -238.1163184713313683 ) ) ;
#791 = B_SPLINE_CURVE_WITH_KNOTS ( 'NONE', 3,
 ( #2916, #2198, #1465, #4456, #3739, #1095, #2596, #4087 ),
 .UNSPECIFIED., .F., .F.,
 ( 4, 1, 1, 1, 1, 4 ),
 ( 0.000000000000000000, 0.3204355951728103391, 0.3927782724893770783, 0.6866880508683017581, 0.7510840958491005193, 1.000000000000000000 ),
 .UNSPECIFIED. ) ;
#792 = CARTESIAN_POINT ( 'NONE',  ( 161.1702025401464482, 19.22219652012944024, -238.1991584101689625 ) ) ;
#793 = CARTESIAN_POINT ( 'NONE',  ( 165.3726873429845341, 19.22219652012900681, -235.4209649249306722 ) ) ;
#794 = CARTESIAN_POINT ( 'NONE',  ( 172.0742357876160327, 19.22219652012901392, -234.5285151676962130 ) ) ;
#795 = CARTESIAN_POINT ( 'NONE',  ( 172.2848144067649514, 18.72219652012902813, -235.0755412232849721 ) ) ;
#796 = CARTESIAN_POINT ( 'NONE',  ( 176.0485688748537996, 19.22219652012901392, -239.3292751219823629 ) ) ;
#797 = FACE_OUTER_BOUND ( 'NONE', #4516, .T. ) ;
#798 = CARTESIAN_POINT ( 'NONE',  ( 176.0979307865937074, 18.72219652012902458, -247.8670489564857462 ) ) ;
#799 = CARTESIAN_POINT ( 'NONE',  ( 160.0054022668685434, 19.22219652012901037, -247.8655672618660617 ) ) ;
#800 = LINE ( 'NONE', #2254, #713 ) ;
#801 = CARTESIAN_POINT ( 'NONE',  ( 165.9446364802951734, 19.22219652012901747, -234.8271985515058589 ) ) ;
#802 = CARTESIAN_POINT ( 'NONE',  ( 166.9354117098143604, 19.22219652012901747, -253.7152026765423614 ) ) ;
#803 = LINE ( 'NONE', #472, #4249 ) ;
#804 = ORIENTED_EDGE ( 'NONE', *, *, #311, .T. ) ;
#805 = CARTESIAN_POINT ( 'NONE',  ( 167.8023358190295937, 18.95614737255445803, -255.8690708087745804 ) ) ;
#806 = CARTESIAN_POINT ( 'NONE',  ( 162.1061054039067528, 18.72219652012901392, -241.9149384378453931 ) ) ;
#807 = B_SPLINE_CURVE_WITH_KNOTS ( 'NONE', 3,
 ( #1897, #4171, #3002, #808, #784, #4492, #3709, #1107, #3732, #31 ),
 .UNSPECIFIED., .F., .F.,
 ( 4, 2, 2, 2, 4 ),
 ( 2.311380611535442277E-07, 0.0005954756567062131044, 0.001190720175351272711, 0.001785964693996332318, 0.002381209212641391924 ),
 .UNSPECIFIED. ) ;
#808 = CARTESIAN_POINT ( 'NONE',  ( 159.1240200515156005, 18.53517641189458587, -236.2748122422684673 ) ) ;
#809 = EDGE_CURVE ( 'NONE', #3539, #3584, #800, .T. ) ;
#810 = CARTESIAN_POINT ( 'NONE',  ( 162.7373204227345411, 19.22219652012901037, -248.7724274448245296 ) ) ;
#811 = CARTESIAN_POINT ( 'NONE',  ( 178.4163857739214905, 16.82099652012901103, -236.7552081663288845 ) ) ;
#812 = DIRECTION ( 'NONE',  ( 0.000000000000000000, 0.000000000000000000, 1.000000000000000000 ) ) ;
#813 = ORIENTED_EDGE ( 'NONE', *, *, #1023, .T. ) ;
#814 = EDGE_CURVE ( 'NONE', #9, #4076, #3454, .T. ) ;
#815 = CARTESIAN_POINT ( 'NONE',  ( 171.1938503547888786, 19.22219652012900681, -253.7177445181318376 ) ) ;
#816 = EDGE_CURVE ( 'NONE', #137, #1925, #1472, .T. ) ;
#817 = CARTESIAN_POINT ( 'NONE',  ( 171.0945824459745097, 18.72219652012901392, -253.2154672618047186 ) ) ;
#818 = CARTESIAN_POINT ( 'NONE',  ( 179.5922103994400914, 19.22219652012901392, -243.4595026723133060 ) ) ;
#819 = CARTESIAN_POINT ( 'NONE',  ( 160.9029826748396488, 19.22219652012901392, -238.6141636550715361 ) ) ;
#820 = CARTESIAN_POINT ( 'NONE',  ( 168.2119581347975839, 19.22219652012901747, -234.5243562253524487 ) ) ;
#821 = CARTESIAN_POINT ( 'NONE',  ( 171.5393112991681619, 19.22219652012901747, -234.5067669506295260 ) ) ;
#822 = CARTESIAN_POINT ( 'NONE',  ( 171.0428026756719078, 18.72219652012902813, -235.0167095163600948 ) ) ;
#823 = CARTESIAN_POINT ( 'NONE',  ( 172.5561327237032287, 19.22219652012901037, -234.6378466893200425 ) ) ;
#824 = DIRECTION ( 'NONE',  ( 0.000000000000000000, -1.000000000000000000, 0.000000000000000000 ) ) ;
#825 = CARTESIAN_POINT ( 'NONE',  ( 175.4332311060447580, 18.72219652012901747, -248.9316147317377101 ) ) ;
#826 = CARTESIAN_POINT ( 'NONE',  ( 166.4864258386663494, 18.72219652012902102, -253.1246618042051750 ) ) ;
#827 = CARTESIAN_POINT ( 'NONE',  ( 174.7115960307207274, 19.22219652012901392, -254.4856477016909651 ) ) ;
#828 = CARTESIAN_POINT ( 'NONE',  ( 162.6673301593772294, 19.22219652012901747, -239.5682467835536045 ) ) ;
#829 = CARTESIAN_POINT ( 'NONE',  ( 166.6426703868346522, 19.22219652012901747, -253.6806459341206050 ) ) ;
#830 = CARTESIAN_POINT ( 'NONE',  ( 173.4249941535469475, 18.72219652012901392, -252.0892492882506701 ) ) ;
#831 = ORIENTED_EDGE ( 'NONE', *, *, #3367, .T. ) ;
#832 = CARTESIAN_POINT ( 'NONE',  ( 169.4347824459745198, 19.22219652012901037, -230.7655672618047333 ) ) ;
#833 = CARTESIAN_POINT ( 'NONE',  ( 165.6186875468742414, 18.72219652012902813, -235.9399435453574370 ) ) ;
#834 = CARTESIAN_POINT ( 'NONE',  ( 171.0601784200444513, 17.80664266414963137, -231.6983968560673190 ) ) ;
#835 = CIRCLE ( 'NONE', #4438, 0.7500000000000006661 ) ;
#836 = CARTESIAN_POINT ( 'NONE',  ( 162.6003439402827837, 19.22219652012901037, -248.5569233272213694 ) ) ;
#837 = CARTESIAN_POINT ( 'NONE',  ( 160.5894909097830237, 19.22339652012858124, -239.1447111296516823 ) ) ;
#838 = CARTESIAN_POINT ( 'NONE',  ( 177.0864824478727257, 15.52219652012900930, -244.1155672618047277 ) ) ;
#839 = ORIENTED_EDGE ( 'NONE', *, *, #4448, .F. ) ;
#840 = CARTESIAN_POINT ( 'NONE',  ( 173.7101437379754145, 19.22219652012902458, -252.5056436393100512 ) ) ;
#841 = CARTESIAN_POINT ( 'NONE',  ( 167.8023361921869991, 18.95608793528053937, -232.3620293927735361 ) ) ;
#842 = CARTESIAN_POINT ( 'NONE',  ( 174.9787748628626787, 19.22219652012901392, -234.0634692131481813 ) ) ;
#843 = EDGE_CURVE ( 'NONE', #528, #4148, #4080, .T. ) ;
#844 = CARTESIAN_POINT ( 'NONE',  ( 165.5085726639405834, 19.22219652012901392, -232.8031839247261985 ) ) ;
#845 = AXIS2_PLACEMENT_3D ( 'NONE', #342, #1788, #4062 ) ;
#846 = CARTESIAN_POINT ( 'NONE',  ( 168.2754191888299999, 19.22219652012900326, -234.5256327960101430 ) ) ;
#847 = CARTESIAN_POINT ( 'NONE',  ( 172.2859102475765383, 19.22219652012901392, -234.5619256522218450 ) ) ;
#848 = CARTESIAN_POINT ( 'NONE',  ( 171.7980614091519840, 18.72219652012902458, -235.0090649794796889 ) ) ;
#849 = CIRCLE ( 'NONE', #4458, 1.500000000000001332 ) ;
#850 = CARTESIAN_POINT ( 'NONE',  ( 174.1066619426504758, 19.22219652012901747, -236.3196879214845580 ) ) ;
#851 = CARTESIAN_POINT ( 'NONE',  ( 177.5865139228517933, 19.22219652012901037, -244.1155672618082804 ) ) ;
#852 = CARTESIAN_POINT ( 'NONE',  ( 171.8667464785384027, 18.72219652012902458, -253.2190449096626139 ) ) ;
#853 = CARTESIAN_POINT ( 'NONE',  ( 164.0390419800053792, 19.22219652012901392, -254.3528537083767276 ) ) ;
#854 = DIRECTION ( 'NONE',  ( 0.000000000000000000, -1.000000000000000000, 0.000000000000000000 ) ) ;
#855 = CARTESIAN_POINT ( 'NONE',  ( 163.0333562281682589, 19.22219652012901037, -239.0018984991104958 ) ) ;
#856 = CARTESIAN_POINT ( 'NONE',  ( 171.2755146417958656, 19.22219652012901037, -253.7196312176649542 ) ) ;
#857 = CARTESIAN_POINT ( 'NONE',  ( 162.4266233525937366, 17.22219652012900681, -234.1350344563643944 ) ) ;
#858 = EDGE_LOOP ( 'NONE', ( #4624, #804, #3693, #261 ) ) ;
#859 = CARTESIAN_POINT ( 'NONE',  ( 174.8720399208508809, 19.22339652012901468, -254.3007237168231143 ) ) ;
#860 = CARTESIAN_POINT ( 'NONE',  ( 162.4249357557356461, 18.72219652012901747, -241.0584026954608703 ) ) ;
#861 = CARTESIAN_POINT ( 'NONE',  ( 176.2001447012539472, 19.22219652012901037, -239.5649387606937921 ) ) ;
#862 = CARTESIAN_POINT ( 'NONE',  ( 165.4293100774085588, 19.22219652012900681, -252.8874234132038623 ) ) ;
#863 = CARTESIAN_POINT ( 'NONE',  ( 159.1816735752832983, 16.82099652012858115, -238.8351357836499176 ) ) ;
#864 = CARTESIAN_POINT ( 'NONE',  ( 179.6070950227130538, 18.66169756674747404, -252.2526202938010158 ) ) ;
#865 = EDGE_LOOP ( 'NONE', ( #3992, #1729, #4041, #3731, #702, #3146 ) ) ;
#866 = CARTESIAN_POINT ( 'NONE',  ( 173.0817358743415468, 19.22219652012901392, -253.2836308047146758 ) ) ;
#867 = CARTESIAN_POINT ( 'NONE',  ( 177.0864824478727257, 18.72219652012901392, -244.1155672618047277 ) ) ;
#868 = CARTESIAN_POINT ( 'NONE',  ( 174.7733153007092994, 19.22219652012901392, -233.8137924258839746 ) ) ;
#869 = CARTESIAN_POINT ( 'NONE',  ( 174.5293675607228465, 17.92577309559327148, -232.5870644276398878 ) ) ;
#870 = CARTESIAN_POINT ( 'NONE',  ( 176.5612256025006559, 15.52219652012900930, -247.2057740763812603 ) ) ;
#871 = CARTESIAN_POINT ( 'NONE',  ( 173.2700275947373996, 19.22219652012901392, -235.1340550859913492 ) ) ;
#872 = EDGE_CURVE ( 'NONE', #1286, #3173, #3448, .T. ) ;
#873 = CARTESIAN_POINT ( 'NONE',  ( 171.1751405904395256, 19.22219652012899616, -234.5138184604411151 ) ) ;
#874 = FACE_OUTER_BOUND ( 'NONE', #3106, .T. ) ;
#875 = CARTESIAN_POINT ( 'NONE',  ( 177.5792438153352748, 19.22219652012900681, -243.4895941195543969 ) ) ;
#876 = CONICAL_SURFACE ( 'NONE', #3620, 13.35000000000000142, 0.5235987755983000369 ) ;
#877 = CARTESIAN_POINT ( 'NONE',  ( 153.5965625152107066, 17.02991497044638791, -244.7447907973449617 ) ) ;
#878 = CARTESIAN_POINT ( 'NONE',  ( 164.3026158079240986, 19.22219652012901392, -237.0282477861083237 ) ) ;
#879 = CARTESIAN_POINT ( 'NONE',  ( 167.5786378160963181, 19.22219652012901747, -253.7199869666515895 ) ) ;
#880 = DIRECTION ( 'NONE',  ( -1.000000000000000000, 0.000000000000000000, -0.000000000000000000 ) ) ;
#881 = ORIENTED_EDGE ( 'NONE', *, *, #1392, .T. ) ;
#882 = CARTESIAN_POINT ( 'NONE',  ( 174.4225188829785509, 19.22339652012901468, -254.7712661459939341 ) ) ;
#883 = CARTESIAN_POINT ( 'NONE',  ( 176.7794623180491840, 19.22219652012901392, -240.5903087243164009 ) ) ;
#884 = CARTESIAN_POINT ( 'NONE',  ( 166.5946584958533947, 19.22219652012900681, -253.6716317972393995 ) ) ;
#885 = DIRECTION ( 'NONE',  ( -1.000000000000000000, 0.000000000000000000, 0.000000000000000000 ) ) ;
#886 = CARTESIAN_POINT ( 'NONE',  ( 159.1188076268097120, 16.82099652012901103, -238.9590171903060991 ) ) ;
#887 = DIRECTION ( 'NONE',  ( 0.000000000000000000, -1.000000000000000000, 0.000000000000000000 ) ) ;
#888 = ORIENTED_EDGE ( 'NONE', *, *, #3308, .F. ) ;
#889 = CARTESIAN_POINT ( 'NONE',  ( 171.0682091423318241, 19.22219652012901392, -253.7150381485996888 ) ) ;
#890 = ORIENTED_EDGE ( 'NONE', *, *, #3938, .F. ) ;
#891 = CARTESIAN_POINT ( 'NONE',  ( 159.2230316447979703, 15.82219652012900646, -231.9935770962143238 ) ) ;
#892 = DIRECTION ( 'NONE',  ( 0.000000000000000000, 0.000000000000000000, 1.000000000000000000 ) ) ;
#893 = CARTESIAN_POINT ( 'NONE',  ( 160.0054022668429070, 19.22219652012901037, -240.3655672618047845 ) ) ;
#894 = EDGE_CURVE ( 'NONE', #2362, #1384, #3852, .T. ) ;
#895 = CARTESIAN_POINT ( 'NONE',  ( 166.7528821887180470, 19.22219652012901037, -234.5329926176034689 ) ) ;
#896 = FACE_OUTER_BOUND ( 'NONE', #104, .T. ) ;
#897 = AXIS2_PLACEMENT_3D ( 'NONE', #1726, #2041, #4315 ) ;
#898 = CARTESIAN_POINT ( 'NONE',  ( 171.0594464015083531, 19.22219652012901037, -234.5162725657495457 ) ) ;
#899 = CARTESIAN_POINT ( 'NONE',  ( 165.9623595146088917, 15.52219652012900930, -238.3229177375647510 ) ) ;
#900 = CIRCLE ( 'NONE', #4510, 15.85000000000002984 ) ;
#901 = CARTESIAN_POINT ( 'NONE',  ( 177.5846099597190175, 19.22219652012900681, -243.9514876047454948 ) ) ;
#902 = CIRCLE ( 'NONE', #2233, 15.35000000000002984 ) ;
#903 = DIRECTION ( 'NONE',  ( 0.000000000000000000, -1.000000000000000000, 0.000000000000000000 ) ) ;
#904 = ADVANCED_FACE ( 'NONE', ( #2008 ), #149, .F. ) ;
#905 = CARTESIAN_POINT ( 'NONE',  ( 162.4202499885309692, 19.22219652012901392, -239.9704908907762899 ) ) ;
#906 = CARTESIAN_POINT ( 'NONE',  ( 172.1002311468728010, 19.22219652012901747, -253.6997007393435126 ) ) ;
#907 = CARTESIAN_POINT ( 'NONE',  ( 169.4347824459745198, 19.22219652012901037, -230.7655672618047333 ) ) ;
#908 = EDGE_LOOP ( 'NONE', ( #34, #1809, #3325, #1479, #677, #4153, #4572, #4354, #1043, #2308, #4318, #4639 ) ) ;
#909 = CARTESIAN_POINT ( 'NONE',  ( 179.0692122778927455, 19.22339652012901468, -247.3244963782073000 ) ) ;
#910 = CARTESIAN_POINT ( 'NONE',  ( 176.4435295979531020, 19.22219652012901037, -239.9614769202108562 ) ) ;
#911 = CARTESIAN_POINT ( 'NONE',  ( 167.8311918189632763, 19.22219652012901392, -253.7144371903056879 ) ) ;
#912 = CARTESIAN_POINT ( 'NONE',  ( 170.8432216782537694, 16.52219652012900752, -253.2154672618047186 ) ) ;
#913 = CARTESIAN_POINT ( 'NONE',  ( 159.3783410970082173, 16.82099652012858115, -238.4685359321208011 ) ) ;
#914 = CARTESIAN_POINT ( 'NONE',  ( 166.7842518203826501, 17.94836683404257016, -256.4511880493523108 ) ) ;
#915 = EDGE_LOOP ( 'NONE', ( #3132, #2436, #1337, #831, #29, #2890 ) ) ;
#916 = AXIS2_PLACEMENT_3D ( 'NONE', #4323, #3912, #1289 ) ;
#917 = ORIENTED_EDGE ( 'NONE', *, *, #2591, .F. ) ;
#918 = DIRECTION ( 'NONE',  ( 0.000000000000000000, 0.000000000000000000, 1.000000000000000000 ) ) ;
#919 = DIRECTION ( 'NONE',  ( 0.000000000000000000, 0.000000000000000000, 1.000000000000000000 ) ) ;
#920 = CARTESIAN_POINT ( 'NONE',  ( 171.0601267725578509, 17.79826192348241420, -256.5375762844871019 ) ) ;
#921 = CARTESIAN_POINT ( 'NONE',  ( 167.8787876011265894, 19.22219652012901037, -234.5176542293986302 ) ) ;
#922 = CYLINDRICAL_SURFACE ( 'NONE', #384, 0.7499999992940376004 ) ;
#923 = CARTESIAN_POINT ( 'NONE',  ( 171.0149493103189116, 19.22219652012900681, -234.5171679895451575 ) ) ;
#924 = CYLINDRICAL_SURFACE ( 'NONE', #3358, 0.9000000000000119016 ) ;
#925 = CARTESIAN_POINT ( 'NONE',  ( 170.9167224861745638, 18.72219652012902102, -253.2118894642192970 ) ) ;
#926 = PRESENTATION_LAYER_ASSIGNMENT (  '', '', ( #3587 ) ) ;
#927 = AXIS2_PLACEMENT_3D ( 'NONE', #1096, #4824, #2519 ) ;
#928 = CARTESIAN_POINT ( 'NONE',  ( 163.8638596460183408, 19.22219652012901392, -237.7104670735614320 ) ) ;
#929 = CARTESIAN_POINT ( 'NONE',  ( 171.6241959352963136, 19.22219652012901037, -253.7246928660906633 ) ) ;
#930 = CARTESIAN_POINT ( 'NONE',  ( 159.3876446121830668, 17.22219652012856628, -238.9411392282780184 ) ) ;
#931 = CARTESIAN_POINT ( 'NONE',  ( 175.9408270830634535, 16.82099652012901103, -255.1851007719784832 ) ) ;
#932 = CARTESIAN_POINT ( 'NONE',  ( 168.2754191893513394, 19.22219652012900326, -253.7055017214005375 ) ) ;
#933 = FACE_OUTER_BOUND ( 'NONE', #1092, .T. ) ;
#934 = CARTESIAN_POINT ( 'NONE',  ( 161.1707832949987562, 19.22339652012944100, -238.1995361987471256 ) ) ;
#935 = CARTESIAN_POINT ( 'NONE',  ( 162.8509018029691902, 19.22219652012901747, -248.9479136226488549 ) ) ;
#936 = ORIENTED_EDGE ( 'NONE', *, *, #1238, .F. ) ;
#937 = VERTEX_POINT ( 'NONE', #2033 ) ;
#938 = DIRECTION ( 'NONE',  ( 0.000000000000000000, 1.000000000000000000, 0.000000000000000000 ) ) ;
#939 = CARTESIAN_POINT ( 'NONE',  ( 170.8648156704088876, 18.72219652012902813, -235.0202892009266407 ) ) ;
#940 = CARTESIAN_POINT ( 'NONE',  ( 178.4828917704904825, 17.22219652012930879, -237.2851450460211140 ) ) ;
#941 = DIRECTION ( 'NONE',  ( 0.000000000000000000, 0.000000000000000000, -1.000000000000000000 ) ) ;
#942 = AXIS2_PLACEMENT_3D ( 'NONE', #1378, #2158, #2526 ) ;
#943 = CARTESIAN_POINT ( 'NONE',  ( 160.1998667295309247, 19.22339652012901468, -248.3235544693055772 ) ) ;
#944 = DIRECTION ( 'NONE',  ( 1.000000000000000000, 0.000000000000000000, 0.000000000000000000 ) ) ;
#945 = CARTESIAN_POINT ( 'NONE',  ( 161.7830824459745145, 15.52219652012900930, -244.1155672618047277 ) ) ;
#946 = CARTESIAN_POINT ( 'NONE',  ( 171.4015436359273110, 18.72219652012904234, -253.2223348561185503 ) ) ;
#947 = CARTESIAN_POINT ( 'NONE',  ( 162.7463801345921866, 18.72219652012902102, -240.4097714888363555 ) ) ;
#948 = CARTESIAN_POINT ( 'NONE',  ( 173.5320801242725679, 18.72219652012903524, -236.3569488451763050 ) ) ;
#949 = CARTESIAN_POINT ( 'NONE',  ( 173.7241583581840700, 19.22219652012901037, -252.4848790106794070 ) ) ;
#950 = CARTESIAN_POINT ( 'NONE',  ( 159.3259831468294578, 17.22219652012899616, -239.0626476648839969 ) ) ;
#951 = CARTESIAN_POINT ( 'NONE',  ( 180.3836432925652957, 16.82099652012901103, -247.7695777207908918 ) ) ;
#952 = CARTESIAN_POINT ( 'NONE',  ( 165.2432736915433509, 19.22219652012901037, -252.6274552243928895 ) ) ;
#953 = DIRECTION ( 'NONE',  ( 1.000000000000000000, 0.000000000000000000, -9.751453801064897485E-12 ) ) ;
#954 = CARTESIAN_POINT ( 'NONE',  ( 162.3773401364766471, 16.82099652012901103, -233.7944395088373710 ) ) ;
#955 = CARTESIAN_POINT ( 'NONE',  ( 162.9135863859194444, 19.22219652012901037, -249.0444505486917990 ) ) ;
#956 = ORIENTED_EDGE ( 'NONE', *, *, #1089, .T. ) ;
#957 = EDGE_CURVE ( 'NONE', #1503, #137, #3528, .T. ) ;
#958 = ORIENTED_EDGE ( 'NONE', *, *, #4440, .F. ) ;
#959 = CARTESIAN_POINT ( 'NONE',  ( 171.0945824459745097, 19.22219652012901037, -253.2154672618047186 ) ) ;
#960 = CARTESIAN_POINT ( 'NONE',  ( 180.6256416822844528, 17.42259400544504189, -244.1155673054172155 ) ) ;
#961 = CARTESIAN_POINT ( 'NONE',  ( 172.8694132620092887, 18.72219652012902102, -235.4364675793456456 ) ) ;
#962 = EDGE_CURVE ( 'NONE', #639, #3081, #1629, .T. ) ;
#963 = CARTESIAN_POINT ( 'NONE',  ( 159.6850958819996151, 18.97219652012900326, -235.9411155843644110 ) ) ;
#964 = CARTESIAN_POINT ( 'NONE',  ( 171.0601784575326860, 17.80663617810239430, -256.5327414063279434 ) ) ;
#965 = ADVANCED_FACE ( 'NONE', ( #3150 ), #1654, .T. ) ;
#966 = CARTESIAN_POINT ( 'NONE',  ( 166.0952038033198903, 19.22339652012901468, -255.6108313036609161 ) ) ;
#967 = DIRECTION ( 'NONE',  ( 0.000000000000000000, -1.000000000000000000, 0.000000000000000000 ) ) ;
#968 = DIRECTION ( 'NONE',  ( 0.000000000000000000, 1.000000000000000000, 0.000000000000000000 ) ) ;
#969 = CARTESIAN_POINT ( 'NONE',  ( 175.6976211061669915, 19.22219652012900326, -249.4437742148681423 ) ) ;
#970 = CARTESIAN_POINT ( 'NONE',  ( 167.8211373329285721, 18.72219652012903168, -235.0165962333867640 ) ) ;
#971 = CARTESIAN_POINT ( 'NONE',  ( 176.0658862433248260, 18.72219652012901747, -240.3072457649699629 ) ) ;
#972 = CARTESIAN_POINT ( 'NONE',  ( 173.4917180932312419, 19.22219652012901747, -252.8171381092631407 ) ) ;
#973 = AXIS2_PLACEMENT_3D ( 'NONE', #2571, #1443, #2941 ) ;
#974 = DIRECTION ( 'NONE',  ( 0.000000000000000000, -0.000000000000000000, 1.000000000000000000 ) ) ;
#975 = CARTESIAN_POINT ( 'NONE',  ( 171.9266170336575215, 16.82099652012901103, -257.1086794469912320 ) ) ;
#976 = CARTESIAN_POINT ( 'NONE',  ( 163.5392224369415430, 18.72219652012902102, -249.0907819209727734 ) ) ;
#977 = DIRECTION ( 'NONE',  ( 0.000000000000000000, 1.000000000000000000, -2.523234146875357674E-15 ) ) ;
#978 = CARTESIAN_POINT ( 'NONE',  ( 167.4653724005511890, 19.22219652012900681, -234.5087360501522653 ) ) ;
#979 = CARTESIAN_POINT ( 'NONE',  ( 162.6896744383499254, 19.22219652012901037, -248.6980250306793039 ) ) ;
#980 = ORIENTED_EDGE ( 'NONE', *, *, #3541, .F. ) ;
#981 = B_SPLINE_CURVE_WITH_KNOTS ( 'NONE', 3,
 ( #2853, #302, #3239, #4338, #250, #4787, #4364, #1823, #3267, #978, #2477, #3974, #664, #3632, #613, #4759, #2112, #1750, #4734, #2506, #4002, #2137, #275, #1775, #2905, #6, #2275, #1173, #4488, #2953, #2584, #3771, #1870, #354, #2234, #417, #1500, #4537, #1892, #2674, #4165, #2649, #2255, #801, #3383, #1940, #1104, #2977, #2298, #3362, #1916, #1850, #3751, #2998, #3728, #3433, #374, #4074, #1124, #4441, #4513, #2606, #4466, #1521, #26, #396, #3797, #50, #441, #3019, #3706, #716, #2627, #4121, #759, #1079, #1149, #779, #4145, #3405, #4098, #1547, #3043, #2212, #74, #3338, #4834, #737, #1477, #3897, #1669, #878, #4240, #3460, #1622, #3163, #150, #2034, #2776, #126, #4658, #3118, #2427, #1251, #928, #4287, #3143, #2350, #100, #3484, #3070, #1647, #4264, #1596, #4611, #1299, #3094, #4561, #4189, #2697, #4215, #541, #493, #2402, #4586, #2324, #470, #2801, #3507, #855, #3529, #1987, #2752, #4636, #3921, #1226, #1198, #3847, #564, #1276, #2725, #2374, #828, #2059, #3870, #517, #3823, #3550, #1571, #1964, #2010, #905, #175, #4681, #2823, #1696, #197, #3187, #1324, #447, #1504, #1853 ),
 .UNSPECIFIED., .F., .F.,
 ( 4, 1, 2, 2, 1, 1, 1, 2, 2, 1, 1, 2, 2, 1, 2, 2, 1, 2, 2, 2, 2, 2, 2, 2, 2, 1, 2, 2, 2, 2, 1, 2, 2, 1, 2, 2, 1, 1, 2, 2, 1, 2, 2, 1, 1, 1, 2, 2, 1, 1, 1, 1, 2, 2, 1, 1, 1, 1, 2, 2, 1, 1, 1, 1, 1, 2, 2, 1, 1, 2, 2, 1, 1, 1, 1, 2, 2, 1, 1, 1, 1, 2, 2, 1, 2, 2, 2, 1, 1, 2, 2, 1, 1, 1, 2, 2, 1, 1, 2, 2, 2, 2, 2, 2, 4 ),
 ( 0.000000000000000000, 0.007812500000096058578, 0.01171875000014017953, 0.01562500000018430049, 0.02343750000027873884, 0.02734375000032994787, 0.02929687500035555586, 0.03027343750036835812, 0.03125000000038116038, 0.03906250000051873783, 0.04296875000058751615, 0.04492187500061775585, 0.04687500000064799555, 0.05468750000076896128, 0.05859375000082549245, 0.06250000000088203056, 0.07031250000100253139, 0.07421875000105870868, 0.07812500000111488596, 0.08593750000122722665, 0.09375000000133958122, 0.1015625000014519358, 0.1093750000015642904, 0.1250000000017801871, 0.1562500000022120084, 0.1718750000024313607, 0.1796875000025378033, 0.1875000000026442459, 0.1953125000027506886, 0.2031250000028571312, 0.2109375000029635738, 0.2148437500030167813, 0.2187500000030700165, 0.2265625000031707970, 0.2304687500032157055, 0.2343750000032605862, 0.2421875000033490155, 0.2460937500033932579, 0.2480468750034175995, 0.2500000000034419134, 0.2812500000036939896, 0.2851562500037208570, 0.2890625000037477244, 0.2968750000038131165, 0.3046875000038784531, 0.3085937500039110937, 0.3105468750039274695, 0.3125000000039438453, 0.3437500000040950576, 0.3593750000041717740, 0.3671875000042071902, 0.3710937500042248427, 0.3730468750042336690, 0.3750000000042425508, 0.4062500000042607029, 0.4218750000042698067, 0.4296875000042743031, 0.4335937500042765791, 0.4355468750042758574, 0.4375000000042750803, 0.4687500000042974513, 0.4843750000043107184, 0.4921875000043173798, 0.4960937500043177684, 0.4980468750043207660, 0.4990234375043213211, 0.5000000000043217652, 0.5156250000042573722, 0.5234375000042219561, 0.5273437500042059689, 0.5312500000041900927, 0.5468750000041293635, 0.5546875000040991655, 0.5585937500040839554, 0.5605468750040762949, 0.5615234375040726311, 0.5625000000040688564, 0.5937500000038193892, 0.6093750000036979309, 0.6171875000036335379, 0.6210937500036038950, 0.6230468750035890180, 0.6250000000035741410, 0.6406250000034477976, 0.6484375000033812952, 0.6562500000033147929, 0.6718750000031841196, 0.6796875000031187275, 0.6835937500030860869, 0.6855468750030643266, 0.6875000000030425662, 0.7031250000028860248, 0.7109375000028097524, 0.7148437500027694513, 0.7167968750027479130, 0.7187500000027263747, 0.7343750000025973668, 0.7421875000025327518, 0.7460937500024990010, 0.7500000000024653612, 0.7812500000021597168, 0.8125000000018540725, 0.8437500000015484281, 0.8750000000012426726, 1.000000000000000000 ),
 .UNSPECIFIED. ) ;
#982 = VERTEX_POINT ( 'NONE', #224 ) ;
#983 = CARTESIAN_POINT ( 'NONE',  ( 159.5168883727838818, 17.22219652012671176, -249.5389782691491121 ) ) ;
#984 = CARTESIAN_POINT ( 'NONE',  ( 177.9874565737355852, 17.22219652012900681, -252.8090760024073234 ) ) ;
#985 = LINE ( 'NONE', #1363, #2170 ) ;
#986 = CARTESIAN_POINT ( 'NONE',  ( 175.3548125916243805, 19.22339652012901468, -234.5886122697251324 ) ) ;
#987 = CARTESIAN_POINT ( 'NONE',  ( 180.0490021310834265, 17.22219652012930879, -240.2123863637134207 ) ) ;
#988 = DIRECTION ( 'NONE',  ( 0.000000000000000000, 0.000000000000000000, -1.000000000000000000 ) ) ;
#989 = ORIENTED_EDGE ( 'NONE', *, *, #1811, .T. ) ;
#990 = CARTESIAN_POINT ( 'NONE',  ( 162.4557471926999312, 16.82099652012901103, -254.5509165023446769 ) ) ;
#991 = ADVANCED_FACE ( 'NONE', ( #933 ), #2453, .F. ) ;
#992 = CYLINDRICAL_SURFACE ( 'NONE', #4528, 1.250000000000001110 ) ;
#993 = CARTESIAN_POINT ( 'NONE',  ( 177.3274030967510271, 18.96310147929505874, -244.1155672662073641 ) ) ;
#994 = ORIENTED_EDGE ( 'NONE', *, *, #2560, .T. ) ;
#995 = CARTESIAN_POINT ( 'NONE',  ( 161.3396314778893554, 19.22219652012901037, -243.0787711000905063 ) ) ;
#996 = CARTESIAN_POINT ( 'NONE',  ( 159.6850958819996151, 16.22219652012901037, -235.4411155843643826 ) ) ;
#997 = CARTESIAN_POINT ( 'NONE',  ( 174.8510332286241749, 18.72219652012903524, -238.3953951774091991 ) ) ;
#998 = CARTESIAN_POINT ( 'NONE',  ( 172.9972110028436703, 19.22219652012901392, -253.3519977025731009 ) ) ;
#999 = CARTESIAN_POINT ( 'NONE',  ( 169.4347824459745198, 19.22219652012901037, -228.7655672618047049 ) ) ;
#1000 = CARTESIAN_POINT ( 'NONE',  ( 171.1949037835849765, 16.82099652012901103, -257.1047629936969088 ) ) ;
#1001 = AXIS2_PLACEMENT_3D ( 'NONE', #2244, #4038, #2893 ) ;
#1002 = CARTESIAN_POINT ( 'NONE',  ( 162.6609705212984522, 18.72219652012901392, -247.6620717209144402 ) ) ;
#1003 = DIRECTION ( 'NONE',  ( 0.000000000000000000, 0.000000000000000000, 1.000000000000000000 ) ) ;
#1004 = CARTESIAN_POINT ( 'NONE',  ( 167.3204519340399372, 16.82099652012901103, -231.1196963077108251 ) ) ;
#1005 = CIRCLE ( 'NONE', #4847, 1.000000000000000888 ) ;
#1006 = CARTESIAN_POINT ( 'NONE',  ( 162.3385137702553891, 19.22219652012901392, -248.1167424035463114 ) ) ;
#1007 = ORIENTED_EDGE ( 'NONE', *, *, #2799, .T. ) ;
#1008 = ORIENTED_EDGE ( 'NONE', *, *, #1691, .F. ) ;
#1009 = PRODUCT ( '20240606 Q Movement Bracket', '20240606 Q Movement Bracket', '', ( #2858 ) ) ;
#1010 = CARTESIAN_POINT ( 'NONE',  ( 159.2640641150673844, 17.22219652012756796, -249.0410604288176728 ) ) ;
#1011 = DIRECTION ( 'NONE',  ( -0.000000000000000000, 1.000000000000000000, -0.000000000000000000 ) ) ;
#1012 = CARTESIAN_POINT ( 'NONE',  ( 175.4002867296895829, 19.22339652012901468, -234.6553891242801058 ) ) ;
#1013 = CARTESIAN_POINT ( 'NONE',  ( 170.4631854363973389, 19.22219652012901037, -234.5282671681238185 ) ) ;
#1014 = ORIENTED_EDGE ( 'NONE', *, *, #4628, .T. ) ;
#1015 = FACE_BOUND ( 'NONE', #4228, .T. ) ;
#1016 = VERTEX_POINT ( 'NONE', #4643 ) ;
#1017 = CARTESIAN_POINT ( 'NONE',  ( 165.7385553282821036, 19.22339652012901468, -255.5116141921417920 ) ) ;
#1018 = CARTESIAN_POINT ( 'NONE',  ( 161.8807870808953453, 18.12219652012900539, -245.3655672618047561 ) ) ;
#1019 = B_SPLINE_CURVE_WITH_KNOTS ( 'NONE', 3,
 ( #1952, #2024, #1928, #3055 ),
 .UNSPECIFIED., .F., .F.,
 ( 4, 4 ),
 ( 0.000000000000000000, 0.0004806679382308021295 ),
 .UNSPECIFIED. ) ;
#1020 = LINE ( 'NONE', #1421, #1245 ) ;
#1021 = EDGE_LOOP ( 'NONE', ( #3494, #3952, #2779, #2608 ) ) ;
#1022 = CARTESIAN_POINT ( 'NONE',  ( 167.2593991253514787, 18.72219652012902813, -235.0061780519930608 ) ) ;
#1023 = EDGE_CURVE ( 'NONE', #718, #2708, #3641, .T. ) ;
#1024 = CARTESIAN_POINT ( 'NONE',  ( 173.7509652569348191, 19.22219652012901037, -235.7856651370619829 ) ) ;
#1025 = CARTESIAN_POINT ( 'NONE',  ( 177.0843346915481504, 18.72219652012902813, -243.8330087927559191 ) ) ;
#1026 = ADVANCED_FACE ( 'NONE', ( #2828 ), #2111, .F. ) ;
#1027 = EDGE_CURVE ( 'NONE', #3414, #4381, #134, .T. ) ;
#1028 = CARTESIAN_POINT ( 'NONE',  ( 176.0812090923083701, 19.22219652012901037, -248.8514486557206169 ) ) ;
#1029 = CARTESIAN_POINT ( 'NONE',  ( 177.0856756499409244, 18.72219652012902458, -244.0461217378074252 ) ) ;
#1030 = CARTESIAN_POINT ( 'NONE',  ( 176.7867462296580641, 16.82099652012901103, -253.9987065247430564 ) ) ;
#1031 = CARTESIAN_POINT ( 'NONE',  ( 164.0925708231370095, 18.72219652012902458, -249.9512752856699649 ) ) ;
#1032 = LINE ( 'NONE', #4415, #2832 ) ;
#1033 = CARTESIAN_POINT ( 'NONE',  ( 162.8776161391237167, 16.82099652012901103, -233.1073762453424933 ) ) ;
#1034 = CARTESIAN_POINT ( 'NONE',  ( 162.4722419076996687, 19.22219652012901037, -248.3473855058625759 ) ) ;
#1035 = ORIENTED_EDGE ( 'NONE', *, *, #2920, .T. ) ;
#1036 = CARTESIAN_POINT ( 'NONE',  ( 178.7801903421543557, 18.52219652012901108, -256.4813810746526315 ) ) ;
#1037 = APPLICATION_PROTOCOL_DEFINITION ( 'draft international standard', 'automotive_design', 1998, #2844 ) ;
#1038 = LINE ( 'NONE', #2535, #2009 ) ;
#1039 = CARTESIAN_POINT ( 'NONE',  ( 178.2825166666036125, 19.22339652012844979, -239.1480639752566617 ) ) ;
#1040 = CARTESIAN_POINT ( 'NONE',  ( 177.0846461973617920, 18.72219652012902458, -244.2736234167511782 ) ) ;
#1041 = DIRECTION ( 'NONE',  ( 0.000000000000000000, 0.000000000000000000, 1.000000000000000000 ) ) ;
#1042 = DIRECTION ( 'NONE',  ( 0.000000000000000000, -1.000000000000000000, 0.000000000000000000 ) ) ;
#1043 = ORIENTED_EDGE ( 'NONE', *, *, #2049, .T. ) ;
#1044 = CARTESIAN_POINT ( 'NONE',  ( 163.3140275510823187, 16.82099652012901103, -255.6091671755061441 ) ) ;
#1045 = CARTESIAN_POINT ( 'NONE',  ( 178.8731544846951920, 17.43804954922535089, -252.0339529300431707 ) ) ;
#1046 = CARTESIAN_POINT ( 'NONE',  ( 160.6892509406514478, 17.51928848943608585, -235.3715285111498474 ) ) ;
#1047 = ORIENTED_EDGE ( 'NONE', *, *, #166, .T. ) ;
#1048 = CARTESIAN_POINT ( 'NONE',  ( 167.6930133133357117, 18.72219652012901747, -235.0139136626402774 ) ) ;
#1049 = CARTESIAN_POINT ( 'NONE',  ( 175.1277873001241119, 19.22219652012900681, -237.9007267035634641 ) ) ;
#1050 = CARTESIAN_POINT ( 'NONE',  ( 176.6597443873256168, 18.72219652012902813, -241.6015250243886499 ) ) ;
#1051 = CARTESIAN_POINT ( 'NONE',  ( 175.8227326147638223, 19.22219652012901037, -249.2500737464935128 ) ) ;
#1052 = CARTESIAN_POINT ( 'NONE',  ( 163.9478820829293113, 18.72219652012901747, -238.5229682066365058 ) ) ;
#1053 = CARTESIAN_POINT ( 'NONE',  ( 165.7631120975673866, 18.04696543146076948, -256.2545601716329315 ) ) ;
#1054 = CARTESIAN_POINT ( 'NONE',  ( 162.9278282954061297, 18.72219652012901747, -248.1351322410057492 ) ) ;
#1055 = EDGE_CURVE ( 'NONE', #377, #360, #3015, .T. ) ;
#1056 = CARTESIAN_POINT ( 'NONE',  ( 179.0103082840888362, 17.22219652012867641, -250.1239611404635923 ) ) ;
#1057 = CARTESIAN_POINT ( 'NONE',  ( 162.9779998061252684, 16.82099652012901103, -232.9850984031010626 ) ) ;
#1058 = CARTESIAN_POINT ( 'NONE',  ( 165.5386744410575943, 19.22219652012900681, -253.0262826006007231 ) ) ;
#1059 = ORIENTED_EDGE ( 'NONE', *, *, #2709, .F. ) ;
#1060 = CARTESIAN_POINT ( 'NONE',  ( 161.8559227431058503, 19.22219652012901392, -247.1072344569373342 ) ) ;
#1061 = AXIS2_PLACEMENT_3D ( 'NONE', #3829, #2821, #1320 ) ;
#1062 = CARTESIAN_POINT ( 'NONE',  ( 171.0912244086160285, 19.05552985346234252, -253.5488009453433733 ) ) ;
#1063 = CARTESIAN_POINT ( 'NONE',  ( 175.7589208166698711, 19.22339652012901112, -235.1934342314626747 ) ) ;
#1064 = ORIENTED_EDGE ( 'NONE', *, *, #2704, .F. ) ;
#1065 = DIRECTION ( 'NONE',  ( -0.000000000000000000, -1.000000000000000000, 0.000000000000000000 ) ) ;
#1066 = CARTESIAN_POINT ( 'NONE',  ( 176.8884567899695810, 19.22219652012902102, -247.4061210916975710 ) ) ;
#1067 = ORIENTED_EDGE ( 'NONE', *, *, #2556, .T. ) ;
#1068 = CARTESIAN_POINT ( 'NONE',  ( 158.9385157618173992, 16.82099652012901103, -248.9013725128802434 ) ) ;
#1069 = CARTESIAN_POINT ( 'NONE',  ( 178.7801903421543557, 15.52219652012900930, -256.4813810746526315 ) ) ;
#1070 = CARTESIAN_POINT ( 'NONE',  ( 160.0054022668685434, 19.22219652012901037, -247.8655672618660617 ) ) ;
#1071 = VERTEX_POINT ( 'NONE', #912 ) ;
#1072 = CARTESIAN_POINT ( 'NONE',  ( 167.8370012022364222, 18.72219652012902458, -235.0169148132830799 ) ) ;
#1073 = CARTESIAN_POINT ( 'NONE',  ( 174.2113358074045948, 19.22219652012900681, -236.4799150706821251 ) ) ;
#1074 = CARTESIAN_POINT ( 'NONE',  ( 176.5356516332995511, 19.22219652012901037, -240.1223743028538422 ) ) ;
#1075 = CARTESIAN_POINT ( 'NONE',  ( 175.3954737652483402, 19.22219652012900681, -249.9133588637085666 ) ) ;
#1076 = CARTESIAN_POINT ( 'NONE',  ( 177.0866502595484917, 18.72219652012902458, -244.1315655480345299 ) ) ;
#1077 = CARTESIAN_POINT ( 'NONE',  ( 164.5061554572064040, 18.72219652012903168, -250.5957092294693211 ) ) ;
#1078 = CARTESIAN_POINT ( 'NONE',  ( 170.8169207630257915, 19.22219652012900681, -253.7099830227246287 ) ) ;
#1079 = CARTESIAN_POINT ( 'NONE',  ( 165.0357561558670341, 19.22219652012901747, -235.9084296982874207 ) ) ;
#1080 = CARTESIAN_POINT ( 'NONE',  ( 165.2073425475990689, 19.22219652012900681, -252.5764098877957906 ) ) ;
#1081 = AXIS2_PLACEMENT_3D ( 'NONE', #763, #1578, #2259 ) ;
#1082 = ORIENTED_EDGE ( 'NONE', *, *, #2251, .T. ) ;
#1083 = DIRECTION ( 'NONE',  ( 0.000000000000000000, 0.000000000000000000, -1.000000000000000000 ) ) ;
#1084 = ADVANCED_FACE ( 'NONE', ( #3192 ), #4247, .T. ) ;
#1085 = CARTESIAN_POINT ( 'NONE',  ( 159.6850958819996151, 19.22219652012901037, -234.6911155843643826 ) ) ;
#1086 = CIRCLE ( 'NONE', #1797, 1.000000000000000888 ) ;
#1087 = CARTESIAN_POINT ( 'NONE',  ( 173.6785031484339186, 19.22339652013016931, -232.9354729384434108 ) ) ;
#1088 = ORIENTED_EDGE ( 'NONE', *, *, #1749, .T. ) ;
#1089 = EDGE_CURVE ( 'NONE', #1760, #3200, #1221, .T. ) ;
#1090 = CARTESIAN_POINT ( 'NONE',  ( 171.0688463859490298, 19.22219652012901037, -255.7154672618047186 ) ) ;
#1091 = CARTESIAN_POINT ( 'NONE',  ( 176.1641925534568713, 19.22219652012901037, -248.7227001753474553 ) ) ;
#1092 = EDGE_LOOP ( 'NONE', ( #3660, #1975, #1753 ) ) ;
#1093 = AXIS2_PLACEMENT_3D ( 'NONE', #2438, #4007, #4763 ) ;
#1094 = CARTESIAN_POINT ( 'NONE',  ( 163.7055026625561993, 17.76276069437138005, -232.9948990818589607 ) ) ;
#1095 = CARTESIAN_POINT ( 'NONE',  ( 176.5612256007512713, 18.72219652012902813, -241.0253604480924139 ) ) ;
#1096 = CARTESIAN_POINT ( 'NONE',  ( 163.5314824459745182, 15.52219652012900930, -245.3655672618047561 ) ) ;
#1097 = CARTESIAN_POINT ( 'NONE',  ( 165.8920591183047009, 19.22219652012901392, -234.8643831128503621 ) ) ;
#1098 = CARTESIAN_POINT ( 'NONE',  ( 175.2200192404848451, 19.22219652012900681, -238.0444606834073227 ) ) ;
#1099 = CARTESIAN_POINT ( 'NONE',  ( 177.2239846202498086, 19.22219652012900681, -241.7118481996405421 ) ) ;
#1100 = CARTESIAN_POINT ( 'NONE',  ( 176.0598070525004744, 19.22219652012901392, -248.8844795411455664 ) ) ;
#1101 = CARTESIAN_POINT ( 'NONE',  ( 176.8414369379084121, 18.72219652012900681, -246.0449274489124889 ) ) ;
#1102 = CARTESIAN_POINT ( 'NONE',  ( 160.7769869450734461, 19.22219652012986657, -249.4143829122073726 ) ) ;
#1103 = CARTESIAN_POINT ( 'NONE',  ( 177.1409131561422896, 17.22219652012810087, -253.0364600347170949 ) ) ;
#1104 = CARTESIAN_POINT ( 'NONE',  ( 165.8314054085570604, 19.22219652012901392, -234.9113382652459450 ) ) ;
#1105 = CARTESIAN_POINT ( 'NONE',  ( 166.0891094349493642, 19.22219652012901392, -253.4927871327259368 ) ) ;
#1106 = ORIENTED_EDGE ( 'NONE', *, *, #672, .T. ) ;
#1107 = CARTESIAN_POINT ( 'NONE',  ( 159.7316718252750150, 17.52080151391278662, -236.4465550751235412 ) ) ;
#1108 = CARTESIAN_POINT ( 'NONE',  ( 162.8413845586055118, 19.22219652012901392, -248.9332625480780337 ) ) ;
#1109 = CARTESIAN_POINT ( 'NONE',  ( 179.5859136920947208, 19.22339652012901468, -244.1155613441458172 ) ) ;
#1110 = ORIENTED_EDGE ( 'NONE', *, *, #2437, .T. ) ;
#1111 = CARTESIAN_POINT ( 'NONE',  ( 172.6850434130806491, 19.22339652012901468, -255.6290503787315060 ) ) ;
#1112 = CARTESIAN_POINT ( 'NONE',  ( 177.5867282677098444, 19.22219652012902102, -244.1380187939597022 ) ) ;
#1113 = CARTESIAN_POINT ( 'NONE',  ( 169.4347824459745198, 15.82219652012900646, -244.1155672618047277 ) ) ;
#1114 = CARTESIAN_POINT ( 'NONE',  ( 165.4445707412101285, 18.72219652012903168, -252.0892492839503234 ) ) ;
#1115 = ADVANCED_FACE ( 'NONE', ( #2759 ), #2411, .F. ) ;
#1116 = CARTESIAN_POINT ( 'NONE',  ( 166.3607801411904745, 18.72219652013330915, -234.9444555241350088 ) ) ;
#1117 = CARTESIAN_POINT ( 'NONE',  ( 162.2475430480428997, 19.22219652012901392, -240.2810691678659225 ) ) ;
#1118 = CARTESIAN_POINT ( 'NONE',  ( 175.9380576486333325, 19.22219652012901392, -239.1590953185737192 ) ) ;
#1119 = CARTESIAN_POINT ( 'NONE',  ( 177.2016589743629424, 19.22219652012901037, -241.6421482172909805 ) ) ;
#1120 = CARTESIAN_POINT ( 'NONE',  ( 175.0005802335890053, 19.22219652012901392, -250.5286509808726123 ) ) ;
#1121 = CARTESIAN_POINT ( 'NONE',  ( 176.6114963027723945, 18.72219652012903168, -246.7617456406008216 ) ) ;
#1122 = CARTESIAN_POINT ( 'NONE',  ( 167.3191337870148629, 18.72219652012902458, -253.2245956762463948 ) ) ;
#1123 = CARTESIAN_POINT ( 'NONE',  ( 174.9242430034394999, 19.22219652012901392, -254.2376090348199114 ) ) ;
#1124 = CARTESIAN_POINT ( 'NONE',  ( 165.5207271342766262, 19.22219652012901392, -235.2268877500416124 ) ) ;
#1125 = CARTESIAN_POINT ( 'NONE',  ( 166.3423800329524909, 19.22219652012901392, -253.6034276555778035 ) ) ;
#1126 = DIRECTION ( 'NONE',  ( -0.000000000000000000, 1.000000000000000000, -0.000000000000000000 ) ) ;
#1127 = VERTEX_POINT ( 'NONE', #2085 ) ;
#1128 = CARTESIAN_POINT ( 'NONE',  ( 159.6850958819996151, 19.22219652012901037, -235.4411155843643826 ) ) ;
#1129 = AXIS2_PLACEMENT_3D ( 'NONE', #2910, #4817, #697 ) ;
#1130 = CARTESIAN_POINT ( 'NONE',  ( 161.4493925738658788, 19.22219652012900681, -245.7781418654412562 ) ) ;
#1131 = CARTESIAN_POINT ( 'NONE',  ( 178.6338711291101902, 16.82099652012901103, -237.0920822472118914 ) ) ;
#1132 = ORIENTED_EDGE ( 'NONE', *, *, #3962, .F. ) ;
#1133 = CARTESIAN_POINT ( 'NONE',  ( 177.5394802281476245, 19.22219652012902102, -245.0496985440078390 ) ) ;
#1134 = VECTOR ( 'NONE', #4326, 1000.000000000000000 ) ;
#1135 = B_SPLINE_CURVE_WITH_KNOTS ( 'NONE', 3,
 ( #2236, #1942, #443, #3730, #830, #4588, #376, #2326 ),
 .UNSPECIFIED., .F., .F.,
 ( 4, 1, 1, 1, 1, 4 ),
 ( 0.000000000000000000, 0.2489159041508999803, 0.3133119491316989635, 0.6072217275106243095, 0.6795644048271910487, 1.000000000000000000 ),
 .UNSPECIFIED. ) ;
#1136 = CARTESIAN_POINT ( 'NONE',  ( 169.4347824459745198, 17.70656546610593196, -231.6406172588370964 ) ) ;
#1137 = CARTESIAN_POINT ( 'NONE',  ( 178.9664121267903170, 19.22219652012901392, -240.6156434520128755 ) ) ;
#1138 = LINE ( 'NONE', #142, #4616 ) ;
#1139 = AXIS2_PLACEMENT_3D ( 'NONE', #3021, #4515, #1151 ) ;
#1140 = ADVANCED_FACE ( 'NONE', ( #2381 ), #1325, .T. ) ;
#1141 = CARTESIAN_POINT ( 'NONE',  ( 162.6343222576795711, 19.22219652012899971, -239.6201769156614887 ) ) ;
#1142 = CARTESIAN_POINT ( 'NONE',  ( 173.3622156234467866, 19.22219652012901037, -235.2432246666888602 ) ) ;
#1143 = CARTESIAN_POINT ( 'NONE',  ( 177.5863900884558575, 19.22219652012901037, -244.1264157844198621 ) ) ;
#1144 = CARTESIAN_POINT ( 'NONE',  ( 161.6079686321025122, 19.04926011511926376, -242.5385036668145347 ) ) ;
#1145 = AXIS2_PLACEMENT_3D ( 'NONE', #4562, #3044, #151 ) ;
#1146 = CARTESIAN_POINT ( 'NONE',  ( 173.7674877445794550, 18.72219652012902458, -251.5166140709394540 ) ) ;
#1147 = CARTESIAN_POINT ( 'NONE',  ( 166.3033134713505206, 18.72219652012902102, -253.0390334515580832 ) ) ;
#1148 = CARTESIAN_POINT ( 'NONE',  ( 175.6311175356300680, 19.22219652012901392, -253.2328927531511340 ) ) ;
#1149 = CARTESIAN_POINT ( 'NONE',  ( 165.0273579338935974, 19.22219652012901392, -235.9209438288725948 ) ) ;
#1150 = CARTESIAN_POINT ( 'NONE',  ( 166.5180194583716968, 19.22219652012901037, -253.6548532152592088 ) ) ;
#1151 = DIRECTION ( 'NONE',  ( -1.000000000000000000, 0.000000000000000000, 0.000000000000000000 ) ) ;
#1152 = ORIENTED_EDGE ( 'NONE', *, *, #3902, .F. ) ;
#1153 = CARTESIAN_POINT ( 'NONE',  ( 161.8358486995743988, 18.72219652012901747, -243.1423915170665850 ) ) ;
#1154 = DIRECTION ( 'NONE',  ( -0.000000000000000000, -1.000000000000000000, -0.000000000000000000 ) ) ;
#1155 = CARTESIAN_POINT ( 'NONE',  ( 163.6717168703285097, 19.22219652012901392, -250.2212418847328195 ) ) ;
#1156 = CARTESIAN_POINT ( 'NONE',  ( 176.3527509802488282, 16.82099652012901103, -233.5930212677183988 ) ) ;
#1157 = ORIENTED_EDGE ( 'NONE', *, *, #2556, .F. ) ;
#1158 = CARTESIAN_POINT ( 'NONE',  ( 175.2717883960629308, 19.22219652012901392, -250.1058604908393193 ) ) ;
#1159 = CARTESIAN_POINT ( 'NONE',  ( 161.3434807720601611, 16.82099652012901103, -252.8629640969202228 ) ) ;
#1160 = CARTESIAN_POINT ( 'NONE',  ( 178.0376095918790043, 19.22219652012901392, -238.7298819339841032 ) ) ;
#1161 = CARTESIAN_POINT ( 'NONE',  ( 160.7726508413512079, 19.22219652012986302, -238.8239386872314469 ) ) ;
#1162 = CARTESIAN_POINT ( 'NONE',  ( 165.3539894170207560, 19.22219652012902458, -235.4468839212747469 ) ) ;
#1163 = CARTESIAN_POINT ( 'NONE',  ( 172.5080514065617763, 19.22219652012901392, -234.6210939598182676 ) ) ;
#1164 = CARTESIAN_POINT ( 'NONE',  ( 172.9254529371418130, 18.72219652012902813, -235.4994491065842510 ) ) ;
#1165 = CARTESIAN_POINT ( 'NONE',  ( 176.8301249971385403, 19.22219652012902458, -240.6968905367374987 ) ) ;
#1166 = CARTESIAN_POINT ( 'NONE',  ( 171.3170690250337600, 17.83198430820279867, -256.5235925354530195 ) ) ;
#1167 = ADVANCED_FACE ( 'NONE', ( #335 ), #4449, .F. ) ;
#1168 = CARTESIAN_POINT ( 'NONE',  ( 175.6283259619646344, 18.72219652012901747, -248.6309386687088647 ) ) ;
#1169 = CARTESIAN_POINT ( 'NONE',  ( 166.0821570179164723, 18.72219652012903524, -252.8761336332532323 ) ) ;
#1170 = CARTESIAN_POINT ( 'NONE',  ( 166.9926949515727586, 18.72219652012902813, -253.2312036102878778 ) ) ;
#1171 = EDGE_CURVE ( 'NONE', #3296, #277, #39, .T. ) ;
#1172 = ADVANCED_FACE ( 'NONE', ( #2935 ), #581, .T. ) ;
#1173 = CARTESIAN_POINT ( 'NONE',  ( 166.9747993419127852, 19.22219652012900681, -234.5134920835117498 ) ) ;
#1174 = CARTESIAN_POINT ( 'NONE',  ( 171.4315921303216896, 19.22219652012900681, -253.7229110103002085 ) ) ;
#1175 = ADVANCED_FACE ( 'NONE', ( #1234 ), #135, .T. ) ;
#1176 = CARTESIAN_POINT ( 'NONE',  ( 163.5314824459745182, 18.72219652012901747, -242.8655672618047561 ) ) ;
#1177 = VERTEX_POINT ( 'NONE', #1973 ) ;
#1178 = AXIS2_PLACEMENT_3D ( 'NONE', #1404, #1451, #1428 ) ;
#1179 = CARTESIAN_POINT ( 'NONE',  ( 163.6779781449089057, 18.72219652012901747, -238.9252014887125029 ) ) ;
#1180 = CARTESIAN_POINT ( 'NONE',  ( 153.6341495472580618, 18.12219652012900539, -242.8655672618047561 ) ) ;
#1181 = CARTESIAN_POINT ( 'NONE',  ( 162.0742513393609840, 19.22219652012900681, -247.6076522600535839 ) ) ;
#1182 = CARTESIAN_POINT ( 'NONE',  ( 179.5291422152330369, 19.22339652012676936, -242.8149620220748943 ) ) ;
#1183 = CARTESIAN_POINT ( 'NONE',  ( 152.5314824459744898, 15.52219652012900930, -219.6980672618047379 ) ) ;
#1184 = ORIENTED_EDGE ( 'NONE', *, *, #2280, .T. ) ;
#1185 = CARTESIAN_POINT ( 'NONE',  ( 171.2835914821392009, 19.22219652012900681, -253.7198335402729299 ) ) ;
#1186 = CARTESIAN_POINT ( 'NONE',  ( 161.8421738975211213, 17.35310958828994643, -243.1168345064259313 ) ) ;
#1187 = CARTESIAN_POINT ( 'NONE',  ( 175.4912876117518010, 19.22219652012901392, -234.7889451282288462 ) ) ;
#1188 = CARTESIAN_POINT ( 'NONE',  ( 161.3716216129448640, 19.22219652012901392, -237.8885634632970891 ) ) ;
#1189 = CARTESIAN_POINT ( 'NONE',  ( 167.9898444456835875, 19.22219652012901392, -234.5198882280498935 ) ) ;
#1190 = CARTESIAN_POINT ( 'NONE',  ( 171.6785815744416936, 19.22219652012901392, -234.5067634509589141 ) ) ;
#1191 = B_SPLINE_CURVE_WITH_KNOTS ( 'NONE', 3,
 ( #984, #1339, #1707, #3222, #4716, #3637, #1362, #4739, #1387, #2047 ),
 .UNSPECIFIED., .F., .F.,
 ( 4, 2, 2, 2, 4 ),
 ( 2.898916231376027473E-07, 0.0006001118436993017891, 0.001199933795775465955, 0.001799755747851630120, 0.002399577699927794069 ),
 .UNSPECIFIED. ) ;
#1192 = CARTESIAN_POINT ( 'NONE',  ( 172.1237310353487260, 18.72219652012902102, -235.0400103629649777 ) ) ;
#1193 = CARTESIAN_POINT ( 'NONE',  ( 173.8692171485579934, 19.22219652012901037, -235.9611668758530243 ) ) ;
#1194 = CARTESIAN_POINT ( 'NONE',  ( 161.4695728252820288, 19.22219652012901037, -242.3655672237226497 ) ) ;
#1195 = CARTESIAN_POINT ( 'NONE',  ( 173.0025151311503748, 18.72219652012902102, -252.6365299632425945 ) ) ;
#1196 = CARTESIAN_POINT ( 'NONE',  ( 166.6212541680625634, 18.72219652012901747, -253.1651983498302059 ) ) ;
#1197 = CARTESIAN_POINT ( 'NONE',  ( 179.5297458672521884, 19.22219652013127700, -245.4206780757406250 ) ) ;
#1198 = CARTESIAN_POINT ( 'NONE',  ( 162.8433136076195922, 19.22219652012901037, -239.2949288081725570 ) ) ;
#1199 = CARTESIAN_POINT ( 'NONE',  ( 171.1259208022030123, 19.22219652012901392, -253.7162244560917657 ) ) ;
#1200 = CARTESIAN_POINT ( 'NONE',  ( 162.3083392913730734, 15.52219652012900930, -241.0253604482554977 ) ) ;
#1201 = VERTEX_POINT ( 'NONE', #1702 ) ;
#1202 = CARTESIAN_POINT ( 'NONE',  ( 167.8093868444085786, 17.80654888874028785, -256.5327918028649492 ) ) ;
#1204 = ADVANCED_FACE ( 'NONE', ( #526 ), #3205, .T. ) ;
#1203 = CARTESIAN_POINT ( 'NONE',  ( 165.5129466539986254, 18.72219652012902102, -236.0949223437569913 ) ) ;
#1205 = B_SPLINE_CURVE_WITH_KNOTS ( 'NONE', 3,
 ( #3662, #1483, #3710, #4816 ),
 .UNSPECIFIED., .F., .F.,
 ( 4, 4 ),
 ( 9.739478405490498147E-06, 0.001635083941166848081 ),
 .UNSPECIFIED. ) ;
#1206 = CARTESIAN_POINT ( 'NONE',  ( 171.0639786849807251, 18.42461190931190984, -232.0551815661127080 ) ) ;
#1207 = CARTESIAN_POINT ( 'NONE',  ( 161.9672936376925918, 19.22219652012901392, -247.3742739097594381 ) ) ;
#1208 = CARTESIAN_POINT ( 'NONE',  ( 171.0396558283348725, 16.82099652012901103, -231.1296411406155187 ) ) ;
#1209 = DIRECTION ( 'NONE',  ( -0.000000000000000000, 1.000000000000000000, -0.000000000000000000 ) ) ;
#1210 = ORIENTED_EDGE ( 'NONE', *, *, #167, .F. ) ;
#1211 = CARTESIAN_POINT ( 'NONE',  ( 171.6066993557075477, 19.22219652012900681, -253.7249627871904352 ) ) ;
#1212 = VERTEX_POINT ( 'NONE', #1356 ) ;
#1213 = CARTESIAN_POINT ( 'NONE',  ( 171.0945824459745097, 15.52219652012901108, -253.2154672618047186 ) ) ;
#1214 = CARTESIAN_POINT ( 'NONE',  ( 177.9087196299872460, 19.22219652012901392, -238.5243700155604358 ) ) ;
#1215 = AXIS2_PLACEMENT_3D ( 'NONE', #2315, #1955, #534 ) ;
#1216 = CARTESIAN_POINT ( 'NONE',  ( 161.9724669756245987, 19.22219652012901392, -236.9545396208904720 ) ) ;
#1217 = CARTESIAN_POINT ( 'NONE',  ( 166.3756338891363384, 19.22219652012899616, -234.6155790337453197 ) ) ;
#1218 = CARTESIAN_POINT ( 'NONE',  ( 173.5046034708412037, 19.22219652012901747, -235.4317635653253546 ) ) ;
#1219 = CARTESIAN_POINT ( 'NONE',  ( 172.3599036349461073, 18.72219652012903168, -235.0988479953612682 ) ) ;
#1220 = CARTESIAN_POINT ( 'NONE',  ( 172.6229393671894172, 19.22219652012901037, -234.6638996716423264 ) ) ;
#1221 = B_SPLINE_CURVE_WITH_KNOTS ( 'NONE', 3,
 ( #4665, #4337, #2852, #4686 ),
 .UNSPECIFIED., .F., .F.,
 ( 4, 4 ),
 ( 9.739613391179818185E-06, 0.003260428411129260087 ),
 .UNSPECIFIED. ) ;
#1222 = PLANE ( 'NONE',  #3812 ) ;
#1223 = CARTESIAN_POINT ( 'NONE',  ( 172.3127252676828221, 18.72219652012902102, -253.1474923989051149 ) ) ;
#1224 = CARTESIAN_POINT ( 'NONE',  ( 163.1819226981072006, 19.22219652012901392, -253.1476722715676431 ) ) ;
#1225 = CARTESIAN_POINT ( 'NONE',  ( 174.4229777242436512, 19.22219652012901392, -254.7717861054791797 ) ) ;
#1226 = CARTESIAN_POINT ( 'NONE',  ( 162.8509136512673194, 19.22219652012901392, -239.2832286042900591 ) ) ;
#1227 = CARTESIAN_POINT ( 'NONE',  ( 171.2036496080299628, 19.22219652012900681, -253.7179695016261860 ) ) ;
#1228 = DIRECTION ( 'NONE',  ( 0.000000000000000000, 0.000000000000000000, 1.000000000000000000 ) ) ;
#1229 = ORIENTED_EDGE ( 'NONE', *, *, #2313, .F. ) ;
#1230 = CARTESIAN_POINT ( 'NONE',  ( 175.1699411539889581, 19.22339652012901468, -253.9092902375248002 ) ) ;
#1231 = CARTESIAN_POINT ( 'NONE',  ( 165.7071220105432587, 18.72219652012902458, -235.8130620055852944 ) ) ;
#1232 = CARTESIAN_POINT ( 'NONE',  ( 176.9414110588116387, 19.22219652012901747, -240.9470368054153084 ) ) ;
#1233 = CARTESIAN_POINT ( 'NONE',  ( 167.7756633832624686, 19.22219652012903879, -253.7155551585085220 ) ) ;
#1234 = FACE_OUTER_BOUND ( 'NONE', #340, .T. ) ;
#1235 = CARTESIAN_POINT ( 'NONE',  ( 159.2230316447979703, 18.52219652012901108, -231.9935770962143238 ) ) ;
#1236 = ORIENTED_EDGE ( 'NONE', *, *, #3033, .T. ) ;
#1237 = CARTESIAN_POINT ( 'NONE',  ( 172.4571313173080966, 19.22219652012900681, -253.6262877429223863 ) ) ;
#1238 = EDGE_CURVE ( 'NONE', #3001, #937, #981, .T. ) ;
#1239 = CARTESIAN_POINT ( 'NONE',  ( 177.1031688268579387, 18.72219652012901392, -245.5518554407119041 ) ) ;
#1240 = CARTESIAN_POINT ( 'NONE',  ( 160.0975537225651237, 19.22219652012901392, -240.1363930721165900 ) ) ;
#1241 = VECTOR ( 'NONE', #2444, 1000.000000000000000 ) ;
#1242 = CARTESIAN_POINT ( 'NONE',  ( 168.0215749726997956, 19.22219652012901037, -234.5205265133788259 ) ) ;
#1243 = CARTESIAN_POINT ( 'NONE',  ( 173.6202133057037713, 19.22219652012901037, -235.5947200048411219 ) ) ;
#1244 = CARTESIAN_POINT ( 'NONE',  ( 172.7549932553033898, 18.72219652012902102, -235.3261129369135176 ) ) ;
#1245 = VECTOR ( 'NONE', #3621, 1000.000000000000000 ) ;
#1246 = CARTESIAN_POINT ( 'NONE',  ( 172.9084548158740517, 19.22219652012902102, -234.8159088460515136 ) ) ;
#1247 = CARTESIAN_POINT ( 'NONE',  ( 176.4416879498784567, 19.22219652012901037, -248.2724220846853314 ) ) ;
#1248 = CARTESIAN_POINT ( 'NONE',  ( 170.7192816133692190, 18.72219652012902102, -253.2079177806612620 ) ) ;
#1249 = AXIS2_PLACEMENT_3D ( 'NONE', #2117, #3175, #554 ) ;
#1250 = DIRECTION ( 'NONE',  ( 0.000000000000000000, 0.000000000000000000, -1.000000000000000000 ) ) ;
#1251 = CARTESIAN_POINT ( 'NONE',  ( 163.9022782642245204, 19.22219652012901392, -237.6506113957868820 ) ) ;
#1252 = CARTESIAN_POINT ( 'NONE',  ( 171.4568518006778106, 19.22219652012900326, -253.7233241555596521 ) ) ;
#1253 = DIRECTION ( 'NONE',  ( 0.000000000000000000, 0.000000000000000000, 1.000000000000000000 ) ) ;
#1254 = VERTEX_POINT ( 'NONE', #2981 ) ;
#1255 = CARTESIAN_POINT ( 'NONE',  ( 177.8958254729584496, 19.22339652012872335, -249.7258056545890668 ) ) ;
#1256 = CARTESIAN_POINT ( 'NONE',  ( 177.0403170433303046, 19.22219652012900681, -241.1911603881420660 ) ) ;
#1257 = CARTESIAN_POINT ( 'NONE',  ( 167.8787876021064278, 19.22219652012901037, -253.7134802880030691 ) ) ;
#1258 = B_SPLINE_CURVE_WITH_KNOTS ( 'NONE', 3,
 ( #527, #3833, #83, #3493 ),
 .UNSPECIFIED., .F., .F.,
 ( 4, 4 ),
 ( 0.000000000000000000, 0.002836511355727140780 ),
 .UNSPECIFIED. ) ;
#1259 = DIRECTION ( 'NONE',  ( 0.000000000000000000, -2.523234146875357674E-15, -1.000000000000000000 ) ) ;
#1260 = CARTESIAN_POINT ( 'NONE',  ( 158.9365359386469834, 16.82099652012901103, -239.3341785559881316 ) ) ;
#1261 = FACE_OUTER_BOUND ( 'NONE', #1021, .T. ) ;
#1262 = VERTEX_POINT ( 'NONE', #1482 ) ;
#1263 = CARTESIAN_POINT ( 'NONE',  ( 174.1860584836410624, 19.22219652012900326, -251.7901082216294526 ) ) ;
#1264 = CARTESIAN_POINT ( 'NONE',  ( 169.4347824459745198, 19.22219652012901037, -244.1155672618047277 ) ) ;
#1265 = FACE_OUTER_BOUND ( 'NONE', #2762, .T. ) ;
#1266 = DIRECTION ( 'NONE',  ( 0.000000000000000000, 1.000000000000000000, -0.000000000000000000 ) ) ;
#1267 = B_SPLINE_CURVE_WITH_KNOTS ( 'NONE', 3,
 ( #211, #2001, #3226, #1684 ),
 .UNSPECIFIED., .F., .F.,
 ( 4, 4 ),
 ( 0.000000000000000000, 0.0004806679382308132425 ),
 .UNSPECIFIED. ) ;
#1268 = FACE_OUTER_BOUND ( 'NONE', #3392, .T. ) ;
#1269 = EDGE_CURVE ( 'NONE', #4818, #1393, #430, .T. ) ;
#1270 = LINE ( 'NONE', #1686, #1241 ) ;
#1271 = CARTESIAN_POINT ( 'NONE',  ( 173.5655649779736791, 19.22219652012901037, -235.5170781536756408 ) ) ;
#1272 = DIRECTION ( 'NONE',  ( -0.000000000000000000, 1.000000000000000000, -0.000000000000000000 ) ) ;
#1273 = AXIS2_PLACEMENT_3D ( 'NONE', #152, #2754, #3899 ) ;
#1274 = CARTESIAN_POINT ( 'NONE',  ( 177.5833716187073890, 19.22219652012901392, -243.8448968004706217 ) ) ;
#1275 = CARTESIAN_POINT ( 'NONE',  ( 153.6030083072795946, 17.12303930820996456, -244.8841726615787877 ) ) ;
#1276 = CARTESIAN_POINT ( 'NONE',  ( 162.7511330238943401, 19.22219652012901037, -239.4371831427029065 ) ) ;
#1277 = CARTESIAN_POINT ( 'NONE',  ( 167.7800347707572541, 19.22219652012901037, -253.7154674965209722 ) ) ;
#1278 = CARTESIAN_POINT ( 'NONE',  ( 159.7842018959756842, 17.22219652012985236, -238.2264368296423811 ) ) ;
#1279 = ORIENTED_EDGE ( 'NONE', *, *, #3938, .T. ) ;
#1280 = CARTESIAN_POINT ( 'NONE',  ( 173.9639482877339844, 19.22339652012901468, -255.1143165874947272 ) ) ;
#1281 = CARTESIAN_POINT ( 'NONE',  ( 176.8893614702670618, 19.22219652012901747, -240.8275789688459554 ) ) ;
#1282 = CARTESIAN_POINT ( 'NONE',  ( 167.3235043170150789, 19.22219652012901747, -253.7245828827162768 ) ) ;
#1283 = CARTESIAN_POINT ( 'NONE',  ( 177.5850246774854213, 19.22219652012901037, -244.2439498856165301 ) ) ;
#1284 = CARTESIAN_POINT ( 'NONE',  ( 165.0684645824442782, 19.22339652012901468, -233.0170204323015639 ) ) ;
#1285 = FACE_OUTER_BOUND ( 'NONE', #2115, .T. ) ;
#1286 = VERTEX_POINT ( 'NONE', #357 ) ;
#1287 = ORIENTED_EDGE ( 'NONE', *, *, #2135, .F. ) ;
#1288 = CARTESIAN_POINT ( 'NONE',  ( 152.5314824459745182, 19.22219652012901037, -235.0156672555947637 ) ) ;
#1289 = DIRECTION ( 'NONE',  ( 0.000000000000000000, 0.000000000000000000, 1.000000000000000000 ) ) ;
#1290 = DIRECTION ( 'NONE',  ( 0.000000000000000000, 1.000000000000000000, 0.000000000000000000 ) ) ;
#1291 = CARTESIAN_POINT ( 'NONE',  ( 167.7042682657269097, 19.22219652012899971, -234.5140403181172530 ) ) ;
#1292 = CARTESIAN_POINT ( 'NONE',  ( 169.4347824459745198, 15.52219652012900930, -228.5655672618047163 ) ) ;
#1293 = AXIS2_PLACEMENT_3D ( 'NONE', #4619, #1259, #977 ) ;
#1294 = CARTESIAN_POINT ( 'NONE',  ( 173.0258834729176556, 19.22219652012900326, -234.9013322779894395 ) ) ;
#1295 = ADVANCED_FACE ( 'NONE', ( #422 ), #2632, .T. ) ;
#1296 = DIRECTION ( 'NONE',  ( 0.000000000000000000, -1.000000000000000000, 0.000000000000000000 ) ) ;
#1297 = CARTESIAN_POINT ( 'NONE',  ( 172.5691820452304910, 18.72219652012902813, -253.0374062219874531 ) ) ;
#1298 = AXIS2_PLACEMENT_3D ( 'NONE', #1183, #4174, #812 ) ;
#1299 = CARTESIAN_POINT ( 'NONE',  ( 163.5640780385078301, 19.22219652012901392, -238.1776303085901247 ) ) ;
#1300 = CARTESIAN_POINT ( 'NONE',  ( 173.0734069303998695, 19.22219652012901392, -253.2906655205654545 ) ) ;
#1301 = CARTESIAN_POINT ( 'NONE',  ( 168.7687090136628854, 16.02219652012900752, -235.0156672555947353 ) ) ;
#1302 = VERTEX_POINT ( 'NONE', #3368 ) ;
#1303 = CARTESIAN_POINT ( 'NONE',  ( 179.4854820236051012, 16.82099652012788127, -249.7740478374657584 ) ) ;
#1304 = CARTESIAN_POINT ( 'NONE',  ( 168.2119581353922797, 19.22219652012901392, -253.7067782920570096 ) ) ;
#1305 = CARTESIAN_POINT ( 'NONE',  ( 177.5861062743983894, 19.22219652012901037, -244.1508096790869899 ) ) ;
#1306 = CARTESIAN_POINT ( 'NONE',  ( 167.5556790254632062, 19.22339652012901468, -232.5104352254396076 ) ) ;
#1307 = CARTESIAN_POINT ( 'NONE',  ( 162.9561984626650712, 19.22219652012900681, -249.1100802076402374 ) ) ;
#1308 = ORIENTED_EDGE ( 'NONE', *, *, #3545, .F. ) ;
#1309 = AXIS2_PLACEMENT_3D ( 'NONE', #1340, #1999, #1637 ) ;
#1310 = ORIENTED_EDGE ( 'NONE', *, *, #1238, .T. ) ;
#1311 = FACE_OUTER_BOUND ( 'NONE', #3616, .T. ) ;
#1312 = DIRECTION ( 'NONE',  ( 0.000000000000000000, 0.000000000000000000, 1.000000000000000000 ) ) ;
#1313 = CARTESIAN_POINT ( 'NONE',  ( 178.7022908376819998, 17.22219652012930879, -237.6233821521954042 ) ) ;
#1314 = CARTESIAN_POINT ( 'NONE',  ( 169.4347824459745198, 15.82219652012900646, -228.2655672618047333 ) ) ;
#1315 = CARTESIAN_POINT ( 'NONE',  ( 160.4162933875212502, 19.22339652012901468, -248.7684192538161767 ) ) ;
#1316 = CARTESIAN_POINT ( 'NONE',  ( 171.2188666416582237, 19.22219652012901747, -234.5127967592663083 ) ) ;
#1317 = EDGE_CURVE ( 'NONE', #3826, #3532, #3871, .T. ) ;
#1318 = CYLINDRICAL_SURFACE ( 'NONE', #2581, 1.000000000000000888 ) ;
#1319 = CARTESIAN_POINT ( 'NONE',  ( 171.2053373799417670, 18.72219652012902102, -253.2178764805957485 ) ) ;
#1320 = DIRECTION ( 'NONE',  ( 0.000000000000000000, -0.000000000000000000, -1.000000000000000000 ) ) ;
#1321 = AXIS2_PLACEMENT_3D ( 'NONE', #1873, #4147, #1228 ) ;
#1322 = AXIS2_PLACEMENT_3D ( 'NONE', #4633, #968, #3230 ) ;
#1323 = EDGE_CURVE ( 'NONE', #2218, #3366, #274, .T. ) ;
#1324 = CARTESIAN_POINT ( 'NONE',  ( 161.9200992754223307, 19.22219652012901392, -240.9665994586876536 ) ) ;
#1325 = B_SPLINE_SURFACE_WITH_KNOTS ( 'NONE', 1, 3, ( 
 ( #1333, #3926, #2018, #1355, #3170, #3878, #157, #2476, #548, #1283, #4272, #2784, #182, #1305, #2806, #569, #2064, #1143, #436, #4093, #4138, #1887, #1864, #3766, #368, #2270, #1471, #2207, #348, #1541, #3377, #731, #412, #3354, #1, #21, #3037, #4461, #2947, #2228, #2601, #4160, #2643, #2993, #3722, #1099, #1119, #1495, #4531, #4483, #773, #1911, #752, #1841, #1165, #2621, #1449, #1074, #3399, #4115, #3701, #2249, #45, #3744, #2667, #391, #796, #2292, #4434, #3791, #1515, #1935, #3012, #3428, #4507, #2971, #2578, #4069, #710, #3332, #4828, #3479, #850, #3916, #2345, #1193, #4209, #1565, #1643, #2369, #69, #4606, #1271, #2692, #2030, #3843, #1590, #145, #2771, #3061, #536, #1665, #2004, #4555, #488, #2424, #4580, #1294, #120, #2318, #1246, #2395, #4184, #3139, #4632, #560, #1220, #823, #3893, #171, #4236, #2748, #1959, #1616, #3160, #3503, #3525, #4259, #3114, #4653, #3453, #465, #93, #2055, #3817, #2796, #873, #4283, #3089, #2720, #1982, #3865, #898, #511, #923, #1415, #3300, #4793, #193, #2537, #4768, #1806, #2911, #2936, #4372, #1013 ),
 ( #3640, #4010, #4422, #646, #1688, #2144, #3546, #674, #1040, #3182, #4399, #310, #2887, #1439, #1782, #284, #2169, #4676, #1390, #2513, #3273, #4033, #3665, #1743, #324, #2470, #4044, #2873, #219, #3996, #295, #2080, #4386, #1025, #1818, #3967, #3944, #1793, #2922, #2129, #631, #4704, #4358, #4410, #1402, #3288, #4020, #1375, #1050, #1350, #3209, #2845, #3311, #3574, #4780, #3625, #2180, #4332, #971, #268, #1768, #2524, #607, #1719, #656, #4804, #2105, #2155, #3261, #3233, #1426, #4728, #3652, #3600, #243, #997, #2548, #4753, #2498, #685, #2899, #3678, #2822, #4310, #948, #2448, #585, #3816, #1981, #2460, #67, #2666, #2836, #4208, #2344, #3036, #1709, #597, #4529, #3199, #1164, #1615, #961, #3562, #119, #3933, #1244, #44, #575, #4695, #3478, #4159, #463, #3957, #4554, #1341, #92, #2291, #1219, #2440, #795, #3113, #4605, #2093, #1192, #3790, #2070, #209, #848, #2719, #1934, #1589, #4324, #2747, #1540, #4235, #3452, #435, #3427, #1564, #3060, #2691, #4183, #822, #3842, #2317, #1958, #3088, #487, #939, #4579, #1389, #2860, #3299, #2590, #2886 ) ),
 .UNSPECIFIED., .F., .F., .F.,
 ( 2, 2 ),
 ( 4, 2, 2, 2, 2, 2, 2, 2, 2, 2, 2, 2, 2, 2, 2, 2, 2, 2, 2, 2, 2, 2, 2, 2, 2, 2, 2, 2, 2, 2, 2, 2, 2, 2, 2, 2, 2, 2, 2, 2, 2, 2, 2, 2, 2, 2, 2, 2, 2, 2, 2, 2, 2, 2, 2, 2, 2, 2, 2, 2, 2, 2, 2, 2, 2, 2, 2, 2, 2, 2, 2, 2, 2, 2, 2, 2, 2, 4 ),
 ( 0.000000000000000000, 1.000000000000000000 ),
 ( 0.02155402907630452058, 0.02176693540676464395, 0.02187338857199470216, 0.02197984173722476384, 0.02203306831983979641, 0.02208629490245482552, 0.02213952148506985462, 0.02215282813072361190, 0.02216613477637736918, 0.02217278809920424781, 0.02217944142203112645, 0.02218609474485800509, 0.02219274806768488373, 0.02221936135899239828, 0.02224597465029991283, 0.02229920123291494541, 0.02240565439814500709, 0.02261856072860513045, 0.02283146705906525034, 0.02325727971998549359, 0.02368309238090573685, 0.02410890504182598010, 0.02453471770274622682, 0.02474762403320635018, 0.02496053036366647007, 0.02517343669412658996, 0.02538634302458671332, 0.02581215568550696005, 0.02623796834642720330, 0.02645087467688732319, 0.02666378100734744655, 0.02687668733780756991, 0.02708959366826768980, 0.02730249999872780969, 0.02751540632918793305, 0.02772831265964805642, 0.02794121899010817631, 0.02836703165102841956, 0.02921865697286890606, 0.03007028229470939604, 0.03049609495562963929, 0.03092190761654988601, 0.03113481394701000590, 0.03134772027747012579, 0.03156062660793024915, 0.03166707977316031430, 0.03177353293839037252, 0.03187998610362043073, 0.03198643926885049588, 0.03209289243408056103, 0.03219934559931061924, 0.03230579876454067745, 0.03241225192977073566, 0.03251870509500079387, 0.03262515826023085902, 0.03273161142546092417, 0.03283806459069098238, 0.03294451775592104059, 0.03305097092115109880, 0.03315742408638115701, 0.03326387725161122216, 0.03337033041684128731, 0.03347678358207134552, 0.03368968991253146888, 0.03390259624299159225, 0.03411550257345170867, 0.03432840890391183203, 0.03443486206914189718, 0.03448808865175692628, 0.03454131523437195539, 0.03456792852567946994, 0.03459454181698698449, 0.03464776839960201360, 0.03470099498221704271, 0.03475422156483207181, 0.03486067473006213002, 0.03496712789529219517, 0.03518003422575231853 ),
 .UNSPECIFIED. ) ;
#1326 = CARTESIAN_POINT ( 'NONE',  ( 172.9194654896378438, 19.22219652012901037, -253.4088043348976385 ) ) ;
#1327 = CARTESIAN_POINT ( 'NONE',  ( 161.0004342518059559, 17.22219652012899616, -236.3312530693209510 ) ) ;
#1328 = VECTOR ( 'NONE', #3911, 1000.000000000000114 ) ;
#1329 = CARTESIAN_POINT ( 'NONE',  ( 173.8206568667189629, 16.82099652012901103, -256.7553748024541846 ) ) ;
#1330 = CARTESIAN_POINT ( 'NONE',  ( 166.4997786718408292, 19.22219652012900681, -253.6502841047980041 ) ) ;
#1331 = EDGE_CURVE ( 'NONE', #3470, #1829, #4320, .T. ) ;
#1332 = EDGE_CURVE ( 'NONE', #3241, #3826, #3381, .T. ) ;
#1333 = CARTESIAN_POINT ( 'NONE',  ( 177.5792536044509689, 19.22219652012901037, -244.7406978011625824 ) ) ;
#1334 = EDGE_CURVE ( 'NONE', #1706, #766, #4844, .T. ) ;
#1335 = CARTESIAN_POINT ( 'NONE',  ( 160.7732439107184348, 19.22339652012986377, -238.8242971883460086 ) ) ;
#1336 = CARTESIAN_POINT ( 'NONE',  ( 162.9002861281209960, 19.22219652012900681, -249.0239753097373807 ) ) ;
#1337 = ORIENTED_EDGE ( 'NONE', *, *, #727, .T. ) ;
#1338 = VERTEX_POINT ( 'NONE', #402 ) ;
#1339 = CARTESIAN_POINT ( 'NONE',  ( 177.9540964738596358, 17.36014885321262469, -252.9536246398685364 ) ) ;
#1340 = CARTESIAN_POINT ( 'NONE',  ( 169.4347824459745198, 15.82219652012900646, -244.1155672618047277 ) ) ;
#1341 = CARTESIAN_POINT ( 'NONE',  ( 172.4548363360530345, 18.72219652012901747, -235.1358690440243038 ) ) ;
#1342 = CARTESIAN_POINT ( 'NONE',  ( 178.4393355779584169, 17.22219652012930879, -237.2178190656243260 ) ) ;
#1343 = CARTESIAN_POINT ( 'NONE',  ( 171.0601266922769810, 17.79826191954236592, -231.6935582309123731 ) ) ;
#1344 = AXIS2_PLACEMENT_3D ( 'NONE', #2696, #98, #49 ) ;
#1345 = CARTESIAN_POINT ( 'NONE',  ( 166.2160592101726877, 19.22339652012943745, -255.6363481659549279 ) ) ;
#1346 = DIRECTION ( 'NONE',  ( 0.000000000000000000, -1.000000000000000000, 0.000000000000000000 ) ) ;
#1347 = CARTESIAN_POINT ( 'NONE',  ( 156.6222885435369108, 19.22219652012901037, -240.3655672618047845 ) ) ;
#1348 = CARTESIAN_POINT ( 'NONE',  ( 177.0005784389711323, 19.22219652012902102, -247.1400238585410420 ) ) ;
#1349 = CARTESIAN_POINT ( 'NONE',  ( 166.3622872700992161, 18.72219652012902102, -235.1597874314126386 ) ) ;
#1350 = CARTESIAN_POINT ( 'NONE',  ( 176.6127971615698016, 18.72219652012902102, -241.4728546783431113 ) ) ;
#1351 = CARTESIAN_POINT ( 'NONE',  ( 172.6928754971640103, 19.22219652012900681, -253.5373832013598303 ) ) ;
#1352 = CARTESIAN_POINT ( 'NONE',  ( 161.7830824459745145, 16.87219652012900895, -244.1155672618047277 ) ) ;
#1353 = CARTESIAN_POINT ( 'NONE',  ( 174.7123709762752242, 16.82099652012901103, -256.2825039490963945 ) ) ;
#1354 = CARTESIAN_POINT ( 'NONE',  ( 162.9595850827400341, 18.72219652012902102, -248.1872802753307212 ) ) ;
#1355 = CARTESIAN_POINT ( 'NONE',  ( 177.5821391409681667, 19.22219652012901037, -244.4923238433895563 ) ) ;
#1356 = CARTESIAN_POINT ( 'NONE',  ( 167.8007185048123802, 19.22219652012901037, -232.5156672555947353 ) ) ;
#1357 = CARTESIAN_POINT ( 'NONE',  ( 162.4281023021090107, 19.22219652012901747, -248.2729348480870044 ) ) ;
#1358 = EDGE_LOOP ( 'NONE', ( #1650, #444, #452, #1106, #3121 ) ) ;
#1359 = EDGE_CURVE ( 'NONE', #4691, #137, #352, .T. ) ;
#1360 = ORIENTED_EDGE ( 'NONE', *, *, #99, .F. ) ;
#1361 = CARTESIAN_POINT ( 'NONE',  ( 167.5556347324840942, 19.22219652012901392, -255.7213936410680049 ) ) ;
#1362 = CARTESIAN_POINT ( 'NONE',  ( 178.1818555679481619, 18.53282251470066555, -253.6676751925071471 ) ) ;
#1363 = CARTESIAN_POINT ( 'NONE',  ( 153.6341495472580618, 19.22219652012901037, -245.3655672618047561 ) ) ;
#1364 = CARTESIAN_POINT ( 'NONE',  ( 175.2170189929683772, 19.22339652012901468, -234.3892973701217386 ) ) ;
#1365 = CARTESIAN_POINT ( 'NONE',  ( 178.8840649928896767, 17.22219652012930879, -237.9062565542871823 ) ) ;
#1366 = FACE_OUTER_BOUND ( 'NONE', #4669, .T. ) ;
#1367 = ORIENTED_EDGE ( 'NONE', *, *, #3934, .F. ) ;
#1368 = CARTESIAN_POINT ( 'NONE',  ( 162.6958287573470159, 16.82099652012943736, -254.8884268781477260 ) ) ;
#1369 = DIRECTION ( 'NONE',  ( 0.000000000000000000, -1.000000000000000000, 0.000000000000000000 ) ) ;
#1370 = CARTESIAN_POINT ( 'NONE',  ( 178.7801903421543557, 18.52219652012901108, -256.4813810746526315 ) ) ;
#1371 = CARTESIAN_POINT ( 'NONE',  ( 176.9731447744489685, 19.22219652012901037, -247.2069020620876927 ) ) ;
#1372 = CARTESIAN_POINT ( 'NONE',  ( 167.7251169452875956, 18.72219652012903168, -235.0146245373455827 ) ) ;
#1373 = DIRECTION ( 'NONE',  ( 0.000000000000000000, 0.000000000000000000, 1.000000000000000000 ) ) ;
#1374 = B_SPLINE_CURVE_WITH_KNOTS ( 'NONE', 3,
 ( #2061, #495, #2727, #4217, #1989, #2825 ),
 .UNSPECIFIED., .F., .F.,
 ( 4, 1, 1, 4 ),
 ( 0.000000000000000000, 0.2308674975164596854, 0.2829889631948796502, 0.4107354398754540226 ),
 .UNSPECIFIED. ) ;
#1375 = CARTESIAN_POINT ( 'NONE',  ( 176.6824125872651621, 18.72219652012902102, -241.6662733685056992 ) ) ;
#1376 = CARTESIAN_POINT ( 'NONE',  ( 173.4838404119134339, 19.22219652012901037, -252.8279553586567090 ) ) ;
#1377 = AXIS2_PLACEMENT_3D ( 'NONE', #2913, #3691, #700 ) ;
#1378 = CARTESIAN_POINT ( 'NONE',  ( 169.4347824459745198, 17.22219652012900681, -244.1155672618047277 ) ) ;
#1379 = CARTESIAN_POINT ( 'NONE',  ( 171.3645281388523074, 16.82099652012901103, -257.1098019895342190 ) ) ;
#1380 = CARTESIAN_POINT ( 'NONE',  ( 165.7599775623849609, 18.72219652012903168, -252.4924002803263363 ) ) ;
#1381 = CARTESIAN_POINT ( 'NONE',  ( 179.3701003039566615, 17.22219652012810087, -249.5031820621628640 ) ) ;
#1382 = CARTESIAN_POINT ( 'NONE',  ( 166.4294194833145752, 16.82099652012901103, -231.1529781788202911 ) ) ;
#1383 = CARTESIAN_POINT ( 'NONE',  ( 163.3312045068857969, 19.22219652012901037, -249.6910150568087374 ) ) ;
#1384 = VERTEX_POINT ( 'NONE', #1180 ) ;
#1385 = ORIENTED_EDGE ( 'NONE', *, *, #576, .F. ) ;
#1386 = CARTESIAN_POINT ( 'NONE',  ( 161.5383290978483046, 17.22219652012756796, -252.7377125083253304 ) ) ;
#1387 = CARTESIAN_POINT ( 'NONE',  ( 178.4035647941600189, 19.05085702385198942, -253.8702182960535083 ) ) ;
#1388 = CARTESIAN_POINT ( 'NONE',  ( 171.0945824448864414, 18.72219652012902813, -235.0156672555947353 ) ) ;
#1389 = CARTESIAN_POINT ( 'NONE',  ( 170.7580226625530599, 18.72219652012902458, -235.0224374290385754 ) ) ;
#1390 = CARTESIAN_POINT ( 'NONE',  ( 177.0864499369003795, 18.72219652012902458, -244.1183606293873822 ) ) ;
#1391 = CIRCLE ( 'NONE', #214, 12.19529946162073486 ) ;
#1392 = EDGE_CURVE ( 'NONE', #4057, #4101, #807, .T. ) ;
#1393 = VERTEX_POINT ( 'NONE', #4102 ) ;
#1394 = CARTESIAN_POINT ( 'NONE',  ( 161.7830824459745145, 15.52219652012900930, -244.1155672618047277 ) ) ;
#1395 = VERTEX_POINT ( 'NONE', #741 ) ;
#1396 = CARTESIAN_POINT ( 'NONE',  ( 167.5879144921100874, 16.82099652012901103, -257.1073976811260877 ) ) ;
#1397 = CARTESIAN_POINT ( 'NONE',  ( 163.9478820829277481, 15.52219652012900930, -249.7081663169822718 ) ) ;
#1398 = DIRECTION ( 'NONE',  ( -5.883988500516049790E-15, -0.5000000000000009992, 0.8660254037844380415 ) ) ;
#1399 = VERTEX_POINT ( 'NONE', #2238 ) ;
#1400 = CARTESIAN_POINT ( 'NONE',  ( 166.5298703853536892, 18.72219652012901392, -235.0915031327947133 ) ) ;
#1401 = CARTESIAN_POINT ( 'NONE',  ( 177.0876852883358481, 19.22219652012901037, -241.3153917144284719 ) ) ;
#1402 = CARTESIAN_POINT ( 'NONE',  ( 176.8070469335946768, 18.72219652012903879, -242.0583968511924979 ) ) ;
#1403 = CARTESIAN_POINT ( 'NONE',  ( 176.1855049951087722, 19.22219652012901392, -248.6892212404358418 ) ) ;
#1404 = CARTESIAN_POINT ( 'NONE',  ( 169.4347824459745198, 18.72219652012902458, -244.1155672618047277 ) ) ;
#1405 = CARTESIAN_POINT ( 'NONE',  ( 178.3963604561136265, 16.82099652012901103, -251.5070547255616873 ) ) ;
#1406 = VECTOR ( 'NONE', #3148, 1000.000000000000000 ) ;
#1407 = CARTESIAN_POINT ( 'NONE',  ( 165.6186875490970181, 18.72219652012902458, -252.2911909813818738 ) ) ;
#1408 = CARTESIAN_POINT ( 'NONE',  ( 171.8808149551384190, 19.22219652012901392, -255.7224949236490090 ) ) ;
#1409 = CARTESIAN_POINT ( 'NONE',  ( 162.6912693643089938, 16.82099652012901103, -233.3488530869126691 ) ) ;
#1410 = CARTESIAN_POINT ( 'NONE',  ( 163.2489304510688726, 19.22219652012901037, -249.5632112661137114 ) ) ;
#1411 = ORIENTED_EDGE ( 'NONE', *, *, #2251, .F. ) ;
#1412 = CARTESIAN_POINT ( 'NONE',  ( 160.3396996305563960, 17.22219652012774205, -250.8733164982950257 ) ) ;
#1413 = LINE ( 'NONE', #619, #3031 ) ;
#1414 = CARTESIAN_POINT ( 'NONE',  ( 178.0370191907098842, 19.22339652012901468, -238.7302445204313983 ) ) ;
#1415 = CARTESIAN_POINT ( 'NONE',  ( 170.9793516410336167, 19.22219652012901392, -234.5178840655825638 ) ) ;
#1416 = DIRECTION ( 'NONE',  ( 0.000000000000000000, 0.000000000000000000, -1.000000000000000000 ) ) ;
#1417 = DIRECTION ( 'NONE',  ( 0.000000000000000000, 0.000000000000000000, 1.000000000000000000 ) ) ;
#1418 = ORIENTED_EDGE ( 'NONE', *, *, #1930, .F. ) ;
#1419 = CARTESIAN_POINT ( 'NONE',  ( 163.3184858055894040, 19.22339652012729871, -253.3531275947480879 ) ) ;
#1420 = CARTESIAN_POINT ( 'NONE',  ( 173.4290480920414836, 16.22219652012901037, -236.2007960937864652 ) ) ;
#1421 = CARTESIAN_POINT ( 'NONE',  ( 169.4347824459745198, 19.22219652012901037, -259.4655672618047788 ) ) ;
#1422 = ORIENTED_EDGE ( 'NONE', *, *, #777, .T. ) ;
#1423 = ADVANCED_FACE ( 'NONE', ( #1526 ), #3024, .T. ) ;
#1424 = CARTESIAN_POINT ( 'NONE',  ( 166.0312388473486180, 18.72219652012901747, -235.4041264193775191 ) ) ;
#1425 = CARTESIAN_POINT ( 'NONE',  ( 174.5861253524423375, 19.22219652012901747, -237.0579687888305500 ) ) ;
#1426 = CARTESIAN_POINT ( 'NONE',  ( 175.3948079402817655, 18.72219652012902102, -239.2401292507854578 ) ) ;
#1427 = CARTESIAN_POINT ( 'NONE',  ( 174.8594397642857814, 19.22219652012901392, -250.7484666999882279 ) ) ;
#1428 = DIRECTION ( 'NONE',  ( 0.000000000000000000, 0.000000000000000000, 1.000000000000000000 ) ) ;
#1429 = CARTESIAN_POINT ( 'NONE',  ( 163.7055018195574121, 17.76276137445790582, -255.2362354428402398 ) ) ;
#1430 = CARTESIAN_POINT ( 'NONE',  ( 162.5784210377778720, 18.72219652012903879, -247.5011500192661344 ) ) ;
#1431 = CARTESIAN_POINT ( 'NONE',  ( 170.6015307199654956, 19.22219652012901747, -253.7056502770248585 ) ) ;
#1432 = CARTESIAN_POINT ( 'NONE',  ( 160.2074488416151610, 16.82099652012901103, -237.1358197859604502 ) ) ;
#1433 = CARTESIAN_POINT ( 'NONE',  ( 164.6024746612951049, 19.22219652012900681, -251.6657020775178637 ) ) ;
#1434 = EDGE_LOOP ( 'NONE', ( #253, #2739, #2728, #2021 ) ) ;
#1435 = CARTESIAN_POINT ( 'NONE',  ( 172.2720240960949241, 15.52219652012900930, -234.9645595636221458 ) ) ;
#1436 = B_SPLINE_CURVE_WITH_KNOTS ( 'NONE', 3,
 ( #3523, #3450, #870, #3863, #169, #3914, #508, #2028 ),
 .UNSPECIFIED., .F., .F.,
 ( 4, 1, 1, 1, 1, 4 ),
 ( 0.000000000000000000, 0.1793389771629854967, 0.2257350516910194005, 0.4374912237704146056, 0.4896126894495214654, 0.7204801869721632057 ),
 .UNSPECIFIED. ) ;
#1437 = CARTESIAN_POINT ( 'NONE',  ( 153.6341495472580618, 18.72219652012902458, -245.3655672618047561 ) ) ;
#1438 = CARTESIAN_POINT ( 'NONE',  ( 175.0028556669245177, 19.22339652012901468, -234.0958778988100164 ) ) ;
#1439 = CARTESIAN_POINT ( 'NONE',  ( 177.0861400189358221, 18.72219652012902102, -244.1450035415329012 ) ) ;
#1440 = ORIENTED_EDGE ( 'NONE', *, *, #2200, .T. ) ;
#1441 = CARTESIAN_POINT ( 'NONE',  ( 171.0627503440798023, 18.22417686090506450, -256.2916741807142103 ) ) ;
#1442 = ORIENTED_EDGE ( 'NONE', *, *, #2523, .F. ) ;
#1443 = DIRECTION ( 'NONE',  ( 0.000000000000000000, -1.000000000000000000, 0.000000000000000000 ) ) ;
#1444 = FACE_OUTER_BOUND ( 'NONE', #314, .T. ) ;
#1445 = FACE_OUTER_BOUND ( 'NONE', #4564, .T. ) ;
#1446 = ORIENTED_EDGE ( 'NONE', *, *, #131, .T. ) ;
#1447 = CARTESIAN_POINT ( 'NONE',  ( 165.8295688360573479, 18.72219652012903879, -235.6434084688922326 ) ) ;
#1448 = CARTESIAN_POINT ( 'NONE',  ( 174.6341773290544097, 19.22219652012900681, -237.1324951289944352 ) ) ;
#1449 = CARTESIAN_POINT ( 'NONE',  ( 176.6388330956997947, 19.22219652012901392, -240.3108884453468761 ) ) ;
#1450 = CARTESIAN_POINT ( 'NONE',  ( 175.8665071078826259, 19.22219652012900681, -249.1824239455210090 ) ) ;
#1451 = DIRECTION ( 'NONE',  ( 0.000000000000000000, -1.000000000000000000, 0.000000000000000000 ) ) ;
#1452 = CARTESIAN_POINT ( 'NONE',  ( 163.3302513635213131, 18.72219652012902102, -248.7679844686855972 ) ) ;
#1453 = CARTESIAN_POINT ( 'NONE',  ( 178.6875076643310081, 17.22219652012782021, -250.6305314938280162 ) ) ;
#1454 = CARTESIAN_POINT ( 'NONE',  ( 167.7131355362703573, 16.82099652012901103, -231.1271818187551332 ) ) ;
#1455 = CARTESIAN_POINT ( 'NONE',  ( 163.9206944875197109, 19.22219652012901392, -250.6092091430185462 ) ) ;
#1456 = ORIENTED_EDGE ( 'NONE', *, *, #957, .F. ) ;
#1457 = CARTESIAN_POINT ( 'NONE',  ( 159.6850958819996151, 18.97219652012900326, -235.9411155843644110 ) ) ;
#1458 = LINE ( 'NONE', #2885, #292 ) ;
#1459 = CARTESIAN_POINT ( 'NONE',  ( 171.0688609729355107, 19.22339652012901468, -232.5163599223188271 ) ) ;
#1460 = EDGE_LOOP ( 'NONE', ( #2096, #2139, #3510, #3195, #3690, #4690, #2508, #4450, #1704, #2944, #2612, #4737, #621 ) ) ;
#1461 = DIRECTION ( 'NONE',  ( -1.000000000000000000, 0.000000000000000000, 0.000000000000000000 ) ) ;
#1462 = CARTESIAN_POINT ( 'NONE',  ( 177.5868893279227905, 19.22219652012899971, -244.1646582198575572 ) ) ;
#1463 = ORIENTED_EDGE ( 'NONE', *, *, #2135, .T. ) ;
#1464 = CARTESIAN_POINT ( 'NONE',  ( 159.5907472733885299, 16.82099652012986368, -250.1325535315878597 ) ) ;
#1465 = CARTESIAN_POINT ( 'NONE',  ( 172.5087847513449049, 18.72219652012902813, -234.9444555234260577 ) ) ;
#1466 = CARTESIAN_POINT ( 'NONE',  ( 167.7749824448864331, 18.72219652013330915, -235.0156672555947353 ) ) ;
#1467 = ORIENTED_EDGE ( 'NONE', *, *, #2892, .F. ) ;
#1468 = AXIS2_PLACEMENT_3D ( 'NONE', #4717, #938, #1312 ) ;
#1469 = CARTESIAN_POINT ( 'NONE',  ( 164.7802012109515601, 19.22219652012900681, -236.2934053432032613 ) ) ;
#1470 = CARTESIAN_POINT ( 'NONE',  ( 173.7273718732272414, 19.22219652012901037, -235.7509715312701246 ) ) ;
#1471 = CARTESIAN_POINT ( 'NONE',  ( 177.5867924623111946, 19.22219652012898550, -244.0842859538134633 ) ) ;
#1472 = B_SPLINE_CURVE_WITH_KNOTS ( 'NONE', 3,
 ( #758, #1170, #2673, #1594, #2296, #395, #25, #3846 ),
 .UNSPECIFIED., .F., .F.,
 ( 4, 1, 1, 1, 1, 4 ),
 ( 0.000000000000000000, 0.3461401519469979315, 0.4242859812374213391, 0.7417724804968099939, 0.8113342181153021526, 1.000000000000000000 ),
 .UNSPECIFIED. ) ;
#1473 = CARTESIAN_POINT ( 'NONE',  ( 175.9527143591350864, 19.22219652012900681, -249.0494625516700751 ) ) ;
#1474 = CARTESIAN_POINT ( 'NONE',  ( 174.3873728698393961, 18.72219652012903168, -250.5583275380510599 ) ) ;
#1475 = CARTESIAN_POINT ( 'NONE',  ( 161.3088594151550126, 19.22219652012901392, -250.2455713864816857 ) ) ;
#1476 = DIRECTION ( 'NONE',  ( 0.000000000000000000, -1.000000000000000000, 0.000000000000000000 ) ) ;
#1477 = CARTESIAN_POINT ( 'NONE',  ( 164.4018734239612627, 19.22219652012900681, -236.8745642491697936 ) ) ;
#1478 = CARTESIAN_POINT ( 'NONE',  ( 165.8977319150774861, 19.22219652012901392, -253.3717091602593143 ) ) ;
#1479 = ORIENTED_EDGE ( 'NONE', *, *, #894, .F. ) ;
#1480 = PRODUCT_DEFINITION_CONTEXT ( 'detailed design', #2844, 'design' ) ;
#1481 = ADVANCED_FACE ( 'NONE', ( #4150 ), #2281, .F. ) ;
#1482 = CARTESIAN_POINT ( 'NONE',  ( 169.4347824459745198, 17.70656546610593196, -231.6406172588370964 ) ) ;
#1483 = CARTESIAN_POINT ( 'NONE',  ( 168.3512194708018228, 17.73713095872598799, -231.6582642542292092 ) ) ;
#1484 = AXIS2_PLACEMENT_3D ( 'NONE', #2693, #490, #1983 ) ;
#1485 = CARTESIAN_POINT ( 'NONE',  ( 176.0741946614160440, 16.82099652012901103, -233.2137197865317546 ) ) ;
#1486 = VERTEX_POINT ( 'NONE', #2039 ) ;
#1487 = CARTESIAN_POINT ( 'NONE',  ( 172.9244154290796871, 19.22339652012901468, -255.5723902394914546 ) ) ;
#1488 = CARTESIAN_POINT ( 'NONE',  ( 175.8140930346662003, 19.22219652012901037, -249.2634043346938597 ) ) ;
#1489 = VECTOR ( 'NONE', #2637, 1000.000000000000000 ) ;
#1490 = CARTESIAN_POINT ( 'NONE',  ( 172.6820997986632165, 16.22219652012901037, -235.2681737837698108 ) ) ;
#1491 = FILL_AREA_STYLE ('',( #2222 ) ) ;
#1492 = CARTESIAN_POINT ( 'NONE',  ( 156.6222885435453236, 19.22219652012901037, -247.8655672618335188 ) ) ;
#1493 = CARTESIAN_POINT ( 'NONE',  ( 162.4346068513503667, 19.22219652012901037, -239.9468564380325972 ) ) ;
#1494 = CARTESIAN_POINT ( 'NONE',  ( 175.6936261513879174, 19.22219652012901037, -238.7812457973854237 ) ) ;
#1495 = CARTESIAN_POINT ( 'NONE',  ( 177.1550821959261555, 19.22219652012901037, -241.5031682433734375 ) ) ;
#1496 = CARTESIAN_POINT ( 'NONE',  ( 174.1398418695855810, 19.22219652012900681, -251.8605395805908529 ) ) ;
#1497 = CARTESIAN_POINT ( 'NONE',  ( 176.4316229754389269, 18.72219652012903168, -247.2027134494234133 ) ) ;
#1498 = CARTESIAN_POINT ( 'NONE',  ( 167.7735685481580958, 18.72219652012903168, -253.2154955004697854 ) ) ;
#1499 = CARTESIAN_POINT ( 'NONE',  ( 175.4946830218967762, 19.22219652012901392, -253.4370804656781502 ) ) ;
#1500 = CARTESIAN_POINT ( 'NONE',  ( 166.6445311178322299, 19.22219652012900681, -234.5501486219272067 ) ) ;
#1501 = CARTESIAN_POINT ( 'NONE',  ( 164.9956785947417472, 19.22219652012901037, -252.2628827441085093 ) ) ;
#1502 = DIRECTION ( 'NONE',  ( 1.137962036232779920E-14, 0.000000000000000000, -1.000000000000000000 ) ) ;
#1503 = VERTEX_POINT ( 'NONE', #3903 ) ;
#1504 = CARTESIAN_POINT ( 'NONE',  ( 161.5679442431903396, 19.22219652012901037, -241.9276877822907466 ) ) ;
#1505 = CARTESIAN_POINT ( 'NONE',  ( 162.2475430560585039, 19.22219652012901392, -247.9500653708181801 ) ) ;
#1506 = CARTESIAN_POINT ( 'NONE',  ( 176.9183229218861300, 16.82099652012901103, -234.4320962637275159 ) ) ;
#1507 = EDGE_CURVE ( 'NONE', #1177, #332, #3198, .T. ) ;
#1508 = ORIENTED_EDGE ( 'NONE', *, *, #1566, .F. ) ;
#1509 = CARTESIAN_POINT ( 'NONE',  ( 177.5817365714845550, 19.22219652012900681, -244.4839365599347616 ) ) ;
#1510 = CARTESIAN_POINT ( 'NONE',  ( 167.8094379832177765, 17.79826194396560624, -231.6935582450131506 ) ) ;
#1511 = CONICAL_SURFACE ( 'NONE', #2366, 15.35000000000002984, 0.7853981633974378429 ) ;
#1512 = CARTESIAN_POINT ( 'NONE',  ( 163.3141934943882916, 19.22219652012901392, -234.8832062351237369 ) ) ;
#1513 = CARTESIAN_POINT ( 'NONE',  ( 163.5338452676560053, 19.22219652012901392, -238.2248637832346674 ) ) ;
#1514 = CARTESIAN_POINT ( 'NONE',  ( 175.9115895304157675, 19.22219652012901392, -239.1182931442584447 ) ) ;
#1515 = CARTESIAN_POINT ( 'NONE',  ( 175.8146794157134991, 19.22219652012901392, -238.9686371054171161 ) ) ;
#1516 = B_SPLINE_CURVE_WITH_KNOTS ( 'NONE', 3,
 ( #669, #1435, #2215, #4815 ),
 .UNSPECIFIED., .F., .F.,
 ( 4, 4 ),
 ( 0.5157975657249425083, 0.7204801869721649821 ),
 .UNSPECIFIED. ) ;
#1517 = CARTESIAN_POINT ( 'NONE',  ( 161.8807870808949758, 18.72219652012901747, -242.8655672618047561 ) ) ;
#1518 = CARTESIAN_POINT ( 'NONE',  ( 176.2572555932826504, 18.72219652012901747, -247.5693928051988735 ) ) ;
#1519 = CARTESIAN_POINT ( 'NONE',  ( 168.0749801555998602, 18.72219652012902458, -253.2094325641564012 ) ) ;
#1520 = CARTESIAN_POINT ( 'NONE',  ( 173.9643221252407272, 19.22219652012901392, -255.1149000976653554 ) ) ;
#1521 = CARTESIAN_POINT ( 'NONE',  ( 165.4187767699207257, 19.22219652012901037, -235.3583781015695138 ) ) ;
#1522 = CARTESIAN_POINT ( 'NONE',  ( 164.6454877345985608, 19.22219652012901747, -251.7316812243326467 ) ) ;
#1523 = CARTESIAN_POINT ( 'NONE',  ( 169.4347824459745198, 18.52219652012901108, -244.1155672618047277 ) ) ;
#1524 = ORIENTED_EDGE ( 'NONE', *, *, #1537, .F. ) ;
#1525 = CARTESIAN_POINT ( 'NONE',  ( 161.8698218838165417, 18.72219652012902102, -242.9080193775426153 ) ) ;
#1526 = FACE_OUTER_BOUND ( 'NONE', #3608, .T. ) ;
#1527 = AXIS2_PLACEMENT_3D ( 'NONE', #3536, #3514, #4709 ) ;
#1528 = DIRECTION ( 'NONE',  ( 0.000000000000000000, -1.000000000000000000, 0.000000000000000000 ) ) ;
#1529 = CARTESIAN_POINT ( 'NONE',  ( 172.3747898998265100, 16.82099652012901103, -231.1517811000138067 ) ) ;
#1530 = VERTEX_POINT ( 'NONE', #476 ) ;
#1531 = CARTESIAN_POINT ( 'NONE',  ( 173.5255856408887496, 19.22219652012900326, -252.7703178712941110 ) ) ;
#1532 = AXIS2_PLACEMENT_3D ( 'NONE', #4035, #4424, #648 ) ;
#1533 = CARTESIAN_POINT ( 'NONE',  ( 169.4347824459745198, 15.52219652012900930, -244.1155672618047277 ) ) ;
#1534 = ADVANCED_FACE ( 'NONE', ( #107 ), #3466, .T. ) ;
#1535 = CARTESIAN_POINT ( 'NONE',  ( 167.3108439553050744, 19.22219652012901392, -232.5060428475704555 ) ) ;
#1536 = CARTESIAN_POINT ( 'NONE',  ( 165.1346972990498898, 19.22219652012901392, -235.7618229462038641 ) ) ;
#1537 = EDGE_CURVE ( 'NONE', #1071, #1016, #1602, .T. ) ;
#1538 = CARTESIAN_POINT ( 'NONE',  ( 172.6882200341808016, 19.22219652012901392, -234.6916643583979294 ) ) ;
#1539 = EDGE_CURVE ( 'NONE', #3584, #4540, #2099, .T. ) ;
#1540 = CARTESIAN_POINT ( 'NONE',  ( 171.2580235742204025, 18.72219652012901747, -235.0120406208197892 ) ) ;
#1541 = CARTESIAN_POINT ( 'NONE',  ( 177.5869711777687598, 19.22219652012902458, -244.0310883761765410 ) ) ;
#1542 = CARTESIAN_POINT ( 'NONE',  ( 173.5965465985596268, 18.04695085491930939, -256.0952386226883277 ) ) ;
#1543 = CIRCLE ( 'NONE', #3733, 0.9000000000000119016 ) ;
#1544 = CARTESIAN_POINT ( 'NONE',  ( 175.1608656052157755, 18.72219652012902813, -249.3536362777032025 ) ) ;
#1545 = CARTESIAN_POINT ( 'NONE',  ( 166.2838921985414800, 18.72219652012902458, -253.0276492760460485 ) ) ;
#1546 = CARTESIAN_POINT ( 'NONE',  ( 175.0754367292875031, 19.22219652012901392, -254.0431142113466194 ) ) ;
#1547 = CARTESIAN_POINT ( 'NONE',  ( 164.7107592457042244, 19.22219652012901392, -236.3995504342722995 ) ) ;
#1548 = CARTESIAN_POINT ( 'NONE',  ( 167.7475996181920550, 19.22219652012901392, -253.7161259757642711 ) ) ;
#1549 = DIRECTION ( 'NONE',  ( 0.000000000000000000, -1.000000000000000000, 0.000000000000000000 ) ) ;
#1550 = ORIENTED_EDGE ( 'NONE', *, *, #459, .F. ) ;
#1551 = CARTESIAN_POINT ( 'NONE',  ( 162.9278282877676247, 18.72219652012902102, -240.0960022952319548 ) ) ;
#1552 = CARTESIAN_POINT ( 'NONE',  ( 167.7800347707572541, 19.22219652012901037, -253.7154674965209722 ) ) ;
#1553 = CARTESIAN_POINT ( 'NONE',  ( 165.1346973014354660, 19.22219652012902102, -252.4693115807978359 ) ) ;
#1554 = CARTESIAN_POINT ( 'NONE',  ( 179.5915171951167792, 19.22339652012901468, -243.4595446693439271 ) ) ;
#1555 = FACE_BOUND ( 'NONE', #1460, .T. ) ;
#1556 = ORIENTED_EDGE ( 'NONE', *, *, #3696, .F. ) ;
#1557 = CARTESIAN_POINT ( 'NONE',  ( 171.6785339464583160, 19.22219652012901037, -253.7248443960248778 ) ) ;
#1558 = CARTESIAN_POINT ( 'NONE',  ( 167.7800347707572541, 19.22219652012901037, -253.7154674965209722 ) ) ;
#1559 = CARTESIAN_POINT ( 'NONE',  ( 179.5298307521078982, 19.22219652012676860, -242.8148726559352042 ) ) ;
#1560 = AXIS2_PLACEMENT_3D ( 'NONE', #4480, #1398, #2150 ) ;
#1561 = CARTESIAN_POINT ( 'NONE',  ( 161.1028799307382258, 19.22219652012901392, -238.3025700163127567 ) ) ;
#1562 = CARTESIAN_POINT ( 'NONE',  ( 161.7088112074147830, 19.22219652012900681, -241.5198717775211890 ) ) ;
#1563 = CARTESIAN_POINT ( 'NONE',  ( 171.7060783898733121, 19.22219652012901392, -234.5070971572472160 ) ) ;
#1564 = CARTESIAN_POINT ( 'NONE',  ( 171.1053130543915017, 18.72219652012903524, -235.0154508171749512 ) ) ;
#1565 = CARTESIAN_POINT ( 'NONE',  ( 173.7490861962124882, 19.22219652012900326, -235.7827450562016054 ) ) ;
#1566 = EDGE_CURVE ( 'NONE', #598, #3985, #3624, .T. ) ;
#1567 = DIRECTION ( 'NONE',  ( 0.000000000000000000, -0.000000000000000000, -1.000000000000000000 ) ) ;
#1568 = CARTESIAN_POINT ( 'NONE',  ( 175.7807869799730440, 18.72219652012902813, -248.3941105678618442 ) ) ;
#1569 = CARTESIAN_POINT ( 'NONE',  ( 166.1890066705481956, 18.72219652012902813, -252.9643687537999028 ) ) ;
#1570 = CARTESIAN_POINT ( 'NONE',  ( 179.2115608337950619, 19.22219652012901392, -246.8573933120376296 ) ) ;
#1571 = CARTESIAN_POINT ( 'NONE',  ( 162.5054050289959093, 19.22219652012901037, -239.8286460649849801 ) ) ;
#1572 = CARTESIAN_POINT ( 'NONE',  ( 167.3050674687802655, 19.22219652012901392, -253.7245702584736762 ) ) ;
#1573 = CARTESIAN_POINT ( 'NONE',  ( 169.4347824459745198, 17.22219652012900681, -244.1155672618047277 ) ) ;
#1574 = ORIENTED_EDGE ( 'NONE', *, *, #3782, .T. ) ;
#1575 = CARTESIAN_POINT ( 'NONE',  ( 178.7148581005465076, 19.22339652012901468, -248.2286840192731177 ) ) ;
#1576 = CIRCLE ( 'NONE', #4703, 13.35000000000000142 ) ;
#1577 = CARTESIAN_POINT ( 'NONE',  ( 163.4349031639335124, 18.72219652012902458, -239.3017263962693733 ) ) ;
#1578 = DIRECTION ( 'NONE',  ( -0.000000000000000000, 1.000000000000000000, -0.000000000000000000 ) ) ;
#1579 = CARTESIAN_POINT ( 'NONE',  ( 162.1302076477532523, 19.22219652012903524, -247.7228662702603970 ) ) ;
#1580 = CARTESIAN_POINT ( 'NONE',  ( 176.1915064924689887, 16.82099652012901103, -233.3689823839974338 ) ) ;
#1581 = CYLINDRICAL_SURFACE ( 'NONE', #434, 0.5000000000000004441 ) ;
#1582 = ORIENTED_EDGE ( 'NONE', *, *, #1359, .F. ) ;
#1583 = CARTESIAN_POINT ( 'NONE',  ( 171.1220563199001674, 19.22219652012901037, -253.7161413468904811 ) ) ;
#1584 = CARTESIAN_POINT ( 'NONE',  ( 167.8094379832177765, 17.79826194396560624, -231.6935582450131506 ) ) ;
#1585 = CARTESIAN_POINT ( 'NONE',  ( 178.1215390356217370, 19.22219652012957170, -238.8680002648992229 ) ) ;
#1586 = CARTESIAN_POINT ( 'NONE',  ( 173.1760809213880918, 16.22219652012901037, -235.8325164539025423 ) ) ;
#1587 = CARTESIAN_POINT ( 'NONE',  ( 167.9263833916510578, 19.22219652012901392, -234.5186116573920003 ) ) ;
#1588 = CARTESIAN_POINT ( 'NONE',  ( 172.4141267017468522, 19.22219652012901037, -234.5925043493531348 ) ) ;
#1589 = CARTESIAN_POINT ( 'NONE',  ( 171.4682210726139431, 18.72219652012902458, -235.0074809670110483 ) ) ;
#1590 = CARTESIAN_POINT ( 'NONE',  ( 173.4393938921253664, 19.22219652012902813, -235.3429198043606334 ) ) ;
#1591 = CARTESIAN_POINT ( 'NONE',  ( 173.1064242690496258, 18.04691608730298213, -256.2545386345856286 ) ) ;
#1592 = CARTESIAN_POINT ( 'NONE',  ( 172.5906436254169591, 18.72219652012903168, -253.0247111447358463 ) ) ;
#1593 = CARTESIAN_POINT ( 'NONE',  ( 163.5954184443732515, 19.22219652012901392, -253.7614817399050935 ) ) ;
#1594 = CARTESIAN_POINT ( 'NONE',  ( 165.4445707412101285, 18.72219652012902813, -252.0892492839503234 ) ) ;
#1595 = EDGE_CURVE ( 'NONE', #2044, #699, #3619, .T. ) ;
#1596 = CARTESIAN_POINT ( 'NONE',  ( 163.5701565027691515, 19.22219652012900681, -238.1681608361423912 ) ) ;
#1597 = CARTESIAN_POINT ( 'NONE',  ( 171.1033378717970379, 19.22219652012901392, -253.7157479666470294 ) ) ;
#1598 = CARTESIAN_POINT ( 'NONE',  ( 171.0945824459745097, 19.22219652012901037, -253.7154672618047186 ) ) ;
#1599 = ORIENTED_EDGE ( 'NONE', *, *, #4657, .F. ) ;
#1600 = CARTESIAN_POINT ( 'NONE',  ( 175.3564759064403233, 19.22339652012901468, -253.6400887889155911 ) ) ;
#1601 = CARTESIAN_POINT ( 'NONE',  ( 165.6540177246460814, 18.72219652012901037, -235.8888031891544870 ) ) ;
#1602 = LINE ( 'NONE', #267, #1406 ) ;
#1603 = CARTESIAN_POINT ( 'NONE',  ( 161.6475235349735726, 19.22219652012900326, -246.5252134713342116 ) ) ;
#1604 = CARTESIAN_POINT ( 'NONE',  ( 165.1759898233714523, 19.22339652012901112, -232.9581614701965577 ) ) ;
#1605 = CARTESIAN_POINT ( 'NONE',  ( 173.4249941511278905, 18.72219652012902813, -236.1418852387016614 ) ) ;
#1606 = EDGE_LOOP ( 'NONE', ( #572, #4394, #782, #1790 ) ) ;
#1607 = CARTESIAN_POINT ( 'NONE',  ( 172.5596901817294793, 19.22219652012899971, -253.5919871640279837 ) ) ;
#1608 = VERTEX_POINT ( 'NONE', #170 ) ;
#1609 = CARTESIAN_POINT ( 'NONE',  ( 179.6465332471510408, 17.02219652012900752, -256.2375574273951315 ) ) ;
#1610 = CARTESIAN_POINT ( 'NONE',  ( 174.9034890999404297, 19.22219652012901392, -233.9685363850742874 ) ) ;
#1611 = CIRCLE ( 'NONE', #4344, 15.55000000000000782 ) ;
#1612 = CARTESIAN_POINT ( 'NONE',  ( 169.3432216782537694, 15.52219652012900930, -253.2154672618047186 ) ) ;
#1613 = CARTESIAN_POINT ( 'NONE',  ( 167.3235043154021469, 19.22219652012901747, -234.5065516352732402 ) ) ;
#1614 = CARTESIAN_POINT ( 'NONE',  ( 171.4534354153574895, 19.22219652012901037, -234.5078432409106028 ) ) ;
#1615 = CARTESIAN_POINT ( 'NONE',  ( 172.8880585284280755, 18.72219652012902813, -235.4567971083211546 ) ) ;
#1616 = CARTESIAN_POINT ( 'NONE',  ( 172.2422455769394674, 19.22219652012900326, -234.5531400108246203 ) ) ;
#1617 = B_SPLINE_CURVE_WITH_KNOTS ( 'NONE', 3,
 ( #4079, #720, #306, #4470, #358, #2957, #2216 ),
 .UNSPECIFIED., .F., .F.,
 ( 4, 3, 4 ),
 ( 0.000000000000000000, 0.001214230941913162654, 0.002428602708083179088 ),
 .UNSPECIFIED. ) ;
#1618 = CARTESIAN_POINT ( 'NONE',  ( 176.3081262846838513, 19.22219652012901037, -248.4943847253306046 ) ) ;
#1619 = CARTESIAN_POINT ( 'NONE',  ( 172.8139079865818246, 18.72219652012902458, -252.8512431406767007 ) ) ;
#1620 = CARTESIAN_POINT ( 'NONE',  ( 169.4347824459745198, 18.52219652012901108, -244.1155672618047277 ) ) ;
#1621 = VECTOR ( 'NONE', #596, 1000.000000000000000 ) ;
#1622 = CARTESIAN_POINT ( 'NONE',  ( 164.2353076373151168, 19.22219652012900681, -237.1325974383796620 ) ) ;
#1623 = CARTESIAN_POINT ( 'NONE',  ( 167.0144700007097072, 19.22219652012900681, -253.7198173381283084 ) ) ;
#1624 = CARTESIAN_POINT ( 'NONE',  ( 160.1338800934081519, 17.22219652012899616, -237.6745561697120195 ) ) ;
#1625 = ORIENTED_EDGE ( 'NONE', *, *, #3519, .F. ) ;
#1626 = CARTESIAN_POINT ( 'NONE',  ( 174.7110868046580947, 19.22339652012901468, -254.4851777167019407 ) ) ;
#1627 = CARTESIAN_POINT ( 'NONE',  ( 176.5057386839190201, 19.22219652012901037, -240.0697883937839947 ) ) ;
#1628 = CARTESIAN_POINT ( 'NONE',  ( 166.6895308703493583, 19.22219652012901392, -253.6892263200786317 ) ) ;
#1629 = LINE ( 'NONE', #612, #3402 ) ;
#1630 = CARTESIAN_POINT ( 'NONE',  ( 160.3593820766987221, 19.22339652012901468, -239.5795601916169915 ) ) ;
#1631 = CARTESIAN_POINT ( 'NONE',  ( 172.5087847513449049, 15.52219652012900930, -234.9444555234260577 ) ) ;
#1632 = EDGE_LOOP ( 'NONE', ( #4218, #593, #3977 ) ) ;
#1633 = ADVANCED_FACE ( 'NONE', ( #2394 ), #922, .T. ) ;
#1634 = CARTESIAN_POINT ( 'NONE',  ( 173.8305975815717375, 19.22219652012901392, -252.3276328663364154 ) ) ;
#1635 = VERTEX_POINT ( 'NONE', #4723 ) ;
#1636 = DIRECTION ( 'NONE',  ( 0.000000000000000000, 0.7071067811865555663, 0.7071067811865394681 ) ) ;
#1637 = DIRECTION ( 'NONE',  ( 0.000000000000000000, 0.000000000000000000, 1.000000000000000000 ) ) ;
#1638 = B_SPLINE_CURVE_WITH_KNOTS ( 'NONE', 3,
 ( #192, #4328, #2769, #3963 ),
 .UNSPECIFIED., .F., .F.,
 ( 4, 4 ),
 ( 0.000000000000000000, 0.0004806679382307952990 ),
 .UNSPECIFIED. ) ;
#1639 = DIRECTION ( 'NONE',  ( -0.000000000000000000, 1.000000000000000000, -0.000000000000000000 ) ) ;
#1640 = AXIS2_PLACEMENT_3D ( 'NONE', #4518, #1154, #2656 ) ;
#1641 = CARTESIAN_POINT ( 'NONE',  ( 168.1167665537485902, 19.22219652012900681, -234.5224413693655379 ) ) ;
#1642 = CARTESIAN_POINT ( 'NONE',  ( 172.2220777126136682, 19.22219652012901392, -234.5495802598160537 ) ) ;
#1643 = CARTESIAN_POINT ( 'NONE',  ( 173.7087466108013132, 19.22219652012901392, -235.7234441626897876 ) ) ;
#1644 = CARTESIAN_POINT ( 'NONE',  ( 177.3390422675932996, 18.97473991733787102, -244.1155672672473145 ) ) ;
#1645 = CARTESIAN_POINT ( 'NONE',  ( 177.5821332776957320, 19.22219652012901037, -243.7383059961957485 ) ) ;
#1646 = CARTESIAN_POINT ( 'NONE',  ( 153.5847914285503180, 16.87231041921728547, -244.2795291957184531 ) ) ;
#1647 = CARTESIAN_POINT ( 'NONE',  ( 163.5992154995353758, 19.22219652012901747, -238.1228863052867553 ) ) ;
#1648 = CARTESIAN_POINT ( 'NONE',  ( 166.8488632267584251, 19.22219652012901037, -253.7083961592273624 ) ) ;
#1649 = CARTESIAN_POINT ( 'NONE',  ( 167.7800405501983789, 19.22219649078354919, -234.5156671675820519 ) ) ;
#1650 = ORIENTED_EDGE ( 'NONE', *, *, #1334, .T. ) ;
#1651 = CARTESIAN_POINT ( 'NONE',  ( 175.7206852274866833, 19.22339652012901468, -253.0958548331292945 ) ) ;
#1652 = DIRECTION ( 'NONE',  ( 0.000000000000000000, 0.000000000000000000, 1.000000000000000000 ) ) ;
#1653 = CARTESIAN_POINT ( 'NONE',  ( 165.9720753802610318, 19.22219652012901037, -253.4223491502762329 ) ) ;
#1654 = CYLINDRICAL_SURFACE ( 'NONE', #4659, 2.844281581315999397 ) ;
#1655 = CARTESIAN_POINT ( 'NONE',  ( 159.3115320987486996, 16.82099652012943736, -238.5897351427447575 ) ) ;
#1656 = CARTESIAN_POINT ( 'NONE',  ( 173.4249941511278905, 15.52219652012900930, -236.1418852387016614 ) ) ;
#1657 = ORIENTED_EDGE ( 'NONE', *, *, #3811, .T. ) ;
#1658 = APPLICATION_CONTEXT ( 'automotive_design' ) ;
#1659 = CARTESIAN_POINT ( 'NONE',  ( 173.4249941535469475, 18.72219652012901392, -252.0892492882506701 ) ) ;
#1660 = CYLINDRICAL_SURFACE ( 'NONE', #755, 1.000000000000000888 ) ;
#1661 = EDGE_CURVE ( 'NONE', #1071, #2196, #213, .T. ) ;
#1662 = CARTESIAN_POINT ( 'NONE',  ( 173.5965657997314224, 18.04690903681438030, -232.1359277649167723 ) ) ;
#1663 = CARTESIAN_POINT ( 'NONE',  ( 167.8007039180158699, 19.22339652012901468, -255.7147745950806268 ) ) ;
#1664 = LINE ( 'NONE', #1739, #4137 ) ;
#1665 = CARTESIAN_POINT ( 'NONE',  ( 173.2592541579801093, 19.22219652012901037, -235.1217352055713832 ) ) ;
#1666 = CARTESIAN_POINT ( 'NONE',  ( 157.6940714145804350, 17.87268947481533843, -239.5864290059196264 ) ) ;
#1667 = CARTESIAN_POINT ( 'NONE',  ( 171.2593798830338017, 18.72219652012903524, -253.2191255230092395 ) ) ;
#1668 = CARTESIAN_POINT ( 'NONE',  ( 153.9992506100408320, 19.05666463199682070, -242.5310991499369493 ) ) ;
#1669 = CARTESIAN_POINT ( 'NONE',  ( 164.3152969523796685, 19.22219652012901037, -237.0085954160693120 ) ) ;
#1670 = CARTESIAN_POINT ( 'NONE',  ( 171.6677557777581171, 19.22219652012901037, -253.7244693024528033 ) ) ;
#1671 = CARTESIAN_POINT ( 'NONE',  ( 162.5088481629510966, 18.72219652012901747, -240.7193288843361927 ) ) ;
#1672 = ORIENTED_EDGE ( 'NONE', *, *, #1171, .F. ) ;
#1673 = CARTESIAN_POINT ( 'NONE',  ( 180.9728893823051692, 16.82099652012901103, -244.1037260378000724 ) ) ;
#1674 = CARTESIAN_POINT ( 'NONE',  ( 176.0707371459535580, 19.22219652012901037, -239.3635287356023014 ) ) ;
#1675 = CARTESIAN_POINT ( 'NONE',  ( 165.4677688212879900, 19.22219652012900326, -252.9382737121909770 ) ) ;
#1676 = DIRECTION ( 'NONE',  ( 0.000000000000000000, -1.000000000000000000, 0.000000000000000000 ) ) ;
#1677 = CARTESIAN_POINT ( 'NONE',  ( 166.2172311715536637, 19.22339652012901468, -232.5945619146769729 ) ) ;
#1678 = CARTESIAN_POINT ( 'NONE',  ( 163.5528468076708464, 19.22219652012901392, -250.0360084998301033 ) ) ;
#1679 = VERTEX_POINT ( 'NONE', #2840 ) ;
#1680 = ORIENTED_EDGE ( 'NONE', *, *, #2370, .T. ) ;
#1681 = DIRECTION ( 'NONE',  ( 0.000000000000000000, 0.000000000000000000, -1.000000000000000000 ) ) ;
#1682 = DIRECTION ( 'NONE',  ( 0.000000000000000000, -1.000000000000000000, 0.000000000000000000 ) ) ;
#1683 = EDGE_LOOP ( 'NONE', ( #4589, #2980, #1735, #3807 ) ) ;
#1684 = CARTESIAN_POINT ( 'NONE',  ( 160.5604096181839111, 15.82219652012900646, -230.9828597377116353 ) ) ;
#1685 = CARTESIAN_POINT ( 'NONE',  ( 167.1331845137602841, 19.22219652012901037, -234.5072790973125905 ) ) ;
#1686 = CARTESIAN_POINT ( 'NONE',  ( 152.5314824459744898, 15.52219652012900930, -253.2154672618047186 ) ) ;
#1687 = ADVANCED_FACE ( 'NONE', ( #3988 ), #3229, .F. ) ;
#1688 = CARTESIAN_POINT ( 'NONE',  ( 177.0825850998494957, 18.72219652012902458, -244.4510333865890459 ) ) ;
#1689 = CARTESIAN_POINT ( 'NONE',  ( 163.9478820829277481, 15.52219652012900930, -249.7081663169822718 ) ) ;
#1690 = CARTESIAN_POINT ( 'NONE',  ( 172.6948525648211046, 18.72219652012902458, -252.9537213887913083 ) ) ;
#1691 = EDGE_CURVE ( 'NONE', #4011, #982, #1638, .T. ) ;
#1692 = EDGE_CURVE ( 'NONE', #2196, #2630, #1270, .T. ) ;
#1693 = CARTESIAN_POINT ( 'NONE',  ( 165.7599775604437298, 18.72219652012903168, -235.7387342459435899 ) ) ;
#1694 = VECTOR ( 'NONE', #3890, 1000.000000000000000 ) ;
#1695 = ADVANCED_FACE ( 'NONE', ( #4674 ), #992, .F. ) ;
#1696 = CARTESIAN_POINT ( 'NONE',  ( 162.1050296452766304, 19.22219652012900681, -240.5600509607554898 ) ) ;
#1697 = CARTESIAN_POINT ( 'NONE',  ( 172.3237161588297965, 19.22219652012901392, -253.6612493671651691 ) ) ;
#1698 = CARTESIAN_POINT ( 'NONE',  ( 160.4019624664100547, 17.22219652012899616, -237.2615905519722332 ) ) ;
#1699 = CARTESIAN_POINT ( 'NONE',  ( 172.8569338964135227, 16.82099652012928814, -257.0087970783220044 ) ) ;
#1700 = CARTESIAN_POINT ( 'NONE',  ( 165.2983798015807224, 19.22219652012900681, -252.7060494422992463 ) ) ;
#1701 = DIRECTION ( 'NONE',  ( 0.000000000000000000, -1.000000000000000000, 0.000000000000000000 ) ) ;
#1702 = CARTESIAN_POINT ( 'NONE',  ( 160.5604096181839111, 15.82219652012900646, -230.9828597377116353 ) ) ;
#1703 = CARTESIAN_POINT ( 'NONE',  ( 163.0129519138043008, 19.22219652012901037, -249.1977113021224852 ) ) ;
#1704 = ORIENTED_EDGE ( 'NONE', *, *, #4295, .T. ) ;
#1705 = AXIS2_PLACEMENT_3D ( 'NONE', #4764, #1854, #282 ) ;
#1706 = VERTEX_POINT ( 'NONE', #625 ) ;
#1707 = CARTESIAN_POINT ( 'NONE',  ( 177.9562493617047494, 17.51928848943610362, -253.0781080057940642 ) ) ;
#1708 = CARTESIAN_POINT ( 'NONE',  ( 178.9618437490498764, 16.22219652012901037, -253.0339529300433128 ) ) ;
#1709 = CARTESIAN_POINT ( 'NONE',  ( 173.0394641898290047, 18.72219652012903879, -235.6430415301117023 ) ) ;
#1710 = ORIENTED_EDGE ( 'NONE', *, *, #1055, .F. ) ;
#1711 = LINE ( 'NONE', #2792, #2974 ) ;
#1712 = CARTESIAN_POINT ( 'NONE',  ( 160.5319483556373257, 19.22339652012815137, -248.9864470376962515 ) ) ;
#1713 = CARTESIAN_POINT ( 'NONE',  ( 172.7345604397762031, 16.22219652012901037, -235.3070148966184831 ) ) ;
#1714 = CARTESIAN_POINT ( 'NONE',  ( 177.3722119760507212, 19.00790754850414288, -244.1155674442084944 ) ) ;
#1715 = CARTESIAN_POINT ( 'NONE',  ( 175.7364202162119113, 19.22219652012898905, -249.3836361748726347 ) ) ;
#1716 = CARTESIAN_POINT ( 'NONE',  ( 166.1169814485998302, 18.72219652012902458, -235.3241176671452592 ) ) ;
#1717 = VECTOR ( 'NONE', #4205, 1000.000000000000000 ) ;
#1718 = ADVANCED_FACE ( 'NONE', ( #2124 ), #263, .F. ) ;
#1719 = CARTESIAN_POINT ( 'NONE',  ( 175.7816969842465937, 18.72219652012902813, -239.8384547785836673 ) ) ;
#1720 = B_SPLINE_SURFACE_WITH_KNOTS ( 'NONE', 3, 1, ( 
 ( #3671, #4479 ),
 ( #3349, #4404 ),
 ( #289, #4748 ),
 ( #4845, #1397 ),
 ( #1114, #4015 ),
 ( #4823, #2542 ),
 ( #316, #4428 ),
 ( #651, #2572 ) ),
 .UNSPECIFIED., .F., .F., .F.,
 ( 4, 1, 1, 1, 1, 4 ),
 ( 2, 2 ),
 ( 0.000000000000000000, 0.1793389771629854967, 0.2257350516910194005, 0.4374912237704146056, 0.4896126894488346259, 0.7204801869652947000 ),
 ( 0.000000000000000000, 1.000000000000000000 ),
 .UNSPECIFIED. ) ;
#1721 = CARTESIAN_POINT ( 'NONE',  ( 173.7851352524694732, 19.22219652012901037, -252.3953838478347791 ) ) ;
#1722 = CARTESIAN_POINT ( 'NONE',  ( 159.5806027124283162, 17.22219652012856628, -238.5814569649418786 ) ) ;
#1723 = CIRCLE ( 'NONE', #1249, 12.19529946162073486 ) ;
#1724 = CARTESIAN_POINT ( 'NONE',  ( 171.8807920655439432, 19.22339652012901468, -255.7218021777602530 ) ) ;
#1725 = CARTESIAN_POINT ( 'NONE',  ( 161.8358486988267941, 18.72219652012902458, -245.0887430016895792 ) ) ;
#1726 = CARTESIAN_POINT ( 'NONE',  ( 178.7801903421543557, 18.52219652012901108, -256.4813810746526315 ) ) ;
#1727 = CARTESIAN_POINT ( 'NONE',  ( 161.6085895332969073, 16.82099652012901103, -234.9556170967561570 ) ) ;
#1728 = CARTESIAN_POINT ( 'NONE',  ( 162.6682239905485119, 19.22219652012901392, -248.6643275637016188 ) ) ;
#1729 = ORIENTED_EDGE ( 'NONE', *, *, #2342, .F. ) ;
#1730 = ORIENTED_EDGE ( 'NONE', *, *, #1811, .F. ) ;
#1731 = CARTESIAN_POINT ( 'NONE',  ( 161.4695728252821709, 19.22219652012901037, -245.8655672618047277 ) ) ;
#1732 = CARTESIAN_POINT ( 'NONE',  ( 161.8026598432262517, 17.03031195844906875, -244.7457278685471067 ) ) ;
#1733 = CARTESIAN_POINT ( 'NONE',  ( 170.8432216782537694, 15.52219652012900930, -253.2154672618047186 ) ) ;
#1734 = CARTESIAN_POINT ( 'NONE',  ( 171.7387405815867680, 19.22339652012959377, -232.5065380994163036 ) ) ;
#1735 = ORIENTED_EDGE ( 'NONE', *, *, #3334, .F. ) ;
#1736 = DIRECTION ( 'NONE',  ( 0.000000000000000000, 0.000000000000000000, 1.000000000000000000 ) ) ;
#1737 = ORIENTED_EDGE ( 'NONE', *, *, #814, .F. ) ;
#1738 = CARTESIAN_POINT ( 'NONE',  ( 163.9544218354502334, 16.82099652012943736, -256.1474920074011266 ) ) ;
#1739 = CARTESIAN_POINT ( 'NONE',  ( 161.8807870808949758, 19.22219652012901037, -242.8655672618047561 ) ) ;
#1740 = FACE_OUTER_BOUND ( 'NONE', #3559, .T. ) ;
#1741 = CARTESIAN_POINT ( 'NONE',  ( 177.5861058078635892, 19.22219652012901037, -244.0802847998732830 ) ) ;
#1742 = CARTESIAN_POINT ( 'NONE',  ( 167.3191337866884396, 18.72219652012902813, -235.0065388417552583 ) ) ;
#1743 = CARTESIAN_POINT ( 'NONE',  ( 177.0866304744071442, 18.72219652012902102, -244.1016517065655762 ) ) ;
#1744 = CARTESIAN_POINT ( 'NONE',  ( 171.9064030063799748, 19.22219652012901392, -253.7171041371583726 ) ) ;
#1745 = CARTESIAN_POINT ( 'NONE',  ( 177.0564697786279567, 18.72219652012903168, -244.8609779700690297 ) ) ;
#1746 = CARTESIAN_POINT ( 'NONE',  ( 180.2599249699293011, 16.82099652012901103, -248.1161939798184335 ) ) ;
#1747 = CARTESIAN_POINT ( 'NONE',  ( 163.7472052591845397, 18.72219652012901747, -249.4135096010143400 ) ) ;
#1748 = CARTESIAN_POINT ( 'NONE',  ( 172.2038452701830806, 19.22219652012901392, -255.7022371181696485 ) ) ;
#1749 = EDGE_CURVE ( 'NONE', #1302, #1016, #602, .T. ) ;
#1750 = CARTESIAN_POINT ( 'NONE',  ( 167.2932617743535388, 19.22219652012901392, -234.5065376682557030 ) ) ;
#1751 = CARTESIAN_POINT ( 'NONE',  ( 162.3670193408461273, 19.22219652012901037, -248.1672734591220433 ) ) ;
#1752 = VERTEX_POINT ( 'NONE', #4304 ) ;
#1753 = ORIENTED_EDGE ( 'NONE', *, *, #2710, .F. ) ;
#1754 = CARTESIAN_POINT ( 'NONE',  ( 162.0562787645054073, 19.22219652012901747, -247.5691655831779769 ) ) ;
#1755 = CARTESIAN_POINT ( 'NONE',  ( 161.8749896364689107, 17.79260576422987583, -245.3322547471328505 ) ) ;
#1756 = DIRECTION ( 'NONE',  ( 0.000000000000000000, 0.000000000000000000, 1.000000000000000000 ) ) ;
#1757 = CARTESIAN_POINT ( 'NONE',  ( 177.5129453370490751, 19.22339652012901468, -237.9129491459366363 ) ) ;
#1758 = ORIENTED_EDGE ( 'NONE', *, *, #3420, .T. ) ;
#1759 = FACE_BOUND ( 'NONE', #4366, .T. ) ;
#1760 = VERTEX_POINT ( 'NONE', #2029 ) ;
#1761 = CARTESIAN_POINT ( 'NONE',  ( 161.1077578532093071, 19.22339652012858124, -249.9348193111851231 ) ) ;
#1762 = SURFACE_STYLE_FILL_AREA ( #1491 ) ;
#1763 = CARTESIAN_POINT ( 'NONE',  ( 165.4445707411620390, 15.52219652012900575, -236.1418852393846635 ) ) ;
#1764 = ORIENTED_EDGE ( 'NONE', *, *, #2015, .F. ) ;
#1765 = CARTESIAN_POINT ( 'NONE',  ( 161.5393395125229574, 19.22219652012902813, -242.0789182205504346 ) ) ;
#1766 = DIRECTION ( 'NONE',  ( -0.000000000000000000, 1.000000000000000000, -0.000000000000000000 ) ) ;
#1767 = CIRCLE ( 'NONE', #4502, 12.19529946162073486 ) ;
#1768 = CARTESIAN_POINT ( 'NONE',  ( 175.9632320285654998, 18.72219652012901392, -240.1316526509871494 ) ) ;
#1769 = CARTESIAN_POINT ( 'NONE',  ( 173.4308184770896446, 19.22219652012900326, -252.8996562942177206 ) ) ;
#1770 = CARTESIAN_POINT ( 'NONE',  ( 177.0862948204466818, 18.72219652012901747, -244.0994171399449044 ) ) ;
#1771 = CARTESIAN_POINT ( 'NONE',  ( 172.2037814341028650, 19.22339652012901468, -255.7015469401062830 ) ) ;
#1772 = ADVANCED_FACE ( 'NONE', ( #896 ), #3524, .T. ) ;
#1773 = CARTESIAN_POINT ( 'NONE',  ( 161.9643673914759177, 18.72219652012903879, -245.7909767820753757 ) ) ;
#1774 = CARTESIAN_POINT ( 'NONE',  ( 171.7187515161174076, 19.22219652012901392, -255.7254255203676507 ) ) ;
#1775 = CARTESIAN_POINT ( 'NONE',  ( 167.1291750943739771, 19.22219652012901037, -234.5076837927454108 ) ) ;
#1776 = CARTESIAN_POINT ( 'NONE',  ( 162.6384553655290119, 19.22219652012901392, -248.6173034122639365 ) ) ;
#1777 = ORIENTED_EDGE ( 'NONE', *, *, #843, .T. ) ;
#1778 = CARTESIAN_POINT ( 'NONE',  ( 162.1940306622133505, 17.22219652012756796, -253.7468350868091136 ) ) ;
#1779 = DIRECTION ( 'NONE',  ( -0.000000000000000000, -1.000000000000000000, -0.000000000000000000 ) ) ;
#1780 = CARTESIAN_POINT ( 'NONE',  ( 175.0755526560971305, 19.22339652012901468, -234.1927124769319732 ) ) ;
#1781 = EDGE_CURVE ( 'NONE', #3800, #1784, #3515, .T. ) ;
#1782 = CARTESIAN_POINT ( 'NONE',  ( 177.0861920204960143, 18.72219652012902458, -244.1405659393727774 ) ) ;
#1783 = AXIS2_PLACEMENT_3D ( 'NONE', #4741, #1011, #1756 ) ;
#1784 = VERTEX_POINT ( 'NONE', #3566 ) ;
#1785 = FACE_OUTER_BOUND ( 'NONE', #865, .T. ) ;
#1786 = ORIENTED_EDGE ( 'NONE', *, *, #1332, .F. ) ;
#1787 = CARTESIAN_POINT ( 'NONE',  ( 163.6852552627708803, 16.82099652012858115, -255.9425435996498095 ) ) ;
#1788 = DIRECTION ( 'NONE',  ( 0.000000000000000000, -1.000000000000000000, 0.000000000000000000 ) ) ;
#1789 = CARTESIAN_POINT ( 'NONE',  ( 167.7749824448864331, 15.52219652012900575, -235.0156672555947353 ) ) ;
#1790 = ORIENTED_EDGE ( 'NONE', *, *, #3033, .F. ) ;
#1791 = CARTESIAN_POINT ( 'NONE',  ( 166.1346696529310520, 18.72219652012902813, -235.3092332423005359 ) ) ;
#1792 = CARTESIAN_POINT ( 'NONE',  ( 175.8805755797730797, 19.22219652012900681, -239.0704284855868877 ) ) ;
#1793 = CARTESIAN_POINT ( 'NONE',  ( 177.0565699498727952, 18.72219652012903168, -243.3712474616360737 ) ) ;
#1794 = CARTESIAN_POINT ( 'NONE',  ( 174.5129362872744991, 19.22219652012901392, -251.2865479988717823 ) ) ;
#1795 = CARTESIAN_POINT ( 'NONE',  ( 177.0869236654920371, 18.72219652012902102, -244.1750617008185600 ) ) ;
#1796 = CARTESIAN_POINT ( 'NONE',  ( 171.0396558289046709, 16.82099652012901103, -257.1014933767763182 ) ) ;
#1797 = AXIS2_PLACEMENT_3D ( 'NONE', #194, #1296, #3941 ) ;
#1798 = CARTESIAN_POINT ( 'NONE',  ( 166.0312388484316841, 18.72219652012902813, -252.8270081052047544 ) ) ;
#1799 = CARTESIAN_POINT ( 'NONE',  ( 178.8248120662160545, 17.22219652012867641, -250.4178009567964409 ) ) ;
#1800 = CARTESIAN_POINT ( 'NONE',  ( 165.7891444996706980, 16.82099652012901103, -231.2667534916222394 ) ) ;
#1801 = CARTESIAN_POINT ( 'NONE',  ( 165.4448576311958163, 19.22219652012900681, -252.9076755950139272 ) ) ;
#1802 = ORIENTED_EDGE ( 'NONE', *, *, #1833, .F. ) ;
#1803 = LINE ( 'NONE', #1457, #2878 ) ;
#1804 = DIRECTION ( 'NONE',  ( 0.000000000000000000, 0.000000000000000000, -1.000000000000000000 ) ) ;
#1805 = CARTESIAN_POINT ( 'NONE',  ( 172.7301474381694959, 19.22339652012901112, -232.6090693559297904 ) ) ;
#1806 = CARTESIAN_POINT ( 'NONE',  ( 170.7479667906794703, 19.22219652012901392, -234.5225385598251933 ) ) ;
#1807 = ORIENTED_EDGE ( 'NONE', *, *, #319, .F. ) ;
#1808 = DIRECTION ( 'NONE',  ( 0.000000000000000000, 1.000000000000000000, 0.000000000000000000 ) ) ;
#1809 = ORIENTED_EDGE ( 'NONE', *, *, #4383, .T. ) ;
#1810 = CARTESIAN_POINT ( 'NONE',  ( 166.7392824719213138, 16.82099652012901103, -257.1014654770719403 ) ) ;
#1811 = EDGE_CURVE ( 'NONE', #1395, #420, #1664, .T. ) ;
#1812 = DIRECTION ( 'NONE',  ( 0.000000000000000000, 0.000000000000000000, -1.000000000000000000 ) ) ;
#1813 = CARTESIAN_POINT ( 'NONE',  ( 159.4982597034316996, 17.89056590223218990, -248.6343845575654257 ) ) ;
#1814 = CIRCLE ( 'NONE', #1178, 15.85000000000000320 ) ;
#1815 = EDGE_LOOP ( 'NONE', ( #4253, #1132, #4468, #1996 ) ) ;
#1816 = CARTESIAN_POINT ( 'NONE',  ( 166.4026580391085588, 18.72219652012902102, -235.1406112271626796 ) ) ;
#1817 = CARTESIAN_POINT ( 'NONE',  ( 175.2861273364488568, 19.22219652012901037, -238.1474704553339734 ) ) ;
#1818 = CARTESIAN_POINT ( 'NONE',  ( 177.0821038436667436, 18.72219652012901037, -243.7669643027085726 ) ) ;
#1819 = CARTESIAN_POINT ( 'NONE',  ( 176.2126033319231908, 19.22219652012901037, -248.6466424826899129 ) ) ;
#1820 = PLANE ( 'NONE',  #327 ) ;
#1821 = CARTESIAN_POINT ( 'NONE',  ( 163.1239207133856155, 18.72219652012902813, -248.4491373581665812 ) ) ;
#1822 = CARTESIAN_POINT ( 'NONE',  ( 176.4429285446485949, 17.22219652012900681, -254.0961091918929071 ) ) ;
#1823 = CARTESIAN_POINT ( 'NONE',  ( 167.5302450714056306, 19.22219652012901037, -234.5100576130381000 ) ) ;
#1824 = CARTESIAN_POINT ( 'NONE',  ( 165.3979138333451147, 19.22219652012901747, -252.8445721589016557 ) ) ;
#1825 = ORIENTED_EDGE ( 'NONE', *, *, #4743, .F. ) ;
#1826 = CARTESIAN_POINT ( 'NONE',  ( 165.8556011497896918, 19.22219652012901392, -255.5489412697696707 ) ) ;
#1827 = LINE ( 'NONE', #3320, #56 ) ;
#1828 = DIRECTION ( 'NONE',  ( 0.000000000000000000, -0.8660254037844380415, -0.5000000000000009992 ) ) ;
#1829 = VERTEX_POINT ( 'NONE', #4651 ) ;
#1830 = CARTESIAN_POINT ( 'NONE',  ( 169.4347824459745198, 15.52219652012900930, -244.1155672618047277 ) ) ;
#1831 = CARTESIAN_POINT ( 'NONE',  ( 177.5542958076616742, 19.22219652012901747, -244.9084949220768976 ) ) ;
#1832 = VERTEX_POINT ( 'NONE', #1292 ) ;
#1833 = EDGE_CURVE ( 'NONE', #4375, #2963, #2731, .T. ) ;
#1834 = LINE ( 'NONE', #4822, #1849 ) ;
#1835 = DIRECTION ( 'NONE',  ( 0.000000000000000000, 0.7071067811865456854, 0.7071067811865493491 ) ) ;
#1836 = CARTESIAN_POINT ( 'NONE',  ( 161.7663960669892731, 15.52219652012900575, -242.6792790828976649 ) ) ;
#1837 = VERTEX_POINT ( 'NONE', #705 ) ;
#1838 = CARTESIAN_POINT ( 'NONE',  ( 165.4677688194139478, 19.22219652012901037, -235.2928608138490176 ) ) ;
#1839 = EDGE_CURVE ( 'NONE', #2114, #4013, #3126, .T. ) ;
#1840 = CARTESIAN_POINT ( 'NONE',  ( 173.7377163918419853, 19.22219652012901747, -235.7661697448474172 ) ) ;
#1841 = CARTESIAN_POINT ( 'NONE',  ( 176.8897889684889151, 19.22219652012900326, -240.8279991822621753 ) ) ;
#1842 = ADVANCED_FACE ( 'NONE', ( #1444 ), #4609, .T. ) ;
#1843 = CARTESIAN_POINT ( 'NONE',  ( 175.4174806875053605, 19.22219652012901392, -249.8791025243429829 ) ) ;
#1844 = CARTESIAN_POINT ( 'NONE',  ( 177.0869698202156428, 18.72219652012906010, -244.1999068658133183 ) ) ;
#1845 = EDGE_CURVE ( 'NONE', #2013, #766, #336, .T. ) ;
#1846 = B_SPLINE_CURVE_WITH_KNOTS ( 'NONE', 3,
 ( #4638, #177, #1671, #1052, #2901, #4782, #2925, #4730 ),
 .UNSPECIFIED., .F., .F.,
 ( 4, 1, 1, 1, 1, 4 ),
 ( 0.000000000000000000, 0.1886657818847562174, 0.2582275195032434634, 0.5757140187626094141, 0.6538598480530272150, 1.000000000000000000 ),
 .UNSPECIFIED. ) ;
#1847 = CARTESIAN_POINT ( 'NONE',  ( 167.8211373339637760, 18.72219652012902813, -253.2145382840136847 ) ) ;
#1848 = CARTESIAN_POINT ( 'NONE',  ( 180.4996731928977169, 17.22219652012753244, -246.4655723172514570 ) ) ;
#1849 = VECTOR ( 'NONE', #4797, 1000.000000000000000 ) ;
#1850 = CARTESIAN_POINT ( 'NONE',  ( 165.6774430735947874, 19.22219652012901747, -235.0506192401413728 ) ) ;
#1851 = CARTESIAN_POINT ( 'NONE',  ( 165.6859366028538147, 19.22219652012901392, -253.1928241554846011 ) ) ;
#1852 = VERTEX_POINT ( 'NONE', #2965 ) ;
#1853 = CARTESIAN_POINT ( 'NONE',  ( 161.4695728252820288, 19.22219652012901037, -242.3655672237226497 ) ) ;
#1854 = DIRECTION ( 'NONE',  ( 0.000000000000000000, 1.000000000000000000, -0.000000000000000000 ) ) ;
#1855 = CARTESIAN_POINT ( 'NONE',  ( 180.6936856442717385, 16.82099652013013014, -241.5509447685074065 ) ) ;
#1856 = ORIENTED_EDGE ( 'NONE', *, *, #524, .T. ) ;
#1857 = CARTESIAN_POINT ( 'NONE',  ( 179.6465332471510408, 15.82219652012900646, -256.2375574273951315 ) ) ;
#1858 = CARTESIAN_POINT ( 'NONE',  ( 176.6376195856444156, 19.22219652012901037, -247.9225443062886427 ) ) ;
#1859 = CARTESIAN_POINT ( 'NONE',  ( 169.9765638614071293, 17.70656546610593196, -231.6406172588370964 ) ) ;
#1860 = CARTESIAN_POINT ( 'NONE',  ( 165.9623595146088917, 15.52219652012900930, -235.4786361562487684 ) ) ;
#1861 = CARTESIAN_POINT ( 'NONE',  ( 159.3751886079032261, 17.55663501120178083, -248.8271796473913753 ) ) ;
#1862 = CARTESIAN_POINT ( 'NONE',  ( 162.1302076397419967, 19.22219652012901392, -240.5082682695254164 ) ) ;
#1863 = CARTESIAN_POINT ( 'NONE',  ( 174.6079994831711417, 19.22219652012900681, -237.0918866828852742 ) ) ;
#1864 = CARTESIAN_POINT ( 'NONE',  ( 177.5865634421579387, 19.22219652012901392, -244.1108928162756229 ) ) ;
#1865 = CARTESIAN_POINT ( 'NONE',  ( 174.1530384658750563, 19.22219652012901037, -251.8403880085747346 ) ) ;
#1866 = CARTESIAN_POINT ( 'NONE',  ( 173.9229349790026902, 18.72219652012901747, -251.2779371585461377 ) ) ;
#1867 = CARTESIAN_POINT ( 'NONE',  ( 166.5980092578615199, 18.72219652012902458, -253.1591699022113744 ) ) ;
#1868 = ADVANCED_FACE ( 'NONE', ( #3305 ), #148, .T. ) ;
#1869 = CARTESIAN_POINT ( 'NONE',  ( 177.0532284233424036, 19.22219652013014723, -251.0330936704120859 ) ) ;
#1870 = CARTESIAN_POINT ( 'NONE',  ( 166.8107960207568965, 19.22219652012900681, -234.5266853396199451 ) ) ;
#1871 = CARTESIAN_POINT ( 'NONE',  ( 164.1929428340789059, 19.22219652012901037, -251.0327418547355194 ) ) ;
#1872 = AXIS2_PLACEMENT_3D ( 'NONE', #3618, #535, #944 ) ;
#1873 = CARTESIAN_POINT ( 'NONE',  ( 159.6850958819996151, 18.97219652012900326, -235.4411155843643826 ) ) ;
#1874 = EDGE_LOOP ( 'NONE', ( #4175, #129, #4777, #3153 ) ) ;
#1875 = DIRECTION ( 'NONE',  ( 0.000000000000000000, 1.000000000000000000, 0.000000000000000000 ) ) ;
#1876 = CARTESIAN_POINT ( 'NONE',  ( 162.3083085811009880, 19.22219652012900681, -248.0624158051184338 ) ) ;
#1877 = AXIS2_PLACEMENT_3D ( 'NONE', #2371, #3063, #512 ) ;
#1878 = CARTESIAN_POINT ( 'NONE',  ( 171.1996803923015591, 16.82099652012901103, -231.1262709254218635 ) ) ;
#1879 = ORIENTED_EDGE ( 'NONE', *, *, #1539, .F. ) ;
#1880 = CARTESIAN_POINT ( 'NONE',  ( 175.9308047801237933, 19.22219652012901392, -249.0831766754655234 ) ) ;
#1881 = AXIS2_PLACEMENT_3D ( 'NONE', #3585, #2141, #3611 ) ;
#1882 = CARTESIAN_POINT ( 'NONE',  ( 178.3091552737651284, 18.52219652012901108, -257.2482747858978769 ) ) ;
#1883 = CARTESIAN_POINT ( 'NONE',  ( 173.6788233268384829, 19.22219652013016855, -232.9348553398169770 ) ) ;
#1884 = CARTESIAN_POINT ( 'NONE',  ( 160.0054022668429070, 19.22219652012901037, -240.3655672618047845 ) ) ;
#1885 = CARTESIAN_POINT ( 'NONE',  ( 161.6281696118112166, 19.22219652012899260, -241.7679915679801184 ) ) ;
#1886 = CARTESIAN_POINT ( 'NONE',  ( 175.4367608351537626, 19.22219652012901037, -238.3820395396037668 ) ) ;
#1887 = CARTESIAN_POINT ( 'NONE',  ( 177.5865404665312610, 19.22219652012899971, -244.1131102797237986 ) ) ;
#1888 = CARTESIAN_POINT ( 'NONE',  ( 176.0598604965620950, 19.22219652012901037, -248.8843984237236100 ) ) ;
#1889 = CARTESIAN_POINT ( 'NONE',  ( 174.6964302803479825, 18.72219652012902458, -250.0768954389852468 ) ) ;
#1890 = CARTESIAN_POINT ( 'NONE',  ( 167.7654174387352839, 18.72219652012903879, -253.2156601235665505 ) ) ;
#1891 = CARTESIAN_POINT ( 'NONE',  ( 178.0271644850236328, 19.22219652012957880, -249.5182591850521874 ) ) ;
#1892 = CARTESIAN_POINT ( 'NONE',  ( 166.5054319572890336, 19.22219652012901392, -234.5788771780810862 ) ) ;
#1893 = CARTESIAN_POINT ( 'NONE',  ( 166.3961653784656392, 19.22219652012901392, -253.6211399671772710 ) ) ;
#1894 = CARTESIAN_POINT ( 'NONE',  ( 164.3754597255459373, 15.52219652012900930, -237.8390782278288498 ) ) ;
#1895 = ORIENTED_EDGE ( 'NONE', *, *, #4504, .T. ) ;
#1896 = CARTESIAN_POINT ( 'NONE',  ( 164.0925708175584532, 18.72219652012902813, -238.2798592465618981 ) ) ;
#1897 = CARTESIAN_POINT ( 'NONE',  ( 158.8460935181452669, 19.22219652012901037, -235.9852433574534132 ) ) ;
#1898 = EDGE_CURVE ( 'NONE', #2737, #1530, #679, .T. ) ;
#1899 = CARTESIAN_POINT ( 'NONE',  ( 164.0855322129615104, 19.22219652012901747, -250.8660358744279506 ) ) ;
#1900 = CARTESIAN_POINT ( 'NONE',  ( 179.4938376312439061, 16.82099652012844970, -238.4720718082957376 ) ) ;
#1901 = ORIENTED_EDGE ( 'NONE', *, *, #4597, .T. ) ;
#1902 = EDGE_CURVE ( 'NONE', #1384, #1286, #2149, .T. ) ;
#1903 = EDGE_CURVE ( 'NONE', #3129, #3644, #308, .T. ) ;
#1904 = CARTESIAN_POINT ( 'NONE',  ( 174.1076670471360046, 19.22219652012902458, -251.9099138924892998 ) ) ;
#1905 = CARTESIAN_POINT ( 'NONE',  ( 163.9095061643610052, 17.82427880747103188, -232.8523935213378309 ) ) ;
#1906 = CARTESIAN_POINT ( 'NONE',  ( 178.5842081734047042, 19.22219652012901392, -239.7194536760582082 ) ) ;
#1907 = CARTESIAN_POINT ( 'NONE',  ( 161.3045845610276103, 19.22219652012858404, -237.9921624682458514 ) ) ;
#1908 = CARTESIAN_POINT ( 'NONE',  ( 161.9162921541218338, 19.22219652012900326, -240.9750249237050070 ) ) ;
#1909 = CARTESIAN_POINT ( 'NONE',  ( 173.4017860420182160, 19.22219652012901392, -235.2937816588364512 ) ) ;
#1910 = B_SPLINE_CURVE_WITH_KNOTS ( 'NONE', 3,
 ( #2618, #4064, #1046, #3257, #4457, #365, #4110, #2543, #4799, #4749 ),
 .UNSPECIFIED., .F., .F.,
 ( 4, 2, 2, 2, 4 ),
 ( 2.898916153851236390E-07, 0.0006001118436915893169, 0.001199933795767793489, 0.001799755747843997554, 0.002399577699920201618 ),
 .UNSPECIFIED. ) ;
#1911 = CARTESIAN_POINT ( 'NONE',  ( 177.0019461356964712, 19.22219652012899616, -241.0944862040781516 ) ) ;
#1912 = CARTESIAN_POINT ( 'NONE',  ( 174.3001595793271861, 17.96629271279364914, -255.7681613851042073 ) ) ;
#1913 = CARTESIAN_POINT ( 'NONE',  ( 176.6584402172005639, 18.72219652012902458, -246.6332780507561893 ) ) ;
#1914 = CARTESIAN_POINT ( 'NONE',  ( 167.7893770139189655, 18.72219652012901747, -253.2151779064145103 ) ) ;
#1915 = CARTESIAN_POINT ( 'NONE',  ( 177.2301057834745563, 19.22219652012901392, -250.7575366051802348 ) ) ;
#1916 = CARTESIAN_POINT ( 'NONE',  ( 165.7065782162040080, 19.22219652012901037, -235.0219895994656838 ) ) ;
#1917 = CARTESIAN_POINT ( 'NONE',  ( 166.7691320391357692, 19.22219652012901392, -253.6994920571817715 ) ) ;
#1918 = DIRECTION ( 'NONE',  ( 0.000000000000000000, -1.000000000000000000, 0.000000000000000000 ) ) ;
#1919 = VERTEX_POINT ( 'NONE', #3327 ) ;
#1920 = CARTESIAN_POINT ( 'NONE',  ( 162.5784210302261670, 18.72219652012902458, -240.7299845195918806 ) ) ;
#1921 = CARTESIAN_POINT ( 'NONE',  ( 171.0627505524506091, 18.22420930494817881, -231.9394790685370253 ) ) ;
#1922 = VECTOR ( 'NONE', #525, 1000.000000000000000 ) ;
#1923 = CARTESIAN_POINT ( 'NONE',  ( 164.9917115535416201, 19.22219652012900681, -252.2573855896926318 ) ) ;
#1924 = CARTESIAN_POINT ( 'NONE',  ( 176.6889597108747125, 16.82099652012901103, -234.0859406886109468 ) ) ;
#1925 = VERTEX_POINT ( 'NONE', #2175 ) ;
#1926 = CARTESIAN_POINT ( 'NONE',  ( 172.3189469392533226, 19.22219652012902102, -253.6633739947018000 ) ) ;
#1927 = AXIS2_PLACEMENT_3D ( 'NONE', #3499, #1266, #2767 ) ;
#1928 = CARTESIAN_POINT ( 'NONE',  ( 159.4609675452453814, 15.61796677514740317, -232.0606674355324799 ) ) ;
#1929 = CARTESIAN_POINT ( 'NONE',  ( 177.2501044865767881, 19.22219652012901392, -237.5046859481142860 ) ) ;
#1930 = EDGE_CURVE ( 'NONE', #3437, #360, #4798, .T. ) ;
#1931 = CARTESIAN_POINT ( 'NONE',  ( 164.7555002204689742, 19.22219652012901392, -233.2160322852402885 ) ) ;
#1932 = CARTESIAN_POINT ( 'NONE',  ( 165.6532752069705623, 19.22219652012900681, -235.0755630679225021 ) ) ;
#1933 = CARTESIAN_POINT ( 'NONE',  ( 171.7893017739919230, 19.22219652012901392, -234.5087733739508735 ) ) ;
#1934 = CARTESIAN_POINT ( 'NONE',  ( 171.6034971037916819, 18.72219652012902458, -235.0061962288399684 ) ) ;
#1935 = CARTESIAN_POINT ( 'NONE',  ( 175.7369341781037519, 19.22219652012900681, -238.8482946787885339 ) ) ;
#1936 = CARTESIAN_POINT ( 'NONE',  ( 176.2663636041475286, 19.22219652012901392, -248.5612199339420840 ) ) ;
#1937 = CARTESIAN_POINT ( 'NONE',  ( 176.8586409888717697, 18.72219652012902102, -245.9793161553312473 ) ) ;
#1938 = CARTESIAN_POINT ( 'NONE',  ( 160.5313396848500815, 19.22219652012815416, -248.9867783576431748 ) ) ;
#1939 = CARTESIAN_POINT ( 'NONE',  ( 176.1698731656757957, 19.22219652012901392, -252.4115564280686215 ) ) ;
#1940 = CARTESIAN_POINT ( 'NONE',  ( 165.8745070314723193, 19.22219652012901037, -234.8776320328990437 ) ) ;
#1941 = CARTESIAN_POINT ( 'NONE',  ( 166.6832227151646464, 19.22219652012901392, -253.6875997353483285 ) ) ;
#1942 = CARTESIAN_POINT ( 'NONE',  ( 177.1031688268579387, 18.72219652012901392, -245.5518554407119041 ) ) ;
#1943 = VERTEX_POINT ( 'NONE', #1018 ) ;
#1944 = CARTESIAN_POINT ( 'NONE',  ( 179.5915208884701997, 19.22339652012901468, -244.7720222470565545 ) ) ;
#1945 = CARTESIAN_POINT ( 'NONE',  ( 163.0571606522186698, 18.72219652012901747, -239.8870294977212154 ) ) ;
#1946 = CARTESIAN_POINT ( 'NONE',  ( 178.7801903421543557, 15.82219652012900646, -256.4813810746526315 ) ) ;
#1947 = CARTESIAN_POINT ( 'NONE',  ( 163.9475682497317166, 19.22219652012900681, -250.6511197375088784 ) ) ;
#1948 = CARTESIAN_POINT ( 'NONE',  ( 178.6773463522899306, 16.82099652012901103, -237.1592830607690701 ) ) ;
#1949 = DIRECTION ( 'NONE',  ( -1.000000000000000000, 0.000000000000000000, 8.492805861206767662E-16 ) ) ;
#1950 = ORIENTED_EDGE ( 'NONE', *, *, #1331, .F. ) ;
#1951 = CARTESIAN_POINT ( 'NONE',  ( 172.9976058570331645, 19.22219652012900681, -253.3517777279428174 ) ) ;
#1952 = CARTESIAN_POINT ( 'NONE',  ( 159.2230316447979703, 15.82219652012900646, -231.9935770962143238 ) ) ;
#1953 = CARTESIAN_POINT ( 'NONE',  ( 174.9288163950432420, 19.22219652012901392, -234.0000088891432881 ) ) ;
#1954 = CARTESIAN_POINT ( 'NONE',  ( 171.0945824448864414, 18.72219652012902813, -235.0156672555947353 ) ) ;
#1955 = DIRECTION ( 'NONE',  ( 0.000000000000000000, 1.000000000000000000, 0.000000000000000000 ) ) ;
#1956 = CARTESIAN_POINT ( 'NONE',  ( 171.8824715832693926, 19.22219652012901037, -234.5128304980990777 ) ) ;
#1957 = ADVANCED_FACE ( 'NONE', ( #3279 ), #1720, .F. ) ;
#1958 = CARTESIAN_POINT ( 'NONE',  ( 170.9716086782646016, 18.72219652012902458, -235.0181409728145638 ) ) ;
#1959 = CARTESIAN_POINT ( 'NONE',  ( 172.3131809901280462, 19.22219652012901747, -234.5674840525606157 ) ) ;
#1960 = CARTESIAN_POINT ( 'NONE',  ( 167.7749824448864331, 18.72219652013330915, -235.0156672555947353 ) ) ;
#1961 = CARTESIAN_POINT ( 'NONE',  ( 172.9834444561882947, 18.72219652012901392, -252.6609065367094047 ) ) ;
#1962 = CARTESIAN_POINT ( 'NONE',  ( 162.5096567438551176, 19.22219652012901392, -252.1133277197140217 ) ) ;
#1963 = DIRECTION ( 'NONE',  ( -0.000000000000000000, -1.000000000000000000, -0.000000000000000000 ) ) ;
#1964 = CARTESIAN_POINT ( 'NONE',  ( 162.4919250019007677, 19.22219652012901392, -239.8509527713781893 ) ) ;
#1965 = CARTESIAN_POINT ( 'NONE',  ( 167.5940282920987272, 19.22219652012901392, -253.7196367415779434 ) ) ;
#1966 = DIRECTION ( 'NONE',  ( 0.000000000000000000, -1.000000000000000000, 0.000000000000000000 ) ) ;
#1967 = ORIENTED_EDGE ( 'NONE', *, *, #2770, .F. ) ;
#1968 = CARTESIAN_POINT ( 'NONE',  ( 177.4958999831391679, 19.22339652012901468, -250.3445207671788921 ) ) ;
#1969 = AXIS2_PLACEMENT_3D ( 'NONE', #1620, #854, #1250 ) ;
#1970 = CARTESIAN_POINT ( 'NONE',  ( 164.3683389681392839, 18.72219652012902102, -237.8501110654915180 ) ) ;
#1971 = DIRECTION ( 'NONE',  ( 0.000000000000000000, 0.000000000000000000, 1.000000000000000000 ) ) ;
#1972 = CARTESIAN_POINT ( 'NONE',  ( 161.9162921620786335, 19.22219652012900326, -247.2561096187055227 ) ) ;
#1973 = CARTESIAN_POINT ( 'NONE',  ( 172.6820997986632165, 15.52219652012900930, -235.2681737837698108 ) ) ;
#1974 = CARTESIAN_POINT ( 'NONE',  ( 177.1031688268579387, 15.52219652012900930, -242.6792790828976649 ) ) ;
#1975 = ORIENTED_EDGE ( 'NONE', *, *, #299, .T. ) ;
#1976 = CARTESIAN_POINT ( 'NONE',  ( 174.6532745891057914, 19.22219652012900681, -251.0694164898345377 ) ) ;
#1977 = FACE_OUTER_BOUND ( 'NONE', #2237, .T. ) ;
#1978 = CARTESIAN_POINT ( 'NONE',  ( 160.1974834296676136, 19.22219652012901392, -239.9112032766798848 ) ) ;
#1979 = CARTESIAN_POINT ( 'NONE',  ( 167.5138775889324450, 19.22219652012900681, -234.5096701156345773 ) ) ;
#1980 = CARTESIAN_POINT ( 'NONE',  ( 171.4805473068813058, 19.22219652012901747, -234.5074584965069562 ) ) ;
#1981 = CARTESIAN_POINT ( 'NONE',  ( 173.2958242702199243, 18.72219652012902813, -236.0054001595147497 ) ) ;
#1982 = CARTESIAN_POINT ( 'NONE',  ( 171.0861446453938584, 19.22219652012901747, -234.5157360891445819 ) ) ;
#1983 = DIRECTION ( 'NONE',  ( 0.000000000000000000, 0.000000000000000000, 1.000000000000000000 ) ) ;
#1984 = CARTESIAN_POINT ( 'NONE',  ( 171.1054036620857914, 18.72219652012902458, -253.2156855337538843 ) ) ;
#1985 = CARTESIAN_POINT ( 'NONE',  ( 154.1848644134078654, 19.22219652012901037, -242.3655672618047845 ) ) ;
#1986 = EDGE_CURVE ( 'NONE', #2284, #2937, #791, .T. ) ;
#1987 = CARTESIAN_POINT ( 'NONE',  ( 162.9572686357325324, 19.22219652012901037, -239.1193961242072987 ) ) ;
#1988 = CARTESIAN_POINT ( 'NONE',  ( 167.1399477670329077, 19.22219652012901392, -253.7237096810220862 ) ) ;
#1989 = CARTESIAN_POINT ( 'NONE',  ( 164.9026870996455330, 16.02219652012900752, -237.0180329411284674 ) ) ;
#1990 = ORIENTED_EDGE ( 'NONE', *, *, #278, .F. ) ;
#1991 = CARTESIAN_POINT ( 'NONE',  ( 167.8039594615750616, 18.69009825377177236, -256.0226743391215223 ) ) ;
#1992 = CARTESIAN_POINT ( 'NONE',  ( 176.1863693895857921, 19.22219652012901392, -239.5433186103242633 ) ) ;
#1993 = CARTESIAN_POINT ( 'NONE',  ( 165.5884989579142257, 19.22219652012902102, -253.0858609976301352 ) ) ;
#1994 = CARTESIAN_POINT ( 'NONE',  ( 159.5859190375333867, 16.82099652012986368, -238.1065779570100176 ) ) ;
#1995 = CARTESIAN_POINT ( 'NONE',  ( 178.9618437490519511, 17.55618627686329702, -252.0339529300426591 ) ) ;
#1996 = ORIENTED_EDGE ( 'NONE', *, *, #218, .F. ) ;
#1997 = CARTESIAN_POINT ( 'NONE',  ( 173.0259925269046448, 19.22219652012900681, -253.3297222326041265 ) ) ;
#1998 = CARTESIAN_POINT ( 'NONE',  ( 171.8768699404159861, 18.72219652012901392, -253.2312036102881621 ) ) ;
#1999 = DIRECTION ( 'NONE',  ( -0.000000000000000000, 1.000000000000000000, -0.000000000000000000 ) ) ;
#2000 = CIRCLE ( 'NONE', #3796, 15.55000000000000782 ) ;
#2001 = CARTESIAN_POINT ( 'NONE',  ( 160.5600073165479102, 15.61796677514740495, -231.2300730959772181 ) ) ;
#2002 = CARTESIAN_POINT ( 'NONE',  ( 166.1389306468015548, 19.22219652012900681, -234.7120338073181642 ) ) ;
#2003 = CARTESIAN_POINT ( 'NONE',  ( 172.4753047014196738, 19.22219652012901747, -234.6105264628075417 ) ) ;
#2004 = CARTESIAN_POINT ( 'NONE',  ( 173.2352162118293677, 19.22219652012899971, -235.0954945530531575 ) ) ;
#2005 = CARTESIAN_POINT ( 'NONE',  ( 178.7801903421543557, 15.82219652012900646, -256.4813810746526315 ) ) ;
#2006 = CARTESIAN_POINT ( 'NONE',  ( 171.1872578783207359, 18.72219652012902458, -253.2174622281763163 ) ) ;
#2007 = MANIFOLD_SOLID_BREP ( 'Chamfer4', #257 ) ;
#2008 = FACE_OUTER_BOUND ( 'NONE', #4192, .T. ) ;
#2009 = VECTOR ( 'NONE', #4031, 1000.000000000000000 ) ;
#2010 = CARTESIAN_POINT ( 'NONE',  ( 162.4860509358155412, 19.22219652012901037, -239.8607072707483212 ) ) ;
#2011 = CARTESIAN_POINT ( 'NONE',  ( 178.9618437490498764, 16.22219652012901037, -252.0339529300433128 ) ) ;
#2012 = CARTESIAN_POINT ( 'NONE',  ( 159.2581277748089974, 17.22219652012899616, -239.2023373194359976 ) ) ;
#2013 = VERTEX_POINT ( 'NONE', #4549 ) ;
#2014 = CARTESIAN_POINT ( 'NONE',  ( 174.9237020449287741, 19.22339652012901468, -254.2371760678329622 ) ) ;
#2015 = EDGE_CURVE ( 'NONE', #1399, #1829, #4305, .T. ) ;
#2016 = CARTESIAN_POINT ( 'NONE',  ( 176.3356604131754466, 19.22219652012901037, -239.7817248907203975 ) ) ;
#2017 = CARTESIAN_POINT ( 'NONE',  ( 166.3150108212967950, 19.22219652012900326, -253.5947307545457932 ) ) ;
#2018 = CARTESIAN_POINT ( 'NONE',  ( 177.5809024824608571, 19.22219652012901037, -244.5987698252924076 ) ) ;
#2019 = CARTESIAN_POINT ( 'NONE',  ( 161.3051660117172332, 19.22339652012858124, -237.9925391849878906 ) ) ;
#2020 = FACE_OUTER_BOUND ( 'NONE', #915, .T. ) ;
#2021 = ORIENTED_EDGE ( 'NONE', *, *, #3519, .T. ) ;
#2022 = CARTESIAN_POINT ( 'NONE',  ( 171.0323108171821218, 19.22219652012901392, -253.7143151005314508 ) ) ;
#2023 = ORIENTED_EDGE ( 'NONE', *, *, #2742, .F. ) ;
#2024 = CARTESIAN_POINT ( 'NONE',  ( 159.3404586331317887, 15.71893867630115516, -232.0296686683487053 ) ) ;
#2025 = CARTESIAN_POINT ( 'NONE',  ( 175.1072119931618829, 15.52219652012900752, -238.8061366559095973 ) ) ;
#2026 = CARTESIAN_POINT ( 'NONE',  ( 171.0615182609915905, 18.02378076404301410, -256.4073729211821160 ) ) ;
#2027 = VECTOR ( 'NONE', #4109, 1000.000000000000000 ) ;
#2028 = CARTESIAN_POINT ( 'NONE',  ( 171.0945824459745097, 15.52219652012900930, -253.2154672618047186 ) ) ;
#2029 = CARTESIAN_POINT ( 'NONE',  ( 171.0601267725578509, 17.79826192348241420, -256.5375762844871019 ) ) ;
#2030 = CARTESIAN_POINT ( 'NONE',  ( 173.5030570236649510, 19.22219652012903524, -235.4294641064088864 ) ) ;
#2031 = CARTESIAN_POINT ( 'NONE',  ( 177.3366405626665312, 18.97233836358028469, -244.1155672662404186 ) ) ;
#2032 = CARTESIAN_POINT ( 'NONE',  ( 177.5850227400562176, 19.22219652012901392, -243.9870178728371002 ) ) ;
#2033 = CARTESIAN_POINT ( 'NONE',  ( 161.4695728252820288, 19.22219652012901037, -242.3655672237226497 ) ) ;
#2034 = CARTESIAN_POINT ( 'NONE',  ( 163.9839084422974054, 19.22219652012901392, -237.5234799585659573 ) ) ;
#2035 = CARTESIAN_POINT ( 'NONE',  ( 173.3808721763059282, 19.22219652012901392, -252.9641614487840968 ) ) ;
#2036 = CARTESIAN_POINT ( 'NONE',  ( 169.4347824459745198, 19.22219652012901037, -244.1155672618047277 ) ) ;
#2037 = ORIENTED_EDGE ( 'NONE', *, *, #4773, .F. ) ;
#2038 = CARTESIAN_POINT ( 'NONE',  ( 177.8517699047062024, 19.22339652012957956, -249.7947995814006106 ) ) ;
#2039 = CARTESIAN_POINT ( 'NONE',  ( 156.6222885435369108, 19.22219652012901037, -240.3655672618047845 ) ) ;
#2040 = CARTESIAN_POINT ( 'NONE',  ( 167.6884024324497204, 19.22219652012901037, -253.7174544086916512 ) ) ;
#2041 = DIRECTION ( 'NONE',  ( 0.000000000000000000, -1.000000000000000000, 0.000000000000000000 ) ) ;
#2042 = CARTESIAN_POINT ( 'NONE',  ( 163.5923039233063605, 19.22339652012901468, -234.4753683912150564 ) ) ;
#2043 = CARTESIAN_POINT ( 'NONE',  ( 163.1441069953214082, 19.22219652012901037, -249.4006414303462691 ) ) ;
#2044 = VERTEX_POINT ( 'NONE', #3134 ) ;
#2045 = ADVANCED_FACE ( 'NONE', ( #574 ), #138, .F. ) ;
#2046 = ORIENTED_EDGE ( 'NONE', *, *, #3962, .T. ) ;
#2047 = CARTESIAN_POINT ( 'NONE',  ( 178.4964597161076938, 19.22219652012901037, -253.9190617944676092 ) ) ;
#2048 = CARTESIAN_POINT ( 'NONE',  ( 179.5866064871075594, 19.22219652019346725, -244.1155672617986454 ) ) ;
#2049 = EDGE_CURVE ( 'NONE', #4540, #4148, #4627, .T. ) ;
#2050 = EDGE_CURVE ( 'NONE', #2488, #2963, #3197, .T. ) ;
#2051 = CARTESIAN_POINT ( 'NONE',  ( 169.4347824459745198, 18.72219652012902458, -259.9655672618047788 ) ) ;
#2052 = ADVANCED_FACE ( 'NONE', ( #233 ), #2400, .T. ) ;
#2053 = CARTESIAN_POINT ( 'NONE',  ( 167.7835960228414365, 19.22219652012901747, -234.5157395723670390 ) ) ;
#2054 = DIRECTION ( 'NONE',  ( 0.000000000000000000, 0.000000000000000000, 1.000000000000000000 ) ) ;
#2055 = CARTESIAN_POINT ( 'NONE',  ( 171.2819381970170696, 19.22219652012900326, -234.5113394700754839 ) ) ;
#2056 = CARTESIAN_POINT ( 'NONE',  ( 167.7800405501983789, 19.22219649078354919, -234.5156671675820519 ) ) ;
#2057 = CARTESIAN_POINT ( 'NONE',  ( 172.8328942546381484, 18.72219652012902102, -252.8325486305324432 ) ) ;
#2058 = CARTESIAN_POINT ( 'NONE',  ( 162.8351788104137938, 18.72219652012903168, -240.2524479017753549 ) ) ;
#2059 = CARTESIAN_POINT ( 'NONE',  ( 162.6609277938317746, 19.22219652012901037, -239.5783277563448053 ) ) ;
#2060 = CARTESIAN_POINT ( 'NONE',  ( 172.1969782234085642, 19.22219652012901037, -253.6858028912287182 ) ) ;
#2061 = CARTESIAN_POINT ( 'NONE',  ( 167.7749824448864331, 16.02219652012900752, -235.0156672555947353 ) ) ;
#2062 = CARTESIAN_POINT ( 'NONE',  ( 175.0811130229207606, 16.82099652012901103, -256.0224505947217608 ) ) ;
#2063 = CARTESIAN_POINT ( 'NONE',  ( 165.5473473650021958, 19.22219652012899616, -253.0375059188037596 ) ) ;
#2064 = CARTESIAN_POINT ( 'NONE',  ( 177.5863129956934472, 19.22219652012901037, -244.1330686468260183 ) ) ;
#2065 = CARTESIAN_POINT ( 'NONE',  ( 161.7068774195348624, 19.22339652012901468, -237.3706064377256553 ) ) ;
#2066 = CARTESIAN_POINT ( 'NONE',  ( 163.5572863570119182, 19.22219652012901392, -250.0429241370545981 ) ) ;
#2067 = ORIENTED_EDGE ( 'NONE', *, *, #2709, .T. ) ;
#2068 = B_SPLINE_SURFACE_WITH_KNOTS ( 'NONE', 1, 3, ( 
 ( #4046, #687, #3654, #4388, #4360, #326, #2182, #245, #297, #3680, #3313, #1029, #633, #3627, #4071, #1770, #4022, #712, #2472, #4436, #4334, #2847, #4808, #609, #1076, #3703, #658, #350, #1795, #1844, #3335, #2580, #2132, #2875, #3263, #2107, #3602, #1745, #3235, #2501, #4830, #4141, #4485, #1937, #1101, #2623, #3746, #3040, #4117, #4534, #1913, #1121, #2321, #4095, #3, #1497, #47, #1518, #775, #798, #2294, #3430, #2995, #23, #393, #1568, #71, #4463, #1168, #4186, #3014, #825, #4509, #3819, #2694, #1544, #756, #3357, #1889, #1474, #3401, #2670, #1866, #1146, #2973, #2272, #2252, #3065, #2603, #3379, #2646, #4162, #3768, #3793, #438, #414, #467, #733, #4557, #1195, #1961, #2230, #3725, #371, #4285, #2057, #1619, #3505, #3867, #195, #1690, #96, #3845, #1592, #1297, #4655, #3091, #3184, #3942, #4582, #4678, #1223, #173, #4307, #3548, #3527, #2426, #852, #2347, #2722, #4211, #491, #946, #538, #1667, #1319, #2006, #2750, #3162, #1984, #3457, #2446, #3481, #2820, #583, #4634, #122, #3116, #925, #4608, #513, #2798, #1248, #147, #3918, #4238 ),
 ( #875, #562, #2372, #1645, #3141, #1274, #2773, #4262, #901, #2032, #2398, #3895, #4496, #1741, #3372, #2195, #4330, #3324, #4476, #2078, #15, #2242, #4701, #3231, #3207, #1112, #3737, #1462, #4820, #3965, #3692, #382, #724, #2614, #1509, #339, #3006, #1831, #1133, #2636, #3714, #2939, #604, #4059, #3569, #2220, #4842, #2101, #2962, #216, #4452, #4725, #4107, #1348, #1371, #1066, #362, #4425, #1858, #4085, #2569, #4130, #2842, #3597, #241, #3347, #1091, #2594, #2987, #745, #1880, #701, #1488, #1715, #969, #2468, #2264, #1158, #3760, #3471, #1976, #406, #2361, #1263, #1904, #3858, #3393, #2336, #1634, #4227, #840, #4598, #3028, #4522, #35, #1531, #2660, #3130, #2711, #3835, #503, #4176, #61, #481, #4154, #767, #4625, #788, #866, #1997, #1951, #2763, #3495, #3107, #139, #2684, #112, #2285, #2309, #1607, #3783, #1237, #427, #1926, #4200, #4573, #85, #3416, #2738, #1557, #1211, #3054, #4547, #1185, #3808, #815, #453, #3446, #1583, #3082, #2385, #889, #530, #2022, #4252, #3884, #259, #2605, #3266, #4733, #1078, #3705, #2929, #1431, #636, #3657 ) ),
 .UNSPECIFIED., .F., .F., .F.,
 ( 2, 2 ),
 ( 4, 2, 2, 2, 2, 2, 2, 2, 2, 2, 2, 2, 2, 2, 2, 2, 2, 2, 2, 2, 2, 2, 2, 2, 2, 2, 2, 2, 2, 2, 2, 2, 2, 2, 2, 2, 2, 2, 2, 2, 2, 2, 2, 2, 2, 2, 2, 2, 2, 2, 2, 2, 2, 2, 2, 2, 2, 2, 2, 2, 2, 2, 2, 2, 2, 2, 2, 2, 2, 2, 2, 2, 2, 2, 2, 2, 2, 4 ),
 ( 0.000000000000000000, 1.000000000000000000 ),
 ( 0.03953859651723693608, 0.03975179251198752983, 0.03985839050936282324, 0.03996498850673811665, 0.04001828750542576335, 0.04007158650411341005, 0.04012488550280105676, 0.04013821025247296670, 0.04015153500214488358, 0.04015819737698084202, 0.04016485975181679352, 0.04017152212665274502, 0.04017818450148870346, 0.04020483400083252334, 0.04023148350017635017, 0.04028478249886399687, 0.04039138049623929028, 0.04060457649098987709, 0.04081777248574046391, 0.04124416447524163754, 0.04167055646474281116, 0.04209694845424398479, 0.04231014444899457161, 0.04252334044374515842, 0.04273653643849574524, 0.04294973243324633205, 0.04316292842799691887, 0.04337612442274750568, 0.04380251641224867931, 0.04422890840174985294, 0.04444210439650043976, 0.04465530039125103351, 0.04486849638600162726, 0.04508169238075221408, 0.04529488837550280089, 0.04550808437025338771, 0.04572128036500397452, 0.04593447635975456134, 0.04636086834925573497, 0.04721365232825808222, 0.04806643630726043642, 0.04849282829676161699, 0.04891922028626279062, 0.04913241628101337743, 0.04934561227576396425, 0.04955880827051455106, 0.04966540626788984447, 0.04977200426526513788, 0.04987860226264043129, 0.04998520026001572469, 0.05009179825739101810, 0.05019839625476631151, 0.05030499425214160492, 0.05041159224951689832, 0.05051819024689219173, 0.05062478824426748514, 0.05073138624164277855, 0.05083798423901807195, 0.05094458223639336536, 0.05105118023376865877, 0.05115777823114395217, 0.05126437622851924558, 0.05147757222326983934, 0.05169076821802043309, 0.05190396421277101990, 0.05211716020752160672, 0.05233035620227219353, 0.05243695419964748694, 0.05249025319833513364, 0.05254355219702278035, 0.05257020169636660023, 0.05259685119571042705, 0.05265015019439807376, 0.05270344919308572046, 0.05275674819177336716, 0.05286334618914866057, 0.05296994418652395398, 0.05318314018127454079 ),
 .UNSPECIFIED. ) ;
#2069 = FACE_OUTER_BOUND ( 'NONE', #4662, .T. ) ;
#2070 = CARTESIAN_POINT ( 'NONE',  ( 171.9810633498546508, 18.72219652012902102, -235.0207707972242588 ) ) ;
#2071 = CARTESIAN_POINT ( 'NONE',  ( 177.5229483433493556, 17.22219652012930879, -235.7919534882528296 ) ) ;
#2072 = CARTESIAN_POINT ( 'NONE',  ( 160.5604096181839111, 17.02219652012900752, -230.9828597377116353 ) ) ;
#2073 = CARTESIAN_POINT ( 'NONE',  ( 163.9614643987985119, 19.22339652012858124, -254.2577291723035557 ) ) ;
#2074 = B_SPLINE_CURVE_WITH_KNOTS ( 'NONE', 3,
 ( #3486, #3120, #3552, #1649 ),
 .UNSPECIFIED., .F., .F.,
 ( 4, 4 ),
 ( 0.000000000000000000, 1.000000000000000000 ),
 .UNSPECIFIED. ) ;
#2075 = ADVANCED_FACE ( 'NONE', ( #2069 ), #1660, .T. ) ;
#2076 = CARTESIAN_POINT ( 'NONE',  ( 171.3509258336070502, 19.22219652012901037, -234.5098173872306688 ) ) ;
#2077 = FACE_OUTER_BOUND ( 'NONE', #4083, .T. ) ;
#2078 = CARTESIAN_POINT ( 'NONE',  ( 177.5864675340955614, 19.22219652012898905, -244.1113738146607659 ) ) ;
#2079 = CARTESIAN_POINT ( 'NONE',  ( 166.5980092580421967, 18.72219652012902458, -235.0719646187308172 ) ) ;
#2080 = CARTESIAN_POINT ( 'NONE',  ( 177.0866804022370218, 18.72219652012902102, -243.9652020996725810 ) ) ;
#2081 = CARTESIAN_POINT ( 'NONE',  ( 171.8417015282357170, 19.22219652012901392, -253.7202750970622844 ) ) ;
#2082 = DIRECTION ( 'NONE',  ( 0.000000000000000000, 0.8660254037844380415, 0.5000000000000009992 ) ) ;
#2083 = CARTESIAN_POINT ( 'NONE',  ( 178.9276106253334433, 16.82099652012844260, -250.6860519887154624 ) ) ;
#2084 = CARTESIAN_POINT ( 'NONE',  ( 167.2600554596949678, 19.22219652012900681, -253.7249822175628537 ) ) ;
#2085 = CARTESIAN_POINT ( 'NONE',  ( 179.8143463751852664, 19.22219652012901037, -252.5112299896319996 ) ) ;
#2086 = CARTESIAN_POINT ( 'NONE',  ( 163.6821306569448780, 16.82099652012901103, -232.2911317191787077 ) ) ;
#2087 = CARTESIAN_POINT ( 'NONE',  ( 162.9192869953760407, 19.22219652012901392, -249.0532253271144327 ) ) ;
#2088 = ORIENTED_EDGE ( 'NONE', *, *, #3777, .F. ) ;
#2089 = AXIS2_PLACEMENT_3D ( 'NONE', #2484, #1779, #3638 ) ;
#2090 = ORIENTED_EDGE ( 'NONE', *, *, #4082, .T. ) ;
#2091 = DIRECTION ( 'NONE',  ( -0.000000000000000000, -1.000000000000000000, -0.000000000000000000 ) ) ;
#2092 = DIRECTION ( 'NONE',  ( -0.000000000000000000, 1.000000000000000000, -0.000000000000000000 ) ) ;
#2093 = CARTESIAN_POINT ( 'NONE',  ( 172.1514087065854994, 18.72219652012902102, -235.0448916305745399 ) ) ;
#2094 = CARTESIAN_POINT ( 'NONE',  ( 180.6767682479456028, 17.22219652012707414, -242.6627638633434572 ) ) ;
#2095 = CARTESIAN_POINT ( 'NONE',  ( 178.7801903421543557, 15.82219652012900646, -257.3813810746526656 ) ) ;
#2096 = ORIENTED_EDGE ( 'NONE', *, *, #317, .T. ) ;
#2097 = CARTESIAN_POINT ( 'NONE',  ( 165.4628818641746761, 16.82099652012901103, -256.8792039718331353 ) ) ;
#2098 = CARTESIAN_POINT ( 'NONE',  ( 159.6850958819996151, 16.22219652012901037, -235.4411155843643826 ) ) ;
#2099 = CIRCLE ( 'NONE', #3353, 15.85000000000000320 ) ;
#2100 = DIRECTION ( 'NONE',  ( 0.000000000000000000, 0.000000000000000000, 1.000000000000000000 ) ) ;
#2101 = CARTESIAN_POINT ( 'NONE',  ( 177.2227084883816985, 19.22219652012902458, -246.5233287906232249 ) ) ;
#2102 = CARTESIAN_POINT ( 'NONE',  ( 166.1706876350540369, 18.72219652012902102, -235.2805533539720955 ) ) ;
#2103 = EDGE_CURVE ( 'NONE', #1784, #4076, #4345, .T. ) ;
#2104 = CONICAL_SURFACE ( 'NONE', #226, 0.5000000000000004441, 0.7853981633974648213 ) ;
#2105 = CARTESIAN_POINT ( 'NONE',  ( 175.6291230571247013, 18.72219652012903168, -239.6014242766906932 ) ) ;
#2106 = CARTESIAN_POINT ( 'NONE',  ( 174.0853970620928806, 19.22219652012901392, -251.9435424509970858 ) ) ;
#2107 = CARTESIAN_POINT ( 'NONE',  ( 177.0757328212950767, 18.72219652012901747, -244.5968601077152869 ) ) ;
#2108 = CIRCLE ( 'NONE', #3595, 13.35000000000000142 ) ;
#2109 = CARTESIAN_POINT ( 'NONE',  ( 180.9075090876422394, 16.82099652013127766, -245.6000567509179291 ) ) ;
#2110 = CARTESIAN_POINT ( 'NONE',  ( 163.2607216956786260, 18.72219652012902813, -248.6609459986184447 ) ) ;
#2111 = PLANE ( 'NONE',  #1527 ) ;
#2112 = CARTESIAN_POINT ( 'NONE',  ( 167.3059169693557635, 19.22219652012901037, -234.5066062121103414 ) ) ;
#2113 = CARTESIAN_POINT ( 'NONE',  ( 163.7815812966625231, 19.22219652012901392, -250.3924506376158945 ) ) ;
#2114 = VERTEX_POINT ( 'NONE', #3155 ) ;
#2115 = EDGE_LOOP ( 'NONE', ( #3909, #4599, #813, #4105 ) ) ;
#2116 = CARTESIAN_POINT ( 'NONE',  ( 166.5786493733491795, 19.22219652012816127, -255.6976185336726246 ) ) ;
#2117 = CARTESIAN_POINT ( 'NONE',  ( 169.4347824459745198, 17.22219652012900681, -244.1155672618047277 ) ) ;
#2118 = CARTESIAN_POINT ( 'NONE',  ( 167.8007185060000666, 19.22219652012901037, -255.7154672618047755 ) ) ;
#2119 = CARTESIAN_POINT ( 'NONE',  ( 174.8258007488873034, 19.22339652012901468, -233.8754411886797016 ) ) ;
#2120 = CARTESIAN_POINT ( 'NONE',  ( 169.4347824459745198, 19.22219652012901037, -244.1155672618047277 ) ) ;
#2121 = CARTESIAN_POINT ( 'NONE',  ( 161.8807870808953453, 19.22219652012901037, -245.3655672618047561 ) ) ;
#2122 = ORIENTED_EDGE ( 'NONE', *, *, #370, .F. ) ;
#2123 = CARTESIAN_POINT ( 'NONE',  ( 163.5959879952236520, 19.22339652012901468, -253.7610872197839740 ) ) ;
#2124 = FACE_OUTER_BOUND ( 'NONE', #653, .T. ) ;
#2125 = DIRECTION ( 'NONE',  ( -0.000000000000000000, -1.000000000000000000, 0.000000000000000000 ) ) ;
#2126 = ORIENTED_EDGE ( 'NONE', *, *, #1566, .T. ) ;
#2127 = CARTESIAN_POINT ( 'NONE',  ( 166.2264456438532534, 18.72219652012902813, -235.2402171494125867 ) ) ;
#2128 = CARTESIAN_POINT ( 'NONE',  ( 176.0621032398901207, 19.22219652012901037, -239.3501976754678537 ) ) ;
#2129 = CARTESIAN_POINT ( 'NONE',  ( 177.0077707550493074, 18.72219652012902458, -242.9764940799488215 ) ) ;
#2130 = CARTESIAN_POINT ( 'NONE',  ( 172.2916723570220370, 19.22219652012901392, -253.6682167963940060 ) ) ;
#2131 = B_SPLINE_CURVE_WITH_KNOTS ( 'NONE', 3,
 ( #1136, #1859, #3785, #3394 ),
 .UNSPECIFIED., .F., .F.,
 ( 4, 4 ),
 ( 0.001635083941166848081, 0.003260428187464692318 ),
 .UNSPECIFIED. ) ;
#2132 = CARTESIAN_POINT ( 'NONE',  ( 177.0862667806167394, 18.72219652012902813, -244.2992437520512965 ) ) ;
#2133 = CARTESIAN_POINT ( 'NONE',  ( 176.3022566852509101, 16.82099652012901103, -254.7104344613363480 ) ) ;
#2134 = CARTESIAN_POINT ( 'NONE',  ( 163.5739364406237826, 18.72219652012902102, -249.1445695604528794 ) ) ;
#2135 = EDGE_CURVE ( 'NONE', #1338, #1399, #3666, .T. ) ;
#2136 = CARTESIAN_POINT ( 'NONE',  ( 178.4219505389081917, 17.22219652012810087, -251.0402231643310529 ) ) ;
#2137 = CARTESIAN_POINT ( 'NONE',  ( 167.1672631021836537, 19.22219652012901037, -234.5070351936399788 ) ) ;
#2138 = CARTESIAN_POINT ( 'NONE',  ( 163.0902916079489557, 19.22219652012901037, -249.3172762755290535 ) ) ;
#2139 = ORIENTED_EDGE ( 'NONE', *, *, #4832, .T. ) ;
#2140 = CARTESIAN_POINT ( 'NONE',  ( 164.2883549564540999, 19.22219652012901392, -254.6219924069250737 ) ) ;
#2141 = DIRECTION ( 'NONE',  ( 0.000000000000000000, -1.000000000000000000, 0.000000000000000000 ) ) ;
#2142 = CYLINDRICAL_SURFACE ( 'NONE', #2089, 15.85000000000002984 ) ;
#2143 = CARTESIAN_POINT ( 'NONE',  ( 177.6009588902364840, 19.22339652012901468, -238.0487975233708369 ) ) ;
#2144 = CARTESIAN_POINT ( 'NONE',  ( 177.0834095388544256, 18.72219652012902458, -244.3800693986539159 ) ) ;
#2145 = CARTESIAN_POINT ( 'NONE',  ( 169.4347824459745198, 19.22219652012901037, -244.1155672618047277 ) ) ;
#2146 = CARTESIAN_POINT ( 'NONE',  ( 171.0688463859490298, 19.22219652012901037, -255.7154672618047186 ) ) ;
#2147 = ORIENTED_EDGE ( 'NONE', *, *, #4233, .T. ) ;
#2148 = CARTESIAN_POINT ( 'NONE',  ( 165.8557974113017508, 19.22339652012901468, -255.5482764708181378 ) ) ;
#2149 = LINE ( 'NONE', #2616, #2027 ) ;
#2150 = DIRECTION ( 'NONE',  ( 0.000000000000000000, -0.8660254037844380415, -0.5000000000000009992 ) ) ;
#2151 = ORIENTED_EDGE ( 'NONE', *, *, #672, .F. ) ;
#2152 = CARTESIAN_POINT ( 'NONE',  ( 168.0749801548584230, 18.72219652012902458, -235.0217019532501013 ) ) ;
#2153 = AXIS2_PLACEMENT_3D ( 'NONE', #673, #309, #1828 ) ;
#2154 = CARTESIAN_POINT ( 'NONE',  ( 175.9597194021473854, 19.22219652012901747, -239.1924624957604237 ) ) ;
#2155 = CARTESIAN_POINT ( 'NONE',  ( 175.5512920636347474, 18.72219652012902458, -239.4815838958120082 ) ) ;
#2156 = CARTESIAN_POINT ( 'NONE',  ( 175.7959932024853629, 19.22219652012901037, -249.2914274856654515 ) ) ;
#2157 = CIRCLE ( 'NONE', #746, 0.7499999992940376004 ) ;
#2158 = DIRECTION ( 'NONE',  ( -0.000000000000000000, 1.000000000000000000, -0.000000000000000000 ) ) ;
#2159 = CARTESIAN_POINT ( 'NONE',  ( 174.8070354331423459, 16.82099652012901103, -256.2203595868718367 ) ) ;
#2160 = CARTESIAN_POINT ( 'NONE',  ( 164.3683389730727242, 18.72219652012902458, -250.3810234656982345 ) ) ;
#2161 = CARTESIAN_POINT ( 'NONE',  ( 180.7469270277419184, 17.22219652012812219, -244.8486782541614559 ) ) ;
#2162 = CARTESIAN_POINT ( 'NONE',  ( 167.8299090614067381, 16.82099652012901103, -231.1296411406150071 ) ) ;
#2163 = CARTESIAN_POINT ( 'NONE',  ( 163.9179697891574961, 19.22219652012901747, -250.6049648639337306 ) ) ;
#2164 = ORIENTED_EDGE ( 'NONE', *, *, #4499, .F. ) ;
#2165 = EDGE_CURVE ( 'NONE', #3366, #2218, #835, .T. ) ;
#2166 = CARTESIAN_POINT ( 'NONE',  ( 159.2590273702687682, 17.22219652012756796, -249.0306686659158686 ) ) ;
#2167 = DIRECTION ( 'NONE',  ( -0.000000000000000000, 1.000000000000000000, -0.000000000000000000 ) ) ;
#2168 = CARTESIAN_POINT ( 'NONE',  ( 174.9782274266814852, 19.22339652012901468, -234.0638938755303116 ) ) ;
#2169 = CARTESIAN_POINT ( 'NONE',  ( 177.0863465163457420, 18.72219652012902813, -244.1272782466904516 ) ) ;
#2170 = VECTOR ( 'NONE', #2859, 1000.000000000000000 ) ;
#2171 = CARTESIAN_POINT ( 'NONE',  ( 179.6248519025618009, 17.22219652012930879, -239.2178654935856912 ) ) ;
#2172 = CARTESIAN_POINT ( 'NONE',  ( 169.3432216782537694, 16.52219652012900752, -253.2154672618047186 ) ) ;
#2173 = ORIENTED_EDGE ( 'NONE', *, *, #2401, .T. ) ;
#2174 = CARTESIAN_POINT ( 'NONE',  ( 167.1883556241397741, 19.22339652012901468, -255.7247357860766215 ) ) ;
#2175 = CARTESIAN_POINT ( 'NONE',  ( 161.8807870808953453, 18.72219652012902458, -245.3655672618047561 ) ) ;
#2176 = PLANE ( 'NONE',  #2339 ) ;
#2177 = ORIENTED_EDGE ( 'NONE', *, *, #2409, .F. ) ;
#2178 = CARTESIAN_POINT ( 'NONE',  ( 167.7973373463659357, 18.72219652012902102, -235.0161166752378392 ) ) ;
#2179 = CARTESIAN_POINT ( 'NONE',  ( 174.1611762201887643, 19.22219652012901747, -236.4031795417426451 ) ) ;
#2180 = CARTESIAN_POINT ( 'NONE',  ( 176.1963806383579083, 18.72219652012903168, -240.5439077740509219 ) ) ;
#2181 = CARTESIAN_POINT ( 'NONE',  ( 175.8414518305352487, 19.22219652012901392, -249.2211384341628104 ) ) ;
#2182 = CARTESIAN_POINT ( 'NONE',  ( 177.0838181384234815, 18.72219652012902813, -243.8862355313951582 ) ) ;
#2183 = CIRCLE ( 'NONE', #3907, 1.000000000000000888 ) ;
#2184 = CARTESIAN_POINT ( 'NONE',  ( 165.9646570130785506, 18.72219652012903524, -252.7561447862745752 ) ) ;
#2185 = CARTESIAN_POINT ( 'NONE',  ( 178.5984309682226581, 17.22219652012838864, -250.7676792967386632 ) ) ;
#2186 = CARTESIAN_POINT ( 'NONE',  ( 165.9498815480416170, 16.82099652012901103, -231.2329669787868909 ) ) ;
#2187 = CARTESIAN_POINT ( 'NONE',  ( 164.2792746523285814, 19.22219652012901037, -251.1667027698420895 ) ) ;
#2188 = ORIENTED_EDGE ( 'NONE', *, *, #3072, .T. ) ;
#2189 = CARTESIAN_POINT ( 'NONE',  ( 167.3107080782052378, 19.22219652012901392, -255.7250929427666790 ) ) ;
#2190 = DIRECTION ( 'NONE',  ( 0.000000000000000000, -1.000000000000000000, 0.000000000000000000 ) ) ;
#2191 = CARTESIAN_POINT ( 'NONE',  ( 172.2374951213247982, 19.22339652012901468, -232.5326709765425051 ) ) ;
#2192 = ADVANCED_FACE ( 'NONE', ( #1265 ), #187, .T. ) ;
#2193 = ORIENTED_EDGE ( 'NONE', *, *, #4806, .T. ) ;
#2194 = CARTESIAN_POINT ( 'NONE',  ( 169.4347824459745198, 15.52219652012900930, -244.1155672618047277 ) ) ;
#2195 = CARTESIAN_POINT ( 'NONE',  ( 177.5862610810679030, 19.22219652012900326, -244.0936086771119164 ) ) ;
#2196 = VERTEX_POINT ( 'NONE', #1733 ) ;
#2197 = CARTESIAN_POINT ( 'NONE',  ( 159.7338363080525880, 16.82099652012986368, -250.3621092845446015 ) ) ;
#2198 = CARTESIAN_POINT ( 'NONE',  ( 171.8768699393279746, 18.72219652012902813, -234.9999309071112634 ) ) ;
#2199 = ADVANCED_FACE ( 'NONE', ( #532 ), #3502, .T. ) ;
#2200 = EDGE_CURVE ( 'NONE', #4341, #2362, #985, .T. ) ;
#2201 = EDGE_CURVE ( 'NONE', #2405, #2488, #735, .T. ) ;
#2202 = CARTESIAN_POINT ( 'NONE',  ( 160.0893745497946554, 15.52219652012900930, -231.7497534489568807 ) ) ;
#2203 = AXIS2_PLACEMENT_3D ( 'NONE', #3946, #4242, #880 ) ;
#2204 = ORIENTED_EDGE ( 'NONE', *, *, #2050, .F. ) ;
#2205 = CARTESIAN_POINT ( 'NONE',  ( 165.5884989561249085, 19.22219652012900326, -235.1452735279925150 ) ) ;
#2206 = CARTESIAN_POINT ( 'NONE',  ( 174.0725182348068643, 19.22219652012901037, -236.2677224029011711 ) ) ;
#2207 = CARTESIAN_POINT ( 'NONE',  ( 177.5868889949317406, 19.22219652012899971, -244.0665512912944166 ) ) ;
#2208 = CARTESIAN_POINT ( 'NONE',  ( 174.5814150381367824, 19.22219652012901392, -251.1804675983567279 ) ) ;
#2209 = CARTESIAN_POINT ( 'NONE',  ( 160.5604096181839111, 18.52219652012901108, -230.9828597377116353 ) ) ;
#2210 = CARTESIAN_POINT ( 'NONE',  ( 162.7756185352265277, 18.72219652012902813, -247.8740435625287262 ) ) ;
#2211 = CARTESIAN_POINT ( 'NONE',  ( 171.0688463859490298, 19.22219652012901037, -255.7154672618047186 ) ) ;
#2212 = CARTESIAN_POINT ( 'NONE',  ( 164.6674825615166355, 19.22219652012901037, -236.4657600473307468 ) ) ;
#2213 = CARTESIAN_POINT ( 'NONE',  ( 163.9138306264029268, 19.22219652012900681, -250.5985171682765724 ) ) ;
#2214 = ORIENTED_EDGE ( 'NONE', *, *, #345, .F. ) ;
#2215 = CARTESIAN_POINT ( 'NONE',  ( 171.7881432823772343, 15.52219652012900930, -235.0017157158976602 ) ) ;
#2216 = CARTESIAN_POINT ( 'NONE',  ( 160.0054022668429070, 19.22219652012901037, -240.3655672618047845 ) ) ;
#2217 = CARTESIAN_POINT ( 'NONE',  ( 180.3910445009403531, 16.82099652012788127, -240.4834682877596777 ) ) ;
#2218 = VERTEX_POINT ( 'NONE', #1085 ) ;
#2219 = DIRECTION ( 'NONE',  ( -3.569848953778636250E-15, 0.000000000000000000, 1.000000000000000000 ) ) ;
#2220 = CARTESIAN_POINT ( 'NONE',  ( 177.2858082305030223, 19.22219652012900326, -246.3138267962658290 ) ) ;
#2221 = LINE ( 'NONE', #3761, #4376 ) ;
#2222 = FILL_AREA_STYLE_COLOUR ( '', #539 ) ;
#2223 = B_SPLINE_CURVE_WITH_KNOTS ( 'NONE', 3,
 ( #945, #4654, #561, #1689, #2445, #2797, #3161, #3183 ),
 .UNSPECIFIED., .F., .F.,
 ( 4, 1, 1, 1, 1, 4 ),
 ( 0.000000000000000000, 0.1793389771629854967, 0.2257350516910194005, 0.4374912237704146056, 0.4896126894488346259, 0.7204801869652948110 ),
 .UNSPECIFIED. ) ;
#2224 = CARTESIAN_POINT ( 'NONE',  ( 179.2810755391661246, 15.52219652012900930, -256.1510569619776447 ) ) ;
#2225 = PRODUCT_DEFINITION ( 'UNKNOWN', '', #3135, #1480 ) ;
#2226 = CARTESIAN_POINT ( 'NONE',  ( 161.9672936297133674, 19.22219652012899971, -240.8568606319427658 ) ) ;
#2227 = CARTESIAN_POINT ( 'NONE',  ( 175.5651698510115182, 19.22219652012901037, -238.5817522046942827 ) ) ;
#2228 = CARTESIAN_POINT ( 'NONE',  ( 177.5021760161343991, 19.22219652012901392, -242.9013289813474046 ) ) ;
#2229 = CARTESIAN_POINT ( 'NONE',  ( 175.9883110386305418, 19.22219652012901037, -248.9946287482309799 ) ) ;
#2230 = CARTESIAN_POINT ( 'NONE',  ( 172.9455613817642643, 18.72219652012902813, -252.7077244378760952 ) ) ;
#2231 = CARTESIAN_POINT ( 'NONE',  ( 161.3758778098797961, 19.22219652012901392, -250.3491536387718099 ) ) ;
#2232 = CARTESIAN_POINT ( 'NONE',  ( 174.2327262250930744, 19.22219652012901392, -254.9256122349295879 ) ) ;
#2233 = AXIS2_PLACEMENT_3D ( 'NONE', #3302, #3276, #1417 ) ;
#2234 = CARTESIAN_POINT ( 'NONE',  ( 166.7255635008357046, 19.22219652012901037, -234.5372915225006807 ) ) ;
#2235 = CARTESIAN_POINT ( 'NONE',  ( 164.6365063009385494, 19.22219652012901392, -251.7179123527868967 ) ) ;
#2236 = CARTESIAN_POINT ( 'NONE',  ( 177.0864824478727257, 18.72219652012901392, -244.1155672618047277 ) ) ;
#2237 = EDGE_LOOP ( 'NONE', ( #399, #210, #2193, #2882 ) ) ;
#2238 = CARTESIAN_POINT ( 'NONE',  ( 179.5866064871075594, 19.22219652019346725, -244.1155672617986454 ) ) ;
#2239 = CARTESIAN_POINT ( 'NONE',  ( 161.6878683801671741, 19.22219652012901037, -246.6493519990681875 ) ) ;
#2240 = CARTESIAN_POINT ( 'NONE',  ( 175.9800496491827175, 16.82099652012907853, -233.0950018750640425 ) ) ;
#2241 = ORIENTED_EDGE ( 'NONE', *, *, #1317, .T. ) ;
#2242 = CARTESIAN_POINT ( 'NONE',  ( 177.5865405856483790, 19.22219652012898905, -244.1180354978565390 ) ) ;
#2243 = CARTESIAN_POINT ( 'NONE',  ( 160.8094824226050719, 16.82099652012901103, -252.0312124788910353 ) ) ;
#2244 = CARTESIAN_POINT ( 'NONE',  ( 169.4347824459745198, 19.22219652012901037, -244.1155672618047277 ) ) ;
#2245 = CIRCLE ( 'NONE', #2800, 0.7499999992940376004 ) ;
#2246 = CARTESIAN_POINT ( 'NONE',  ( 166.5792710690629974, 19.22219652012901392, -232.5334698442685522 ) ) ;
#2247 = CARTESIAN_POINT ( 'NONE',  ( 165.2983797994748159, 19.22219652012901392, -235.5250850842352008 ) ) ;
#2248 = CARTESIAN_POINT ( 'NONE',  ( 174.5850747531645482, 19.22219652012901392, -237.0563400129200318 ) ) ;
#2249 = CARTESIAN_POINT ( 'NONE',  ( 176.3177245073906363, 19.22219652012901392, -239.7522317554694382 ) ) ;
#2250 = CARTESIAN_POINT ( 'NONE',  ( 176.0608341373579719, 19.22219652012901392, -248.8828955929839140 ) ) ;
#2251 = EDGE_CURVE ( 'NONE', #3583, #1503, #2312, .T. ) ;
#2252 = CARTESIAN_POINT ( 'NONE',  ( 173.5332247755144692, 18.72219652012902458, -251.8724605352451533 ) ) ;
#2253 = CARTESIAN_POINT ( 'NONE',  ( 167.5029801802228633, 18.72219652012902102, -253.2215830307906685 ) ) ;
#2254 = CARTESIAN_POINT ( 'NONE',  ( 169.4347824459745198, 19.22219652012901037, -259.9655672618047788 ) ) ;
#2255 = CARTESIAN_POINT ( 'NONE',  ( 166.0150003926856357, 19.22219652012901037, -234.7801089069804164 ) ) ;
#2256 = CARTESIAN_POINT ( 'NONE',  ( 165.3904767765125712, 19.22219652012902102, -252.8344430480321989 ) ) ;
#2257 = CARTESIAN_POINT ( 'NONE',  ( 169.4347824459745198, 19.22219652012901037, -259.4655672618047788 ) ) ;
#2258 = VERTEX_POINT ( 'NONE', #4055 ) ;
#2259 = DIRECTION ( 'NONE',  ( -4.551848144931120154E-15, 0.000000000000000000, -1.000000000000000000 ) ) ;
#2260 = CARTESIAN_POINT ( 'NONE',  ( 163.2575941145156264, 19.22219652012900681, -249.5766309395403653 ) ) ;
#2261 = CONICAL_SURFACE ( 'NONE', #281, 13.35000000000000142, 0.5235987755983000369 ) ;
#2262 = CARTESIAN_POINT ( 'NONE',  ( 173.2424837698101214, 16.82099652012842483, -231.3038512855303281 ) ) ;
#2263 = ORIENTED_EDGE ( 'NONE', *, *, #102, .T. ) ;
#2264 = CARTESIAN_POINT ( 'NONE',  ( 175.5038861561554597, 19.22219652012900681, -249.7446189611852674 ) ) ;
#2265 = CARTESIAN_POINT ( 'NONE',  ( 158.7191584810040297, 16.82099652012901103, -248.3827687731989613 ) ) ;
#2266 = CARTESIAN_POINT ( 'NONE',  ( 173.3766646464654571, 19.22219652013017921, -232.7955511226912790 ) ) ;
#2267 = CARTESIAN_POINT ( 'NONE',  ( 165.3958926623259913, 19.22219652012901037, -232.8509308989986266 ) ) ;
#2268 = CARTESIAN_POINT ( 'NONE',  ( 161.5910444177313252, 19.22219652012902102, -241.8922701314853896 ) ) ;
#2269 = CARTESIAN_POINT ( 'NONE',  ( 173.3305506539104783, 19.22219652012901037, -235.2041669306122174 ) ) ;
#2270 = CARTESIAN_POINT ( 'NONE',  ( 177.5867279531997553, 19.22219652012901747, -244.0931542240172973 ) ) ;
#2271 = CARTESIAN_POINT ( 'NONE',  ( 174.9600679138794703, 17.82426361116150204, -255.3787263877515556 ) ) ;
#2272 = CARTESIAN_POINT ( 'NONE',  ( 173.5723672501601698, 18.72219652012901392, -251.8133629212961466 ) ) ;
#2273 = CARTESIAN_POINT ( 'NONE',  ( 166.4026580392290384, 18.72219652012902102, -253.0905232949054948 ) ) ;
#2274 = CARTESIAN_POINT ( 'NONE',  ( 175.1705067461624026, 19.22219652012901392, -253.9096904094647584 ) ) ;
#2275 = CARTESIAN_POINT ( 'NONE',  ( 167.0017799474259164, 19.22219652012900326, -234.5120661758089398 ) ) ;
#2276 = CARTESIAN_POINT ( 'NONE',  ( 171.4740999573412807, 19.22219652012901392, -253.7235841954324371 ) ) ;
#2277 = DIRECTION ( 'NONE',  ( 0.000000000000000000, 0.000000000000000000, -1.000000000000000000 ) ) ;
#2278 = ORIENTED_EDGE ( 'NONE', *, *, #248, .T. ) ;
#2280 = EDGE_CURVE ( 'NONE', #699, #3001, #3343, .T. ) ;
#2279 = CARTESIAN_POINT ( 'NONE',  ( 162.9595850750863519, 18.72219652012902813, -240.0438542607769250 ) ) ;
#2281 = CYLINDRICAL_SURFACE ( 'NONE', #2577, 0.5000000000000004441 ) ;
#2282 = CARTESIAN_POINT ( 'NONE',  ( 163.1191675780931405, 19.22219652012900326, -249.3619902348203539 ) ) ;
#2283 = CARTESIAN_POINT ( 'NONE',  ( 179.5814560893315104, 16.82099652012901103, -238.6318394840475321 ) ) ;
#2284 = VERTEX_POINT ( 'NONE', #1388 ) ;
#2285 = CARTESIAN_POINT ( 'NONE',  ( 172.6599096299361236, 19.22219652012899971, -253.5514144472727480 ) ) ;
#2286 = DIRECTION ( 'NONE',  ( 0.000000000000000000, 0.000000000000000000, 1.000000000000000000 ) ) ;
#2287 = SURFACE_STYLE_USAGE ( .BOTH. , #3255 ) ;
#2288 = LINE ( 'NONE', #3787, #464 ) ;
#2289 = CARTESIAN_POINT ( 'NONE',  ( 165.5473473631918182, 19.22219652012901037, -235.1936286069679340 ) ) ;
#2290 = CARTESIAN_POINT ( 'NONE',  ( 172.0288750220495615, 19.22219652012901037, -234.5235816449208244 ) ) ;
#2291 = CARTESIAN_POINT ( 'NONE',  ( 172.3841403373064907, 18.72219652012902813, -235.1074490096354168 ) ) ;
#2292 = CARTESIAN_POINT ( 'NONE',  ( 175.9705268230724187, 19.22219652012901392, -239.2091094286647603 ) ) ;
#2293 = CARTESIAN_POINT ( 'NONE',  ( 161.7450886384959574, 18.88259349727978886, -242.7051702846540877 ) ) ;
#2294 = CARTESIAN_POINT ( 'NONE',  ( 176.0648157016417201, 18.72219652012902102, -247.9257689130211020 ) ) ;
#2295 = CARTESIAN_POINT ( 'NONE',  ( 160.0984582272016326, 19.22219652012901392, -248.0969908909484616 ) ) ;
#2296 = CARTESIAN_POINT ( 'NONE',  ( 163.9478820829277481, 18.72219652012902813, -249.7081663169822718 ) ) ;
#2297 = B_SPLINE_CURVE_WITH_KNOTS ( 'NONE', 3,
 ( #4343, #3196, #207, #1732, #595, #643, #3954, #1755, #3246, #2534 ),
 .UNSPECIFIED., .F., .F.,
 ( 4, 2, 2, 2, 4 ),
 ( 0.000000000000000000, 0.0004889543335902327972, 0.0009779086671804655944, 0.001466863000770698283, 0.001955817334360931189 ),
 .UNSPECIFIED. ) ;
#2298 = CARTESIAN_POINT ( 'NONE',  ( 165.7677525757238755, 19.22219652012901392, -234.9652528567250442 ) ) ;
#2299 = CARTESIAN_POINT ( 'NONE',  ( 167.1797497227550480, 19.22219652012901037, -253.7243531174450197 ) ) ;
#2300 = CARTESIAN_POINT ( 'NONE',  ( 163.4691391879672722, 15.52219652012900930, -239.2536612463382255 ) ) ;
#2301 = EDGE_LOOP ( 'NONE', ( #890, #4129 ) ) ;
#2302 = CARTESIAN_POINT ( 'NONE',  ( 178.9618437490498764, 19.22219652012901037, -252.0339529300433128 ) ) ;
#2303 = CARTESIAN_POINT ( 'NONE',  ( 163.9546315789291953, 18.72219652012902813, -238.4949360285653484 ) ) ;
#2304 = CARTESIAN_POINT ( 'NONE',  ( 178.9618437490498764, 16.22219652012901037, -253.0339529300433128 ) ) ;
#2305 = CARTESIAN_POINT ( 'NONE',  ( 164.5008394682476194, 19.22219652012902102, -251.5099415261010734 ) ) ;
#2306 = CARTESIAN_POINT ( 'NONE',  ( 171.9567494442063662, 16.82099652012901103, -231.1233206935312978 ) ) ;
#2307 = LINE ( 'NONE', #451, #3177 ) ;
#2308 = ORIENTED_EDGE ( 'NONE', *, *, #843, .F. ) ;
#2309 = CARTESIAN_POINT ( 'NONE',  ( 172.6269086379678299, 19.22219652012902102, -253.5655901315384426 ) ) ;
#2310 = FACE_OUTER_BOUND ( 'NONE', #2712, .T. ) ;
#2311 =( LENGTH_UNIT ( ) NAMED_UNIT ( * ) SI_UNIT ( .MILLI., .METRE. ) );
#2312 = B_SPLINE_CURVE_WITH_KNOTS ( 'NONE', 3,
 ( #3271, #1062, #2511, #4791 ),
 .UNSPECIFIED., .F., .F.,
 ( 4, 4 ),
 ( 0.000000000000000000, 1.000000000000000000 ),
 .UNSPECIFIED. ) ;
#2313 = EDGE_CURVE ( 'NONE', #4789, #3712, #3687, .T. ) ;
#2314 = CARTESIAN_POINT ( 'NONE',  ( 160.5294812445728496, 19.22219652012943669, -239.2521327314606481 ) ) ;
#2315 = CARTESIAN_POINT ( 'NONE',  ( 178.9618437490498764, 16.22219652012901037, -253.0339529300433128 ) ) ;
#2316 = CARTESIAN_POINT ( 'NONE',  ( 171.5088568960609052, 19.22219652012901037, -234.5070923488366361 ) ) ;
#2317 = CARTESIAN_POINT ( 'NONE',  ( 170.9894075129072633, 18.72219652012902458, -235.0177829347959459 ) ) ;
#2318 = CARTESIAN_POINT ( 'NONE',  ( 172.9387589017957509, 19.22219652012901392, -234.8365186795107604 ) ) ;
#2319 = CARTESIAN_POINT ( 'NONE',  ( 154.1848644134078654, 19.22219652012901037, -245.8655672618047277 ) ) ;
#2320 = VECTOR ( 'NONE', #4008, 1000.000000000000000 ) ;
#2321 = CARTESIAN_POINT ( 'NONE',  ( 176.5872312388580099, 18.72219652012902458, -246.8255383851483487 ) ) ;
#2322 = CARTESIAN_POINT ( 'NONE',  ( 167.0857897838028521, 18.72219652012902102, -253.2225198305427227 ) ) ;
#2323 = CARTESIAN_POINT ( 'NONE',  ( 174.7662503124242335, 19.22219652012901392, -254.4251847677529952 ) ) ;
#2324 = CARTESIAN_POINT ( 'NONE',  ( 163.1675981083830891, 19.22219652012901392, -238.7940916162621079 ) ) ;
#2325 = CARTESIAN_POINT ( 'NONE',  ( 166.6030589062870888, 19.22219652012901392, -253.6730984437304244 ) ) ;
#2326 = CARTESIAN_POINT ( 'NONE',  ( 171.0945824459745097, 18.72219652012902458, -253.2154672618047186 ) ) ;
#2327 = ORIENTED_EDGE ( 'NONE', *, *, #4656, .T. ) ;
#2328 = CARTESIAN_POINT ( 'NONE',  ( 177.7631570841182622, 19.22339652012844269, -249.9324597081491390 ) ) ;
#2329 = CARTESIAN_POINT ( 'NONE',  ( 161.9385131722706603, 18.72219652012902813, -242.5570492491211780 ) ) ;
#2330 = CARTESIAN_POINT ( 'NONE',  ( 176.2812966037527360, 19.22219652012901392, -239.6938350805320681 ) ) ;
#2331 = CARTESIAN_POINT ( 'NONE',  ( 163.0151707033563184, 19.22219652012900326, -249.2011150818814542 ) ) ;
#2332 = VECTOR ( 'NONE', #2818, 1000.000000000000000 ) ;
#2333 = CARTESIAN_POINT ( 'NONE',  ( 160.0893745497946554, 18.52219652012901108, -231.7497534489568807 ) ) ;
#2334 = CARTESIAN_POINT ( 'NONE',  ( 159.9978559034672401, 17.22219652012900681, -236.3909477637369321 ) ) ;
#2335 = ORIENTED_EDGE ( 'NONE', *, *, #3072, .F. ) ;
#2336 = CARTESIAN_POINT ( 'NONE',  ( 173.8704518777270494, 19.22219652012902102, -252.2681205938996811 ) ) ;
#2337 = CARTESIAN_POINT ( 'NONE',  ( 167.8007185048123802, 19.22219652012901037, -232.5156672555947353 ) ) ;
#2338 = CARTESIAN_POINT ( 'NONE',  ( 174.2379631918316250, 19.22219652012901392, -233.3061094612282602 ) ) ;
#2339 = AXIS2_PLACEMENT_3D ( 'NONE', #3717, #680, #3328 ) ;
#2340 = CARTESIAN_POINT ( 'NONE',  ( 167.8007185048123802, 19.22219652012901037, -232.5156672555947353 ) ) ;
#2341 = CARTESIAN_POINT ( 'NONE',  ( 168.3388802428625866, 19.22219652012901037, -234.5269093666681215 ) ) ;
#2342 = EDGE_CURVE ( 'NONE', #4646, #1262, #1205, .T. ) ;
#2343 = CARTESIAN_POINT ( 'NONE',  ( 171.4955261316516157, 19.22219652012901747, -234.5072586441244766 ) ) ;
#2344 = CARTESIAN_POINT ( 'NONE',  ( 173.0978314691932098, 18.72219652012903879, -235.7223806109396662 ) ) ;
#2345 = CARTESIAN_POINT ( 'NONE',  ( 173.9486919745777698, 19.22219652012901747, -236.0804794449987298 ) ) ;
#2346 = CARTESIAN_POINT ( 'NONE',  ( 177.3941122555196159, 19.22219652012901037, -245.9107486444870574 ) ) ;
#2347 = CARTESIAN_POINT ( 'NONE',  ( 171.8037586766544678, 18.72219652012902458, -253.2218720339498645 ) ) ;
#2348 = CARTESIAN_POINT ( 'NONE',  ( 163.5255737871307247, 19.22219652012986657, -253.6598023852370432 ) ) ;
#2349 = CARTESIAN_POINT ( 'NONE',  ( 167.7749824459745298, 18.72219652012902458, -253.2154672618047186 ) ) ;
#2350 = CARTESIAN_POINT ( 'NONE',  ( 163.7618598368553648, 19.22219652012901747, -237.8694206002315639 ) ) ;
#2351 = CARTESIAN_POINT ( 'NONE',  ( 167.2511920997851576, 19.22219652012901392, -253.7246790326568942 ) ) ;
#2352 = CARTESIAN_POINT ( 'NONE',  ( 169.4347824459745198, 15.82219652012900646, -244.1155672618047277 ) ) ;
#2353 = ORIENTED_EDGE ( 'NONE', *, *, #4805, .T. ) ;
#2354 = CARTESIAN_POINT ( 'NONE',  ( 179.2108945905613666, 19.22339652012901468, -246.8572029341790142 ) ) ;
#2355 = CARTESIAN_POINT ( 'NONE',  ( 162.5256848854035354, 18.72219652012903168, -240.8385712381105748 ) ) ;
#2356 = CARTESIAN_POINT ( 'NONE',  ( 177.3312964033104322, 19.22219652012901037, -242.0673806775180594 ) ) ;
#2357 = CARTESIAN_POINT ( 'NONE',  ( 166.1389306488813418, 19.22219652012901037, -253.5191007159423577 ) ) ;
#2358 = CARTESIAN_POINT ( 'NONE',  ( 164.0365529314535138, 19.22339652012901468, -233.8822624939812442 ) ) ;
#2359 = CARTESIAN_POINT ( 'NONE',  ( 179.3948500206322194, 18.24082794194312029, -252.1288490451629229 ) ) ;
#2360 = EDGE_LOOP ( 'NONE', ( #2122, #2833, #3408, #4614 ) ) ;
#2361 = CARTESIAN_POINT ( 'NONE',  ( 174.3423169358360667, 19.22219652012901037, -251.5501858772024093 ) ) ;
#2362 = VERTEX_POINT ( 'NONE', #3247 ) ;
#2363 = CARTESIAN_POINT ( 'NONE',  ( 161.8156495380163733, 17.12311096611481531, -243.3469386901576286 ) ) ;
#2364 = CARTESIAN_POINT ( 'NONE',  ( 174.1013189734433126, 19.22219652012843127, -233.2048622742623820 ) ) ;
#2365 = DIRECTION ( 'NONE',  ( 0.000000000000000000, -1.000000000000000000, 0.000000000000000000 ) ) ;
#2366 = AXIS2_PLACEMENT_3D ( 'NONE', #2145, #2837, #1416 ) ;
#2367 = CARTESIAN_POINT ( 'NONE',  ( 166.4997786697432787, 19.22219652012902458, -234.5808504165963200 ) ) ;
#2368 = CARTESIAN_POINT ( 'NONE',  ( 173.1465804880022574, 19.22219652012901037, -235.0061685953926656 ) ) ;
#2369 = CARTESIAN_POINT ( 'NONE',  ( 173.6477254994404404, 19.22219652012901037, -235.6348070167324806 ) ) ;
#2370 = EDGE_CURVE ( 'NONE', #1919, #3589, #1458, .T. ) ;
#2371 = CARTESIAN_POINT ( 'NONE',  ( 160.0893745497946554, 15.52219652012900930, -231.7497534489568807 ) ) ;
#2372 = CARTESIAN_POINT ( 'NONE',  ( 177.5808949366841318, 19.22219652012901037, -243.6317151919210460 ) ) ;
#2373 = CARTESIAN_POINT ( 'NONE',  ( 153.5847735112236023, 16.87208322746068134, -243.9533466203345995 ) ) ;
#2374 = CARTESIAN_POINT ( 'NONE',  ( 162.6770560669578742, 19.22219652012900326, -239.5529482723077592 ) ) ;
#2375 = CARTESIAN_POINT ( 'NONE',  ( 166.5877795571912827, 19.22219652012901747, -253.6700412916841856 ) ) ;
#2376 = FACE_OUTER_BOUND ( 'NONE', #1874, .T. ) ;
#2377 = ORIENTED_EDGE ( 'NONE', *, *, #218, .T. ) ;
#2378 = CARTESIAN_POINT ( 'NONE',  ( 167.8007185060000666, 19.22219652012901037, -255.7154672618047755 ) ) ;
#2379 = CARTESIAN_POINT ( 'NONE',  ( 176.1770880638456163, 19.22219652012900681, -239.5287709246371435 ) ) ;
#2380 = CARTESIAN_POINT ( 'NONE',  ( 166.5630084548548098, 19.22219652012901392, -253.6650437709102164 ) ) ;
#2381 = FACE_OUTER_BOUND ( 'NONE', #3307, .T. ) ;
#2382 = CARTESIAN_POINT ( 'NONE',  ( 163.5224550351031212, 19.22339652012901468, -234.5771171878354551 ) ) ;
#2383 = CARTESIAN_POINT ( 'NONE',  ( 179.8143463751852664, 19.22219652012901037, -252.5112299896319996 ) ) ;
#2384 = ORIENTED_EDGE ( 'NONE', *, *, #3782, .F. ) ;
#2385 = CARTESIAN_POINT ( 'NONE',  ( 171.0861583211158177, 19.22219652012900681, -253.7153986989570456 ) ) ;
#2387 = EDGE_LOOP ( 'NONE', ( #3900, #3243, #356, #3857, #3445, #666, #3303 ) ) ;
#2386 = AXIS2_PLACEMENT_3D ( 'NONE', #1946, #4195, #3342 ) ;
#2388 = CARTESIAN_POINT ( 'NONE',  ( 178.3091552737651284, 17.02219652012900752, -257.2482747858978769 ) ) ;
#2389 = CARTESIAN_POINT ( 'NONE',  ( 178.7801903421543557, 18.52219652012901108, -256.4813810746526315 ) ) ;
#2390 = VECTOR ( 'NONE', #4058, 1000.000000000000000 ) ;
#2391 = LINE ( 'NONE', #893, #1134 ) ;
#2392 = CARTESIAN_POINT ( 'NONE',  ( 167.9422486551591760, 19.22219652012900681, -234.5189308000564665 ) ) ;
#2393 = B_SPLINE_CURVE_WITH_KNOTS ( 'NONE', 3,
 ( #4419, #2166, #1010, #4342, #983, #642, #280, #2482, #694, #1412, #2533, #4446, #4790, #1386, #4078, #1778, #3270, #4762 ),
 .UNSPECIFIED., .F., .F.,
 ( 4, 2, 2, 2, 2, 2, 2, 2, 4 ),
 ( 0.000000000000000000, 3.203005485312701491E-05, 0.0007926754831098622913, 0.001553320911366597818, 0.001933643625494965148, 0.002313966339623333129, 0.003835257196136803749, 0.005356548052650273936, 0.005985934120200090379 ),
 .UNSPECIFIED. ) ;
#2394 = FACE_OUTER_BOUND ( 'NONE', #2955, .T. ) ;
#2395 = CARTESIAN_POINT ( 'NONE',  ( 172.8472250948276780, 19.22219652012900681, -234.7771268834053444 ) ) ;
#2396 = VECTOR ( 'NONE', #1126, 1000.000000000000000 ) ;
#2397 = CARTESIAN_POINT ( 'NONE',  ( 159.6850958819996151, 16.22219652012901037, -235.4411155843643826 ) ) ;
#2398 = CARTESIAN_POINT ( 'NONE',  ( 177.5852291302248034, 19.22219652012900681, -244.0047830068829455 ) ) ;
#2399 = CARTESIAN_POINT ( 'NONE',  ( 153.6341495472580618, 17.95698219963066222, -245.3655672618047845 ) ) ;
#2400 = CONICAL_SURFACE ( 'NONE', #1309, 15.85000000000000320, 0.7853981633974529419 ) ;
#2401 = EDGE_CURVE ( 'NONE', #681, #3649, #1617, .T. ) ;
#2402 = CARTESIAN_POINT ( 'NONE',  ( 163.2058014091677478, 19.22219652012901037, -238.7348271756683289 ) ) ;
#2403 = CARTESIAN_POINT ( 'NONE',  ( 172.5116395029211276, 19.22219652012901037, -253.6098049643148897 ) ) ;
#2404 = FACE_OUTER_BOUND ( 'NONE', #4771, .T. ) ;
#2405 = VERTEX_POINT ( 'NONE', #4447 ) ;
#2406 = CARTESIAN_POINT ( 'NONE',  ( 173.3178760982775941, 19.22339652012901468, -255.4572968292214625 ) ) ;
#2407 = DIRECTION ( 'NONE',  ( -0.000000000000000000, 1.000000000000000000, -0.000000000000000000 ) ) ;
#2408 = CARTESIAN_POINT ( 'NONE',  ( 167.9898444465351020, 19.22219652012901747, -253.7112462893543068 ) ) ;
#2409 = EDGE_CURVE ( 'NONE', #287, #2864, #2959, .T. ) ;
#2410 = ADVANCED_FACE ( 'NONE', ( #4838 ), #2142, .T. ) ;
#2411 = PLANE ( 'NONE',  #4265 ) ;
#2412 = ADVANCED_FACE ( 'NONE', ( #4369 ), #3980, .F. ) ;
#2413 = DIRECTION ( 'NONE',  ( 0.000000000000000000, -1.000000000000000000, 0.000000000000000000 ) ) ;
#2414 = DIRECTION ( 'NONE',  ( 0.000000000000000000, 0.000000000000000000, 1.000000000000000000 ) ) ;
#2415 = EDGE_LOOP ( 'NONE', ( #3976, #178, #2755, #3097 ) ) ;
#2416 = CARTESIAN_POINT ( 'NONE',  ( 178.9618437490498764, 18.97219652012904589, -252.5339529300433128 ) ) ;
#2417 = CARTESIAN_POINT ( 'NONE',  ( 171.2363437544300666, 19.22219652012901392, -232.5121396585297475 ) ) ;
#2418 = CARTESIAN_POINT ( 'NONE',  ( 177.9874565737355852, 17.22219652012900681, -252.8090760024073234 ) ) ;
#2419 = AXIS2_PLACEMENT_3D ( 'NONE', #52, #4490, #3825 ) ;
#2420 = AXIS2_PLACEMENT_3D ( 'NONE', #2098, #4631, #3940 ) ;
#2421 = CIRCLE ( 'NONE', #3828, 15.85000000000000320 ) ;
#2422 = CARTESIAN_POINT ( 'NONE',  ( 168.0850360267324106, 19.22219652012901392, -234.5218030840366907 ) ) ;
#2423 = CARTESIAN_POINT ( 'NONE',  ( 171.2916199337356034, 19.22219652012902102, -234.5111300614033212 ) ) ;
#2424 = CARTESIAN_POINT ( 'NONE',  ( 173.1081126485429138, 19.22219652012901747, -234.9706910365159729 ) ) ;
#2425 = DIRECTION ( 'NONE',  ( 0.000000000000000000, -1.000000000000000000, 0.000000000000000000 ) ) ;
#2426 = CARTESIAN_POINT ( 'NONE',  ( 171.9876618835377258, 18.72219652012902458, -253.2097198397085265 ) ) ;
#2427 = CARTESIAN_POINT ( 'NONE',  ( 163.9246851179995588, 19.22219652012901392, -237.6157093196372898 ) ) ;
#2428 = CARTESIAN_POINT ( 'NONE',  ( 171.8102501261209341, 19.22219652012901392, -253.7215015104778502 ) ) ;
#2429 = CARTESIAN_POINT ( 'NONE',  ( 161.6071074805338128, 19.05033619023844693, -245.6937069319141642 ) ) ;
#2430 = CARTESIAN_POINT ( 'NONE',  ( 175.8029848146667860, 16.82099652012901103, -255.3458846751277065 ) ) ;
#2431 = CARTESIAN_POINT ( 'NONE',  ( 165.8920591201504919, 19.22219652012901747, -253.3667514115211929 ) ) ;
#2432 = DIRECTION ( 'NONE',  ( 1.000000000000000000, 0.000000000000000000, -9.751453801064897485E-12 ) ) ;
#2433 = CARTESIAN_POINT ( 'NONE',  ( 160.0981904515276995, 19.22339652012901468, -240.1366666431048884 ) ) ;
#2434 = CARTESIAN_POINT ( 'NONE',  ( 162.9230875125629723, 19.22219652012901747, -249.0590751073992806 ) ) ;
#2435 = CIRCLE ( 'NONE', #3688, 0.5999999999999894307 ) ;
#2436 = ORIENTED_EDGE ( 'NONE', *, *, #3935, .T. ) ;
#2437 = EDGE_CURVE ( 'NONE', #2864, #2635, #1413, .T. ) ;
#2438 = CARTESIAN_POINT ( 'NONE',  ( 0.000000000000000000, 0.000000000000000000, 0.000000000000000000 ) ) ;
#2439 = CARTESIAN_POINT ( 'NONE',  ( 176.5612256007512713, 15.52219652012900930, -241.0253604480924139 ) ) ;
#2440 = CARTESIAN_POINT ( 'NONE',  ( 172.3102441137914695, 18.72219652012902458, -235.0828941435844399 ) ) ;
#2441 = CARTESIAN_POINT ( 'NONE',  ( 178.2215198516813359, 17.22219652012930879, -236.8804332563057926 ) ) ;
#2442 = DIRECTION ( 'NONE',  ( 0.000000000000000000, 1.000000000000000000, 0.000000000000000000 ) ) ;
#2443 = CARTESIAN_POINT ( 'NONE',  ( 165.1747482701270258, 19.22339652012901468, -255.2792853698967974 ) ) ;
#2444 = DIRECTION ( 'NONE',  ( 1.000000000000000000, -0.000000000000000000, 0.000000000000000000 ) ) ;
#2445 = CARTESIAN_POINT ( 'NONE',  ( 165.4445707412101285, 15.52219652012900930, -252.0892492839503234 ) ) ;
#2446 = CARTESIAN_POINT ( 'NONE',  ( 171.0782970601705415, 18.72219652012902813, -253.2151399293852023 ) ) ;
#2447 = CARTESIAN_POINT ( 'NONE',  ( 163.2607216881555416, 18.72219652012903168, -239.5701885365730845 ) ) ;
#2448 = CARTESIAN_POINT ( 'NONE',  ( 173.4535622930344232, 18.72219652012902102, -236.2390729173833677 ) ) ;
#2449 = CARTESIAN_POINT ( 'NONE',  ( 171.7114829750891261, 19.22219652012901392, -253.7240585182038899 ) ) ;
#2450 = FACE_OUTER_BOUND ( 'NONE', #2387, .T. ) ;
#2451 = CARTESIAN_POINT ( 'NONE',  ( 176.8792984279685356, 16.82099652012901103, -253.8583936675619555 ) ) ;
#2452 = CARTESIAN_POINT ( 'NONE',  ( 165.3168398213226169, 19.22219652012901392, -252.7321949380102524 ) ) ;
#2453 = PLANE ( 'NONE',  #897 ) ;
#2454 = CARTESIAN_POINT ( 'NONE',  ( 160.0081120806410411, 16.82099652012943736, -237.4432034652199661 ) ) ;
#2455 = CARTESIAN_POINT ( 'NONE',  ( 163.7219828955740581, 19.22219652012901037, -250.2995651539986568 ) ) ;
#2456 = ORIENTED_EDGE ( 'NONE', *, *, #2201, .T. ) ;
#2457 = ORIENTED_EDGE ( 'NONE', *, *, #2710, .T. ) ;
#2458 =( NAMED_UNIT ( * ) PLANE_ANGLE_UNIT ( ) SI_UNIT ( $, .RADIAN. ) );
#2459 = CARTESIAN_POINT ( 'NONE',  ( 179.7401132348120711, 18.95632473279400898, -244.1155672618012602 ) ) ;
#2460 = CARTESIAN_POINT ( 'NONE',  ( 173.2364180353427514, 18.72219652012902102, -235.9191076497675397 ) ) ;
#2461 = EDGE_CURVE ( 'NONE', #4818, #2708, #3612, .T. ) ;
#2462 = FACE_OUTER_BOUND ( 'NONE', #4495, .T. ) ;
#2463 = CARTESIAN_POINT ( 'NONE',  ( 174.3001964107152162, 17.96628608544303773, -232.4629925740385943 ) ) ;
#2464 = CARTESIAN_POINT ( 'NONE',  ( 167.3203011610659985, 16.82099652012901103, -257.1114396354014389 ) ) ;
#2465 = DIRECTION ( 'NONE',  ( 0.000000000000000000, -0.000000000000000000, -1.000000000000000000 ) ) ;
#2466 = CIRCLE ( 'NONE', #4666, 15.55000000000000782 ) ;
#2467 = CARTESIAN_POINT ( 'NONE',  ( 157.1473669594005571, 18.54076478551705875, -239.9721424663921994 ) ) ;
#2468 = CARTESIAN_POINT ( 'NONE',  ( 175.5813104518854573, 19.22219652012902102, -249.6242397371016182 ) ) ;
#2469 = CARTESIAN_POINT ( 'NONE',  ( 168.0115191008259217, 18.72219652012902458, -235.0204253825922081 ) ) ;
#2470 = CARTESIAN_POINT ( 'NONE',  ( 177.0867432799711594, 18.72219652012903168, -244.0892117850362126 ) ) ;
#2471 = CARTESIAN_POINT ( 'NONE',  ( 173.4029451822202930, 19.22219652012901037, -252.9360341886028323 ) ) ;
#2472 = CARTESIAN_POINT ( 'NONE',  ( 177.0864498925901955, 18.72219652012903524, -244.1127700938953069 ) ) ;
#2473 = CARTESIAN_POINT ( 'NONE',  ( 171.7327760318132164, 16.82099652012901103, -257.1118589522397428 ) ) ;
#2474 = CARTESIAN_POINT ( 'NONE',  ( 162.6890615240919260, 18.72219652012902813, -247.7153856598232551 ) ) ;
#2475 = B_SPLINE_CURVE_WITH_KNOTS ( 'NONE', 3,
 ( #3655, #3291, #4783, #1429, #688, #4047, #2926, #4413, #1053, #136, #914, #479, #160, #4225 ),
 .UNSPECIFIED., .F., .F.,
 ( 4, 2, 2, 2, 2, 2, 4 ),
 ( 0.004594255968722377702, 0.006121522698733864939, 0.006885156063739687922, 0.007648789428745510904, 0.009176056158757158604, 0.009939689523762982454, 0.01070332288876880630 ),
 .UNSPECIFIED. ) ;
#2476 = CARTESIAN_POINT ( 'NONE',  ( 177.5844063482316812, 19.22219652012901037, -244.2971728765678847 ) ) ;
#2477 = CARTESIAN_POINT ( 'NONE',  ( 167.4574248047551350, 19.22219652012901392, -234.5085860831901812 ) ) ;
#2478 = CARTESIAN_POINT ( 'NONE',  ( 162.7573007790723238, 19.22219652012901037, -248.8033599845761614 ) ) ;
#2479 = B_SPLINE_CURVE_WITH_KNOTS ( 'NONE', 3,
 ( #3799, #587, #2429, #4267 ),
 .UNSPECIFIED., .F., .F.,
 ( 4, 4 ),
 ( 0.000000000000000000, 1.000000000000000000 ),
 .UNSPECIFIED. ) ;
#2480 = ORIENTED_EDGE ( 'NONE', *, *, #668, .T. ) ;
#2481 = ORIENTED_EDGE ( 'NONE', *, *, #576, .T. ) ;
#2482 = CARTESIAN_POINT ( 'NONE',  ( 160.1382795643026498, 17.22219652012713809, -250.5633676580120266 ) ) ;
#2483 = CARTESIAN_POINT ( 'NONE',  ( 165.9623595146088917, 15.52219652012900930, -235.4786361562487684 ) ) ;
#2484 = CARTESIAN_POINT ( 'NONE',  ( 169.4347824459745198, 19.22219652012901037, -244.1155672618047277 ) ) ;
#2485 = CARTESIAN_POINT ( 'NONE',  ( 177.0746639149234056, 19.22339652012901468, -237.2327146298972878 ) ) ;
#2486 = CARTESIAN_POINT ( 'NONE',  ( 176.6340201705117749, 17.22219652012930879, -234.4214274442801411 ) ) ;
#2487 = DIRECTION ( 'NONE',  ( -0.000000000000000000, -1.000000000000000000, -0.000000000000000000 ) ) ;
#2488 = VERTEX_POINT ( 'NONE', #644 ) ;
#2489 = CARTESIAN_POINT ( 'NONE',  ( 162.1641841799118993, 16.82099652012729507, -254.1222532866883626 ) ) ;
#2490 = DIRECTION ( 'NONE',  ( -1.000000000000000000, 0.000000000000000000, 0.000000000000000000 ) ) ;
#2491 = VECTOR ( 'NONE', #2496, 1000.000000000000000 ) ;
#2492 = FACE_OUTER_BOUND ( 'NONE', #3250, .T. ) ;
#2493 = ORIENTED_EDGE ( 'NONE', *, *, #4082, .F. ) ;
#2494 = EDGE_CURVE ( 'NONE', #4375, #1177, #1038, .T. ) ;
#2495 = CARTESIAN_POINT ( 'NONE',  ( 161.3759920083813029, 19.22219652012899971, -242.8280236253824000 ) ) ;
#2496 = DIRECTION ( 'NONE',  ( -0.000000000000000000, -1.000000000000000000, -0.000000000000000000 ) ) ;
#2497 = AXIS2_PLACEMENT_3D ( 'NONE', #1586, #3085, #4576 ) ;
#2498 = CARTESIAN_POINT ( 'NONE',  ( 174.2323661922241058, 18.72219652012902813, -237.4316023518788370 ) ) ;
#2499 = B_SPLINE_SURFACE_WITH_KNOTS ( 'NONE', 3, 1, ( 
 ( #4198, #838 ),
 ( #2786, #1974 ),
 ( #3469, #110 ),
 ( #4275, #501 ),
 ( #1605, #1656 ),
 ( #3806, #1631 ),
 ( #3105, #3152 ),
 ( #3908, #4595 ) ),
 .UNSPECIFIED., .F., .F., .F.,
 ( 4, 1, 1, 1, 1, 4 ),
 ( 2, 2 ),
 ( 0.000000000000000000, 0.1793389771629854967, 0.2257350516910194005, 0.4374912237704146056, 0.4896126894495216320, 0.7204801869721649821 ),
 ( 0.000000000000000000, 1.000000000000000000 ),
 .UNSPECIFIED. ) ;
#2500 = CARTESIAN_POINT ( 'NONE',  ( 173.2149090537922689, 19.22219652012901392, -253.1567408081942858 ) ) ;
#2501 = CARTESIAN_POINT ( 'NONE',  ( 177.0075107714157241, 18.72219652012901747, -245.2563767076331089 ) ) ;
#2502 = VECTOR ( 'NONE', #2091, 1000.000000000000000 ) ;
#2503 = CARTESIAN_POINT ( 'NONE',  ( 179.2075269301807623, 16.82099652012957947, -250.2454649527187769 ) ) ;
#2504 = CARTESIAN_POINT ( 'NONE',  ( 162.8351788179840298, 18.72219652012902102, -247.9786866349093089 ) ) ;
#2505 = CARTESIAN_POINT ( 'NONE',  ( 180.4595182894802008, 17.22219652012753244, -246.6444427530940970 ) ) ;
#2506 = CARTESIAN_POINT ( 'NONE',  ( 167.2511746318239716, 19.22219652012901037, -234.5063985126461432 ) ) ;
#2507 = CARTESIAN_POINT ( 'NONE',  ( 162.9371332361768339, 19.22219652012901037, -249.0806927024910067 ) ) ;
#2508 = ORIENTED_EDGE ( 'NONE', *, *, #2591, .T. ) ;
#2509 = ORIENTED_EDGE ( 'NONE', *, *, #1317, .F. ) ;
#2510 = CARTESIAN_POINT ( 'NONE',  ( 165.1744251905343219, 19.22219652012901392, -255.2798999928543253 ) ) ;
#2511 = CARTESIAN_POINT ( 'NONE',  ( 171.0929061154737667, 18.88886318679568532, -253.3821341812665366 ) ) ;
#2512 = CARTESIAN_POINT ( 'NONE',  ( 175.4907123575527521, 19.22339652012901468, -234.7893312448726135 ) ) ;
#2513 = CARTESIAN_POINT ( 'NONE',  ( 177.0865009059074850, 18.72219652012902458, -244.1139835076528186 ) ) ;
#2514 = ORIENTED_EDGE ( 'NONE', *, *, #605, .F. ) ;
#2515 = CARTESIAN_POINT ( 'NONE',  ( 178.9618437490498764, 18.97219652012904589, -253.5339529300433128 ) ) ;
#2516 = ORIENTED_EDGE ( 'NONE', *, *, #4445, .T. ) ;
#2517 = CARTESIAN_POINT ( 'NONE',  ( 164.8608413488589122, 19.22339652012901468, -255.0865422040403132 ) ) ;
#2518 = CARTESIAN_POINT ( 'NONE',  ( 178.7776633855977479, 17.32363884759455885, -252.0450254577982321 ) ) ;
#2519 = DIRECTION ( 'NONE',  ( 1.000000000000000000, 0.000000000000000000, -0.000000000000000000 ) ) ;
#2520 = ORIENTED_EDGE ( 'NONE', *, *, #1930, .T. ) ;
#2521 = CARTESIAN_POINT ( 'NONE',  ( 166.9750770145154775, 18.72219652012902102, -235.0139507334648670 ) ) ;
#2522 = CARTESIAN_POINT ( 'NONE',  ( 175.2260732166455455, 19.22219652012901392, -238.0538949011971965 ) ) ;
#2523 = EDGE_CURVE ( 'NONE', #1852, #639, #1391, .T. ) ;
#2524 = CARTESIAN_POINT ( 'NONE',  ( 175.8920716650205804, 18.72219652012902813, -240.0145849002535385 ) ) ;
#2525 = CARTESIAN_POINT ( 'NONE',  ( 176.1392043944578063, 19.22219652012900681, -248.7615029415556478 ) ) ;
#2526 = DIRECTION ( 'NONE',  ( -4.551848144931120154E-15, 0.000000000000000000, -1.000000000000000000 ) ) ;
#2527 = CARTESIAN_POINT ( 'NONE',  ( 179.0665698791093234, 16.82099652012872681, -250.4696069111192003 ) ) ;
#2528 = CARTESIAN_POINT ( 'NONE',  ( 165.7248250655356117, 18.72219652012901747, -252.4431430986091129 ) ) ;
#2529 = CARTESIAN_POINT ( 'NONE',  ( 180.0428825113684468, 17.22219652012810087, -248.0349697027891409 ) ) ;
#2530 = CARTESIAN_POINT ( 'NONE',  ( 163.5545263484591203, 16.82099652012901103, -232.3989247236246740 ) ) ;
#2531 = CARTESIAN_POINT ( 'NONE',  ( 162.6264474938639637, 19.22219652012901392, -248.5982708188482206 ) ) ;
#2532 = ORIENTED_EDGE ( 'NONE', *, *, #425, .T. ) ;
#2533 = CARTESIAN_POINT ( 'NONE',  ( 160.4061881845830158, 17.22219652012756796, -250.9760794011740472 ) ) ;
#2534 = CARTESIAN_POINT ( 'NONE',  ( 161.8807870808953453, 18.12219652012900539, -245.3655672618047561 ) ) ;
#2535 = CARTESIAN_POINT ( 'NONE',  ( 172.6820997986632165, 19.22219652012901037, -235.2681737837698108 ) ) ;
#2536 = CARTESIAN_POINT ( 'NONE',  ( 178.3601680070193538, 19.22339652012901468, -239.2896609096585507 ) ) ;
#2537 = CARTESIAN_POINT ( 'NONE',  ( 170.8547597985352979, 19.22219652012901747, -234.5203903317132585 ) ) ;
#2538 = CARTESIAN_POINT ( 'NONE',  ( 180.7413445778320806, 17.22219652012900681, -244.1155673049763948 ) ) ;
#2539 = CARTESIAN_POINT ( 'NONE',  ( 158.2692443224701435, 17.22219652012900681, -239.2108667234255108 ) ) ;
#2540 = ORIENTED_EDGE ( 'NONE', *, *, #1691, .T. ) ;
#2541 = CARTESIAN_POINT ( 'NONE',  ( 163.8107780296288354, 19.22339652012944100, -254.0628562113652151 ) ) ;
#2542 = CARTESIAN_POINT ( 'NONE',  ( 166.3607801411288278, 15.52219652012900930, -253.2866789998262789 ) ) ;
#2543 = CARTESIAN_POINT ( 'NONE',  ( 160.3044315881965360, 18.87870184087661940, -234.6496556980592914 ) ) ;
#2544 = ORIENTED_EDGE ( 'NONE', *, *, #3242, .T. ) ;
#2545 = CARTESIAN_POINT ( 'NONE',  ( 166.1890066699652664, 18.72219652012902102, -235.2667657696382548 ) ) ;
#2546 = AXIS2_PLACEMENT_3D ( 'NONE', #3216, #3555, #590 ) ;
#2547 = CARTESIAN_POINT ( 'NONE',  ( 175.0223813528286883, 19.22219652012901037, -237.7364580245942705 ) ) ;
#2548 = CARTESIAN_POINT ( 'NONE',  ( 174.6963686869399908, 18.72219652012903168, -238.1541428396306799 ) ) ;
#2549 = CARTESIAN_POINT ( 'NONE',  ( 175.8339909934803416, 19.22219652012900681, -249.2326699892508941 ) ) ;
#2550 = AXIS2_PLACEMENT_3D ( 'NONE', #3323, #1042, #4795 ) ;
#2551 = CARTESIAN_POINT ( 'NONE',  ( 171.0945824448864414, 18.72219652012902458, -235.0156672555947353 ) ) ;
#2552 = CARTESIAN_POINT ( 'NONE',  ( 159.6850958819996151, 18.97219652012900326, -234.9411155843643826 ) ) ;
#2553 = B_SPLINE_CURVE_WITH_KNOTS ( 'NONE', 3,
 ( #4279, #3564, #2814, #599, #4302, #869, #2463, #1662, #236, #3913, #3179, #3542, #3590, #1343 ),
 .UNSPECIFIED., .F., .F.,
 ( 4, 2, 2, 2, 2, 2, 4 ),
 ( 0.004592191996725625454, 0.006119461932444725250, 0.006883096900304306806, 0.007646731868163888363, 0.009174001803883089640, 0.009937636771742738850, 0.01070127173960238806 ),
 .UNSPECIFIED. ) ;
#2554 = CARTESIAN_POINT ( 'NONE',  ( 164.7822020820204045, 18.72219652012902458, -251.0241603766946810 ) ) ;
#2555 = CARTESIAN_POINT ( 'NONE',  ( 160.0893745497946554, 15.52219652012900930, -231.7497534489568807 ) ) ;
#2556 = EDGE_CURVE ( 'NONE', #4341, #2864, #3740, .T. ) ;
#2557 = CARTESIAN_POINT ( 'NONE',  ( 164.5299314238068860, 16.82099652012901103, -231.7299133921615919 ) ) ;
#2558 = CARTESIAN_POINT ( 'NONE',  ( 165.3986169477254009, 19.22219652012901747, -252.8455291788118586 ) ) ;
#2559 = ORIENTED_EDGE ( 'NONE', *, *, #4806, .F. ) ;
#2560 = EDGE_CURVE ( 'NONE', #3539, #1919, #2566, .T. ) ;
#2561 = EDGE_CURVE ( 'NONE', #3614, #3644, #1827, .T. ) ;
#2562 = CARTESIAN_POINT ( 'NONE',  ( 164.4677650598335958, 19.22219652012901392, -254.7882461756712473 ) ) ;
#2563 = CARTESIAN_POINT ( 'NONE',  ( 154.1848644134078654, 19.22219652012901037, -245.8655672618047277 ) ) ;
#2564 = ADVANCED_FACE ( 'NONE', ( #81 ), #742, .T. ) ;
#2565 = CARTESIAN_POINT ( 'NONE',  ( 177.7331716956581431, 19.22339652012901468, -238.2524623801072039 ) ) ;
#2566 = CIRCLE ( 'NONE', #4355, 15.85000000000000320 ) ;
#2567 = ORIENTED_EDGE ( 'NONE', *, *, #4347, .T. ) ;
#2568 = DIRECTION ( 'NONE',  ( 0.000000000000000000, 1.000000000000000000, -0.000000000000000000 ) ) ;
#2569 = CARTESIAN_POINT ( 'NONE',  ( 176.4993548034521780, 19.22219652012900681, -248.1731376184295073 ) ) ;
#2570 = ORIENTED_EDGE ( 'NONE', *, *, #3631, .F. ) ;
#2571 = CARTESIAN_POINT ( 'NONE',  ( 169.4347824459745198, 18.72219652012902458, -244.1155672618047277 ) ) ;
#2572 = CARTESIAN_POINT ( 'NONE',  ( 167.7749824459745298, 15.52219652012900930, -253.2154672618047186 ) ) ;
#2573 = CARTESIAN_POINT ( 'NONE',  ( 178.9618437490498764, 19.22219652012901037, -253.0339529300433128 ) ) ;
#2574 = ORIENTED_EDGE ( 'NONE', *, *, #167, .T. ) ;
#2575 = CARTESIAN_POINT ( 'NONE',  ( 163.1537923502328624, 19.22219652012900681, -238.8154949272304748 ) ) ;
#2576 = CARTESIAN_POINT ( 'NONE',  ( 175.0663003156990101, 19.22219652012900681, -237.8049034241776951 ) ) ;
#2577 = AXIS2_PLACEMENT_3D ( 'NONE', #996, #2407, #1373 ) ;
#2578 = CARTESIAN_POINT ( 'NONE',  ( 175.1172408285841868, 19.22219652012902102, -237.8842044908804212 ) ) ;
#2579 = CARTESIAN_POINT ( 'NONE',  ( 174.9671817162863761, 19.22219652012901037, -250.5806826953602240 ) ) ;
#2580 = CARTESIAN_POINT ( 'NONE',  ( 177.0866785364238751, 18.72219652012904589, -244.2661401421210599 ) ) ;
#2581 = AXIS2_PLACEMENT_3D ( 'NONE', #3568, #4261, #4329 ) ;
#2582 = CARTESIAN_POINT ( 'NONE',  ( 162.2426696706301357, 18.72219652012902458, -246.7222647587972801 ) ) ;
#2583 = CARTESIAN_POINT ( 'NONE',  ( 179.7704594242648852, 17.22219652012810087, -248.6997557029174004 ) ) ;
#2584 = CARTESIAN_POINT ( 'NONE',  ( 166.8912961814502296, 19.22219652012901392, -234.5191042715148626 ) ) ;
#2585 = VECTOR ( 'NONE', #3520, 1000.000000000000000 ) ;
#2586 = CARTESIAN_POINT ( 'NONE',  ( 163.8334560746939133, 19.22219652012901037, -250.4732919335866939 ) ) ;
#2587 = EDGE_LOOP ( 'NONE', ( #344, #3983, #1157, #2960 ) ) ;
#2588 = CARTESIAN_POINT ( 'NONE',  ( 161.5778364360081412, 19.22219652012901037, -246.3032451129818696 ) ) ;
#2589 = DIRECTION ( 'NONE',  ( 1.000000000000000000, 0.000000000000000000, 6.794244689363213019E-15 ) ) ;
#2590 = CARTESIAN_POINT ( 'NONE',  ( 170.5444366468414330, 18.72219652012901747, -235.0267338852624164 ) ) ;
#2591 = EDGE_CURVE ( 'NONE', #332, #2488, #2245, .T. ) ;
#2592 = EDGE_LOOP ( 'NONE', ( #4340, #1279, #623, #77 ) ) ;
#2593 = CARTESIAN_POINT ( 'NONE',  ( 167.7749824459745298, 19.22219652012901037, -253.2154672618047186 ) ) ;
#2594 = CARTESIAN_POINT ( 'NONE',  ( 176.0867143887846851, 19.22219652012901037, -248.8430474530006506 ) ) ;
#2595 = CARTESIAN_POINT ( 'NONE',  ( 167.8094379832177765, 17.79826194396560624, -231.6935582450131506 ) ) ;
#2596 = CARTESIAN_POINT ( 'NONE',  ( 177.1031688268579387, 18.72219652012902813, -242.6792790828976649 ) ) ;
#2597 = DIRECTION ( 'NONE',  ( -0.000000000000000000, -1.000000000000000000, 0.000000000000000000 ) ) ;
#2598 = AXIS2_PLACEMENT_3D ( 'NONE', #3873, #3531, #3145 ) ;
#2599 = CARTESIAN_POINT ( 'NONE',  ( 161.8194295655994779, 19.22219652012901747, -241.2144142591680804 ) ) ;
#2600 = CARTESIAN_POINT ( 'NONE',  ( 176.0064202069035275, 19.22219652012901392, -239.2644009748006511 ) ) ;
#2601 = CARTESIAN_POINT ( 'NONE',  ( 177.4794853924019549, 19.22219652012898905, -242.7608080300295796 ) ) ;
#2602 = CARTESIAN_POINT ( 'NONE',  ( 174.1564661797907547, 19.22219652012901392, -251.8351517282579835 ) ) ;
#2603 = CARTESIAN_POINT ( 'NONE',  ( 173.4154779801177426, 18.72219652012902458, -252.0489264354778811 ) ) ;
#2604 = CARTESIAN_POINT ( 'NONE',  ( 167.8687317302324118, 18.72219652012902458, -253.2135814187895733 ) ) ;
#2605 = CARTESIAN_POINT ( 'NONE',  ( 170.9246157845559821, 19.22219652012901392, -253.7121493955744711 ) ) ;
#2606 = CARTESIAN_POINT ( 'NONE',  ( 165.4621347362815129, 19.22219652012900681, -235.3008485468395463 ) ) ;
#2607 = CARTESIAN_POINT ( 'NONE',  ( 166.1870455847063397, 19.22219652012901392, -253.5417988112200760 ) ) ;
#2608 = ORIENTED_EDGE ( 'NONE', *, *, #2494, .F. ) ;
#2609 = CARTESIAN_POINT ( 'NONE',  ( 179.6465332471510408, 15.82219652012900646, -256.2375574273951315 ) ) ;
#2610 = CARTESIAN_POINT ( 'NONE',  ( 162.3392889818917979, 19.22219652012901392, -248.1182351675174402 ) ) ;
#2611 = CARTESIAN_POINT ( 'NONE',  ( 175.8815735709444823, 16.82099652012886892, -232.9756162767801300 ) ) ;
#2612 = ORIENTED_EDGE ( 'NONE', *, *, #3455, .T. ) ;
#2613 = CARTESIAN_POINT ( 'NONE',  ( 172.6050960179013600, 19.22339652012929179, -255.6445751381934883 ) ) ;
#2614 = CARTESIAN_POINT ( 'NONE',  ( 177.5841354032118034, 19.22219652012901747, -244.4130556723792154 ) ) ;
#2615 = CARTESIAN_POINT ( 'NONE',  ( 167.2963649240800805, 17.87419912530081945, -231.7243797875837288 ) ) ;
#2616 = CARTESIAN_POINT ( 'NONE',  ( 153.6341495472580618, 19.22219652012901392, -242.8655672618047561 ) ) ;
#2617 = ADVANCED_FACE ( 'NONE', ( #3389 ), #3594, .T. ) ;
#2618 = CARTESIAN_POINT ( 'NONE',  ( 160.6648614614763630, 17.22219652012900681, -235.6412640524390270 ) ) ;
#2619 = CARTESIAN_POINT ( 'NONE',  ( 164.3621891921592066, 19.22219652012901037, -236.9357004870267929 ) ) ;
#2620 = CARTESIAN_POINT ( 'NONE',  ( 175.8531497283323688, 19.22219652012901037, -239.0280714959856709 ) ) ;
#2621 = CARTESIAN_POINT ( 'NONE',  ( 176.7046544292798274, 19.22219652012901747, -240.4383307797269254 ) ) ;
#2622 = CARTESIAN_POINT ( 'NONE',  ( 175.3031816111508476, 19.22219652012901037, -250.0570721435308315 ) ) ;
#2623 = CARTESIAN_POINT ( 'NONE',  ( 176.8051311389758098, 18.72219652012902102, -246.1760954471129423 ) ) ;
#2624 = CARTESIAN_POINT ( 'NONE',  ( 166.9750770144102887, 18.72219652012902813, -253.2171837857006267 ) ) ;
#2625 = CARTESIAN_POINT ( 'NONE',  ( 178.9609161177420162, 19.22219652012901392, -247.6300630376371430 ) ) ;
#2626 = CIRCLE ( 'NONE', #2550, 1.500000000000001332 ) ;
#2627 = CARTESIAN_POINT ( 'NONE',  ( 165.1165611331467176, 19.22219652012900326, -235.7886043981047237 ) ) ;
#2628 = CARTESIAN_POINT ( 'NONE',  ( 164.2632501397890508, 19.22219652012900681, -251.1418516775631531 ) ) ;
#2629 = CARTESIAN_POINT ( 'NONE',  ( 161.7830824459745145, 15.52219652012900930, -244.1155672618047277 ) ) ;
#2630 = VERTEX_POINT ( 'NONE', #3726 ) ;
#2631 = B_SPLINE_CURVE_WITH_KNOTS ( 'NONE', 3,
 ( #101, #1597, #1199, #4146, #3095, #418, #1227, #780, #2726, #4216, #856, #3848, #3119, #1174, #1252, #4612, #2276, #3772, #2675, #2777, #929, #244, #176, #1670, #2449, #632, #2428, #2081, #3922, #1744, #608, #3164, #4682, #3234, #906, #542, #2060, #198, #2130, #1697, #4359, #586, #2403, #2874, #1351, #4729, #3968, #1326, #998, #4660, #1300, #4333, #269, #2824, #2500, #3576, #3626, #4288, #2802, #220, #3945, #565, #2035, #2471, #1769, #3551, #1376, #972, #3898, #3530, #3262, #3997, #3188, #4754, #4311, #4266, #4705, #949, #1721, #3211, #2846, #2106, #3601, #1496, #4829, #1865, #2602, #4807, #2994, #3289, #1794, #2972, #3745, #3312, #4484, #2208, #754, #2924, #1427, #3702, #2579, #4781, #2948, #1120, #4411, #2900, #4021, #2622, #4435, #1075, #4045, #1843, #4070, #657, #686, #392, #2156, #1051, #2549, #2181, #3724, #1450, #3653, #3355, #711, #349, #3333, #1473, #296, #2229, #3679, #4116, #4462, #1100, #4387, #2250, #1888, #1028, #3378, #2525, #4094, #2, #325, #1403, #1819, #732, #369, #4210, #1936, #1618, #3818, #4607, #1247, #3013, #4581, #4185, #3115, #466, #3866, #3039, #46, #2749, #3400, #70, #4139, #2346, #121, #3429, #851 ),
 .UNSPECIFIED., .F., .F.,
 ( 4, 1, 2, 2, 1, 2, 2, 1, 1, 1, 2, 2, 1, 1, 2, 2, 1, 2, 2, 1, 2, 2, 2, 2, 2, 2, 2, 2, 2, 2, 2, 1, 2, 2, 1, 1, 2, 2, 1, 1, 1, 2, 2, 1, 1, 1, 1, 2, 2, 1, 1, 1, 1, 1, 2, 2, 1, 1, 1, 1, 1, 2, 2, 1, 1, 1, 1, 2, 2, 2, 1, 1, 1, 2, 2, 1, 1, 1, 1, 2, 2, 1, 1, 1, 1, 2, 2, 1, 1, 1, 1, 2, 2, 1, 1, 2, 2, 1, 1, 2, 2, 1, 1, 2, 2, 2, 1, 2, 2, 2, 2, 4 ),
 ( 0.000000000000000000, 0.003906250000070840035, 0.005859375000102935889, 0.007812500000135032610, 0.01171875000020587178, 0.01367187500023812376, 0.01562500000027037400, 0.02343750000038735334, 0.02734375000044584475, 0.02929687500047130355, 0.03027343750048029636, 0.03125000000048928916, 0.03906250000053734101, 0.04296875000055801891, 0.04492187500056486066, 0.04687500000057168853, 0.05468750000059248439, 0.05859375000059937472, 0.06250000000060626504, 0.07031250000061939343, 0.07421875000062597150, 0.07812500000063253569, 0.08593750000064567796, 0.09375000000065882022, 0.1015625000006719764, 0.1093750000006851186, 0.1250000000007213952, 0.1406250000007576717, 0.1562500000007939482, 0.1640625000008160972, 0.1718750000008382184, 0.1796875000008603673, 0.1835937500008738288, 0.1875000000008872902, 0.1953125000009082735, 0.1992187500009166001, 0.2011718750009137691, 0.2031250000009109657, 0.2109375000009021672, 0.2148437500008977818, 0.2167968750008905376, 0.2177734375008869017, 0.2187500000008832657, 0.2343750000008651135, 0.2421875000008614776, 0.2460937500008579804, 0.2480468750008562040, 0.2490234375008537060, 0.2500000000008512080, 0.2812500000008343326, 0.2968750000008185119, 0.3046875000008038570, 0.3085937500007965295, 0.3105468750007991940, 0.3115234375008020806, 0.3125000000008049672, 0.3437500000007913115, 0.3593750000007845391, 0.3671875000007863155, 0.3710937500007872036, 0.3730468750007810974, 0.3740234375007731593, 0.3750000000007652212, 0.4062500000007574497, 0.4218750000007591150, 0.4296875000007599477, 0.4335937500007651657, 0.4355468750007692180, 0.4375000000007732703, 0.4687500000009069967, 0.4843750000009738321, 0.4921875000010111356, 0.4960937500010251244, 0.4980468750010321188, 0.5000000000010390577, 0.5312500000010859091, 0.5468750000011138868, 0.5546875000011298740, 0.5585937500011398660, 0.5605468750011503021, 0.5625000000011607382, 0.5703125000012080337, 0.5742187500012344570, 0.5761718750012448931, 0.5771484375012519985, 0.5776367187512537749, 0.5781250000012554402, 0.5859375000012980728, 0.5898437500013193890, 0.5917968750013267165, 0.5927734375013332668, 0.5932617187513365975, 0.5937500000013399282, 0.6015625000012870816, 0.6054687500012606582, 0.6074218750012493340, 0.6093750000012380097, 0.6171875000011929346, 0.6210937500011703971, 0.6230468750011638468, 0.6250000000011572965, 0.6406250000011118884, 0.6484375000010920154, 0.6523437500010820234, 0.6562500000010720314, 0.6875000000009748868, 0.7187500000008778533, 0.7343750000008293366, 0.7500000000007808199, 0.8125000000005857537, 0.8750000000003905765, 1.000000000000000000 ),
 .UNSPECIFIED. ) ;
#2632 = PLANE ( 'NONE',  #510 ) ;
#2633 = DIRECTION ( 'NONE',  ( 0.000000000000000000, 0.000000000000000000, -1.000000000000000000 ) ) ;
#2634 = CARTESIAN_POINT ( 'NONE',  ( 178.2418691224144141, 16.82099652012901103, -236.4833989437283321 ) ) ;
#2635 = VERTEX_POINT ( 'NONE', #48 ) ;
#2636 = CARTESIAN_POINT ( 'NONE',  ( 177.5018979072710863, 19.22219652012899971, -245.3316627849322629 ) ) ;
#2637 = DIRECTION ( 'NONE',  ( 0.000000000000000000, -1.000000000000000000, 0.000000000000000000 ) ) ;
#2638 = CARTESIAN_POINT ( 'NONE',  ( 175.0520622165180100, 19.22219652012901392, -234.1598813960394807 ) ) ;
#2639 = CIRCLE ( 'NONE', #682, 0.9000000000000119016 ) ;
#2640 = CARTESIAN_POINT ( 'NONE',  ( 165.8570494694111517, 19.22219652012901037, -232.6817618799214245 ) ) ;
#2641 = CARTESIAN_POINT ( 'NONE',  ( 163.0498574874848146, 19.22219652012899971, -238.9764070048273368 ) ) ;
#2642 = CARTESIAN_POINT ( 'NONE',  ( 173.6809627881707456, 19.22219652012900681, -235.6828656383254668 ) ) ;
#2643 = CARTESIAN_POINT ( 'NONE',  ( 177.3955829127493757, 19.22219652012900681, -242.3401603162022582 ) ) ;
#2644 = EDGE_CURVE ( 'NONE', #4381, #4789, #3038, .T. ) ;
#2645 = CARTESIAN_POINT ( 'NONE',  ( 175.7475858122259069, 17.55288795025389348, -254.7834153709201530 ) ) ;
#2646 = CARTESIAN_POINT ( 'NONE',  ( 173.2971916199545888, 18.72219652012903879, -252.2237313963604493 ) ) ;
#2647 = CARTESIAN_POINT ( 'NONE',  ( 166.8170219788290751, 18.72219652012903168, -253.2021444341144729 ) ) ;
#2648 = CARTESIAN_POINT ( 'NONE',  ( 177.6300078379832712, 19.22219652012929458, -250.1387993543893060 ) ) ;
#2649 = CARTESIAN_POINT ( 'NONE',  ( 166.0881135345276505, 19.22219652012901747, -234.7388054972826126 ) ) ;
#2650 = CARTESIAN_POINT ( 'NONE',  ( 166.5597100501157684, 19.22219652012901747, -253.6641095606552767 ) ) ;
#2651 = VECTOR ( 'NONE', #419, 1000.000000000000000 ) ;
#2652 = VECTOR ( 'NONE', #2942, 1000.000000000000000 ) ;
#2653 = DIRECTION ( 'NONE',  ( 0.000000000000000000, 0.7071067811865441310, 0.7071067811865507924 ) ) ;
#2654 = ORIENTED_EDGE ( 'NONE', *, *, #3599, .F. ) ;
#2655 = CARTESIAN_POINT ( 'NONE',  ( 162.0076198891814840, 18.72219652012902102, -242.2649606356409606 ) ) ;
#2656 = DIRECTION ( 'NONE',  ( 0.000000000000000000, 0.000000000000000000, -1.000000000000000000 ) ) ;
#2657 = CARTESIAN_POINT ( 'NONE',  ( 164.3621891961641950, 19.22219652012901037, -251.2954340426374813 ) ) ;
#2658 = CARTESIAN_POINT ( 'NONE',  ( 177.7179447942978641, 16.82099652012901103, -235.6669326671934073 ) ) ;
#2659 = ORIENTED_EDGE ( 'NONE', *, *, #4656, .F. ) ;
#2660 = CARTESIAN_POINT ( 'NONE',  ( 173.5046765608587407, 19.22219652012901392, -252.7994290195185840 ) ) ;
#2661 = CARTESIAN_POINT ( 'NONE',  ( 159.3133894395842844, 16.82099652012815483, -249.6497495713967112 ) ) ;
#2662 = CARTESIAN_POINT ( 'NONE',  ( 177.4695671275514997, 19.22219652012901392, -237.8446227466429832 ) ) ;
#2663 = CARTESIAN_POINT ( 'NONE',  ( 166.8223612986161868, 19.22219652012985946, -232.5144087980264374 ) ) ;
#2664 = CARTESIAN_POINT ( 'NONE',  ( 162.5331714884042924, 19.22219652012901037, -239.7827467400043986 ) ) ;
#2665 = CARTESIAN_POINT ( 'NONE',  ( 172.9176179433837035, 19.22219652012901037, -234.8209536974524383 ) ) ;
#2666 = CARTESIAN_POINT ( 'NONE',  ( 173.1769068185355138, 18.72219652012903168, -235.8336179670523052 ) ) ;
#2667 = CARTESIAN_POINT ( 'NONE',  ( 176.1650951351025185, 19.22219652012900681, -239.5098433013702959 ) ) ;
#2668 = AXIS2_PLACEMENT_3D ( 'NONE', #2036, #199, #3189 ) ;
#2669 = CARTESIAN_POINT ( 'NONE',  ( 171.0601267725578509, 17.79826192348241420, -256.5375762844871019 ) ) ;
#2670 = CARTESIAN_POINT ( 'NONE',  ( 174.0004891285364295, 18.72219652012902458, -251.1582795209002086 ) ) ;
#2671 = CARTESIAN_POINT ( 'NONE',  ( 166.6930049001587406, 18.72219652012902102, -253.1813445223384917 ) ) ;
#2672 = EDGE_CURVE ( 'NONE', #9, #3366, #1803, .T. ) ;
#2673 = CARTESIAN_POINT ( 'NONE',  ( 166.3607801411288278, 18.72219652012902813, -253.2866789998262789 ) ) ;
#2674 = CARTESIAN_POINT ( 'NONE',  ( 166.3426012067990030, 19.22219652012901747, -234.6241875174026177 ) ) ;
#2675 = CARTESIAN_POINT ( 'NONE',  ( 171.5170561824662059, 19.22219652012901037, -253.7241876550706650 ) ) ;
#2676 = CARTESIAN_POINT ( 'NONE',  ( 159.6850958819996151, 16.22219652012901037, -235.9411155843644110 ) ) ;
#2677 = ORIENTED_EDGE ( 'NONE', *, *, #3781, .F. ) ;
#2678 = CARTESIAN_POINT ( 'NONE',  ( 162.6890615165316092, 18.72219652012902813, -240.5157488780045298 ) ) ;
#2679 = CARTESIAN_POINT ( 'NONE',  ( 171.0688463860450099, 19.22219652012901037, -232.5156672558694595 ) ) ;
#2680 = CARTESIAN_POINT ( 'NONE',  ( 161.8194295734806758, 19.22219652012901037, -247.0167202847754595 ) ) ;
#2681 = CARTESIAN_POINT ( 'NONE',  ( 174.9007941638371335, 16.82099652012842839, -232.0705315903887822 ) ) ;
#2682 = CARTESIAN_POINT ( 'NONE',  ( 159.6850958819996151, 19.22219652012901037, -235.4411155843643826 ) ) ;
#2683 = ORIENTED_EDGE ( 'NONE', *, *, #1089, .F. ) ;
#2684 = CARTESIAN_POINT ( 'NONE',  ( 172.7566320701637039, 19.22219652012900326, -253.5048855013559717 ) ) ;
#2685 = DIRECTION ( 'NONE',  ( 0.000000000000000000, 1.000000000000000000, 0.000000000000000000 ) ) ;
#2686 = CARTESIAN_POINT ( 'NONE',  ( 175.2637116999673026, 19.22219652012901392, -234.4551974381857065 ) ) ;
#2687 = CARTESIAN_POINT ( 'NONE',  ( 163.7339584894012035, 19.22219652012901392, -234.2731244448025905 ) ) ;
#2688 = CARTESIAN_POINT ( 'NONE',  ( 167.0697624482321828, 19.22219652012900681, -234.5088067565768313 ) ) ;
#2689 = CARTESIAN_POINT ( 'NONE',  ( 171.6431317414532600, 19.22219652012901037, -234.5064529591581675 ) ) ;
#2690 = B_SPLINE_SURFACE_WITH_KNOTS ( 'NONE', 3, 1, ( 
 ( #867, #3083 ),
 ( #1239, #3860 ),
 ( #4574, #2740 ),
 ( #164, #505 ),
 ( #1659, #3417 ),
 ( #62, #3154 ),
 ( #1998, #4647 ),
 ( #817, #1213 ) ),
 .UNSPECIFIED., .F., .F., .F.,
 ( 4, 1, 1, 1, 1, 4 ),
 ( 2, 2 ),
 ( 0.000000000000000000, 0.1793389771629854967, 0.2257350516910194005, 0.4374912237704146056, 0.4896126894495214654, 0.7204801869721633167 ),
 ( 0.000000000000000000, 1.000000000000000000 ),
 .UNSPECIFIED. ) ;
#2691 = CARTESIAN_POINT ( 'NONE',  ( 171.0784334730380749, 18.72219652012901747, -235.0159918484055197 ) ) ;
#2692 = CARTESIAN_POINT ( 'NONE',  ( 173.5239859894803089, 19.22219652012901747, -235.4585821047136278 ) ) ;
#2693 = CARTESIAN_POINT ( 'NONE',  ( 159.6850958819996151, 16.22219652012901037, -235.4411155843643826 ) ) ;
#2694 = CARTESIAN_POINT ( 'NONE',  ( 175.2774319479873384, 18.72219652012902102, -249.1727740397080026 ) ) ;
#2695 = CARTESIAN_POINT ( 'NONE',  ( 167.9797885746611712, 18.72219652012902813, -253.2113474201408962 ) ) ;
#2696 = CARTESIAN_POINT ( 'NONE',  ( 159.6850958819996151, 18.97219652012900326, -235.4411155843643826 ) ) ;
#2697 = CARTESIAN_POINT ( 'NONE',  ( 163.2909913098953041, 19.22219652012901037, -238.6025725924053802 ) ) ;
#2698 = CARTESIAN_POINT ( 'NONE',  ( 167.4394722949131165, 19.22219652012901037, -253.7228743428031521 ) ) ;
#2699 = LINE ( 'NONE', #3462, #3017 ) ;
#2700 = EDGE_LOOP ( 'NONE', ( #1737, #60, #3885, #4746 ) ) ;
#2701 = CARTESIAN_POINT ( 'NONE',  ( 177.0526453742955084, 19.22339652013014799, -251.0327194327623488 ) ) ;
#2702 = CARTESIAN_POINT ( 'NONE',  ( 163.5739364337979111, 18.72219652012902102, -239.0865649737156957 ) ) ;
#2703 = CARTESIAN_POINT ( 'NONE',  ( 167.7766737079768973, 18.88886315058269716, -253.3821338922583948 ) ) ;
#2704 = EDGE_CURVE ( 'NONE', #3081, #1852, #2393, .T. ) ;
#2705 = CARTESIAN_POINT ( 'NONE',  ( 161.6281696177970275, 19.22219652012901037, -246.4631429751317455 ) ) ;
#2706 = CARTESIAN_POINT ( 'NONE',  ( 176.8272804566458092, 16.82099652012901103, -234.2937367785993956 ) ) ;
#2707 = DIRECTION ( 'NONE',  ( 0.000000000000000000, 0.000000000000000000, 1.000000000000000000 ) ) ;
#2708 = VERTEX_POINT ( 'NONE', #3319 ) ;
#2709 = EDGE_CURVE ( 'NONE', #4540, #1530, #1543, .T. ) ;
#2710 = EDGE_CURVE ( 'NONE', #2764, #1635, #2639, .T. ) ;
#2711 = CARTESIAN_POINT ( 'NONE',  ( 173.4410555871487816, 19.22219652012901747, -252.8859994604101757 ) ) ;
#2712 = EDGE_LOOP ( 'NONE', ( #3220, #3958, #3258, #4400, #1758, #1418 ) ) ;
#2713 = EDGE_CURVE ( 'NONE', #1177, #3614, #1516, .T. ) ;
#2714 = DIRECTION ( 'NONE',  ( 0.000000000000000000, 1.000000000000000000, 0.000000000000000000 ) ) ;
#2715 = CARTESIAN_POINT ( 'NONE',  ( 178.2831217220305007, 19.22219652012845259, -239.1477263168316085 ) ) ;
#2716 = LINE ( 'NONE', #3475, #1717 ) ;
#2717 = CARTESIAN_POINT ( 'NONE',  ( 166.3150108191429695, 19.22219652012898905, -234.6364037678194734 ) ) ;
#2718 = CARTESIAN_POINT ( 'NONE',  ( 172.3671776647514662, 19.22219652012901037, -234.5799814969491877 ) ) ;
#2719 = CARTESIAN_POINT ( 'NONE',  ( 171.6695901888489857, 18.72219652012901747, -235.0062897776670070 ) ) ;
#2720 = CARTESIAN_POINT ( 'NONE',  ( 171.0950440741275429, 19.22219652012903168, -234.5155562488754128 ) ) ;
#2721 = CARTESIAN_POINT ( 'NONE',  ( 160.0893745497946554, 18.52219652012901108, -231.7497534489568807 ) ) ;
#2722 = CARTESIAN_POINT ( 'NONE',  ( 171.6742525209754717, 18.72219652012902458, -253.2248125722040868 ) ) ;
#2723 = CARTESIAN_POINT ( 'NONE',  ( 163.8102211119104368, 19.22219652012944024, -254.0632685843255842 ) ) ;
#2724 = CARTESIAN_POINT ( 'NONE',  ( 175.3570479010664940, 19.22219652012901392, -253.6404797195083063 ) ) ;
#2725 = CARTESIAN_POINT ( 'NONE',  ( 162.7006063661517885, 19.22219652012901392, -239.5160123816557132 ) ) ;
#2726 = CARTESIAN_POINT ( 'NONE',  ( 171.2525570278114913, 19.22219652012901037, -253.7190976678087679 ) ) ;
#2727 = CARTESIAN_POINT ( 'NONE',  ( 166.3607801411904745, 16.02219652012900752, -234.9444555241350088 ) ) ;
#2728 = ORIENTED_EDGE ( 'NONE', *, *, #4832, .F. ) ;
#2729 = CARTESIAN_POINT ( 'NONE',  ( 178.3534873570413595, 19.22339652012901468, -248.9538785650946409 ) ) ;
#2730 = CARTESIAN_POINT ( 'NONE',  ( 161.9643673897237761, 18.72219652012903879, -242.4401577493288471 ) ) ;
#2731 = B_SPLINE_CURVE_WITH_KNOTS ( 'NONE', 3,
 ( #4281, #1713, #3204, #4699, #1420, #748 ),
 .UNSPECIFIED., .F., .F.,
 ( 4, 1, 1, 4 ),
 ( 0.2046826212472236117, 0.2308674975226433501, 0.2829889632017503764, 0.3324950755514106127 ),
 .UNSPECIFIED. ) ;
#2732 = CARTESIAN_POINT ( 'NONE',  ( 176.5298308457589656, 19.22219652012900681, -240.1123676482869200 ) ) ;
#2733 = CARTESIAN_POINT ( 'NONE',  ( 166.0545770684324509, 19.22219652012901037, -253.4728809233727134 ) ) ;
#2734 =( GEOMETRIC_REPRESENTATION_CONTEXT ( 3 ) GLOBAL_UNCERTAINTY_ASSIGNED_CONTEXT ( ( #3341 ) ) GLOBAL_UNIT_ASSIGNED_CONTEXT ( ( #2311, #3109, #3786 ) ) REPRESENTATION_CONTEXT ( 'NONE', 'WORKASPACE' ) );
#2735 = CARTESIAN_POINT ( 'NONE',  ( 158.7191584809744995, 16.82099652012901103, -239.8483657504803830 ) ) ;
#2736 = CARTESIAN_POINT ( 'NONE',  ( 179.7246311025950263, 18.94200368685479319, -252.3649144186577189 ) ) ;
#2737 = VERTEX_POINT ( 'NONE', #4054 ) ;
#2738 = CARTESIAN_POINT ( 'NONE',  ( 171.8222059429303954, 19.22219652012901037, -253.7215818800472960 ) ) ;
#2739 = ORIENTED_EDGE ( 'NONE', *, *, #4448, .T. ) ;
#2740 = CARTESIAN_POINT ( 'NONE',  ( 176.5612256025006559, 15.52219652012901108, -247.2057740763812603 ) ) ;
#2741 = CARTESIAN_POINT ( 'NONE',  ( 179.0764037042839334, 19.22219652012787705, -240.9257712178127804 ) ) ;
#2742 = EDGE_CURVE ( 'NONE', #2635, #4691, #2870, .T. ) ;
#2743 = VECTOR ( 'NONE', #4548, 1000.000000000000000 ) ;
#2744 = CARTESIAN_POINT ( 'NONE',  ( 164.2859570189748695, 19.22219652012901392, -233.6115001728297216 ) ) ;
#2745 = LINE ( 'NONE', #3814, #1694 ) ;
#2746 = CARTESIAN_POINT ( 'NONE',  ( 173.5144403050334176, 19.22219652012900681, -235.4453957890373488 ) ) ;
#2747 = CARTESIAN_POINT ( 'NONE',  ( 171.2935023186777812, 18.72219652012901747, -235.0112059991312208 ) ) ;
#2748 = CARTESIAN_POINT ( 'NONE',  ( 172.3487998817607547, 19.22219652012901037, -234.5756367920147056 ) ) ;
#2749 = CARTESIAN_POINT ( 'NONE',  ( 176.9639695754983961, 19.22219652012901392, -247.2287915121257242 ) ) ;
#2750 = CARTESIAN_POINT ( 'NONE',  ( 171.1509777811793356, 18.72219652012901747, -253.2166519409380214 ) ) ;
#2751 = CARTESIAN_POINT ( 'NONE',  ( 153.6223174688955169, 17.49216924797914530, -245.2075419647858041 ) ) ;
#2752 = CARTESIAN_POINT ( 'NONE',  ( 162.9116979694803149, 19.22219652012901747, -239.1896165641904588 ) ) ;
#2753 = CARTESIAN_POINT ( 'NONE',  ( 167.2292932063832325, 19.22219652012901037, -253.7246494148557190 ) ) ;
#2754 = DIRECTION ( 'NONE',  ( 0.000000000000000000, 1.000000000000000000, 0.000000000000000000 ) ) ;
#2755 = ORIENTED_EDGE ( 'NONE', *, *, #456, .F. ) ;
#2756 = CARTESIAN_POINT ( 'NONE',  ( 167.8092846045763906, 17.82312278672798200, -256.5232228583999472 ) ) ;
#2757 = CARTESIAN_POINT ( 'NONE',  ( 176.5851381124618626, 19.22219652012901037, -240.2120262277716449 ) ) ;
#2758 = CARTESIAN_POINT ( 'NONE',  ( 165.8161201228174662, 19.22219652012901747, -253.3073988585845484 ) ) ;
#2759 = FACE_OUTER_BOUND ( 'NONE', #1815, .T. ) ;
#2760 = CARTESIAN_POINT ( 'NONE',  ( 162.7732398567395649, 19.22339652012901468, -235.7089365307108437 ) ) ;
#2761 = CARTESIAN_POINT ( 'NONE',  ( 173.1760809213880918, 16.22219652012901037, -235.8325164539025423 ) ) ;
#2762 = EDGE_LOOP ( 'NONE', ( #1990, #2457, #2810, #2241 ) ) ;
#2763 = CARTESIAN_POINT ( 'NONE',  ( 172.9396541674175865, 19.22219652012901392, -253.3939791769902570 ) ) ;
#2764 = VERTEX_POINT ( 'NONE', #518 ) ;
#2765 = CARTESIAN_POINT ( 'NONE',  ( 161.8557361070537013, 17.49220324403388460, -243.0237490647575669 ) ) ;
#2766 = CARTESIAN_POINT ( 'NONE',  ( 171.7387493295800027, 19.22219652012959301, -232.5058452366176596 ) ) ;
#2767 = DIRECTION ( 'NONE',  ( 0.000000000000000000, 0.000000000000000000, 1.000000000000000000 ) ) ;
#2768 = CARTESIAN_POINT ( 'NONE',  ( 165.9449702260175457, 19.22219652012900681, -234.8268627968898556 ) ) ;
#2769 = CARTESIAN_POINT ( 'NONE',  ( 178.3095575754011293, 15.61796677514741027, -257.0010614276322940 ) ) ;
#2770 = EDGE_CURVE ( 'NONE', #2013, #4004, #4637, .T. ) ;
#2771 = CARTESIAN_POINT ( 'NONE',  ( 173.3740021177356994, 19.22219652012901747, -235.2579756098412247 ) ) ;
#2772 = CARTESIAN_POINT ( 'NONE',  ( 169.4347824459745198, 15.82219652012900646, -244.1155672618047277 ) ) ;
#2773 = CARTESIAN_POINT ( 'NONE',  ( 177.5837843990446459, 19.22219652012901392, -243.8804270685622271 ) ) ;
#2774 = EDGE_CURVE ( 'NONE', #982, #3241, #529, .T. ) ;
#2775 = CARTESIAN_POINT ( 'NONE',  ( 153.5874723923204215, 16.90519021563500601, -244.4440438915314928 ) ) ;
#2776 = CARTESIAN_POINT ( 'NONE',  ( 163.9539133001694040, 19.22219652012901037, -237.5701869782032531 ) ) ;
#2777 = CARTESIAN_POINT ( 'NONE',  ( 171.5687083986071571, 19.22219652012901037, -253.7246571846020231 ) ) ;
#2778 = CARTESIAN_POINT ( 'NONE',  ( 159.2622564316570219, 17.22219652012899616, -239.1938134083710281 ) ) ;
#2779 = ORIENTED_EDGE ( 'NONE', *, *, #1507, .F. ) ;
#2780 = CARTESIAN_POINT ( 'NONE',  ( 178.3091552737651284, 15.82219652012900646, -257.2482747858978769 ) ) ;
#2781 = CARTESIAN_POINT ( 'NONE',  ( 176.3042402170408423, 19.22219652012900681, -239.7307701423520143 ) ) ;
#2782 = CARTESIAN_POINT ( 'NONE',  ( 167.5138775903341184, 19.22219652012899971, -253.7214644019621801 ) ) ;
#2783 = B_SPLINE_CURVE_WITH_KNOTS ( 'NONE', 3,
 ( #2383, #2736, #864, #2359, #550, #3856, #4645, #1995 ),
 .UNSPECIFIED., .F., .F.,
 ( 4, 2, 2, 4 ),
 ( 2.311380609078831266E-07, 0.0009716795296968103179, 0.001457403725514765797, 0.001943127921332721275 ),
 .UNSPECIFIED. ) ;
#2784 = CARTESIAN_POINT ( 'NONE',  ( 177.5856430067390761, 19.22219652012901392, -244.1907268946651755 ) ) ;
#2785 = CARTESIAN_POINT ( 'NONE',  ( 166.8224025806480881, 19.22339652012986022, -232.5151008328413411 ) ) ;
#2786 = CARTESIAN_POINT ( 'NONE',  ( 177.1031688268579387, 18.72219652012902813, -242.6792790828976649 ) ) ;
#2787 = ORIENTED_EDGE ( 'NONE', *, *, #4809, .T. ) ;
#2788 = VECTOR ( 'NONE', #953, 1000.000000000000000 ) ;
#2789 = DIRECTION ( 'NONE',  ( 1.000000000000000000, 0.000000000000000000, 8.361120501153439065E-16 ) ) ;
#2790 = CARTESIAN_POINT ( 'NONE',  ( 172.2375637001352402, 19.22219652012901392, -232.5319812213594162 ) ) ;
#2791 = CIRCLE ( 'NONE', #670, 1.000000000000000888 ) ;
#2792 = CARTESIAN_POINT ( 'NONE',  ( 164.3754597255459373, 19.22219652012901037, -237.8390782278288498 ) ) ;
#2793 = B_SPLINE_CURVE_WITH_KNOTS ( 'NONE', 3,
 ( #2340, #457, #4551, #1535, #4134, #2663, #2246, #4180, #3449, #2640, #431, #844, #2267, #3741, #3374, #3838, #1931, #3421, #3396, #2744, #3032, #3763, #4501, #484, #2687, #40, #18, #1512, #4525, #4156, #3009, #1216, #64, #1188, #1907, #792, #1561, #819, #1161, #409, #2314, #89, #386, #1978, #1240, #1884 ),
 .UNSPECIFIED., .F., .F.,
 ( 4, 2, 2, 2, 2, 2, 2, 2, 2, 2, 2, 2, 2, 2, 2, 2, 2, 2, 2, 2, 2, 2, 4 ),
 ( 0.000000000000000000, 0.03125000000000000000, 0.06250000000000000000, 0.1250000000000000000, 0.1562500000000000000, 0.1875000000000000000, 0.2187500000000000000, 0.2500000000000000000, 0.2812500000000000000, 0.3125000000000000000, 0.3437500000000000000, 0.3750000000000000000, 0.4062500000000000000, 0.4375000000000000000, 0.5000000000000000000, 0.6250000000000000000, 0.7500000000000000000, 0.7812500000000000000, 0.8125000000000000000, 0.8750000000000000000, 0.9062500000000000000, 0.9375000000000000000, 1.000000000000000000 ),
 .UNSPECIFIED. ) ;
#2794 = CARTESIAN_POINT ( 'NONE',  ( 166.0545770664230076, 19.22219652012901392, -234.7582536002883558 ) ) ;
#2795 = DIRECTION ( 'NONE',  ( 0.000000000000000000, 0.000000000000000000, -1.000000000000000000 ) ) ;
#2796 = CARTESIAN_POINT ( 'NONE',  ( 171.1929401137328171, 19.22219652012901392, -234.5134108915066236 ) ) ;
#2797 = CARTESIAN_POINT ( 'NONE',  ( 166.3607801411288278, 15.52219652012900930, -253.2866789998262789 ) ) ;
#2798 = CARTESIAN_POINT ( 'NONE',  ( 170.7551799538793205, 18.72219652012902458, -253.2086399049445902 ) ) ;
#2799 = EDGE_CURVE ( 'NONE', #3583, #2044, #2631, .T. ) ;
#2800 = AXIS2_PLACEMENT_3D ( 'NONE', #4568, #1528, #2633 ) ;
#2801 = CARTESIAN_POINT ( 'NONE',  ( 163.0761289059076375, 19.22219652012901392, -238.9357512793037586 ) ) ;
#2802 = CARTESIAN_POINT ( 'NONE',  ( 173.3108800693160276, 19.22219652012901392, -253.0504494545093905 ) ) ;
#2803 = CARTESIAN_POINT ( 'NONE',  ( 160.7346080583928654, 17.22219652012899616, -236.7463988981380965 ) ) ;
#2804 = CARTESIAN_POINT ( 'NONE',  ( 180.7261302594079098, 16.82099652012844260, -246.5144171700198967 ) ) ;
#2805 = CARTESIAN_POINT ( 'NONE',  ( 167.1331845155630162, 19.22219652012900681, -253.7238554212528072 ) ) ;
#2806 = CARTESIAN_POINT ( 'NONE',  ( 177.5861582811171786, 19.22219652012900681, -244.1463744022057369 ) ) ;
#2807 = CARTESIAN_POINT ( 'NONE',  ( 164.7559020612595475, 19.22339652012901468, -233.2165971326682836 ) ) ;
#2808 = CARTESIAN_POINT ( 'NONE',  ( 162.7780455806293105, 19.22219652012901037, -248.8355006643056413 ) ) ;
#2809 = EDGE_LOOP ( 'NONE', ( #956, #291, #4800, #1556 ) ) ;
#2810 = ORIENTED_EDGE ( 'NONE', *, *, #4532, .F. ) ;
#2811 = DIRECTION ( 'NONE',  ( 0.000000000000000000, -1.000000000000000000, 0.000000000000000000 ) ) ;
#2812 = CARTESIAN_POINT ( 'NONE',  ( 177.0864824478727257, 15.52219652012900930, -244.1155672618047277 ) ) ;
#2813 = CARTESIAN_POINT ( 'NONE',  ( 180.4678970759927665, 17.22219652013043145, -241.6032052942420307 ) ) ;
#2814 = CARTESIAN_POINT ( 'NONE',  ( 175.7476724045477567, 17.55299838705483850, -233.4476948063870623 ) ) ;
#2815 = CIRCLE ( 'NONE', #1321, 0.5000000000000004441 ) ;
#2816 = CONICAL_SURFACE ( 'NONE', #1322, 0.5000000000000004441, 0.7853981633974648213 ) ;
#2817 = CARTESIAN_POINT ( 'NONE',  ( 163.5261456670034761, 19.22339652012986733, -253.6594112827104652 ) ) ;
#2818 = DIRECTION ( 'NONE',  ( -0.000000000000000000, 1.000000000000000000, -0.000000000000000000 ) ) ;
#2819 = CARTESIAN_POINT ( 'NONE',  ( 158.2692443224701435, 17.22219652012900681, -239.2108667234255108 ) ) ;
#2820 = CARTESIAN_POINT ( 'NONE',  ( 171.0423653637206485, 18.72219652012902813, -253.2144161931558699 ) ) ;
#2821 = DIRECTION ( 'NONE',  ( 0.000000000000000000, -1.000000000000000000, 0.000000000000000000 ) ) ;
#2822 = CARTESIAN_POINT ( 'NONE',  ( 173.6885980784876438, 18.72219652012902458, -236.5939585927482369 ) ) ;
#2823 = CARTESIAN_POINT ( 'NONE',  ( 162.2062512437180430, 19.22219652012900681, -240.3586530849987071 ) ) ;
#2824 = CARTESIAN_POINT ( 'NONE',  ( 173.1806738368265428, 19.22219652012901037, -253.1921535216257837 ) ) ;
#2825 = CARTESIAN_POINT ( 'NONE',  ( 164.3754597255459373, 16.02219652012900752, -237.8390782278288498 ) ) ;
#2826 = CARTESIAN_POINT ( 'NONE',  ( 172.5392758469868113, 16.82099652012844615, -257.0612744958666553 ) ) ;
#2827 = CARTESIAN_POINT ( 'NONE',  ( 167.6090727180719568, 19.22219652012901747, -253.7192944452391146 ) ) ;
#2828 = FACE_OUTER_BOUND ( 'NONE', #4066, .T. ) ;
#2829 = EDGE_CURVE ( 'NONE', #1530, #1201, #3419, .T. ) ;
#2830 = CARTESIAN_POINT ( 'NONE',  ( 161.3722034084327674, 19.22339652012901468, -237.8889396470438840 ) ) ;
#2831 = CARTESIAN_POINT ( 'NONE',  ( 162.4640204959907237, 19.22219652012900681, -248.3336091362411935 ) ) ;
#2832 = VECTOR ( 'NONE', #1476, 1000.000000000000000 ) ;
#2833 = ORIENTED_EDGE ( 'NONE', *, *, #1269, .F. ) ;
#2834 = ORIENTED_EDGE ( 'NONE', *, *, #3308, .T. ) ;
#2835 = CARTESIAN_POINT ( 'NONE',  ( 180.7413445778320806, 17.22219652012900681, -244.1155673049763948 ) ) ;
#2836 = CARTESIAN_POINT ( 'NONE',  ( 173.1570083492988203, 18.72219652012902813, -235.8053221719227679 ) ) ;
#2837 = DIRECTION ( 'NONE',  ( 0.000000000000000000, -1.000000000000000000, 0.000000000000000000 ) ) ;
#2838 = CARTESIAN_POINT ( 'NONE',  ( 176.8763949481555073, 17.22219652012900681, -251.3086795556228594 ) ) ;
#2839 = CARTESIAN_POINT ( 'NONE',  ( 164.7582103372877214, 19.22339652012944100, -255.0161798879499315 ) ) ;
#2840 = CARTESIAN_POINT ( 'NONE',  ( 164.3754597255459373, 16.02219652012900752, -237.8390782278288498 ) ) ;
#2841 = CARTESIAN_POINT ( 'NONE',  ( 178.9618437490498764, 18.97219652012904589, -253.0339529300433128 ) ) ;
#2842 = CARTESIAN_POINT ( 'NONE',  ( 176.3910258258383408, 19.22219652012900681, -248.3583365940357055 ) ) ;
#2843 = CARTESIAN_POINT ( 'NONE',  ( 167.6770079554191852, 18.72219652012902458, -235.0135502670082133 ) ) ;
#2844 = APPLICATION_CONTEXT ( 'automotive_design' ) ;
#2845 = CARTESIAN_POINT ( 'NONE',  ( 176.5384391105518773, 18.72219652012901392, -241.2820489576141085 ) ) ;
#2846 = CARTESIAN_POINT ( 'NONE',  ( 174.0152783200161082, 19.22219652012901037, -252.0500918189515573 ) ) ;
#2847 = CARTESIAN_POINT ( 'NONE',  ( 177.0865682931939489, 18.72219652012901392, -244.1233000230824075 ) ) ;
#2848 = CARTESIAN_POINT ( 'NONE',  ( 172.3315812666782563, 16.82099652012901103, -257.0832834230238291 ) ) ;
#2849 = B_SPLINE_CURVE_WITH_KNOTS ( 'NONE', 3,
 ( #3526, #3894, #4724, #4306, #1714, #3206, #626, #4700, #1644, #2031, #993, #537, #172 ),
 .UNSPECIFIED., .F., .F.,
 ( 4, 1, 1, 1, 1, 1, 2, 2, 4 ),
 ( 0.000000000000000000, 0.2500000000004449219, 0.3750000000006309397, 0.4375000000007661094, 0.4687500000007860379, 0.4843750000008013035, 0.4921875000008036349, 0.5000000000008059109, 1.000000000000000000 ),
 .UNSPECIFIED. ) ;
#2850 = ADVANCED_FACE ( 'NONE', ( #874 ), #1222, .F. ) ;
#2851 = CARTESIAN_POINT ( 'NONE',  ( 163.1577723359458219, 18.72219652012902813, -248.5018339183385194 ) ) ;
#2852 = CARTESIAN_POINT ( 'NONE',  ( 168.8930009073991414, 17.67599997346036744, -256.6081642542440022 ) ) ;
#2853 = CARTESIAN_POINT ( 'NONE',  ( 167.7800405501983789, 19.22219649078354919, -234.5156671675820519 ) ) ;
#2854 = CARTESIAN_POINT ( 'NONE',  ( 162.7166007243332047, 19.22219652012900326, -248.7400694469446023 ) ) ;
#2855 = ORIENTED_EDGE ( 'NONE', *, *, #3131, .F. ) ;
#2856 = ORIENTED_EDGE ( 'NONE', *, *, #425, .F. ) ;
#2857 = CARTESIAN_POINT ( 'NONE',  ( 164.7578088445295634, 19.22219652012944024, -255.0167449789186946 ) ) ;
#2858 = PRODUCT_CONTEXT ( 'NONE', #1658, 'mechanical' ) ;
#2859 = DIRECTION ( 'NONE',  ( -0.000000000000000000, -1.000000000000000000, -0.000000000000000000 ) ) ;
#2860 = CARTESIAN_POINT ( 'NONE',  ( 170.7224249932677935, 18.72219652012902102, -235.0231535050758396 ) ) ;
#2861 = ADVANCED_FACE ( 'NONE', ( #3792 ), #4220, .T. ) ;
#2862 = CARTESIAN_POINT ( 'NONE',  ( 178.8383244049282723, 17.22219652012930879, -237.8344665769768085 ) ) ;
#2863 = DIRECTION ( 'NONE',  ( 0.000000000000000000, 0.000000000000000000, -1.000000000000000000 ) ) ;
#2864 = VERTEX_POINT ( 'NONE', #2319 ) ;
#2865 = CARTESIAN_POINT ( 'NONE',  ( 164.4682199614186970, 19.22339652012901468, -254.7877231642587503 ) ) ;
#2866 = CARTESIAN_POINT ( 'NONE',  ( 170.8432216782537694, 16.52219652012900752, -253.2154672618047186 ) ) ;
#2867 = AXIS2_PLACEMENT_3D ( 'NONE', #3984, #2568, #3668 ) ;
#2868 = CARTESIAN_POINT ( 'NONE',  ( 154.1848644134078654, 19.22219652012901037, -242.3655672618047845 ) ) ;
#2869 = EDGE_LOOP ( 'NONE', ( #520, #2377, #1730, #3496 ) ) ;
#2870 = B_SPLINE_CURVE_WITH_KNOTS ( 'NONE', 3,
 ( #1731, #3978, #2588, #3661, #2933, #617, #305, #1060, #3686, #254, #1754, #3245, #333, #3951, #1006, #1751, #3240, #1357, #592, #2831, #1034, #276, #3582, #251, #2531, #1776, #4317, #2906, #1728, #979, #2854, #3268, #4003, #4760, #2478, #2808, #3172, #3975, #4365, #4298, #935, #4393, #1336, #955, #2087, #2434, #3218, #2507, #1307, #3607, #4735, #4028, #1703, #4668, #638, #2138, #2043, #3928, #4712, #185, #3633, #1410, #1383, #227, #3538, #2881, #571, #1678, #2066, #3557, #204, #3194, #4689, #4339, #2455, #614, #2113, #2586, #7, #3753, #2213, #2163, #1455, #4099, #692, #2979, #1871, #3295, #2628, #4442, #2187, #738, #3364, #665, #3684, #1433, #4467, #2235, #2954, #1522, #4813, #4835, #331, #4489, #1501, #4417, #4075, #2999, #3659, #4788, #1080, #717, #3384, #3707, #2256, #3317, #1824, #2558, #303, #1801, #4122, #355, #760, #4052, #1058, #3729, #3020, #1851, #397, #1478, #27, #3339, #1105, #2607, #375, #1125, #1893, #2931, #4514, #1150, #2650, #2375, #2325, #829, #1941, #4587, #471, #1917, #3435, #1648, #3406, #4166, #802, #442, #1623, #494, #3798, #51, #1988, #2299, #2753, #2351, #75, #3144, #1572, #3071, #3824, #4190, #4241, #2698, #3485, #127, #3461, #4538, #879, #1965, #3872, #1548, #1277 ),
 .UNSPECIFIED., .F., .F.,
 ( 4, 2, 1, 2, 2, 2, 2, 2, 2, 1, 2, 2, 1, 1, 1, 2, 2, 1, 1, 2, 2, 1, 1, 2, 2, 1, 1, 1, 2, 2, 1, 1, 1, 2, 2, 1, 1, 1, 2, 2, 1, 1, 1, 1, 1, 2, 2, 1, 1, 2, 2, 1, 1, 1, 1, 2, 2, 1, 1, 1, 1, 2, 2, 1, 1, 1, 1, 2, 2, 1, 1, 1, 1, 1, 2, 2, 1, 1, 1, 1, 1, 2, 2, 1, 2, 2, 2, 2, 2, 2, 2, 1, 2, 2, 1, 2, 2, 1, 2, 2, 1, 2, 2, 1, 2, 2, 1, 1, 2, 2, 1, 1, 1, 2, 2, 1, 2, 2, 4 ),
 ( 0.000000000000000000, 0.06249999999966408815, 0.09374999999949612528, 0.1093749999994121508, 0.1249999999993281763, 0.1562499999991530386, 0.1874999999989779009, 0.2187499999988027355, 0.2343749999987186083, 0.2421874999986800003, 0.2460937499986640409, 0.2499999999986481092, 0.2656249999985799137, 0.2734374999985458299, 0.2773437499985319521, 0.2792968749985269006, 0.2812499999985219046, 0.2890624999985136889, 0.2929687499985128563, 0.2949218749985073051, 0.2968749999985017540, 0.3046874999984715560, 0.3085937499984565124, 0.3105468749984509058, 0.3124999999984452992, 0.3203124999984098831, 0.3242187499983942844, 0.3261718749983811283, 0.3271484374983799071, 0.3281249999983787413, 0.3359374999984135468, 0.3398437499984330312, 0.3417968749984381938, 0.3427734374984451327, 0.3437499999984520160, 0.3593749999985507149, 0.3671874999985979549, 0.3710937499986204369, 0.3730468749986337040, 0.3749999999986469157, 0.4062499999987286281, 0.4218749999987727595, 0.4296874999987948529, 0.4335937499988058441, 0.4355468749988131716, 0.4365234374988224419, 0.4374999999988316568, 0.4531249999988837263, 0.4609374999989076516, 0.4648437499989268584, 0.4687499999989460653, 0.4843749999990293320, 0.4921874999990688559, 0.4960937499990886179, 0.4980468749990958344, 0.4990234374991022737, 0.4999999999991087130, 0.5312499999989852562, 0.5468749999989279686, 0.5546874999989087618, 0.5585937499988989918, 0.5605468749988865573, 0.5624999999988740118, 0.5937499999987758681, 0.6093749999987245758, 0.6171874999986990407, 0.6210937499986934895, 0.6230468749986882715, 0.6249999999986831645, 0.6562499999986113330, 0.6718749999985820232, 0.6796874999985672572, 0.6835937499985599297, 0.6855468749985662580, 0.6865234374985769161, 0.6874999999985876853, 0.7187499999989800381, 0.7343749999991721067, 0.7421874999992654764, 0.7460937499993012256, 0.7480468749993220978, 0.7490234374993326449, 0.7499999999993430810, 0.7578124999993622879, 0.7617187499993804956, 0.7656249999993987032, 0.7734374999994304556, 0.7812499999994622080, 0.8124999999995837774, 0.8281249999996475042, 0.8437499999997113420, 0.8593749999997751798, 0.8671874999998061551, 0.8749999999998372413, 0.8828124999998683275, 0.8867187499998856470, 0.8906249999999029665, 0.8984374999999374944, 0.9023437499999535927, 0.9062499999999695799, 0.9140624999999955591, 0.9179687500000053291, 0.9218750000000150990, 0.9296875000000441869, 0.9335937500000587308, 0.9375000000000732747, 0.9453125000000940359, 0.9492187500001045830, 0.9511718750001099121, 0.9531250000001151301, 0.9609375000001361133, 0.9648437500001427747, 0.9667968750001461054, 0.9677734375001443290, 0.9687500000001425526, 0.9765625000001054712, 0.9804687500000869305, 0.9843750000000682787, 1.000000000000000000 ),
 .UNSPECIFIED. ) ;
#2871 = CARTESIAN_POINT ( 'NONE',  ( 168.3288243709886842, 18.72219652012902458, -235.0268082358815036 ) ) ;
#2872 = CARTESIAN_POINT ( 'NONE',  ( 176.0669814301506335, 19.22219652012901392, -239.3577289325694437 ) ) ;
#2873 = CARTESIAN_POINT ( 'NONE',  ( 177.0868931604540535, 18.72219652012902102, -244.0644252348108125 ) ) ;
#2874 = CARTESIAN_POINT ( 'NONE',  ( 172.5733054699726665, 19.22219652012901037, -253.5877879831045618 ) ) ;
#2875 = CARTESIAN_POINT ( 'NONE',  ( 177.0843240981311908, 18.72219652012903168, -244.3985211770043975 ) ) ;
#2876 = CARTESIAN_POINT ( 'NONE',  ( 173.1777675364745335, 16.82099652012901103, -256.9397065209242896 ) ) ;
#2877 = CARTESIAN_POINT ( 'NONE',  ( 164.9204179389175238, 18.72219652012903524, -251.2379914039545383 ) ) ;
#2878 = VECTOR ( 'NONE', #3636, 1000.000000000000114 ) ;
#2879 = CARTESIAN_POINT ( 'NONE',  ( 171.0895301188141389, 19.22219652012901037, -234.5156669572452302 ) ) ;
#2880 = CARTESIAN_POINT ( 'NONE',  ( 163.1955378173780673, 16.82099652012901103, -232.7429245217257687 ) ) ;
#2881 = CARTESIAN_POINT ( 'NONE',  ( 163.5308158448706592, 19.22219652012900681, -250.0016925735887980 ) ) ;
#2882 = ORIENTED_EDGE ( 'NONE', *, *, #4295, .F. ) ;
#2883 = ORIENTED_EDGE ( 'NONE', *, *, #3334, .T. ) ;
#2884 = CARTESIAN_POINT ( 'NONE',  ( 166.0950497692799104, 19.22219652012901392, -255.6115071362867184 ) ) ;
#2885 = CARTESIAN_POINT ( 'NONE',  ( 169.4347824459745198, 19.22219652012901037, -228.2655672618047333 ) ) ;
#2886 = CARTESIAN_POINT ( 'NONE',  ( 170.4732413082709570, 18.72219652012902458, -235.0281660373372006 ) ) ;
#2887 = CARTESIAN_POINT ( 'NONE',  ( 177.0858847523586235, 18.72219652012903168, -244.1671680231917207 ) ) ;
#2888 = ORIENTED_EDGE ( 'NONE', *, *, #524, .F. ) ;
#2889 = FACE_OUTER_BOUND ( 'NONE', #2592, .T. ) ;
#2890 = ORIENTED_EDGE ( 'NONE', *, *, #2774, .T. ) ;
#2891 = CARTESIAN_POINT ( 'NONE',  ( 163.5575069880477770, 16.82099652012901103, -255.8347920121111088 ) ) ;
#2892 = EDGE_CURVE ( 'NONE', #3532, #4011, #3202, .T. ) ;
#2893 = DIRECTION ( 'NONE',  ( 0.000000000000000000, 0.000000000000000000, 1.000000000000000000 ) ) ;
#2894 = AXIS2_PLACEMENT_3D ( 'NONE', #132, #4727, #1971 ) ;
#2895 = CARTESIAN_POINT ( 'NONE',  ( 161.7663960669892731, 18.72219652013330915, -242.6792790828976649 ) ) ;
#2896 = ORIENTED_EDGE ( 'NONE', *, *, #4504, .F. ) ;
#2897 = CARTESIAN_POINT ( 'NONE',  ( 167.8687317292526586, 18.72219652012902458, -235.0175530986120407 ) ) ;
#2898 = CARTESIAN_POINT ( 'NONE',  ( 176.6309881509091895, 19.22219652012901392, -240.2979741284346744 ) ) ;
#2899 = CARTESIAN_POINT ( 'NONE',  ( 173.9221547080695132, 18.72219652012902813, -236.9519950706830684 ) ) ;
#2900 = CARTESIAN_POINT ( 'NONE',  ( 175.1455797195056334, 19.22219652012901037, -250.3027061799992907 ) ) ;
#2901 = CARTESIAN_POINT ( 'NONE',  ( 165.4445707411620390, 18.72219652012901747, -236.1418852393846635 ) ) ;
#2902 = CARTESIAN_POINT ( 'NONE',  ( 176.4522027114390141, 16.82099652012901103, -254.4947868547486962 ) ) ;
#2903 = CARTESIAN_POINT ( 'NONE',  ( 165.4075772268109290, 18.72219652012901747, -251.9797869952903966 ) ) ;
#2904 = DIRECTION ( 'NONE',  ( 0.000000000000000000, 0.000000000000000000, 1.000000000000000000 ) ) ;
#2905 = CARTESIAN_POINT ( 'NONE',  ( 167.0854410467557045, 19.22219652012900681, -234.5087130897910015 ) ) ;
#2906 = CARTESIAN_POINT ( 'NONE',  ( 162.6512537428798169, 19.22219652012901392, -248.6375466768350293 ) ) ;
#2907 = VERTEX_POINT ( 'NONE', #1960 ) ;
#2908 = CARTESIAN_POINT ( 'NONE',  ( 160.0893745497946554, 15.82219652012900646, -231.7497534489568807 ) ) ;
#2909 = DIRECTION ( 'NONE',  ( 1.000000000000000000, 0.000000000000000000, 0.000000000000000000 ) ) ;
#2910 = CARTESIAN_POINT ( 'NONE',  ( 178.9618437490498764, 19.22219652012901037, -253.0339529300433128 ) ) ;
#2911 = CARTESIAN_POINT ( 'NONE',  ( 170.7123691213941470, 19.22219652012900681, -234.5232546358624575 ) ) ;
#2912 = DIRECTION ( 'NONE',  ( -0.000000000000000000, 1.000000000000000000, -0.000000000000000000 ) ) ;
#2913 = CARTESIAN_POINT ( 'NONE',  ( 165.9623595146088917, 16.02219652012900752, -235.4786361562487684 ) ) ;
#2914 = ORIENTED_EDGE ( 'NONE', *, *, #2644, .F. ) ;
#2915 = CARTESIAN_POINT ( 'NONE',  ( 164.0956021571158203, 16.82099652012901103, -256.2442973510877664 ) ) ;
#2916 = CARTESIAN_POINT ( 'NONE',  ( 171.0945824448864414, 18.72219652012902813, -235.0156672555947353 ) ) ;
#2917 = FACE_OUTER_BOUND ( 'NONE', #4325, .T. ) ;
#2918 = VERTEX_POINT ( 'NONE', #4161 ) ;
#2919 = CARTESIAN_POINT ( 'NONE',  ( 167.5029801796070785, 18.72219652012902102, -235.0095514868234829 ) ) ;
#2920 = EDGE_CURVE ( 'NONE', #420, #937, #4623, .T. ) ;
#2921 = CARTESIAN_POINT ( 'NONE',  ( 175.4444102122961340, 19.22219652012900681, -238.3939436826412646 ) ) ;
#2922 = CARTESIAN_POINT ( 'NONE',  ( 177.0427780367735409, 18.72219652012902458, -243.2395700653641768 ) ) ;
#2923 = EDGE_CURVE ( 'NONE', #153, #1760, #4382, .T. ) ;
#2924 = CARTESIAN_POINT ( 'NONE',  ( 174.7288956050385877, 19.22219652012901392, -250.9515885185702473 ) ) ;
#2925 = CARTESIAN_POINT ( 'NONE',  ( 166.9926949504847187, 18.72219652012901747, -234.9999309071115761 ) ) ;
#2926 = CARTESIAN_POINT ( 'NONE',  ( 164.5694483705257483, 17.96629794784987055, -255.7681822386865349 ) ) ;
#2927 = ADVANCED_FACE ( 'NONE', ( #797 ), #437, .F. ) ;
#2928 = CARTESIAN_POINT ( 'NONE',  ( 162.7463801421557150, 18.72219652012902102, -247.8213630485135468 ) ) ;
#2929 = CARTESIAN_POINT ( 'NONE',  ( 170.7092257414955725, 19.22219652012900681, -253.7078166498746725 ) ) ;
#2930 = CARTESIAN_POINT ( 'NONE',  ( 160.5396877767168178, 16.82099652012901103, -236.6212579502655444 ) ) ;
#2931 = CARTESIAN_POINT ( 'NONE',  ( 166.4247402100393174, 19.22219652012901037, -253.6297871704248905 ) ) ;
#2932 = EDGE_LOOP ( 'NONE', ( #229, #1184, #1310, #2046, #3074, #3558, #3931, #1110, #3386, #1446, #1007 ) ) ;
#2933 = CARTESIAN_POINT ( 'NONE',  ( 161.7338345284356649, 19.22219652012901392, -246.7865274377408866 ) ) ;
#2934 = CARTESIAN_POINT ( 'NONE',  ( 153.8157101590377636, 18.88996099823414454, -245.5333317399098689 ) ) ;
#2935 = FACE_OUTER_BOUND ( 'NONE', #3708, .T. ) ;
#2936 = CARTESIAN_POINT ( 'NONE',  ( 170.6055761135384614, 19.22219652012901747, -234.5254028639745343 ) ) ;
#2937 = VERTEX_POINT ( 'NONE', #3480 ) ;
#2938 = CARTESIAN_POINT ( 'NONE',  ( 171.0656077987619028, 18.69044745997032919, -256.0224727248286172 ) ) ;
#2939 = CARTESIAN_POINT ( 'NONE',  ( 177.4256514490284644, 19.22219652012900681, -245.7535019135167147 ) ) ;
#2940 = ORIENTED_EDGE ( 'NONE', *, *, #3391, .F. ) ;
#2941 = DIRECTION ( 'NONE',  ( 0.000000000000000000, 0.000000000000000000, 1.000000000000000000 ) ) ;
#2942 = DIRECTION ( 'NONE',  ( 1.000000000000000000, 0.000000000000000000, 8.361120501153439065E-16 ) ) ;
#2943 = CARTESIAN_POINT ( 'NONE',  ( 159.6234134137579588, 18.22390597251353839, -248.4419305782580238 ) ) ;
#2944 = ORIENTED_EDGE ( 'NONE', *, *, #1692, .F. ) ;
#2945 = CARTESIAN_POINT ( 'NONE',  ( 167.0857897837912276, 18.72219652012902813, -235.0086146881941147 ) ) ;
#2946 = CARTESIAN_POINT ( 'NONE',  ( 175.2363586895552601, 19.22219652012901747, -238.0699227733448993 ) ) ;
#2947 = CARTESIAN_POINT ( 'NONE',  ( 177.5396349642935547, 19.22219652012900681, -243.1828288584239317 ) ) ;
#2948 = CARTESIAN_POINT ( 'NONE',  ( 174.9940721531740166, 19.22219652012901037, -250.5387906612460824 ) ) ;
#2949 = CARTESIAN_POINT ( 'NONE',  ( 178.9618437490498764, 16.22219652012901037, -253.0339529300433128 ) ) ;
#2950 = CARTESIAN_POINT ( 'NONE',  ( 163.9546315848345444, 18.72219652012904589, -249.7361985041881667 ) ) ;
#2951 = ADVANCED_FACE ( 'NONE', ( #1740 ), #924, .T. ) ;
#2952 = CARTESIAN_POINT ( 'NONE',  ( 171.2313937927686140, 19.22219652012901392, -255.7188906096577341 ) ) ;
#2953 = CARTESIAN_POINT ( 'NONE',  ( 166.9195476051022524, 19.22219652012901392, -234.5169384383778777 ) ) ;
#2954 = CARTESIAN_POINT ( 'NONE',  ( 164.6432223855316579, 19.22219652012901747, -251.7282086737288580 ) ) ;
#2955 = EDGE_LOOP ( 'NONE', ( #4714, #3047, #2204, #917 ) ) ;
#2956 = CARTESIAN_POINT ( 'NONE',  ( 165.3940258909706813, 19.22219652012901392, -255.3859012125063259 ) ) ;
#2957 = CARTESIAN_POINT ( 'NONE',  ( 159.8758363816040173, 18.89008123345410439, -240.1738204116409463 ) ) ;
#2958 = CARTESIAN_POINT ( 'NONE',  ( 172.8929297234129194, 19.22339652012842492, -232.6474893574714713 ) ) ;
#2959 = CIRCLE ( 'NONE', #1705, 15.35000000000002984 ) ;
#2960 = ORIENTED_EDGE ( 'NONE', *, *, #3811, .F. ) ;
#2961 = CARTESIAN_POINT ( 'NONE',  ( 167.8094379748197866, 17.79826193979489446, -256.5375762750690569 ) ) ;
#2962 = CARTESIAN_POINT ( 'NONE',  ( 177.2002642499629701, 19.22219652012900681, -246.5932684361008853 ) ) ;
#2963 = VERTEX_POINT ( 'NONE', #215 ) ;
#2964 = CARTESIAN_POINT ( 'NONE',  ( 158.8244767905623291, 16.82099652012901103, -248.6446880024395227 ) ) ;
#2965 = CARTESIAN_POINT ( 'NONE',  ( 162.4266200332731955, 17.22219652012900681, -254.0960977364742917 ) ) ;
#2966 = DIRECTION ( 'NONE',  ( 0.000000000000000000, 0.000000000000000000, 1.000000000000000000 ) ) ;
#2967 = ORIENTED_EDGE ( 'NONE', *, *, #2923, .F. ) ;
#2968 = CARTESIAN_POINT ( 'NONE',  ( 165.8161201210126023, 19.22219652012901392, -234.9237356661155331 ) ) ;
#2969 = CARTESIAN_POINT ( 'NONE',  ( 174.5011447223168091, 19.22219652012900681, -236.9262342186819126 ) ) ;
#2970 = VECTOR ( 'NONE', #1835, 1000.000000000000114 ) ;
#2971 = CARTESIAN_POINT ( 'NONE',  ( 175.2718702898192191, 19.22219652012902102, -238.1254020219807046 ) ) ;
#2972 = CARTESIAN_POINT ( 'NONE',  ( 174.5477138724687620, 19.22219652012900681, -251.2326917868457201 ) ) ;
#2973 = CARTESIAN_POINT ( 'NONE',  ( 173.6895961401380077, 18.72219652012903524, -251.6356539821434239 ) ) ;
#2974 = VECTOR ( 'NONE', #1290, 1000.000000000000000 ) ;
#2975 = CARTESIAN_POINT ( 'NONE',  ( 167.2593991255904484, 18.72219652012901747, -253.2249564661734382 ) ) ;
#2976 = CARTESIAN_POINT ( 'NONE',  ( 176.4621349026808446, 17.22219652012810087, -254.0675235422619664 ) ) ;
#2977 = CARTESIAN_POINT ( 'NONE',  ( 165.8100545174073943, 19.22219652012901037, -234.9288624300110939 ) ) ;
#2978 = VECTOR ( 'NONE', #1636, 1000.000000000000114 ) ;
#2979 = CARTESIAN_POINT ( 'NONE',  ( 164.0916212115786266, 19.22219652012901037, -250.8753173533833660 ) ) ;
#2980 = ORIENTED_EDGE ( 'NONE', *, *, #3781, .T. ) ;
#2981 = CARTESIAN_POINT ( 'NONE',  ( 162.4266233525937366, 17.22219652012900681, -234.1350344563643944 ) ) ;
#2982 = EDGE_CURVE ( 'NONE', #1784, #3800, #387, .T. ) ;
#2983 = CARTESIAN_POINT ( 'NONE',  ( 167.7749824448864331, 19.22219652012901037, -234.5156672555947921 ) ) ;
#2984 = CARTESIAN_POINT ( 'NONE',  ( 176.6423712640602446, 16.82099652012901103, -234.0163257240832309 ) ) ;
#2985 = ORIENTED_EDGE ( 'NONE', *, *, #1692, .T. ) ;
#2986 = CARTESIAN_POINT ( 'NONE',  ( 177.7185999394887119, 19.22339652012872335, -250.0011257089727508 ) ) ;
#2987 = CARTESIAN_POINT ( 'NONE',  ( 176.0477658872400468, 19.22219652012900681, -248.9030968977439500 ) ) ;
#2988 = CARTESIAN_POINT ( 'NONE',  ( 164.3401965585921403, 17.92590094803266609, -232.5869844195936480 ) ) ;
#2989 = DIRECTION ( 'NONE',  ( 0.000000000000000000, 1.000000000000000000, 0.000000000000000000 ) ) ;
#2990 = CARTESIAN_POINT ( 'NONE',  ( 171.0895301188141389, 19.22219652012901037, -234.5156669572452302 ) ) ;
#2991 = CARTESIAN_POINT ( 'NONE',  ( 162.6003439323529562, 19.22219652012901037, -239.6742112090641967 ) ) ;
#2992 = CARTESIAN_POINT ( 'NONE',  ( 174.2675745433578527, 19.22219652012901392, -236.5661377344861762 ) ) ;
#2993 = CARTESIAN_POINT ( 'NONE',  ( 177.3264161633846356, 19.22219652012901392, -242.0604934123406622 ) ) ;
#2994 = CARTESIAN_POINT ( 'NONE',  ( 174.3165716935376395, 19.22219652012901747, -251.5898479986188363 ) ) ;
#2995 = CARTESIAN_POINT ( 'NONE',  ( 175.9622118900398107, 18.72219652012902102, -248.1011826763035231 ) ) ;
#2996 = CARTESIAN_POINT ( 'NONE',  ( 167.8370012032528962, 18.72219652012902458, -253.2142197041178520 ) ) ;
#2997 = CARTESIAN_POINT ( 'NONE',  ( 177.4964817120616090, 19.22219652012901392, -250.3448970537378671 ) ) ;
#2998 = CARTESIAN_POINT ( 'NONE',  ( 165.6290916915842217, 19.22219652012901747, -235.1015366496143884 ) ) ;
#2999 = CARTESIAN_POINT ( 'NONE',  ( 165.0156022833002112, 19.22219652012901392, -252.2926524800924710 ) ) ;
#3000 = CARTESIAN_POINT ( 'NONE',  ( 164.3754597255459373, 15.52219652012900930, -237.8390782278288498 ) ) ;
#3001 = VERTEX_POINT ( 'NONE', #2056 ) ;
#3002 = CARTESIAN_POINT ( 'NONE',  ( 158.9710517192793873, 18.87879987558835637, -236.1482203422602026 ) ) ;
#3003 = CARTESIAN_POINT ( 'NONE',  ( 162.4024307216220961, 19.22219652012900681, -248.2291707204468878 ) ) ;
#3004 = CARTESIAN_POINT ( 'NONE',  ( 178.7646964345123308, 16.82099652012901103, -237.2941073748550309 ) ) ;
#3005 = ORIENTED_EDGE ( 'NONE', *, *, #4089, .T. ) ;
#3006 = CARTESIAN_POINT ( 'NONE',  ( 177.5705209794867585, 19.22219652012901037, -244.6963552966222437 ) ) ;
#3007 = CARTESIAN_POINT ( 'NONE',  ( 167.8093870362357620, 17.80651917291747921, -231.6983255583712378 ) ) ;
#3008 = ADVANCED_FACE ( 'NONE', ( #2492 ), #2816, .F. ) ;
#3009 = CARTESIAN_POINT ( 'NONE',  ( 162.5058004685114952, 19.22219652012901392, -236.1238031881867130 ) ) ;
#3010 = CARTESIAN_POINT ( 'NONE',  ( 161.6878683722542576, 19.22219652012900326, -241.5817825482703256 ) ) ;
#3011 = CARTESIAN_POINT ( 'NONE',  ( 173.9547613995636652, 19.22219652012900326, -236.0891503403205434 ) ) ;
#3012 = CARTESIAN_POINT ( 'NONE',  ( 175.6980989276600837, 19.22219652012900326, -238.7881012150439517 ) ) ;
#3013 = CARTESIAN_POINT ( 'NONE',  ( 176.4571064326801775, 19.22219652012900681, -248.2460172647120373 ) ) ;
#3014 = CARTESIAN_POINT ( 'NONE',  ( 175.5113195638342063, 18.72219652012903168, -248.8110880009490700 ) ) ;
#3015 = CIRCLE ( 'NONE', #3249, 2.844281581315999397 ) ;
#3016 = CARTESIAN_POINT ( 'NONE',  ( 168.1067106825794326, 18.72219652012902102, -253.2087942788281509 ) ) ;
#3017 = VECTOR ( 'NONE', #1918, 1000.000000000000000 ) ;
#3018 = CARTESIAN_POINT ( 'NONE',  ( 175.3107466898710243, 19.22219652012901392, -253.7080017862830630 ) ) ;
#3019 = CARTESIAN_POINT ( 'NONE',  ( 165.1745035782051616, 19.22219652012900681, -235.7036561994612214 ) ) ;
#3020 = CARTESIAN_POINT ( 'NONE',  ( 165.5907687584120538, 19.22219652012901037, -253.0873439500871882 ) ) ;
#3021 = CARTESIAN_POINT ( 'NONE',  ( 152.5314824459744898, 19.22219652012901037, -253.7154672618047186 ) ) ;
#3022 = ORIENTED_EDGE ( 'NONE', *, *, #4383, .F. ) ;
#3023 = FACE_OUTER_BOUND ( 'NONE', #787, .T. ) ;
#3024 = CYLINDRICAL_SURFACE ( 'NONE', #1640, 15.85000000000002984 ) ;
#3025 = CARTESIAN_POINT ( 'NONE',  ( 161.3158863440411608, 19.22219652012901037, -244.9008866650712548 ) ) ;
#3026 = CARTESIAN_POINT ( 'NONE',  ( 176.1633445423517230, 16.82099652012901103, -233.3310019698650137 ) ) ;
#3027 = ORIENTED_EDGE ( 'NONE', *, *, #4597, .F. ) ;
#3028 = CARTESIAN_POINT ( 'NONE',  ( 173.6287822132588872, 19.22219652012901747, -252.6236875391582544 ) ) ;
#3029 = CARTESIAN_POINT ( 'NONE',  ( 167.8068184791532929, 18.22359176204373199, -231.9391225299748953 ) ) ;
#3030 = CARTESIAN_POINT ( 'NONE',  ( 179.2640880264435168, 19.22219652013013658, -241.5493255382832558 ) ) ;
#3031 = VECTOR ( 'NONE', #2909, 1000.000000000000000 ) ;
#3032 = CARTESIAN_POINT ( 'NONE',  ( 164.2001918673485648, 19.22219652012901392, -233.6990549223358755 ) ) ;
#3033 = EDGE_CURVE ( 'NONE', #4101, #2258, #1086, .T. ) ;
#3034 = CARTESIAN_POINT ( 'NONE',  ( 165.2432736893507865, 19.22219652012899616, -235.6036793022892084 ) ) ;
#3035 = CARTESIAN_POINT ( 'NONE',  ( 172.5996729840145747, 19.22219652012901037, -234.6545299813945462 ) ) ;
#3036 = CARTESIAN_POINT ( 'NONE',  ( 173.0588237682914041, 18.72219652012902102, -235.6690446376249213 ) ) ;
#3037 = CARTESIAN_POINT ( 'NONE',  ( 177.5705763716408967, 19.22219652012900681, -243.5356218318152912 ) ) ;
#3038 = B_SPLINE_CURVE_WITH_KNOTS ( 'NONE', 3,
 ( #799, #2295, #4486, #439, #1938, #1102, #4558, #4187, #3821, #1475, #2231, #372, #3458, #1962, #4584, #1224, #97, #2348, #1593, #3092, #2723, #4213, #853, #468, #2140, #2562, #3221, #2857, #4368, #2510, #2956, #4006, #1826, #2884, #4738, #2116, #4715, #230, #2189, #1361, #3297, #3610 ),
 .UNSPECIFIED., .F., .F.,
 ( 4, 2, 2, 2, 2, 2, 2, 2, 2, 2, 2, 2, 2, 2, 2, 2, 2, 2, 2, 2, 4 ),
 ( 0.000000000000000000, 0.06250000000000000000, 0.1250000000000000000, 0.1875000000000000000, 0.2187500000000000000, 0.2500000000000000000, 0.3750000000000000000, 0.5000000000000000000, 0.5625000000000000000, 0.5937500000000000000, 0.6250000000000000000, 0.6562500000000000000, 0.6875000000000000000, 0.7187500000000000000, 0.7500000000000000000, 0.8125000000000000000, 0.8437500000000000000, 0.8750000000000000000, 0.9375000000000000000, 0.9687500000000000000, 1.000000000000000000 ),
 .UNSPECIFIED. ) ;
#3039 = CARTESIAN_POINT ( 'NONE',  ( 176.8870867143328667, 19.22219652012901392, -247.4068110494515622 ) ) ;
#3040 = CARTESIAN_POINT ( 'NONE',  ( 176.7459200668766357, 18.72219652012903524, -246.3726867944513401 ) ) ;
#3041 = CARTESIAN_POINT ( 'NONE',  ( 167.6930133142773798, 18.72219652012902102, -253.2172208547810897 ) ) ;
#3042 = CARTESIAN_POINT ( 'NONE',  ( 179.5866064871075594, 19.22219652019346725, -244.1155672617986454 ) ) ;
#3043 = CARTESIAN_POINT ( 'NONE',  ( 164.6805789199810874, 19.22219652012902102, -236.4457105543652915 ) ) ;
#3044 = DIRECTION ( 'NONE',  ( -0.000000000000000000, -1.000000000000000000, 0.000000000000000000 ) ) ;
#3045 = VECTOR ( 'NONE', #1369, 1000.000000000000000 ) ;
#3046 = LINE ( 'NONE', #1176, #279 ) ;
#3047 = ORIENTED_EDGE ( 'NONE', *, *, #3930, .T. ) ;
#3048 = CARTESIAN_POINT ( 'NONE',  ( 162.8656082272997594, 18.72219652012902813, -240.2003271733398719 ) ) ;
#3049 = CARTESIAN_POINT ( 'NONE',  ( 167.7783600198973204, 19.05552980601050805, -253.5488005476861986 ) ) ;
#3050 = CARTESIAN_POINT ( 'NONE',  ( 161.3396314770893412, 19.22219652012901392, -245.1523634183275249 ) ) ;
#3051 = CARTESIAN_POINT ( 'NONE',  ( 177.3680675513914480, 16.82099652012901103, -235.1198082207213815 ) ) ;
#3052 = PLANE ( 'NONE',  #1298 ) ;
#3053 = ORIENTED_EDGE ( 'NONE', *, *, #4444, .T. ) ;
#3054 = CARTESIAN_POINT ( 'NONE',  ( 171.4630796865995706, 19.22219652012901392, -253.7236542500940857 ) ) ;
#3055 = CARTESIAN_POINT ( 'NONE',  ( 159.5884893527829149, 15.52219652012900930, -232.0800775616318390 ) ) ;
#3056 = CARTESIAN_POINT ( 'NONE',  ( 175.7594999386005838, 19.22219652012901037, -235.1930539427674773 ) ) ;
#3057 = CARTESIAN_POINT ( 'NONE',  ( 171.0928892620824513, 18.88886314084601992, -234.8490006348777399 ) ) ;
#3058 = CARTESIAN_POINT ( 'NONE',  ( 162.3392889738746590, 19.22219652012899971, -240.1128993704126628 ) ) ;
#3059 = CARTESIAN_POINT ( 'NONE',  ( 171.8727680561444515, 19.22219652012901037, -234.5123277322574324 ) ) ;
#3060 = CARTESIAN_POINT ( 'NONE',  ( 171.0961687338454169, 18.72219652012903168, -235.0156356029810354 ) ) ;
#3061 = CARTESIAN_POINT ( 'NONE',  ( 173.3290907747619087, 19.22219652012900326, -235.2025650593072896 ) ) ;
#3062 = VECTOR ( 'NONE', #2082, 1000.000000000000000 ) ;
#3063 = DIRECTION ( 'NONE',  ( 0.000000000000000000, 1.000000000000000000, 0.000000000000000000 ) ) ;
#3064 = EDGE_CURVE ( 'NONE', #3698, #1486, #3971, .T. ) ;
#3065 = CARTESIAN_POINT ( 'NONE',  ( 173.4547806255279454, 18.72219652012903168, -251.9902390884884937 ) ) ;
#3066 = CARTESIAN_POINT ( 'NONE',  ( 166.2264456443269296, 18.72219652012902102, -252.9909173737646597 ) ) ;
#3067 = CARTESIAN_POINT ( 'NONE',  ( 174.8725737805722815, 19.22219652012901392, -254.3011654636038656 ) ) ;
#3068 = ADVANCED_FACE ( 'NONE', ( #2077 ), #4065, .T. ) ;
#3069 = EDGE_CURVE ( 'NONE', #3985, #1837, #2223, .T. ) ;
#3070 = CARTESIAN_POINT ( 'NONE',  ( 163.6468639377748673, 19.22219652012901392, -238.0486394619741191 ) ) ;
#3071 = CARTESIAN_POINT ( 'NONE',  ( 167.3439815417192165, 19.22219652012900681, -253.7242774391602040 ) ) ;
#3072 = EDGE_CURVE ( 'NONE', #4011, #3584, #2421, .T. ) ;
#3073 = PLANE ( 'NONE',  #307 ) ;
#3074 = ORIENTED_EDGE ( 'NONE', *, *, #3869, .T. ) ;
#3075 = CARTESIAN_POINT ( 'NONE',  ( 178.9602669379058568, 19.22339652012901468, -247.6298200936380454 ) ) ;
#3076 = CARTESIAN_POINT ( 'NONE',  ( 164.9204179352403230, 18.72219652012902458, -236.9931431251707181 ) ) ;
#3077 = CARTESIAN_POINT ( 'NONE',  ( 179.2810755391661246, 15.52219652012900930, -256.1510569619776447 ) ) ;
#3078 = DIRECTION ( 'NONE',  ( -1.000000000000000000, 0.000000000000000000, -8.361120501153439065E-16 ) ) ;
#3079 = CARTESIAN_POINT ( 'NONE',  ( 179.8336050346309207, 16.82099652012901103, -239.1172469041816271 ) ) ;
#3080 = PLANE ( 'NONE',  #43 ) ;
#3081 = VERTEX_POINT ( 'NONE', #4677 ) ;
#3082 = CARTESIAN_POINT ( 'NONE',  ( 171.0951328923216010, 19.22219652012901037, -253.7155800657814950 ) ) ;
#3083 = CARTESIAN_POINT ( 'NONE',  ( 177.0864824478727257, 15.52219652012901108, -244.1155672618047277 ) ) ;
#3084 = CARTESIAN_POINT ( 'NONE',  ( 175.6706089734336445, 19.22219652012901392, -235.0579711415914517 ) ) ;
#3085 = DIRECTION ( 'NONE',  ( 0.000000000000000000, -1.000000000000000000, 0.000000000000000000 ) ) ;
#3086 = CARTESIAN_POINT ( 'NONE',  ( 167.8946528646347645, 19.22219652012901037, -234.5179733720631248 ) ) ;
#3087 = CARTESIAN_POINT ( 'NONE',  ( 172.1749502095691184, 19.22219652012901747, -234.5416502258807725 ) ) ;
#3088 = CARTESIAN_POINT ( 'NONE',  ( 170.9360110089793636, 18.72219652012902458, -235.0188570488519133 ) ) ;
#3089 = CARTESIAN_POINT ( 'NONE',  ( 171.1217425955713622, 19.22219652012902458, -234.5149998101292397 ) ) ;
#3090 = CARTESIAN_POINT ( 'NONE',  ( 172.0853077816821326, 17.94836149847109041, -256.4511859831266065 ) ) ;
#3091 = CARTESIAN_POINT ( 'NONE',  ( 172.5031854275610215, 18.72219652012903524, -253.0727167473487214 ) ) ;
#3092 = CARTESIAN_POINT ( 'NONE',  ( 163.7376431253702265, 19.22219652012901392, -253.9631420040066700 ) ) ;
#3093 = CARTESIAN_POINT ( 'NONE',  ( 172.6851823927372607, 19.22219652012901392, -255.6297292622170971 ) ) ;
#3094 = CARTESIAN_POINT ( 'NONE',  ( 163.5639669786923491, 19.22219652012901392, -238.1778033478945815 ) ) ;
#3095 = CARTESIAN_POINT ( 'NONE',  ( 171.1688610430037443, 19.22219652012901037, -253.7171769528008269 ) ) ;
#3096 = DIRECTION ( 'NONE',  ( 0.000000000000000000, 0.000000000000000000, -1.000000000000000000 ) ) ;
#3097 = ORIENTED_EDGE ( 'NONE', *, *, #3571, .F. ) ;
#3098 = CARTESIAN_POINT ( 'NONE',  ( 175.3101762470816141, 19.22339652012901468, -253.7076085903468083 ) ) ;
#3100 = ADVANCED_FACE ( 'NONE', ( #3964 ), #1318, .T. ) ;
#3099 = CARTESIAN_POINT ( 'NONE',  ( 162.2426696633641825, 18.72219652012903524, -241.5088697844281000 ) ) ;
#3101 = CARTESIAN_POINT ( 'NONE',  ( 169.4347824459745198, 15.82219652012900646, -244.1155672618047277 ) ) ;
#3102 = CARTESIAN_POINT ( 'NONE',  ( 162.9109579031861301, 19.22219652012900681, -249.0403684985266466 ) ) ;
#3103 = CIRCLE ( 'NONE', #973, 15.85000000000000320 ) ;
#3104 = CARTESIAN_POINT ( 'NONE',  ( 165.3961737451530212, 19.22339652012901112, -232.8515645606541966 ) ) ;
#3105 = CARTESIAN_POINT ( 'NONE',  ( 171.8768699393279746, 18.72219652012902813, -234.9999309071112634 ) ) ;
#3106 = EDGE_LOOP ( 'NONE', ( #1210, #1777 ) ) ;
#3107 = CARTESIAN_POINT ( 'NONE',  ( 172.8498730937442645, 19.22219652012901037, -253.4523948243987377 ) ) ;
#3108 = CARTESIAN_POINT ( 'NONE',  ( 159.6850958819996151, 18.97219652012900326, -234.9411155843643826 ) ) ;
#3109 =( NAMED_UNIT ( * ) PLANE_ANGLE_UNIT ( ) SI_UNIT ( $, .RADIAN. ) );
#3110 = DIRECTION ( 'NONE',  ( 0.000000000000000000, -1.000000000000000000, 0.000000000000000000 ) ) ;
#3111 = CARTESIAN_POINT ( 'NONE',  ( 166.0267997754753537, 19.22219652012900326, -234.7745375587769558 ) ) ;
#3112 = CARTESIAN_POINT ( 'NONE',  ( 173.4795847359483787, 19.22219652012901037, -235.3972101242956967 ) ) ;
#3113 = CARTESIAN_POINT ( 'NONE',  ( 172.2326269228312583, 18.72219652012902813, -235.0620427694950081 ) ) ;
#3114 = CARTESIAN_POINT ( 'NONE',  ( 171.8157818163851118, 19.22219652012900326, -234.5093314110856113 ) ) ;
#3115 = CARTESIAN_POINT ( 'NONE',  ( 176.5990758883540082, 19.22219652012900681, -247.9944935514350561 ) ) ;
#3116 = CARTESIAN_POINT ( 'NONE',  ( 170.9346716564296003, 18.72219652012902458, -253.2122505263610321 ) ) ;
#3117 = CARTESIAN_POINT ( 'NONE',  ( 153.6028956280489695, 17.12110126182973957, -243.3490593756554858 ) ) ;
#3118 = CARTESIAN_POINT ( 'NONE',  ( 163.9277652584035536, 19.22219652012901392, -237.6109116224805859 ) ) ;
#3119 = CARTESIAN_POINT ( 'NONE',  ( 171.3771471977482008, 19.22219652012901037, -253.7219114629433250 ) ) ;
#3120 = CARTESIAN_POINT ( 'NONE',  ( 167.7766737068799046, 18.88886315058417864, -234.8490006251395812 ) ) ;
#3121 = ORIENTED_EDGE ( 'NONE', *, *, #95, .T. ) ;
#3122 = CARTESIAN_POINT ( 'NONE',  ( 179.5290573299106427, 19.22339652013127420, -245.4205884312252692 ) ) ;
#3123 = CARTESIAN_POINT ( 'NONE',  ( 176.7206133075971479, 19.22219652012901037, -240.4705716112331686 ) ) ;
#3124 = CARTESIAN_POINT ( 'NONE',  ( 167.7359996885364239, 19.22219652012902102, -253.7163915667482001 ) ) ;
#3125 = CARTESIAN_POINT ( 'NONE',  ( 165.9623595146088917, 16.02219652012900752, -235.4786361562487684 ) ) ;
#3126 = CIRCLE ( 'NONE', #1001, 13.35000000000000142 ) ;
#3127 = CARTESIAN_POINT ( 'NONE',  ( 165.5088325888971212, 19.22339652012901468, -232.8038265377298899 ) ) ;
#3128 = DIRECTION ( 'NONE',  ( 0.000000000000000000, 1.000000000000000000, 0.000000000000000000 ) ) ;
#3129 = VERTEX_POINT ( 'NONE', #899 ) ;
#3130 = CARTESIAN_POINT ( 'NONE',  ( 173.4624116652619534, 19.22219652012899971, -252.8572703162075186 ) ) ;
#3131 = EDGE_CURVE ( 'NONE', #2044, #2937, #2849, .T. ) ;
#3132 = ORIENTED_EDGE ( 'NONE', *, *, #3777, .T. ) ;
#3133 = CARTESIAN_POINT ( 'NONE',  ( 161.7830824459745145, 16.87219652012900895, -244.1155672618047277 ) ) ;
#3134 = CARTESIAN_POINT ( 'NONE',  ( 177.5865139228517933, 19.22219652012901037, -244.1155672618082804 ) ) ;
#3135 = PRODUCT_DEFINITION_FORMATION_WITH_SPECIFIED_SOURCE ( 'ANY', '', #1009, .NOT_KNOWN. ) ;
#3136 = DIRECTION ( 'NONE',  ( 0.000000000000000000, -1.000000000000000000, 0.000000000000000000 ) ) ;
#3137 = CARTESIAN_POINT ( 'NONE',  ( 167.7359996873916828, 19.22219652012902102, -234.5147429506567960 ) ) ;
#3138 = CARTESIAN_POINT ( 'NONE',  ( 171.0895301188141389, 19.22219652012901037, -234.5156669572452302 ) ) ;
#3139 = CARTESIAN_POINT ( 'NONE',  ( 172.7529429406589259, 19.22219652012901037, -234.7243245225620285 ) ) ;
#3140 = CARTESIAN_POINT ( 'NONE',  ( 177.0864824478727257, 19.22219652012901037, -244.1155672618047277 ) ) ;
#3141 = CARTESIAN_POINT ( 'NONE',  ( 177.5825460580329889, 19.22219652012900681, -243.7738362642873824 ) ) ;
#3142 = CARTESIAN_POINT ( 'NONE',  ( 153.6223015261762441, 17.49176077427356901, -243.0238192838294538 ) ) ;
#3143 = CARTESIAN_POINT ( 'NONE',  ( 163.7803205536546329, 19.22219652012901392, -237.8406502422195956 ) ) ;
#3144 = CARTESIAN_POINT ( 'NONE',  ( 167.2748688858351898, 19.22219652012902102, -253.7246609270347619 ) ) ;
#3145 = DIRECTION ( 'NONE',  ( 0.000000000000000000, 0.000000000000000000, 1.000000000000000000 ) ) ;
#3146 = ORIENTED_EDGE ( 'NONE', *, *, #1839, .T. ) ;
#3147 = CARTESIAN_POINT ( 'NONE',  ( 179.2544925206200901, 19.22339652012957956, -246.6998842516913157 ) ) ;
#3148 = DIRECTION ( 'NONE',  ( -1.000000000000000000, 0.000000000000000000, 0.000000000000000000 ) ) ;
#3149 = CARTESIAN_POINT ( 'NONE',  ( 167.7518652725308357, 19.22219652012901037, -253.7160493716729661 ) ) ;
#3150 = FACE_OUTER_BOUND ( 'NONE', #4053, .T. ) ;
#3151 = DIRECTION ( 'NONE',  ( 0.000000000000000000, 0.000000000000000000, -1.000000000000000000 ) ) ;
#3152 = CARTESIAN_POINT ( 'NONE',  ( 171.8768699393279746, 15.52219652012900930, -234.9999309071112634 ) ) ;
#3153 = ORIENTED_EDGE ( 'NONE', *, *, #2165, .F. ) ;
#3154 = CARTESIAN_POINT ( 'NONE',  ( 172.5087847538081860, 15.52219652012901108, -253.2866790042367882 ) ) ;
#3155 = CARTESIAN_POINT ( 'NONE',  ( 160.1279335916491675, 19.22219652012901037, -234.5445137982227664 ) ) ;
#3156 = LINE ( 'NONE', #2072, #123 ) ;
#3157 = CARTESIAN_POINT ( 'NONE',  ( 167.6781861943352681, 19.22339652012901468, -255.7173548933168092 ) ) ;
#3158 = ADVANCED_FACE ( 'NONE', ( #3991 ), #2104, .F. ) ;
#3159 = DIRECTION ( 'NONE',  ( 0.000000000000000000, 1.000000000000000000, 0.000000000000000000 ) ) ;
#3160 = CARTESIAN_POINT ( 'NONE',  ( 172.2067060160904930, 19.22219652012900681, -234.5468861167774719 ) ) ;
#3161 = CARTESIAN_POINT ( 'NONE',  ( 166.9926949515727586, 15.52219652012900930, -253.2312036102878778 ) ) ;
#3162 = CARTESIAN_POINT ( 'NONE',  ( 171.1327546346361714, 18.72219652012902458, -253.2162557557269338 ) ) ;
#3163 = CARTESIAN_POINT ( 'NONE',  ( 164.1523063995217910, 19.22219652012900681, -237.2614739278346860 ) ) ;
#3164 = CARTESIAN_POINT ( 'NONE',  ( 172.0043546026431329, 19.22219652012901037, -253.7097140484085287 ) ) ;
#3165 = LINE ( 'NONE', #3212, #3888 ) ;
#3166 = ORIENTED_EDGE ( 'NONE', *, *, #1845, .F. ) ;
#3167 = CARTESIAN_POINT ( 'NONE',  ( 180.9793171757506514, 16.82099652012901103, -244.8562445441064597 ) ) ;
#3168 = CARTESIAN_POINT ( 'NONE',  ( 177.0151354602820675, 19.22219652012901392, -241.1274576317263154 ) ) ;
#3169 = CARTESIAN_POINT ( 'NONE',  ( 167.7835960239312953, 19.22219652012902102, -253.7153949450323012 ) ) ;
#3170 = CARTESIAN_POINT ( 'NONE',  ( 177.5825513604706600, 19.22219652012901037, -244.4568418494220339 ) ) ;
#3171 = CARTESIAN_POINT ( 'NONE',  ( 161.9730501952589066, 19.22339652012901468, -236.9549135928214127 ) ) ;
#3172 = CARTESIAN_POINT ( 'NONE',  ( 162.8057214450626020, 19.22219652012900326, -248.8782519783150349 ) ) ;
#3173 = VERTEX_POINT ( 'NONE', #2868 ) ;
#3174 = AXIS2_PLACEMENT_3D ( 'NONE', #2333, #2413, #3151 ) ;
#3175 = DIRECTION ( 'NONE',  ( -0.000000000000000000, 1.000000000000000000, -0.000000000000000000 ) ) ;
#3176 = CARTESIAN_POINT ( 'NONE',  ( 171.4039289390179022, 19.22219652012843127, -232.5072406622301457 ) ) ;
#3177 = VECTOR ( 'NONE', #1949, 1000.000000000000000 ) ;
#3178 = CARTESIAN_POINT ( 'NONE',  ( 179.0216115403935078, 17.22219652012930879, -238.1255711885399080 ) ) ;
#3179 = CARTESIAN_POINT ( 'NONE',  ( 172.0853232005674442, 17.94835425844103938, -231.7799560250662125 ) ) ;
#3180 = CARTESIAN_POINT ( 'NONE',  ( 167.7994612808222996, 19.22219652012900326, -234.5160583171210646 ) ) ;
#3181 = CARTESIAN_POINT ( 'NONE',  ( 173.1760809213880918, 16.22219652012901037, -235.8325164539025423 ) ) ;
#3182 = CARTESIAN_POINT ( 'NONE',  ( 177.0850584168642570, 18.72219652012902458, -244.2381414227836274 ) ) ;
#3183 = CARTESIAN_POINT ( 'NONE',  ( 167.7749824459745298, 15.52219652012900930, -253.2154672618047186 ) ) ;
#3184 = CARTESIAN_POINT ( 'NONE',  ( 172.4576597092312511, 18.72219652012901392, -253.0940207415726775 ) ) ;
#3185 = CARTESIAN_POINT ( 'NONE',  ( 162.3769226422856775, 18.72219652012902102, -241.1696473843958017 ) ) ;
#3186 = VECTOR ( 'NONE', #4278, 1000.000000000000000 ) ;
#3187 = CARTESIAN_POINT ( 'NONE',  ( 161.9636178729496123, 19.22219652012901392, -240.8657796273565452 ) ) ;
#3188 = CARTESIAN_POINT ( 'NONE',  ( 173.6521953358701467, 19.22219652012901392, -252.5899193529915863 ) ) ;
#3189 = DIRECTION ( 'NONE',  ( 0.000000000000000000, 0.000000000000000000, 1.000000000000000000 ) ) ;
#3190 = CARTESIAN_POINT ( 'NONE',  ( 180.5943462790303045, 16.82099652012957947, -247.0592678033693801 ) ) ;
#3191 = CARTESIAN_POINT ( 'NONE',  ( 166.9429608102696818, 19.22219652012901392, -253.7162162816032946 ) ) ;
#3192 = FACE_OUTER_BOUND ( 'NONE', #2869, .T. ) ;
#3193 = CARTESIAN_POINT ( 'NONE',  ( 167.6782190075652181, 19.22339652012901468, -232.5137803152043148 ) ) ;
#3194 = CARTESIAN_POINT ( 'NONE',  ( 163.6165433554994593, 19.22219652012901037, -250.1352462389669995 ) ) ;
#3195 = ORIENTED_EDGE ( 'NONE', *, *, #2561, .F. ) ;
#3196 = CARTESIAN_POINT ( 'NONE',  ( 161.7811615395504816, 16.87219652012900895, -244.2809102156008976 ) ) ;
#3197 = LINE ( 'NONE', #506, #1621 ) ;
#3198 = CIRCLE ( 'NONE', #3981, 0.7499999992940376004 ) ;
#3199 = CARTESIAN_POINT ( 'NONE',  ( 172.9442125244385693, 18.72219652012901392, -235.5217839722707538 ) ) ;
#3200 = VERTEX_POINT ( 'NONE', #4353 ) ;
#3201 = CARTESIAN_POINT ( 'NONE',  ( 169.4347824459745198, 15.82219652012900646, -259.9655672618047788 ) ) ;
#3202 = CIRCLE ( 'NONE', #3673, 0.9000000000000119016 ) ;
#3203 = CARTESIAN_POINT ( 'NONE',  ( 160.0060450673612138, 19.22339652012901468, -247.8653087903461483 ) ) ;
#3204 = CARTESIAN_POINT ( 'NONE',  ( 172.8878327261215588, 16.22219652012901037, -235.4398480708285604 ) ) ;
#3205 = B_SPLINE_SURFACE_WITH_KNOTS ( 'NONE', 1, 3, ( 
 ( #3906, #2433, #4248, #1630, #549, #3468, #837, #1335, #109, #4296, #934, #2019, #2830, #2065, #3171, #3927, #2760, #183, #570, #2382, #2042, #3832, #3537, #3855, #2358, #4274, #4644, #159, #3556, #2807, #203, #1284, #1604, #3104, #3127, #3880, #4621, #478, #1677, #4667, #2785, #3516, #500, #1306, #3193, #4594 ),
 ( #2735, #4224, #1260, #886, #863, #1655, #913, #1994, #591, #4416, #2454, #4316, #1432, #2930, #4392, #3294, #1727, #3217, #3581, #954, #3950, #330, #1409, #1033, #1057, #2880, #3606, #2530, #2086, #225, #3316, #4711, #2557, #4051, #637, #4812, #691, #1800, #2186, #1382, #3658, #3683, #1004, #4027, #1454, #2162 ) ),
 .UNSPECIFIED., .F., .F., .F.,
 ( 2, 2 ),
 ( 4, 2, 2, 2, 2, 2, 2, 2, 2, 2, 2, 2, 2, 2, 2, 2, 2, 2, 2, 2, 2, 2, 4 ),
 ( 0.000000000000000000, 1.000000000000000000 ),
 ( 0.000000000000000000, 0.06250000000000000000, 0.09375000000000000000, 0.1250000000000000000, 0.1875000000000000000, 0.2187500000000000000, 0.2500000000000000000, 0.3750000000000000000, 0.5000000000000000000, 0.5625000000000000000, 0.5937500000000000000, 0.6250000000000000000, 0.6562500000000000000, 0.6875000000000000000, 0.7187500000000000000, 0.7500000000000000000, 0.7812500000000000000, 0.8125000000000000000, 0.8437500000000000000, 0.8750000000000000000, 0.9375000000000000000, 0.9687500000000000000, 1.000000000000000000 ),
 .UNSPECIFIED. ) ;
#3206 = CARTESIAN_POINT ( 'NONE',  ( 177.3543285315516300, 18.99002522162999895, -244.1155673163309814 ) ) ;
#3207 = CARTESIAN_POINT ( 'NONE',  ( 177.5866286983344651, 19.22219652012901037, -244.1269172245501125 ) ) ;
#3208 = CARTESIAN_POINT ( 'NONE',  ( 165.8638298294805224, 18.72219652012902813, -235.5981902517004585 ) ) ;
#3209 = CARTESIAN_POINT ( 'NONE',  ( 176.5885285379940797, 18.72219652012902102, -241.4089634706768379 ) ) ;
#3210 = EDGE_CURVE ( 'NONE', #2937, #2405, #3504, .T. ) ;
#3211 = CARTESIAN_POINT ( 'NONE',  ( 173.8835242687094080, 19.22219652012901392, -252.2490609802749475 ) ) ;
#3212 = CARTESIAN_POINT ( 'NONE',  ( 178.9618437490498764, 16.22219652012901037, -253.5339529300433128 ) ) ;
#3213 = CARTESIAN_POINT ( 'NONE',  ( 171.3940547985329204, 19.22339652012901468, -255.7229189945173289 ) ) ;
#3214 = CARTESIAN_POINT ( 'NONE',  ( 165.7774687751410170, 18.72219652012902102, -252.5166415643616062 ) ) ;
#3215 = ADVANCED_FACE ( 'NONE', ( #3306 ), #652, .F. ) ;
#3216 = CARTESIAN_POINT ( 'NONE',  ( 178.9618437490498764, 18.97219652012904589, -253.0339529300433128 ) ) ;
#3217 = CARTESIAN_POINT ( 'NONE',  ( 162.0204022922629576, 16.82099652012901103, -234.3265862191769884 ) ) ;
#3218 = CARTESIAN_POINT ( 'NONE',  ( 162.9256075660609042, 19.22219652012901392, -249.0629537893383088 ) ) ;
#3219 = ORIENTED_EDGE ( 'NONE', *, *, #4233, .F. ) ;
#3220 = ORIENTED_EDGE ( 'NONE', *, *, #4444, .F. ) ;
#3221 = CARTESIAN_POINT ( 'NONE',  ( 164.5615456051928334, 19.22219652012858404, -254.8673065133086766 ) ) ;
#3222 = CARTESIAN_POINT ( 'NONE',  ( 177.9923946053117731, 17.84810334927226805, -253.3047630116136304 ) ) ;
#3223 = CARTESIAN_POINT ( 'NONE',  ( 172.4025919583971813, 19.22219652012901037, -232.5509655044153590 ) ) ;
#3224 = CARTESIAN_POINT ( 'NONE',  ( 172.4024990824226791, 19.22339652012901112, -232.5516526066134304 ) ) ;
#3225 = CARTESIAN_POINT ( 'NONE',  ( 179.2915474335190993, 17.22219652012874747, -238.5849622750727121 ) ) ;
#3226 = CARTESIAN_POINT ( 'NONE',  ( 160.5630787855405401, 15.71893867630114805, -231.1056790143497324 ) ) ;
#3227 = ORIENTED_EDGE ( 'NONE', *, *, #4809, .F. ) ;
#3228 = CARTESIAN_POINT ( 'NONE',  ( 167.8299090628256351, 16.82099652012901103, -257.1014933767796151 ) ) ;
#3229 = PLANE ( 'NONE',  #1872 ) ;
#3230 = DIRECTION ( 'NONE',  ( 0.000000000000000000, 0.000000000000000000, 1.000000000000000000 ) ) ;
#3231 = CARTESIAN_POINT ( 'NONE',  ( 177.5866075918252704, 19.22219652012901747, -244.1246968442320053 ) ) ;
#3232 = CARTESIAN_POINT ( 'NONE',  ( 167.4409266213453691, 18.72219652012902813, -235.0082274917866698 ) ) ;
#3233 = CARTESIAN_POINT ( 'NONE',  ( 175.4338554527239751, 18.72219652012902458, -239.3004843594600004 ) ) ;
#3234 = CARTESIAN_POINT ( 'NONE',  ( 172.0502391280565746, 19.22219652012901392, -253.7052600960221866 ) ) ;
#3235 = CARTESIAN_POINT ( 'NONE',  ( 177.0426335037696219, 18.72219652012903168, -244.9928656055419083 ) ) ;
#3236 = CARTESIAN_POINT ( 'NONE',  ( 171.2314120286552566, 19.22339652012901468, -255.7181980197606492 ) ) ;
#3237 = CARTESIAN_POINT ( 'NONE',  ( 162.3769226497749401, 18.72219652012902458, -247.0614871569099762 ) ) ;
#3238 = CARTESIAN_POINT ( 'NONE',  ( 172.3648168528357871, 19.22219652012844548, -255.6849717018519925 ) ) ;
#3239 = CARTESIAN_POINT ( 'NONE',  ( 167.7307260019400985, 19.22219652012901037, -234.5146238708233284 ) ) ;
#3240 = CARTESIAN_POINT ( 'NONE',  ( 162.4074061236857744, 19.22219652012901747, -248.2373808330130487 ) ) ;
#3241 = VERTEX_POINT ( 'NONE', #2224 ) ;
#3242 = EDGE_CURVE ( 'NONE', #287, #3539, #1020, .T. ) ;
#3243 = ORIENTED_EDGE ( 'NONE', *, *, #462, .T. ) ;
#3244 = B_SPLINE_SURFACE_WITH_KNOTS ( 'NONE', 1, 3, ( 
 ( #3438, #1944, #3122, #3901, #3464, #3147, #2354, #909, #3075, #1575, #3851, #2729, #4615, #4193, #3801, #1255, #2038, #2328, #2986, #3533, #497, #1968, #4640, #3827, #2701, #474, #445, #1651, #3488, #105, #78, #1600, #3098, #1230, #4219, #2014, #859, #130, #1626, #4244, #882, #3875, #521, #3511, #1280, #4269, #2406, #1487, #4475, #1111, #2613, #567, #1771, #1724, #4313, #3213, #3236, #588 ),
 ( #1673, #3167, #2109, #2804, #4023, #3190, #3578, #951, #1746, #4290, #179, #659, #1303, #3628, #2503, #2527, #3947, #2083, #3999, #271, #222, #4361, #3603, #1405, #246, #4663, #3264, #2451, #1030, #4707, #3970, #4335, #2902, #2133, #4389, #610, #931, #2430, #4731, #634, #3924, #2062, #4684, #2159, #1353, #3553, #1329, #4756, #2876, #200, #1699, #2826, #2848, #975, #2473, #1379, #1000, #1796 ) ),
 .UNSPECIFIED., .F., .F., .F.,
 ( 2, 2 ),
 ( 4, 2, 2, 2, 2, 2, 2, 2, 2, 2, 2, 2, 2, 2, 2, 2, 2, 2, 2, 2, 2, 2, 2, 2, 2, 2, 2, 2, 4 ),
 ( 0.000000000000000000, 1.000000000000000000 ),
 ( 0.000000000000000000, 0.1250000000000000000, 0.1562500000000000000, 0.1875000000000000000, 0.2500000000000000000, 0.3125000000000000000, 0.3437500000000000000, 0.3750000000000000000, 0.3906250000000000000, 0.4062500000000000000, 0.4218750000000000000, 0.4375000000000000000, 0.5000000000000000000, 0.6250000000000000000, 0.6562500000000000000, 0.6718750000000000000, 0.6875000000000000000, 0.7187500000000000000, 0.7343750000000000000, 0.7500000000000000000, 0.7812500000000000000, 0.7968750000000000000, 0.8125000000000000000, 0.8750000000000000000, 0.8906250000000000000, 0.9062500000000000000, 0.9375000000000000000, 0.9687500000000000000, 1.000000000000000000 ),
 .UNSPECIFIED. ) ;
#3245 = CARTESIAN_POINT ( 'NONE',  ( 162.1057418554023286, 19.22219652012901392, -247.6724701060980749 ) ) ;
#3246 = CARTESIAN_POINT ( 'NONE',  ( 161.8807870808953169, 17.95684850253463694, -245.3655672618047845 ) ) ;
#3247 = CARTESIAN_POINT ( 'NONE',  ( 153.6341495472580618, 18.12219652012900539, -245.3655672618047561 ) ) ;
#3248 = CARTESIAN_POINT ( 'NONE',  ( 177.7771917393271508, 19.22339652012901468, -238.3203772723962004 ) ) ;
#3249 = AXIS2_PLACEMENT_3D ( 'NONE', #3125, #1701, #3949 ) ;
#3250 = EDGE_LOOP ( 'NONE', ( #2677, #1550, #1014, #1672 ) ) ;
#3251 = ADVANCED_FACE ( 'NONE', ( #1445 ), #290, .T. ) ;
#3252 = DIRECTION ( 'NONE',  ( 0.000000000000000000, 0.000000000000000000, 1.000000000000000000 ) ) ;
#3253 = ORIENTED_EDGE ( 'NONE', *, *, #894, .T. ) ;
#3254 = CARTESIAN_POINT ( 'NONE',  ( 161.3764596236549949, 19.22339652012901468, -250.3487774833143646 ) ) ;
#3255 = SURFACE_SIDE_STYLE ('',( #1762 ) ) ;
#3256 = VECTOR ( 'NONE', #2487, 1000.000000000000000 ) ;
#3257 = CARTESIAN_POINT ( 'NONE',  ( 160.6473818630738890, 17.84810334927234976, -235.1458607229269830 ) ) ;
#3258 = ORIENTED_EDGE ( 'NONE', *, *, #3483, .T. ) ;
#3259 = CARTESIAN_POINT ( 'NONE',  ( 166.4864258386918152, 18.72219652012901392, -235.1064727173628341 ) ) ;
#3260 = DIRECTION ( 'NONE',  ( 0.000000000000000000, 0.000000000000000000, -1.000000000000000000 ) ) ;
#3261 = CARTESIAN_POINT ( 'NONE',  ( 175.5120179748177804, 18.72219652012902458, -239.4211233505720884 ) ) ;
#3262 = CARTESIAN_POINT ( 'NONE',  ( 173.5330739051538842, 19.22219652012901392, -252.7600375505114130 ) ) ;
#3263 = CARTESIAN_POINT ( 'NONE',  ( 177.0820858337058326, 18.72219652012902458, -244.4646616058448103 ) ) ;
#3264 = CARTESIAN_POINT ( 'NONE',  ( 177.3357037782293162, 16.82099652012901103, -253.1618156982104324 ) ) ;
#3265 = CARTESIAN_POINT ( 'NONE',  ( 163.6779781514804881, 18.72219652012902102, -249.3059330450728623 ) ) ;
#3266 = CARTESIAN_POINT ( 'NONE',  ( 170.9066666143009741, 19.22219652012900681, -253.7117883334327075 ) ) ;
#3267 = CARTESIAN_POINT ( 'NONE',  ( 167.4852367193539351, 19.22219652012901392, -234.5091248007998672 ) ) ;
#3268 = CARTESIAN_POINT ( 'NONE',  ( 162.7285478676577384, 19.22219652012901037, -248.7586736335135242 ) ) ;
#3269 = ORIENTED_EDGE ( 'NONE', *, *, #3664, .F. ) ;
#3270 = CARTESIAN_POINT ( 'NONE',  ( 162.3089485288552112, 17.22219652012639202, -253.9210783068758701 ) ) ;
#3271 = CARTESIAN_POINT ( 'NONE',  ( 171.0895301197910499, 19.22219652012901037, -253.7154672618047186 ) ) ;
#3272 = CARTESIAN_POINT ( 'NONE',  ( 174.1009194356170156, 19.22339652012842848, -233.2054291561633477 ) ) ;
#3273 = CARTESIAN_POINT ( 'NONE',  ( 177.0865232136664531, 18.72219652012903524, -244.1120062824126649 ) ) ;
#3274 = ADVANCED_FACE ( 'NONE', ( #343 ), #2176, .F. ) ;
#3275 = EDGE_LOOP ( 'NONE', ( #4060, #3960, #3910, #3277 ) ) ;
#3276 = DIRECTION ( 'NONE',  ( 0.000000000000000000, 1.000000000000000000, -0.000000000000000000 ) ) ;
#3277 = ORIENTED_EDGE ( 'NONE', *, *, #2829, .F. ) ;
#3278 = CARTESIAN_POINT ( 'NONE',  ( 164.5619835314009549, 19.22339652012858124, -254.8667691634404662 ) ) ;
#3279 = FACE_OUTER_BOUND ( 'NONE', #4426, .T. ) ;
#3280 = ADVANCED_FACE ( 'NONE', ( #2917 ), #3989, .T. ) ;
#3281 = EDGE_CURVE ( 'NONE', #2258, #2114, #1910, .T. ) ;
#3282 = CIRCLE ( 'NONE', #2419, 0.9000000000000119016 ) ;
#3283 = MECHANICAL_DESIGN_GEOMETRIC_PRESENTATION_REPRESENTATION (  '', ( #3587 ), #2734 ) ;
#3284 = CARTESIAN_POINT ( 'NONE',  ( 166.9926949504847187, 15.52219652012900575, -234.9999309071115761 ) ) ;
#3285 = ORIENTED_EDGE ( 'NONE', *, *, #3420, .F. ) ;
#3286 = CARTESIAN_POINT ( 'NONE',  ( 166.8170219790466149, 18.72219652012902813, -235.0289900857400767 ) ) ;
#3287 = CARTESIAN_POINT ( 'NONE',  ( 174.9214545704950581, 19.22219652012901037, -237.5791678138872385 ) ) ;
#3288 = CARTESIAN_POINT ( 'NONE',  ( 176.7471180120855365, 18.72219652012902102, -241.8622425291555373 ) ) ;
#3289 = CARTESIAN_POINT ( 'NONE',  ( 174.4451383908043454, 19.22219652012901392, -251.3914265268654731 ) ) ;
#3290 = DIRECTION ( 'NONE',  ( 0.000000000000000000, 1.000000000000000000, 0.000000000000000000 ) ) ;
#3291 = CARTESIAN_POINT ( 'NONE',  ( 162.7713519601447274, 17.37773514638322681, -254.4478905092191781 ) ) ;
#3292 = CARTESIAN_POINT ( 'NONE',  ( 166.0650178473828191, 18.72219652012902102, -252.8601311405084289 ) ) ;
#3293 = CARTESIAN_POINT ( 'NONE',  ( 176.6858104093070949, 17.22219652012810087, -253.7310499361376515 ) ) ;
#3294 = CARTESIAN_POINT ( 'NONE',  ( 161.3396068757714374, 16.82099652012901103, -235.3741942415591666 ) ) ;
#3295 = CARTESIAN_POINT ( 'NONE',  ( 164.2403556960918820, 19.22219652012901392, -251.1063349321623264 ) ) ;
#3296 = VERTEX_POINT ( 'NONE', #4040 ) ;
#3297 = CARTESIAN_POINT ( 'NONE',  ( 167.6782036364618875, 19.22219652012901392, -255.7180474999309467 ) ) ;
#3298 = CARTESIAN_POINT ( 'NONE',  ( 169.4347824459745198, 18.72219652012902458, -244.1155672618047277 ) ) ;
#3299 = CARTESIAN_POINT ( 'NONE',  ( 170.6156319854119943, 18.72219652012902813, -235.0253017331879732 ) ) ;
#3300 = CARTESIAN_POINT ( 'NONE',  ( 170.9615528063910119, 19.22219652012900681, -234.5182421036012101 ) ) ;
#3301 = ORIENTED_EDGE ( 'NONE', *, *, #753, .F. ) ;
#3302 = CARTESIAN_POINT ( 'NONE',  ( 169.4347824459745198, 19.22219652012901037, -244.1155672618047277 ) ) ;
#3303 = ORIENTED_EDGE ( 'NONE', *, *, #3545, .T. ) ;
#3304 = CARTESIAN_POINT ( 'NONE',  ( 167.8093360961963754, 17.81477640190147937, -231.7030928717479128 ) ) ;
#3305 = FACE_OUTER_BOUND ( 'NONE', #4443, .T. ) ;
#3306 = FACE_OUTER_BOUND ( 'NONE', #2809, .T. ) ;
#3307 = EDGE_LOOP ( 'NONE', ( #3667, #3322, #2940, #551 ) ) ;
#3308 = EDGE_CURVE ( 'NONE', #3081, #4381, #3721, .T. ) ;
#3309 = CARTESIAN_POINT ( 'NONE',  ( 166.9213055540344897, 18.72219652012902813, -235.0178871994508256 ) ) ;
#3310 = CARTESIAN_POINT ( 'NONE',  ( 174.1600534417179631, 19.22219652012900681, -236.4014636537963270 ) ) ;
#3311 = CARTESIAN_POINT ( 'NONE',  ( 176.5126182697114814, 18.72219652012902102, -241.2190256768515439 ) ) ;
#3312 = CARTESIAN_POINT ( 'NONE',  ( 174.5729158735015574, 19.22219652012901392, -251.1936411031719842 ) ) ;
#3313 = CARTESIAN_POINT ( 'NONE',  ( 177.0852628696036959, 18.72219652012902458, -244.0105914697158767 ) ) ;
#3314 = CARTESIAN_POINT ( 'NONE',  ( 162.0076198920354216, 18.72219652012901747, -245.9661738991755726 ) ) ;
#3315 = CARTESIAN_POINT ( 'NONE',  ( 159.2540091358232246, 17.22219652012900681, -239.2108667234255108 ) ) ;
#3316 = CARTESIAN_POINT ( 'NONE',  ( 164.0922394503839712, 16.82099652012901103, -231.9890261592644549 ) ) ;
#3317 = CARTESIAN_POINT ( 'NONE',  ( 165.3949488217259614, 19.22219652012901037, -252.8405370102161385 ) ) ;
#3318 = ORIENTED_EDGE ( 'NONE', *, *, #816, .F. ) ;
#3319 = CARTESIAN_POINT ( 'NONE',  ( 178.9618437490498764, 18.97219652012904589, -252.5339529300433128 ) ) ;
#3320 = CARTESIAN_POINT ( 'NONE',  ( 152.5314824459745182, 15.52219652012900930, -235.0156672555947637 ) ) ;
#3321 = CARTESIAN_POINT ( 'NONE',  ( 175.1231881027908628, 19.22339652012901468, -234.2578843701454616 ) ) ;
#3322 = ORIENTED_EDGE ( 'NONE', *, *, #1986, .F. ) ;
#3323 = CARTESIAN_POINT ( 'NONE',  ( 169.3432216782537694, 16.52219652012900752, -253.2154672618047186 ) ) ;
#3324 = CARTESIAN_POINT ( 'NONE',  ( 177.5863900086131650, 19.22219652012901037, -244.1047118821980177 ) ) ;
#3325 = ORIENTED_EDGE ( 'NONE', *, *, #1902, .F. ) ;
#3326 = CARTESIAN_POINT ( 'NONE',  ( 166.5271800942217340, 17.98096040408622542, -231.8185995386106413 ) ) ;
#3327 = CARTESIAN_POINT ( 'NONE',  ( 169.4347824459745198, 18.72219652012902458, -228.2655672618047333 ) ) ;
#3328 = DIRECTION ( 'NONE',  ( 0.000000000000000000, 0.8660254037844380415, -0.5000000000000009992 ) ) ;
#3329 = ORIENTED_EDGE ( 'NONE', *, *, #4657, .T. ) ;
#3330 = CARTESIAN_POINT ( 'NONE',  ( 163.3266982301540224, 19.22219652012901037, -238.5471182521765741 ) ) ;
#3331 = CARTESIAN_POINT ( 'NONE',  ( 173.7320943640408757, 19.22219652012901037, -235.7579080962828186 ) ) ;
#3332 = CARTESIAN_POINT ( 'NONE',  ( 174.4194618382321949, 19.22219652012899971, -236.7999745641429286 ) ) ;
#3333 = CARTESIAN_POINT ( 'NONE',  ( 175.9505021529890598, 19.22219652012901037, -249.0528705960848015 ) ) ;
#3334 = EDGE_CURVE ( 'NONE', #277, #3296, #4297, .T. ) ;
#3335 = CARTESIAN_POINT ( 'NONE',  ( 177.0869413523093101, 18.72219652012901392, -244.2164673564298027 ) ) ;
#3336 = CARTESIAN_POINT ( 'NONE',  ( 167.4409266218602284, 18.72219652012903168, -253.2229070259389232 ) ) ;
#3337 = CARTESIAN_POINT ( 'NONE',  ( 180.7413445778320806, 17.22219652012900681, -244.1155673049763948 ) ) ;
#3338 = CARTESIAN_POINT ( 'NONE',  ( 164.6532124359789009, 19.22219652012901747, -236.4876163384394090 ) ) ;
#3339 = CARTESIAN_POINT ( 'NONE',  ( 166.0389202994242339, 19.22219652012901747, -253.4645072186978894 ) ) ;
#3340 = ORIENTED_EDGE ( 'NONE', *, *, #3664, .T. ) ;
#3341 = UNCERTAINTY_MEASURE_WITH_UNIT (LENGTH_MEASURE( 1.000000000000000082E-05 ), #2311, 'distance_accuracy_value', 'NONE');
#3342 = DIRECTION ( 'NONE',  ( 0.000000000000000000, 0.000000000000000000, 1.000000000000000000 ) ) ;
#3343 = LINE ( 'NONE', #2983, #3892 ) ;
#3344 = CARTESIAN_POINT ( 'NONE',  ( 171.3748686482161077, 16.82099652012842839, -231.1210162695078338 ) ) ;
#3345 = ORIENTED_EDGE ( 'NONE', *, *, #1331, .T. ) ;
#3346 = PLANE ( 'NONE',  #2867 ) ;
#3347 = CARTESIAN_POINT ( 'NONE',  ( 176.2027177082406126, 19.22219652012901392, -248.6623996689304761 ) ) ;
#3348 = FACE_OUTER_BOUND ( 'NONE', #237, .T. ) ;
#3349 = CARTESIAN_POINT ( 'NONE',  ( 161.7663960669892731, 18.72219652012903168, -245.5518554407119041 ) ) ;
#3350 = CARTESIAN_POINT ( 'NONE',  ( 159.8758363138577465, 18.89008105975551643, -248.0573142123132300 ) ) ;
#3351 = CARTESIAN_POINT ( 'NONE',  ( 162.3083085730840480, 19.22219652012900681, -240.1687187330553002 ) ) ;
#3352 = CARTESIAN_POINT ( 'NONE',  ( 176.0592848216047628, 19.22219652012901037, -239.3458472611430352 ) ) ;
#3353 = AXIS2_PLACEMENT_3D ( 'NONE', #3101, #1766, #1652 ) ;
#3354 = CARTESIAN_POINT ( 'NONE',  ( 177.5841467567584573, 19.22219652012901392, -243.8185026654548437 ) ) ;
#3355 = CARTESIAN_POINT ( 'NONE',  ( 175.9239618996609522, 19.22219652012900681, -249.0937714390284157 ) ) ;
#3356 = B_SPLINE_CURVE_WITH_KNOTS ( 'NONE', 3,
 ( #1510, #3007, #3304, #428, #36, #3029, #4254, #4277, #841, #2337 ),
 .UNSPECIFIED., .F., .F.,
 ( 4, 3, 3, 4 ),
 ( 0.0006651926121534053283, 0.0006937969006374083980, 0.001387593801258324780, 0.002309433754151736778 ),
 .UNSPECIFIED. ) ;
#3357 = CARTESIAN_POINT ( 'NONE',  ( 174.8509513880396469, 18.72219652012903524, -249.8358672535371454 ) ) ;
#3358 = AXIS2_PLACEMENT_3D ( 'NONE', #1370, #2425, #240 ) ;
#3359 = B_SPLINE_CURVE_WITH_KNOTS ( 'NONE', 3,
 ( #857, #4312, #3849, #4289, #3577, #1327, #2803, #1698, #128, #221, #1624, #3923, #1278, #1722, #4661, #930, #950, #2778, #2012, #566 ),
 .UNSPECIFIED., .F., .F.,
 ( 4, 2, 2, 2, 2, 2, 2, 2, 2, 4 ),
 ( 0.006369347066130203773, 0.006996630114875015960, 0.008496538904874678319, 0.009996447694874338943, 0.01037142489237425497, 0.01074640208987416926, 0.01149635648487400130, 0.01187133368237391559, 0.01224631087987383161, 0.01227235475318962099 ),
 .UNSPECIFIED. ) ;
#3360 = CARTESIAN_POINT ( 'NONE',  ( 167.6291415292864713, 18.72219652012902458, -253.2186839489751833 ) ) ;
#3361 = CARTESIAN_POINT ( 'NONE',  ( 174.5424916950409227, 19.22219652012901392, -254.6615822545053049 ) ) ;
#3362 = CARTESIAN_POINT ( 'NONE',  ( 165.7455225737244291, 19.22219652012901037, -234.9853232589628647 ) ) ;
#3363 = VECTOR ( 'NONE', #4203, 1000.000000000000000 ) ;
#3364 = CARTESIAN_POINT ( 'NONE',  ( 164.3537708690502086, 19.22219652012901392, -251.2822032528628711 ) ) ;
#3365 = FACE_OUTER_BOUND ( 'NONE', #2301, .T. ) ;
#3366 = VERTEX_POINT ( 'NONE', #706 ) ;
#3367 = EDGE_CURVE ( 'NONE', #2737, #2918, #4530, .T. ) ;
#3368 = CARTESIAN_POINT ( 'NONE',  ( 167.8432216782537409, 15.52219652012900930, -253.2154672618047186 ) ) ;
#3369 = DIRECTION ( 'NONE',  ( 0.000000000000000000, 0.000000000000000000, -1.000000000000000000 ) ) ;
#3370 = CARTESIAN_POINT ( 'NONE',  ( 176.2737727675656174, 16.82099652012901103, -233.4820917448017781 ) ) ;
#3371 = ORIENTED_EDGE ( 'NONE', *, *, #4293, .T. ) ;
#3372 = CARTESIAN_POINT ( 'NONE',  ( 177.5861578859835674, 19.22219652012900681, -244.0847261100890933 ) ) ;
#3373 = LINE ( 'NONE', #4478, #1489 ) ;
#3374 = CARTESIAN_POINT ( 'NONE',  ( 165.0681216307528132, 19.22219652012901392, -233.0164179942959777 ) ) ;
#3375 = CARTESIAN_POINT ( 'NONE',  ( 162.2177570579943904, 19.22219652012901037, -240.3375997244982045 ) ) ;
#3376 = CARTESIAN_POINT ( 'NONE',  ( 174.1649670078404597, 19.22219652012901037, -236.4089730954149786 ) ) ;
#3377 = CARTESIAN_POINT ( 'NONE',  ( 177.5869410261378221, 19.22219652012901747, -244.0133610370549491 ) ) ;
#3378 = CARTESIAN_POINT ( 'NONE',  ( 176.1094828518761517, 19.22219652012901037, -248.8076994582698092 ) ) ;
#3379 = CARTESIAN_POINT ( 'NONE',  ( 173.3366891814634982, 18.72219652012902458, -252.1656599208850764 ) ) ;
#3380 = CARTESIAN_POINT ( 'NONE',  ( 167.9321927841916420, 18.72219652012902102, -253.2123048481331864 ) ) ;
#3381 = B_SPLINE_CURVE_WITH_KNOTS ( 'NONE', 3,
 ( #3077, #4125, #4542, #2609 ),
 .UNSPECIFIED., .F., .F.,
 ( 4, 4 ),
 ( 0.000000000000000000, 0.0004806679382307888480 ),
 .UNSPECIFIED. ) ;
#3382 = CARTESIAN_POINT ( 'NONE',  ( 179.3348343460230581, 19.22219652012844193, -246.3821802359186677 ) ) ;
#3383 = CARTESIAN_POINT ( 'NONE',  ( 165.8983381452462993, 19.22219652012901392, -234.8598774778178324 ) ) ;
#3384 = CARTESIAN_POINT ( 'NONE',  ( 165.3579705985664532, 19.22219652012901037, -252.7897645941220048 ) ) ;
#3385 = LINE ( 'NONE', #1598, #2651 ) ;
#3386 = ORIENTED_EDGE ( 'NONE', *, *, #2742, .T. ) ;
#3387 = CARTESIAN_POINT ( 'NONE',  ( 165.3376145536937258, 18.72219652012902813, -236.3565809398295983 ) ) ;
#3388 = DIRECTION ( 'NONE',  ( 0.000000000000000000, 0.000000000000000000, 1.000000000000000000 ) ) ;
#3389 = FACE_OUTER_BOUND ( 'NONE', #4721, .T. ) ;
#3390 = CARTESIAN_POINT ( 'NONE',  ( 176.4026069000078678, 16.82099652012901103, -233.6647168333994102 ) ) ;
#3391 = EDGE_CURVE ( 'NONE', #699, #2284, #4131, .T. ) ;
#3392 = EDGE_LOOP ( 'NONE', ( #1064, #2834, #163, #4367, #2493 ) ) ;
#3393 = CARTESIAN_POINT ( 'NONE',  ( 173.9498489720706118, 19.22219652012900681, -252.1489113182505548 ) ) ;
#3394 = CARTESIAN_POINT ( 'NONE',  ( 171.0601266922769810, 17.79826191954236592, -231.6935582309123731 ) ) ;
#3395 = CARTESIAN_POINT ( 'NONE',  ( 177.7777736130468043, 19.22219652012901392, -238.3200012055361583 ) ) ;
#3396 = CARTESIAN_POINT ( 'NONE',  ( 164.4655706341875714, 19.22219652012901392, -233.4447893224486279 ) ) ;
#3397 = CARTESIAN_POINT ( 'NONE',  ( 165.0988285584371908, 19.22219652012900326, -235.8147316198907220 ) ) ;
#3398 = CARTESIAN_POINT ( 'NONE',  ( 173.3926381627725561, 19.22219652012901037, -235.2819926455626671 ) ) ;
#3399 = CARTESIAN_POINT ( 'NONE',  ( 176.5004912448751782, 19.22219652012900326, -240.0599926987030130 ) ) ;
#3400 = CARTESIAN_POINT ( 'NONE',  ( 177.0900956361972476, 19.22219652012901392, -246.9206196149641244 ) ) ;
#3401 = CARTESIAN_POINT ( 'NONE',  ( 174.2328581450776142, 18.72219652012903524, -250.7987670739580892 ) ) ;
#3402 = VECTOR ( 'NONE', #2432, 1000.000000000000000 ) ;
#3403 = CARTESIAN_POINT ( 'NONE',  ( 167.9163275207018557, 18.72219652012902458, -253.2126239907972547 ) ) ;
#3404 = CARTESIAN_POINT ( 'NONE',  ( 178.5790199614825156, 19.22219652012901392, -248.5225261194965185 ) ) ;
#3405 = CARTESIAN_POINT ( 'NONE',  ( 164.8812615672866855, 19.22219652012901037, -236.1400065581975127 ) ) ;
#3406 = CARTESIAN_POINT ( 'NONE',  ( 166.8909504143935294, 19.22219652012901747, -253.7119044350488650 ) ) ;
#3407 = CARTESIAN_POINT ( 'NONE',  ( 176.4763112806015215, 17.22219652012930879, -234.1846958417041833 ) ) ;
#3408 = ORIENTED_EDGE ( 'NONE', *, *, #2461, .T. ) ;
#3409 = CARTESIAN_POINT ( 'NONE',  ( 162.0546079705918601, 18.72219652012901747, -242.0898800444998642 ) ) ;
#3410 = CARTESIAN_POINT ( 'NONE',  ( 171.0672301992019300, 18.95633495404355173, -232.3621720091228724 ) ) ;
#3411 = CARTESIAN_POINT ( 'NONE',  ( 161.5732802534151631, 19.22219652012899971, -246.2766789702780272 ) ) ;
#3412 = CARTESIAN_POINT ( 'NONE',  ( 175.0885146402717112, 16.82099652012901103, -232.2096950759769527 ) ) ;
#3413 = CYLINDRICAL_SURFACE ( 'NONE', #3955, 0.7499999992940376004 ) ;
#3414 = VERTEX_POINT ( 'NONE', #1492 ) ;
#3415 = B_SPLINE_CURVE_WITH_KNOTS ( 'NONE', 3,
 ( #2961, #1202, #4106, #2756, #4565, #154, #4590, #1991, #805, #2378 ),
 .UNSPECIFIED., .F., .F.,
 ( 4, 3, 3, 4 ),
 ( 0.0006651926073639934057, 0.0006938998503959450601, 0.001387799700775371433, 0.002309433754265111799 ),
 .UNSPECIFIED. ) ;
#3416 = CARTESIAN_POINT ( 'NONE',  ( 171.8942030805755223, 19.22219652012900681, -253.7184114050332084 ) ) ;
#3417 = CARTESIAN_POINT ( 'NONE',  ( 173.4249941535469475, 15.52219652012901108, -252.0892492882506701 ) ) ;
#3418 = CARTESIAN_POINT ( 'NONE',  ( 176.5508822867774086, 19.22219652012901392, -236.4151878903431623 ) ) ;
#3419 = CIRCLE ( 'NONE', #448, 0.9000000000000119016 ) ;
#3420 = EDGE_CURVE ( 'NONE', #3644, #360, #2288, .T. ) ;
#3421 = CARTESIAN_POINT ( 'NONE',  ( 164.5593810999613424, 19.22219652012901392, -233.3655938473259823 ) ) ;
#3422 = CARTESIAN_POINT ( 'NONE',  ( 165.6753793127515166, 19.22219652012900326, -235.0528001984696971 ) ) ;
#3423 = EDGE_CURVE ( 'NONE', #1212, #3649, #2793, .T. ) ;
#3424 = CARTESIAN_POINT ( 'NONE',  ( 171.9819757011418346, 19.22219652012900681, -234.5192517626181541 ) ) ;
#3425 = EDGE_CURVE ( 'NONE', #4375, #4431, #4688, .T. ) ;
#3426 = EDGE_CURVE ( 'NONE', #1395, #1384, #2716, .T. ) ;
#3427 = CARTESIAN_POINT ( 'NONE',  ( 171.1324360643038176, 18.72219652012903524, -235.0148855042271521 ) ) ;
#3428 = CARTESIAN_POINT ( 'NONE',  ( 175.5816800020538153, 19.22219652012901037, -238.6074691247335409 ) ) ;
#3429 = CARTESIAN_POINT ( 'NONE',  ( 177.5920943029258581, 19.22219652012901392, -244.6304944095988390 ) ) ;
#3430 = CARTESIAN_POINT ( 'NONE',  ( 175.9970079727213204, 18.72219652012902813, -248.0427357916261712 ) ) ;
#3431 = CARTESIAN_POINT ( 'NONE',  ( 166.1346696536759850, 18.72219652012902102, -252.9219012815221959 ) ) ;
#3432 = CARTESIAN_POINT ( 'NONE',  ( 177.4520396114401990, 19.22219652012901392, -250.4136400294502209 ) ) ;
#3433 = CARTESIAN_POINT ( 'NONE',  ( 165.5924717957900327, 19.22219652012900681, -235.1418851506846863 ) ) ;
#3434 = B_SPLINE_SURFACE_WITH_KNOTS ( 'NONE', 1, 3, ( 
 ( #1663, #3157, #4650, #4577, #2174, #3939, #4698, #1345, #966, #2148, #1017, #4327, #2443, #2517, #2839, #3278, #2865, #262, #579, #650, #2073, #2541, #3987, #2123, #2817, #1419, #315, #4303, #624, #4014, #4037, #3254, #3670, #678, #1761, #212, #3565, #1712, #1315, #943, #4747, #3203 ),
 ( #3228, #3961, #1396, #2464, #4673, #1810, #601, #4772, #3645, #2097, #3592, #238, #288, #2915, #1738, #1787, #2891, #1044, #4377, #4722, #4403, #1368, #4351, #990, #3617, #2489, #4523, #407, #1159, #2243, #4061, #4427, #383, #768, #703, #2197, #1464, #2661, #3715, #1068, #2964, #2265 ) ),
 .UNSPECIFIED., .F., .F., .F.,
 ( 2, 2 ),
 ( 4, 2, 2, 2, 2, 2, 2, 2, 2, 2, 2, 2, 2, 2, 2, 2, 2, 2, 2, 2, 4 ),
 ( 0.000000000000000000, 1.000000000000000000 ),
 ( 0.000000000000000000, 0.03125000000000000000, 0.06250000000000000000, 0.1250000000000000000, 0.1562500000000000000, 0.1875000000000000000, 0.2500000000000000000, 0.2812500000000000000, 0.3125000000000000000, 0.3437500000000000000, 0.3750000000000000000, 0.4062500000000000000, 0.4375000000000000000, 0.5000000000000000000, 0.6250000000000000000, 0.7500000000000000000, 0.7812500000000000000, 0.8125000000000000000, 0.8750000000000000000, 0.9375000000000000000, 1.000000000000000000 ),
 .UNSPECIFIED. ) ;
#3435 = CARTESIAN_POINT ( 'NONE',  ( 166.8084422344911388, 19.22219652012901037, -253.7041800520050003 ) ) ;
#3436 = PLANE ( 'NONE',  #1139 ) ;
#3437 = VERTEX_POINT ( 'NONE', #116 ) ;
#3438 = CARTESIAN_POINT ( 'NONE',  ( 179.5859136920946924, 19.22339652012901468, -244.1155731794521273 ) ) ;
#3439 = AXIS2_PLACEMENT_3D ( 'NONE', #2397, #3596, #582 ) ;
#3440 = CARTESIAN_POINT ( 'NONE',  ( 163.1239207057413125, 18.72219652012903168, -239.7819971773835732 ) ) ;
#3441 = CARTESIAN_POINT ( 'NONE',  ( 171.0601266922769810, 17.79826191954236592, -231.6935582309123731 ) ) ;
#3442 = CARTESIAN_POINT ( 'NONE',  ( 163.3266982365551314, 19.22219652012900326, -249.6840162813474535 ) ) ;
#3443 = CARTESIAN_POINT ( 'NONE',  ( 178.9421029260941509, 16.82099652012901103, -237.5674914186180899 ) ) ;
#3444 = FACE_OUTER_BOUND ( 'NONE', #3883, .T. ) ;
#3445 = ORIENTED_EDGE ( 'NONE', *, *, #1845, .T. ) ;
#3446 = CARTESIAN_POINT ( 'NONE',  ( 171.1400050047485593, 19.22219652012899971, -253.7165315615844179 ) ) ;
#3447 = CARTESIAN_POINT ( 'NONE',  ( 160.0054022668429070, 17.22219652012900681, -239.2108667234255108 ) ) ;
#3448 = B_SPLINE_CURVE_WITH_KNOTS ( 'NONE', 3,
 ( #492, #540, #1668, #1985 ),
 .UNSPECIFIED., .F., .F.,
 ( 4, 4 ),
 ( 0.000000000000000000, 0.0008962627202993309148 ),
 .UNSPECIFIED. ) ;
#3449 = CARTESIAN_POINT ( 'NONE',  ( 166.0967762038334854, 19.22219652012901037, -232.6192299257397451 ) ) ;
#3450 = CARTESIAN_POINT ( 'NONE',  ( 177.1031688268579387, 15.52219652012900930, -245.5518554407119041 ) ) ;
#3451 = CARTESIAN_POINT ( 'NONE',  ( 173.2995985856321113, 19.22219652012901392, -235.1679014764835074 ) ) ;
#3452 = CARTESIAN_POINT ( 'NONE',  ( 171.1864896607527839, 18.72219652012901747, -235.0136896788337424 ) ) ;
#3453 = CARTESIAN_POINT ( 'NONE',  ( 171.6022992751071286, 19.22219652012901392, -234.5061855111925695 ) ) ;
#3454 = CIRCLE ( 'NONE', #1344, 0.5000000000000004441 ) ;
#3455 = EDGE_CURVE ( 'NONE', #2196, #1302, #849, .T. ) ;
#3456 = CARTESIAN_POINT ( 'NONE',  ( 176.4429285446485949, 17.22219652012900681, -254.0961091918929071 ) ) ;
#3457 = CARTESIAN_POINT ( 'NONE',  ( 171.0961821470242796, 18.72219652012902102, -253.2154991797446826 ) ) ;
#3458 = CARTESIAN_POINT ( 'NONE',  ( 161.9765058164452398, 19.22219652012901392, -251.2828960396841751 ) ) ;
#3459 = CARTESIAN_POINT ( 'NONE',  ( 178.1122784928543297, 19.22219652013014013, -249.3786543277798273 ) ) ;
#3460 = CARTESIAN_POINT ( 'NONE',  ( 164.2887467324735837, 19.22219652012901392, -237.0497456659838917 ) ) ;
#3461 = CARTESIAN_POINT ( 'NONE',  ( 167.5020298086955393, 19.22219652012901037, -253.7216799979848929 ) ) ;
#3462 = CARTESIAN_POINT ( 'NONE',  ( 178.7801903421543557, 18.52219652012901108, -257.3813810746526656 ) ) ;
#3463 = ORIENTED_EDGE ( 'NONE', *, *, #3841, .F. ) ;
#3464 = CARTESIAN_POINT ( 'NONE',  ( 179.3341595356570224, 19.22339652012843914, -246.3820228784083781 ) ) ;
#3465 = CARTESIAN_POINT ( 'NONE',  ( 163.2261744889266311, 18.72219652012902102, -239.6233971689341331 ) ) ;
#3466 = CYLINDRICAL_SURFACE ( 'NONE', #2894, 1.000000000000000888 ) ;
#3467 = CARTESIAN_POINT ( 'NONE',  ( 161.3759920080820223, 19.22219652012903168, -245.4031108973348694 ) ) ;
#3468 = CARTESIAN_POINT ( 'NONE',  ( 160.5300899148106453, 19.22339652012943745, -239.2524637647383940 ) ) ;
#3469 = CARTESIAN_POINT ( 'NONE',  ( 176.5612256007512713, 18.72219652012902813, -241.0253604480924139 ) ) ;
#3470 = VERTEX_POINT ( 'NONE', #749 ) ;
#3471 = CARTESIAN_POINT ( 'NONE',  ( 174.8080290357794127, 19.22219652012902458, -250.8286022103777384 ) ) ;
#3472 = ORIENTED_EDGE ( 'NONE', *, *, #1781, .T. ) ;
#3473 = LINE ( 'NONE', #3108, #2978 ) ;
#3474 = CARTESIAN_POINT ( 'NONE',  ( 176.2020999759682240, 19.22219652012901037, -235.8698409858005220 ) ) ;
#3475 = CARTESIAN_POINT ( 'NONE',  ( 163.5314824459745182, 18.12219652012900539, -242.8655672618047561 ) ) ;
#3476 = CARTESIAN_POINT ( 'NONE',  ( 167.6408047485654720, 19.22219652012900326, -234.5125865879476237 ) ) ;
#3477 = CARTESIAN_POINT ( 'NONE',  ( 173.4156600255008698, 19.22219652012901037, -235.3117657180635831 ) ) ;
#3478 = CARTESIAN_POINT ( 'NONE',  ( 172.6317546586840876, 18.72219652012903524, -235.2325075974135586 ) ) ;
#3479 = CARTESIAN_POINT ( 'NONE',  ( 174.1851276346248198, 19.22219652012899260, -236.4396013642755747 ) ) ;
#3480 = CARTESIAN_POINT ( 'NONE',  ( 177.0864824478727257, 18.72219652012901392, -244.1155672618047277 ) ) ;
#3481 = CARTESIAN_POINT ( 'NONE',  ( 171.0692910904619737, 18.72219652012902458, -253.2149588454508091 ) ) ;
#3482 = CARTESIAN_POINT ( 'NONE',  ( 153.6314834900543076, 17.79486854623298697, -245.3330234265632441 ) ) ;
#3483 = EDGE_CURVE ( 'NONE', #2284, #3614, #1138, .T. ) ;
#3484 = CARTESIAN_POINT ( 'NONE',  ( 163.7007875759332194, 19.22219652012901037, -237.9646030298213759 ) ) ;
#3485 = CARTESIAN_POINT ( 'NONE',  ( 167.4448419851328254, 19.22219652012901037, -253.7227791120987206 ) ) ;
#3486 = CARTESIAN_POINT ( 'NONE',  ( 167.7749824448864331, 18.72219652013330915, -235.0156672555947353 ) ) ;
#3487 = ORIENTED_EDGE ( 'NONE', *, *, #2829, .T. ) ;
#3488 = CARTESIAN_POINT ( 'NONE',  ( 175.6305400100458485, 19.22339652012901468, -253.2325100376230864 ) ) ;
#3489 = CARTESIAN_POINT ( 'NONE',  ( 177.5920784148330540, 19.22219652012901392, -243.6021013173559027 ) ) ;
#3490 = CARTESIAN_POINT ( 'NONE',  ( 165.6532752087470328, 19.22219652012901037, -253.1555714574500371 ) ) ;
#3491 = VECTOR ( 'NONE', #3615, 1000.000000000000000 ) ;
#3492 = CARTESIAN_POINT ( 'NONE',  ( 180.9728893823052545, 16.82099652012901103, -244.1274084857863897 ) ) ;
#3493 = CARTESIAN_POINT ( 'NONE',  ( 156.6222885435453236, 19.22219652012901037, -247.8655672618335188 ) ) ;
#3494 = ORIENTED_EDGE ( 'NONE', *, *, #3425, .T. ) ;
#3495 = CARTESIAN_POINT ( 'NONE',  ( 172.9101105482708931, 19.22219652012901747, -253.4141076197536790 ) ) ;
#3496 = ORIENTED_EDGE ( 'NONE', *, *, #3426, .T. ) ;
#3497 = PLANE ( 'NONE',  #4693 ) ;
#3498 = CARTESIAN_POINT ( 'NONE',  ( 179.8936197795080716, 18.69045282826910892, -244.1155672694138445 ) ) ;
#3499 = CARTESIAN_POINT ( 'NONE',  ( 169.4347824459745198, 19.22219652012901037, -244.1155672618047277 ) ) ;
#3500 = CARTESIAN_POINT ( 'NONE',  ( 166.4684719460520057, 19.22219652012901037, -234.5889596235994077 ) ) ;
#3501 = CARTESIAN_POINT ( 'NONE',  ( 173.0239913187577656, 19.22219652012902102, -234.8987313139987805 ) ) ;
#3502 = CONICAL_SURFACE ( 'NONE', #1468, 0.5999999999999894307, 0.7853981633974509435 ) ;
#3503 = CARTESIAN_POINT ( 'NONE',  ( 172.1002247889522039, 19.22219652012901037, -234.5306030228613565 ) ) ;
#3504 = LINE ( 'NONE', #3140, #3747 ) ;
#3505 = CARTESIAN_POINT ( 'NONE',  ( 172.7751238377238394, 18.72219652012903168, -252.8873445657237653 ) ) ;
#3506 = CARTESIAN_POINT ( 'NONE',  ( 153.6341495472580618, 17.95698242952950707, -242.8655672618047561 ) ) ;
#3507 = CARTESIAN_POINT ( 'NONE',  ( 163.0467123738308715, 19.22219652012901392, -238.9812504714451507 ) ) ;
#3508 = DIRECTION ( 'NONE',  ( 0.000000000000000000, 1.000000000000000000, 0.000000000000000000 ) ) ;
#3509 = CARTESIAN_POINT ( 'NONE',  ( 161.8807870808949758, 18.72219652012901747, -242.8655672618047561 ) ) ;
#3510 = ORIENTED_EDGE ( 'NONE', *, *, #1903, .T. ) ;
#3511 = CARTESIAN_POINT ( 'NONE',  ( 174.0327807830701090, 19.22339652012901468, -255.0691329823623903 ) ) ;
#3512 = CARTESIAN_POINT ( 'NONE',  ( 176.1282628615022361, 19.22219652012901037, -239.4525790746222924 ) ) ;
#3513 = CARTESIAN_POINT ( 'NONE',  ( 166.4684719481734874, 19.22219652012901037, -253.6421748979602739 ) ) ;
#3514 = DIRECTION ( 'NONE',  ( -7.354985625214431944E-16, -0.5000000000000009992, -0.8660254037844380415 ) ) ;
#3515 = CIRCLE ( 'NONE', #3820, 0.5000000000000004441 ) ;
#3516 = CARTESIAN_POINT ( 'NONE',  ( 167.1885394546424664, 19.22339652012858480, -232.5063987828781649 ) ) ;
#3517 = DIRECTION ( 'NONE',  ( 0.000000000000000000, -0.000000000000000000, -1.000000000000000000 ) ) ;
#3518 = ORIENTED_EDGE ( 'NONE', *, *, #872, .F. ) ;
#3519 = EDGE_CURVE ( 'NONE', #265, #1679, #1711, .T. ) ;
#3520 = DIRECTION ( 'NONE',  ( 0.000000000000000000, -1.000000000000000000, 0.000000000000000000 ) ) ;
#3521 = CARTESIAN_POINT ( 'NONE',  ( 174.1438111783319869, 15.52219652012900752, -237.2831523746729090 ) ) ;
#3522 = DIRECTION ( 'NONE',  ( 0.000000000000000000, 0.000000000000000000, 1.000000000000000000 ) ) ;
#3523 = CARTESIAN_POINT ( 'NONE',  ( 177.0864824478727257, 15.52219652012900930, -244.1155672618047277 ) ) ;
#3524 = PLANE ( 'NONE',  #2420 ) ;
#3525 = CARTESIAN_POINT ( 'NONE',  ( 172.0291185054462630, 19.22219652012900681, -234.5229676728263826 ) ) ;
#3526 = CARTESIAN_POINT ( 'NONE',  ( 177.5865139228517933, 19.22219652012901037, -244.1155672618082804 ) ) ;
#3527 = CARTESIAN_POINT ( 'NONE',  ( 172.0457367834077047, 18.72219652012902458, -253.2032233542960284 ) ) ;
#3528 = LINE ( 'NONE', #2349, #1922 ) ;
#3529 = CARTESIAN_POINT ( 'NONE',  ( 162.9871068326729642, 19.22219652012901037, -239.0733547405679644 ) ) ;
#3530 = CARTESIAN_POINT ( 'NONE',  ( 173.5004007582364238, 19.22219652012901747, -252.8051790742905212 ) ) ;
#3531 = DIRECTION ( 'NONE',  ( 0.000000000000000000, 1.000000000000000000, 0.000000000000000000 ) ) ;
#3532 = VERTEX_POINT ( 'NONE', #2095 ) ;
#3533 = CARTESIAN_POINT ( 'NONE',  ( 177.6294267841051351, 19.22339652012929534, -250.1384220264239389 ) ) ;
#3534 = CARTESIAN_POINT ( 'NONE',  ( 176.2312603565517577, 19.22219652012901037, -239.6139761310951997 ) ) ;
#3535 = CARTESIAN_POINT ( 'NONE',  ( 165.3539894190413406, 19.22219652012900681, -252.7842506051056830 ) ) ;
#3536 = CARTESIAN_POINT ( 'NONE',  ( 171.0688463860450099, 19.22219652012901037, -232.5156672558694595 ) ) ;
#3537 = CARTESIAN_POINT ( 'NONE',  ( 163.8069253151013811, 19.22339652012901468, -234.1734628815902397 ) ) ;
#3538 = CARTESIAN_POINT ( 'NONE',  ( 163.5004922171189605, 19.22219652012900326, -249.9544675124805337 ) ) ;
#3539 = VERTEX_POINT ( 'NONE', #2051 ) ;
#3540 = CARTESIAN_POINT ( 'NONE',  ( 159.6850958819996151, 19.22219652012901037, -235.4411155843643826 ) ) ;
#3541 = EDGE_CURVE ( 'NONE', #766, #3622, #2183, .T. ) ;
#3542 = CARTESIAN_POINT ( 'NONE',  ( 171.5732060576823699, 17.87417543124913166, -231.7243946409182058 ) ) ;
#3543 = CARTESIAN_POINT ( 'NONE',  ( 165.9720753783435612, 19.22219652012901747, -234.8087853737499131 ) ) ;
#3544 = CARTESIAN_POINT ( 'NONE',  ( 167.8432216782537409, 16.52219652012900752, -253.2154672618047186 ) ) ;
#3545 = EDGE_CURVE ( 'NONE', #1706, #3470, #2553, .T. ) ;
#3546 = CARTESIAN_POINT ( 'NONE',  ( 177.0838217583569190, 18.72219652012902813, -244.3445874046863651 ) ) ;
#3547 = DIRECTION ( 'NONE',  ( 0.000000000000000000, 0.000000000000000000, 1.000000000000000000 ) ) ;
#3548 = CARTESIAN_POINT ( 'NONE',  ( 172.1571365078886231, 18.72219652012902458, -253.1858251681893250 ) ) ;
#3549 = CARTESIAN_POINT ( 'NONE',  ( 163.4697126301852279, 18.72219652012901747, -239.2479243945336407 ) ) ;
#3550 = CARTESIAN_POINT ( 'NONE',  ( 162.5259198142836112, 19.22219652012901392, -239.7948319783752709 ) ) ;
#3551 = CARTESIAN_POINT ( 'NONE',  ( 173.4657622747052415, 19.22219652012901037, -252.8526213486425149 ) ) ;
#3552 = CARTESIAN_POINT ( 'NONE',  ( 167.7783600188071205, 19.05552980601114399, -234.6823339697126301 ) ) ;
#3553 = CARTESIAN_POINT ( 'NONE',  ( 174.2315391633985939, 16.82099652012901103, -256.5756508211410392 ) ) ;
#3554 = CARTESIAN_POINT ( 'NONE',  ( 165.8663240978157489, 19.22219652012900326, -253.3473746565238969 ) ) ;
#3555 = DIRECTION ( 'NONE',  ( 0.000000000000000000, 1.000000000000000000, 0.000000000000000000 ) ) ;
#3556 = CARTESIAN_POINT ( 'NONE',  ( 164.5598195059798456, 19.22339652012901468, -233.3661308099087535 ) ) ;
#3557 = CARTESIAN_POINT ( 'NONE',  ( 163.5605920397207740, 19.22219652012900681, -250.0480736675200717 ) ) ;
#3558 = ORIENTED_EDGE ( 'NONE', *, *, #3635, .T. ) ;
#3559 = EDGE_LOOP ( 'NONE', ( #2263, #553, #480, #1599 ) ) ;
#3560 =( NAMED_UNIT ( * ) SI_UNIT ( $, .STERADIAN. ) SOLID_ANGLE_UNIT ( ) );
#3561 = CARTESIAN_POINT ( 'NONE',  ( 177.1031688268579387, 15.52219652012900930, -242.6792790828976649 ) ) ;
#3562 = CARTESIAN_POINT ( 'NONE',  ( 172.8319792679915565, 18.72219652012903524, -235.3976728803032472 ) ) ;
#3563 = CARTESIAN_POINT ( 'NONE',  ( 177.1732540451195348, 17.22219652012930879, -235.2451260390413665 ) ) ;
#3564 = CARTESIAN_POINT ( 'NONE',  ( 176.0982718839453867, 17.37783166532220491, -233.7832176467359204 ) ) ;
#3565 = CARTESIAN_POINT ( 'NONE',  ( 160.7775797684975885, 19.22339652012986733, -249.4140240063506155 ) ) ;
#3566 = CARTESIAN_POINT ( 'NONE',  ( 159.6850958819996151, 16.22219652012901037, -234.9411155843643826 ) ) ;
#3567 = EDGE_CURVE ( 'NONE', #1608, #4004, #1005, .T. ) ;
#3568 = CARTESIAN_POINT ( 'NONE',  ( 178.9618437490498764, 16.22219652012901037, -253.0339529300433128 ) ) ;
#3569 = CARTESIAN_POINT ( 'NONE',  ( 177.3245232131216653, 19.22219652012898194, -246.1739547414733806 ) ) ;
#3570 = ADVANCED_FACE ( 'NONE', ( #1366 ), #2261, .F. ) ;
#3571 = EDGE_CURVE ( 'NONE', #1752, #1201, #1267, .T. ) ;
#3572 = CARTESIAN_POINT ( 'NONE',  ( 166.6930049004006094, 18.72219652012902458, -235.0497899981115779 ) ) ;
#3573 = ADVANCED_FACE ( 'NONE', ( #4720 ), #4231, .F. ) ;
#3574 = CARTESIAN_POINT ( 'NONE',  ( 176.4328774986031192, 18.72219652012902102, -241.0312328436551184 ) ) ;
#3575 = AXIS2_PLACEMENT_3D ( 'NONE', #2389, #1682, #141 ) ;
#3576 = CARTESIAN_POINT ( 'NONE',  ( 173.2376749223739409, 19.22219652012900681, -253.1326359064799476 ) ) ;
#3577 = CARTESIAN_POINT ( 'NONE',  ( 161.5344581457228230, 17.22219652012899616, -235.4994412469677059 ) ) ;
#3578 = CARTESIAN_POINT ( 'NONE',  ( 180.5447135443850470, 16.82099652012901103, -247.2383394071235045 ) ) ;
#3579 = CARTESIAN_POINT ( 'NONE',  ( 167.4504153851715387, 19.22219652012901037, -253.7228237748511219 ) ) ;
#3580 = CARTESIAN_POINT ( 'NONE',  ( 156.6222885435453236, 19.22219652012901037, -247.8655672618335188 ) ) ;
#3581 = CARTESIAN_POINT ( 'NONE',  ( 162.1603515681101442, 16.82099652012901103, -234.1146417223437481 ) ) ;
#3582 = CARTESIAN_POINT ( 'NONE',  ( 162.5462129501655113, 19.22219652012901392, -248.4697183301314283 ) ) ;
#3583 = VERTEX_POINT ( 'NONE', #168 ) ;
#3584 = VERTEX_POINT ( 'NONE', #3201 ) ;
#3585 = CARTESIAN_POINT ( 'NONE',  ( 169.4347824459745198, 19.22219652012901037, -244.1155672618047277 ) ) ;
#3586 = CARTESIAN_POINT ( 'NONE',  ( 180.2785325670111547, 18.02378621391592262, -244.1155672915041350 ) ) ;
#3587 = STYLED_ITEM ( 'NONE', ( #37 ), #2007 ) ;
#3588 = CARTESIAN_POINT ( 'NONE',  ( 171.9056213270911542, 19.22339652012901468, -232.5100768370722335 ) ) ;
#3589 = VERTEX_POINT ( 'NONE', #1314 ) ;
#3590 = CARTESIAN_POINT ( 'NONE',  ( 171.3170723429809641, 17.83198482108155503, -231.7075421219885811 ) ) ;
#3591 = ORIENTED_EDGE ( 'NONE', *, *, #1027, .F. ) ;
#3592 = CARTESIAN_POINT ( 'NONE',  ( 165.3030473815930463, 16.82099652012901103, -256.8292689580393358 ) ) ;
#3593 = CARTESIAN_POINT ( 'NONE',  ( 159.6850958819996151, 16.22219652012901037, -235.4411155843643826 ) ) ;
#3594 = B_SPLINE_SURFACE_WITH_KNOTS ( 'NONE', 1, 3, ( 
 ( #3025, #3050, #3467, #1130, #3734, #3831, #423, #3411, #4103, #2705, #1603, #2239, #4196, #379, #2680, #1972, #1207, #1181, #1579, #12, #1505, #1876, #2610, #3003, #108, #4543, #4172, #836, #4519, #403, #810, #4493, #1108, #3102, #4127, #2331, #477, #2282, #764, #2260, #3442, #3757, #1155, #1947, #1899, #2657, #2305, #4151, #785, #3778, #1923, #57, #1553, #3804, #952, #1700, #2452, #3535, #499, #862, #1675, #2063, #1993, #3490, #4271, #3948, #4246, #3904, #2758, #3554, #2431, #133, #1653, #201, #2733, #2357, #3877, #2017, #589, #3513, #1330, #2380, #884, #1628, #4223, #4593, #3191, #3854, #2805, #2084, #1282, #3579, #2782, #2827, #4291, #2040, #523, #3124, #3149, #1233, #3169, #3925, #4618, #911, #4685, #1257, #156, #4642, #4314, #2408, #547, #181, #4664, #1304, #932, #568 ),
 ( #223, #1725, #3681, #4414, #1773, #3314, #247, #3604, #4785, #714, #272, #4810, #4024, #2582, #4732, #3237, #660, #4390, #1430, #1002, #2474, #2928, #2210, #2504, #328, #1054, #1354, #3972, #3704, #1821, #2851, #4437, #2110, #1452, #300, #4000, #611, #976, #2134, #3265, #1747, #2950, #1031, #2160, #1077, #2554, #2877, #351, #635, #4362, #2903, #4757, #4072, #1407, #4048, #689, #2528, #1380, #3214, #3656, #4708, #4336, #2184, #3629, #1798, #3292, #1169, #3748, #3431, #776, #1569, #3066, #4831, #1545, #1147, #72, #2273, #826, #4, #1867, #1196, #757, #2671, #734, #2647, #394, #2624, #2322, #4118, #2975, #1122, #3336, #2253, #415, #3360, #4142, #3041, #4464, #3794, #1890, #1498, #1914, #4535, #1847, #2996, #2604, #3769, #3403, #3380, #2695, #24, #1519, #3016, #4096, #4511, #4163 ) ),
 .UNSPECIFIED., .F., .F., .F.,
 ( 2, 2 ),
 ( 4, 2, 2, 2, 2, 2, 2, 2, 2, 2, 2, 2, 2, 2, 2, 2, 2, 2, 2, 2, 2, 2, 2, 2, 2, 2, 2, 2, 2, 2, 2, 2, 2, 2, 2, 2, 2, 2, 2, 2, 2, 2, 2, 2, 2, 2, 2, 2, 2, 2, 2, 2, 2, 2, 2, 2, 2, 4 ),
 ( 0.000000000000000000, 1.000000000000000000 ),
 ( 0.02296700189149733159, 0.02372611115267777432, 0.02410566578326799395, 0.02429544309856310202, 0.02448522041385821357, 0.02467499772915332512, 0.02486477504444843667, 0.02524432967503865630, 0.02562388430562887592, 0.02600343893621909902, 0.02619321625151421057, 0.02638299356680932212, 0.02657277088210443367, 0.02676254819739954174, 0.02695232551269464982, 0.02714210282798976137, 0.02733188014328487292, 0.02752165745857998447, 0.02771143477387509602, 0.02790121208917020756, 0.02828076671976042719, 0.02903987598094086992, 0.02979898524212131264, 0.03055809450330175536, 0.03093764913389197846, 0.03131720376448220156, 0.03150698107977731310, 0.03169675839507242465, 0.03179164705271998043, 0.03188653571036753620, 0.03207631302566264081, 0.03226609034095774542, 0.03236097899860530119, 0.03245586765625285697, 0.03255075631390041274, 0.03264564497154796852, 0.03274053362919552429, 0.03283542228684308006, 0.03302519960213819161, 0.03321497691743330316, 0.03330986557508085893, 0.03340475423272841471, 0.03359453154802352626, 0.03378430886331863781, 0.03397408617861374935, 0.03416386349390886090, 0.03435364080920397245, 0.03444852946685152822, 0.03449597379567530264, 0.03454341812449908400, 0.03456714028891097468, 0.03459086245332286536, 0.03463830678214663977, 0.03468575111097041419, 0.03473319543979419555, 0.03482808409744175132, 0.03492297275508930710, 0.03511275007038441170 ),
 .UNSPECIFIED. ) ;
#3595 = AXIS2_PLACEMENT_3D ( 'NONE', #1264, #2685, #3886 ) ;
#3596 = DIRECTION ( 'NONE',  ( 0.000000000000000000, 1.000000000000000000, 0.000000000000000000 ) ) ;
#3597 = CARTESIAN_POINT ( 'NONE',  ( 176.3167047601286015, 19.22219652012901392, -248.4805561575888362 ) ) ;
#3598 = CARTESIAN_POINT ( 'NONE',  ( 166.0821570170027996, 18.72219652012903168, -235.3550008909528231 ) ) ;
#3599 = EDGE_CURVE ( 'NONE', #641, #1919, #3937, .T. ) ;
#3600 = CARTESIAN_POINT ( 'NONE',  ( 175.1612357957785946, 18.72219652012902813, -238.8780735798669355 ) ) ;
#3601 = CARTESIAN_POINT ( 'NONE',  ( 174.1215168622370868, 19.22219652012901392, -251.8885015701967518 ) ) ;
#3602 = CARTESIAN_POINT ( 'NONE',  ( 177.0716180644607221, 18.72219652012902458, -244.6629181825703085 ) ) ;
#3603 = CARTESIAN_POINT ( 'NONE',  ( 178.6165146709577130, 16.82099652012901103, -251.1659157411878027 ) ) ;
#3604 = CARTESIAN_POINT ( 'NONE',  ( 162.0546079747195733, 18.72219652012901392, -246.1412544938140741 ) ) ;
#3605 = CARTESIAN_POINT ( 'NONE',  ( 178.8710559531408535, 17.22219652012782021, -250.3453923489650208 ) ) ;
#3606 = CARTESIAN_POINT ( 'NONE',  ( 163.3107820738598548, 16.82099652012901103, -232.6251593358778962 ) ) ;
#3607 = CARTESIAN_POINT ( 'NONE',  ( 162.9849121429852801, 19.22219652012900326, -249.1544029669694567 ) ) ;
#3608 = EDGE_LOOP ( 'NONE', ( #994, #1680, #2480, #4243, #312, #3329, #2188, #4321 ) ) ;
#3609 = ORIENTED_EDGE ( 'NONE', *, *, #3930, .F. ) ;
#3610 = CARTESIAN_POINT ( 'NONE',  ( 167.8007185060000666, 19.22219652012901037, -255.7154672618047755 ) ) ;
#3611 = DIRECTION ( 'NONE',  ( 0.000000000000000000, 0.000000000000000000, -1.000000000000000000 ) ) ;
#3612 = LINE ( 'NONE', #4397, #2320 ) ;
#3613 = CARTESIAN_POINT ( 'NONE',  ( 175.1467778349705782, 19.22339652012901468, -234.2906395519414389 ) ) ;
#3614 = VERTEX_POINT ( 'NONE', #507 ) ;
#3615 = DIRECTION ( 'NONE',  ( 0.000000000000000000, 1.000000000000000000, 0.000000000000000000 ) ) ;
#3616 = EDGE_LOOP ( 'NONE', ( #744, #3674, #252, #4596 ) ) ;
#3617 = CARTESIAN_POINT ( 'NONE',  ( 162.3812421617871848, 16.82099652012986368, -254.4423985408763542 ) ) ;
#3618 = CARTESIAN_POINT ( 'NONE',  ( 152.5314824459744898, 19.22219652012901037, -245.8655672618047277 ) ) ;
#3619 = B_SPLINE_CURVE_WITH_KNOTS ( 'NONE', 3,
 ( #4270, #3489, #4752, #4592, #2356, #3853, #498, #1401, #1256, #3168, #1232, #1281, #883, #3123, #2898, #2757, #2732, #1627, #3830, #4245, #910, #4385, #2016, #2781, #546, #2330, #4357, #4222, #3534, #861, #1992, #2379, #522, #3876, #3512, #155, #180, #1674, #2872, #3995, #2128, #3352, #294, #2600, #4092, #20, #684, #2154, #4849, #1118, #1514, #1792, #3700, #4019, #2620, #4460, #1494, #2227, #4433, #4113, #2921, #1886, #709, #389, #3743, #730, #1817, #4408, #2946, #2522, #1098, #3719, #1049, #2576, #751, #2547, #655, #3651, #3287, #3676, #4803, #1448, #1863, #4043, #4779, #1425, #2248, #2969, #323, #2992, #1073, #4068, #367, #3376, #2179, #3310, #2206, #3011, #4482, #347, #1024, #1840, #3331, #4827, #1470, #2642, #1243, #144, #4136, #2746, #772, #1218, #509, #3112, #4578, #3477, #1909, #3398, #3765, #1142, #2269, #3451, #4234, #871, #411, #4207, #3815, #2368, #91, #3501, #2665, #118, #42, #1538, #3035, #4527, #1163, #2003, #1588, #2718, #3864, #847, #460, #1642, #3087, #4505, #4158, #794, #2290, #3424, #486, #3789, #1956, #3059, #433, #1933, #66, #1563, #4553, #1190, #2689, #4182, #821, #2316, #2343, #3840, #1980, #1614, #4604, #2076, #3891, #4258, #2423, #1316, #3915, #3138 ),
 .UNSPECIFIED., .F., .F.,
 ( 4, 2, 2, 1, 2, 2, 2, 2, 1, 1, 2, 2, 1, 1, 1, 2, 2, 1, 1, 2, 2, 1, 1, 1, 1, 2, 2, 1, 1, 1, 1, 2, 2, 1, 1, 2, 2, 1, 1, 1, 1, 1, 2, 2, 1, 1, 1, 2, 2, 1, 1, 1, 2, 2, 1, 1, 1, 1, 1, 2, 2, 1, 1, 1, 1, 1, 2, 2, 1, 1, 1, 1, 1, 2, 2, 1, 1, 1, 1, 2, 2, 1, 1, 2, 2, 1, 2, 2, 2, 2, 2, 2, 2, 2, 2, 1, 2, 2, 1, 2, 2, 1, 1, 2, 2, 1, 1, 2, 2, 1, 1, 1, 2, 2, 1, 1, 2, 2, 4 ),
 ( 0.000000000000000000, 0.1249999999960008379, 0.1874999999939979956, 0.2187499999929965466, 0.2343749999924958638, 0.2499999999919951532, 0.2812499999909937043, 0.3124999999899923386, 0.3281249999894901848, 0.3359374999892362212, 0.3398437499891104330, 0.3437499999889847002, 0.3593749999885016977, 0.3671874999882629997, 0.3710937499881447610, 0.3730468749880872514, 0.3749999999880297419, 0.3828124999877983159, 0.3867187499876843515, 0.3886718749876283407, 0.3906249999875723300, 0.3984374999873633860, 0.4023437499872598577, 0.4042968749872090650, 0.4052734374871836409, 0.4057617187371693190, 0.4062499999871550527, 0.4140624999873431800, 0.4179687499874362722, 0.4199218749874847889, 0.4208984374875090473, 0.4213867187375212042, 0.4218749999875333612, 0.4296874999877499102, 0.4335937499878563806, 0.4355468749879050083, 0.4374999999879536361, 0.4687499999886615143, 0.4843749999890143987, 0.4921874999891883151, 0.4960937499892711378, 0.4980468749893117164, 0.4990234374893304237, 0.4999999999893491864, 0.5156249999897237757, 0.5234374999899129577, 0.5273437499900116565, 0.5292968749900611725, 0.5312499999901105774, 0.5468749999904578551, 0.5546874999906343806, 0.5585937499907225323, 0.5605468749907656090, 0.5624999999908086856, 0.5937499999914961357, 0.6093749999918398608, 0.6171874999920117233, 0.6210937499921029836, 0.6230468749921487248, 0.6240234374921702631, 0.6249999999921919125, 0.6562499999929443106, 0.6718749999933187889, 0.6796874999935009765, 0.6835937499935890171, 0.6855468749936350914, 0.6865234374936527439, 0.6874999999936702855, 0.7187499999942211781, 0.7343749999944984008, 0.7421874999946370677, 0.7460937499947085660, 0.7480468749947409846, 0.7490234374947549734, 0.7499999999947688512, 0.7656249999950264229, 0.7734374999951559859, 0.7773437499952207119, 0.7792968749952540186, 0.7802734374952738916, 0.7812499999952936536, 0.7890624999954491958, 0.7929687499955315744, 0.7949218749955748731, 0.7968749999956182828, 0.8046874999957888130, 0.8085937499958741892, 0.8124999999959594543, 0.8203124999961345365, 0.8281249999963095076, 0.8437499999966595610, 0.8593749999970095033, 0.8749999999973594456, 0.8828124999975345277, 0.8906249999977096099, 0.8984374999978845810, 0.9023437499979753973, 0.9062499999980661025, 0.9140624999982530641, 0.9179687499983459897, 0.9218749999984389154, 0.9296874999986242116, 0.9335937499987199129, 0.9355468749987645438, 0.9374999999988092858, 0.9453124999989875876, 0.9492187499990735189, 0.9511718749991163735, 0.9531249999991592281, 0.9609374999993385291, 0.9648437499994281241, 0.9667968749994697575, 0.9677734374994876321, 0.9687499999995053956, 0.9765624999996388445, 0.9804687499997020161, 0.9824218749997365441, 0.9843749999997711830, 1.000000000000000000 ),
 .UNSPECIFIED. ) ;
#3620 = AXIS2_PLACEMENT_3D ( 'NONE', #2120, #2912, #1041 ) ;
#3621 = DIRECTION ( 'NONE',  ( 0.000000000000000000, -0.7071067811865549002, -0.7071067811865401342 ) ) ;
#3622 = VERTEX_POINT ( 'NONE', #2418 ) ;
#3623 = CARTESIAN_POINT ( 'NONE',  ( 167.7654174376660308, 18.72219652012902102, -235.0154743938334718 ) ) ;
#3624 = LINE ( 'NONE', #4641, #2491 ) ;
#3625 = CARTESIAN_POINT ( 'NONE',  ( 176.2584321878059370, 18.72219652012902458, -240.6640609525184402 ) ) ;
#3626 = CARTESIAN_POINT ( 'NONE',  ( 173.2503803361840653, 19.22219652012901037, -253.1188379699133577 ) ) ;
#3627 = CARTESIAN_POINT ( 'NONE',  ( 177.0861395524513568, 18.72219652012902458, -244.0860909342017351 ) ) ;
#3628 = CARTESIAN_POINT ( 'NONE',  ( 179.3013528661595615, 16.82099652013013724, -250.0917092516853870 ) ) ;
#3629 = CARTESIAN_POINT ( 'NONE',  ( 166.0145860356936964, 18.72219652012902458, -252.8098702739744965 ) ) ;
#3630 = CARTESIAN_POINT ( 'NONE',  ( 178.7331472717143583, 17.22219652012753244, -250.5602023288076623 ) ) ;
#3631 = EDGE_CURVE ( 'NONE', #528, #1201, #3156, .T. ) ;
#3632 = CARTESIAN_POINT ( 'NONE',  ( 167.4163198566793085, 19.22219652012901747, -234.5078401081431139 ) ) ;
#3633 = CARTESIAN_POINT ( 'NONE',  ( 163.1965065719186043, 19.22219652012901037, -249.4818880568645625 ) ) ;
#3634 = ORIENTED_EDGE ( 'NONE', *, *, #1269, .T. ) ;
#3635 = EDGE_CURVE ( 'NONE', #641, #287, #3647, .T. ) ;
#3636 = DIRECTION ( 'NONE',  ( 8.659560562354835483E-17, 0.7071067811865555663, -0.7071067811865394681 ) ) ;
#3637 = CARTESIAN_POINT ( 'NONE',  ( 178.1218261814845505, 18.35831392968986719, -253.5860626859165450 ) ) ;
#3638 = DIRECTION ( 'NONE',  ( 0.000000000000000000, 0.000000000000000000, -1.000000000000000000 ) ) ;
#3639 = CARTESIAN_POINT ( 'NONE',  ( 177.6450125769906663, 19.22339652012901468, -238.1166958715216992 ) ) ;
#3640 = CARTESIAN_POINT ( 'NONE',  ( 177.0792873438298329, 18.72219652012902458, -244.7348893383296513 ) ) ;
#3641 = CIRCLE ( 'NONE', #2546, 0.5000000000000004441 ) ;
#3642 = CARTESIAN_POINT ( 'NONE',  ( 180.7469226667710700, 17.22219652012928748, -243.3830425835080007 ) ) ;
#3643 = LINE ( 'NONE', #3713, #2390 ) ;
#3644 = VERTEX_POINT ( 'NONE', #4697 ) ;
#3645 = CARTESIAN_POINT ( 'NONE',  ( 165.7868276553107307, 16.82099652012901103, -256.9638482205377841 ) ) ;
#3646 = CARTESIAN_POINT ( 'NONE',  ( 152.5314824459745182, 16.02219652012900752, -235.0156672555947637 ) ) ;
#3647 = CIRCLE ( 'NONE', #1927, 15.35000000000002984 ) ;
#3648 = CARTESIAN_POINT ( 'NONE',  ( 166.9926949504847187, 18.72219652013330915, -234.9999309071115761 ) ) ;
#3649 = VERTEX_POINT ( 'NONE', #4256 ) ;
#3650 = CARTESIAN_POINT ( 'NONE',  ( 168.2653633169560408, 18.72219652012901747, -235.0255316652234967 ) ) ;
#3651 = CARTESIAN_POINT ( 'NONE',  ( 175.0100237914248851, 19.22219652012900681, -237.7171993205077740 ) ) ;
#3652 = CARTESIAN_POINT ( 'NONE',  ( 175.2779109064218801, 18.72219652012901747, -239.0591031532009652 ) ) ;
#3653 = CARTESIAN_POINT ( 'NONE',  ( 175.8930134216971908, 19.22219652012901037, -249.1414995867959306 ) ) ;
#3654 = CARTESIAN_POINT ( 'NONE',  ( 177.0809286760630812, 18.72219652012902813, -243.6375236547540055 ) ) ;
#3655 = CARTESIAN_POINT ( 'NONE',  ( 162.4266200332731955, 17.22219652012900681, -254.0960977364742917 ) ) ;
#3656 = CARTESIAN_POINT ( 'NONE',  ( 165.8295688378195791, 18.72219652012902458, -252.5877260570593705 ) ) ;
#3657 = CARTESIAN_POINT ( 'NONE',  ( 170.4579373579250898, 19.22219652012901037, -253.7027617798917731 ) ) ;
#3658 = CARTESIAN_POINT ( 'NONE',  ( 166.7397559527778981, 16.82099652012985658, -231.1296471333516820 ) ) ;
#3659 = CARTESIAN_POINT ( 'NONE',  ( 165.0163742791216634, 19.22219652012901392, -252.2938052064133672 ) ) ;
#3660 = ORIENTED_EDGE ( 'NONE', *, *, #102, .F. ) ;
#3661 = CARTESIAN_POINT ( 'NONE',  ( 161.6794974381654697, 19.22219652012901392, -246.6258127492337167 ) ) ;
#3662 = CARTESIAN_POINT ( 'NONE',  ( 167.8094379832177765, 17.79826194396560624, -231.6935582450131506 ) ) ;
#3663 = CARTESIAN_POINT ( 'NONE',  ( 176.2015172835267265, 19.22339652012901112, -235.8702158147685850 ) ) ;
#3664 = EDGE_CURVE ( 'NONE', #3649, #1486, #2391, .T. ) ;
#3665 = CARTESIAN_POINT ( 'NONE',  ( 177.0865894736272708, 18.72219652012902813, -244.1057886040960057 ) ) ;
#3666 = B_SPLINE_CURVE_WITH_KNOTS ( 'NONE', 3,
 ( #2835, #960, #4670, #4255, #3586, #555, #3861, #3498, #2459, #2048 ),
 .UNSPECIFIED., .F., .F.,
 ( 4, 3, 3, 4 ),
 ( 3.469446951953665033E-18, 0.0006942022827907379755, 0.001388404565581500020, 0.002309419853142550150 ),
 .UNSPECIFIED. ) ;
#3667 = ORIENTED_EDGE ( 'NONE', *, *, #3131, .T. ) ;
#3668 = DIRECTION ( 'NONE',  ( 0.000000000000000000, 0.000000000000000000, 1.000000000000000000 ) ) ;
#3669 = EDGE_LOOP ( 'NONE', ( #381, #3005, #3463, #3269, #762, #3219, #1764, #496, #1229, #2914, #3591, #4005, #4226, #2327, #3301 ) ) ;
#3670 = CARTESIAN_POINT ( 'NONE',  ( 161.3094409110257459, 19.22339652012901468, -250.2451947394145861 ) ) ;
#3671 = CARTESIAN_POINT ( 'NONE',  ( 161.7830824459745145, 18.72219652012903168, -244.1155672618047277 ) ) ;
#3672 = DIRECTION ( 'NONE',  ( -0.000000000000000000, -1.000000000000000000, -0.000000000000000000 ) ) ;
#3673 = AXIS2_PLACEMENT_3D ( 'NONE', #2005, #4556, #22 ) ;
#3674 = ORIENTED_EDGE ( 'NONE', *, *, #3599, .T. ) ;
#3675 = CARTESIAN_POINT ( 'NONE',  ( 167.9321927832851884, 18.72219652012902102, -235.0188296692698486 ) ) ;
#3676 = CARTESIAN_POINT ( 'NONE',  ( 174.8061498181323827, 19.22219652012901037, -237.3996485083358436 ) ) ;
#3677 = CIRCLE ( 'NONE', #704, 15.85000000000000320 ) ;
#3678 = CARTESIAN_POINT ( 'NONE',  ( 173.7665624849505548, 18.72219652012901392, -236.7131040739819241 ) ) ;
#3679 = CARTESIAN_POINT ( 'NONE',  ( 176.0266230145323618, 19.22219652012900681, -248.9356100746535674 ) ) ;
#3680 = CARTESIAN_POINT ( 'NONE',  ( 177.0850564794350817, 18.72219652012902458, -243.9928263356700029 ) ) ;
#3681 = CARTESIAN_POINT ( 'NONE',  ( 161.8698218835359626, 18.72219652012904589, -245.3231151452288827 ) ) ;
#3682 = CARTESIAN_POINT ( 'NONE',  ( 180.6766737051242728, 17.22219652013035684, -245.5732837056676772 ) ) ;
#3683 = CARTESIAN_POINT ( 'NONE',  ( 167.1804283022478330, 16.82099652012858471, -231.1191735770364346 ) ) ;
#3684 = CARTESIAN_POINT ( 'NONE',  ( 164.5534243164045165, 19.22219652012900681, -251.5903370606556564 ) ) ;
#3685 = ORIENTED_EDGE ( 'NONE', *, *, #2770, .T. ) ;
#3686 = CARTESIAN_POINT ( 'NONE',  ( 161.9191099796678373, 19.22219652012900681, -247.2621484042366262 ) ) ;
#3687 = LINE ( 'NONE', #2118, #4049 ) ;
#3688 = AXIS2_PLACEMENT_3D ( 'NONE', #2555, #4001, #4833 ) ;
#3689 = CARTESIAN_POINT ( 'NONE',  ( 171.4039434619018607, 19.22339652012842848, -232.5079334280436001 ) ) ;
#3690 = ORIENTED_EDGE ( 'NONE', *, *, #2713, .F. ) ;
#3691 = DIRECTION ( 'NONE',  ( 0.000000000000000000, -1.000000000000000000, 0.000000000000000000 ) ) ;
#3692 = CARTESIAN_POINT ( 'NONE',  ( 177.5869406544360913, 19.22219652012899260, -244.2179219842842883 ) ) ;
#3693 = ORIENTED_EDGE ( 'NONE', *, *, #814, .T. ) ;
#3694 = CARTESIAN_POINT ( 'NONE',  ( 162.7713530081241515, 17.37773638153969102, -233.7832426039568929 ) ) ;
#3695 = CARTESIAN_POINT ( 'NONE',  ( 178.9618437490519511, 17.55618627686329702, -252.0339529300426591 ) ) ;
#3696 = EDGE_CURVE ( 'NONE', #1760, #3712, #158, .T. ) ;
#3697 = CARTESIAN_POINT ( 'NONE',  ( 161.7830824459745145, 15.52219652012900575, -244.1155672618047277 ) ) ;
#3698 = VERTEX_POINT ( 'NONE', #2539 ) ;
#3699 = CARTESIAN_POINT ( 'NONE',  ( 165.3168398192459563, 19.22219652012901747, -235.4989395884744283 ) ) ;
#3700 = CARTESIAN_POINT ( 'NONE',  ( 175.8672550696286407, 19.22219652012901392, -239.0498588914482809 ) ) ;
#3701 = CARTESIAN_POINT ( 'NONE',  ( 176.3920964310125044, 19.22219652012899971, -239.8745827713391066 ) ) ;
#3702 = CARTESIAN_POINT ( 'NONE',  ( 174.9303311768037759, 19.22219652012901037, -250.6380814245878810 ) ) ;
#3703 = CARTESIAN_POINT ( 'NONE',  ( 177.0867435738273059, 18.72219652012903524, -244.1419586878745349 ) ) ;
#3704 = CARTESIAN_POINT ( 'NONE',  ( 163.0571606598825269, 18.72219652012901392, -248.3441050380314437 ) ) ;
#3705 = CARTESIAN_POINT ( 'NONE',  ( 170.7451240820057023, 19.22219652012901392, -253.7085387741580007 ) ) ;
#3706 = CARTESIAN_POINT ( 'NONE',  ( 165.1686546494229617, 19.22219652012901037, -235.7122056180905929 ) ) ;
#3707 = CARTESIAN_POINT ( 'NONE',  ( 165.3798703098548231, 19.22219652012901037, -252.8199351288476464 ) ) ;
#3708 = EDGE_LOOP ( 'NONE', ( #4821, #1463, #4836, #1950, #1308 ) ) ;
#3709 = CARTESIAN_POINT ( 'NONE',  ( 159.5034766133132109, 17.84863346459843214, -236.4311117102718640 ) ) ;
#3710 = CARTESIAN_POINT ( 'NONE',  ( 168.8930009583873755, 17.70656546610593196, -231.6406172588370964 ) ) ;
#3711 = CARTESIAN_POINT ( 'NONE',  ( 180.2661696859448455, 16.82099652012901103, -240.1314929918004850 ) ) ;
#3712 = VERTEX_POINT ( 'NONE', #2146 ) ;
#3713 = CARTESIAN_POINT ( 'NONE',  ( 163.5314824459745182, 18.72219652012902458, -245.3655672618047561 ) ) ;
#3714 = CARTESIAN_POINT ( 'NONE',  ( 177.4791313812394264, 19.22219652012900681, -245.4724234159204457 ) ) ;
#3715 = CARTESIAN_POINT ( 'NONE',  ( 159.1831320725676449, 16.82099652012901103, -249.4041811011521759 ) ) ;
#3716 = DIRECTION ( 'NONE',  ( 0.000000000000000000, 0.000000000000000000, 1.000000000000000000 ) ) ;
#3717 = CARTESIAN_POINT ( 'NONE',  ( 160.0054022668429070, 19.22219652012901037, -240.3655672618047845 ) ) ;
#3718 = CARTESIAN_POINT ( 'NONE',  ( 163.0151706962048195, 19.22219652012901392, -239.0300194527650035 ) ) ;
#3719 = CARTESIAN_POINT ( 'NONE',  ( 175.1804910801748747, 19.22219652012901037, -237.9828605255992784 ) ) ;
#3720 = VECTOR ( 'NONE', #3862, 1000.000000000000000 ) ;
#3721 = B_SPLINE_CURVE_WITH_KNOTS ( 'NONE', 3,
 ( #320, #1861, #1813, #2943, #4430, #3350, #1070 ),
 .UNSPECIFIED., .F., .F.,
 ( 4, 3, 4 ),
 ( 0.000000000000000000, 0.001214231563719911106, 0.002428603957197560028 ),
 .UNSPECIFIED. ) ;
#3722 = CARTESIAN_POINT ( 'NONE',  ( 177.2878419532364660, 19.22219652012903168, -241.9208605848488673 ) ) ;
#3723 = ADVANCED_FACE ( 'NONE', ( #1785 ), #4506, .F. ) ;
#3724 = CARTESIAN_POINT ( 'NONE',  ( 175.8444301535991201, 19.22219652012901037, -249.2165356432259387 ) ) ;
#3725 = CARTESIAN_POINT ( 'NONE',  ( 172.9267518413959408, 18.72219652012902102, -252.7301612629844669 ) ) ;
#3726 = CARTESIAN_POINT ( 'NONE',  ( 171.0945824459745097, 15.52219652012900930, -253.2154672618047186 ) ) ;
#3727 = CARTESIAN_POINT ( 'NONE',  ( 172.6052218110474712, 19.22219652012929103, -255.6452565677340090 ) ) ;
#3728 = CARTESIAN_POINT ( 'NONE',  ( 165.6184675920825669, 19.22219652012901747, -235.1130992243267315 ) ) ;
#3729 = CARTESIAN_POINT ( 'NONE',  ( 165.5745100666719622, 19.22219652012901392, -253.0686590497658983 ) ) ;
#3730 = CARTESIAN_POINT ( 'NONE',  ( 174.9216828108943673, 18.72219652012901392, -249.7081663176801669 ) ) ;
#3731 = ORIENTED_EDGE ( 'NONE', *, *, #248, .F. ) ;
#3732 = CARTESIAN_POINT ( 'NONE',  ( 159.8570696747531485, 17.36003164475183880, -236.4373057466219166 ) ) ;
#3733 = AXIS2_PLACEMENT_3D ( 'NONE', #2908, #719, #4395 ) ;
#3734 = CARTESIAN_POINT ( 'NONE',  ( 161.4770043063271885, 19.22219652012903524, -245.9029703882351043 ) ) ;
#3735 = CARTESIAN_POINT ( 'NONE',  ( 176.2468187173861622, 16.82099652012901103, -233.4446571737818772 ) ) ;
#3736 = EDGE_LOOP ( 'NONE', ( #2353, #616, #3253, #502, #2896 ) ) ;
#3737 = CARTESIAN_POINT ( 'NONE',  ( 177.5867928125896640, 19.22219652012898905, -244.1468992075428162 ) ) ;
#3738 = CARTESIAN_POINT ( 'NONE',  ( 164.5694525912368533, 17.96629868071417846, -232.4629501278143096 ) ) ;
#3739 = CARTESIAN_POINT ( 'NONE',  ( 174.9216828094475034, 18.72219652012902813, -238.5229682065263717 ) ) ;
#3740 = B_SPLINE_CURVE_WITH_KNOTS ( 'NONE', 3,
 ( #1437, #2934, #4420, #2563 ),
 .UNSPECIFIED., .F., .F.,
 ( 4, 4 ),
 ( 0.000000000000000000, 0.0008962627202993285296 ),
 .UNSPECIFIED. ) ;
#3741 = CARTESIAN_POINT ( 'NONE',  ( 165.1756671168781736, 19.22219652012901037, -232.9575479596680623 ) ) ;
#3742 = CARTESIAN_POINT ( 'NONE',  ( 162.0742513313547590, 19.22219652012902102, -240.6234822803361055 ) ) ;
#3743 = CARTESIAN_POINT ( 'NONE',  ( 175.3982216477450891, 19.22219652012901747, -238.3220573669747466 ) ) ;
#3744 = CARTESIAN_POINT ( 'NONE',  ( 176.2036514141487373, 19.22219652012900681, -239.5702028744506435 ) ) ;
#3745 = CARTESIAN_POINT ( 'NONE',  ( 174.5653223243057823, 19.22219652012901037, -251.2054094438251468 ) ) ;
#3746 = CARTESIAN_POINT ( 'NONE',  ( 176.7860212004444236, 18.72219652012902102, -246.2416761156637790 ) ) ;
#3747 = VECTOR ( 'NONE', #3672, 1000.000000000000000 ) ;
#3748 = CARTESIAN_POINT ( 'NONE',  ( 166.1169814494006971, 18.72219652012902102, -252.9070168568055976 ) ) ;
#3749 = ADVANCED_FACE ( 'NONE', ( #2889 ), #723, .T. ) ;
#3750 = CARTESIAN_POINT ( 'NONE',  ( 177.7191809355259977, 19.22219652012872615, -250.0015031259934517 ) ) ;
#3751 = CARTESIAN_POINT ( 'NONE',  ( 165.6484176192822417, 19.22219652012901747, -235.0809437087654885 ) ) ;
#3752 = CIRCLE ( 'NONE', #390, 2.844281581315999397 ) ;
#3753 = CARTESIAN_POINT ( 'NONE',  ( 163.9038077734981584, 19.22219652012901037, -250.5829036058686654 ) ) ;
#3754 = CARTESIAN_POINT ( 'NONE',  ( 178.9618437490498764, 19.22219652012901037, -252.2839529300433412 ) ) ;
#3755 = ORIENTED_EDGE ( 'NONE', *, *, #1903, .F. ) ;
#3756 = DIRECTION ( 'NONE',  ( 0.000000000000000000, 0.000000000000000000, 1.000000000000000000 ) ) ;
#3757 = CARTESIAN_POINT ( 'NONE',  ( 163.5338452735659587, 19.22219652012903524, -250.0062707495260383 ) ) ;
#3758 = CARTESIAN_POINT ( 'NONE',  ( 179.3117154324655189, 16.82099652012956881, -238.1567885020465098 ) ) ;
#3759 = ORIENTED_EDGE ( 'NONE', *, *, #3567, .F. ) ;
#3760 = CARTESIAN_POINT ( 'NONE',  ( 175.1173023297348266, 19.22219652012900326, -250.3468339308898578 ) ) ;
#3761 = CARTESIAN_POINT ( 'NONE',  ( 167.7749824448864331, 19.22219652012901037, -235.0156672555947353 ) ) ;
#3762 = CARTESIAN_POINT ( 'NONE',  ( 172.8931043258336899, 19.22219652012842772, -232.6468182095834152 ) ) ;
#3763 = CARTESIAN_POINT ( 'NONE',  ( 164.0360241836386592, 19.22219652012901392, -233.8818143600697397 ) ) ;
#3764 = CARTESIAN_POINT ( 'NONE',  ( 162.8066088387245998, 19.22219652012900681, -239.3514314883673819 ) ) ;
#3765 = CARTESIAN_POINT ( 'NONE',  ( 173.3889991543147460, 19.22219652012901037, -235.2773240478347248 ) ) ;
#3766 = CARTESIAN_POINT ( 'NONE',  ( 177.5866073955614866, 19.22219652012900681, -244.1064580048716266 ) ) ;
#3767 = DIRECTION ( 'NONE',  ( 0.000000000000000000, 0.000000000000000000, 1.000000000000000000 ) ) ;
#3768 = CARTESIAN_POINT ( 'NONE',  ( 173.2180177539410977, 18.72219652012903168, -252.3386013118661424 ) ) ;
#3769 = CARTESIAN_POINT ( 'NONE',  ( 167.8845969937222264, 18.72219652012902458, -253.2132622761256187 ) ) ;
#3770 = CARTESIAN_POINT ( 'NONE',  ( 177.8523533799179859, 19.22219652012957880, -249.7951731580798480 ) ) ;
#3771 = CARTESIAN_POINT ( 'NONE',  ( 166.8359204625533607, 19.22219652012901392, -234.5240965645725453 ) ) ;
#3772 = CARTESIAN_POINT ( 'NONE',  ( 171.4762712851569972, 19.22219652012901037, -253.7236160352233014 ) ) ;
#3773 = CARTESIAN_POINT ( 'NONE',  ( 173.1760809213880918, 15.52219652012900930, -236.5825164531965754 ) ) ;
#3774 = ORIENTED_EDGE ( 'NONE', *, *, #4292, .F. ) ;
#3775 = CARTESIAN_POINT ( 'NONE',  ( 163.7472052527808160, 18.72219652012902102, -238.8176249325138087 ) ) ;
#3776 = DIRECTION ( 'NONE',  ( 5.912205004683543904E-16, 0.7071067811865376918, -0.7071067811865573427 ) ) ;
#3777 = EDGE_CURVE ( 'NONE', #3241, #1832, #2000, .T. ) ;
#3778 = CARTESIAN_POINT ( 'NONE',  ( 164.9209703457099181, 19.22219652012900326, -252.1509750265865080 ) ) ;
#3779 = CARTESIAN_POINT ( 'NONE',  ( 178.7198538192004378, 19.22339652012901468, -240.0135296558423192 ) ) ;
#3780 = ORIENTED_EDGE ( 'NONE', *, *, #1359, .T. ) ;
#3781 = EDGE_CURVE ( 'NONE', #718, #3296, #4374, .T. ) ;
#3782 = EDGE_CURVE ( 'NONE', #137, #1837, #4819, .T. ) ;
#3783 = CARTESIAN_POINT ( 'NONE',  ( 172.5255349577956565, 19.22219652012901392, -253.6041694536959028 ) ) ;
#3784 = ADVANCED_FACE ( 'NONE', ( #1759, #1015, #4770, #4012 ), #3346, .T. ) ;
#3785 = CARTESIAN_POINT ( 'NONE',  ( 170.5183452768412735, 17.73713095058456091, -231.6582642495287416 ) ) ;
#3786 =( NAMED_UNIT ( * ) SI_UNIT ( $, .STERADIAN. ) SOLID_ANGLE_UNIT ( ) );
#3787 = CARTESIAN_POINT ( 'NONE',  ( 168.7687090136628854, 16.02219652012900752, -235.0156672555947353 ) ) ;
#3788 = CARTESIAN_POINT ( 'NONE',  ( 165.7207296167105142, 19.22219652012901747, -235.0083316298420755 ) ) ;
#3789 = CARTESIAN_POINT ( 'NONE',  ( 171.8993868196896813, 19.22219652012901392, -234.5137707584727593 ) ) ;
#3790 = CARTESIAN_POINT ( 'NONE',  ( 172.0393514299284732, 18.72219652012902458, -235.0271057507770536 ) ) ;
#3791 = CARTESIAN_POINT ( 'NONE',  ( 175.8535923832070296, 19.22219652012901037, -239.0287842936082825 ) ) ;
#3792 = FACE_OUTER_BOUND ( 'NONE', #3275, .T. ) ;
#3793 = CARTESIAN_POINT ( 'NONE',  ( 173.1783809944830921, 18.72219652012901747, -252.3954147744097440 ) ) ;
#3794 = CARTESIAN_POINT ( 'NONE',  ( 167.7412350605449660, 18.72219652012902813, -253.2161623380353319 ) ) ;
#3795 = CARTESIAN_POINT ( 'NONE',  ( 172.9245957817358885, 19.22219652012901392, -255.5730593362673346 ) ) ;
#3796 = AXIS2_PLACEMENT_3D ( 'NONE', #2194, #1065, #2219 ) ;
#3797 = CARTESIAN_POINT ( 'NONE',  ( 165.3489423092224513, 19.22219652012901037, -235.4530044786209260 ) ) ;
#3798 = CARTESIAN_POINT ( 'NONE',  ( 167.0853128509636747, 19.22219652012901392, -253.7223469857799500 ) ) ;
#3799 = CARTESIAN_POINT ( 'NONE',  ( 161.8807870808953453, 18.72219652012902458, -245.3655672618047561 ) ) ;
#3800 = VERTEX_POINT ( 'NONE', #338 ) ;
#3801 = CARTESIAN_POINT ( 'NONE',  ( 178.0265745987441619, 19.22339652012957956, -249.5178957638789541 ) ) ;
#3802 = CARTESIAN_POINT ( 'NONE',  ( 165.1981238996706338, 18.72219652012902102, -236.5678905120282138 ) ) ;
#3803 = CARTESIAN_POINT ( 'NONE',  ( 171.0656079710132644, 18.69047341543231866, -232.2086767782384698 ) ) ;
#3804 = CARTESIAN_POINT ( 'NONE',  ( 165.2069261766547470, 19.22219652012900681, -252.5748363352395245 ) ) ;
#3805 = CARTESIAN_POINT ( 'NONE',  ( 173.9005969272737104, 16.82099652013017987, -231.5062729480451935 ) ) ;
#3806 = CARTESIAN_POINT ( 'NONE',  ( 172.5087847513449049, 18.72219652012902813, -234.9444555234260577 ) ) ;
#3807 = ORIENTED_EDGE ( 'NONE', *, *, #4628, .F. ) ;
#3808 = CARTESIAN_POINT ( 'NONE',  ( 171.2476951801745031, 19.22219652012901747, -253.7189889847564643 ) ) ;
#3809 = DIRECTION ( 'NONE',  ( -8.361120501153439065E-16, 0.000000000000000000, 1.000000000000000000 ) ) ;
#3810 = CARTESIAN_POINT ( 'NONE',  ( 177.6015401777211196, 19.22219652012901392, -238.0484205552646699 ) ) ;
#3811 = EDGE_CURVE ( 'NONE', #1925, #4341, #3643, .T. ) ;
#3812 = AXIS2_PLACEMENT_3D ( 'NONE', #2721, #824, #1567 ) ;
#3813 = DIRECTION ( 'NONE',  ( -0.000000000000000000, 1.000000000000000000, -0.000000000000000000 ) ) ;
#3814 = CARTESIAN_POINT ( 'NONE',  ( 163.5314824459745182, 18.12219652012900539, -245.3655672618047561 ) ) ;
#3815 = CARTESIAN_POINT ( 'NONE',  ( 173.1685206774661765, 19.22219652012900681, -235.0272986284127512 ) ) ;
#3816 = CARTESIAN_POINT ( 'NONE',  ( 173.3353599642332483, 18.72219652012901747, -236.0635155091283650 ) ) ;
#3817 = CARTESIAN_POINT ( 'NONE',  ( 171.2463388369137647, 19.22219652012900326, -234.5121771585990302 ) ) ;
#3818 = CARTESIAN_POINT ( 'NONE',  ( 176.3611161085486003, 19.22219652012901392, -248.4080994428663871 ) ) ;
#3819 = CARTESIAN_POINT ( 'NONE',  ( 175.3163275795288314, 18.72219652012901037, -249.1124863682783257 ) ) ;
#3820 = AXIS2_PLACEMENT_3D ( 'NONE', #3593, #239, #580 ) ;
#3821 = CARTESIAN_POINT ( 'NONE',  ( 161.1745074068127224, 19.22219652012901392, -250.0385934797337200 ) ) ;
#3822 = CARTESIAN_POINT ( 'NONE',  ( 173.3181272375225319, 19.22219652012901392, -255.4579452198175034 ) ) ;
#3823 = CARTESIAN_POINT ( 'NONE',  ( 162.5758508591360112, 19.22219652012901392, -239.7134542538131825 ) ) ;
#3824 = CARTESIAN_POINT ( 'NONE',  ( 167.3940638969397128, 19.22219652012901747, -253.7236137868076753 ) ) ;
#3825 = DIRECTION ( 'NONE',  ( 0.000000000000000000, 0.000000000000000000, -1.000000000000000000 ) ) ;
#3826 = VERTEX_POINT ( 'NONE', #1857 ) ;
#3827 = CARTESIAN_POINT ( 'NONE',  ( 177.2295229475562053, 19.22339652012901468, -250.7571620334059332 ) ) ;
#3828 = AXIS2_PLACEMENT_3D ( 'NONE', #4284, #146, #3547 ) ;
#3829 = CARTESIAN_POINT ( 'NONE',  ( 165.9623595146088917, 16.02219652012900752, -235.4786361562487684 ) ) ;
#3830 = CARTESIAN_POINT ( 'NONE',  ( 176.4895907876837384, 19.22219652012900681, -240.0414314608432278 ) ) ;
#3831 = CARTESIAN_POINT ( 'NONE',  ( 161.5231629710772268, 19.22219652012899616, -246.0899390996571299 ) ) ;
#3832 = CARTESIAN_POINT ( 'NONE',  ( 163.7345215467514947, 19.22339652012901468, -234.2735281763343096 ) ) ;
#3833 = CARTESIAN_POINT ( 'NONE',  ( 157.6940714145956406, 17.87268947481473802, -248.6447055177294487 ) ) ;
#3834 = ORIENTED_EDGE ( 'NONE', *, *, #3483, .F. ) ;
#3835 = CARTESIAN_POINT ( 'NONE',  ( 173.3976837877569892, 19.22219652012900326, -252.9428928684044990 ) ) ;
#3836 = CARTESIAN_POINT ( 'NONE',  ( 161.8807870808950327, 17.95684850253464404, -242.8655672618047561 ) ) ;
#3837 = CARTESIAN_POINT ( 'NONE',  ( 177.8652570100054220, 19.22219652012901392, -238.4561436390534368 ) ) ;
#3838 = CARTESIAN_POINT ( 'NONE',  ( 164.8582480918495037, 19.22219652012901392, -233.1454616382663119 ) ) ;
#3839 = CARTESIAN_POINT ( 'NONE',  ( 166.5946584937645127, 19.22219652012901037, -234.5595027236780368 ) ) ;
#3840 = CARTESIAN_POINT ( 'NONE',  ( 171.4865769826311634, 19.22219652012901392, -234.5073754718525265 ) ) ;
#3841 = EDGE_CURVE ( 'NONE', #1486, #4057, #4740, .T. ) ;
#3842 = CARTESIAN_POINT ( 'NONE',  ( 171.0250051821925013, 18.72219652012902458, -235.0170668587585965 ) ) ;
#3843 = CARTESIAN_POINT ( 'NONE',  ( 173.4607612102105634, 19.22219652012900681, -235.3716325071927713 ) ) ;
#3844 = CARTESIAN_POINT ( 'NONE',  ( 171.5731991343195944, 17.87417198437011834, -256.5067389559076787 ) ) ;
#3845 = CARTESIAN_POINT ( 'NONE',  ( 172.6329206244190004, 18.72219652012902458, -252.9978397393765590 ) ) ;
#3846 = CARTESIAN_POINT ( 'NONE',  ( 161.8807870808953453, 18.72219652012902458, -245.3655672618047561 ) ) ;
#3847 = CARTESIAN_POINT ( 'NONE',  ( 162.8401378108779056, 19.22219652012901392, -239.2998176619155970 ) ) ;
#3848 = CARTESIAN_POINT ( 'NONE',  ( 171.3237505266372693, 19.22219652012901392, -253.7207576963437816 ) ) ;
#3849 = CARTESIAN_POINT ( 'NONE',  ( 162.1914515786197342, 17.22219652012899616, -234.4882047526185147 ) ) ;
#3850 = ORIENTED_EDGE ( 'NONE', *, *, #3367, .F. ) ;
#3851 = CARTESIAN_POINT ( 'NONE',  ( 178.5783959044017593, 19.22339652012901468, -248.5222244778231300 ) ) ;
#3852 = B_SPLINE_CURVE_WITH_KNOTS ( 'NONE', 3,
 ( #4610, #2399, #3482, #2751, #4239, #1275, #877, #2775, #1646, #2373, #174, #125, #3117, #3868, #3142, #515, #3506, #4263 ),
 .UNSPECIFIED., .F., .F.,
 ( 4, 2, 2, 2, 2, 2, 2, 2, 4 ),
 ( 0.000000000000000000, 0.0004885931968278730674, 0.0009771863936557461348, 0.001465779590483619202, 0.001954372787311492270, 0.002442965984139365554, 0.002931559180967238405, 0.003420152377795111255, 0.003908745574622984539 ),
 .UNSPECIFIED. ) ;
#3853 = CARTESIAN_POINT ( 'NONE',  ( 177.2178493306881251, 19.22219652012901392, -241.6900271654556320 ) ) ;
#3854 = CARTESIAN_POINT ( 'NONE',  ( 167.0697624500919574, 19.22219652012900681, -253.7223277622175317 ) ) ;
#3855 = CARTESIAN_POINT ( 'NONE',  ( 163.9581216107516184, 19.22339652012901468, -233.9775356640603263 ) ) ;
#3856 = CARTESIAN_POINT ( 'NONE',  ( 179.1497285267364532, 17.82265546747660423, -252.0479146705502558 ) ) ;
#3857 = ORIENTED_EDGE ( 'NONE', *, *, #4170, .T. ) ;
#3858 = CARTESIAN_POINT ( 'NONE',  ( 173.9893890806573893, 19.22219652012899971, -252.0892127200521884 ) ) ;
#3859 = ORIENTED_EDGE ( 'NONE', *, *, #1898, .T. ) ;
#3860 = CARTESIAN_POINT ( 'NONE',  ( 177.1031688268579387, 15.52219652012901108, -245.5518554407119041 ) ) ;
#3861 = CARTESIAN_POINT ( 'NONE',  ( 180.0471261476449456, 18.42458082180448997, -244.1155672779919996 ) ) ;
#3862 = DIRECTION ( 'NONE',  ( 8.659560562354842879E-17, -0.7071067811865549002, 0.7071067811865401342 ) ) ;
#3863 = CARTESIAN_POINT ( 'NONE',  ( 174.9216828108943673, 15.52219652012900930, -249.7081663176801669 ) ) ;
#3864 = CARTESIAN_POINT ( 'NONE',  ( 172.3186303218947160, 19.22219652012901037, -234.5689492435753891 ) ) ;
#3865 = CARTESIAN_POINT ( 'NONE',  ( 171.0683458177424541, 19.22219652012900326, -234.5160936238151805 ) ) ;
#3866 = CARTESIAN_POINT ( 'NONE',  ( 176.8068091351763371, 19.22219652012901392, -247.5852584865462234 ) ) ;
#3867 = CARTESIAN_POINT ( 'NONE',  ( 172.7553561970074441, 18.72219652012903168, -252.9047142827319306 ) ) ;
#3868 = CARTESIAN_POINT ( 'NONE',  ( 153.6159287383815695, 17.35428759140769728, -243.1155462955703968 ) ) ;
#3869 = EDGE_CURVE ( 'NONE', #3173, #641, #902, .T. ) ;
#3870 = CARTESIAN_POINT ( 'NONE',  ( 162.6587055318277351, 19.22219652012901037, -239.5818289374324763 ) ) ;
#3871 = CIRCLE ( 'NONE', #2386, 0.9000000000000119016 ) ;
#3872 = CARTESIAN_POINT ( 'NONE',  ( 167.6921381133921614, 19.22219652012901747, -253.7173642228693211 ) ) ;
#3873 = CARTESIAN_POINT ( 'NONE',  ( 159.6850958819996151, 18.97219652012900326, -235.4411155843643826 ) ) ;
#3874 = ORIENTED_EDGE ( 'NONE', *, *, #1055, .T. ) ;
#3875 = CARTESIAN_POINT ( 'NONE',  ( 174.2323022436848703, 19.22339652012901468, -254.9250640898222287 ) ) ;
#3876 = CARTESIAN_POINT ( 'NONE',  ( 176.1526989906845131, 19.22219652012901392, -239.4906317038399095 ) ) ;
#3877 = CARTESIAN_POINT ( 'NONE',  ( 166.1966833888889425, 19.22219652012901037, -253.5465088994945404 ) ) ;
#3878 = CARTESIAN_POINT ( 'NONE',  ( 177.5833757994755615, 19.22219652012901392, -244.3858778614868186 ) ) ;
#3879 = AXIS2_PLACEMENT_3D ( 'NONE', #2172, #313, #988 ) ;
#3880 = CARTESIAN_POINT ( 'NONE',  ( 165.7392013508174671, 19.22339652012901468, -232.7192910663708005 ) ) ;
#3881 = DIRECTION ( 'NONE',  ( 0.000000000000000000, 0.000000000000000000, -1.000000000000000000 ) ) ;
#3882 = B_SPLINE_CURVE_WITH_KNOTS ( 'NONE', 3,
 ( #3133, #86, #531, #114, #2363, #1186, #2765, #140, #3836, #4178 ),
 .UNSPECIFIED., .F., .F.,
 ( 4, 2, 2, 2, 4 ),
 ( 0.000000000000000000, 0.0004889543335902274846, 0.0009779086671804549692, 0.001466863000770682454, 0.001955817334360909938 ),
 .UNSPECIFIED. ) ;
#3883 = EDGE_LOOP ( 'NONE', ( #4418, #2520, #1710, #1152 ) ) ;
#3884 = CARTESIAN_POINT ( 'NONE',  ( 170.9784632953211485, 19.22219652012901392, -253.7132325819993355 ) ) ;
#3885 = ORIENTED_EDGE ( 'NONE', *, *, #1323, .F. ) ;
#3886 = DIRECTION ( 'NONE',  ( 0.000000000000000000, 0.000000000000000000, 1.000000000000000000 ) ) ;
#3887 = CARTESIAN_POINT ( 'NONE',  ( 172.7302937358345218, 19.22219652012901037, -232.6083916152906852 ) ) ;
#3888 = VECTOR ( 'NONE', #4706, 1000.000000000000000 ) ;
#3889 = CARTESIAN_POINT ( 'NONE',  ( 169.4347824459745198, 19.22219652012901037, -228.7655672618047049 ) ) ;
#3890 = DIRECTION ( 'NONE',  ( -1.000000000000000000, 0.000000000000000000, 0.000000000000000000 ) ) ;
#3891 = CARTESIAN_POINT ( 'NONE',  ( 171.3228164813509409, 19.22219652012902102, -234.5104317966595033 ) ) ;
#3892 = VECTOR ( 'NONE', #256, 1000.000000000000000 ) ;
#3893 = CARTESIAN_POINT ( 'NONE',  ( 172.5222843418869445, 19.22219652012901747, -234.6258458762759460 ) ) ;
#3894 = CARTESIAN_POINT ( 'NONE',  ( 177.5438689294239225, 19.17955403075013621, -244.1155672640243495 ) ) ;
#3895 = CARTESIAN_POINT ( 'NONE',  ( 177.5856419105621171, 19.22219652012901392, -244.0403132749744941 ) ) ;
#3896 = DIRECTION ( 'NONE',  ( 0.000000000000000000, -0.000000000000000000, -1.000000000000000000 ) ) ;
#3897 = CARTESIAN_POINT ( 'NONE',  ( 164.3445732123558969, 19.22219652012901037, -236.9632449464603496 ) ) ;
#3898 = CARTESIAN_POINT ( 'NONE',  ( 173.4969987492717394, 19.22219652012901747, -252.8098719183723517 ) ) ;
#3899 = DIRECTION ( 'NONE',  ( 0.000000000000000000, 0.000000000000000000, 1.000000000000000000 ) ) ;
#3900 = ORIENTED_EDGE ( 'NONE', *, *, #4445, .F. ) ;
#3901 = CARTESIAN_POINT ( 'NONE',  ( 179.3700972170717591, 19.22339652012844269, -246.2219324384867889 ) ) ;
#3902 = EDGE_CURVE ( 'NONE', #1679, #377, #4039, .T. ) ;
#3903 = CARTESIAN_POINT ( 'NONE',  ( 171.0945824459745097, 18.72219652012902458, -253.2154672618047186 ) ) ;
#3904 = CARTESIAN_POINT ( 'NONE',  ( 165.7916659452459953, 19.22219652012901037, -253.2868113183737080 ) ) ;
#3905 = DIRECTION ( 'NONE',  ( 0.000000000000000000, -0.7071067811865376918, 0.7071067811865573427 ) ) ;
#3906 = CARTESIAN_POINT ( 'NONE',  ( 160.0060450673350658, 19.22339652012901468, -240.3658257333246695 ) ) ;
#3907 = AXIS2_PLACEMENT_3D ( 'NONE', #189, #556, #941 ) ;
#3908 = CARTESIAN_POINT ( 'NONE',  ( 171.0945824448864414, 18.72219652012902813, -235.0156672555947353 ) ) ;
#3909 = ORIENTED_EDGE ( 'NONE', *, *, #4293, .F. ) ;
#3910 = ORIENTED_EDGE ( 'NONE', *, *, #3571, .T. ) ;
#3911 = DIRECTION ( 'NONE',  ( 0.000000000000000000, 0.7071067811865359154, 0.7071067811865592301 ) ) ;
#3912 = DIRECTION ( 'NONE',  ( 0.000000000000000000, 1.000000000000000000, 0.000000000000000000 ) ) ;
#3913 = CARTESIAN_POINT ( 'NONE',  ( 172.3424110917368921, 17.98098339717468264, -231.8185922844432127 ) ) ;
#3914 = CARTESIAN_POINT ( 'NONE',  ( 172.5087847538081860, 15.52219652012900930, -253.2866790042367882 ) ) ;
#3915 = CARTESIAN_POINT ( 'NONE',  ( 171.1558421125978384, 19.22219652012901392, -234.5143203550639441 ) ) ;
#3916 = CARTESIAN_POINT ( 'NONE',  ( 173.9882703271078128, 19.22219652012899971, -236.1402304397078922 ) ) ;
#3917 = DIRECTION ( 'NONE',  ( 0.000000000000000000, 0.000000000000000000, 1.000000000000000000 ) ) ;
#3918 = CARTESIAN_POINT ( 'NONE',  ( 170.5397899108187971, 18.72219652012901747, -253.2043071592447916 ) ) ;
#3919 = CARTESIAN_POINT ( 'NONE',  ( 165.7248250635121849, 18.72219652012903168, -235.7879914278002786 ) ) ;
#3920 = CIRCLE ( 'NONE', #557, 15.85000000000000320 ) ;
#3921 = CARTESIAN_POINT ( 'NONE',  ( 162.8623131882452526, 19.22219652012901037, -239.2656779553110482 ) ) ;
#3922 = CARTESIAN_POINT ( 'NONE',  ( 171.8552040089297179, 19.22219652012901037, -253.7196842871349247 ) ) ;
#3923 = CARTESIAN_POINT ( 'NONE',  ( 159.9252984156745754, 17.22219652012899616, -237.9996868179299554 ) ) ;
#3924 = CARTESIAN_POINT ( 'NONE',  ( 175.3411190956862526, 16.82099652012901103, -255.8122250354731193 ) ) ;
#3925 = CARTESIAN_POINT ( 'NONE',  ( 167.7994612818936275, 19.22219652012899971, -253.7150762002788440 ) ) ;
#3926 = CARTESIAN_POINT ( 'NONE',  ( 177.5800780434558703, 19.22219652012900681, -244.6697338132273671 ) ) ;
#3927 = CARTESIAN_POINT ( 'NONE',  ( 162.5063832739051577, 19.22339652012901468, -236.1241778053514508 ) ) ;
#3928 = CARTESIAN_POINT ( 'NONE',  ( 163.1716401690657676, 19.22219652012900681, -249.4433234539643820 ) ) ;
#3929 = EDGE_LOOP ( 'NONE', ( #3850, #3859, #1059, #1901 ) ) ;
#3930 = EDGE_CURVE ( 'NONE', #4431, #2963, #2157, .T. ) ;
#3931 = ORIENTED_EDGE ( 'NONE', *, *, #2409, .T. ) ;
#3932 = CARTESIAN_POINT ( 'NONE',  ( 173.5961513283048703, 15.52219652012900930, -236.4538383126632084 ) ) ;
#3933 = CARTESIAN_POINT ( 'NONE',  ( 172.7745698253298485, 18.72219652012902458, -235.3432990437682690 ) ) ;
#3934 = EDGE_CURVE ( 'NONE', #1943, #1925, #4401, .T. ) ;
#3935 = EDGE_CURVE ( 'NONE', #1832, #1752, #2466, .T. ) ;
#3936 = CARTESIAN_POINT ( 'NONE',  ( 178.0469462414430097, 17.22219652012930879, -236.6085344137962636 ) ) ;
#3937 = LINE ( 'NONE', #3889, #3720 ) ;
#3938 = EDGE_CURVE ( 'NONE', #1071, #1016, #2626, .T. ) ;
#3939 = CARTESIAN_POINT ( 'NONE',  ( 166.8220096467750011, 19.22339652012901468, -255.7160154941190910 ) ) ;
#3940 = DIRECTION ( 'NONE',  ( 0.000000000000000000, -0.000000000000000000, 1.000000000000000000 ) ) ;
#3941 = DIRECTION ( 'NONE',  ( 0.000000000000000000, 0.000000000000000000, -1.000000000000000000 ) ) ;
#3942 = CARTESIAN_POINT ( 'NONE',  ( 172.4344114237526071, 18.72219652012902813, -253.1040121893202013 ) ) ;
#3943 = CARTESIAN_POINT ( 'NONE',  ( 167.9797885738097420, 18.72219652012902813, -235.0197870972633041 ) ) ;
#3944 = CARTESIAN_POINT ( 'NONE',  ( 177.0716697706969853, 18.72219652012902102, -243.5690028970044239 ) ) ;
#3945 = CARTESIAN_POINT ( 'NONE',  ( 173.3637272855249023, 19.22219652012901747, -252.9857498091156458 ) ) ;
#3946 = CARTESIAN_POINT ( 'NONE',  ( 152.5314824459744898, 19.22219652012901037, -253.2154672618047186 ) ) ;
#3947 = CARTESIAN_POINT ( 'NONE',  ( 179.0198872786869231, 16.82099652012957947, -250.5427000932186559 ) ) ;
#3948 = CARTESIAN_POINT ( 'NONE',  ( 165.7207296184890311, 19.22219652012900326, -253.2228028952590080 ) ) ;
#3949 = DIRECTION ( 'NONE',  ( 0.000000000000000000, 0.000000000000000000, -1.000000000000000000 ) ) ;
#3950 = CARTESIAN_POINT ( 'NONE',  ( 162.4518689864906378, 16.82099652012901103, -233.6858234205035387 ) ) ;
#3951 = CARTESIAN_POINT ( 'NONE',  ( 162.2582975356228303, 19.22219652012901392, -247.9712055328882059 ) ) ;
#3952 = ORIENTED_EDGE ( 'NONE', *, *, #667, .T. ) ;
#3953 = EDGE_LOOP ( 'NONE', ( #4769, #321, #304, #337, #2214 ) ) ;
#3954 = CARTESIAN_POINT ( 'NONE',  ( 161.8557361070539571, 17.49220324403392368, -245.2073854588518600 ) ) ;
#3955 = AXIS2_PLACEMENT_3D ( 'NONE', #2761, #4250, #3881 ) ;
#3956 = DIRECTION ( 'NONE',  ( -0.000000000000000000, -1.000000000000000000, 0.000000000000000000 ) ) ;
#3957 = CARTESIAN_POINT ( 'NONE',  ( 172.5228738752036008, 18.72219652012902813, -235.1683801226718060 ) ) ;
#3958 = ORIENTED_EDGE ( 'NONE', *, *, #605, .T. ) ;
#3959 = CARTESIAN_POINT ( 'NONE',  ( 171.0602301348477852, 17.81501043275788732, -256.5279065281483213 ) ) ;
#3960 = ORIENTED_EDGE ( 'NONE', *, *, #727, .F. ) ;
#3961 = CARTESIAN_POINT ( 'NONE',  ( 167.7131053317946225, 16.82099652012901103, -257.1039533348163104 ) ) ;
#3962 = EDGE_CURVE ( 'NONE', #937, #3173, #4745, .T. ) ;
#3963 = CARTESIAN_POINT ( 'NONE',  ( 178.3256918211725690, 15.52219652012900930, -256.8730838885630305 ) ) ;
#3964 = FACE_OUTER_BOUND ( 'NONE', #205, .T. ) ;
#3965 = CARTESIAN_POINT ( 'NONE',  ( 177.5869711718861197, 19.22219652012907076, -244.2001700496647345 ) ) ;
#3966 = CARTESIAN_POINT ( 'NONE',  ( 165.9313865806880415, 18.72219652012902102, -235.5139537343170844 ) ) ;
#3967 = CARTESIAN_POINT ( 'NONE',  ( 177.0757713877530364, 18.72219652012902458, -243.6349613557125906 ) ) ;
#3968 = CARTESIAN_POINT ( 'NONE',  ( 172.8637377765170129, 19.22219652012901392, -253.4449277546521557 ) ) ;
#3969 = FACE_OUTER_BOUND ( 'NONE', #4796, .T. ) ;
#3970 = CARTESIAN_POINT ( 'NONE',  ( 176.5983884641647705, 16.82099652012901103, -254.2801847782675395 ) ) ;
#3971 = B_SPLINE_CURVE_WITH_KNOTS ( 'NONE', 3,
 ( #2819, #1666, #2467, #1347 ),
 .UNSPECIFIED., .F., .F.,
 ( 4, 4 ),
 ( 0.000000000000000000, 0.002836511355714058796 ),
 .UNSPECIFIED. ) ;
#3972 = CARTESIAN_POINT ( 'NONE',  ( 163.0242527894326372, 18.72219652012902102, -248.2917687886399563 ) ) ;
#3973 = CARTESIAN_POINT ( 'NONE',  ( 152.5314824459744898, 19.22219652012901037, -242.3655672618047845 ) ) ;
#3974 = CARTESIAN_POINT ( 'NONE',  ( 167.4522521150445300, 19.22219652012901392, -234.5084898030949887 ) ) ;
#3975 = CARTESIAN_POINT ( 'NONE',  ( 162.8183268718091199, 19.22219652012901392, -248.8976997959601363 ) ) ;
#3976 = ORIENTED_EDGE ( 'NONE', *, *, #3935, .F. ) ;
#3977 = ORIENTED_EDGE ( 'NONE', *, *, #2704, .T. ) ;
#3978 = CARTESIAN_POINT ( 'NONE',  ( 161.5186793157515410, 19.22219652012901747, -246.0841543963666709 ) ) ;
#3979 = SHAPE_DEFINITION_REPRESENTATION ( #4775, #4063 ) ;
#3980 = CYLINDRICAL_SURFACE ( 'NONE', #1783, 0.5000000000000004441 ) ;
#3981 = AXIS2_PLACEMENT_3D ( 'NONE', #629, #4617, #3260 ) ;
#3982 = CARTESIAN_POINT ( 'NONE',  ( 177.2495216373577307, 19.22339652012901468, -237.5050604997293533 ) ) ;
#3983 = ORIENTED_EDGE ( 'NONE', *, *, #2437, .F. ) ;
#3984 = CARTESIAN_POINT ( 'NONE',  ( 152.5314824459744898, 19.22219652012901037, -219.6980672618047379 ) ) ;
#3985 = VERTEX_POINT ( 'NONE', #1394 ) ;
#3986 = AXIS2_PLACEMENT_3D ( 'NONE', #2573, #2597, #2966 ) ;
#3987 = CARTESIAN_POINT ( 'NONE',  ( 163.7382059257235198, 19.22339652012901468, -253.9627379123626838 ) ) ;
#3988 = FACE_OUTER_BOUND ( 'NONE', #2587, .T. ) ;
#3989 = B_SPLINE_SURFACE_WITH_KNOTS ( 'NONE', 3, 1, ( 
 ( #4090, #3697 ),
 ( #2895, #1836 ),
 ( #4776, #728 ),
 ( #264, #4380 ),
 ( #4405, #1763 ),
 ( #1116, #4016 ),
 ( #3648, #3284 ),
 ( #1466, #1789 ) ),
 .UNSPECIFIED., .F., .F., .F.,
 ( 4, 1, 1, 1, 1, 4 ),
 ( 2, 2 ),
 ( 0.000000000000000000, 0.1793389771629854967, 0.2257350516910194005, 0.4374912237704146056, 0.4896126894488345704, 0.7204801869652942559 ),
 ( 0.000000000000000000, 1.000000000000000000 ),
 .UNSPECIFIED. ) ;
#3990 = AXIS2_PLACEMENT_3D ( 'NONE', #1113, #4108, #16 ) ;
#3991 = FACE_OUTER_BOUND ( 'NONE', #1683, .T. ) ;
#3992 = ORIENTED_EDGE ( 'NONE', *, *, #462, .F. ) ;
#3993 = CARTESIAN_POINT ( 'NONE',  ( 161.4493925726349346, 19.22219652012901392, -242.4529926641356212 ) ) ;
#3994 = EDGE_CURVE ( 'NONE', #3200, #4789, #3415, .T. ) ;
#3995 = CARTESIAN_POINT ( 'NONE',  ( 176.0644672314721788, 19.22219652012901037, -239.3538469420381603 ) ) ;
#3996 = CARTESIAN_POINT ( 'NONE',  ( 177.0869698257008054, 18.72219652012903524, -244.0313432430521630 ) ) ;
#3997 = CARTESIAN_POINT ( 'NONE',  ( 173.5840977323285870, 19.22219652012900326, -252.6881283636793114 ) ) ;
#3998 = CARTESIAN_POINT ( 'NONE',  ( 158.2692443224898113, 17.22219652012900681, -249.0202678002288224 ) ) ;
#3999 = CARTESIAN_POINT ( 'NONE',  ( 178.8817540061287730, 16.82099652012872681, -250.7567145844152776 ) ) ;
#4000 = CARTESIAN_POINT ( 'NONE',  ( 163.4349031711032012, 18.72219652012902102, -248.9294081384050799 ) ) ;
#4001 = DIRECTION ( 'NONE',  ( -0.000000000000000000, -1.000000000000000000, 0.000000000000000000 ) ) ;
#4002 = CARTESIAN_POINT ( 'NONE',  ( 167.2080852145153926, 19.22219652012900681, -234.5065204994075430 ) ) ;
#4003 = CARTESIAN_POINT ( 'NONE',  ( 162.7366031424241157, 19.22219652012900326, -248.7712064581210711 ) ) ;
#4004 = VERTEX_POINT ( 'NONE', #2302 ) ;
#4005 = ORIENTED_EDGE ( 'NONE', *, *, #4652, .F. ) ;
#4006 = CARTESIAN_POINT ( 'NONE',  ( 165.7383377918451970, 19.22219652012901392, -255.5122723613555422 ) ) ;
#4007 = DIRECTION ( 'NONE',  ( 0.000000000000000000, 0.000000000000000000, 1.000000000000000000 ) ) ;
#4008 = DIRECTION ( 'NONE',  ( -0.000000000000000000, 1.000000000000000000, -0.000000000000000000 ) ) ;
#4009 = CARTESIAN_POINT ( 'NONE',  ( 175.6700309267154125, 19.22339652012901468, -235.0583530678098612 ) ) ;
#4010 = CARTESIAN_POINT ( 'NONE',  ( 177.0801117828346491, 18.72219652012901747, -244.6639253503943792 ) ) ;
#4011 = VERTEX_POINT ( 'NONE', #2780 ) ;
#4012 = FACE_BOUND ( 'NONE', #3669, .T. ) ;
#4013 = VERTEX_POINT ( 'NONE', #832 ) ;
#4014 = CARTESIAN_POINT ( 'NONE',  ( 161.9770890365321065, 19.22339652012901468, -251.2825220684501915 ) ) ;
#4015 = CARTESIAN_POINT ( 'NONE',  ( 165.4445707412101285, 15.52219652012900930, -252.0892492839503234 ) ) ;
#4016 = CARTESIAN_POINT ( 'NONE',  ( 166.3607801411904745, 15.52219652012900575, -234.9444555241350088 ) ) ;
#4017 = ORIENTED_EDGE ( 'NONE', *, *, #1027, .T. ) ;
#4018 = CARTESIAN_POINT ( 'NONE',  ( 167.7735685470637179, 18.72219652012902813, -235.0156390169294980 ) ) ;
#4019 = CARTESIAN_POINT ( 'NONE',  ( 175.8583683257518828, 19.22219652012901392, -239.0361333466906046 ) ) ;
#4020 = CARTESIAN_POINT ( 'NONE',  ( 176.7261579860357301, 18.72219652012902813, -241.7968048252339770 ) ) ;
#4021 = CARTESIAN_POINT ( 'NONE',  ( 175.2505912583344241, 19.22219652012900681, -250.1390174279705718 ) ) ;
#4022 = CARTESIAN_POINT ( 'NONE',  ( 177.0863463315730826, 18.72219652012903524, -244.1038403435865689 ) ) ;
#4023 = CARTESIAN_POINT ( 'NONE',  ( 180.6851298885370909, 16.82099652012844260, -246.6970526140393360 ) ) ;
#4024 = CARTESIAN_POINT ( 'NONE',  ( 162.1818248618428981, 18.72219652012901747, -246.5491713067497983 ) ) ;
#4025 = ADVANCED_FACE ( 'NONE', ( #545 ), #3244, .T. ) ;
#4026 = CARTESIAN_POINT ( 'NONE',  ( 179.6191150960983123, 17.22219652012810087, -249.0252622417942803 ) ) ;
#4027 = CARTESIAN_POINT ( 'NONE',  ( 167.5879776834824781, 16.82099652012901103, -231.1237386437756527 ) ) ;
#4028 = CARTESIAN_POINT ( 'NONE',  ( 163.0080796123200741, 19.22219652012901392, -249.1901845583309694 ) ) ;
#4029 = ORIENTED_EDGE ( 'NONE', *, *, #2280, .F. ) ;
#4030 = DIRECTION ( 'NONE',  ( 0.000000000000000000, -1.000000000000000000, 0.000000000000000000 ) ) ;
#4031 = DIRECTION ( 'NONE',  ( -0.000000000000000000, -1.000000000000000000, -0.000000000000000000 ) ) ;
#4032 = CARTESIAN_POINT ( 'NONE',  ( 178.5835837871672140, 19.22339652012901468, -239.7197546289676779 ) ) ;
#4033 = CARTESIAN_POINT ( 'NONE',  ( 177.0865681818879125, 18.72219652012901392, -244.1078450149112484 ) ) ;
#4034 = CARTESIAN_POINT ( 'NONE',  ( 180.3805024227045806, 17.22219652013043856, -241.2521150695103245 ) ) ;
#4035 = CARTESIAN_POINT ( 'NONE',  ( 169.4347824459745198, 19.22219652012901037, -244.1155672618047277 ) ) ;
#4036 = EDGE_LOOP ( 'NONE', ( #3780, #1456, #1411, #4199 ) ) ;
#4037 = CARTESIAN_POINT ( 'NONE',  ( 161.7110308940272603, 19.22339652012901468, -250.8669995597307434 ) ) ;
#4038 = DIRECTION ( 'NONE',  ( 0.000000000000000000, 1.000000000000000000, 0.000000000000000000 ) ) ;
#4039 = CIRCLE ( 'NONE', #1377, 2.844281581315999397 ) ;
#4040 = CARTESIAN_POINT ( 'NONE',  ( 178.9618437490498764, 19.22219652012901037, -253.7839529300433128 ) ) ;
#4041 = ORIENTED_EDGE ( 'NONE', *, *, #4409, .F. ) ;
#4042 = CARTESIAN_POINT ( 'NONE',  ( 167.7412350595144517, 18.72219652012902813, -235.0149721793678737 ) ) ;
#4043 = CARTESIAN_POINT ( 'NONE',  ( 174.5951767283327456, 19.22219652012901037, -237.0720021509501976 ) ) ;
#4044 = CARTESIAN_POINT ( 'NONE',  ( 177.0868031104596980, 18.72219652012900681, -244.0809689300881757 ) ) ;
#4045 = CARTESIAN_POINT ( 'NONE',  ( 175.4086768613100276, 19.22219652012900681, -249.8928063214445672 ) ) ;
#4046 = CARTESIAN_POINT ( 'NONE',  ( 177.0792775547141105, 18.72219652012902102, -243.4954025823873280 ) ) ;
#4047 = CARTESIAN_POINT ( 'NONE',  ( 164.3401919140559926, 17.92590265681868189, -255.6441490757718782 ) ) ;
#4048 = CARTESIAN_POINT ( 'NONE',  ( 165.6540177267998786, 18.72219652012902458, -252.3423313374720180 ) ) ;
#4049 = VECTOR ( 'NONE', #2589, 1000.000000000000000 ) ;
#4050 = DIRECTION ( 'NONE',  ( 0.000000000000000000, 1.000000000000000000, 0.000000000000000000 ) ) ;
#4051 = CARTESIAN_POINT ( 'NONE',  ( 164.8334459254438116, 16.82099652012901103, -231.5829739262181874 ) ) ;
#4052 = CARTESIAN_POINT ( 'NONE',  ( 165.5205755065884432, 19.22219652012901392, -253.0042292067632843 ) ) ;
#4053 = EDGE_LOOP ( 'NONE', ( #839, #3874, #3285, #3755 ) ) ;
#4054 = CARTESIAN_POINT ( 'NONE',  ( 160.0893745497946554, 15.52219652012900930, -231.1497534489568864 ) ) ;
#4055 = CARTESIAN_POINT ( 'NONE',  ( 160.6648614614763630, 17.22219652012900681, -235.6412640524390270 ) ) ;
#4056 = CARTESIAN_POINT ( 'NONE',  ( 177.8646731695684480, 19.22339652012901468, -238.4565166452906908 ) ) ;
#4057 = VERTEX_POINT ( 'NONE', #298 ) ;
#4058 = DIRECTION ( 'NONE',  ( -1.000000000000000000, 0.000000000000000000, 0.000000000000000000 ) ) ;
#4059 = CARTESIAN_POINT ( 'NONE',  ( 177.3428763158366905, 19.22219652012900681, -246.1039627540671688 ) ) ;
#4060 = ORIENTED_EDGE ( 'NONE', *, *, #1898, .F. ) ;
#4061 = CARTESIAN_POINT ( 'NONE',  ( 160.5438289529138274, 16.82099652012901103, -251.6163287210318913 ) ) ;
#4062 = DIRECTION ( 'NONE',  ( 0.000000000000000000, 0.000000000000000000, -1.000000000000000000 ) ) ;
#4063 = ADVANCED_BREP_SHAPE_REPRESENTATION ( '20240606 Q Movement Bracket', ( #2007, #1093 ), #232 ) ;
#4064 = CARTESIAN_POINT ( 'NONE',  ( 160.6945531375196481, 17.36014885321273837, -235.4959175381036971 ) ) ;
#4065 = CONICAL_SURFACE ( 'NONE', #68, 15.85000000000000320, 0.7853981633974529419 ) ;
#4066 = EDGE_LOOP ( 'NONE', ( #4794, #2516, #3345, #2147, #2164 ) ) ;
#4067 = CARTESIAN_POINT ( 'NONE',  ( 165.4293100754905481, 19.22219652012902813, -235.3437111129567256 ) ) ;
#4068 = CARTESIAN_POINT ( 'NONE',  ( 174.1840803600175320, 19.22219652012901037, -236.4381981694324395 ) ) ;
#4069 = CARTESIAN_POINT ( 'NONE',  ( 174.8076801356977228, 19.22219652012900681, -237.4019891132716964 ) ) ;
#4070 = CARTESIAN_POINT ( 'NONE',  ( 175.4211695269632401, 19.22219652012901392, -249.8733607933444318 ) ) ;
#4071 = CARTESIAN_POINT ( 'NONE',  ( 177.0861916253624599, 18.72219652012902458, -244.0905345729219960 ) ) ;
#4072 = CARTESIAN_POINT ( 'NONE',  ( 165.5481464415907453, 18.72219652012903168, -252.1881316431728806 ) ) ;
#4073 = CARTESIAN_POINT ( 'NONE',  ( 171.3940400499516556, 19.22219652012901392, -255.7236117432660762 ) ) ;
#4074 = CARTESIAN_POINT ( 'NONE',  ( 165.5389385880716020, 19.22219652012901392, -235.2047007218991155 ) ) ;
#4075 = CARTESIAN_POINT ( 'NONE',  ( 165.0123044099947549, 19.22219652012901392, -252.2877283594987432 ) ) ;
#4076 = VERTEX_POINT ( 'NONE', #2552 ) ;
#4077 = UNCERTAINTY_MEASURE_WITH_UNIT (LENGTH_MEASURE( 1.000000000000000082E-05 ), #255, 'distance_accuracy_value', 'NONE');
#4078 = CARTESIAN_POINT ( 'NONE',  ( 161.8069280366498788, 17.22219652012756796, -253.1556629195873995 ) ) ;
#4079 = CARTESIAN_POINT ( 'NONE',  ( 159.2540091358232246, 17.22219652012900681, -239.2108667234255108 ) ) ;
#4080 = CIRCLE ( 'NONE', #1969, 15.85000000000002984 ) ;
#4081 = CARTESIAN_POINT ( 'NONE',  ( 174.2375381286390166, 19.22339652012901468, -233.3066573944542768 ) ) ;
#4082 = EDGE_CURVE ( 'NONE', #1852, #3200, #2475, .T. ) ;
#4083 = EDGE_LOOP ( 'NONE', ( #2540, #958, #3027, #1879, #2335 ) ) ;
#4084 = CARTESIAN_POINT ( 'NONE',  ( 171.0639784352756294, 18.42457297607911570, -256.1759754296738834 ) ) ;
#4085 = CARTESIAN_POINT ( 'NONE',  ( 176.5344954894165994, 19.22219652012901037, -248.1108299877890886 ) ) ;
#4086 = CARTESIAN_POINT ( 'NONE',  ( 173.1760809213880918, 16.22219652012901037, -236.5825164531965754 ) ) ;
#4087 = CARTESIAN_POINT ( 'NONE',  ( 177.0864824478727257, 18.72219652012901392, -244.1155672618047277 ) ) ;
#4088 = ADVANCED_FACE ( 'NONE', ( #59 ), #3080, .F. ) ;
#4089 = EDGE_CURVE ( 'NONE', #2114, #4057, #2791, .T. ) ;
#4090 = CARTESIAN_POINT ( 'NONE',  ( 161.7830824459745145, 18.72219652013330915, -244.1155672618047277 ) ) ;
#4091 = CARTESIAN_POINT ( 'NONE',  ( 162.7028108935674595, 19.22219652012902102, -239.5124250914927018 ) ) ;
#4092 = CARTESIAN_POINT ( 'NONE',  ( 175.9826833857071904, 19.22219652012901392, -239.2278360389778697 ) ) ;
#4093 = CARTESIAN_POINT ( 'NONE',  ( 177.5864675084339694, 19.22219652012901037, -244.1197629031052259 ) ) ;
#4094 = CARTESIAN_POINT ( 'NONE',  ( 176.1512426605112580, 19.22219652012901037, -248.7427424801736038 ) ) ;
#4095 = CARTESIAN_POINT ( 'NONE',  ( 176.5371523140479724, 18.72219652012903168, -246.9522614594866354 ) ) ;
#4096 = CARTESIAN_POINT ( 'NONE',  ( 168.2019022635183205, 18.72219652012902813, -253.2068794228435422 ) ) ;
#4097 = CARTESIAN_POINT ( 'NONE',  ( 177.4947404912672653, 17.22219652012582713, -252.4831691840464032 ) ) ;
#4098 = CARTESIAN_POINT ( 'NONE',  ( 164.7696085210424712, 19.22219652012901037, -236.3097183147267799 ) ) ;
#4099 = CARTESIAN_POINT ( 'NONE',  ( 163.9211710953598526, 19.22219652012901392, -250.6099515678768626 ) ) ;
#4100 = CARTESIAN_POINT ( 'NONE',  ( 169.3432216782537694, 16.52219652012900752, -253.2154672618047186 ) ) ;
#4101 = VERTEX_POINT ( 'NONE', #2334 ) ;
#4102 = CARTESIAN_POINT ( 'NONE',  ( 178.9618437490498764, 16.22219652012901037, -253.5339529300433128 ) ) ;
#4103 = CARTESIAN_POINT ( 'NONE',  ( 161.5910444226344964, 19.22219652012900326, -246.3388644090663604 ) ) ;
#4104 = CARTESIAN_POINT ( 'NONE',  ( 173.0230353635236611, 16.82099652012901103, -231.2522325964308436 ) ) ;
#4105 = ORIENTED_EDGE ( 'NONE', *, *, #2461, .F. ) ;
#4106 = CARTESIAN_POINT ( 'NONE',  ( 167.8093357210026113, 17.81483583771793278, -256.5280073306416853 ) ) ;
#4107 = CARTESIAN_POINT ( 'NONE',  ( 177.0538182494374269, 19.22219652012900681, -247.0053022678652326 ) ) ;
#4108 = DIRECTION ( 'NONE',  ( -0.000000000000000000, 1.000000000000000000, -0.000000000000000000 ) ) ;
#4109 = DIRECTION ( 'NONE',  ( 0.000000000000000000, 1.000000000000000000, 0.000000000000000000 ) ) ;
#4110 = CARTESIAN_POINT ( 'NONE',  ( 160.4487982303808735, 18.53282251470062292, -234.7878589795929258 ) ) ;
#4111 = EDGE_CURVE ( 'NONE', #639, #3414, #1258, .T. ) ;
#4112 = CARTESIAN_POINT ( 'NONE',  ( 164.7101977451068819, 19.22219652012901392, -236.4002551839474791 ) ) ;
#4113 = CARTESIAN_POINT ( 'NONE',  ( 175.4621393250204164, 19.22219652012901392, -238.4215307074171903 ) ) ;
#4114 = AXIS2_PLACEMENT_3D ( 'NONE', #2838, #2365, #4672 ) ;
#4115 = CARTESIAN_POINT ( 'NONE',  ( 176.4287086660593786, 19.22219652012901037, -239.9360998962469012 ) ) ;
#4116 = CARTESIAN_POINT ( 'NONE',  ( 176.0507323215044266, 19.22219652012901392, -248.8984650926437041 ) ) ;
#4117 = CARTESIAN_POINT ( 'NONE',  ( 176.7248483769196810, 18.72219652012902458, -246.4383505350172072 ) ) ;
#4118 = CARTESIAN_POINT ( 'NONE',  ( 167.1427236120288740, 18.72219652012902458, -253.2239206251541361 ) ) ;
#4119 = CARTESIAN_POINT ( 'NONE',  ( 179.3707745562537355, 19.22219652012844548, -246.2220785347562639 ) ) ;
#4120 = B_SPLINE_CURVE_WITH_KNOTS ( 'NONE', 3,
 ( #4454, #3694, #4497, #1094, #1905, #2988, #3738, #341, #4132, #3326, #789, #2615, #747, #2595 ),
 .UNSPECIFIED., .F., .F.,
 ( 4, 2, 2, 2, 2, 2, 4 ),
 ( 0.004594321556860080785, 0.006121581948260297612, 0.006885212143960373066, 0.007648842339660449387, 0.009176102731060675755, 0.009939732926760836210, 0.01070336312246099666 ),
 .UNSPECIFIED. ) ;
#4121 = CARTESIAN_POINT ( 'NONE',  ( 165.0769953991989780, 19.22219652012901037, -235.8471170314357153 ) ) ;
#4122 = CARTESIAN_POINT ( 'NONE',  ( 165.4698458769829870, 19.22219652012901037, -252.9400476059167602 ) ) ;
#4123 = CARTESIAN_POINT ( 'NONE',  ( 167.7749824459745298, 18.72219652012903168, -253.2154672618047186 ) ) ;
#4124 = ORIENTED_EDGE ( 'NONE', *, *, #3064, .T. ) ;
#4125 = CARTESIAN_POINT ( 'NONE',  ( 179.4085973467036013, 15.61796677514740139, -256.1704670880769754 ) ) ;
#4126 = VECTOR ( 'NONE', #3508, 1000.000000000000000 ) ;
#4127 = CARTESIAN_POINT ( 'NONE',  ( 162.9457289721954680, 19.22219652012901037, -249.0939307643010068 ) ) ;
#4128 = CARTESIAN_POINT ( 'NONE',  ( 179.0797192726880667, 16.82099652012901103, -237.7822629939556691 ) ) ;
#4129 = ORIENTED_EDGE ( 'NONE', *, *, #1537, .T. ) ;
#4130 = CARTESIAN_POINT ( 'NONE',  ( 176.4276145590353906, 19.22219652012901392, -248.2968877122337403 ) ) ;
#4131 = B_SPLINE_CURVE_WITH_KNOTS ( 'NONE', 3,
 ( #2990, #770, #3057, #1954 ),
 .UNSPECIFIED., .F., .F.,
 ( 4, 4 ),
 ( 0.000000000000000000, 1.000000000000000000 ),
 .UNSPECIFIED. ) ;
#4132 = CARTESIAN_POINT ( 'NONE',  ( 165.7631093423741788, 18.04696546712048644, -231.9765748157946632 ) ) ;
#4133 = CARTESIAN_POINT ( 'NONE',  ( 174.6084810918489154, 19.22219652012901392, -233.6344849517585658 ) ) ;
#4134 = CARTESIAN_POINT ( 'NONE',  ( 167.1885354031177826, 19.22219652012858759, -232.5057058631949189 ) ) ;
#4135 = CARTESIAN_POINT ( 'NONE',  ( 163.6717168647420237, 19.22219652012901747, -238.0098926475114069 ) ) ;
#4136 = CARTESIAN_POINT ( 'NONE',  ( 173.5285074655463120, 19.22219652012900681, -235.4649769749582902 ) ) ;
#4137 = VECTOR ( 'NONE', #3159, 1000.000000000000000 ) ;
#4138 = CARTESIAN_POINT ( 'NONE',  ( 177.5864925608487397, 19.22219652012902102, -244.1175453196024137 ) ) ;
#4139 = CARTESIAN_POINT ( 'NONE',  ( 177.3306695180189649, 19.22219652012901037, -246.1664271498152914 ) ) ;
#4140 = ADVANCED_FACE ( 'NONE', ( #1285 ), #1581, .F. ) ;
#4141 = CARTESIAN_POINT ( 'NONE',  ( 176.9361820627180180, 18.72219652012902102, -245.6510115700938002 ) ) ;
#4142 = CARTESIAN_POINT ( 'NONE',  ( 167.6770079563328011, 18.72219652012902458, -253.2175842504223908 ) ) ;
#4143 = CARTESIAN_POINT ( 'NONE',  ( 177.7637387292437552, 19.22219652012844548, -249.9328361278697344 ) ) ;
#4144 = ADVANCED_FACE ( 'NONE', ( #4622 ), #2499, .F. ) ;
#4145 = CARTESIAN_POINT ( 'NONE',  ( 164.9666004564693083, 19.22219652012901037, -236.0116007369925057 ) ) ;
#4146 = CARTESIAN_POINT ( 'NONE',  ( 171.1513106862040843, 19.22219652012901392, -253.7167847766369562 ) ) ;
#4147 = DIRECTION ( 'NONE',  ( 0.000000000000000000, 1.000000000000000000, 0.000000000000000000 ) ) ;
#4148 = VERTEX_POINT ( 'NONE', #1235 ) ;
#4149 = CARTESIAN_POINT ( 'NONE',  ( 162.0227827436870029, 18.72219652012903879, -242.2065850006080723 ) ) ;
#4150 = FACE_OUTER_BOUND ( 'NONE', #858, .T. ) ;
#4151 = CARTESIAN_POINT ( 'NONE',  ( 164.7101977483508222, 19.22219652012900326, -251.8308793444616924 ) ) ;
#4152 = CARTESIAN_POINT ( 'NONE',  ( 179.0335217243500097, 16.82099652012901103, -237.7097581583241208 ) ) ;
#4153 = ORIENTED_EDGE ( 'NONE', *, *, #630, .T. ) ;
#4154 = CARTESIAN_POINT ( 'NONE',  ( 173.2366454434372258, 19.22219652012899260, -253.1341097214902049 ) ) ;
#4155 = CARTESIAN_POINT ( 'NONE',  ( 153.6341495472580618, 18.72219652012902458, -245.3655672618047561 ) ) ;
#4156 = CARTESIAN_POINT ( 'NONE',  ( 162.7726581133212562, 19.22219652012901392, -235.7085602472772905 ) ) ;
#4157 = CARTESIAN_POINT ( 'NONE',  ( 161.6475235285100496, 19.22219652012901747, -241.7059210727739753 ) ) ;
#4158 = CARTESIAN_POINT ( 'NONE',  ( 172.0928401369718301, 19.22219652012900681, -234.5306944096042798 ) ) ;
#4159 = CARTESIAN_POINT ( 'NONE',  ( 172.5887893262799651, 18.72219652012902102, -235.2052941002172020 ) ) ;
#4160 = CARTESIAN_POINT ( 'NONE',  ( 177.4261886661848848, 19.22219652012901037, -242.4802237075441838 ) ) ;
#4161 = CARTESIAN_POINT ( 'NONE',  ( 159.5884893527829149, 15.52219652012900930, -232.0800775616318390 ) ) ;
#4162 = CARTESIAN_POINT ( 'NONE',  ( 173.2378384327546996, 18.72219652012902102, -252.3099715130549612 ) ) ;
#4163 = CARTESIAN_POINT ( 'NONE',  ( 168.3288243714366672, 18.72219652012902458, -253.2043262815307685 ) ) ;
#4164 = CARTESIAN_POINT ( 'NONE',  ( 172.8447231459096258, 19.22219652012901392, -255.5936770955171085 ) ) ;
#4165 = CARTESIAN_POINT ( 'NONE',  ( 166.2380054574808241, 19.22219652012901392, -234.6639136576575595 ) ) ;
#4166 = CARTESIAN_POINT ( 'NONE',  ( 166.9193788051208287, 19.22219652012901392, -253.7140859897295400 ) ) ;
#4167 = LINE ( 'NONE', #2676, #2396 ) ;
#4168 = ORIENTED_EDGE ( 'NONE', *, *, #2165, .T. ) ;
#4170 = EDGE_CURVE ( 'NONE', #1127, #2013, #2783, .T. ) ;
#4169 = CARTESIAN_POINT ( 'NONE',  ( 162.7756185276620613, 18.72219652012901747, -240.3570909745924666 ) ) ;
#4171 = CARTESIAN_POINT ( 'NONE',  ( 158.9033166186919175, 19.05051138522518528, -236.0734768919284932 ) ) ;
#4172 = CARTESIAN_POINT ( 'NONE',  ( 162.5331714963860179, 19.22219652012900326, -248.4483877966384000 ) ) ;
#4173 = CARTESIAN_POINT ( 'NONE',  ( 176.1046746879221132, 16.82099652012901103, -233.2533187982485003 ) ) ;
#4174 = DIRECTION ( 'NONE',  ( 0.000000000000000000, 1.000000000000000000, -0.000000000000000000 ) ) ;
#4175 = ORIENTED_EDGE ( 'NONE', *, *, #2672, .F. ) ;
#4176 = CARTESIAN_POINT ( 'NONE',  ( 173.3307218212989653, 19.22219652012901037, -253.0266022754258870 ) ) ;
#4177 = B_SPLINE_SURFACE_WITH_KNOTS ( 'NONE', 1, 3, ( 
 ( #4194, #1153, #1525, #2329, #2730, #2655, #4149, #3409, #4308, #806, #4517, #54, #4221, #3099, #783, #3185, #860, #2355, #1920, #4541, #2678, #947, #4169, #2058, #3048, #1551, #2279, #475, #1945, #3440, #446, #3465, #2447, #79, #400, #1577, #3549, #106, #2702, #1179, #3775, #2303, #1896, #1970, #4591, #421, #3076, #563, #3802, #3387, #4566, #1203, #196, #833, #1601, #1231, #3919, #1693, #30, #1447, #3208, #3966, #606, #242, #1424, #293, #3598, #1716, #1791, #2102, #2545, #2127, #4384, #4702, #4778, #1349, #1816, #3259, #1400, #2079, #683, #4432, #3572, #4751, #3286, #3309, #2521, #2945, #4801, #1022, #1742, #3232, #2919, #4407, #4726, #2843, #1048, #1372, #4042, #3623, #4018, #4331, #2178, #970, #1072, #2897, #654, #217, #3675, #3943, #2469, #2152, #322, #584, #3650, #2871 ),
 ( #4356, #995, #2495, #3993, #266, #628, #1765, #708, #2268, #1885, #4157, #3010, #1562, #729, #2599, #1908, #2226, #3742, #1862, #3375, #1117, #3351, #3058, #750, #1493, #4848, #2664, #2991, #1141, #4091, #19, #3764, #346, #4526, #4481, #3718, #2641, #410, #2575, #366, #3330, #1513, #4135, #4826, #4503, #2619, #771, #4112, #1469, #388, #41, #3397, #1536, #4552, #3034, #2247, #3699, #1162, #793, #4067, #1838, #2289, #2205, #1932, #3422, #3788, #432, #65, #2968, #4459, #1097, #2768, #3543, #3111, #2794, #2002, #558, #2717, #1217, #3500, #2367, #4257, #3839, #458, #895, #190, #485, #2688, #1685, #143, #1613, #4280, #1979, #4206, #3476, #90, #1291, #3137, #117, #4181, #2053, #3180, #4630, #4232, #4603, #921, #3086, #1587, #2392, #1189, #1242, #2422, #1641, #820, #846, #2341 ) ),
 .UNSPECIFIED., .F., .F., .F.,
 ( 2, 2 ),
 ( 4, 2, 2, 2, 2, 2, 2, 2, 2, 2, 2, 2, 2, 2, 2, 2, 2, 2, 2, 2, 2, 2, 2, 2, 2, 2, 2, 2, 2, 2, 2, 2, 2, 2, 2, 2, 2, 2, 2, 2, 2, 2, 2, 2, 2, 2, 2, 2, 2, 2, 2, 2, 2, 2, 2, 2, 2, 4 ),
 ( 0.000000000000000000, 1.000000000000000000 ),
 ( 0.02296700148998807867, 0.02372611074103411766, 0.02410566536655713715, 0.02429544267931864690, 0.02448521999208015665, 0.02467499730484166640, 0.02486477461760317614, 0.02524432924312619564, 0.02562388386864921513, 0.02600343849417223463, 0.02619321580693374438, 0.02638299311969525413, 0.02657277043245676387, 0.02676254774521827362, 0.02695232505797978337, 0.02714210237074129312, 0.02733187968350280286, 0.02752165699626431261, 0.02771143430902582236, 0.02790121162178733211, 0.02828076624731035160, 0.02903987549835639059, 0.02979898474940242958, 0.03055809400044846857, 0.03093764862597148807, 0.03131720325149450757, 0.03150698056425602078, 0.03169675787701752706, 0.03179164653339827673, 0.03188653518977903334, 0.03207631250254054656, 0.03226608981530205977, 0.03236097847168281638, 0.03245586712806356605, 0.03255075578444431572, 0.03264564444082507233, 0.03274053309720582894, 0.03283542175358658555, 0.03302519906634809876, 0.03321497637910960504, 0.03330986503549035471, 0.03340475369187111132, 0.03359453100463262454, 0.03378430831739413776, 0.03397408563015564403, 0.03416386294291715031, 0.03435364025567866353, 0.03444852891205942014, 0.03449597324024979844, 0.03454341756844017675, 0.03456713973253536243, 0.03459086189663055505, 0.03463830622482093335, 0.03468575055301130472, 0.03473319488120168302, 0.03482808353758243269, 0.03492297219396318930, 0.03511274950672470252 ),
 .UNSPECIFIED. ) ;
#4178 = CARTESIAN_POINT ( 'NONE',  ( 161.8807870808950042, 18.12219652012900539, -242.8655672618047561 ) ) ;
#4179 = CARTESIAN_POINT ( 'NONE',  ( 175.0761100755958068, 19.22219652012901392, -234.1923010233390983 ) ) ;
#4180 = CARTESIAN_POINT ( 'NONE',  ( 166.2170976302831775, 19.22219652012901392, -232.5938817973263895 ) ) ;
#4181 = CARTESIAN_POINT ( 'NONE',  ( 167.7756633821637138, 19.22219652012900681, -234.5155793588909603 ) ) ;
#4182 = CARTESIAN_POINT ( 'NONE',  ( 171.5976172499909467, 19.22219652012901392, -234.5063666507385278 ) ) ;
#4183 = CARTESIAN_POINT ( 'NONE',  ( 171.0695029393806976, 18.72219652012902458, -235.0161714159018231 ) ) ;
#4184 = CARTESIAN_POINT ( 'NONE',  ( 172.8160956845818248, 19.22219652012901747, -234.7587982216309683 ) ) ;
#4185 = CARTESIAN_POINT ( 'NONE',  ( 176.5370944692674868, 19.22219652012900681, -248.1075213721437365 ) ) ;
#4186 = CARTESIAN_POINT ( 'NONE',  ( 175.5505576526168738, 18.72219652012902458, -248.7506806022934143 ) ) ;
#4187 = CARTESIAN_POINT ( 'NONE',  ( 161.1071765150388728, 19.22219652012858404, -249.9351962140515298 ) ) ;
#4188 = CARTESIAN_POINT ( 'NONE',  ( 177.5854658192407953, 19.22219652012901392, -250.2074767122057892 ) ) ;
#4189 = CARTESIAN_POINT ( 'NONE',  ( 163.3918766942813932, 19.22219652012901392, -238.4457660476827812 ) ) ;
#4190 = CARTESIAN_POINT ( 'NONE',  ( 167.4202757254144558, 19.22219652012901037, -253.7232014531764435 ) ) ;
#4191 = DIRECTION ( 'NONE',  ( 0.000000000000000000, -0.000000000000000000, -1.000000000000000000 ) ) ;
#4192 = EDGE_LOOP ( 'NONE', ( #2481, #1236, #2278, #206, #228 ) ) ;
#4193 = CARTESIAN_POINT ( 'NONE',  ( 178.1116842527877111, 19.22339652013014089, -249.3782979784925260 ) ) ;
#4194 = CARTESIAN_POINT ( 'NONE',  ( 161.8136729361273751, 18.72219652012902458, -243.3772426320673503 ) ) ;
#4195 = DIRECTION ( 'NONE',  ( 0.000000000000000000, 1.000000000000000000, 0.000000000000000000 ) ) ;
#4196 = CARTESIAN_POINT ( 'NONE',  ( 161.7088112151766666, 19.22219652012900681, -246.7112627687278348 ) ) ;
#4197 = CARTESIAN_POINT ( 'NONE',  ( 179.9877232427481317, 16.82099652012901103, -239.4494358705836135 ) ) ;
#4198 = CARTESIAN_POINT ( 'NONE',  ( 177.0864824478727257, 18.72219652012902813, -244.1155672618047277 ) ) ;
#4199 = ORIENTED_EDGE ( 'NONE', *, *, #131, .F. ) ;
#4200 = CARTESIAN_POINT ( 'NONE',  ( 172.2490394472329172, 19.22219652012901392, -253.6775346348800326 ) ) ;
#4201 = ADVANCED_FACE ( 'NONE', ( #1261 ), #3413, .T. ) ;
#4202 = ADVANCED_FACE ( 'NONE', ( #2020, #1555 ), #3052, .F. ) ;
#4203 = DIRECTION ( 'NONE',  ( -1.000000000000000000, 0.000000000000000000, -1.640830186961978173E-15 ) ) ;
#4204 = CARTESIAN_POINT ( 'NONE',  ( 175.1237493568441437, 19.22219652012901392, -234.2574781627546940 ) ) ;
#4205 = DIRECTION ( 'NONE',  ( -1.000000000000000000, 0.000000000000000000, 0.000000000000000000 ) ) ;
#4206 = CARTESIAN_POINT ( 'NONE',  ( 167.6090727167798775, 19.22219652012901392, -234.5118400722445529 ) ) ;
#4207 = CARTESIAN_POINT ( 'NONE',  ( 173.2140655561772462, 19.22219652012901747, -235.0732293192813245 ) ) ;
#4208 = CARTESIAN_POINT ( 'NONE',  ( 173.1174770195957819, 18.72219652012902813, -235.7497067687793617 ) ) ;
#4209 = CARTESIAN_POINT ( 'NONE',  ( 173.8293233957162727, 19.22219652012901037, -235.9016036815034738 ) ) ;
#4210 = CARTESIAN_POINT ( 'NONE',  ( 176.2629627685611808, 19.22219652012901392, -248.5666515377473900 ) ) ;
#4211 = CARTESIAN_POINT ( 'NONE',  ( 171.6076219204885547, 18.72219652012901747, -253.2249509000357079 ) ) ;
#4212 = AXIS2_PLACEMENT_3D ( 'NONE', #1069, #2989, #3716 ) ;
#4213 = CARTESIAN_POINT ( 'NONE',  ( 163.9609251594259831, 19.22219652012858404, -254.2581644075261238 ) ) ;
#4214 = CARTESIAN_POINT ( 'NONE',  ( 179.2551617782416997, 19.22219652012957880, -246.7000637639548586 ) ) ;
#4215 = CARTESIAN_POINT ( 'NONE',  ( 163.2441052676823858, 19.22219652012901037, -238.6753822214037939 ) ) ;
#4216 = CARTESIAN_POINT ( 'NONE',  ( 171.2688594412380212, 19.22219652012901037, -253.7194763135120468 ) ) ;
#4217 = CARTESIAN_POINT ( 'NONE',  ( 165.6001467481403608, 16.02219652012900752, -235.9385569022927598 ) ) ;
#4218 = ORIENTED_EDGE ( 'NONE', *, *, #2523, .T. ) ;
#4219 = CARTESIAN_POINT ( 'NONE',  ( 175.0748776811343532, 19.22339652012901468, -254.0427045147722254 ) ) ;
#4220 = CONICAL_SURFACE ( 'NONE', #1877, 0.5999999999999894307, 0.7853981633974509435 ) ;
#4221 = CARTESIAN_POINT ( 'NONE',  ( 162.1818248545515075, 18.72219652012902102, -241.6819632381269116 ) ) ;
#4222 = CARTESIAN_POINT ( 'NONE',  ( 176.2561707949305969, 19.22219652012901037, -239.6535916249346201 ) ) ;
#4223 = CARTESIAN_POINT ( 'NONE',  ( 166.7528821907789620, 19.22219652012901747, -253.6981419025442506 ) ) ;
#4224 = CARTESIAN_POINT ( 'NONE',  ( 158.8234590684483010, 16.82099652012901103, -239.5889775245101134 ) ) ;
#4225 = CARTESIAN_POINT ( 'NONE',  ( 167.8094379748197866, 17.79826193979489446, -256.5375762750690569 ) ) ;
#4226 = ORIENTED_EDGE ( 'NONE', *, *, #3567, .T. ) ;
#4227 = CARTESIAN_POINT ( 'NONE',  ( 173.7504414387170755, 19.22219652012900681, -252.4463919958899112 ) ) ;
#4228 = EDGE_LOOP ( 'NONE', ( #2883, #4276 ) ) ;
#4229 = LINE ( 'NONE', #1609, #2743 ) ;
#4230 = CARTESIAN_POINT ( 'NONE',  ( 177.5135269559378060, 19.22219652012901392, -237.9125726893506396 ) ) ;
#4231 = PLANE ( 'NONE',  #4114 ) ;
#4232 = CARTESIAN_POINT ( 'NONE',  ( 167.8311918179284987, 19.22219652012902102, -234.5166973270948745 ) ) ;
#4233 = EDGE_CURVE ( 'NONE', #1829, #1212, #2307, .T. ) ;
#4234 = CARTESIAN_POINT ( 'NONE',  ( 173.2791222959480706, 19.22219652012901037, -235.1443450141636617 ) ) ;
#4235 = CARTESIAN_POINT ( 'NONE',  ( 171.2044211759961456, 18.72219652012902813, -235.0132790661986348 ) ) ;
#4236 = CARTESIAN_POINT ( 'NONE',  ( 172.4190155587911590, 19.22219652012901747, -234.5937980363473798 ) ) ;
#4237 = DIRECTION ( 'NONE',  ( 0.000000000000000000, 1.000000000000000000, 0.000000000000000000 ) ) ;
#4238 = CARTESIAN_POINT ( 'NONE',  ( 170.4679932297986795, 18.72219652012902458, -253.2028629106783342 ) ) ;
#4239 = CARTESIAN_POINT ( 'NONE',  ( 153.6158833264979933, 17.35355349007267023, -245.1146955253611850 ) ) ;
#4240 = CARTESIAN_POINT ( 'NONE',  ( 164.2941318947549973, 19.22219652012901392, -237.0413974671325832 ) ) ;
#4241 = CARTESIAN_POINT ( 'NONE',  ( 167.4317602199461135, 19.22219652012901037, -253.7230074871654324 ) ) ;
#4242 = DIRECTION ( 'NONE',  ( 0.000000000000000000, 0.000000000000000000, -1.000000000000000000 ) ) ;
#4243 = ORIENTED_EDGE ( 'NONE', *, *, #4532, .T. ) ;
#4244 = CARTESIAN_POINT ( 'NONE',  ( 174.5420116537370063, 19.22339652012901468, -254.6610819059621065 ) ) ;
#4245 = CARTESIAN_POINT ( 'NONE',  ( 176.4807591116811238, 19.22219652012901392, -240.0260287486906066 ) ) ;
#4246 = CARTESIAN_POINT ( 'NONE',  ( 165.7439704195941772, 19.22219652012901747, -253.2445135898581157 ) ) ;
#4247 = PLANE ( 'NONE',  #1293 ) ;
#4248 = CARTESIAN_POINT ( 'NONE',  ( 160.1981135883337686, 19.22339652012901468, -239.9114916448561416 ) ) ;
#4249 = VECTOR ( 'NONE', #2653, 1000.000000000000114 ) ;
#4250 = DIRECTION ( 'NONE',  ( 0.000000000000000000, -1.000000000000000000, 0.000000000000000000 ) ) ;
#4251 = ORIENTED_EDGE ( 'NONE', *, *, #1332, .T. ) ;
#4252 = CARTESIAN_POINT ( 'NONE',  ( 171.0143616358311931, 19.22219652012900681, -253.7139547062826068 ) ) ;
#4253 = ORIENTED_EDGE ( 'NONE', *, *, #872, .T. ) ;
#4254 = CARTESIAN_POINT ( 'NONE',  ( 167.8055910584533876, 18.42387085486718590, -232.0547537181295468 ) ) ;
#4255 = CARTESIAN_POINT ( 'NONE',  ( 180.3942356357006531, 17.82338882856637952, -244.1155672967430519 ) ) ;
#4256 = CARTESIAN_POINT ( 'NONE',  ( 160.0054022668429070, 19.22219652012901037, -240.3655672618047845 ) ) ;
#4257 = CARTESIAN_POINT ( 'NONE',  ( 166.5630084527759891, 19.22219652012901747, -234.5660907501622034 ) ) ;
#4258 = CARTESIAN_POINT ( 'NONE',  ( 171.3035623102105376, 19.22219652012901037, -234.5108597574662213 ) ) ;
#4259 = CARTESIAN_POINT ( 'NONE',  ( 171.8869154398862236, 19.22219652012902102, -234.5123380869501091 ) ) ;
#4260 = ADVANCED_FACE ( 'NONE', ( #3444 ), #4679, .F. ) ;
#4261 = DIRECTION ( 'NONE',  ( 0.000000000000000000, 1.000000000000000000, 0.000000000000000000 ) ) ;
#4262 = CARTESIAN_POINT ( 'NONE',  ( 177.5844035695504033, 19.22219652012901037, -243.9337224706996494 ) ) ;
#4263 = CARTESIAN_POINT ( 'NONE',  ( 153.6341495472580618, 18.12219652012900539, -242.8655672618047561 ) ) ;
#4264 = CARTESIAN_POINT ( 'NONE',  ( 163.5792068986517904, 19.22219652012900681, -238.1540608117264810 ) ) ;
#4265 = AXIS2_PLACEMENT_3D ( 'NONE', #3973, #3905, #885 ) ;
#4266 = CARTESIAN_POINT ( 'NONE',  ( 173.7151174193317047, 19.22219652012901392, -252.4981353788007823 ) ) ;
#4267 = CARTESIAN_POINT ( 'NONE',  ( 161.4695728252821709, 19.22219652012901037, -245.8655672618047277 ) ) ;
#4268 = ORIENTED_EDGE ( 'NONE', *, *, #2713, .T. ) ;
#4269 = CARTESIAN_POINT ( 'NONE',  ( 173.6151379417588316, 19.22339652012901468, -255.3269744319714505 ) ) ;
#4270 = CARTESIAN_POINT ( 'NONE',  ( 177.5865139228517933, 19.22219652012901037, -244.1155672618082804 ) ) ;
#4271 = CARTESIAN_POINT ( 'NONE',  ( 165.6753793145266229, 19.22219652012901747, -253.1783343268152464 ) ) ;
#4272 = CARTESIAN_POINT ( 'NONE',  ( 177.5852307872366396, 19.22219652012900681, -244.2262088886327547 ) ) ;
#4273 = AXIS2_PLACEMENT_3D ( 'NONE', #4451, #1808, #361 ) ;
#4274 = CARTESIAN_POINT ( 'NONE',  ( 164.2006939433355512, 19.22339652012901468, -233.6995327486229996 ) ) ;
#4275 = CARTESIAN_POINT ( 'NONE',  ( 174.9216828094475034, 18.72219652012902813, -238.5229682065263717 ) ) ;
#4276 = ORIENTED_EDGE ( 'NONE', *, *, #1171, .T. ) ;
#4277 = CARTESIAN_POINT ( 'NONE',  ( 167.8039601987031233, 18.68997937929552577, -232.2083915463419146 ) ) ;
#4278 = DIRECTION ( 'NONE',  ( -0.000000000000000000, 1.000000000000000000, -0.000000000000000000 ) ) ;
#4279 = CARTESIAN_POINT ( 'NONE',  ( 176.4429393212092236, 17.22219652012900681, -234.1350328988201568 ) ) ;
#4280 = CARTESIAN_POINT ( 'NONE',  ( 167.4504153836975036, 19.22219652012901037, -234.5083107428554285 ) ) ;
#4281 = CARTESIAN_POINT ( 'NONE',  ( 172.6820997986632165, 16.22219652012901037, -235.2681737837698108 ) ) ;
#4282 = VECTOR ( 'NONE', #2092, 1000.000000000000000 ) ;
#4283 = CARTESIAN_POINT ( 'NONE',  ( 171.1395418293672037, 19.22219652012902458, -234.5146130628372703 ) ) ;
#4284 = CARTESIAN_POINT ( 'NONE',  ( 169.4347824459745198, 15.82219652012900646, -244.1155672618047277 ) ) ;
#4285 = CARTESIAN_POINT ( 'NONE',  ( 172.8705121547389751, 18.72219652012901392, -252.7934909782255204 ) ) ;
#4286 = ADVANCED_FACE ( 'NONE', ( #3023 ), #4177, .T. ) ;
#4287 = CARTESIAN_POINT ( 'NONE',  ( 163.8071634522438842, 19.22219652012901392, -237.7988174750146868 ) ) ;
#4288 = CARTESIAN_POINT ( 'NONE',  ( 173.2803024582197793, 19.22219652012901037, -253.0856831570505392 ) ) ;
#4289 = CARTESIAN_POINT ( 'NONE',  ( 161.8030857494828751, 17.22219652012899616, -235.0814211913709926 ) ) ;
#4290 = CARTESIAN_POINT ( 'NONE',  ( 179.9820860738124964, 16.82099652012901103, -248.7941960184668631 ) ) ;
#4291 = CARTESIAN_POINT ( 'NONE',  ( 167.6408047498208305, 19.22219652012900681, -253.7185479295068831 ) ) ;
#4292 = EDGE_CURVE ( 'NONE', #1943, #2362, #2745, .T. ) ;
#4293 = EDGE_CURVE ( 'NONE', #1393, #4818, #4429, .T. ) ;
#4294 = DIRECTION ( 'NONE',  ( 0.000000000000000000, 0.000000000000000000, -1.000000000000000000 ) ) ;
#4295 = EDGE_CURVE ( 'NONE', #2405, #2630, #1436, .T. ) ;
#4296 = CARTESIAN_POINT ( 'NONE',  ( 161.1034613306406129, 19.22339652012901468, -238.3029468246207045 ) ) ;
#4297 = CIRCLE ( 'NONE', #3986, 0.7499999999999729106 ) ;
#4298 = CARTESIAN_POINT ( 'NONE',  ( 162.8319158494194312, 19.22219652012901037, -248.9186539216806011 ) ) ;
#4299 = ORIENTED_EDGE ( 'NONE', *, *, #668, .F. ) ;
#4300 = DIRECTION ( 'NONE',  ( 0.000000000000000000, 1.000000000000000000, 0.000000000000000000 ) ) ;
#4301 = CARTESIAN_POINT ( 'NONE',  ( 178.6139385461907807, 17.22219652012930879, -237.4873181540921792 ) ) ;
#4302 = CARTESIAN_POINT ( 'NONE',  ( 174.9601208329212625, 17.82429823304926941, -232.8524111539393289 ) ) ;
#4303 = CARTESIAN_POINT ( 'NONE',  ( 162.7770507443203485, 19.22339652012901468, -252.5280985835861713 ) ) ;
#4304 = CARTESIAN_POINT ( 'NONE',  ( 160.5438730707764421, 15.52219652012900930, -231.3580506350464532 ) ) ;
#4305 = B_SPLINE_CURVE_WITH_KNOTS ( 'NONE', 3,
 ( #726, #818, #1559, #4498, #3030, #2741, #1137, #408, #1906, #4524, #2715, #1585, #1160, #1214, #3837, #3395, #429, #790, #3810, #4230, #2662, #1929, #63, #3418, #3474, #3056, #3084, #4575, #1187, #769, #115, #2686, #385, #17, #4204, #4179, #2638, #455, #842, #1953, #1610, #4601, #868, #4133, #87, #2338, #2364, #1883, #2266, #3762, #3887, #3223, #2790, #4694, #2766, #3176, #2417, #4648 ),
 .UNSPECIFIED., .F., .F.,
 ( 4, 2, 2, 2, 2, 2, 2, 2, 2, 2, 2, 2, 2, 2, 2, 2, 2, 2, 2, 2, 2, 2, 2, 2, 2, 2, 2, 2, 4 ),
 ( 0.000000000000000000, 0.1250000000000000000, 0.1875000000000000000, 0.2500000000000000000, 0.3125000000000000000, 0.3437500000000000000, 0.3750000000000000000, 0.3906250000000000000, 0.4062500000000000000, 0.4218750000000000000, 0.4375000000000000000, 0.5000000000000000000, 0.6250000000000000000, 0.6562500000000000000, 0.6718750000000000000, 0.6875000000000000000, 0.7031250000000000000, 0.7109375000000000000, 0.7187500000000000000, 0.7265625000000000000, 0.7343750000000000000, 0.7500000000000000000, 0.7812500000000000000, 0.8125000000000000000, 0.8750000000000000000, 0.9062500000000000000, 0.9375000000000000000, 0.9687500000000000000, 1.000000000000000000 ),
 .UNSPECIFIED. ) ;
#4306 = CARTESIAN_POINT ( 'NONE',  ( 177.4081389485216391, 19.04383229098946373, -244.1155678150713015 ) ) ;
#4307 = CARTESIAN_POINT ( 'NONE',  ( 172.2104939463372375, 18.72219652012903168, -253.1749324563490973 ) ) ;
#4308 = CARTESIAN_POINT ( 'NONE',  ( 162.0712703249659796, 18.72219652012902813, -242.0315507200104719 ) ) ;
#4309 = CONICAL_SURFACE ( 'NONE', #2598, 0.5000000000000004441, 0.7853981633974369547 ) ;
#4310 = CARTESIAN_POINT ( 'NONE',  ( 173.5712593382957039, 18.72219652012901747, -236.4160966309486298 ) ) ;
#4311 = CARTESIAN_POINT ( 'NONE',  ( 173.7070178282889117, 19.22219652012901037, -252.5099998002451969 ) ) ;
#4312 = CARTESIAN_POINT ( 'NONE',  ( 162.3076343157719066, 17.22219652012899616, -234.3120151653768062 ) ) ;
#4313 = CARTESIAN_POINT ( 'NONE',  ( 171.7187445073639367, 19.22339652012901468, -255.7247326500868780 ) ) ;
#4314 = CARTESIAN_POINT ( 'NONE',  ( 167.9422486560655727, 19.22219652012900681, -253.7122037173466538 ) ) ;
#4315 = DIRECTION ( 'NONE',  ( 0.000000000000000000, -0.000000000000000000, -1.000000000000000000 ) ) ;
#4316 = CARTESIAN_POINT ( 'NONE',  ( 160.1411017311235128, 16.82099652012858115, -237.2383522673575271 ) ) ;
#4317 = CARTESIAN_POINT ( 'NONE',  ( 162.6465125936859977, 19.22219652012901747, -248.6300554223668087 ) ) ;
#4318 = ORIENTED_EDGE ( 'NONE', *, *, #3631, .T. ) ;
#4319 = ADVANCED_FACE ( 'NONE', ( #1268 ), #3434, .T. ) ;
#4320 = B_SPLINE_CURVE_WITH_KNOTS ( 'NONE', 3,
 ( #3441, #834, #4837, #80, #4469, #1921, #1206, #3803, #3410, #2679 ),
 .UNSPECIFIED., .F., .F.,
 ( 4, 3, 3, 4 ),
 ( 0.0006651925968119087006, 0.0006942247624841784565, 0.001388449524930698668, 0.002309433768278063188 ),
 .UNSPECIFIED. ) ;
#4321 = ORIENTED_EDGE ( 'NONE', *, *, #809, .F. ) ;
#4322 = APPLICATION_PROTOCOL_DEFINITION ( 'draft international standard', 'automotive_design', 1998, #1658 ) ;
#4323 = CARTESIAN_POINT ( 'NONE',  ( 159.6850958819996151, 18.97219652012900326, -235.4411155843643826 ) ) ;
#4324 = CARTESIAN_POINT ( 'NONE',  ( 171.3990474778674411, 18.72219652012903524, -235.0088519913935841 ) ) ;
#4325 = EDGE_LOOP ( 'NONE', ( #989, #1856, #3053, #504, #1625, #4814, #1508, #1895 ) ) ;
#4326 = DIRECTION ( 'NONE',  ( -1.000000000000000000, 0.000000000000000000, -1.640830186961978173E-15 ) ) ;
#4327 = CARTESIAN_POINT ( 'NONE',  ( 165.3943069546353968, 19.22339652012901468, -255.3852663593854686 ) ) ;
#4328 = CARTESIAN_POINT ( 'NONE',  ( 178.3064861064084710, 15.71893867630114450, -257.1254555092597798 ) ) ;
#4329 = DIRECTION ( 'NONE',  ( 0.000000000000000000, 0.000000000000000000, 1.000000000000000000 ) ) ;
#4330 = CARTESIAN_POINT ( 'NONE',  ( 177.5863128112302149, 19.22219652012901747, -244.0980499680086382 ) ) ;
#4331 = CARTESIAN_POINT ( 'NONE',  ( 167.7893770128521851, 18.72219652012902102, -235.0159566109854268 ) ) ;
#4332 = CARTESIAN_POINT ( 'NONE',  ( 176.0990213459403435, 18.72219652012902102, -240.3660379361193407 ) ) ;
#4333 = CARTESIAN_POINT ( 'NONE',  ( 173.0999563276736239, 19.22219652012901392, -253.2675850079477016 ) ) ;
#4334 = CARTESIAN_POINT ( 'NONE',  ( 177.0865232683201782, 18.72219652012903879, -244.1191330872240428 ) ) ;
#4335 = CARTESIAN_POINT ( 'NONE',  ( 176.5016091480074749, 16.82099652012901103, -254.4227318355453065 ) ) ;
#4336 = CARTESIAN_POINT ( 'NONE',  ( 165.9313865821310401, 18.72219652012901392, -252.7171807910106907 ) ) ;
#4337 = CARTESIAN_POINT ( 'NONE',  ( 169.9765638399784962, 17.67599996802287876, -256.6081642573832937 ) ) ;
#4338 = CARTESIAN_POINT ( 'NONE',  ( 167.6848402776134890, 19.22219652012901037, -234.5135870443462807 ) ) ;
#4339 = CARTESIAN_POINT ( 'NONE',  ( 163.7025149730660303, 19.22219652012900681, -250.2692247094181539 ) ) ;
#4340 = ORIENTED_EDGE ( 'NONE', *, *, #1661, .F. ) ;
#4341 = VERTEX_POINT ( 'NONE', #4155 ) ;
#4342 = CARTESIAN_POINT ( 'NONE',  ( 159.3890696015210153, 17.22219652012756796, -249.2980090843563517 ) ) ;
#4343 = CARTESIAN_POINT ( 'NONE',  ( 161.7830824459745145, 16.87219652012900895, -244.1155672618047277 ) ) ;
#4344 = AXIS2_PLACEMENT_3D ( 'NONE', #1533, #725, #2286 ) ;
#4345 = LINE ( 'NONE', #208, #4282 ) ;
#4346 = CARTESIAN_POINT ( 'NONE',  ( 175.2631425369487772, 19.22339652012901468, -234.4555924809667147 ) ) ;
#4347 = EDGE_CURVE ( 'NONE', #1837, #1302, #1834, .T. ) ;
#4348 = CARTESIAN_POINT ( 'NONE',  ( 176.7247031563961741, 17.22219652012930879, -234.5592394508135783 ) ) ;
#4349 = CARTESIAN_POINT ( 'NONE',  ( 171.0672301342728474, 18.95632197621556259, -255.8689700013037509 ) ) ;
#4350 = VERTEX_POINT ( 'NONE', #1882 ) ;
#4351 = CARTESIAN_POINT ( 'NONE',  ( 162.6114796184138527, 16.82099652012901103, -254.7717293836495571 ) ) ;
#4352 = CARTESIAN_POINT ( 'NONE',  ( 173.1760809213880918, 16.22219652012901037, -235.8325164539025423 ) ) ;
#4353 = CARTESIAN_POINT ( 'NONE',  ( 167.8094379748197866, 17.79826193979489446, -256.5375762750690569 ) ) ;
#4354 = ORIENTED_EDGE ( 'NONE', *, *, #1539, .T. ) ;
#4355 = AXIS2_PLACEMENT_3D ( 'NONE', #3298, #2190, #334 ) ;
#4356 = CARTESIAN_POINT ( 'NONE',  ( 161.3158863449104672, 19.22219652012901037, -243.3302478493286856 ) ) ;
#4357 = CARTESIAN_POINT ( 'NONE',  ( 176.2759516472991379, 19.22219652012900681, -239.6852620153936186 ) ) ;
#4358 = CARTESIAN_POINT ( 'NONE',  ( 176.9080298993358440, 18.72219652012902102, -242.4514001102961060 ) ) ;
#4359 = CARTESIAN_POINT ( 'NONE',  ( 172.3867516579393850, 19.22219652012901392, -253.6459453114566713 ) ) ;
#4360 = CARTESIAN_POINT ( 'NONE',  ( 177.0825797974118245, 18.72219652012902458, -243.7796447271203135 ) ) ;
#4361 = CARTESIAN_POINT ( 'NONE',  ( 178.6605212858950438, 16.82099652012901103, -251.0978464582593404 ) ) ;
#4362 = CARTESIAN_POINT ( 'NONE',  ( 165.3376145564736532, 18.72219652012902102, -251.8745535878205146 ) ) ;
#4363 = CARTESIAN_POINT ( 'NONE',  ( 180.3705911475480548, 17.22219652012867641, -246.9992508699141069 ) ) ;
#4364 = CARTESIAN_POINT ( 'NONE',  ( 167.5778745979298492, 19.22219652012901037, -234.5111234137160636 ) ) ;
#4365 = CARTESIAN_POINT ( 'NONE',  ( 162.8268958989710598, 19.22219652012901747, -248.9109151912626601 ) ) ;
#4366 = EDGE_LOOP ( 'NONE', ( #4825, #4168 ) ) ;
#4367 = ORIENTED_EDGE ( 'NONE', *, *, #3994, .F. ) ;
#4368 = CARTESIAN_POINT ( 'NONE',  ( 164.8604591115004041, 19.22219652012901392, -255.0871205033145657 ) ) ;
#4369 = FACE_OUTER_BOUND ( 'NONE', #2360, .T. ) ;
#4370 = AXIS2_PLACEMENT_3D ( 'NONE', #1128, #4567, #3388 ) ;
#4371 = CARTESIAN_POINT ( 'NONE',  ( 174.7727960921571366, 19.22339652012901468, -233.8142513437432513 ) ) ;
#4372 = CARTESIAN_POINT ( 'NONE',  ( 170.5343807749677865, 19.22219652012900326, -234.5268350160489774 ) ) ;
#4373 = ORIENTED_EDGE ( 'NONE', *, *, #3069, .T. ) ;
#4374 = LINE ( 'NONE', #2515, #4583 ) ;
#4375 = VERTEX_POINT ( 'NONE', #1490 ) ;
#4376 = VECTOR ( 'NONE', #363, 1000.000000000000000 ) ;
#4377 = CARTESIAN_POINT ( 'NONE',  ( 163.1989616916177113, 16.82099652012901103, -255.4917830150226905 ) ) ;
#4378 = CARTESIAN_POINT ( 'NONE',  ( 178.6732189746784059, 17.22219652012900681, -252.0765106395531632 ) ) ;
#4379 = CONICAL_SURFACE ( 'NONE', #1881, 15.35000000000002984, 0.7853981633974378429 ) ;
#4380 = CARTESIAN_POINT ( 'NONE',  ( 163.9478820829293113, 15.52219652012900575, -238.5229682066365058 ) ) ;
#4381 = VERTEX_POINT ( 'NONE', #4843 ) ;
#4382 = B_SPLINE_CURVE_WITH_KNOTS ( 'NONE', 3,
 ( #3456, #94, #2645, #774, #2271, #413, #1912, #1542, #1591, #4533, #3090, #3844, #1166, #2669 ),
 .UNSPECIFIED., .F., .F.,
 ( 4, 2, 2, 2, 2, 2, 4 ),
 ( 0.004591871170160974694, 0.006119161633200615770, 0.006882806864720485314, 0.007646452096240354858, 0.009173742559280023690, 0.009937387790799820375, 0.01070103302231961706 ),
 .UNSPECIFIED. ) ;
#4383 = EDGE_CURVE ( 'NONE', #1919, #1286, #3103, .T. ) ;
#4384 = CARTESIAN_POINT ( 'NONE',  ( 166.2455144704069596, 18.72219652012902102, -235.2275028978770024 ) ) ;
#4385 = CARTESIAN_POINT ( 'NONE',  ( 176.3960271732025262, 19.22219652012902102, -239.8809720174112954 ) ) ;
#4386 = CARTESIAN_POINT ( 'NONE',  ( 177.0862703194856351, 18.72219652012902102, -243.9321450759182710 ) ) ;
#4387 = CARTESIAN_POINT ( 'NONE',  ( 176.0604600676975053, 19.22219652012901037, -248.8834725470035778 ) ) ;
#4388 = CARTESIAN_POINT ( 'NONE',  ( 177.0821670170745392, 18.72219652012902458, -243.7441144590286513 ) ) ;
#4389 = CARTESIAN_POINT ( 'NONE',  ( 176.1940920837143665, 16.82099652012901103, -254.8629170566860012 ) ) ;
#4390 = CARTESIAN_POINT ( 'NONE',  ( 162.5256848929479645, 18.72219652012902813, -247.3925633013113270 ) ) ;
#4391 = CARTESIAN_POINT ( 'NONE',  ( 178.2014989807422296, 17.22219652012810087, -251.3818228956864402 ) ) ;
#4392 = CARTESIAN_POINT ( 'NONE',  ( 160.8054444874079252, 16.82099652012901103, -236.2062217870760890 ) ) ;
#4393 = CARTESIAN_POINT ( 'NONE',  ( 162.8736902695921742, 19.22219652012901392, -248.9830218079565327 ) ) ;
#4394 = ORIENTED_EDGE ( 'NONE', *, *, #4089, .F. ) ;
#4395 = DIRECTION ( 'NONE',  ( 0.000000000000000000, 0.000000000000000000, 1.000000000000000000 ) ) ;
#4396 = CARTESIAN_POINT ( 'NONE',  ( 178.9618437490498764, 16.22219652012901037, -252.5339529300433128 ) ) ;
#4397 = CARTESIAN_POINT ( 'NONE',  ( 178.9618437490498764, 16.22219652012901037, -252.5339529300433128 ) ) ;
#4398 = CARTESIAN_POINT ( 'NONE',  ( 178.1209442448187019, 19.22339652012957245, -238.8683556930665475 ) ) ;
#4399 = CARTESIAN_POINT ( 'NONE',  ( 177.0852645266154752, 18.72219652012902458, -244.2204004257997951 ) ) ;
#4400 = ORIENTED_EDGE ( 'NONE', *, *, #2561, .T. ) ;
#4401 = LINE ( 'NONE', #2121, #3491 ) ;
#4402 = ORIENTED_EDGE ( 'NONE', *, *, #3391, .T. ) ;
#4403 = CARTESIAN_POINT ( 'NONE',  ( 162.8819071749651926, 16.82099652012858115, -255.1290700879284543 ) ) ;
#4404 = CARTESIAN_POINT ( 'NONE',  ( 161.7663960669892731, 15.52219652012900930, -245.5518554407119041 ) ) ;
#4405 = CARTESIAN_POINT ( 'NONE',  ( 165.4445707411620390, 18.72219652013330915, -236.1418852393846635 ) ) ;
#4406 = ORIENTED_EDGE ( 'NONE', *, *, #630, .F. ) ;
#4407 = CARTESIAN_POINT ( 'NONE',  ( 167.5974300788302571, 18.72219652012902458, -235.0117046186988432 ) ) ;
#4408 = CARTESIAN_POINT ( 'NONE',  ( 175.2516263778563257, 19.22219652012900681, -238.0937137739453817 ) ) ;
#4409 = EDGE_CURVE ( 'NONE', #1254, #4646, #4120, .T. ) ;
#4410 = CARTESIAN_POINT ( 'NONE',  ( 176.8432171853852708, 18.72219652012902813, -242.1893381266345386 ) ) ;
#4411 = CARTESIAN_POINT ( 'NONE',  ( 175.0751860538497624, 19.22219652012901037, -250.4124093596481941 ) ) ;
#4412 = DIRECTION ( 'NONE',  ( 1.000000000000000000, 0.000000000000000000, 8.361120501153439065E-16 ) ) ;
#4413 = CARTESIAN_POINT ( 'NONE',  ( 165.2730144419532508, 18.04694370689072969, -256.0952313662367601 ) ) ;
#4414 = CARTESIAN_POINT ( 'NONE',  ( 161.9385131734228480, 18.72219652012901747, -245.6740852800739390 ) ) ;
#4415 = CARTESIAN_POINT ( 'NONE',  ( 173.1760809213880918, 16.22219652012901037, -236.5825164531965754 ) ) ;
#4416 = CARTESIAN_POINT ( 'NONE',  ( 159.9394987260397443, 16.82099652012901103, -237.5485765920839469 ) ) ;
#4417 = CARTESIAN_POINT ( 'NONE',  ( 165.0073443953210983, 19.22219652012900681, -252.2803204032127553 ) ) ;
#4418 = ORIENTED_EDGE ( 'NONE', *, *, #401, .F. ) ;
#4419 = CARTESIAN_POINT ( 'NONE',  ( 159.2540050746409293, 17.22219652012900681, -249.0202678002384289 ) ) ;
#4420 = CARTESIAN_POINT ( 'NONE',  ( 153.9992506100408320, 19.05666463199681004, -245.7000353736725344 ) ) ;
#4421 = CARTESIAN_POINT ( 'NONE',  ( 175.5356637383851535, 19.22339652012901468, -234.8564963170396993 ) ) ;
#4422 = CARTESIAN_POINT ( 'NONE',  ( 177.0809362218397496, 18.72219652012902813, -244.5929613624594765 ) ) ;
#4423 = EDGE_LOOP ( 'NONE', ( #2177, #2544, #4406, #1067 ) ) ;
#4424 = DIRECTION ( 'NONE',  ( -0.000000000000000000, 1.000000000000000000, -0.000000000000000000 ) ) ;
#4425 = CARTESIAN_POINT ( 'NONE',  ( 176.7034064588579270, 19.22219652012899971, -247.7952636275407770 ) ) ;
#4426 = EDGE_LOOP ( 'NONE', ( #2384, #4761, #1367, #188, #2126, #4373 ) ) ;
#4427 = CARTESIAN_POINT ( 'NONE',  ( 160.2116684457493534, 16.82099652012901103, -251.1018407091114000 ) ) ;
#4428 = CARTESIAN_POINT ( 'NONE',  ( 166.9926949515727586, 15.52219652012900930, -253.2312036102878778 ) ) ;
#4429 = CIRCLE ( 'NONE', #1215, 0.5000000000000004441 ) ;
#4430 = CARTESIAN_POINT ( 'NONE',  ( 159.7485813793279021, 18.55728401085765711, -248.2494546780793598 ) ) ;
#4431 = VERTEX_POINT ( 'NONE', #4086 ) ;
#4432 = CARTESIAN_POINT ( 'NONE',  ( 166.6688541246895738, 18.72219652012902813, -235.0548248381807070 ) ) ;
#4433 = CARTESIAN_POINT ( 'NONE',  ( 175.4971198147040354, 19.22219652012901037, -238.4759475210580035 ) ) ;
#4434 = CARTESIAN_POINT ( 'NONE',  ( 175.9315001297880201, 19.22219652012901037, -239.1490299569092599 ) ) ;
#4435 = CARTESIAN_POINT ( 'NONE',  ( 175.3646850437235969, 19.22219652012900681, -249.9612927219400831 ) ) ;
#4436 = CARTESIAN_POINT ( 'NONE',  ( 177.0865009310982998, 18.72219652012900681, -244.1171531705745679 ) ) ;
#4437 = CARTESIAN_POINT ( 'NONE',  ( 163.2261744964951049, 18.72219652012902813, -248.6077373663489993 ) ) ;
#4438 = AXIS2_PLACEMENT_3D ( 'NONE', #3540, #3956, #892 ) ;
#4439 = CARTESIAN_POINT ( 'NONE',  ( 180.1641337508214349, 17.22219652012810087, -247.6952492847918279 ) ) ;
#4440 = EDGE_CURVE ( 'NONE', #2918, #982, #1611, .T. ) ;
#4441 = CARTESIAN_POINT ( 'NONE',  ( 165.5101470416898053, 19.22219652012901392, -235.2399862825164973 ) ) ;
#4442 = CARTESIAN_POINT ( 'NONE',  ( 164.2728880469502428, 19.22219652012901037, -251.1567988984538147 ) ) ;
#4443 = EDGE_LOOP ( 'NONE', ( #2654, #594, #3518, #3022 ) ) ;
#4444 = EDGE_CURVE ( 'NONE', #2907, #3437, #2221, .T. ) ;
#4445 = EDGE_CURVE ( 'NONE', #1262, #3470, #2131, .T. ) ;
#4446 = CARTESIAN_POINT ( 'NONE',  ( 160.7387512884004366, 17.22219652012756796, -251.4911910006218818 ) ) ;
#4447 = CARTESIAN_POINT ( 'NONE',  ( 177.0864824478727257, 15.52219652012900930, -244.1155672618047277 ) ) ;
#4448 = EDGE_CURVE ( 'NONE', #377, #3129, #3373, .T. ) ;
#4449 = PLANE ( 'NONE',  #2153 ) ;
#4450 = ORIENTED_EDGE ( 'NONE', *, *, #2201, .F. ) ;
#4451 = CARTESIAN_POINT ( 'NONE',  ( 169.4347824459745198, 19.22219652012901037, -244.1155672618047277 ) ) ;
#4452 = CARTESIAN_POINT ( 'NONE',  ( 177.1295679690817053, 19.22219652012900326, -246.8007824898852505 ) ) ;
#4453 = ORIENTED_EDGE ( 'NONE', *, *, #2982, .T. ) ;
#4454 = CARTESIAN_POINT ( 'NONE',  ( 162.4266233525937366, 17.22219652012900681, -234.1350344563643944 ) ) ;
#4455 = AXIS2_PLACEMENT_3D ( 'NONE', #3181, #967, #2465 ) ;
#4456 = CARTESIAN_POINT ( 'NONE',  ( 173.4249941511278905, 18.72219652012902813, -236.1418852387016614 ) ) ;
#4457 = CARTESIAN_POINT ( 'NONE',  ( 160.6097880821871513, 18.01646062154369332, -235.0469087461931679 ) ) ;
#4458 = AXIS2_PLACEMENT_3D ( 'NONE', #1612, #3110, #4602 ) ;
#4459 = CARTESIAN_POINT ( 'NONE',  ( 165.8663240959876646, 19.22219652012900681, -234.8837598679583039 ) ) ;
#4460 = CARTESIAN_POINT ( 'NONE',  ( 175.7906279421584088, 19.22219652012901037, -238.9314704061238785 ) ) ;
#4461 = CARTESIAN_POINT ( 'NONE',  ( 177.5544030797913706, 19.22219652012901392, -243.3238077962577677 ) ) ;
#4462 = CARTESIAN_POINT ( 'NONE',  ( 176.0576399754286570, 19.22219652012901037, -248.8878201359296725 ) ) ;
#4463 = CARTESIAN_POINT ( 'NONE',  ( 175.6669277641981921, 18.72219652012902813, -248.5714217633056080 ) ) ;
#4464 = CARTESIAN_POINT ( 'NONE',  ( 167.7251169462862208, 18.72219652012903168, -253.2165099800625114 ) ) ;
#4465 = CARTESIAN_POINT ( 'NONE',  ( 176.5936601760002986, 17.22219652012810087, -253.8707519665379664 ) ) ;
#4466 = CARTESIAN_POINT ( 'NONE',  ( 165.4320211326905223, 19.22219652012900681, -235.3406371081044313 ) ) ;
#4467 = CARTESIAN_POINT ( 'NONE',  ( 164.6263885079187617, 19.22219652012900681, -251.7023973548682818 ) ) ;
#4468 = ORIENTED_EDGE ( 'NONE', *, *, #2920, .F. ) ;
#4469 = CARTESIAN_POINT ( 'NONE',  ( 171.0615184103936883, 18.02380671897682163, -231.8237765815801481 ) ) ;
#4470 = CARTESIAN_POINT ( 'NONE',  ( 159.6234154804917580, 18.22390595884537490, -239.7892039375182094 ) ) ;
#4471 = CARTESIAN_POINT ( 'NONE',  ( 178.8081885456128646, 16.82099652012901103, -237.3611406904538796 ) ) ;
#4472 = B_SPLINE_CURVE_WITH_KNOTS ( 'NONE', 3,
 ( #2629, #398, #1200, #2300, #103, #1894 ),
 .UNSPECIFIED., .F., .F.,
 ( 4, 1, 1, 4 ),
 ( 0.000000000000000000, 0.1793389771629854967, 0.2257350516910193727, 0.3097447470898442856 ),
 .UNSPECIFIED. ) ;
#4473 = ADVANCED_FACE ( 'NONE', ( #3348 ), #4850, .T. ) ;
#4474 = ORIENTED_EDGE ( 'NONE', *, *, #2050, .T. ) ;
#4475 = CARTESIAN_POINT ( 'NONE',  ( 172.8445567069338153, 19.22339652012901468, -255.5930044171436180 ) ) ;
#4476 = CARTESIAN_POINT ( 'NONE',  ( 177.5864158108352342, 19.22219652012902458, -244.1069325241432182 ) ) ;
#4477 = B_SPLINE_CURVE_WITH_KNOTS ( 'NONE', 3,
 ( #2538, #3642, #2094, #2813, #4034, #285, #987, #675, #2171, #235, #3225, #4719, #3178, #1365, #2862, #4671, #1313, #4301, #4696, #940, #1342, #2441, #3936, #2071, #3563, #4348, #2486, #781, #3407, #76 ),
 .UNSPECIFIED., .F., .F.,
 ( 4, 2, 2, 2, 2, 2, 2, 2, 2, 2, 2, 2, 2, 2, 4 ),
 ( 0.000000000000000000, 0.002057690050756824564, 0.003091152185985750027, 0.004124614321214675923, 0.005158076456443601819, 0.005674807524058064767, 0.006191538591672528583, 0.006449904125479759623, 0.006708269659286989796, 0.006966635193094222571, 0.007225000726901453611, 0.008258462862130378640, 0.01032538713258823043, 0.01084211820020269425, 0.01102712398414059346 ),
 .UNSPECIFIED. ) ;
#4478 = CARTESIAN_POINT ( 'NONE',  ( 165.9623595146088917, 16.02219652012900752, -238.3229177375647510 ) ) ;
#4479 = CARTESIAN_POINT ( 'NONE',  ( 161.7830824459745145, 15.52219652012900930, -244.1155672618047277 ) ) ;
#4480 = CARTESIAN_POINT ( 'NONE',  ( 167.8007185060000666, 19.22219652012901037, -255.7154672618047755 ) ) ;
#4481 = CARTESIAN_POINT ( 'NONE',  ( 162.9457289648752294, 19.22219652012900681, -239.1372037705897640 ) ) ;
#4482 = CARTESIAN_POINT ( 'NONE',  ( 173.8341208537576392, 19.22219652012901392, -235.9087474328002543 ) ) ;
#4483 = CARTESIAN_POINT ( 'NONE',  ( 177.0810080762057623, 19.22219652012900326, -241.2973619510689787 ) ) ;
#4484 = CARTESIAN_POINT ( 'NONE',  ( 174.5779886995959203, 19.22219652012901747, -251.1857786743076417 ) ) ;
#4485 = CARTESIAN_POINT ( 'NONE',  ( 176.9074263256505333, 18.72219652012901747, -245.7823994476763403 ) ) ;
#4486 = CARTESIAN_POINT ( 'NONE',  ( 160.1992366840925399, 19.22219652012901392, -248.3238430897069406 ) ) ;
#4487 = CARTESIAN_POINT ( 'NONE',  ( 178.3540969590482632, 19.22219652012901392, -248.9542079495622033 ) ) ;
#4488 = CARTESIAN_POINT ( 'NONE',  ( 166.9627700868857119, 19.22219652012900681, -234.5141851587602844 ) ) ;
#4489 = CARTESIAN_POINT ( 'NONE',  ( 164.9719772615528939, 19.22219652012901392, -252.2273977148205688 ) ) ;
#4490 = DIRECTION ( 'NONE',  ( 0.000000000000000000, -1.000000000000000000, 0.000000000000000000 ) ) ;
#4491 = ORIENTED_EDGE ( 'NONE', *, *, #4111, .F. ) ;
#4492 = CARTESIAN_POINT ( 'NONE',  ( 159.3993914572721167, 18.01932678068450500, -236.4049319403910374 ) ) ;
#4493 = CARTESIAN_POINT ( 'NONE',  ( 162.8066088463608878, 19.22219652012901747, -248.8797030470201150 ) ) ;
#4494 = CARTESIAN_POINT ( 'NONE',  ( 178.8965795643361503, 16.82099652012901103, -237.4972643291700081 ) ) ;
#4495 = EDGE_LOOP ( 'NONE', ( #2037, #2787, #4840, #4491, #1442, #2090, #2683, #2967 ) ) ;
#4496 = CARTESIAN_POINT ( 'NONE',  ( 177.5858502230420299, 19.22219652012901037, -244.0580785158376216 ) ) ;
#4497 = CARTESIAN_POINT ( 'NONE',  ( 163.1218879156061234, 17.55302687691186136, -233.4476771631684926 ) ) ;
#4498 = CARTESIAN_POINT ( 'NONE',  ( 179.3423309330277675, 19.22219652013013302, -241.8637263597184983 ) ) ;
#4499 = EDGE_CURVE ( 'NONE', #4646, #1212, #3356, .T. ) ;
#4500 = AXIS2_PLACEMENT_3D ( 'NONE', #2304, #1875, #3756 ) ;
#4501 = CARTESIAN_POINT ( 'NONE',  ( 163.9575818977288293, 19.22219652012901392, -233.9771010189960521 ) ) ;
#4502 = AXIS2_PLACEMENT_3D ( 'NONE', #1573, #761, #1502 ) ;
#4503 = CARTESIAN_POINT ( 'NONE',  ( 164.0855322083315286, 19.22219652012901747, -237.3650986562637115 ) ) ;
#4504 = EDGE_CURVE ( 'NONE', #598, #1395, #3882, .T. ) ;
#4505 = CARTESIAN_POINT ( 'NONE',  ( 172.1259357590123216, 19.22219652012901037, -234.5349171426832697 ) ) ;
#4506 = CONICAL_SURFACE ( 'NONE', #1532, 13.35000000000000142, 0.5235987755983000369 ) ;
#4507 = CARTESIAN_POINT ( 'NONE',  ( 175.5041837279455592, 19.22219652012900326, -238.4869784565262023 ) ) ;
#4508 = CARTESIAN_POINT ( 'NONE',  ( 160.0893745497946554, 15.82219652012900646, -231.7497534489568807 ) ) ;
#4509 = CARTESIAN_POINT ( 'NONE',  ( 175.3942197782793073, 18.72219652012902458, -248.9919149439580508 ) ) ;
#4510 = AXIS2_PLACEMENT_3D ( 'NONE', #1523, #4563, #2277 ) ;
#4511 = CARTESIAN_POINT ( 'NONE',  ( 168.2653633174774086, 18.72219652012901747, -253.2056028521871269 ) ) ;
#4512 = CARTESIAN_POINT ( 'NONE',  ( 175.4490160604889866, 19.22219652012901392, -253.5050190548766693 ) ) ;
#4513 = CARTESIAN_POINT ( 'NONE',  ( 165.4865922658649140, 19.22219652012901747, -235.2694990774474206 ) ) ;
#4514 = CARTESIAN_POINT ( 'NONE',  ( 166.4775698732356375, 19.22219652012901392, -253.6445206233046576 ) ) ;
#4515 = DIRECTION ( 'NONE',  ( 0.000000000000000000, 0.7071067811865573427, 0.7071067811865378028 ) ) ;
#4516 = EDGE_LOOP ( 'NONE', ( #693, #627, #544, #1047 ) ) ;
#4517 = CARTESIAN_POINT ( 'NONE',  ( 162.1242714587529292, 18.72219652012902813, -241.8566767228985555 ) ) ;
#4518 = CARTESIAN_POINT ( 'NONE',  ( 169.4347824459745198, 19.22219652012901037, -244.1155672618047277 ) ) ;
#4519 = CARTESIAN_POINT ( 'NONE',  ( 162.6343222655752072, 19.22219652012899971, -248.6109576204581231 ) ) ;
#4520 = CARTESIAN_POINT ( 'NONE',  ( 179.0757467123815445, 19.22339652012787781, -240.9259922587573328 ) ) ;
#4521 = ORIENTED_EDGE ( 'NONE', *, *, #3841, .T. ) ;
#4522 = CARTESIAN_POINT ( 'NONE',  ( 173.5877516910357485, 19.22219652012900326, -252.6824983873794963 ) ) ;
#4523 = CARTESIAN_POINT ( 'NONE',  ( 162.0242243093434809, 16.82099652012901103, -253.9103450508399931 ) ) ;
#4524 = CARTESIAN_POINT ( 'NONE',  ( 178.3607780410264922, 19.22219652012901392, -239.2893323275278874 ) ) ;
#4525 = CARTESIAN_POINT ( 'NONE',  ( 163.1781831784837777, 19.22219652012901392, -235.0891336220503547 ) ) ;
#4526 = CARTESIAN_POINT ( 'NONE',  ( 162.9109578957770168, 19.22219652012900681, -239.1907660364825574 ) ) ;
#4527 = CARTESIAN_POINT ( 'NONE',  ( 172.5695423951684973, 19.22219652012901747, -234.6428915268122353 ) ) ;
#4528 = AXIS2_PLACEMENT_3D ( 'NONE', #559, #2490, #2054 ) ;
#4529 = CARTESIAN_POINT ( 'NONE',  ( 172.9820171181797548, 18.72219652012903524, -235.5684260473998108 ) ) ;
#4530 = CIRCLE ( 'NONE', #696, 0.5999999999999894307 ) ;
#4531 = CARTESIAN_POINT ( 'NONE',  ( 177.1309558288826622, 19.22219652012901747, -241.4342559733316875 ) ) ;
#4532 = EDGE_CURVE ( 'NONE', #3826, #1635, #4229, .T. ) ;
#4533 = CARTESIAN_POINT ( 'NONE',  ( 172.3423908756992944, 17.98098832494427413, -256.4125499178253449 ) ) ;
#4534 = CARTESIAN_POINT ( 'NONE',  ( 176.6811191277583930, 18.72219652012903168, -246.5686008093641419 ) ) ;
#4535 = CARTESIAN_POINT ( 'NONE',  ( 167.7973373474279413, 18.72219652012902458, -253.2150178421620978 ) ) ;
#4536 = CARTESIAN_POINT ( 'NONE',  ( 176.5227279977817432, 19.22219652012673663, -251.8598513260442644 ) ) ;
#4537 = CARTESIAN_POINT ( 'NONE',  ( 166.5597259600183122, 19.22219652012901747, -234.5662634965161999 ) ) ;
#4538 = CARTESIAN_POINT ( 'NONE',  ( 167.5467462596215285, 19.22219652012901747, -253.7207006124083080 ) ) ;
#4539 = CARTESIAN_POINT ( 'NONE',  ( 178.7801903421543557, 18.52219652012901108, -256.4813810746526315 ) ) ;
#4540 = VERTEX_POINT ( 'NONE', #891 ) ;
#4541 = CARTESIAN_POINT ( 'NONE',  ( 162.6609705137397555, 18.72219652012902458, -240.5690628171625463 ) ) ;
#4542 = CARTESIAN_POINT ( 'NONE',  ( 179.5291062588172508, 15.71893867630115516, -256.2014658552607216 ) ) ;
#4543 = CARTESIAN_POINT ( 'NONE',  ( 162.4999781372098653, 19.22219652012900326, -248.3938861071054305 ) ) ;
#4544 = CARTESIAN_POINT ( 'NONE',  ( 171.7562540640013822, 16.82099652012959012, -231.1194267765519328 ) ) ;
#4545 = CARTESIAN_POINT ( 'NONE',  ( 176.8763949481555073, 17.22219652012900681, -251.3086795556228594 ) ) ;
#4546 = ORIENTED_EDGE ( 'NONE', *, *, #4170, .F. ) ;
#4547 = CARTESIAN_POINT ( 'NONE',  ( 171.3912826712038395, 19.22219652012902458, -253.7222300885598827 ) ) ;
#4548 = DIRECTION ( 'NONE',  ( -0.000000000000000000, 1.000000000000000000, -0.000000000000000000 ) ) ;
#4549 = CARTESIAN_POINT ( 'NONE',  ( 178.9618437490519511, 17.55618627686329702, -252.0339529300426591 ) ) ;
#4550 = CIRCLE ( 'NONE', #942, 12.19529946162073486 ) ;
#4551 = CARTESIAN_POINT ( 'NONE',  ( 167.5556951586590344, 19.22219652012901392, -232.5097425698043878 ) ) ;
#4552 = CARTESIAN_POINT ( 'NONE',  ( 165.2069261743990296, 19.22219652012900681, -235.6562981915475063 ) ) ;
#4553 = CARTESIAN_POINT ( 'NONE',  ( 171.6889113717530222, 19.22219652012901392, -234.5068725001795542 ) ) ;
#4554 = CARTESIAN_POINT ( 'NONE',  ( 172.5004698311074094, 18.72219652012902458, -235.1570792903945062 ) ) ;
#4555 = CARTESIAN_POINT ( 'NONE',  ( 173.1857858726346251, 19.22219652012902813, -235.0442669832942499 ) ) ;
#4556 = DIRECTION ( 'NONE',  ( 0.000000000000000000, 1.000000000000000000, 0.000000000000000000 ) ) ;
#4557 = CARTESIAN_POINT ( 'NONE',  ( 173.0409588054902201, 18.72219652012902813, -252.5861009675755042 ) ) ;
#4558 = CARTESIAN_POINT ( 'NONE',  ( 160.9072655801129770, 19.22219652012986657, -249.6237721042386966 ) ) ;
#4559 = CARTESIAN_POINT ( 'NONE',  ( 178.7154910815521305, 19.22219652012901392, -248.2289664927991737 ) ) ;
#4560 = EDGE_CURVE ( 'NONE', #4076, #2218, #3473, .T. ) ;
#4561 = CARTESIAN_POINT ( 'NONE',  ( 163.4905441094006733, 19.22219652012901392, -238.2921822321039826 ) ) ;
#4562 = CARTESIAN_POINT ( 'NONE',  ( 178.7801903421543557, 15.52219652012900930, -256.4813810746526315 ) ) ;
#4563 = DIRECTION ( 'NONE',  ( 0.000000000000000000, -1.000000000000000000, 0.000000000000000000 ) ) ;
#4564 = EDGE_LOOP ( 'NONE', ( #426, #1657, #1440, #3774 ) ) ;
#4565 = CARTESIAN_POINT ( 'NONE',  ( 167.8080490390269688, 18.02343156144960901, -256.4075745333933583 ) ) ;
#4566 = CARTESIAN_POINT ( 'NONE',  ( 165.4075772241751281, 18.72219652012903524, -236.2513475321242993 ) ) ;
#4567 = DIRECTION ( 'NONE',  ( -0.000000000000000000, -1.000000000000000000, 0.000000000000000000 ) ) ;
#4568 = CARTESIAN_POINT ( 'NONE',  ( 173.1760809213880918, 15.52219652012900930, -235.8325164539025423 ) ) ;
#4569 = CARTESIAN_POINT ( 'NONE',  ( 176.0119803501801243, 16.82099652012901103, -233.1346913350978411 ) ) ;
#4570 = CARTESIAN_POINT ( 'NONE',  ( 178.9618437490498764, 16.22219652012901037, -253.0339529300433128 ) ) ;
#4571 = B_SPLINE_CURVE_WITH_KNOTS ( 'NONE', 3,
 ( #2211, #2952, #4073, #1774, #1408, #1748, #3238, #3727, #3093, #4164, #3795, #3822, #778, #1520, #440, #5, #2232, #1225, #3361, #827, #2323, #3067, #1123, #1546, #2274, #3018, #2724, #4512, #1499, #1148, #373, #1939, #4536, #1869, #1915, #3432, #2997, #4188, #2648, #3750, #4143, #3770, #4585, #1891, #3459, #416, #4487, #3404, #4559, #2625, #73, #1570, #4214, #3382, #4119, #1197, #469, #3042 ),
 .UNSPECIFIED., .F., .F.,
 ( 4, 2, 2, 2, 2, 2, 2, 2, 2, 2, 2, 2, 2, 2, 2, 2, 2, 2, 2, 2, 2, 2, 2, 2, 2, 2, 2, 2, 4 ),
 ( 0.000000000000000000, 0.03125000000000000000, 0.06250000000000000000, 0.09375000000000000000, 0.1093750000000000000, 0.1250000000000000000, 0.1875000000000000000, 0.2031250000000000000, 0.2187500000000000000, 0.2500000000000000000, 0.2656250000000000000, 0.2812500000000000000, 0.3125000000000000000, 0.3281250000000000000, 0.3437500000000000000, 0.3750000000000000000, 0.5000000000000000000, 0.5625000000000000000, 0.5781250000000000000, 0.5937500000000000000, 0.6093750000000000000, 0.6250000000000000000, 0.6562500000000000000, 0.6875000000000000000, 0.7500000000000000000, 0.8125000000000000000, 0.8437500000000000000, 0.8750000000000000000, 1.000000000000000000 ),
 .UNSPECIFIED. ) ;
#4572 = ORIENTED_EDGE ( 'NONE', *, *, #809, .T. ) ;
#4573 = CARTESIAN_POINT ( 'NONE',  ( 172.1081225665114687, 19.22219652012900681, -253.6995396919876100 ) ) ;
#4574 = CARTESIAN_POINT ( 'NONE',  ( 176.5612256025006559, 18.72219652012901392, -247.2057740763812603 ) ) ;
#4575 = CARTESIAN_POINT ( 'NONE',  ( 175.5362398102994916, 19.22219652012901392, -234.8561114241184100 ) ) ;
#4576 = DIRECTION ( 'NONE',  ( 0.000000000000000000, 0.000000000000000000, -1.000000000000000000 ) ) ;
#4577 = CARTESIAN_POINT ( 'NONE',  ( 167.3107032840609065, 19.22339652012901468, -255.7244001158338733 ) ) ;
#4578 = CARTESIAN_POINT ( 'NONE',  ( 173.4490978059267263, 19.22219652012901037, -235.3558322981429853 ) ) ;
#4579 = CARTESIAN_POINT ( 'NONE',  ( 170.8292180011235644, 18.72219652012902458, -235.0210052769638764 ) ) ;
#4580 = CARTESIAN_POINT ( 'NONE',  ( 173.0812346606983851, 19.22219652012901037, -234.9470792509492014 ) ) ;
#4581 = CARTESIAN_POINT ( 'NONE',  ( 176.4640749126392620, 19.22219652012901392, -248.2340215625812903 ) ) ;
#4582 = CARTESIAN_POINT ( 'NONE',  ( 172.3866814347130401, 18.72219652012902102, -253.1227561074156256 ) ) ;
#4583 = VECTOR ( 'NONE', #286, 1000.000000000000114 ) ;
#4584 = CARTESIAN_POINT ( 'NONE',  ( 162.7764690197305413, 19.22219652012901392, -252.5284748964000698 ) ) ;
#4585 = CARTESIAN_POINT ( 'NONE',  ( 177.8964102603741253, 19.22219652012872615, -249.7261771836882644 ) ) ;
#4586 = CARTESIAN_POINT ( 'NONE',  ( 163.2035893525900860, 19.22219652012901037, -238.7382591471472040 ) ) ;
#4587 = CARTESIAN_POINT ( 'NONE',  ( 166.7251863151688553, 19.22219652012901392, -253.6936630028329205 ) ) ;
#4588 = CARTESIAN_POINT ( 'NONE',  ( 172.5087847538081860, 18.72219652012901392, -253.2866790042367882 ) ) ;
#4589 = ORIENTED_EDGE ( 'NONE', *, *, #1023, .F. ) ;
#4590 = CARTESIAN_POINT ( 'NONE',  ( 167.8055899546409364, 18.42404916653316960, -256.1762778512563727 ) ) ;
#4591 = CARTESIAN_POINT ( 'NONE',  ( 164.5061554525914573, 18.72219652012903168, -237.6354253011990352 ) ) ;
#4592 = CARTESIAN_POINT ( 'NONE',  ( 177.3947141914293582, 19.22219652012900681, -242.3228453578602455 ) ) ;
#4593 = CARTESIAN_POINT ( 'NONE',  ( 166.8795812637742983, 19.22219652012900326, -253.7116304612150373 ) ) ;
#4594 = CARTESIAN_POINT ( 'NONE',  ( 167.8007039168280414, 19.22339652012901468, -232.5163599223188271 ) ) ;
#4595 = CARTESIAN_POINT ( 'NONE',  ( 171.0945824448864414, 15.52219652012900930, -235.0156672555947353 ) ) ;
#4596 = ORIENTED_EDGE ( 'NONE', *, *, #3242, .F. ) ;
#4597 = EDGE_CURVE ( 'NONE', #4540, #2918, #1019, .T. ) ;
#4598 = CARTESIAN_POINT ( 'NONE',  ( 173.6491875455505181, 19.22219652012900681, -252.5942118839016359 ) ) ;
#4599 = ORIENTED_EDGE ( 'NONE', *, *, #370, .T. ) ;
#4600 = LINE ( 'NONE', #2388, #2585 ) ;
#4601 = CARTESIAN_POINT ( 'NONE',  ( 174.8263281079392755, 19.22219652012901392, -233.8749917256867548 ) ) ;
#4602 = DIRECTION ( 'NONE',  ( 0.000000000000000000, 0.000000000000000000, -1.000000000000000000 ) ) ;
#4603 = CARTESIAN_POINT ( 'NONE',  ( 167.8470570741103245, 19.22219652012900681, -234.5170159440696978 ) ) ;
#4604 = CARTESIAN_POINT ( 'NONE',  ( 171.4111109910240600, 19.22219652012900681, -234.5085764877007648 ) ) ;
#4605 = CARTESIAN_POINT ( 'NONE',  ( 172.2057746531381497, 18.72219652012902813, -235.0558852937165568 ) ) ;
#4606 = CARTESIAN_POINT ( 'NONE',  ( 173.5862210122361660, 19.22219652012902102, -235.5464537718197562 ) ) ;
#4607 = CARTESIAN_POINT ( 'NONE',  ( 176.4182235069026774, 19.22219652012901037, -248.3123828557724551 ) ) ;
#4608 = CARTESIAN_POINT ( 'NONE',  ( 170.8628749754094827, 18.72219652012902813, -253.2108062777945179 ) ) ;
#4609 = CONICAL_SURFACE ( 'NONE', #4212, 0.5999999999999894307, 0.7853981633974522758 ) ;
#4610 = CARTESIAN_POINT ( 'NONE',  ( 153.6341495472580618, 18.12219652012900539, -245.3655672618047561 ) ) ;
#4611 = CARTESIAN_POINT ( 'NONE',  ( 163.5664821697964726, 19.22219652012901747, -238.1738850118626374 ) ) ;
#4612 = CARTESIAN_POINT ( 'NONE',  ( 171.4672567745596439, 19.22219652012901392, -253.7234826545810620 ) ) ;
#4613 = DIRECTION ( 'NONE',  ( -0.000000000000000000, 1.000000000000000000, -0.000000000000000000 ) ) ;
#4614 = ORIENTED_EDGE ( 'NONE', *, *, #459, .T. ) ;
#4615 = CARTESIAN_POINT ( 'NONE',  ( 178.2751334159113412, 19.22339652012787781, -249.0963138922905102 ) ) ;
#4616 = VECTOR ( 'NONE', #578, 1000.000000000000000 ) ;
#4617 = DIRECTION ( 'NONE',  ( 0.000000000000000000, -1.000000000000000000, 0.000000000000000000 ) ) ;
#4618 = CARTESIAN_POINT ( 'NONE',  ( 167.8073939127390872, 19.22219652012901037, -253.7149166928362547 ) ) ;
#4619 = CARTESIAN_POINT ( 'NONE',  ( 163.5314824459745182, 15.52219652012895068, -242.8655672618047561 ) ) ;
#4620 = AXIS2_PLACEMENT_3D ( 'NONE', #483, #2714, #918 ) ;
#4621 = CARTESIAN_POINT ( 'NONE',  ( 165.8572454678617305, 19.22339652012901112, -232.6824267569394635 ) ) ;
#4622 = FACE_OUTER_BOUND ( 'NONE', #4736, .T. ) ;
#4623 = B_SPLINE_CURVE_WITH_KNOTS ( 'NONE', 3,
 ( #1517, #2293, #1144, #1194 ),
 .UNSPECIFIED., .F., .F.,
 ( 4, 4 ),
 ( 0.000000000000000000, 1.000000000000000000 ),
 .UNSPECIFIED. ) ;
#4624 = ORIENTED_EDGE ( 'NONE', *, *, #1781, .F. ) ;
#4625 = CARTESIAN_POINT ( 'NONE',  ( 173.1614799804517304, 19.22219652012900681, -253.2108030619054091 ) ) ;
#4626 = LINE ( 'NONE', #2416, #1328 ) ;
#4627 = LINE ( 'NONE', #165, #3186 ) ;
#4628 = EDGE_CURVE ( 'NONE', #2708, #277, #4626, .T. ) ;
#4629 = CARTESIAN_POINT ( 'NONE',  ( 178.9618437490498764, 19.22219652012901037, -253.0339529300433128 ) ) ;
#4630 = CARTESIAN_POINT ( 'NONE',  ( 167.8073939116768258, 19.22219652012900681, -234.5162178245636824 ) ) ;
#4631 = DIRECTION ( 'NONE',  ( 0.000000000000000000, 1.000000000000000000, 0.000000000000000000 ) ) ;
#4632 = CARTESIAN_POINT ( 'NONE',  ( 172.7208994745229518, 19.22219652012901392, -234.7081641305697985 ) ) ;
#4633 = CARTESIAN_POINT ( 'NONE',  ( 178.9618437490498764, 18.97219652012904589, -253.0339529300433128 ) ) ;
#4634 = CARTESIAN_POINT ( 'NONE',  ( 170.9885191671947666, 18.72219652012902458, -253.2133337127859249 ) ) ;
#4635 = CARTESIAN_POINT ( 'NONE',  ( 176.8763949481555073, 17.22219652012900681, -251.3086795556228594 ) ) ;
#4636 = CARTESIAN_POINT ( 'NONE',  ( 162.8889084084065360, 19.22219652012901037, -239.2247240389409058 ) ) ;
#4637 = LINE ( 'NONE', #2011, #4126 ) ;
#4638 = CARTESIAN_POINT ( 'NONE',  ( 161.8807870808949758, 18.72219652012901747, -242.8655672618047561 ) ) ;
#4639 = ORIENTED_EDGE ( 'NONE', *, *, #456, .T. ) ;
#4640 = CARTESIAN_POINT ( 'NONE',  ( 177.4514576648837476, 19.22339652012901468, -250.4132640795693305 ) ) ;
#4641 = CARTESIAN_POINT ( 'NONE',  ( 161.7830824459745145, 19.22219652012901037, -244.1155672618047277 ) ) ;
#4642 = CARTESIAN_POINT ( 'NONE',  ( 167.9263833925758149, 19.22219652012901392, -253.7125228600107221 ) ) ;
#4643 = CARTESIAN_POINT ( 'NONE',  ( 167.8432216782537409, 16.52219652012900752, -253.2154672618047186 ) ) ;
#4644 = CARTESIAN_POINT ( 'NONE',  ( 164.2864443627755122, 19.22339652012901468, -233.6119930967862217 ) ) ;
#4645 = CARTESIAN_POINT ( 'NONE',  ( 179.0601782875536117, 17.68717079541533721, -252.0339529300435970 ) ) ;
#4646 = VERTEX_POINT ( 'NONE', #1584 ) ;
#4647 = CARTESIAN_POINT ( 'NONE',  ( 171.8768699404159861, 15.52219652012901108, -253.2312036102881621 ) ) ;
#4648 = CARTESIAN_POINT ( 'NONE',  ( 171.0688463860450099, 19.22219652012901037, -232.5156672558694595 ) ) ;
#4649 = CARTESIAN_POINT ( 'NONE',  ( 169.4347824459745198, 19.22219652012901037, -244.1155672618047277 ) ) ;
#4650 = CARTESIAN_POINT ( 'NONE',  ( 167.5556186006701580, 19.22339652012901468, -255.7207009853757995 ) ) ;
#4651 = CARTESIAN_POINT ( 'NONE',  ( 171.0688463860450099, 19.22219652012901037, -232.5156672558694595 ) ) ;
#4652 = EDGE_CURVE ( 'NONE', #1608, #3414, #2108, .T. ) ;
#4653 = CARTESIAN_POINT ( 'NONE',  ( 171.6734737114468885, 19.22219652012901037, -234.5062567381891085 ) ) ;
#4654 = CARTESIAN_POINT ( 'NONE',  ( 161.7663960669892731, 15.52219652012900930, -245.5518554407119041 ) ) ;
#4655 = CARTESIAN_POINT ( 'NONE',  ( 172.5254531047259832, 18.72219652012902102, -253.0614088879286214 ) ) ;
#4656 = EDGE_CURVE ( 'NONE', #4004, #1127, #618, .T. ) ;
#4657 = EDGE_CURVE ( 'NONE', #4350, #4011, #4600, .T. ) ;
#4658 = CARTESIAN_POINT ( 'NONE',  ( 163.9321486876833092, 19.22219652012901392, -237.6040841223359621 ) ) ;
#4659 = AXIS2_PLACEMENT_3D ( 'NONE', #202, #1676, #4294 ) ;
#4660 = CARTESIAN_POINT ( 'NONE',  ( 173.0228162567823915, 19.22219652012901392, -253.3321570485283019 ) ) ;
#4661 = CARTESIAN_POINT ( 'NONE',  ( 159.5150308482508876, 17.22219652012942603, -238.7004106019288372 ) ) ;
#4662 = EDGE_LOOP ( 'NONE', ( #3166, #3685, #3759, #3227, #980 ) ) ;
#4663 = CARTESIAN_POINT ( 'NONE',  ( 177.6897261974599189, 16.82099652012673374, -252.6082067463612475 ) ) ;
#4664 = CARTESIAN_POINT ( 'NONE',  ( 168.1167665544533634, 19.22219652012900681, -253.7086931480415615 ) ) ;
#4665 = CARTESIAN_POINT ( 'NONE',  ( 171.0601267725578509, 17.79826192348241420, -256.5375762844871019 ) ) ;
#4666 = AXIS2_PLACEMENT_3D ( 'NONE', #1830, #260, #3252 ) ;
#4667 = CARTESIAN_POINT ( 'NONE',  ( 166.5793459574117037, 19.22339652012901468, -232.5341597451508164 ) ) ;
#4668 = CARTESIAN_POINT ( 'NONE',  ( 163.0161667130644787, 19.22219652012901037, -249.2026779204942670 ) ) ;
#4669 = EDGE_LOOP ( 'NONE', ( #4521, #881, #1385, #4124 ) ) ;
#4670 = CARTESIAN_POINT ( 'NONE',  ( 180.5099387043901515, 17.62299144321684707, -244.1155673019819687 ) ) ;
#4671 = CARTESIAN_POINT ( 'NONE',  ( 178.7475631458197256, 17.22219652012930879, -237.6932231054879026 ) ) ;
#4672 = DIRECTION ( 'NONE',  ( 0.000000000000000000, -0.000000000000000000, -1.000000000000000000 ) ) ;
#4673 = CARTESIAN_POINT ( 'NONE',  ( 167.1802094318888408, 16.82099652012901103, -257.1119610588411888 ) ) ;
#4674 = FACE_OUTER_BOUND ( 'NONE', #3736, .T. ) ;
#4675 = AXIS2_PLACEMENT_3D ( 'NONE', #449, #32, #3369 ) ;
#4676 = CARTESIAN_POINT ( 'NONE',  ( 177.0864239371979920, 18.72219652012902102, -244.1205982902382630 ) ) ;
#4677 = CARTESIAN_POINT ( 'NONE',  ( 159.2540050746409293, 17.22219652012900681, -249.0202678002384289 ) ) ;
#4678 = CARTESIAN_POINT ( 'NONE',  ( 172.3622395863446570, 18.72219652012902813, -253.1314818312511079 ) ) ;
#4679 = PLANE ( 'NONE',  #1061 ) ;
#4680 = ADVANCED_FACE ( 'NONE', ( #1977 ), #2690, .T. ) ;
#4681 = CARTESIAN_POINT ( 'NONE',  ( 162.2579182242719753, 19.22219652012901037, -240.2605890709305356 ) ) ;
#4682 = CARTESIAN_POINT ( 'NONE',  ( 172.0359464683885449, 19.22219652012901037, -253.7067197833972045 ) ) ;
#4683 = PLANE ( 'NONE',  #2203 ) ;
#4684 = CARTESIAN_POINT ( 'NONE',  ( 174.9917238262910928, 16.82099652012901103, -256.0900936102373180 ) ) ;
#4685 = CARTESIAN_POINT ( 'NONE',  ( 167.8470570751267985, 19.22219652012901037, -253.7141185733312057 ) ) ;
#4686 = CARTESIAN_POINT ( 'NONE',  ( 167.8094379748197866, 17.79826193979489446, -256.5375762750690569 ) ) ;
#4687 = CARTESIAN_POINT ( 'NONE',  ( 180.9793122503708958, 16.82099652012901103, -243.3754666140408460 ) ) ;
#4688 = CIRCLE ( 'NONE', #2497, 0.7499999992940376004 ) ;
#4689 = CARTESIAN_POINT ( 'NONE',  ( 163.6744132178499740, 19.22219652012901392, -250.2254292443979011 ) ) ;
#4690 = ORIENTED_EDGE ( 'NONE', *, *, #1507, .T. ) ;
#4691 = VERTEX_POINT ( 'NONE', #1558 ) ;
#4692 = LINE ( 'NONE', #959, #2502 ) ;
#4693 = AXIS2_PLACEMENT_3D ( 'NONE', #1288, #3809, #2789 ) ;
#4694 = CARTESIAN_POINT ( 'NONE',  ( 171.9056468656112031, 19.22219652012901392, -232.5093841516858504 ) ) ;
#4695 = CARTESIAN_POINT ( 'NONE',  ( 172.6531026678776186, 18.72219652012902458, -235.2470210834711963 ) ) ;
#4696 = CARTESIAN_POINT ( 'NONE',  ( 178.5703526521431286, 17.22219652012930879, -237.4201403783451951 ) ) ;
#4697 = CARTESIAN_POINT ( 'NONE',  ( 168.7687090136628854, 15.52219652012900930, -235.0156672555947353 ) ) ;
#4698 = CARTESIAN_POINT ( 'NONE',  ( 166.5787243656209853, 19.22339652012815847, -255.6969286408046287 ) ) ;
#4699 = CARTESIAN_POINT ( 'NONE',  ( 173.1245262551570647, 16.22219652012901037, -235.7491920539263788 ) ) ;
#4700 = CARTESIAN_POINT ( 'NONE',  ( 177.3415875166787146, 18.97728500637126103, -244.1155672710633837 ) ) ;
#4701 = CARTESIAN_POINT ( 'NONE',  ( 177.5865635887943199, 19.22219652012901037, -244.1202559838525019 ) ) ;
#4702 = CARTESIAN_POINT ( 'NONE',  ( 166.2838921981827127, 18.72219652012902813, -235.2034852467678547 ) ) ;
#4703 = AXIS2_PLACEMENT_3D ( 'NONE', #736, #4050, #1003 ) ;
#4704 = CARTESIAN_POINT ( 'NONE',  ( 176.9366849343760180, 18.72219652012902458, -242.5825484786867321 ) ) ;
#4705 = CARTESIAN_POINT ( 'NONE',  ( 173.7205426520661433, 19.22219652012901037, -252.4901831604585709 ) ) ;
#4706 = DIRECTION ( 'NONE',  ( -0.000000000000000000, 1.000000000000000000, -0.000000000000000000 ) ) ;
#4707 = CARTESIAN_POINT ( 'NONE',  ( 176.6459073252772782, 16.82099652012901103, -254.2094858430569673 ) ) ;
#4708 = CARTESIAN_POINT ( 'NONE',  ( 165.8638298311409756, 18.72219652012902102, -252.6329442740590139 ) ) ;
#4709 = DIRECTION ( 'NONE',  ( 0.000000000000000000, 0.8660254037844380415, -0.5000000000000009992 ) ) ;
#4710 = ADVANCED_FACE ( 'NONE', ( #2310 ), #3497, .F. ) ;
#4711 = CARTESIAN_POINT ( 'NONE',  ( 164.3818752960851555, 16.82099652012901103, -231.8109395450827037 ) ) ;
#4712 = CARTESIAN_POINT ( 'NONE',  ( 163.1835741321115734, 19.22219652012901037, -249.4618299168456872 ) ) ;
#4713 = EDGE_LOOP ( 'NONE', ( #1082, #573, #2855, #707 ) ) ;
#4714 = ORIENTED_EDGE ( 'NONE', *, *, #667, .F. ) ;
#4715 = CARTESIAN_POINT ( 'NONE',  ( 166.8219683245098111, 19.22219652012901392, -255.7167075270776024 ) ) ;
#4716 = CARTESIAN_POINT ( 'NONE',  ( 178.0274724107144948, 18.01646062154360806, -253.4046345973077905 ) ) ;
#4717 = CARTESIAN_POINT ( 'NONE',  ( 160.0893745497946554, 15.52219652012900930, -231.7497534489568807 ) ) ;
#4718 = CARTESIAN_POINT ( 'NONE',  ( 171.2363620769498596, 19.22339652012901468, -232.5128322466022723 ) ) ;
#4719 = CARTESIAN_POINT ( 'NONE',  ( 179.1128570406555411, 17.22219652012987012, -238.2756199859948083 ) ) ;
#4720 = FACE_OUTER_BOUND ( 'NONE', #1632, .T. ) ;
#4721 = EDGE_LOOP ( 'NONE', ( #1582, #2023, #1807, #3318 ) ) ;
#4722 = CARTESIAN_POINT ( 'NONE',  ( 162.9819567389007489, 16.82099652012901103, -255.2506717977130961 ) ) ;
#4723 = CARTESIAN_POINT ( 'NONE',  ( 179.6465332471510408, 18.52219652012901108, -256.2375574273951315 ) ) ;
#4724 = CARTESIAN_POINT ( 'NONE',  ( 177.4806332333719183, 19.11632213090838306, -244.1155684011245341 ) ) ;
#4725 = CARTESIAN_POINT ( 'NONE',  ( 177.0796244317967592, 19.22219652012902458, -246.9374589023329349 ) ) ;
#4726 = CARTESIAN_POINT ( 'NONE',  ( 167.6291415284565005, 18.72219652012901747, -235.0124505684892142 ) ) ;
#4727 = DIRECTION ( 'NONE',  ( 0.000000000000000000, 1.000000000000000000, 0.000000000000000000 ) ) ;
#4728 = CARTESIAN_POINT ( 'NONE',  ( 175.3168428701002028, 18.72219652012902813, -239.1194465442076478 ) ) ;
#4729 = CARTESIAN_POINT ( 'NONE',  ( 172.7516247915246481, 19.22219652012901037, -253.5084643023661215 ) ) ;
#4730 = CARTESIAN_POINT ( 'NONE',  ( 167.7749824448864331, 18.72219652013330915, -235.0156672555947353 ) ) ;
#4731 = CARTESIAN_POINT ( 'NONE',  ( 175.7305573820191853, 16.82099652012901103, -255.4260876647237524 ) ) ;
#4732 = CARTESIAN_POINT ( 'NONE',  ( 162.2857904073053419, 18.72219652012901747, -246.8362599692741810 ) ) ;
#4733 = CARTESIAN_POINT ( 'NONE',  ( 170.8528191035358645, 19.22219652012901747, -253.7107051470079853 ) ) ;
#4734 = CARTESIAN_POINT ( 'NONE',  ( 167.2883420934573451, 19.22219652012901392, -234.5065150278287831 ) ) ;
#4735 = CARTESIAN_POINT ( 'NONE',  ( 163.0008867121664480, 19.22219652012901037, -249.1790736807979556 ) ) ;
#4736 = EDGE_LOOP ( 'NONE', ( #3834, #740, #53, #2456, #4474, #1802, #722, #4268 ) ) ;
#4737 = ORIENTED_EDGE ( 'NONE', *, *, #4347, .F. ) ;
#4738 = CARTESIAN_POINT ( 'NONE',  ( 166.2159254829991823, 19.22219652012943669, -255.6370282476075317 ) ) ;
#4739 = CARTESIAN_POINT ( 'NONE',  ( 178.3226788071974340, 18.87870184087659098, -253.8094873559119549 ) ) ;
#4740 = CIRCLE ( 'NONE', #4273, 13.35000000000000142 ) ;
#4741 = CARTESIAN_POINT ( 'NONE',  ( 178.9618437490498764, 16.22219652012901037, -253.0339529300433128 ) ) ;
#4742 = CARTESIAN_POINT ( 'NONE',  ( 176.5502990471434828, 19.22339652012901468, -236.4155618309844158 ) ) ;
#4743 = EDGE_CURVE ( 'NONE', #681, #3698, #454, .T. ) ;
#4744 = ORIENTED_EDGE ( 'NONE', *, *, #1661, .T. ) ;
#4745 = LINE ( 'NONE', #676, #514 ) ;
#4746 = ORIENTED_EDGE ( 'NONE', *, *, #4560, .F. ) ;
#4747 = CARTESIAN_POINT ( 'NONE',  ( 160.0990948995838039, 19.22339652012901468, -248.0967171792485715 ) ) ;
#4748 = CARTESIAN_POINT ( 'NONE',  ( 162.3083392913741534, 15.52219652012900930, -247.2057740753476196 ) ) ;
#4749 = CARTESIAN_POINT ( 'NONE',  ( 160.1279335916491675, 19.22219652012901037, -234.5445137982227664 ) ) ;
#4750 = EDGE_LOOP ( 'NONE', ( #4017, #888, #84, #186 ) ) ;
#4751 = CARTESIAN_POINT ( 'NONE',  ( 166.7664921913762441, 18.72219652012902102, -235.0361602222059503 ) ) ;
#4752 = CARTESIAN_POINT ( 'NONE',  ( 177.5444016350665208, 19.22219652012901392, -243.0878704129610810 ) ) ;
#4753 = CARTESIAN_POINT ( 'NONE',  ( 174.3870243473773485, 18.72219652012902458, -237.6722643732813935 ) ) ;
#4754 = CARTESIAN_POINT ( 'NONE',  ( 173.6883865889338665, 19.22219652012901037, -252.5372361078015331 ) ) ;
#4755 = LINE ( 'NONE', #2551, #88 ) ;
#4756 = CARTESIAN_POINT ( 'NONE',  ( 173.2854814467883671, 16.82099652012901103, -256.9119219847621025 ) ) ;
#4757 = CARTESIAN_POINT ( 'NONE',  ( 165.5129466564246172, 18.72219652012902458, -252.1362121833149956 ) ) ;
#4758 = CARTESIAN_POINT ( 'NONE',  ( 179.1026786038869432, 17.22219652012923419, -249.9725698066286554 ) ) ;
#4759 = CARTESIAN_POINT ( 'NONE',  ( 167.3252017836384198, 19.22219652012901392, -234.5067316282832337 ) ) ;
#4760 = CARTESIAN_POINT ( 'NONE',  ( 162.7416675377510842, 19.22219652012901392, -248.7790779201943678 ) ) ;
#4761 = ORIENTED_EDGE ( 'NONE', *, *, #816, .T. ) ;
#4762 = CARTESIAN_POINT ( 'NONE',  ( 162.4266200332731955, 17.22219652012900681, -254.0960977364742917 ) ) ;
#4763 = DIRECTION ( 'NONE',  ( 1.000000000000000000, 0.000000000000000000, 0.000000000000000000 ) ) ;
#4764 = CARTESIAN_POINT ( 'NONE',  ( 169.4347824459745198, 19.22219652012901037, -244.1155672618047277 ) ) ;
#4765 = AXIS2_PLACEMENT_3D ( 'NONE', #4539, #1549, #3096 ) ;
#4766 = AXIS2_PLACEMENT_3D ( 'NONE', #1860, #4774, #1812 ) ;
#4767 = CARTESIAN_POINT ( 'NONE',  ( 177.9081344227695070, 19.22339652012901468, -238.5247408836372074 ) ) ;
#4768 = CARTESIAN_POINT ( 'NONE',  ( 170.8191621292499462, 19.22219652012901037, -234.5211064077504943 ) ) ;
#4769 = ORIENTED_EDGE ( 'NONE', *, *, #4409, .T. ) ;
#4770 = FACE_OUTER_BOUND ( 'NONE', #2932, .T. ) ;
#4771 = EDGE_LOOP ( 'NONE', ( #2559, #615, #1574, #2567, #1088, #1524, #4744, #2985 ) ) ;
#4772 = CARTESIAN_POINT ( 'NONE',  ( 165.9483374087748757, 16.82099652012943380, -256.9978716344642748 ) ) ;
#4773 = EDGE_CURVE ( 'NONE', #3622, #153, #1723, .T. ) ;
#4774 = DIRECTION ( 'NONE',  ( 0.000000000000000000, -1.000000000000000000, 0.000000000000000000 ) ) ;
#4775 = PRODUCT_DEFINITION_SHAPE ( 'NONE', 'NONE',  #2225 ) ;
#4776 = CARTESIAN_POINT ( 'NONE',  ( 162.3083392913730734, 18.72219652013330915, -241.0253604482554977 ) ) ;
#4777 = ORIENTED_EDGE ( 'NONE', *, *, #4560, .T. ) ;
#4778 = CARTESIAN_POINT ( 'NONE',  ( 166.3033134710297816, 18.72219652012902458, -235.1921010711335498 ) ) ;
#4779 = CARTESIAN_POINT ( 'NONE',  ( 174.5897382979955523, 19.22219652012901392, -237.0635701425035791 ) ) ;
#4780 = CARTESIAN_POINT ( 'NONE',  ( 176.3766810746869282, 18.72219652012903879, -240.9077388717627173 ) ) ;
#4781 = CARTESIAN_POINT ( 'NONE',  ( 174.9832758403267974, 19.22219652012901037, -250.5556105060782102 ) ) ;
#4782 = CARTESIAN_POINT ( 'NONE',  ( 166.3607801411904745, 18.72219652012901747, -234.9444555241350088 ) ) ;
#4783 = CARTESIAN_POINT ( 'NONE',  ( 163.1218881654054940, 17.55302637166350976, -254.7834571436563635 ) ) ;
#4784 = CONICAL_SURFACE ( 'NONE', #2668, 13.35000000000000142, 0.5235987755983000369 ) ;
#4785 = CARTESIAN_POINT ( 'NONE',  ( 162.0712703295653796, 18.72219652012901747, -246.1995838194918917 ) ) ;
#4786 = CARTESIAN_POINT ( 'NONE',  ( 178.6732189746784059, 17.22219652012900681, -252.0765106395531632 ) ) ;
#4787 = CARTESIAN_POINT ( 'NONE',  ( 167.6315380838216242, 19.22219652012901392, -234.5123667126146358 ) ) ;
#4788 = CARTESIAN_POINT ( 'NONE',  ( 165.0992924804890265, 19.22219652012901392, -252.4175426293548981 ) ) ;
#4789 = VERTEX_POINT ( 'NONE', #231 ) ;
#4790 = CARTESIAN_POINT ( 'NONE',  ( 161.0044723383167593, 17.22219652012756796, -251.9061814296620412 ) ) ;
#4791 = CARTESIAN_POINT ( 'NONE',  ( 171.0945824459745097, 18.72219652012902458, -253.2154672618047186 ) ) ;
#4792 = CARTESIAN_POINT ( 'NONE',  ( 174.6079893581670888, 19.22339652012901468, -233.6349737569222498 ) ) ;
#4793 = CARTESIAN_POINT ( 'NONE',  ( 170.9259551371057739, 19.22219652012901392, -234.5189581796385028 ) ) ;
#4794 = ORIENTED_EDGE ( 'NONE', *, *, #2342, .T. ) ;
#4795 = DIRECTION ( 'NONE',  ( 0.000000000000000000, 0.000000000000000000, -1.000000000000000000 ) ) ;
#4796 = EDGE_LOOP ( 'NONE', ( #3634, #3371 ) ) ;
#4797 = DIRECTION ( 'NONE',  ( 1.000000000000000000, -0.000000000000000000, 0.000000000000000000 ) ) ;
#4798 = LINE ( 'NONE', #3646, #2652 ) ;
#4799 = CARTESIAN_POINT ( 'NONE',  ( 160.2220347313953255, 19.05085702385203916, -234.5909909900426840 ) ) ;
#4800 = ORIENTED_EDGE ( 'NONE', *, *, #2313, .T. ) ;
#4801 = CARTESIAN_POINT ( 'NONE',  ( 167.1427236119474742, 18.72219652012902102, -235.0072138933797703 ) ) ;
#4802 = ADVANCED_FACE ( 'NONE', ( #1311 ), #4379, .T. ) ;
#4803 = CARTESIAN_POINT ( 'NONE',  ( 174.6886623656465360, 19.22219652012901037, -237.2170695501679916 ) ) ;
#4804 = CARTESIAN_POINT ( 'NONE',  ( 175.6677555076610417, 18.72219652012902458, -239.6609918113671540 ) ) ;
#4805 = EDGE_CURVE ( 'NONE', #598, #1943, #2297, .T. ) ;
#4806 = EDGE_CURVE ( 'NONE', #1503, #2630, #4692, .T. ) ;
#4807 = CARTESIAN_POINT ( 'NONE',  ( 174.2184215456067307, 19.22219652012901037, -251.7404911157202321 ) ) ;
#4808 = CARTESIAN_POINT ( 'NONE',  ( 177.0865896104129149, 18.72219652012902813, -244.1253592369682508 ) ) ;
#4809 = EDGE_CURVE ( 'NONE', #3622, #1608, #1191, .T. ) ;
#4810 = CARTESIAN_POINT ( 'NONE',  ( 162.1621537521333778, 18.72219652012902813, -246.4910192183739923 ) ) ;
#4811 = CARTESIAN_POINT ( 'NONE',  ( 178.9618437490498764, 18.97219652012904589, -253.5339529300433128 ) ) ;
#4812 = CARTESIAN_POINT ( 'NONE',  ( 165.3039236957615117, 16.82099652012901103, -231.4015546747066310 ) ) ;
#4813 = CARTESIAN_POINT ( 'NONE',  ( 164.7204079143328954, 19.22219652012900681, -251.8464865394838341 ) ) ;
#4814 = ORIENTED_EDGE ( 'NONE', *, *, #317, .F. ) ;
#4815 = CARTESIAN_POINT ( 'NONE',  ( 171.0945824448864414, 15.52219652012900930, -235.0156672555947353 ) ) ;
#4816 = CARTESIAN_POINT ( 'NONE',  ( 169.4347824459745198, 17.70656546610593196, -231.6406172588370964 ) ) ;
#4817 = DIRECTION ( 'NONE',  ( -0.000000000000000000, -1.000000000000000000, 0.000000000000000000 ) ) ;
#4818 = VERTEX_POINT ( 'NONE', #4396 ) ;
#4819 = LINE ( 'NONE', #2593, #3256 ) ;
#4820 = CARTESIAN_POINT ( 'NONE',  ( 177.5869216955247794, 19.22219652012900326, -244.1735368406919804 ) ) ;
#4821 = ORIENTED_EDGE ( 'NONE', *, *, #95, .F. ) ;
#4822 = CARTESIAN_POINT ( 'NONE',  ( 152.5314824459744898, 15.52219652012900930, -253.2154672618047186 ) ) ;
#4823 = CARTESIAN_POINT ( 'NONE',  ( 166.3607801411288278, 18.72219652012903168, -253.2866789998262789 ) ) ;
#4824 = DIRECTION ( 'NONE',  ( 0.000000000000000000, -0.000000000000000000, 1.000000000000000000 ) ) ;
#4825 = ORIENTED_EDGE ( 'NONE', *, *, #1323, .T. ) ;
#4826 = CARTESIAN_POINT ( 'NONE',  ( 163.9475682447850602, 19.22219652012900326, -237.5800147937014231 ) ) ;
#4827 = CARTESIAN_POINT ( 'NONE',  ( 173.7283588026710959, 19.22219652012901747, -235.7524211126901719 ) ) ;
#4828 = CARTESIAN_POINT ( 'NONE',  ( 174.3415333557265114, 19.22219652012902102, -236.6797412481206209 ) ) ;
#4829 = CARTESIAN_POINT ( 'NONE',  ( 174.1477522528657005, 19.22219652012901392, -251.8484612530727986 ) ) ;
#4830 = CARTESIAN_POINT ( 'NONE',  ( 176.9862243976317586, 18.72219652012902102, -245.3880002289971287 ) ) ;
#4831 = CARTESIAN_POINT ( 'NONE',  ( 166.2455144708478088, 18.72219652012901747, -253.0036316251833455 ) ) ;
#4832 = EDGE_CURVE ( 'NONE', #265, #3129, #3752, .T. ) ;
#4833 = DIRECTION ( 'NONE',  ( 0.000000000000000000, 0.000000000000000000, 1.000000000000000000 ) ) ;
#4834 = CARTESIAN_POINT ( 'NONE',  ( 164.5968126621098691, 19.22219652012901392, -236.5740394010551313 ) ) ;
#4835 = CARTESIAN_POINT ( 'NONE',  ( 164.8194167655735498, 19.22219652012901037, -251.9974156288636777 ) ) ;
#4836 = ORIENTED_EDGE ( 'NONE', *, *, #2015, .T. ) ;
#4837 = CARTESIAN_POINT ( 'NONE',  ( 171.0602301400603835, 17.81502340879275792, -231.7032354812430697 ) ) ;
#4838 = FACE_OUTER_BOUND ( 'NONE', #908, .T. ) ;
#4839 = CARTESIAN_POINT ( 'NONE',  ( 180.9075930386951825, 16.82099652012676572, -242.6360510104071864 ) ) ;
#4840 = ORIENTED_EDGE ( 'NONE', *, *, #4652, .T. ) ;
#4841 = DIRECTION ( 'NONE',  ( 0.000000000000000000, -1.000000000000000000, 0.000000000000000000 ) ) ;
#4842 = CARTESIAN_POINT ( 'NONE',  ( 177.2654376390615312, 19.22219652012900326, -246.3837323693648500 ) ) ;
#4843 = CARTESIAN_POINT ( 'NONE',  ( 160.0054022668685434, 19.22219652012901037, -247.8655672618660617 ) ) ;
#4844 = CIRCLE ( 'NONE', #1081, 12.19529946162073486 ) ;
#4845 = CARTESIAN_POINT ( 'NONE',  ( 163.9478820829277481, 18.72219652012903168, -249.7081663169822718 ) ) ;
#4846 = DIRECTION ( 'NONE',  ( 0.000000000000000000, 0.000000000000000000, 1.000000000000000000 ) ) ;
#4847 = AXIS2_PLACEMENT_3D ( 'NONE', #4629, #2442, #1736 ) ;
#4848 = CARTESIAN_POINT ( 'NONE',  ( 162.4999781292105183, 19.22219652012901037, -239.8372484297284757 ) ) ;
#4849 = CARTESIAN_POINT ( 'NONE',  ( 175.9567514669037962, 19.22219652012901392, -239.1878907617256118 ) ) ;
#4850 = CONICAL_SURFACE ( 'NONE', #3990, 15.85000000000000320, 0.7853981633974529419 ) ;
ENDSEC;
END-ISO-10303-21;
