ISO-10303-21;
HEADER;
FILE_DESCRIPTION (( 'STEP AP214' ),
    '1' );
FILE_NAME ('241004 Dial Ring.STEP',
    '2024-04-10T12:19:05',
    ( '' ),
    ( '' ),
    'SwSTEP 2.0',
    'SolidWorks 2024',
    '' );
FILE_SCHEMA (( 'AUTOMOTIVE_DESIGN' ));
ENDSEC;

DATA;
#1 = DIRECTION ( 'NONE',  ( 0.000000000000000000, 0.000000000000000000, -1.000000000000000000 ) ) ;
#2 = VERTEX_POINT ( 'NONE', #2914 ) ;
#3 = PLANE ( 'NONE',  #2444 ) ;
#4 = FACE_OUTER_BOUND ( 'NONE', #3057, .T. ) ;
#5 = CARTESIAN_POINT ( 'NONE',  ( 0.000000000000000000, -3.725774140198908402, 0.000000000000000000 ) ) ;
#6 = CARTESIAN_POINT ( 'NONE',  ( 8.033425766471689045, 0.8092608169502585325, -12.37039087719497665 ) ) ;
#7 = VERTEX_POINT ( 'NONE', #2944 ) ;
#8 = CARTESIAN_POINT ( 'NONE',  ( 12.09805208911208041, 0.9050054712111677002, 7.856566889564913225 ) ) ;
#9 = EDGE_CURVE ( 'NONE', #859, #1710, #655, .T. ) ;
#10 = ORIENTED_EDGE ( 'NONE', *, *, #2231, .T. ) ;
#11 = CARTESIAN_POINT ( 'NONE',  ( -9.368237069366996295, -0.6599999999999999201, -4.773355203737400743 ) ) ;
#12 = CARTESIAN_POINT ( 'NONE',  ( 11.74138795123576351, -0.6599999999999986988, -7.624946490210652073 ) ) ;
#13 = ADVANCED_FACE ( 'NONE', ( #2643 ), #1377, .F. ) ;
#14 = AXIS2_PLACEMENT_3D ( 'NONE', #2710, #3278, #3034 ) ;
#15 = ORIENTED_EDGE ( 'NONE', *, *, #418, .T. ) ;
#16 = ORIENTED_EDGE ( 'NONE', *, *, #1959, .T. ) ;
#17 = DIRECTION ( 'NONE',  ( -0.2476210806073671500, -0.8906693003304956280, -0.3813030263289622357 ) ) ;
#18 = EDGE_CURVE ( 'NONE', #1697, #2, #1992, .T. ) ;
#19 = EDGE_LOOP ( 'NONE', ( #354, #927, #1763, #3054, #2881, #1751, #1981 ) ) ;
#20 = EDGE_LOOP ( 'NONE', ( #2324, #2244, #3170, #1683 ) ) ;
#21 = FACE_OUTER_BOUND ( 'NONE', #229, .T. ) ;
#22 = CARTESIAN_POINT ( 'NONE',  ( -8.748737911184441884, -0.2605484096598933430, 13.21609643104493514 ) ) ;
#23 = LINE ( 'NONE', #2649, #3393 ) ;
#24 = CIRCLE ( 'NONE', #2041, 10.51421826332841647 ) ;
#25 = DIRECTION ( 'NONE',  ( 0.000000000000000000, 1.000000000000000000, 0.000000000000000000 ) ) ;
#26 = CARTESIAN_POINT ( 'NONE',  ( 0.000000000000000000, -0.05999999999999994227, 0.000000000000000000 ) ) ;
#27 = ORIENTED_EDGE ( 'NONE', *, *, #1126, .T. ) ;
#28 = CARTESIAN_POINT ( 'NONE',  ( -5.726453688877386483, -0.05999999999999994227, -8.817965402407256903 ) ) ;
#29 = DIRECTION ( 'NONE',  ( 0.000000000000000000, 1.000000000000000000, 0.000000000000000000 ) ) ;
#30 = ORIENTED_EDGE ( 'NONE', *, *, #685, .T. ) ;
#31 = EDGE_CURVE ( 'NONE', #36, #2096, #2607, .T. ) ;
#32 = EDGE_LOOP ( 'NONE', ( #1856, #2456, #30, #3376 ) ) ;
#33 = CIRCLE ( 'NONE', #1097, 14.42527322587259953 ) ;
#34 = DIRECTION ( 'NONE',  ( 0.000000000000000000, 0.000000000000000000, -1.000000000000000000 ) ) ;
#35 = ORIENTED_EDGE ( 'NONE', *, *, #361, .T. ) ;
#36 = VERTEX_POINT ( 'NONE', #1331 ) ;
#37 = CARTESIAN_POINT ( 'NONE',  ( -8.712430280894214008, 2.899999999999999911, 13.12082537802243642 ) ) ;
#38 = CARTESIAN_POINT ( 'NONE',  ( 0.000000000000000000, -52.18000000000005656, 0.000000000000000000 ) ) ;
#39 = VECTOR ( 'NONE', #2031, 1000.000000000000114 ) ;
#40 = DIRECTION ( 'NONE',  ( -0.000000000000000000, 1.000000000000000000, -0.000000000000000000 ) ) ;
#41 = EDGE_CURVE ( 'NONE', #2477, #125, #497, .T. ) ;
#42 = LINE ( 'NONE', #310, #1609 ) ;
#43 = CIRCLE ( 'NONE', #2778, 11.41919892417542393 ) ;
#44 = DIRECTION ( 'NONE',  ( 0.000000000000000000, 0.000000000000000000, -1.000000000000000000 ) ) ;
#45 = EDGE_CURVE ( 'NONE', #2633, #2569, #546, .T. ) ;
#46 = ORIENTED_EDGE ( 'NONE', *, *, #1539, .F. ) ;
#47 = CIRCLE ( 'NONE', #608, 10.51421826332841647 ) ;
#48 = ORIENTED_EDGE ( 'NONE', *, *, #81, .T. ) ;
#49 = CARTESIAN_POINT ( 'NONE',  ( -8.033425766472806373, 0.8092608169502566451, -12.37039087719425368 ) ) ;
#50 = FACE_OUTER_BOUND ( 'NONE', #479, .T. ) ;
#51 = AXIS2_PLACEMENT_3D ( 'NONE', #3144, #291, #2903 ) ;
#52 = ORIENTED_EDGE ( 'NONE', *, *, #1172, .F. ) ;
#53 = ORIENTED_EDGE ( 'NONE', *, *, #2735, .T. ) ;
#54 = EDGE_CURVE ( 'NONE', #125, #1255, #2286, .T. ) ;
#55 = CARTESIAN_POINT ( 'NONE',  ( -4.773355203739872543, -0.05999999999999994227, -9.368237069365736858 ) ) ;
#56 = ORIENTED_EDGE ( 'NONE', *, *, #1511, .F. ) ;
#57 = ORIENTED_EDGE ( 'NONE', *, *, #1025, .F. ) ;
#58 = FACE_OUTER_BOUND ( 'NONE', #2613, .T. ) ;
#59 = CARTESIAN_POINT ( 'NONE',  ( 0.000000000000000000, -0.6599999999999998090, 0.000000000000000000 ) ) ;
#60 = EDGE_CURVE ( 'NONE', #1782, #3279, #3246, .T. ) ;
#61 = AXIS2_PLACEMENT_3D ( 'NONE', #202, #2545, #3367 ) ;
#62 = DIRECTION ( 'NONE',  ( -0.000000000000000000, 1.000000000000000000, -0.000000000000000000 ) ) ;
#63 = PLANE ( 'NONE',  #1614 ) ;
#64 = LINE ( 'NONE', #1184, #1491 ) ;
#65 = ORIENTED_EDGE ( 'NONE', *, *, #3403, .F. ) ;
#66 = ADVANCED_FACE ( 'NONE', ( #2154 ), #1094, .F. ) ;
#67 = ORIENTED_EDGE ( 'NONE', *, *, #1806, .T. ) ;
#68 = CARTESIAN_POINT ( 'NONE',  ( 0.000000000000000000, 2.899999999999999911, 0.000000000000000000 ) ) ;
#69 = CARTESIAN_POINT ( 'NONE',  ( 10.49980889261565054, -0.05999999999999994227, -0.5502716669592611076 ) ) ;
#70 = ORIENTED_EDGE ( 'NONE', *, *, #167, .F. ) ;
#71 = ORIENTED_EDGE ( 'NONE', *, *, #1941, .T. ) ;
#72 = CIRCLE ( 'NONE', #3186, 11.41919892417545057 ) ;
#73 = CARTESIAN_POINT ( 'NONE',  ( 7.624946490213603489, -0.6599999999999917044, 11.74138795123384682 ) ) ;
#74 = EDGE_LOOP ( 'NONE', ( #340, #820, #181, #3259 ) ) ;
#75 = ORIENTED_EDGE ( 'NONE', *, *, #2835, .T. ) ;
#76 = DIRECTION ( 'NONE',  ( 0.000000000000000000, -1.000000000000000000, 0.000000000000000000 ) ) ;
#77 = AXIS2_PLACEMENT_3D ( 'NONE', #124, #2791, #3028 ) ;
#78 = ORIENTED_EDGE ( 'NONE', *, *, #2647, .T. ) ;
#79 = DIRECTION ( 'NONE',  ( 0.000000000000000000, 0.000000000000000000, -1.000000000000000000 ) ) ;
#80 = CARTESIAN_POINT ( 'NONE',  ( 0.000000000000000000, -0.6600000000000000311, 0.000000000000000000 ) ) ;
#81 = EDGE_CURVE ( 'NONE', #1234, #2482, #3041, .T. ) ;
#82 = ORIENTED_EDGE ( 'NONE', *, *, #2480, .T. ) ;
#83 = VERTEX_POINT ( 'NONE', #37 ) ;
#84 = CARTESIAN_POINT ( 'NONE',  ( 0.000000000000000000, -0.6600000000000000311, 0.000000000000000000 ) ) ;
#85 = CARTESIAN_POINT ( 'NONE',  ( 0.000000000000000000, -0.05999999999999994227, 0.000000000000000000 ) ) ;
#86 = AXIS2_PLACEMENT_3D ( 'NONE', #963, #2260, #929 ) ;
#87 = ORIENTED_EDGE ( 'NONE', *, *, #1708, .F. ) ;
#88 = ORIENTED_EDGE ( 'NONE', *, *, #2525, .F. ) ;
#89 = AXIS2_PLACEMENT_3D ( 'NONE', #2442, #3184, #3220 ) ;
#90 = EDGE_LOOP ( 'NONE', ( #2888, #652, #412, #2447 ) ) ;
#91 = LINE ( 'NONE', #3260, #1916 ) ;
#92 = VERTEX_POINT ( 'NONE', #2987 ) ;
#93 = ORIENTED_EDGE ( 'NONE', *, *, #1286, .T. ) ;
#94 = LINE ( 'NONE', #3073, #945 ) ;
#95 = LINE ( 'NONE', #2452, #1182 ) ;
#96 = AXIS2_PLACEMENT_3D ( 'NONE', #666, #3335, #1990 ) ;
#97 = AXIS2_PLACEMENT_3D ( 'NONE', #2038, #183, #1244 ) ;
#98 = DIRECTION ( 'NONE',  ( 0.000000000000000000, 0.000000000000000000, -1.000000000000000000 ) ) ;
#99 = EDGE_CURVE ( 'NONE', #2386, #574, #1874, .T. ) ;
#100 = VERTEX_POINT ( 'NONE', #1105 ) ;
#101 = EDGE_CURVE ( 'NONE', #2, #1095, #1598, .T. ) ;
#102 = EDGE_LOOP ( 'NONE', ( #1572, #2855, #994, #646 ) ) ;
#103 = FACE_OUTER_BOUND ( 'NONE', #2049, .T. ) ;
#104 = CARTESIAN_POINT ( 'NONE',  ( 6.219341482710178504, -0.05999999999999994227, 9.576946047218291014 ) ) ;
#105 =( GEOMETRIC_REPRESENTATION_CONTEXT ( 3 ) GLOBAL_UNCERTAINTY_ASSIGNED_CONTEXT ( ( #1830 ) ) GLOBAL_UNIT_ASSIGNED_CONTEXT ( ( #1264, #712, #1020 ) ) REPRESENTATION_CONTEXT ( 'NONE', 'WORKASPACE' ) );
#106 = EDGE_CURVE ( 'NONE', #3106, #1081, #1352, .T. ) ;
#107 = ORIENTED_EDGE ( 'NONE', *, *, #2769, .F. ) ;
#108 = ORIENTED_EDGE ( 'NONE', *, *, #619, .F. ) ;
#109 = CARTESIAN_POINT ( 'NONE',  ( 0.000000000000000000, 2.899999999999999911, 0.000000000000000000 ) ) ;
#110 = AXIS2_PLACEMENT_3D ( 'NONE', #2955, #3165, #1637 ) ;
#111 = ORIENTED_EDGE ( 'NONE', *, *, #2321, .F. ) ;
#112 = FACE_OUTER_BOUND ( 'NONE', #2168, .T. ) ;
#113 = ORIENTED_EDGE ( 'NONE', *, *, #1038, .T. ) ;
#114 = ORIENTED_EDGE ( 'NONE', *, *, #45, .T. ) ;
#115 = EDGE_CURVE ( 'NONE', #7, #835, #2174, .T. ) ;
#116 = DIRECTION ( 'NONE',  ( -0.000000000000000000, -1.000000000000000000, -0.000000000000000000 ) ) ;
#117 = CARTESIAN_POINT ( 'NONE',  ( -8.033425766467093609, -0.6600000000000000311, 12.37039087719796449 ) ) ;
#118 = LINE ( 'NONE', #2254, #1813 ) ;
#119 = FACE_OUTER_BOUND ( 'NONE', #1347, .T. ) ;
#120 = ORIENTED_EDGE ( 'NONE', *, *, #2858, .T. ) ;
#121 = VECTOR ( 'NONE', #3205, 1000.000000000000227 ) ;
#122 = ORIENTED_EDGE ( 'NONE', *, *, #494, .F. ) ;
#123 = DIRECTION ( 'NONE',  ( -0.000000000000000000, -1.000000000000000000, -0.000000000000000000 ) ) ;
#124 = CARTESIAN_POINT ( 'NONE',  ( 0.000000000000000000, -0.05999999999999994227, 0.000000000000000000 ) ) ;
#125 = VERTEX_POINT ( 'NONE', #3173 ) ;
#126 = DIRECTION ( 'NONE',  ( -0.000000000000000000, 1.000000000000000000, -0.000000000000000000 ) ) ;
#127 = CARTESIAN_POINT ( 'NONE',  ( 0.000000000000000000, -0.05999999999999994227, 0.000000000000000000 ) ) ;
#128 = EDGE_LOOP ( 'NONE', ( #2227, #1628, #2190, #3158 ) ) ;
#129 = EDGE_CURVE ( 'NONE', #723, #581, #1715, .T. ) ;
#130 = DIRECTION ( 'NONE',  ( 4.440892098500626162E-15, 0.000000000000000000, 1.000000000000000000 ) ) ;
#131 = CARTESIAN_POINT ( 'NONE',  ( 0.000000000000000000, -28.08620191640486752, 0.000000000000000000 ) ) ;
#132 = ADVANCED_FACE ( 'NONE', ( #2932 ), #550, .F. ) ;
#133 = FACE_OUTER_BOUND ( 'NONE', #1104, .T. ) ;
#134 = AXIS2_PLACEMENT_3D ( 'NONE', #1713, #2202, #2532 ) ;
#135 = LINE ( 'NONE', #2542, #588 ) ;
#136 =( NAMED_UNIT ( * ) SI_UNIT ( $, .STERADIAN. ) SOLID_ANGLE_UNIT ( ) );
#137 = ORIENTED_EDGE ( 'NONE', *, *, #3194, .T. ) ;
#138 = CARTESIAN_POINT ( 'NONE',  ( 0.000000000000000000, 0.000000000000000000, -15.75000000000000000 ) ) ;
#139 = FACE_OUTER_BOUND ( 'NONE', #286, .T. ) ;
#140 = EDGE_LOOP ( 'NONE', ( #1263, #2466, #1406, #3368 ) ) ;
#141 = FACE_OUTER_BOUND ( 'NONE', #1379, .T. ) ;
#142 = VECTOR ( 'NONE', #1371, 1000.000000000000000 ) ;
#143 = DIRECTION ( 'NONE',  ( -1.776356839400250465E-14, 0.000000000000000000, -1.000000000000000000 ) ) ;
#144 = ORIENTED_EDGE ( 'NONE', *, *, #3301, .F. ) ;
#145 = ORIENTED_EDGE ( 'NONE', *, *, #2724, .F. ) ;
#146 = AXIS2_PLACEMENT_3D ( 'NONE', #1257, #1522, #996 ) ;
#147 = DIRECTION ( 'NONE',  ( 0.000000000000000000, 0.000000000000000000, -1.000000000000000000 ) ) ;
#148 = ADVANCED_FACE ( 'NONE', ( #58 ), #3227, .F. ) ;
#149 = CONICAL_SURFACE ( 'NONE', #2101, 14.00000000000000000, 0.2653320862089845189 ) ;
#150 = LINE ( 'NONE', #460, #1124 ) ;
#151 = DIRECTION ( 'NONE',  ( 0.000000000000000000, -1.000000000000000000, 0.000000000000000000 ) ) ;
#152 = EDGE_CURVE ( 'NONE', #3029, #2481, #1390, .T. ) ;
#153 = DIRECTION ( 'NONE',  ( 0.1190498141647386154, -0.9650054712111678645, -0.2336484159583644693 ) ) ;
#154 = CIRCLE ( 'NONE', #487, 10.51421826332841647 ) ;
#155 = VERTEX_POINT ( 'NONE', #273 ) ;
#156 = CARTESIAN_POINT ( 'NONE',  ( 5.726453688876592452, -0.05999999999999994227, -8.817965402407775599 ) ) ;
#157 = DIRECTION ( 'NONE',  ( -0.000000000000000000, -1.000000000000000000, -0.000000000000000000 ) ) ;
#158 = ADVANCED_FACE ( 'NONE', ( #2675 ), #1505, .F. ) ;
#159 = VECTOR ( 'NONE', #1807, 1000.000000000000000 ) ;
#160 = VERTEX_POINT ( 'NONE', #2192 ) ;
#161 = CARTESIAN_POINT ( 'NONE',  ( -14.40550389026056166, 0.9050054712111954558, 0.7549604683457784571 ) ) ;
#162 = CARTESIAN_POINT ( 'NONE',  ( -9.646872667024313230, 5.728427124746197308, 12.76471103261719620 ) ) ;
#163 = VERTEX_POINT ( 'NONE', #1857 ) ;
#164 = ORIENTED_EDGE ( 'NONE', *, *, #1708, .T. ) ;
#165 = CARTESIAN_POINT ( 'NONE',  ( 0.000000000000000000, -28.08620191640486752, 0.000000000000000000 ) ) ;
#166 = CIRCLE ( 'NONE', #1221, 10.51421826332841647 ) ;
#167 = EDGE_CURVE ( 'NONE', #3087, #1167, #533, .T. ) ;
#168 = CARTESIAN_POINT ( 'NONE',  ( 0.000000000000000000, -0.6599999999999998090, 0.000000000000000000 ) ) ;
#169 = AXIS2_PLACEMENT_3D ( 'NONE', #1441, #2251, #1686 ) ;
#170 = DIRECTION ( 'NONE',  ( 0.7985336759554096941, 0.3056552772629526071, -0.5185738325893896050 ) ) ;
#171 = EDGE_CURVE ( 'NONE', #83, #2477, #2725, .T. ) ;
#172 = DIRECTION ( 'NONE',  ( -0.1132032137679070127, 0.000000000000000000, 0.9935718556765874565 ) ) ;
#173 = ORIENTED_EDGE ( 'NONE', *, *, #1851, .F. ) ;
#174 = CARTESIAN_POINT ( 'NONE',  ( -8.033425766472806373, 2.100000000000000089, -12.37039087719425368 ) ) ;
#175 = FACE_OUTER_BOUND ( 'NONE', #102, .T. ) ;
#176 = EDGE_LOOP ( 'NONE', ( #1397, #2203, #2833, #2426 ) ) ;
#177 = LINE ( 'NONE', #2811, #2053 ) ;
#178 = VECTOR ( 'NONE', #2951, 1000.000000000000000 ) ;
#179 = DIRECTION ( 'NONE',  ( 0.000000000000000000, -1.000000000000000000, 0.000000000000000000 ) ) ;
#180 = VECTOR ( 'NONE', #1706, 1000.000000000000000 ) ;
#181 = ORIENTED_EDGE ( 'NONE', *, *, #2832, .F. ) ;
#182 = ORIENTED_EDGE ( 'NONE', *, *, #481, .T. ) ;
#183 = DIRECTION ( 'NONE',  ( -0.000000000000000000, -1.000000000000000000, -0.000000000000000000 ) ) ;
#184 = LINE ( 'NONE', #2315, #2572 ) ;
#185 = CARTESIAN_POINT ( 'NONE',  ( 0.000000000000000000, -0.05999999999999994227, 0.000000000000000000 ) ) ;
#186 = LINE ( 'NONE', #1250, #3231 ) ;
#187 = VECTOR ( 'NONE', #339, 1000.000000000000000 ) ;
#188 = ORIENTED_EDGE ( 'NONE', *, *, #3209, .T. ) ;
#189 = CARTESIAN_POINT ( 'NONE',  ( -12.47409133863833297, -0.6599999999999917044, -6.355866996351343445 ) ) ;
#190 = ADVANCED_FACE ( 'NONE', ( #21 ), #3, .F. ) ;
#191 = CIRCLE ( 'NONE', #134, 10.51421826332841647 ) ;
#192 = DIRECTION ( 'NONE',  ( -0.000000000000000000, -1.000000000000000000, -0.000000000000000000 ) ) ;
#193 = ORIENTED_EDGE ( 'NONE', *, *, #1739, .T. ) ;
#194 = DIRECTION ( 'NONE',  ( 0.000000000000000000, 1.000000000000000000, 0.000000000000000000 ) ) ;
#195 = DIRECTION ( 'NONE',  ( 0.000000000000000000, 0.000000000000000000, -1.000000000000000000 ) ) ;
#196 = ORIENTED_EDGE ( 'NONE', *, *, #1853, .T. ) ;
#197 = CIRCLE ( 'NONE', #1147, 14.75000000000000000 ) ;
#198 = LINE ( 'NONE', #2051, #212 ) ;
#199 = DIRECTION ( 'NONE',  ( -0.000000000000000000, -1.000000000000000000, -0.000000000000000000 ) ) ;
#200 = EDGE_LOOP ( 'NONE', ( #3031, #2922, #1649, #591 ) ) ;
#201 = CYLINDRICAL_SURFACE ( 'NONE', #3056, 14.75000000000000000 ) ;
#202 = CARTESIAN_POINT ( 'NONE',  ( 0.000000000000000000, -0.6599999999999999201, 0.000000000000000000 ) ) ;
#203 =( GEOMETRIC_REPRESENTATION_CONTEXT ( 3 ) GLOBAL_UNCERTAINTY_ASSIGNED_CONTEXT ( ( #1550 ) ) GLOBAL_UNIT_ASSIGNED_CONTEXT ( ( #2511, #1447, #136 ) ) REPRESENTATION_CONTEXT ( 'NONE', 'WORKASPACE' ) );
#204 = ORIENTED_EDGE ( 'NONE', *, *, #362, .F. ) ;
#205 = AXIS2_PLACEMENT_3D ( 'NONE', #1592, #2084, #530 ) ;
#206 = DIRECTION ( 'NONE',  ( 0.000000000000000000, 0.000000000000000000, -1.000000000000000000 ) ) ;
#207 = CARTESIAN_POINT ( 'NONE',  ( -8.817965402405821607, -0.6599999999999999201, 5.726453688879600712 ) ) ;
#208 = EDGE_CURVE ( 'NONE', #2995, #3126, #47, .T. ) ;
#209 = AXIS2_PLACEMENT_3D ( 'NONE', #2478, #1169, #2722 ) ;
#210 = EDGE_LOOP ( 'NONE', ( #1318, #2946, #1817 ) ) ;
#211 = FACE_OUTER_BOUND ( 'NONE', #1100, .T. ) ;
#212 = VECTOR ( 'NONE', #1524, 1000.000000000000114 ) ;
#213 = CARTESIAN_POINT ( 'NONE',  ( 0.000000000000000000, 2.899999999999999911, -14.75000000000000000 ) ) ;
#214 = ORIENTED_EDGE ( 'NONE', *, *, #2625, .T. ) ;
#215 = EDGE_CURVE ( 'NONE', #395, #1632, #952, .T. ) ;
#216 = CIRCLE ( 'NONE', #1102, 14.75000000000000000 ) ;
#217 = VERTEX_POINT ( 'NONE', #2816 ) ;
#218 = DIRECTION ( 'NONE',  ( 0.1132032137679070127, 0.000000000000000000, -0.9935718556765874565 ) ) ;
#219 = ORIENTED_EDGE ( 'NONE', *, *, #3350, .T. ) ;
#220 = CARTESIAN_POINT ( 'NONE',  ( 0.000000000000000000, -0.6600000000000000311, 0.000000000000000000 ) ) ;
#221 = CIRCLE ( 'NONE', #1113, 11.41919892417543281 ) ;
#222 = LINE ( 'NONE', #1217, #2740 ) ;
#223 = ORIENTED_EDGE ( 'NONE', *, *, #883, .F. ) ;
#224 = CARTESIAN_POINT ( 'NONE',  ( 0.000000000000000000, -0.6599999999999999201, 14.00000000000000000 ) ) ;
#225 = DIRECTION ( 'NONE',  ( 0.000000000000000000, 0.9650054712111678645, 0.2622297476117301240 ) ) ;
#226 = ORIENTED_EDGE ( 'NONE', *, *, #993, .T. ) ;
#227 = DIRECTION ( 'NONE',  ( 0.000000000000000000, -1.000000000000000000, 0.000000000000000000 ) ) ;
#228 = LINE ( 'NONE', #2363, #1317 ) ;
#229 = EDGE_LOOP ( 'NONE', ( #3035, #1629, #580, #3146, #1974, #2974, #333 ) ) ;
#230 = VECTOR ( 'NONE', #1878, 1000.000000000000227 ) ;
#231 = DIRECTION ( 'NONE',  ( 0.000000000000000000, 0.000000000000000000, -1.000000000000000000 ) ) ;
#232 = CONICAL_SURFACE ( 'NONE', #2682, 14.00000000000000000, 0.4719811568298711291 ) ;
#233 = EDGE_CURVE ( 'NONE', #2884, #2999, #94, .T. ) ;
#234 = ORIENTED_EDGE ( 'NONE', *, *, #3209, .F. ) ;
#235 = FACE_OUTER_BOUND ( 'NONE', #1085, .T. ) ;
#236 = ORIENTED_EDGE ( 'NONE', *, *, #1812, .T. ) ;
#237 = DIRECTION ( 'NONE',  ( 0.000000000000000000, -0.000000000000000000, -1.000000000000000000 ) ) ;
#238 = PLANE ( 'NONE',  #2234 ) ;
#239 = EDGE_CURVE ( 'NONE', #3252, #2091, #2524, .T. ) ;
#240 = DIRECTION ( 'NONE',  ( 0.2336484159582807030, -0.9650054712111678645, -0.1190498141649028868 ) ) ;
#241 = ORIENTED_EDGE ( 'NONE', *, *, #1687, .T. ) ;
#242 = CARTESIAN_POINT ( 'NONE',  ( 0.000000000000000000, -0.6600000000000000311, 0.000000000000000000 ) ) ;
#243 = CARTESIAN_POINT ( 'NONE',  ( 0.000000000000000000, -0.6600000000000000311, 0.000000000000000000 ) ) ;
#244 = AXIS2_PLACEMENT_3D ( 'NONE', #1194, #2262, #1999 ) ;
#245 = AXIS2_PLACEMENT_3D ( 'NONE', #2161, #1899, #2938 ) ;
#246 = ORIENTED_EDGE ( 'NONE', *, *, #1576, .T. ) ;
#247 = CARTESIAN_POINT ( 'NONE',  ( 14.72978563763004978, -0.6600000000000000311, 0.7719553545818291784 ) ) ;
#248 = DIRECTION ( 'NONE',  ( 0.000000000000000000, 0.000000000000000000, -1.000000000000000000 ) ) ;
#249 = DIRECTION ( 'NONE',  ( 0.000000000000000000, 0.000000000000000000, 1.000000000000000000 ) ) ;
#250 = EDGE_CURVE ( 'NONE', #3291, #2547, #3328, .T. ) ;
#251 = LINE ( 'NONE', #3139, #1408 ) ;
#252 = ADVANCED_FACE ( 'NONE', ( #916 ), #1423, .T. ) ;
#253 = ORIENTED_EDGE ( 'NONE', *, *, #2264, .T. ) ;
#254 = CARTESIAN_POINT ( 'NONE',  ( 0.000000000000000000, -52.18000000000005656, 0.000000000000000000 ) ) ;
#255 = CIRCLE ( 'NONE', #86, 14.75000000000000000 ) ;
#256 = DIRECTION ( 'NONE',  ( 0.000000000000000000, -1.000000000000000000, 0.000000000000000000 ) ) ;
#257 = LINE ( 'NONE', #1861, #1905 ) ;
#258 = CARTESIAN_POINT ( 'NONE',  ( -10.45587771842282443, -0.05999999999999994227, 12.17690934257905333 ) ) ;
#259 = AXIS2_PLACEMENT_3D ( 'NONE', #2014, #3228, #248 ) ;
#260 = EDGE_CURVE ( 'NONE', #2639, #1664, #166, .T. ) ;
#261 = CARTESIAN_POINT ( 'NONE',  ( 0.000000000000000000, -0.05999999999999994227, 0.000000000000000000 ) ) ;
#262 = AXIS2_PLACEMENT_3D ( 'NONE', #1047, #2114, #2131 ) ;
#263 = VERTEX_POINT ( 'NONE', #359 ) ;
#264 = CARTESIAN_POINT ( 'NONE',  ( -1.292690016871685721, -0.05999999999999994227, -11.34579466543307724 ) ) ;
#265 = ADVANCED_FACE ( 'NONE', ( #2232 ), #780, .F. ) ;
#266 = CARTESIAN_POINT ( 'NONE',  ( 0.000000000000000000, -0.05999999999999994227, 0.000000000000000000 ) ) ;
#267 = CIRCLE ( 'NONE', #1604, 10.51421826332841647 ) ;
#268 = ORIENTED_EDGE ( 'NONE', *, *, #260, .F. ) ;
#269 = CARTESIAN_POINT ( 'NONE',  ( 0.000000000000000000, -52.18000000000005656, 0.000000000000000000 ) ) ;
#270 = VECTOR ( 'NONE', #1393, 1000.000000000000114 ) ;
#271 = ORIENTED_EDGE ( 'NONE', *, *, #1131, .F. ) ;
#272 = ADVANCED_FACE ( 'NONE', ( #1162 ), #2486, .F. ) ;
#273 = CARTESIAN_POINT ( 'NONE',  ( -12.85301255745349280, 0.9050054712112023392, -6.548937000691025467 ) ) ;
#274 = DIRECTION ( 'NONE',  ( -0.000000000000000000, 1.000000000000000000, -0.000000000000000000 ) ) ;
#275 = DIRECTION ( 'NONE',  ( 0.000000000000000000, 1.000000000000000000, 0.000000000000000000 ) ) ;
#276 = DIRECTION ( 'NONE',  ( 0.000000000000000000, 0.000000000000000000, -1.000000000000000000 ) ) ;
#277 = DIRECTION ( 'NONE',  ( 0.000000000000000000, 0.000000000000000000, 1.000000000000000000 ) ) ;
#278 = AXIS2_PLACEMENT_3D ( 'NONE', #2907, #1918, #277 ) ;
#279 = EDGE_CURVE ( 'NONE', #1327, #2815, #892, .T. ) ;
#280 = CIRCLE ( 'NONE', #1225, 15.44999999999999929 ) ;
#281 = ORIENTED_EDGE ( 'NONE', *, *, #1806, .F. ) ;
#282 = CARTESIAN_POINT ( 'NONE',  ( 0.000000000000000000, -0.6600000000000000311, 0.000000000000000000 ) ) ;
#283 = FACE_OUTER_BOUND ( 'NONE', #972, .T. ) ;
#284 = EDGE_CURVE ( 'NONE', #1282, #2484, #280, .T. ) ;
#285 = EDGE_LOOP ( 'NONE', ( #2034, #1557, #609, #71, #1307, #1711, #2742 ) ) ;
#286 = EDGE_LOOP ( 'NONE', ( #1454, #508, #1736, #2813, #626, #1157 ) ) ;
#287 = CIRCLE ( 'NONE', #2185, 10.51421826332841647 ) ;
#288 = DIRECTION ( 'NONE',  ( -0.000000000000000000, 1.000000000000000000, -0.000000000000000000 ) ) ;
#289 = ORIENTED_EDGE ( 'NONE', *, *, #1229, .F. ) ;
#290 = DIRECTION ( 'NONE',  ( -0.5446390350147182202, 0.000000000000000000, 0.8386705679456245566 ) ) ;
#291 = DIRECTION ( 'NONE',  ( -0.000000000000000000, -1.000000000000000000, -0.000000000000000000 ) ) ;
#292 = CARTESIAN_POINT ( 'NONE',  ( -11.40354930891940199, -0.05999999999999994227, -0.5976346952221337494 ) ) ;
#293 = CARTESIAN_POINT ( 'NONE',  ( 5.726453688878982540, -0.6600000000000000311, 8.817965402406221287 ) ) ;
#294 = ORIENTED_EDGE ( 'NONE', *, *, #1411, .F. ) ;
#295 = DIRECTION ( 'NONE',  ( 0.000000000000000000, 0.000000000000000000, 1.000000000000000000 ) ) ;
#296 = EDGE_CURVE ( 'NONE', #771, #961, #1211, .T. ) ;
#297 = ORIENTED_EDGE ( 'NONE', *, *, #1478, .F. ) ;
#298 = CARTESIAN_POINT ( 'NONE',  ( 0.000000000000000000, -0.6600000000000000311, 0.000000000000000000 ) ) ;
#299 = FACE_OUTER_BOUND ( 'NONE', #20, .T. ) ;
#300 = VERTEX_POINT ( 'NONE', #675 ) ;
#301 = ADVANCED_FACE ( 'NONE', ( #637 ), #336, .F. ) ;
#302 = EDGE_LOOP ( 'NONE', ( #2721, #3218, #632, #3309, #887, #196, #3207 ) ) ;
#303 = DIRECTION ( 'NONE',  ( 0.01372404459651334861, -0.9650054712111678645, -0.2618703708563162036 ) ) ;
#304 = EDGE_LOOP ( 'NONE', ( #2125, #2238, #2188, #3191, #67, #3401, #3001 ) ) ;
#305 = ORIENTED_EDGE ( 'NONE', *, *, #9, .T. ) ;
#306 = CARTESIAN_POINT ( 'NONE',  ( 0.000000000000000000, -0.6599999999999999201, 0.000000000000000000 ) ) ;
#307 = CARTESIAN_POINT ( 'NONE',  ( 14.72978563762989346, -0.6600000000000000311, -0.7719553545847460674 ) ) ;
#308 = DIRECTION ( 'NONE',  ( 0.000000000000000000, 0.000000000000000000, 1.000000000000000000 ) ) ;
#309 = CIRCLE ( 'NONE', #535, 11.41919892417543281 ) ;
#310 = CARTESIAN_POINT ( 'NONE',  ( 0.000000000000000000, -52.18000000000005656, 0.000000000000000000 ) ) ;
#311 = DIRECTION ( 'NONE',  ( -0.1132032137679070127, 0.000000000000000000, -0.9935718556765874565 ) ) ;
#312 = ORIENTED_EDGE ( 'NONE', *, *, #407, .F. ) ;
#313 = AXIS2_PLACEMENT_3D ( 'NONE', #3238, #2410, #317 ) ;
#314 = ORIENTED_EDGE ( 'NONE', *, *, #45, .F. ) ;
#315 = DIRECTION ( 'NONE',  ( 0.000000000000000000, 0.000000000000000000, -1.000000000000000000 ) ) ;
#316 = EDGE_CURVE ( 'NONE', #2153, #1065, #1336, .T. ) ;
#317 = DIRECTION ( 'NONE',  ( 2.131628207280300242E-14, 0.000000000000000000, -1.000000000000000000 ) ) ;
#318 = EDGE_LOOP ( 'NONE', ( #689, #1011, #3303, #785 ) ) ;
#319 = ORIENTED_EDGE ( 'NONE', *, *, #2930, .T. ) ;
#320 = ADVANCED_FACE ( 'NONE', ( #379 ), #1702, .F. ) ;
#321 = AXIS2_PLACEMENT_3D ( 'NONE', #990, #647, #1468 ) ;
#322 = LINE ( 'NONE', #1961, #1859 ) ;
#323 = ORIENTED_EDGE ( 'NONE', *, *, #3316, .T. ) ;
#324 = EDGE_LOOP ( 'NONE', ( #669, #1892, #2609, #1718 ) ) ;
#325 = CARTESIAN_POINT ( 'NONE',  ( 0.000000000000000000, -0.05999999999999994227, 0.000000000000000000 ) ) ;
#326 = EDGE_CURVE ( 'NONE', #2484, #3271, #1179, .T. ) ;
#327 = VECTOR ( 'NONE', #2298, 1000.000000000000000 ) ;
#328 = DIRECTION ( 'NONE',  ( 0.000000000000000000, 1.000000000000000000, 0.000000000000000000 ) ) ;
#329 = CARTESIAN_POINT ( 'NONE',  ( 0.000000000000000000, -0.6600000000000000311, 0.000000000000000000 ) ) ;
#330 = LINE ( 'NONE', #1394, #2062 ) ;
#331 = ORIENTED_EDGE ( 'NONE', *, *, #1989, .T. ) ;
#332 = CIRCLE ( 'NONE', #1610, 14.00000000000000000 ) ;
#333 = ORIENTED_EDGE ( 'NONE', *, *, #2733, .F. ) ;
#334 = FACE_OUTER_BOUND ( 'NONE', #532, .T. ) ;
#335 = DIRECTION ( 'NONE',  ( -0.1077855619060388154, -0.3056552772629507198, 0.9460217355462336997 ) ) ;
#336 = CONICAL_SURFACE ( 'NONE', #2292, 14.00000000000000000, 0.4719811568298711291 ) ;
#337 = ORIENTED_EDGE ( 'NONE', *, *, #1766, .F. ) ;
#338 = EDGE_LOOP ( 'NONE', ( #1920, #905, #3236, #2498 ) ) ;
#339 = DIRECTION ( 'NONE',  ( 0.8910065241884503884, 0.000000000000000000, 0.4539904997393848229 ) ) ;
#340 = ORIENTED_EDGE ( 'NONE', *, *, #2544, .T. ) ;
#341 = ORIENTED_EDGE ( 'NONE', *, *, #2975, .F. ) ;
#342 = DIRECTION ( 'NONE',  ( 0.000000000000000000, -1.000000000000000000, 0.000000000000000000 ) ) ;
#343 = ADVANCED_FACE ( 'NONE', ( #3296 ), #2236, .F. ) ;
#344 = CARTESIAN_POINT ( 'NONE',  ( 0.000000000000000000, -0.05999999999999994227, 0.000000000000000000 ) ) ;
#345 = AXIS2_PLACEMENT_3D ( 'NONE', #2631, #40, #2919 ) ;
#346 = LINE ( 'NONE', #3267, #824 ) ;
#347 = VECTOR ( 'NONE', #741, 1000.000000000000114 ) ;
#348 = SHAPE_DEFINITION_REPRESENTATION ( #1099, #2579 ) ;
#349 = ORIENTED_EDGE ( 'NONE', *, *, #2270, .T. ) ;
#350 = VERTEX_POINT ( 'NONE', #2263 ) ;
#351 = DIRECTION ( 'NONE',  ( -0.000000000000000000, 1.000000000000000000, -0.000000000000000000 ) ) ;
#352 = DIRECTION ( 'NONE',  ( -0.000000000000000000, -1.000000000000000000, -0.000000000000000000 ) ) ;
#353 = ORIENTED_EDGE ( 'NONE', *, *, #2573, .T. ) ;
#354 = ORIENTED_EDGE ( 'NONE', *, *, #2149, .F. ) ;
#355 = VECTOR ( 'NONE', #3159, 1000.000000000000114 ) ;
#356 = LINE ( 'NONE', #2189, #1074 ) ;
#357 = VERTEX_POINT ( 'NONE', #3314 ) ;
#358 = ORIENTED_EDGE ( 'NONE', *, *, #890, .F. ) ;
#359 = CARTESIAN_POINT ( 'NONE',  ( -0.5976346952210946917, -0.05999999999999994227, 11.40354930891945351 ) ) ;
#360 = AXIS2_PLACEMENT_3D ( 'NONE', #1940, #1187, #611 ) ;
#361 = EDGE_CURVE ( 'NONE', #1142, #7, #1789, .T. ) ;
#362 = EDGE_CURVE ( 'NONE', #3009, #2346, #1774, .T. ) ;
#363 = FACE_OUTER_BOUND ( 'NONE', #140, .T. ) ;
#364 = DIRECTION ( 'NONE',  ( -0.000000000000000000, -1.000000000000000000, -0.000000000000000000 ) ) ;
#365 = EDGE_CURVE ( 'NONE', #3263, #1167, #709, .T. ) ;
#366 = DIRECTION ( 'NONE',  ( 1.000000000000000000, 0.000000000000000000, 0.000000000000000000 ) ) ;
#367 = ORIENTED_EDGE ( 'NONE', *, *, #1029, .T. ) ;
#368 = ORIENTED_EDGE ( 'NONE', *, *, #1459, .T. ) ;
#369 = PLANE ( 'NONE',  #2827 ) ;
#370 = LINE ( 'NONE', #1171, #579 ) ;
#371 = ORIENTED_EDGE ( 'NONE', *, *, #2149, .T. ) ;
#372 = ORIENTED_EDGE ( 'NONE', *, *, #2686, .F. ) ;
#373 = CARTESIAN_POINT ( 'NONE',  ( 10.17458074244494171, -0.05999999999999994227, -5.184207826212060333 ) ) ;
#374 = VECTOR ( 'NONE', #2862, 1000.000000000000227 ) ;
#375 = ORIENTED_EDGE ( 'NONE', *, *, #2377, .T. ) ;
#376 = LINE ( 'NONE', #1439, #1803 ) ;
#377 = ORIENTED_EDGE ( 'NONE', *, *, #2306, .T. ) ;
#378 = ORIENTED_EDGE ( 'NONE', *, *, #3194, .F. ) ;
#379 = FACE_OUTER_BOUND ( 'NONE', #2401, .T. ) ;
#380 = DIRECTION ( 'NONE',  ( 0.000000000000000000, 0.000000000000000000, 1.000000000000000000 ) ) ;
#381 = ADVANCED_FACE ( 'NONE', ( #3346 ), #2222, .T. ) ;
#382 = VECTOR ( 'NONE', #2309, 1000.000000000000114 ) ;
#383 = DIRECTION ( 'NONE',  ( 0.000000000000000000, 0.000000000000000000, -1.000000000000000000 ) ) ;
#384 = DIRECTION ( 'NONE',  ( -0.000000000000000000, 1.000000000000000000, -0.000000000000000000 ) ) ;
#385 = ORIENTED_EDGE ( 'NONE', *, *, #1965, .F. ) ;
#386 = AXIS2_PLACEMENT_3D ( 'NONE', #1007, #1568, #3164 ) ;
#387 = ORIENTED_EDGE ( 'NONE', *, *, #1661, .T. ) ;
#388 = DIRECTION ( 'NONE',  ( -0.8910065241885349874, 0.000000000000000000, -0.4539904997392189001 ) ) ;
#389 = ADVANCED_FACE ( 'NONE', ( #2834 ), #987, .F. ) ;
#390 = CARTESIAN_POINT ( 'NONE',  ( -11.74138795123721302, -0.6600000000000000311, -7.624946490208417416 ) ) ;
#391 = ORIENTED_EDGE ( 'NONE', *, *, #876, .T. ) ;
#392 = CARTESIAN_POINT ( 'NONE',  ( 0.000000000000000000, -28.08620191640486752, 0.000000000000000000 ) ) ;
#393 = EDGE_CURVE ( 'NONE', #1907, #1638, #198, .T. ) ;
#394 = CONICAL_SURFACE ( 'NONE', #3382, 14.00000000000000000, 0.4719811568298711291 ) ;
#395 = VERTEX_POINT ( 'NONE', #3089 ) ;
#396 = DIRECTION ( 'NONE',  ( -0.000000000000000000, -1.000000000000000000, -0.000000000000000000 ) ) ;
#397 = CARTESIAN_POINT ( 'NONE',  ( 0.000000000000000000, -52.18000000000005656, 0.000000000000000000 ) ) ;
#398 = LINE ( 'NONE', #2989, #1009 ) ;
#399 = DIRECTION ( 'NONE',  ( -0.000000000000000000, 1.000000000000000000, -0.000000000000000000 ) ) ;
#400 = AXIS2_PLACEMENT_3D ( 'NONE', #1581, #2648, #2662 ) ;
#401 = CARTESIAN_POINT ( 'NONE',  ( -5.726453688873315073, -0.05999999999999994227, 8.817965402409903675 ) ) ;
#402 = CONICAL_SURFACE ( 'NONE', #2073, 15.44999999999999929, 0.7853981633974482790 ) ;
#403 = EDGE_LOOP ( 'NONE', ( #3361, #3226, #2318, #70 ) ) ;
#404 = AXIS2_PLACEMENT_3D ( 'NONE', #2784, #1725, #1181 ) ;
#405 = CARTESIAN_POINT ( 'NONE',  ( 0.000000000000000000, -0.05999999999999994227, 0.000000000000000000 ) ) ;
#406 = DIRECTION ( 'NONE',  ( 0.1132032137679070127, 0.000000000000000000, 0.9935718556765874565 ) ) ;
#407 = EDGE_CURVE ( 'NONE', #1144, #1676, #1266, .T. ) ;
#408 = ORIENTED_EDGE ( 'NONE', *, *, #99, .T. ) ;
#409 = CARTESIAN_POINT ( 'NONE',  ( 9.646872667024320336, 2.899999999999999911, -12.76471103261718376 ) ) ;
#410 = LINE ( 'NONE', #127, #1704 ) ;
#411 = ORIENTED_EDGE ( 'NONE', *, *, #774, .F. ) ;
#412 = ORIENTED_EDGE ( 'NONE', *, *, #1915, .T. ) ;
#413 = DIRECTION ( 'NONE',  ( 0.000000000000000000, 1.000000000000000000, 0.000000000000000000 ) ) ;
#414 = ADVANCED_FACE ( 'NONE', ( #432 ), #2570, .F. ) ;
#415 = VECTOR ( 'NONE', #1177, 999.9999999999998863 ) ;
#416 = PLANE ( 'NONE',  #1571 ) ;
#417 = CONICAL_SURFACE ( 'NONE', #360, 15.44999999999999929, 0.7853981633974482790 ) ;
#418 = EDGE_CURVE ( 'NONE', #3424, #3410, #3104, .T. ) ;
#419 = CARTESIAN_POINT ( 'NONE',  ( 0.000000000000000000, -3.725774140198917728, 0.000000000000000000 ) ) ;
#420 = DIRECTION ( 'NONE',  ( -0.000000000000000000, 1.000000000000000000, -0.000000000000000000 ) ) ;
#421 = ORIENTED_EDGE ( 'NONE', *, *, #1089, .T. ) ;
#422 = CARTESIAN_POINT ( 'NONE',  ( 1.632987288648922064, 0.9050054712111885724, -14.33254548767203751 ) ) ;
#423 = FACE_OUTER_BOUND ( 'NONE', #304, .T. ) ;
#424 = EDGE_CURVE ( 'NONE', #2555, #2395, #983, .T. ) ;
#425 = ORIENTED_EDGE ( 'NONE', *, *, #993, .F. ) ;
#426 = FACE_OUTER_BOUND ( 'NONE', #1185, .T. ) ;
#427 = VECTOR ( 'NONE', #1651, 1000.000000000000000 ) ;
#428 = LINE ( 'NONE', #38, #1314 ) ;
#429 = ORIENTED_EDGE ( 'NONE', *, *, #1446, .T. ) ;
#430 = ORIENTED_EDGE ( 'NONE', *, *, #2891, .F. ) ;
#431 = VECTOR ( 'NONE', #1537, 1000.000000000000000 ) ;
#432 = FACE_OUTER_BOUND ( 'NONE', #2384, .T. ) ;
#433 = EDGE_CURVE ( 'NONE', #2947, #2001, #3107, .T. ) ;
#434 = AXIS2_PLACEMENT_3D ( 'NONE', #509, #769, #2894 ) ;
#435 = CARTESIAN_POINT ( 'NONE',  ( 0.000000000000000000, 0.9050054712111599287, 0.000000000000000000 ) ) ;
#436 = CARTESIAN_POINT ( 'NONE',  ( 0.000000000000000000, -0.6599999999999998090, 0.000000000000000000 ) ) ;
#437 = PLANE ( 'NONE',  #2904 ) ;
#438 = ORIENTED_EDGE ( 'NONE', *, *, #2133, .F. ) ;
#439 = DIRECTION ( 'NONE',  ( -0.000000000000000000, 1.000000000000000000, -0.000000000000000000 ) ) ;
#440 = CARTESIAN_POINT ( 'NONE',  ( -13.98081348656383582, -0.6599999999999917044, 0.7327033874050964402 ) ) ;
#441 = CIRCLE ( 'NONE', #2335, 15.75000000000000000 ) ;
#442 = EDGE_LOOP ( 'NONE', ( #1173, #1178, #35, #2164 ) ) ;
#443 = CARTESIAN_POINT ( 'NONE',  ( 0.000000000000000000, -52.18000000000005656, 0.000000000000000000 ) ) ;
#444 = CARTESIAN_POINT ( 'NONE',  ( 0.000000000000000000, -0.05999999999999994227, 0.000000000000000000 ) ) ;
#445 = ORIENTED_EDGE ( 'NONE', *, *, #2750, .F. ) ;
#446 = VERTEX_POINT ( 'NONE', #3366 ) ;
#447 = DIRECTION ( 'NONE',  ( 0.05146803721229906842, -0.8906693003304956280, 0.4517291650915389312 ) ) ;
#448 = DIRECTION ( 'NONE',  ( -0.000000000000000000, 1.000000000000000000, -0.000000000000000000 ) ) ;
#449 = EDGE_CURVE ( 'NONE', #1926, #3338, #480, .T. ) ;
#450 = CARTESIAN_POINT ( 'NONE',  ( 8.033425766471690821, 2.100000000000000089, -12.37039087719498021 ) ) ;
#451 = CARTESIAN_POINT ( 'NONE',  ( 0.000000000000000000, -0.05999999999999994227, 0.000000000000000000 ) ) ;
#452 = VERTEX_POINT ( 'NONE', #450 ) ;
#453 = DIRECTION ( 'NONE',  ( -0.8386705679452364226, 0.000000000000000000, 0.5446390350153160753 ) ) ;
#454 = FACE_OUTER_BOUND ( 'NONE', #3188, .T. ) ;
#455 = ORIENTED_EDGE ( 'NONE', *, *, #1593, .F. ) ;
#456 = CARTESIAN_POINT ( 'NONE',  ( 11.40354930891919061, -0.05999999999999994227, -0.5976346952261423207 ) ) ;
#457 = DIRECTION ( 'NONE',  ( 0.000000000000000000, -1.000000000000000000, 0.000000000000000000 ) ) ;
#458 = ORIENTED_EDGE ( 'NONE', *, *, #597, .F. ) ;
#459 = DIRECTION ( 'NONE',  ( 0.000000000000000000, 0.000000000000000000, -1.000000000000000000 ) ) ;
#460 = CARTESIAN_POINT ( 'NONE',  ( -10.49980889261554928, -0.6600000000000000311, 0.5502716669612327527 ) ) ;
#461 = EDGE_CURVE ( 'NONE', #2346, #2798, #332, .T. ) ;
#462 = DIRECTION ( 'NONE',  ( -0.000000000000000000, -1.000000000000000000, -0.000000000000000000 ) ) ;
#463 = ADVANCED_FACE ( 'NONE', ( #1794 ), #2339, .F. ) ;
#464 = CARTESIAN_POINT ( 'NONE',  ( -13.14234623177966910, 2.100000000000000089, -6.696359871155878274 ) ) ;
#465 = VECTOR ( 'NONE', #288, 1000.000000000000000 ) ;
#466 = ORIENTED_EDGE ( 'NONE', *, *, #2897, .F. ) ;
#467 = CARTESIAN_POINT ( 'NONE',  ( -13.14234623177618033, 0.8092608169502585325, 6.696359871162719024 ) ) ;
#468 = DIRECTION ( 'NONE',  ( 0.9508373654494478577, 0.3056552772629507753, -0.04983127478262879689 ) ) ;
#469 = MANIFOLD_SOLID_BREP ( 'Chamfer4', #2433 ) ;
#470 = ADVANCED_FACE ( 'NONE', ( #2592 ), #2902, .T. ) ;
#471 = ORIENTED_EDGE ( 'NONE', *, *, #488, .F. ) ;
#472 = DIRECTION ( 'NONE',  ( 0.000000000000000000, 1.000000000000000000, 0.000000000000000000 ) ) ;
#473 = LINE ( 'NONE', #3154, #431 ) ;
#474 = EDGE_LOOP ( 'NONE', ( #1086, #1436, #1575, #2343 ) ) ;
#475 = EDGE_CURVE ( 'NONE', #3263, #1161, #1248, .T. ) ;
#476 = VECTOR ( 'NONE', #170, 1000.000000000000114 ) ;
#477 = CARTESIAN_POINT ( 'NONE',  ( 0.000000000000000000, -0.05999999999999994227, 11.41919892417543281 ) ) ;
#478 = AXIS2_PLACEMENT_3D ( 'NONE', #2132, #2655, #1885 ) ;
#479 = EDGE_LOOP ( 'NONE', ( #791, #3324, #1333, #1799 ) ) ;
#480 = LINE ( 'NONE', #778, #159 ) ;
#481 = EDGE_CURVE ( 'NONE', #3198, #2702, #3127, .T. ) ;
#482 = LINE ( 'NONE', #3095, #1404 ) ;
#483 = VERTEX_POINT ( 'NONE', #1513 ) ;
#484 = VECTOR ( 'NONE', #809, 1000.000000000000000 ) ;
#485 = CARTESIAN_POINT ( 'NONE',  ( -4.773355203735690999, -0.6599999999999999201, 9.368237069367866710 ) ) ;
#486 = CARTESIAN_POINT ( 'NONE',  ( -9.368237069364512948, -0.05999999999999994227, 4.773355203742278619 ) ) ;
#487 = AXIS2_PLACEMENT_3D ( 'NONE', #1764, #2530, #1236 ) ;
#488 = EDGE_CURVE ( 'NONE', #2445, #2281, #2782, .T. ) ;
#489 = VERTEX_POINT ( 'NONE', #970 ) ;
#490 = LINE ( 'NONE', #3153, #2383 ) ;
#491 = AXIS2_PLACEMENT_3D ( 'NONE', #3339, #472, #3307 ) ;
#492 = FACE_OUTER_BOUND ( 'NONE', #964, .T. ) ;
#493 = ORIENTED_EDGE ( 'NONE', *, *, #2793, .F. ) ;
#494 = EDGE_CURVE ( 'NONE', #1638, #2893, #1277, .T. ) ;
#495 = CONICAL_SURFACE ( 'NONE', #2937, 14.00000000000000000, 0.2653320862089845189 ) ;
#496 = DIRECTION ( 'NONE',  ( 0.000000000000000000, -1.000000000000000000, 0.000000000000000000 ) ) ;
#497 = LINE ( 'NONE', #3138, #2926 ) ;
#498 = DIRECTION ( 'NONE',  ( -0.000000000000000000, 1.000000000000000000, -0.000000000000000000 ) ) ;
#499 = AXIS2_PLACEMENT_3D ( 'NONE', #325, #2388, #1125 ) ;
#500 = ORIENTED_EDGE ( 'NONE', *, *, #3418, .F. ) ;
#501 = DIRECTION ( 'NONE',  ( -2.753353101070388220E-14, 0.000000000000000000, 1.000000000000000000 ) ) ;
#502 = DIRECTION ( 'NONE',  ( 0.000000000000000000, 0.000000000000000000, -1.000000000000000000 ) ) ;
#503 = DIRECTION ( 'NONE',  ( -0.05233595624259161638, 0.000000000000000000, 0.9986295347545924850 ) ) ;
#504 = ORIENTED_EDGE ( 'NONE', *, *, #3344, .F. ) ;
#505 = LINE ( 'NONE', #1843, #2003 ) ;
#506 = PRODUCT_DEFINITION_CONTEXT ( 'detailed design', #1587, 'design' ) ;
#507 = DIRECTION ( 'NONE',  ( -0.8386705679455341844, 0.000000000000000000, -0.5446390350148574422 ) ) ;
#508 = ORIENTED_EDGE ( 'NONE', *, *, #284, .F. ) ;
#509 = CARTESIAN_POINT ( 'NONE',  ( 0.000000000000000000, -0.05999999999999994227, 0.000000000000000000 ) ) ;
#510 = LINE ( 'NONE', #444, #982 ) ;
#511 = ORIENTED_EDGE ( 'NONE', *, *, #1819, .T. ) ;
#512 = ADVANCED_FACE ( 'NONE', ( #3142 ), #2838, .F. ) ;
#513 = AXIS2_PLACEMENT_3D ( 'NONE', #1515, #1781, #1232 ) ;
#514 = CONICAL_SURFACE ( 'NONE', #3394, 14.00000000000000000, 0.2653320862089845189 ) ;
#515 = ORIENTED_EDGE ( 'NONE', *, *, #2930, .F. ) ;
#516 = DIRECTION ( 'NONE',  ( 0.000000000000000000, 0.000000000000000000, 1.000000000000000000 ) ) ;
#517 = EDGE_CURVE ( 'NONE', #2105, #3338, #1824, .T. ) ;
#518 = ORIENTED_EDGE ( 'NONE', *, *, #2118, .T. ) ;
#519 = DIRECTION ( 'NONE',  ( 0.05233595624268259916, 0.000000000000000000, -0.9986295347545876000 ) ) ;
#520 = DIRECTION ( 'NONE',  ( -0.000000000000000000, 1.000000000000000000, -0.000000000000000000 ) ) ;
#521 = CARTESIAN_POINT ( 'NONE',  ( 6.548937000697157451, 0.9050054712111885724, 12.85301255745036286 ) ) ;
#522 = CARTESIAN_POINT ( 'NONE',  ( 0.000000000000000000, -0.6599999999999999201, 0.000000000000000000 ) ) ;
#523 = FACE_OUTER_BOUND ( 'NONE', #324, .T. ) ;
#524 = VECTOR ( 'NONE', #842, 1000.000000000000000 ) ;
#525 = CIRCLE ( 'NONE', #245, 14.00000000000000000 ) ;
#526 = ORIENTED_EDGE ( 'NONE', *, *, #1923, .F. ) ;
#527 = CARTESIAN_POINT ( 'NONE',  ( 0.000000000000000000, 0.8092608169502585325, 0.000000000000000000 ) ) ;
#528 = CARTESIAN_POINT ( 'NONE',  ( -4.773355203739872543, -0.6600000000000000311, -9.368237069365736858 ) ) ;
#529 = ADVANCED_FACE ( 'NONE', ( #2885 ), #201, .F. ) ;
#530 = DIRECTION ( 'NONE',  ( 0.000000000000000000, 0.000000000000000000, -1.000000000000000000 ) ) ;
#531 = DIRECTION ( 'NONE',  ( 0.000000000000000000, -0.000000000000000000, -1.000000000000000000 ) ) ;
#532 = EDGE_LOOP ( 'NONE', ( #2653, #3102, #3397, #1962, #455, #1910, #3202 ) ) ;
#533 = LINE ( 'NONE', #2660, #1052 ) ;
#534 = ADVANCED_FACE ( 'NONE', ( #2672 ), #3051, .T. ) ;
#535 = AXIS2_PLACEMENT_3D ( 'NONE', #2812, #1435, #143 ) ;
#536 = DIRECTION ( 'NONE',  ( 0.000000000000000000, 0.000000000000000000, 1.000000000000000000 ) ) ;
#537 = FACE_OUTER_BOUND ( 'NONE', #2737, .T. ) ;
#538 = CARTESIAN_POINT ( 'NONE',  ( 0.000000000000000000, -0.05999999999999994227, 0.000000000000000000 ) ) ;
#539 = VECTOR ( 'NONE', #2704, 999.9999999999998863 ) ;
#540 = CARTESIAN_POINT ( 'NONE',  ( 0.000000000000000000, 2.100000000000000089, 0.000000000000000000 ) ) ;
#541 = ORIENTED_EDGE ( 'NONE', *, *, #1003, .T. ) ;
#542 = DIRECTION ( 'NONE',  ( 0.000000000000000000, -1.000000000000000000, 0.000000000000000000 ) ) ;
#543 = DIRECTION ( 'NONE',  ( 0.000000000000000000, 0.000000000000000000, 1.000000000000000000 ) ) ;
#544 = CIRCLE ( 'NONE', #714, 1.000000000000002665 ) ;
#545 = AXIS2_PLACEMENT_3D ( 'NONE', #2795, #1487, #2047 ) ;
#546 = LINE ( 'NONE', #756, #2876 ) ;
#547 = CARTESIAN_POINT ( 'NONE',  ( -0.5502716669546137140, -0.6600000000000000311, 10.49980889261589567 ) ) ;
#548 = CIRCLE ( 'NONE', #1386, 15.75000000000000000 ) ;
#549 = ORIENTED_EDGE ( 'NONE', *, *, #1200, .T. ) ;
#550 = PLANE ( 'NONE',  #3000 ) ;
#551 = DIRECTION ( 'NONE',  ( 0.5446390350152572335, 0.000000000000000000, 0.8386705679452745033 ) ) ;
#552 = ADVANCED_FACE ( 'NONE', ( #3325 ), #1438, .F. ) ;
#553 = VECTOR ( 'NONE', #3112, 1000.000000000000000 ) ;
#554 = FACE_OUTER_BOUND ( 'NONE', #3391, .T. ) ;
#555 = PLANE ( 'NONE',  #2501 ) ;
#556 = DIRECTION ( 'NONE',  ( 0.000000000000000000, -1.000000000000000000, 0.000000000000000000 ) ) ;
#557 = VECTOR ( 'NONE', #810, 1000.000000000000114 ) ;
#558 = ORIENTED_EDGE ( 'NONE', *, *, #1514, .F. ) ;
#559 = PLANE ( 'NONE',  #710 ) ;
#560 = DIRECTION ( 'NONE',  ( -0.000000000000000000, -1.000000000000000000, -0.000000000000000000 ) ) ;
#561 = EDGE_LOOP ( 'NONE', ( #1433, #853, #951, #378 ) ) ;
#562 = ORIENTED_EDGE ( 'NONE', *, *, #1639, .F. ) ;
#563 = CIRCLE ( 'NONE', #1845, 15.75000000000000000 ) ;
#564 = PLANE ( 'NONE',  #2310 ) ;
#565 = ORIENTED_EDGE ( 'NONE', *, *, #2072, .F. ) ;
#566 = ORIENTED_EDGE ( 'NONE', *, *, #449, .T. ) ;
#567 = VECTOR ( 'NONE', #2716, 1000.000000000000000 ) ;
#568 = CARTESIAN_POINT ( 'NONE',  ( 0.000000000000000000, -0.6600000000000000311, 0.000000000000000000 ) ) ;
#569 = DIRECTION ( 'NONE',  ( -0.1190498141648927144, -0.9650054712111678645, -0.2336484159582858100 ) ) ;
#570 = DIRECTION ( 'NONE',  ( 0.000000000000000000, 1.000000000000000000, 0.000000000000000000 ) ) ;
#571 = EDGE_CURVE ( 'NONE', #915, #3262, #3374, .T. ) ;
#572 = DIRECTION ( 'NONE',  ( -0.05233595624322116141, 0.000000000000000000, -0.9986295347545594003 ) ) ;
#573 = CARTESIAN_POINT ( 'NONE',  ( -10.49980889261584593, -0.05999999999999994227, -0.5502716669555703932 ) ) ;
#574 = VERTEX_POINT ( 'NONE', #1536 ) ;
#575 = ORIENTED_EDGE ( 'NONE', *, *, #18, .T. ) ;
#576 = CARTESIAN_POINT ( 'NONE',  ( 0.000000000000000000, -3.725774140198887530, 0.000000000000000000 ) ) ;
#577 = EDGE_CURVE ( 'NONE', #839, #2445, #3120, .T. ) ;
#578 = CARTESIAN_POINT ( 'NONE',  ( 5.726453688878982540, -0.6599999999999999201, 8.817965402406221287 ) ) ;
#579 = VECTOR ( 'NONE', #1972, 999.9999999999998863 ) ;
#580 = ORIENTED_EDGE ( 'NONE', *, *, #1082, .F. ) ;
#581 = VERTEX_POINT ( 'NONE', #2013 ) ;
#582 = CARTESIAN_POINT ( 'NONE',  ( 9.646872667024320336, 2.899999999999999911, -13.76471103261718554 ) ) ;
#583 = EDGE_LOOP ( 'NONE', ( #219, #2755, #686, #980, #1864 ) ) ;
#584 = ORIENTED_EDGE ( 'NONE', *, *, #1875, .F. ) ;
#585 = CARTESIAN_POINT ( 'NONE',  ( 12.37039087719662867, -0.6600000000000000311, 8.033425766469148854 ) ) ;
#586 = LINE ( 'NONE', #651, #2424 ) ;
#587 = CARTESIAN_POINT ( 'NONE',  ( -9.576946047217832714, -0.05999999999999994227, 6.219341482710836644 ) ) ;
#588 = VECTOR ( 'NONE', #903, 1000.000000000000000 ) ;
#589 = FACE_OUTER_BOUND ( 'NONE', #2187, .T. ) ;
#590 = LINE ( 'NONE', #243, #1170 ) ;
#591 = ORIENTED_EDGE ( 'NONE', *, *, #2814, .F. ) ;
#592 = CIRCLE ( 'NONE', #813, 14.75000000000000000 ) ;
#593 = ORIENTED_EDGE ( 'NONE', *, *, #2127, .F. ) ;
#594 = DIRECTION ( 'NONE',  ( 0.000000000000000000, 1.000000000000000000, 0.000000000000000000 ) ) ;
#595 = CARTESIAN_POINT ( 'NONE',  ( 0.000000000000000000, -0.05999999999999994227, 0.000000000000000000 ) ) ;
#596 = VECTOR ( 'NONE', #803, 1000.000000000000000 ) ;
#597 = EDGE_CURVE ( 'NONE', #3262, #3122, #1882, .T. ) ;
#598 = ORIENTED_EDGE ( 'NONE', *, *, #1514, .T. ) ;
#599 = AXIS2_PLACEMENT_3D ( 'NONE', #973, #2043, #3097 ) ;
#600 = DIRECTION ( 'NONE',  ( -0.8910065241883521336, 0.000000000000000000, 0.4539904997395775021 ) ) ;
#601 = VERTEX_POINT ( 'NONE', #737 ) ;
#602 = VERTEX_POINT ( 'NONE', #161 ) ;
#603 = CARTESIAN_POINT ( 'NONE',  ( 0.000000000000000000, -28.08620191640486752, 0.000000000000000000 ) ) ;
#604 = AXIS2_PLACEMENT_3D ( 'NONE', #1493, #2314, #2556 ) ;
#605 = DIRECTION ( 'NONE',  ( 0.000000000000000000, 1.000000000000000000, 0.000000000000000000 ) ) ;
#606 = LINE ( 'NONE', #293, #941 ) ;
#607 = ORIENTED_EDGE ( 'NONE', *, *, #1499, .F. ) ;
#608 = AXIS2_PLACEMENT_3D ( 'NONE', #306, #2137, #1370 ) ;
#609 = ORIENTED_EDGE ( 'NONE', *, *, #101, .T. ) ;
#610 = CARTESIAN_POINT ( 'NONE',  ( 0.000000000000000000, -0.6600000000000000311, 0.000000000000000000 ) ) ;
#611 = DIRECTION ( 'NONE',  ( 0.000000000000000000, 0.000000000000000000, 1.000000000000000000 ) ) ;
#612 = EDGE_CURVE ( 'NONE', #1118, #2, #721, .T. ) ;
#613 = EDGE_CURVE ( 'NONE', #3424, #690, #1768, .T. ) ;
#614 = VERTEX_POINT ( 'NONE', #1223 ) ;
#615 = CYLINDRICAL_SURFACE ( 'NONE', #3405, 10.51421826332841647 ) ;
#616 = VERTEX_POINT ( 'NONE', #1800 ) ;
#617 = ORIENTED_EDGE ( 'NONE', *, *, #2398, .T. ) ;
#618 = DIRECTION ( 'NONE',  ( 0.000000000000000000, 0.000000000000000000, 1.000000000000000000 ) ) ;
#619 = EDGE_CURVE ( 'NONE', #2999, #3387, #177, .T. ) ;
#620 = FACE_OUTER_BOUND ( 'NONE', #318, .T. ) ;
#621 = AXIS2_PLACEMENT_3D ( 'NONE', #2109, #1914, #1600 ) ;
#622 = DIRECTION ( 'NONE',  ( -0.000000000000000000, -1.000000000000000000, -0.000000000000000000 ) ) ;
#623 = VECTOR ( 'NONE', #677, 1000.000000000000000 ) ;
#624 = EDGE_CURVE ( 'NONE', #574, #2281, #1190, .T. ) ;
#625 = DIRECTION ( 'NONE',  ( 0.000000000000000000, 0.000000000000000000, -1.000000000000000000 ) ) ;
#626 = ORIENTED_EDGE ( 'NONE', *, *, #633, .F. ) ;
#627 = ORIENTED_EDGE ( 'NONE', *, *, #1965, .T. ) ;
#628 = PLANE ( 'NONE',  #3157 ) ;
#629 = DIRECTION ( 'NONE',  ( 0.000000000000000000, 0.000000000000000000, -1.000000000000000000 ) ) ;
#630 = ORIENTED_EDGE ( 'NONE', *, *, #1276, .T. ) ;
#631 = ORIENTED_EDGE ( 'NONE', *, *, #2681, .F. ) ;
#632 = ORIENTED_EDGE ( 'NONE', *, *, #2647, .F. ) ;
#633 = EDGE_CURVE ( 'NONE', #125, #1210, #2330, .T. ) ;
#634 = CIRCLE ( 'NONE', #2584, 14.75000000000000000 ) ;
#635 = CARTESIAN_POINT ( 'NONE',  ( -14.72978563762974957, -0.6600000000000000311, 0.7719553545875119660 ) ) ;
#636 = ORIENTED_EDGE ( 'NONE', *, *, #488, .T. ) ;
#637 = FACE_OUTER_BOUND ( 'NONE', #2554, .T. ) ;
#638 = AXIS2_PLACEMENT_3D ( 'NONE', #733, #192, #991 ) ;
#639 = CARTESIAN_POINT ( 'NONE',  ( -12.37039087719634622, -0.6600000000000000311, -8.033425766469580509 ) ) ;
#640 = EDGE_CURVE ( 'NONE', #1907, #2153, #1787, .T. ) ;
#641 = CARTESIAN_POINT ( 'NONE',  ( 8.712430280894187362, -0.3599999999999982103, -13.12082537802245419 ) ) ;
#642 = DIRECTION ( 'NONE',  ( 0.05233595624328607476, 0.000000000000000000, 0.9986295347545559586 ) ) ;
#643 = AXIS2_PLACEMENT_3D ( 'NONE', #1183, #496, #3349 ) ;
#644 = ORIENTED_EDGE ( 'NONE', *, *, #365, .T. ) ;
#645 = EDGE_CURVE ( 'NONE', #2386, #2555, #819, .T. ) ;
#646 = ORIENTED_EDGE ( 'NONE', *, *, #2678, .F. ) ;
#647 = DIRECTION ( 'NONE',  ( -0.000000000000000000, 1.000000000000000000, -0.000000000000000000 ) ) ;
#648 = DIRECTION ( 'NONE',  ( 0.000000000000000000, 0.000000000000000000, 1.000000000000000000 ) ) ;
#649 = VERTEX_POINT ( 'NONE', #456 ) ;
#650 = ORIENTED_EDGE ( 'NONE', *, *, #577, .F. ) ;
#651 = CARTESIAN_POINT ( 'NONE',  ( 13.14234623177964245, -0.6600000000000000311, 6.696359871155926236 ) ) ;
#652 = ORIENTED_EDGE ( 'NONE', *, *, #2814, .T. ) ;
#653 = DIRECTION ( 'NONE',  ( -0.8483649507380450761, 0.3056552772629526071, -0.4322635328599231386 ) ) ;
#654 = VECTOR ( 'NONE', #420, 1000.000000000000000 ) ;
#655 = CIRCLE ( 'NONE', #2768, 14.42527322587259775 ) ;
#656 = ORIENTED_EDGE ( 'NONE', *, *, #260, .T. ) ;
#657 = CARTESIAN_POINT ( 'NONE',  ( 0.000000000000000000, -0.05999999999999994227, 0.000000000000000000 ) ) ;
#658 = AXIS2_PLACEMENT_3D ( 'NONE', #3079, #1517, #2291 ) ;
#659 = LINE ( 'NONE', #117, #567 ) ;
#660 = VECTOR ( 'NONE', #1791, 1000.000000000000000 ) ;
#661 = AXIS2_PLACEMENT_3D ( 'NONE', #2583, #1471, #2259 ) ;
#662 = LINE ( 'NONE', #2235, #3143 ) ;
#663 = ADVANCED_FACE ( 'NONE', ( #426 ), #2163, .F. ) ;
#664 = ORIENTED_EDGE ( 'NONE', *, *, #1156, .F. ) ;
#665 = AXIS2_PLACEMENT_3D ( 'NONE', #1425, #2490, #98 ) ;
#666 = CARTESIAN_POINT ( 'NONE',  ( 0.000000000000000000, 2.100000000000000089, 0.000000000000000000 ) ) ;
#667 = CARTESIAN_POINT ( 'NONE',  ( 6.696359871162148814, 2.100000000000000089, 13.14234623177647165 ) ) ;
#668 = ADVANCED_FACE ( 'NONE', ( #2535 ), #2325, .T. ) ;
#669 = ORIENTED_EDGE ( 'NONE', *, *, #3310, .F. ) ;
#670 = CARTESIAN_POINT ( 'NONE',  ( 0.000000000000000000, -52.18000000000005656, 0.000000000000000000 ) ) ;
#671 = CARTESIAN_POINT ( 'NONE',  ( 0.000000000000000000, 0.9050054712111581523, 0.000000000000000000 ) ) ;
#672 = CIRCLE ( 'NONE', #949, 14.00000000000000000 ) ;
#673 = ORIENTED_EDGE ( 'NONE', *, *, #250, .F. ) ;
#674 = ADVANCED_FACE ( 'NONE', ( #141 ), #1998, .F. ) ;
#675 = CARTESIAN_POINT ( 'NONE',  ( 9.576946047221243319, -0.05999999999999994227, 6.219341482705607049 ) ) ;
#676 = VERTEX_POINT ( 'NONE', #928 ) ;
#677 = DIRECTION ( 'NONE',  ( -0.9986295347545691703, 0.000000000000000000, 0.05233595624303363780 ) ) ;
#678 = DIRECTION ( 'NONE',  ( 0.3813030263289448052, -0.8906693003304955170, -0.2476210806073938231 ) ) ;
#679 = EDGE_CURVE ( 'NONE', #3126, #2798, #962, .T. ) ;
#680 = LINE ( 'NONE', #2804, #2156 ) ;
#681 = ORIENTED_EDGE ( 'NONE', *, *, #1605, .F. ) ;
#682 = VECTOR ( 'NONE', #864, 1000.000000000000000 ) ;
#683 = LINE ( 'NONE', #1748, #2389 ) ;
#684 = CYLINDRICAL_SURFACE ( 'NONE', #1919, 10.51421826332841647 ) ;
#685 = EDGE_CURVE ( 'NONE', #3271, #125, #761, .T. ) ;
#686 = ORIENTED_EDGE ( 'NONE', *, *, #101, .F. ) ;
#687 = CARTESIAN_POINT ( 'NONE',  ( 0.000000000000000000, 0.000000000000000000, 0.000000000000000000 ) ) ;
#688 = DIRECTION ( 'NONE',  ( -0.8910065241884521647, 0.000000000000000000, -0.4539904997393814923 ) ) ;
#689 = ORIENTED_EDGE ( 'NONE', *, *, #1615, .T. ) ;
#690 = VERTEX_POINT ( 'NONE', #2097 ) ;
#691 = DIRECTION ( 'NONE',  ( 0.000000000000000000, 0.000000000000000000, -1.000000000000000000 ) ) ;
#692 = ORIENTED_EDGE ( 'NONE', *, *, #3070, .T. ) ;
#693 = CIRCLE ( 'NONE', #1582, 14.75000000000000000 ) ;
#694 = FACE_OUTER_BOUND ( 'NONE', #1883, .T. ) ;
#695 = AXIS2_PLACEMENT_3D ( 'NONE', #2406, #2179, #833 ) ;
#696 = FACE_OUTER_BOUND ( 'NONE', #826, .T. ) ;
#697 = APPLICATION_CONTEXT ( 'automotive_design' ) ;
#698 = DIRECTION ( 'NONE',  ( -0.000000000000000000, -1.000000000000000000, -0.000000000000000000 ) ) ;
#699 = ORIENTED_EDGE ( 'NONE', *, *, #1661, .F. ) ;
#700 = PLANE ( 'NONE',  #1212 ) ;
#701 = DIRECTION ( 'NONE',  ( 0.8386705679453730911, 0.000000000000000000, -0.5446390350151054660 ) ) ;
#702 = ORIENTED_EDGE ( 'NONE', *, *, #129, .F. ) ;
#703 = CARTESIAN_POINT ( 'NONE',  ( 0.000000000000000000, -0.6600000000000000311, 0.000000000000000000 ) ) ;
#704 = VECTOR ( 'NONE', #2004, 1000.000000000000000 ) ;
#705 = FACE_OUTER_BOUND ( 'NONE', #2940, .T. ) ;
#706 = ORIENTED_EDGE ( 'NONE', *, *, #707, .F. ) ;
#707 = EDGE_CURVE ( 'NONE', #899, #489, #1209, .T. ) ;
#708 = AXIS2_PLACEMENT_3D ( 'NONE', #2311, #179, #195 ) ;
#709 = LINE ( 'NONE', #725, #660 ) ;
#710 = AXIS2_PLACEMENT_3D ( 'NONE', #282, #2601, #3388 ) ;
#711 = DIRECTION ( 'NONE',  ( -0.000000000000000000, 1.000000000000000000, -0.000000000000000000 ) ) ;
#712 =( NAMED_UNIT ( * ) PLANE_ANGLE_UNIT ( ) SI_UNIT ( $, .RADIAN. ) );
#713 = CARTESIAN_POINT ( 'NONE',  ( 0.000000000000000000, -0.6600000000000000311, 0.000000000000000000 ) ) ;
#714 = AXIS2_PLACEMENT_3D ( 'NONE', #3219, #594, #2959 ) ;
#715 = AXIS2_PLACEMENT_3D ( 'NONE', #966, #2589, #999 ) ;
#716 = VERTEX_POINT ( 'NONE', #3408 ) ;
#717 = DIRECTION ( 'NONE',  ( 0.8910065241884520537, 0.000000000000000000, 0.4539904997393814923 ) ) ;
#718 = CARTESIAN_POINT ( 'NONE',  ( 0.000000000000000000, -0.05999999999999994227, 0.000000000000000000 ) ) ;
#719 = AXIS2_PLACEMENT_3D ( 'NONE', #2560, #399, #1760 ) ;
#720 = ORIENTED_EDGE ( 'NONE', *, *, #362, .T. ) ;
#721 = LINE ( 'NONE', #947, #1267 ) ;
#722 = LINE ( 'NONE', #1788, #374 ) ;
#723 = VERTEX_POINT ( 'NONE', #11 ) ;
#724 = ADVANCED_FACE ( 'NONE', ( #1834 ), #1344, .F. ) ;
#725 = CARTESIAN_POINT ( 'NONE',  ( 0.000000000000000000, -0.6600000000000000311, 0.000000000000000000 ) ) ;
#726 = EDGE_CURVE ( 'NONE', #2995, #910, #490, .T. ) ;
#727 = CYLINDRICAL_SURFACE ( 'NONE', #790, 10.51421826332841647 ) ;
#728 = DIRECTION ( 'NONE',  ( 0.8386705679452364226, 0.000000000000000000, -0.5446390350153159643 ) ) ;
#729 = LINE ( 'NONE', #745, #3080 ) ;
#730 = ORIENTED_EDGE ( 'NONE', *, *, #1044, .T. ) ;
#731 = DIRECTION ( 'NONE',  ( 0.000000000000000000, 0.000000000000000000, -1.000000000000000000 ) ) ;
#732 = EDGE_CURVE ( 'NONE', #395, #2063, #1077, .T. ) ;
#733 = CARTESIAN_POINT ( 'NONE',  ( 0.000000000000000000, 0.9050054712111608168, 0.000000000000000000 ) ) ;
#734 = CIRCLE ( 'NONE', #61, 10.51421826332841647 ) ;
#735 = AXIS2_PLACEMENT_3D ( 'NONE', #1127, #1424, #380 ) ;
#736 = ORIENTED_EDGE ( 'NONE', *, *, #2625, .F. ) ;
#737 = CARTESIAN_POINT ( 'NONE',  ( 8.817965402407661912, -0.6599999999999999201, -5.726453688876766535 ) ) ;
#738 = CARTESIAN_POINT ( 'NONE',  ( 12.47409133863693498, -0.6600000000000000311, -6.355866996354087028 ) ) ;
#739 = ORIENTED_EDGE ( 'NONE', *, *, #424, .F. ) ;
#740 = EDGE_CURVE ( 'NONE', #3005, #2103, #786, .T. ) ;
#741 = DIRECTION ( 'NONE',  ( 0.2618703708563149823, -0.9650054712111678645, 0.01372404459653720800 ) ) ;
#742 = EDGE_LOOP ( 'NONE', ( #2082, #1767, #1852, #1023, #1226 ) ) ;
#743 = PRESENTATION_STYLE_ASSIGNMENT (( #1039 ) ) ;
#744 = EDGE_CURVE ( 'NONE', #1387, #1363, #3425, .T. ) ;
#745 = CARTESIAN_POINT ( 'NONE',  ( 0.000000000000000000, -52.18000000000005656, 0.000000000000000000 ) ) ;
#746 = EDGE_LOOP ( 'NONE', ( #445, #2015, #411, #164 ) ) ;
#747 = DIRECTION ( 'NONE',  ( 0.1428205566915073110, -0.9650054712111678645, 0.2199243713617015095 ) ) ;
#748 = LINE ( 'NONE', #1831, #3355 ) ;
#749 = ADVANCED_FACE ( 'NONE', ( #211 ), #2909, .F. ) ;
#750 = ORIENTED_EDGE ( 'NONE', *, *, #316, .T. ) ;
#751 = CARTESIAN_POINT ( 'NONE',  ( 0.000000000000000000, -3.725774140198887530, 0.000000000000000000 ) ) ;
#752 = DIRECTION ( 'NONE',  ( -0.4322635328603282590, -0.3056552772629514414, -0.8483649507378391297 ) ) ;
#753 = ORIENTED_EDGE ( 'NONE', *, *, #1703, .T. ) ;
#754 = AXIS2_PLACEMENT_3D ( 'NONE', #3326, #2296, #3069 ) ;
#755 = LINE ( 'NONE', #1745, #1762 ) ;
#756 = CARTESIAN_POINT ( 'NONE',  ( 0.000000000000000000, -28.08620191640486752, 0.000000000000000000 ) ) ;
#757 = LINE ( 'NONE', #2673, #1304 ) ;
#758 = VERTEX_POINT ( 'NONE', #1555 ) ;
#759 = DIRECTION ( 'NONE',  ( 0.000000000000000000, -1.000000000000000000, 0.000000000000000000 ) ) ;
#760 = DIRECTION ( 'NONE',  ( -0.000000000000000000, 1.000000000000000000, -0.000000000000000000 ) ) ;
#761 = CIRCLE ( 'NONE', #874, 15.75000000000000000 ) ;
#762 = CYLINDRICAL_SURFACE ( 'NONE', #513, 10.51421826332841647 ) ;
#763 = ORIENTED_EDGE ( 'NONE', *, *, #1286, .F. ) ;
#764 = LINE ( 'NONE', #782, #1942 ) ;
#765 = ADVANCED_FACE ( 'NONE', ( #3441 ), #2618, .T. ) ;
#766 = CARTESIAN_POINT ( 'NONE',  ( 0.000000000000000000, 2.100000000000000089, 0.000000000000000000 ) ) ;
#767 = VECTOR ( 'NONE', #2319, 1000.000000000000000 ) ;
#768 = ORIENTED_EDGE ( 'NONE', *, *, #3235, .F. ) ;
#769 = DIRECTION ( 'NONE',  ( 0.000000000000000000, -1.000000000000000000, 0.000000000000000000 ) ) ;
#770 = CARTESIAN_POINT ( 'NONE',  ( 0.000000000000000000, -0.05999999999999994227, 0.000000000000000000 ) ) ;
#771 = VERTEX_POINT ( 'NONE', #264 ) ;
#772 = EDGE_CURVE ( 'NONE', #2208, #1873, #2711, .T. ) ;
#773 = VERTEX_POINT ( 'NONE', #2654 ) ;
#774 = EDGE_CURVE ( 'NONE', #1731, #1327, #2409, .T. ) ;
#775 = DIRECTION ( 'NONE',  ( 0.000000000000000000, -1.000000000000000000, 0.000000000000000000 ) ) ;
#776 = AXIS2_PLACEMENT_3D ( 'NONE', #1982, #2467, #691 ) ;
#777 = ORIENTED_EDGE ( 'NONE', *, *, #2912, .F. ) ;
#778 = CARTESIAN_POINT ( 'NONE',  ( 0.000000000000000000, -0.05999999999999994227, 0.000000000000000000 ) ) ;
#779 = CARTESIAN_POINT ( 'NONE',  ( 0.000000000000000000, -3.725774140198887530, 0.000000000000000000 ) ) ;
#780 = CONICAL_SURFACE ( 'NONE', #1951, 14.00000000000000000, 0.2653320862089845189 ) ;
#781 = DIRECTION ( 'NONE',  ( 6.217248937900876626E-15, 0.000000000000000000, 1.000000000000000000 ) ) ;
#782 = CARTESIAN_POINT ( 'NONE',  ( -0.5502716669546137140, -0.6600000000000000311, 10.49980889261589567 ) ) ;
#783 = CARTESIAN_POINT ( 'NONE',  ( -1.584844992750698234, -0.6599999999999969225, -13.91000597947222595 ) ) ;
#784 = ADVANCED_FACE ( 'NONE', ( #1328 ), #2396, .T. ) ;
#785 = ORIENTED_EDGE ( 'NONE', *, *, #1851, .T. ) ;
#786 = LINE ( 'NONE', #1312, #1770 ) ;
#787 = CARTESIAN_POINT ( 'NONE',  ( 0.000000000000000000, -3.725774140198887530, 0.000000000000000000 ) ) ;
#788 = EDGE_CURVE ( 'NONE', #1907, #446, #3423, .T. ) ;
#789 = AXIS2_PLACEMENT_3D ( 'NONE', #2404, #3163, #1090 ) ;
#790 = AXIS2_PLACEMENT_3D ( 'NONE', #2085, #2369, #1 ) ;
#791 = ORIENTED_EDGE ( 'NONE', *, *, #831, .F. ) ;
#792 = LINE ( 'NONE', #1890, #121 ) ;
#793 = ORIENTED_EDGE ( 'NONE', *, *, #1478, .T. ) ;
#794 = DIRECTION ( 'NONE',  ( 0.000000000000000000, 0.000000000000000000, -1.000000000000000000 ) ) ;
#795 = CARTESIAN_POINT ( 'NONE',  ( -8.712430280894176704, -0.3599999999999982103, 13.12082537802245774 ) ) ;
#796 = CARTESIAN_POINT ( 'NONE',  ( -10.49980889261554751, -0.6599999999999999201, 0.5502716669612326417 ) ) ;
#797 = CARTESIAN_POINT ( 'NONE',  ( -8.712430280894176704, -0.3599999999999982103, 13.12082537802245774 ) ) ;
#798 = VERTEX_POINT ( 'NONE', #1607 ) ;
#799 = CARTESIAN_POINT ( 'NONE',  ( 0.000000000000000000, -0.05999999999999994227, 0.000000000000000000 ) ) ;
#800 = AXIS2_PLACEMENT_3D ( 'NONE', #1066, #3190, #860 ) ;
#801 = VECTOR ( 'NONE', #507, 1000.000000000000114 ) ;
#802 = EDGE_LOOP ( 'NONE', ( #607, #375, #2966, #204 ) ) ;
#803 = DIRECTION ( 'NONE',  ( -0.000000000000000000, 1.000000000000000000, -0.000000000000000000 ) ) ;
#804 = DIRECTION ( 'NONE',  ( -0.9508373654494385319, 0.3056552772629507753, 0.04983127478280734157 ) ) ;
#805 = ADVANCED_FACE ( 'NONE', ( #2669 ), #559, .T. ) ;
#806 = DIRECTION ( 'NONE',  ( 0.000000000000000000, 1.000000000000000000, 0.000000000000000000 ) ) ;
#807 = CARTESIAN_POINT ( 'NONE',  ( 0.000000000000000000, -0.6600000000000000311, 0.000000000000000000 ) ) ;
#808 = ORIENTED_EDGE ( 'NONE', *, *, #3377, .F. ) ;
#809 = DIRECTION ( 'NONE',  ( -0.000000000000000000, 1.000000000000000000, -0.000000000000000000 ) ) ;
#810 = DIRECTION ( 'NONE',  ( 0.04983127478286914630, 0.3056552772629507753, 0.9508373654494352012 ) ) ;
#811 = DIRECTION ( 'NONE',  ( -0.5185738325893741729, -0.3056552772629505532, 0.7985336759554204633 ) ) ;
#812 = FACE_OUTER_BOUND ( 'NONE', #2012, .T. ) ;
#813 = AXIS2_PLACEMENT_3D ( 'NONE', #1835, #457, #2619 ) ;
#814 = DIRECTION ( 'NONE',  ( 0.000000000000000000, 1.000000000000000000, 0.000000000000000000 ) ) ;
#815 = AXIS2_PLACEMENT_3D ( 'NONE', #827, #342, #794 ) ;
#816 = ORIENTED_EDGE ( 'NONE', *, *, #2328, .T. ) ;
#817 = CARTESIAN_POINT ( 'NONE',  ( 0.000000000000000000, -0.05999999999999994227, 0.000000000000000000 ) ) ;
#818 = CARTESIAN_POINT ( 'NONE',  ( 0.000000000000000000, -0.6600000000000000311, 0.000000000000000000 ) ) ;
#819 = CIRCLE ( 'NONE', #1722, 14.75000000000000000 ) ;
#820 = ORIENTED_EDGE ( 'NONE', *, *, #2127, .T. ) ;
#821 = ORIENTED_EDGE ( 'NONE', *, *, #1596, .F. ) ;
#822 = ADVANCED_FACE ( 'NONE', ( #1012 ), #149, .F. ) ;
#823 = CARTESIAN_POINT ( 'NONE',  ( -13.14234623177966910, 0.8092608169502600868, -6.696359871155877386 ) ) ;
#824 = VECTOR ( 'NONE', #1656, 1000.000000000000000 ) ;
#825 = ORIENTED_EDGE ( 'NONE', *, *, #1196, .T. ) ;
#826 = EDGE_LOOP ( 'NONE', ( #3293, #10, #1887, #1970 ) ) ;
#827 = CARTESIAN_POINT ( 'NONE',  ( 0.000000000000000000, -0.6599999999999999201, 0.000000000000000000 ) ) ;
#828 = DIRECTION ( 'NONE',  ( -0.8386705679456245566, 0.000000000000000000, -0.5446390350147182202 ) ) ;
#829 = VECTOR ( 'NONE', #1319, 1000.000000000000227 ) ;
#830 = DIRECTION ( 'NONE',  ( -0.000000000000000000, -1.000000000000000000, -0.000000000000000000 ) ) ;
#831 = EDGE_CURVE ( 'NONE', #977, #2692, #3134, .T. ) ;
#832 = CARTESIAN_POINT ( 'NONE',  ( 0.000000000000000000, -0.6600000000000000311, 0.000000000000000000 ) ) ;
#833 = DIRECTION ( 'NONE',  ( 0.000000000000000000, 0.000000000000000000, 1.000000000000000000 ) ) ;
#834 = AXIS2_PLACEMENT_3D ( 'NONE', #3399, #1040, #1858 ) ;
#835 = VERTEX_POINT ( 'NONE', #1954 ) ;
#836 = CARTESIAN_POINT ( 'NONE',  ( 10.49980889261576245, -0.05999999999999994227, 0.5502716669571818819 ) ) ;
#837 = LINE ( 'NONE', #818, #869 ) ;
#838 = CIRCLE ( 'NONE', #1785, 14.00000000000000000 ) ;
#839 = VERTEX_POINT ( 'NONE', #2996 ) ;
#840 = VERTEX_POINT ( 'NONE', #1430 ) ;
#841 = AXIS2_PLACEMENT_3D ( 'NONE', #3039, #328, #1391 ) ;
#842 = DIRECTION ( 'NONE',  ( 0.7985336759555082820, -0.3056552772629526071, 0.5185738325892377265 ) ) ;
#843 = ORIENTED_EDGE ( 'NONE', *, *, #2342, .T. ) ;
#844 = EDGE_LOOP ( 'NONE', ( #1076, #946, #1997, #145 ) ) ;
#845 = VECTOR ( 'NONE', #2766, 1000.000000000000000 ) ;
#846 = CARTESIAN_POINT ( 'NONE',  ( 0.000000000000000000, -0.6600000000000000311, 0.000000000000000000 ) ) ;
#847 = LINE ( 'NONE', #392, #1927 ) ;
#848 = CARTESIAN_POINT ( 'NONE',  ( 12.85301255745205040, 0.9050054712111815780, -6.548937000693852539 ) ) ;
#849 = FACE_OUTER_BOUND ( 'NONE', #474, .T. ) ;
#850 = FACE_OUTER_BOUND ( 'NONE', #2577, .T. ) ;
#851 = EDGE_CURVE ( 'NONE', #1174, #1065, #3237, .T. ) ;
#852 = ORIENTED_EDGE ( 'NONE', *, *, #2240, .F. ) ;
#853 = ORIENTED_EDGE ( 'NONE', *, *, #1901, .F. ) ;
#854 = PLANE ( 'NONE',  #2546 ) ;
#855 = LINE ( 'NONE', #1329, #2543 ) ;
#856 = ADVANCED_FACE ( 'NONE', ( #334 ), #854, .F. ) ;
#857 = VECTOR ( 'NONE', #2360, 999.9999999999998863 ) ;
#858 = ORIENTED_EDGE ( 'NONE', *, *, #2754, .F. ) ;
#859 = VERTEX_POINT ( 'NONE', #3253 ) ;
#860 = DIRECTION ( 'NONE',  ( 0.000000000000000000, 0.000000000000000000, 1.000000000000000000 ) ) ;
#861 = ORIENTED_EDGE ( 'NONE', *, *, #2306, .F. ) ;
#862 = ORIENTED_EDGE ( 'NONE', *, *, #296, .F. ) ;
#863 = CARTESIAN_POINT ( 'NONE',  ( 0.000000000000000000, -0.05999999999999994227, 0.000000000000000000 ) ) ;
#864 = DIRECTION ( 'NONE',  ( -0.000000000000000000, -1.000000000000000000, -0.000000000000000000 ) ) ;
#865 = CIRCLE ( 'NONE', #1365, 14.75000000000000000 ) ;
#866 = DIRECTION ( 'NONE',  ( -0.5185738325894460043, 0.3056552772629518300, -0.7985336759553732788 ) ) ;
#867 = CARTESIAN_POINT ( 'NONE',  ( 12.37039087719482033, 2.100000000000000089, -8.033425766471934182 ) ) ;
#868 = ORIENTED_EDGE ( 'NONE', *, *, #2559, .F. ) ;
#869 = VECTOR ( 'NONE', #2960, 1000.000000000000114 ) ;
#870 = ADVANCED_FACE ( 'NONE', ( #1939 ), #1326, .F. ) ;
#871 = ORIENTED_EDGE ( 'NONE', *, *, #2832, .T. ) ;
#872 = DIRECTION ( 'NONE',  ( 0.4539904997395475261, 0.000000000000000000, -0.8910065241883674547 ) ) ;
#873 = FACE_OUTER_BOUND ( 'NONE', #2136, .T. ) ;
#874 = AXIS2_PLACEMENT_3D ( 'NONE', #3085, #2829, #1028 ) ;
#875 = B_SPLINE_CURVE_WITH_KNOTS ( 'NONE', 3,
 ( #2108, #1599, #22, #795 ),
 .UNSPECIFIED., .F., .F.,
 ( 4, 4 ),
 ( 0.000000000000000000, 0.0004247918272590062985 ),
 .UNSPECIFIED. ) ;
#876 = EDGE_CURVE ( 'NONE', #2714, #2191, #1360, .T. ) ;
#877 = ORIENTED_EDGE ( 'NONE', *, *, #1078, .T. ) ;
#878 = CIRCLE ( 'NONE', #2220, 10.51421826332841647 ) ;
#879 = CARTESIAN_POINT ( 'NONE',  ( 0.000000000000000000, -0.05999999999999994227, 0.000000000000000000 ) ) ;
#880 = ORIENTED_EDGE ( 'NONE', *, *, #2632, .T. ) ;
#881 = ORIENTED_EDGE ( 'NONE', *, *, #1254, .T. ) ;
#882 = CARTESIAN_POINT ( 'NONE',  ( 0.000000000000000000, -0.6599999999999998090, 0.000000000000000000 ) ) ;
#883 = EDGE_CURVE ( 'NONE', #1543, #3327, #3287, .T. ) ;
#884 = CARTESIAN_POINT ( 'NONE',  ( 9.646872667024320336, -0.05999999999999994227, -13.76471103261718554 ) ) ;
#885 = VECTOR ( 'NONE', #364, 1000.000000000000000 ) ;
#886 = CARTESIAN_POINT ( 'NONE',  ( 0.000000000000000000, -0.6600000000000000311, 0.000000000000000000 ) ) ;
#887 = ORIENTED_EDGE ( 'NONE', *, *, #1832, .F. ) ;
#888 = EDGE_LOOP ( 'NONE', ( #1034, #3045, #294, #2333 ) ) ;
#889 = CARTESIAN_POINT ( 'NONE',  ( 8.712430280894224666, 2.899999999999999911, -13.12082537802243110 ) ) ;
#890 = EDGE_CURVE ( 'NONE', #2237, #758, #878, .T. ) ;
#891 = CARTESIAN_POINT ( 'NONE',  ( -6.548937000694412092, 0.9050054712111608168, -12.85301255745175730 ) ) ;
#892 = CIRCLE ( 'NONE', #1673, 10.51421826332841647 ) ;
#893 = ORIENTED_EDGE ( 'NONE', *, *, #167, .T. ) ;
#894 = VERTEX_POINT ( 'NONE', #836 ) ;
#895 = VERTEX_POINT ( 'NONE', #49 ) ;
#896 = EDGE_CURVE ( 'NONE', #2845, #489, #544, .T. ) ;
#897 = DIRECTION ( 'NONE',  ( -0.3813030263290245192, -0.8906693003304955170, 0.2476210806072713377 ) ) ;
#898 = ORIENTED_EDGE ( 'NONE', *, *, #944, .F. ) ;
#899 = VERTEX_POINT ( 'NONE', #2738 ) ;
#900 = CARTESIAN_POINT ( 'NONE',  ( 0.000000000000000000, -0.05999999999999994227, 0.000000000000000000 ) ) ;
#901 = ADVANCED_FACE ( 'NONE', ( #1116 ), #369, .F. ) ;
#902 = DIRECTION ( 'NONE',  ( 0.4050976594828894495, -0.8906693003304956280, -0.2064075670373313187 ) ) ;
#903 = DIRECTION ( 'NONE',  ( -0.000000000000000000, 1.000000000000000000, -0.000000000000000000 ) ) ;
#904 = FACE_OUTER_BOUND ( 'NONE', #338, .T. ) ;
#905 = ORIENTED_EDGE ( 'NONE', *, *, #2793, .T. ) ;
#906 = ORIENTED_EDGE ( 'NONE', *, *, #2517, .T. ) ;
#907 = CARTESIAN_POINT ( 'NONE',  ( 0.000000000000000000, -0.6600000000000000311, 0.000000000000000000 ) ) ;
#908 = LINE ( 'NONE', #1469, #969 ) ;
#909 = EDGE_LOOP ( 'NONE', ( #500, #3013, #438, #1567 ) ) ;
#910 = VERTEX_POINT ( 'NONE', #28 ) ;
#911 = CARTESIAN_POINT ( 'NONE',  ( -5.726453688873315073, -0.6600000000000000311, 8.817965402409903675 ) ) ;
#912 = EDGE_LOOP ( 'NONE', ( #1388, #1192, #3395, #2746, #2294, #1930, #673 ) ) ;
#913 = CIRCLE ( 'NONE', #2032, 14.75000000000000000 ) ;
#914 = CARTESIAN_POINT ( 'NONE',  ( 0.5502716669619153178, -0.6599999999999999201, 10.49980889261551198 ) ) ;
#915 = VERTEX_POINT ( 'NONE', #889 ) ;
#916 = FACE_OUTER_BOUND ( 'NONE', #2591, .T. ) ;
#917 = EDGE_CURVE ( 'NONE', #758, #2150, #2183, .T. ) ;
#918 = CARTESIAN_POINT ( 'NONE',  ( 0.000000000000000000, -0.05999999999999994227, 0.000000000000000000 ) ) ;
#919 = LINE ( 'NONE', #419, #476 ) ;
#920 = ADVANCED_FACE ( 'NONE', ( #103 ), #1662, .F. ) ;
#921 = DIRECTION ( 'NONE',  ( 0.000000000000000000, 0.000000000000000000, 1.000000000000000000 ) ) ;
#922 = CIRCLE ( 'NONE', #2817, 15.75000000000000000 ) ;
#923 = VERTEX_POINT ( 'NONE', #3011 ) ;
#924 = DIRECTION ( 'NONE',  ( -0.000000000000000000, 1.000000000000000000, -0.000000000000000000 ) ) ;
#925 = LINE ( 'NONE', #85, #2695 ) ;
#926 = AXIS2_PLACEMENT_3D ( 'NONE', #770, #2081, #1816 ) ;
#927 = ORIENTED_EDGE ( 'NONE', *, *, #1172, .T. ) ;
#928 = CARTESIAN_POINT ( 'NONE',  ( 0.000000000000000000, -0.3599999999999982103, 15.75000000000000000 ) ) ;
#929 = DIRECTION ( 'NONE',  ( 0.000000000000000000, 0.000000000000000000, 1.000000000000000000 ) ) ;
#930 = ORIENTED_EDGE ( 'NONE', *, *, #2663, .F. ) ;
#931 = DIRECTION ( 'NONE',  ( 0.000000000000000000, -1.000000000000000000, 0.000000000000000000 ) ) ;
#932 = AXIS2_PLACEMENT_3D ( 'NONE', #1016, #806, #249 ) ;
#933 = DIRECTION ( 'NONE',  ( 0.000000000000000000, 0.000000000000000000, 1.000000000000000000 ) ) ;
#934 = ADVANCED_FACE ( 'NONE', ( #1922 ), #628, .F. ) ;
#935 = AXIS2_PLACEMENT_3D ( 'NONE', #2059, #958, #3370 ) ;
#936 = ORIENTED_EDGE ( 'NONE', *, *, #3337, .F. ) ;
#937 = CARTESIAN_POINT ( 'NONE',  ( -7.856566889562906830, 0.9050054712111954558, 12.09805208911338958 ) ) ;
#938 = DIRECTION ( 'NONE',  ( 0.000000000000000000, 1.000000000000000000, 0.000000000000000000 ) ) ;
#939 = EDGE_CURVE ( 'NONE', #1958, #3252, #3101, .T. ) ;
#940 = ORIENTED_EDGE ( 'NONE', *, *, #1849, .F. ) ;
#941 = VECTOR ( 'NONE', #2472, 1000.000000000000000 ) ;
#942 = DIRECTION ( 'NONE',  ( 0.000000000000000000, 0.000000000000000000, 1.000000000000000000 ) ) ;
#943 = PLANE ( 'NONE',  #1527 ) ;
#944 = EDGE_CURVE ( 'NONE', #690, #2753, #33, .T. ) ;
#945 = VECTOR ( 'NONE', #1460, 1000.000000000000114 ) ;
#946 = ORIENTED_EDGE ( 'NONE', *, *, #1126, .F. ) ;
#947 = CARTESIAN_POINT ( 'NONE',  ( 1.669747403076628389, -0.6600000000000000311, -14.65518487122966462 ) ) ;
#948 = DIRECTION ( 'NONE',  ( -0.05146803721229906842, -0.8906693003304956280, 0.4517291650915389312 ) ) ;
#949 = AXIS2_PLACEMENT_3D ( 'NONE', #1092, #1586, #2126 ) ;
#950 = EDGE_LOOP ( 'NONE', ( #1509, #1197, #1202, #1840, #1796, #385, #2361 ) ) ;
#951 = ORIENTED_EDGE ( 'NONE', *, *, #3316, .F. ) ;
#952 = LINE ( 'NONE', #2282, #2006 ) ;
#953 = LINE ( 'NONE', #2300, #2129 ) ;
#954 = DIRECTION ( 'NONE',  ( 0.8483649507380436328, 0.3056552772629523851, 0.4322635328599263582 ) ) ;
#955 = CARTESIAN_POINT ( 'NONE',  ( -13.98081348656422840, -0.6600000000000000311, -0.7327033873975564715 ) ) ;
#956 = VECTOR ( 'NONE', #2176, 1000.000000000000000 ) ;
#957 = ORIENTED_EDGE ( 'NONE', *, *, #2787, .T. ) ;
#958 = DIRECTION ( 'NONE',  ( 0.000000000000000000, -1.000000000000000000, 0.000000000000000000 ) ) ;
#959 = EDGE_CURVE ( 'NONE', #1461, #263, #2239, .T. ) ;
#960 = LINE ( 'NONE', #3132, #1696 ) ;
#961 = VERTEX_POINT ( 'NONE', #1641 ) ;
#962 = LINE ( 'NONE', #1737, #39 ) ;
#963 = CARTESIAN_POINT ( 'NONE',  ( 0.000000000000000000, 0.8092608169502585325, 0.000000000000000000 ) ) ;
#964 = EDGE_LOOP ( 'NONE', ( #2504, #1434, #319, #656 ) ) ;
#965 = EDGE_LOOP ( 'NONE', ( #1359, #2439, #2868, #750 ) ) ;
#966 = CARTESIAN_POINT ( 'NONE',  ( 0.000000000000000000, -0.6599999999999999201, 0.000000000000000000 ) ) ;
#967 = VECTOR ( 'NONE', #2248, 1000.000000000000000 ) ;
#968 = LINE ( 'NONE', #1542, #1010 ) ;
#969 = VECTOR ( 'NONE', #406, 1000.000000000000114 ) ;
#970 = CARTESIAN_POINT ( 'NONE',  ( 8.860571681180045900, -0.05999999999999994227, -13.38255466951921413 ) ) ;
#971 = CARTESIAN_POINT ( 'NONE',  ( 9.368237069366976755, -0.05999999999999994227, 4.773355203737434493 ) ) ;
#972 = EDGE_LOOP ( 'NONE', ( #2958, #1037, #2368, #3025 ) ) ;
#973 = CARTESIAN_POINT ( 'NONE',  ( 0.000000000000000000, 0.9050054712111633703, 0.000000000000000000 ) ) ;
#974 = DIRECTION ( 'NONE',  ( 0.000000000000000000, 0.000000000000000000, 1.000000000000000000 ) ) ;
#975 = EDGE_CURVE ( 'NONE', #3026, #1805, #1717, .T. ) ;
#976 = EDGE_CURVE ( 'NONE', #2537, #997, #3046, .T. ) ;
#977 = VERTEX_POINT ( 'NONE', #1450 ) ;
#978 = DIRECTION ( 'NONE',  ( 0.000000000000000000, 0.000000000000000000, 1.000000000000000000 ) ) ;
#979 = CARTESIAN_POINT ( 'NONE',  ( -1.190243297665998679, -0.6599999999999999201, -10.44663135088388195 ) ) ;
#980 = ORIENTED_EDGE ( 'NONE', *, *, #18, .F. ) ;
#981 = EDGE_CURVE ( 'NONE', #1161, #1427, #267, .T. ) ;
#982 = VECTOR ( 'NONE', #3105, 1000.000000000000227 ) ;
#983 = LINE ( 'NONE', #3364, #327 ) ;
#984 = FACE_OUTER_BOUND ( 'NONE', #1222, .T. ) ;
#985 = CARTESIAN_POINT ( 'NONE',  ( 0.000000000000000000, -0.6600000000000000311, 0.000000000000000000 ) ) ;
#986 = CARTESIAN_POINT ( 'NONE',  ( 14.40550389026069666, 0.9050054712111608168, -0.7549604683430730656 ) ) ;
#987 = CONICAL_SURFACE ( 'NONE', #1437, 11.41919892417543281, 1.260169759845759074 ) ;
#988 = VECTOR ( 'NONE', #1207, 1000.000000000000114 ) ;
#989 = EDGE_LOOP ( 'NONE', ( #3062, #1963, #3280, #1645, #617, #2726 ) ) ;
#990 = CARTESIAN_POINT ( 'NONE',  ( 0.000000000000000000, -0.6600000000000000311, 0.000000000000000000 ) ) ;
#991 = DIRECTION ( 'NONE',  ( 0.000000000000000000, 0.000000000000000000, 1.000000000000000000 ) ) ;
#992 = AXIS2_PLACEMENT_3D ( 'NONE', #1619, #25, #1091 ) ;
#993 = EDGE_CURVE ( 'NONE', #92, #2230, #3427, .T. ) ;
#994 = ORIENTED_EDGE ( 'NONE', *, *, #2264, .F. ) ;
#995 = DIRECTION ( 'NONE',  ( 0.000000000000000000, 1.000000000000000000, 0.000000000000000000 ) ) ;
#996 = DIRECTION ( 'NONE',  ( 0.5446390350150298598, 0.000000000000000000, -0.8386705679454222739 ) ) ;
#997 = VERTEX_POINT ( 'NONE', #1219 ) ;
#998 = COLOUR_RGB ( '',0.7921568627450980005, 0.8196078431372548767, 0.9333333333333333481 ) ;
#999 = DIRECTION ( 'NONE',  ( 0.000000000000000000, 0.000000000000000000, -1.000000000000000000 ) ) ;
#1000 = EDGE_CURVE ( 'NONE', #160, #1747, #2578, .T. ) ;
#1001 = FACE_OUTER_BOUND ( 'NONE', #3010, .T. ) ;
#1002 = VERTEX_POINT ( 'NONE', #174 ) ;
#1003 = EDGE_CURVE ( 'NONE', #2815, #2896, #2436, .T. ) ;
#1004 = DIRECTION ( 'NONE',  ( -0.000000000000000000, 1.000000000000000000, -0.000000000000000000 ) ) ;
#1005 = ORIENTED_EDGE ( 'NONE', *, *, #1038, .F. ) ;
#1006 = AXIS2_PLACEMENT_3D ( 'NONE', #799, #814, #295 ) ;
#1007 = CARTESIAN_POINT ( 'NONE',  ( -9.646872667024313230, -0.05999999999999994227, 12.76471103261719620 ) ) ;
#1008 = CARTESIAN_POINT ( 'NONE',  ( 10.32626553082360132, -0.2605484096599011146, -12.02388706285113962 ) ) ;
#1009 = VECTOR ( 'NONE', #1410, 1000.000000000000114 ) ;
#1010 = VECTOR ( 'NONE', #2039, 999.9999999999998863 ) ;
#1011 = ORIENTED_EDGE ( 'NONE', *, *, #2247, .T. ) ;
#1012 = FACE_OUTER_BOUND ( 'NONE', #3014, .T. ) ;
#1013 = DIRECTION ( 'NONE',  ( -1.065814103640150437E-14, 0.000000000000000000, -1.000000000000000000 ) ) ;
#1014 = EDGE_LOOP ( 'NONE', ( #2831, #720, #861, #1790, #565, #2457, #2863 ) ) ;
#1015 = DIRECTION ( 'NONE',  ( -0.000000000000000000, -1.000000000000000000, -0.000000000000000000 ) ) ;
#1016 = CARTESIAN_POINT ( 'NONE',  ( 0.000000000000000000, -0.6599999999999998090, 0.000000000000000000 ) ) ;
#1017 = DIRECTION ( 'NONE',  ( 0.000000000000000000, 0.000000000000000000, -1.000000000000000000 ) ) ;
#1018 = EDGE_CURVE ( 'NONE', #2001, #2150, #2605, .T. ) ;
#1019 = ORIENTED_EDGE ( 'NONE', *, *, #2897, .T. ) ;
#1020 =( NAMED_UNIT ( * ) SI_UNIT ( $, .STERADIAN. ) SOLID_ANGLE_UNIT ( ) );
#1021 = CARTESIAN_POINT ( 'NONE',  ( 0.000000000000000000, 2.100000000000000089, 0.000000000000000000 ) ) ;
#1022 = DIRECTION ( 'NONE',  ( -0.000000000000000000, -1.000000000000000000, -0.000000000000000000 ) ) ;
#1023 = ORIENTED_EDGE ( 'NONE', *, *, #2240, .T. ) ;
#1024 = CARTESIAN_POINT ( 'NONE',  ( 6.219341482707570812, -0.05999999999999994227, -9.576946047219960789 ) ) ;
#1025 = EDGE_CURVE ( 'NONE', #2993, #3271, #3322, .T. ) ;
#1026 = CARTESIAN_POINT ( 'NONE',  ( 0.000000000000000000, -0.6600000000000000311, 0.000000000000000000 ) ) ;
#1027 = ORIENTED_EDGE ( 'NONE', *, *, #2231, .F. ) ;
#1028 = DIRECTION ( 'NONE',  ( 0.000000000000000000, 0.000000000000000000, 1.000000000000000000 ) ) ;
#1029 = EDGE_CURVE ( 'NONE', #1676, #1664, #1732, .T. ) ;
#1030 = DIRECTION ( 'NONE',  ( 0.8910065241882156872, 0.000000000000000000, -0.4539904997398453990 ) ) ;
#1031 = ORIENTED_EDGE ( 'NONE', *, *, #2606, .T. ) ;
#1032 = CIRCLE ( 'NONE', #1534, 16.04999999999999716 ) ;
#1033 = CARTESIAN_POINT ( 'NONE',  ( 0.000000000000000000, 2.100000000000000089, 0.000000000000000000 ) ) ;
#1034 = ORIENTED_EDGE ( 'NONE', *, *, #645, .F. ) ;
#1035 = DIRECTION ( 'NONE',  ( 0.000000000000000000, 0.000000000000000000, 1.000000000000000000 ) ) ;
#1036 = VECTOR ( 'NONE', #2345, 1000.000000000000000 ) ;
#1037 = ORIENTED_EDGE ( 'NONE', *, *, #1901, .T. ) ;
#1038 = EDGE_CURVE ( 'NONE', #3017, #2537, #154, .T. ) ;
#1039 = SURFACE_STYLE_USAGE ( .BOTH. , #2852 ) ;
#1040 = DIRECTION ( 'NONE',  ( 0.8910065241883322606, 0.000000000000000000, -0.4539904997396165820 ) ) ;
#1041 = CARTESIAN_POINT ( 'NONE',  ( 0.000000000000000000, -0.05999999999999994227, -10.51421826332841647 ) ) ;
#1042 = CARTESIAN_POINT ( 'NONE',  ( 6.696359871158325205, 0.8092608169502496507, -13.14234623177841677 ) ) ;
#1043 = DIRECTION ( 'NONE',  ( -0.000000000000000000, -1.000000000000000000, -0.000000000000000000 ) ) ;
#1044 = EDGE_CURVE ( 'NONE', #395, #3087, #2276, .T. ) ;
#1045 = CIRCLE ( 'NONE', #321, 14.00000000000000000 ) ;
#1046 = ORIENTED_EDGE ( 'NONE', *, *, #1880, .F. ) ;
#1047 = CARTESIAN_POINT ( 'NONE',  ( 0.000000000000000000, -0.6600000000000000311, 0.000000000000000000 ) ) ;
#1048 = CARTESIAN_POINT ( 'NONE',  ( 1.806354028742345802E-15, 0.000000000000000000, 14.75000000000000000 ) ) ;
#1049 = AXIS2_PLACEMENT_3D ( 'NONE', #2453, #62, #1128 ) ;
#1050 = ORIENTED_EDGE ( 'NONE', *, *, #1146, .F. ) ;
#1051 = CARTESIAN_POINT ( 'NONE',  ( 0.000000000000000000, -0.05999999999999994227, 0.000000000000000000 ) ) ;
#1052 = VECTOR ( 'NONE', #1912, 1000.000000000000114 ) ;
#1053 = ORIENTED_EDGE ( 'NONE', *, *, #1341, .T. ) ;
#1054 = CARTESIAN_POINT ( 'NONE',  ( 0.000000000000000000, -0.05999999999999994227, 0.000000000000000000 ) ) ;
#1055 = FACE_OUTER_BOUND ( 'NONE', #3161, .T. ) ;
#1056 = VECTOR ( 'NONE', #2764, 1000.000000000000000 ) ;
#1057 = PLANE ( 'NONE',  #789 ) ;
#1058 = PLANE ( 'NONE',  #1164 ) ;
#1059 = CYLINDRICAL_SURFACE ( 'NONE', #2197, 1.000000000000002665 ) ;
#1060 = ADVANCED_FACE ( 'NONE', ( #3063 ), #2879, .F. ) ;
#1061 = ORIENTED_EDGE ( 'NONE', *, *, #3249, .T. ) ;
#1062 = CARTESIAN_POINT ( 'NONE',  ( 0.000000000000000000, -0.6600000000000000311, 0.000000000000000000 ) ) ;
#1063 = DIRECTION ( 'NONE',  ( 0.000000000000000000, -1.000000000000000000, 0.000000000000000000 ) ) ;
#1064 = VECTOR ( 'NONE', #1214, 1000.000000000000000 ) ;
#1065 = VERTEX_POINT ( 'NONE', #156 ) ;
#1066 = CARTESIAN_POINT ( 'NONE',  ( 0.000000000000000000, 0.9050054712111608168, 0.000000000000000000 ) ) ;
#1067 = ORIENTED_EDGE ( 'NONE', *, *, #1605, .T. ) ;
#1068 = DIRECTION ( 'NONE',  ( -3.552713678800500929E-15, 0.000000000000000000, 1.000000000000000000 ) ) ;
#1069 = PRODUCT ( '241004 Dial Ring', '241004 Dial Ring', '', ( #1466 ) ) ;
#1070 = CARTESIAN_POINT ( 'NONE',  ( 0.000000000000000000, 0.9050054712111608168, 14.42527322587259775 ) ) ;
#1071 = LINE ( 'NONE', #1041, #1570 ) ;
#1072 = CARTESIAN_POINT ( 'NONE',  ( 0.000000000000000000, -0.3599999999999982103, 0.000000000000000000 ) ) ;
#1073 = FACE_OUTER_BOUND ( 'NONE', #1402, .T. ) ;
#1074 = VECTOR ( 'NONE', #2727, 1000.000000000000000 ) ;
#1075 = AXIS2_PLACEMENT_3D ( 'NONE', #2857, #2293, #2093 ) ;
#1076 = ORIENTED_EDGE ( 'NONE', *, *, #2787, .F. ) ;
#1077 = LINE ( 'NONE', #2145, #2984 ) ;
#1078 = EDGE_CURVE ( 'NONE', #602, #977, #1381, .T. ) ;
#1079 = LINE ( 'NONE', #1361, #2045 ) ;
#1080 = EDGE_CURVE ( 'NONE', #1597, #835, #1045, .T. ) ;
#1081 = VERTEX_POINT ( 'NONE', #189 ) ;
#1082 = EDGE_CURVE ( 'NONE', #2237, #1597, #683, .T. ) ;
#1083 = CIRCLE ( 'NONE', #2540, 14.75000000000000000 ) ;
#1084 = CARTESIAN_POINT ( 'NONE',  ( 0.000000000000000000, -0.05999999999999994227, 0.000000000000000000 ) ) ;
#1085 = EDGE_LOOP ( 'NONE', ( #936, #2693, #3334, #1160 ) ) ;
#1086 = ORIENTED_EDGE ( 'NONE', *, *, #1716, .F. ) ;
#1087 = CARTESIAN_POINT ( 'NONE',  ( 0.000000000000000000, -52.18000000000005656, 0.000000000000000000 ) ) ;
#1088 = DIRECTION ( 'NONE',  ( -0.8386705679452746143, 0.000000000000000000, 0.5446390350152573445 ) ) ;
#1089 = EDGE_CURVE ( 'NONE', #1908, #3295, #2305, .T. ) ;
#1090 = DIRECTION ( 'NONE',  ( 0.000000000000000000, -0.000000000000000000, -1.000000000000000000 ) ) ;
#1091 = DIRECTION ( 'NONE',  ( 0.000000000000000000, 0.000000000000000000, 1.000000000000000000 ) ) ;
#1092 = CARTESIAN_POINT ( 'NONE',  ( 0.000000000000000000, -0.6600000000000000311, 0.000000000000000000 ) ) ;
#1093 = AXIS2_PLACEMENT_3D ( 'NONE', #1690, #2788, #921 ) ;
#1094 = CONICAL_SURFACE ( 'NONE', #3203, 14.00000000000000000, 0.2653320862089845189 ) ;
#1095 = VERTEX_POINT ( 'NONE', #422 ) ;
#1096 = DIRECTION ( 'NONE',  ( 0.000000000000000000, 0.000000000000000000, 1.000000000000000000 ) ) ;
#1097 = AXIS2_PLACEMENT_3D ( 'NONE', #1399, #1693, #1623 ) ;
#1098 = CARTESIAN_POINT ( 'NONE',  ( 0.000000000000000000, -3.725774140198887530, 0.000000000000000000 ) ) ;
#1099 = PRODUCT_DEFINITION_SHAPE ( 'NONE', 'NONE',  #2988 ) ;
#1100 = EDGE_LOOP ( 'NONE', ( #281, #2297, #1535, #2620 ) ) ;
#1101 = CARTESIAN_POINT ( 'NONE',  ( 0.000000000000000000, -0.3599999999999982103, -15.75000000000000000 ) ) ;
#1102 = AXIS2_PLACEMENT_3D ( 'NONE', #1898, #2698, #2437 ) ;
#1103 = ORIENTED_EDGE ( 'NONE', *, *, #981, .F. ) ;
#1104 = EDGE_LOOP ( 'NONE', ( #234, #1889, #1176, #52 ) ) ;
#1105 = CARTESIAN_POINT ( 'NONE',  ( -10.17458074244336075, -0.05999999999999994227, 5.184207826215107673 ) ) ;
#1106 = EDGE_CURVE ( 'NONE', #581, #2242, #1483, .T. ) ;
#1107 = CARTESIAN_POINT ( 'NONE',  ( 8.817965402408951547, -0.6600000000000000311, 5.726453688874780568 ) ) ;
#1108 = AXIS2_PLACEMENT_3D ( 'NONE', #2087, #462, #501 ) ;
#1109 = CARTESIAN_POINT ( 'NONE',  ( 0.000000000000000000, -52.18000000000005656, 0.000000000000000000 ) ) ;
#1110 = CARTESIAN_POINT ( 'NONE',  ( 14.72978563763004978, 2.100000000000000089, 0.7719553545818291784 ) ) ;
#1111 = ADVANCED_FACE ( 'NONE', ( #2548 ), #700, .F. ) ;
#1112 = FACE_OUTER_BOUND ( 'NONE', #742, .T. ) ;
#1113 = AXIS2_PLACEMENT_3D ( 'NONE', #2918, #1876, #2138 ) ;
#1114 = ORIENTED_EDGE ( 'NONE', *, *, #3398, .F. ) ;
#1115 = ORIENTED_EDGE ( 'NONE', *, *, #1758, .F. ) ;
#1116 = FACE_OUTER_BOUND ( 'NONE', #2957, .T. ) ;
#1117 = FACE_OUTER_BOUND ( 'NONE', #210, .T. ) ;
#1118 = VERTEX_POINT ( 'NONE', #1502 ) ;
#1119 = ORIENTED_EDGE ( 'NONE', *, *, #3437, .F. ) ;
#1120 = VECTOR ( 'NONE', #2435, 1000.000000000000000 ) ;
#1121 = DIRECTION ( 'NONE',  ( 0.000000000000000000, 0.000000000000000000, 1.000000000000000000 ) ) ;
#1122 = ORIENTED_EDGE ( 'NONE', *, *, #233, .F. ) ;
#1123 = ORIENTED_EDGE ( 'NONE', *, *, #424, .T. ) ;
#1124 = VECTOR ( 'NONE', #2851, 1000.000000000000000 ) ;
#1125 = DIRECTION ( 'NONE',  ( 0.000000000000000000, 0.000000000000000000, -1.000000000000000000 ) ) ;
#1126 = EDGE_CURVE ( 'NONE', #2103, #2865, #2107, .T. ) ;
#1127 = CARTESIAN_POINT ( 'NONE',  ( 0.000000000000000000, -0.6599999999999998090, 0.000000000000000000 ) ) ;
#1128 = DIRECTION ( 'NONE',  ( 0.000000000000000000, 0.000000000000000000, 1.000000000000000000 ) ) ;
#1129 = FACE_OUTER_BOUND ( 'NONE', #1988, .T. ) ;
#1130 = ORIENTED_EDGE ( 'NONE', *, *, #1727, .T. ) ;
#1131 = EDGE_CURVE ( 'NONE', #1747, #2242, #2611, .T. ) ;
#1132 = ORIENTED_EDGE ( 'NONE', *, *, #2089, .T. ) ;
#1133 = CARTESIAN_POINT ( 'NONE',  ( 0.000000000000000000, -0.6600000000000000311, 0.000000000000000000 ) ) ;
#1134 = LINE ( 'NONE', #528, #2820 ) ;
#1135 = VECTOR ( 'NONE', #303, 1000.000000000000114 ) ;
#1136 = VECTOR ( 'NONE', #3404, 1000.000000000000114 ) ;
#1137 = EDGE_CURVE ( 'NONE', #3234, #3271, #441, .T. ) ;
#1138 = VERTEX_POINT ( 'NONE', #3178 ) ;
#1139 = ORIENTED_EDGE ( 'NONE', *, *, #577, .T. ) ;
#1140 = DIRECTION ( 'NONE',  ( -0.000000000000000000, -1.000000000000000000, -0.000000000000000000 ) ) ;
#1141 = ORIENTED_EDGE ( 'NONE', *, *, #744, .F. ) ;
#1142 = VERTEX_POINT ( 'NONE', #485 ) ;
#1143 = CARTESIAN_POINT ( 'NONE',  ( 0.000000000000000000, -0.6599999999999999201, 0.000000000000000000 ) ) ;
#1144 = VERTEX_POINT ( 'NONE', #3130 ) ;
#1145 = CARTESIAN_POINT ( 'NONE',  ( 7.856566889567397460, 0.9050054712111608168, -12.09805208911046570 ) ) ;
#1146 = EDGE_CURVE ( 'NONE', #1255, #3269, #3108, .T. ) ;
#1147 = AXIS2_PLACEMENT_3D ( 'NONE', #1033, #2102, #231 ) ;
#1148 = DIRECTION ( 'NONE',  ( 0.9986295347545794954, 0.000000000000000000, 0.05233595624283586545 ) ) ;
#1149 = ORIENTED_EDGE ( 'NONE', *, *, #1626, .F. ) ;
#1150 = CIRCLE ( 'NONE', #2269, 14.42527322587259953 ) ;
#1151 = ORIENTED_EDGE ( 'NONE', *, *, #2539, .F. ) ;
#1152 = DIRECTION ( 'NONE',  ( 0.8910065241884504994, 0.000000000000000000, 0.4539904997393848229 ) ) ;
#1153 = ADVANCED_FACE ( 'NONE', ( #1339, #1829 ), #1288, .F. ) ;
#1154 = CARTESIAN_POINT ( 'NONE',  ( 0.000000000000000000, -0.6600000000000000311, 0.000000000000000000 ) ) ;
#1155 = ORIENTED_EDGE ( 'NONE', *, *, #2594, .F. ) ;
#1156 = EDGE_CURVE ( 'NONE', #2096, #1782, #1549, .T. ) ;
#1157 = ORIENTED_EDGE ( 'NONE', *, *, #685, .F. ) ;
#1158 = AXIS2_PLACEMENT_3D ( 'NONE', #84, #3027, #2165 ) ;
#1159 = LINE ( 'NONE', #635, #967 ) ;
#1160 = ORIENTED_EDGE ( 'NONE', *, *, #1188, .F. ) ;
#1161 = VERTEX_POINT ( 'NONE', #2614 ) ;
#1162 = FACE_OUTER_BOUND ( 'NONE', #176, .T. ) ;
#1163 = CARTESIAN_POINT ( 'NONE',  ( 1.190243297665998679, -0.05999999999999994227, -10.44663135088388195 ) ) ;
#1164 = AXIS2_PLACEMENT_3D ( 'NONE', #242, #2906, #2856 ) ;
#1165 = CARTESIAN_POINT ( 'NONE',  ( 0.000000000000000000, -0.6600000000000000311, 0.000000000000000000 ) ) ;
#1166 = B_SPLINE_CURVE_WITH_KNOTS ( 'NONE', 3,
 ( #2340, #1008, #2078, #1811 ),
 .UNSPECIFIED., .F., .F.,
 ( 4, 4 ),
 ( 7.113101685992426879E-18, 0.0004247918272590208268 ),
 .UNSPECIFIED. ) ;
#1167 = VERTEX_POINT ( 'NONE', #1863 ) ;
#1168 = VERTEX_POINT ( 'NONE', #2869 ) ;
#1169 = DIRECTION ( 'NONE',  ( 0.000000000000000000, -1.000000000000000000, 0.000000000000000000 ) ) ;
#1170 = VECTOR ( 'NONE', #311, 1000.000000000000000 ) ;
#1171 = CARTESIAN_POINT ( 'NONE',  ( 0.000000000000000000, -0.05999999999999994227, 0.000000000000000000 ) ) ;
#1172 = EDGE_CURVE ( 'NONE', #895, #2908, #3420, .T. ) ;
#1173 = ORIENTED_EDGE ( 'NONE', *, *, #1532, .F. ) ;
#1174 = VERTEX_POINT ( 'NONE', #1024 ) ;
#1175 = DIRECTION ( 'NONE',  ( -0.000000000000000000, -1.000000000000000000, -0.000000000000000000 ) ) ;
#1176 = ORIENTED_EDGE ( 'NONE', *, *, #2451, .F. ) ;
#1177 = DIRECTION ( 'NONE',  ( 0.8483649507378207000, -0.3056552772629507198, -0.4322635328603651739 ) ) ;
#1178 = ORIENTED_EDGE ( 'NONE', *, *, #1414, .F. ) ;
#1179 = LINE ( 'NONE', #1741, #2564 ) ;
#1180 = CIRCLE ( 'NONE', #2519, 11.41919892417544347 ) ;
#1181 = DIRECTION ( 'NONE',  ( -8.881784197001252323E-16, 0.000000000000000000, 1.000000000000000000 ) ) ;
#1182 = VECTOR ( 'NONE', #3283, 1000.000000000000227 ) ;
#1183 = CARTESIAN_POINT ( 'NONE',  ( 0.000000000000000000, -0.6599999999999999201, 0.000000000000000000 ) ) ;
#1184 = CARTESIAN_POINT ( 'NONE',  ( 0.000000000000000000, -0.05999999999999994227, 0.000000000000000000 ) ) ;
#1185 = EDGE_LOOP ( 'NONE', ( #825, #753, #2492, #3286 ) ) ;
#1186 = DIRECTION ( 'NONE',  ( -0.4539904997392188446, 0.000000000000000000, 0.8910065241885348764 ) ) ;
#1187 = DIRECTION ( 'NONE',  ( 0.000000000000000000, 1.000000000000000000, 0.000000000000000000 ) ) ;
#1188 = EDGE_CURVE ( 'NONE', #100, #2947, #43, .T. ) ;
#1189 = VERTEX_POINT ( 'NONE', #1042 ) ;
#1190 = LINE ( 'NONE', #443, #988 ) ;
#1191 = CARTESIAN_POINT ( 'NONE',  ( 14.72978563762989346, 0.8092608169502566451, -0.7719553545847461784 ) ) ;
#1192 = ORIENTED_EDGE ( 'NONE', *, *, #2321, .T. ) ;
#1193 = AXIS2_PLACEMENT_3D ( 'NONE', #1154, #1694, #2515 ) ;
#1194 = CARTESIAN_POINT ( 'NONE',  ( 0.000000000000000000, -0.05999999999999994227, 0.000000000000000000 ) ) ;
#1195 = DIRECTION ( 'NONE',  ( 8.659560562354932858E-17, 0.7071067811865474617, -0.7071067811865474617 ) ) ;
#1196 = EDGE_CURVE ( 'NONE', #1002, #2120, #2110, .T. ) ;
#1197 = ORIENTED_EDGE ( 'NONE', *, *, #2961, .T. ) ;
#1198 = CARTESIAN_POINT ( 'NONE',  ( 0.000000000000000000, -0.6600000000000000311, 0.000000000000000000 ) ) ;
#1199 = CARTESIAN_POINT ( 'NONE',  ( -11.40354930891908047, -0.05999999999999994227, 0.5976346952282838298 ) ) ;
#1200 = EDGE_CURVE ( 'NONE', #1189, #350, #3402, .T. ) ;
#1201 = CIRCLE ( 'NONE', #2593, 14.42527322587259597 ) ;
#1202 = ORIENTED_EDGE ( 'NONE', *, *, #31, .T. ) ;
#1203 = DIRECTION ( 'NONE',  ( 0.000000000000000000, 0.000000000000000000, -1.000000000000000000 ) ) ;
#1204 = DIRECTION ( 'NONE',  ( -0.000000000000000000, 1.000000000000000000, -0.000000000000000000 ) ) ;
#1205 = AXIS2_PLACEMENT_3D ( 'NONE', #266, #2687, #2670 ) ;
#1206 = EDGE_LOOP ( 'NONE', ( #1139, #636, #1241, #808 ) ) ;
#1207 = DIRECTION ( 'NONE',  ( -0.2199243713617437812, -0.9650054712111678645, -0.1428205566914423075 ) ) ;
#1208 = LINE ( 'NONE', #1634, #142 ) ;
#1209 = CIRCLE ( 'NONE', #1321, 16.05000000000000782 ) ;
#1210 = VERTEX_POINT ( 'NONE', #797 ) ;
#1211 = LINE ( 'NONE', #1964, #1056 ) ;
#1212 = AXIS2_PLACEMENT_3D ( 'NONE', #2824, #388, #1186 ) ;
#1213 = ORIENTED_EDGE ( 'NONE', *, *, #2689, .T. ) ;
#1214 = DIRECTION ( 'NONE',  ( 0.000000000000000000, 1.000000000000000000, 0.000000000000000000 ) ) ;
#1215 = EDGE_CURVE ( 'NONE', #3140, #1427, #764, .T. ) ;
#1216 = DIRECTION ( 'NONE',  ( 0.000000000000000000, 0.000000000000000000, -1.000000000000000000 ) ) ;
#1217 = CARTESIAN_POINT ( 'NONE',  ( 0.000000000000000000, -28.08620191640486752, 0.000000000000000000 ) ) ;
#1218 = EDGE_LOOP ( 'NONE', ( #1238, #1449, #763, #2709 ) ) ;
#1219 = CARTESIAN_POINT ( 'NONE',  ( 13.98081348656411294, -0.6600000000000000311, 0.7327033873997020885 ) ) ;
#1220 = DIRECTION ( 'NONE',  ( 0.000000000000000000, 0.000000000000000000, 1.000000000000000000 ) ) ;
#1221 = AXIS2_PLACEMENT_3D ( 'NONE', #3055, #1757, #147 ) ;
#1222 = EDGE_LOOP ( 'NONE', ( #2475, #88, #113, #1019 ) ) ;
#1223 = CARTESIAN_POINT ( 'NONE',  ( 9.368237069365946468, -0.05999999999999994227, -4.773355203739462205 ) ) ;
#1224 = LINE ( 'NONE', #911, #427 ) ;
#1225 = AXIS2_PLACEMENT_3D ( 'NONE', #1143, #2209, #1947 ) ;
#1226 = ORIENTED_EDGE ( 'NONE', *, *, #1309, .T. ) ;
#1227 = DIRECTION ( 'NONE',  ( 0.000000000000000000, 0.000000000000000000, 1.000000000000000000 ) ) ;
#1228 = LINE ( 'NONE', #2818, #347 ) ;
#1229 = EDGE_CURVE ( 'NONE', #3106, #2562, #505, .T. ) ;
#1230 = CARTESIAN_POINT ( 'NONE',  ( 11.74138795123747947, -0.6600000000000000311, 7.624946490208006189 ) ) ;
#1231 = EDGE_CURVE ( 'NONE', #3122, #83, #548, .T. ) ;
#1232 = DIRECTION ( 'NONE',  ( 0.000000000000000000, 0.000000000000000000, -1.000000000000000000 ) ) ;
#1233 = VECTOR ( 'NONE', #1808, 1000.000000000000000 ) ;
#1234 = VERTEX_POINT ( 'NONE', #6 ) ;
#1235 = CONICAL_SURFACE ( 'NONE', #2022, 14.00000000000000000, 0.2653320862089845189 ) ;
#1236 = DIRECTION ( 'NONE',  ( 0.000000000000000000, 0.000000000000000000, -1.000000000000000000 ) ) ;
#1237 = CARTESIAN_POINT ( 'NONE',  ( 0.000000000000000000, -0.6600000000000000311, 0.000000000000000000 ) ) ;
#1238 = ORIENTED_EDGE ( 'NONE', *, *, #250, .T. ) ;
#1239 = DIRECTION ( 'NONE',  ( 0.5446390350147182202, 0.000000000000000000, -0.8386705679456245566 ) ) ;
#1240 = CARTESIAN_POINT ( 'NONE',  ( -10.49980889261584593, -0.6600000000000000311, -0.5502716669555703932 ) ) ;
#1241 = ORIENTED_EDGE ( 'NONE', *, *, #624, .F. ) ;
#1242 = EDGE_CURVE ( 'NONE', #350, #452, #1498, .T. ) ;
#1243 = VERTEX_POINT ( 'NONE', #1797 ) ;
#1244 = DIRECTION ( 'NONE',  ( 0.000000000000000000, 0.000000000000000000, -1.000000000000000000 ) ) ;
#1245 = CIRCLE ( 'NONE', #2139, 14.00000000000000000 ) ;
#1246 = DIRECTION ( 'NONE',  ( -0.000000000000000000, 1.000000000000000000, -0.000000000000000000 ) ) ;
#1247 = AXIS2_PLACEMENT_3D ( 'NONE', #2549, #157, #3255 ) ;
#1248 = LINE ( 'NONE', #1580, #3111 ) ;
#1249 = ADVANCED_FACE ( 'NONE', ( #2634 ), #1058, .F. ) ;
#1250 = CARTESIAN_POINT ( 'NONE',  ( 0.000000000000000000, -0.6600000000000000311, 0.000000000000000000 ) ) ;
#1251 = VERTEX_POINT ( 'NONE', #467 ) ;
#1252 = DIRECTION ( 'NONE',  ( -0.000000000000000000, -1.000000000000000000, -0.000000000000000000 ) ) ;
#1253 = DIRECTION ( 'NONE',  ( -0.000000000000000000, 1.000000000000000000, -0.000000000000000000 ) ) ;
#1254 = EDGE_CURVE ( 'NONE', #601, #1523, #1553, .T. ) ;
#1255 = VERTEX_POINT ( 'NONE', #258 ) ;
#1256 = DIRECTION ( 'NONE',  ( 0.000000000000000000, -1.000000000000000000, 0.000000000000000000 ) ) ;
#1257 = CARTESIAN_POINT ( 'NONE',  ( 0.000000000000000000, -0.6600000000000000311, 0.000000000000000000 ) ) ;
#1258 = ORIENTED_EDGE ( 'NONE', *, *, #732, .T. ) ;
#1259 = EDGE_CURVE ( 'NONE', #446, #1065, #2124, .T. ) ;
#1260 = DIRECTION ( 'NONE',  ( -0.000000000000000000, 1.000000000000000000, -0.000000000000000000 ) ) ;
#1261 = AXIS2_PLACEMENT_3D ( 'NONE', #1931, #2121, #1068 ) ;
#1262 = CARTESIAN_POINT ( 'NONE',  ( 0.000000000000000000, 2.899999999999999911, 15.75000000000000000 ) ) ;
#1263 = ORIENTED_EDGE ( 'NONE', *, *, #613, .T. ) ;
#1264 =( LENGTH_UNIT ( ) NAMED_UNIT ( * ) SI_UNIT ( .MILLI., .METRE. ) );
#1265 = CARTESIAN_POINT ( 'NONE',  ( 0.000000000000000000, -0.6600000000000000311, 0.000000000000000000 ) ) ;
#1266 = CIRCLE ( 'NONE', #715, 10.51421826332841647 ) ;
#1267 = VECTOR ( 'NONE', #126, 1000.000000000000000 ) ;
#1268 = ORIENTED_EDGE ( 'NONE', *, *, #2533, .F. ) ;
#1269 = DIRECTION ( 'NONE',  ( 0.000000000000000000, 1.000000000000000000, 0.000000000000000000 ) ) ;
#1270 = CARTESIAN_POINT ( 'NONE',  ( -8.817965402408750819, -0.05999999999999994227, -5.726453688875087877 ) ) ;
#1271 = AXIS2_PLACEMENT_3D ( 'NONE', #538, #1585, #2597 ) ;
#1272 = ORIENTED_EDGE ( 'NONE', *, *, #3201, .F. ) ;
#1273 = CARTESIAN_POINT ( 'NONE',  ( -1.190243297665998679, -0.6600000000000000311, -10.44663135088388195 ) ) ;
#1274 = CARTESIAN_POINT ( 'NONE',  ( 0.000000000000000000, -0.6599999999999999201, 0.000000000000000000 ) ) ;
#1275 = ORIENTED_EDGE ( 'NONE', *, *, #1000, .T. ) ;
#1276 = EDGE_CURVE ( 'NONE', #1908, #2636, #606, .T. ) ;
#1277 = CIRCLE ( 'NONE', #2060, 14.00000000000000000 ) ;
#1278 = AXIS2_PLACEMENT_3D ( 'NONE', #1881, #2378, #1844 ) ;
#1279 = CARTESIAN_POINT ( 'NONE',  ( -10.24452237947660116, -0.3599999999999982103, 11.96295369950093601 ) ) ;
#1280 = CARTESIAN_POINT ( 'NONE',  ( -5.726453688877386483, -0.6599999999999999201, -8.817965402407256903 ) ) ;
#1281 = ADVANCED_FACE ( 'NONE', ( #3008 ), #495, .F. ) ;
#1282 = VERTEX_POINT ( 'NONE', #1917 ) ;
#1283 = DIRECTION ( 'NONE',  ( -0.000000000000000000, 1.000000000000000000, -0.000000000000000000 ) ) ;
#1284 = CARTESIAN_POINT ( 'NONE',  ( 0.000000000000000000, -0.6600000000000000311, 0.000000000000000000 ) ) ;
#1285 = DIRECTION ( 'NONE',  ( -0.1132032137679070127, 0.000000000000000000, -0.9935718556765874565 ) ) ;
#1286 = EDGE_CURVE ( 'NONE', #1363, #1720, #346, .T. ) ;
#1287 = EDGE_LOOP ( 'NONE', ( #57, #1031, #430, #3358 ) ) ;
#1288 = PLANE ( 'NONE',  #2994 ) ;
#1289 = CARTESIAN_POINT ( 'NONE',  ( 1.292690016871685721, -0.05999999999999994227, -11.34579466543307724 ) ) ;
#1290 = AXIS2_PLACEMENT_3D ( 'NONE', #1635, #1354, #1584 ) ;
#1291 = AXIS2_PLACEMENT_3D ( 'NONE', #435, #199, #2608 ) ;
#1292 = ORIENTED_EDGE ( 'NONE', *, *, #3398, .T. ) ;
#1293 = DIRECTION ( 'NONE',  ( 0.000000000000000000, 1.000000000000000000, 0.000000000000000000 ) ) ;
#1294 = DIRECTION ( 'NONE',  ( -0.000000000000000000, 1.000000000000000000, -0.000000000000000000 ) ) ;
#1295 = ORIENTED_EDGE ( 'NONE', *, *, #1915, .F. ) ;
#1296 = EDGE_CURVE ( 'NONE', #1523, #1847, #1412, .T. ) ;
#1297 = LINE ( 'NONE', #2366, #1646 ) ;
#1298 = CARTESIAN_POINT ( 'NONE',  ( -10.39658942646386919, -0.1605324027501176254, 12.09530949607219164 ) ) ;
#1299 = LINE ( 'NONE', #2400, #355 ) ;
#1300 = ORIENTED_EDGE ( 'NONE', *, *, #2223, .T. ) ;
#1301 = CARTESIAN_POINT ( 'NONE',  ( 0.000000000000000000, 0.000000000000000000, 0.000000000000000000 ) ) ;
#1302 = ADVANCED_FACE ( 'NONE', ( #849 ), #2718, .F. ) ;
#1303 = CARTESIAN_POINT ( 'NONE',  ( 0.000000000000000000, -0.05999999999999994227, 0.000000000000000000 ) ) ;
#1304 = VECTOR ( 'NONE', #17, 1000.000000000000000 ) ;
#1305 = CIRCLE ( 'NONE', #1075, 14.42527322587260130 ) ;
#1306 = CARTESIAN_POINT ( 'NONE',  ( -1.669747403076628389, -0.6600000000000000311, -14.65518487122966462 ) ) ;
#1307 = ORIENTED_EDGE ( 'NONE', *, *, #2533, .T. ) ;
#1308 = DIRECTION ( 'NONE',  ( -0.000000000000000000, 1.000000000000000000, -0.000000000000000000 ) ) ;
#1309 = EDGE_CURVE ( 'NONE', #899, #2845, #1726, .T. ) ;
#1310 = CARTESIAN_POINT ( 'NONE',  ( 0.000000000000000000, -28.08620191640486752, 0.000000000000000000 ) ) ;
#1311 = EDGE_LOOP ( 'NONE', ( #2440, #2841, #122, #1691 ) ) ;
#1312 = CARTESIAN_POINT ( 'NONE',  ( 0.000000000000000000, -3.725774140198883089, 0.000000000000000000 ) ) ;
#1313 = CARTESIAN_POINT ( 'NONE',  ( 0.000000000000000000, -0.6600000000000000311, 0.000000000000000000 ) ) ;
#1314 = VECTOR ( 'NONE', #2520, 1000.000000000000114 ) ;
#1315 = DIRECTION ( 'NONE',  ( -0.000000000000000000, -1.000000000000000000, -0.000000000000000000 ) ) ;
#1316 = FACE_OUTER_BOUND ( 'NONE', #2007, .T. ) ;
#1317 = VECTOR ( 'NONE', #1294, 1000.000000000000000 ) ;
#1318 = ORIENTED_EDGE ( 'NONE', *, *, #1309, .F. ) ;
#1319 = DIRECTION ( 'NONE',  ( 0.2199243713617388407, -0.9650054712111678645, 0.1428205566914500235 ) ) ;
#1320 = LINE ( 'NONE', #2390, #2671 ) ;
#1321 = AXIS2_PLACEMENT_3D ( 'NONE', #817, #2637, #3168 ) ;
#1322 = ADVANCED_FACE ( 'NONE', ( #812 ), #1689, .T. ) ;
#1323 = DIRECTION ( 'NONE',  ( -0.000000000000000000, -1.000000000000000000, -0.000000000000000000 ) ) ;
#1324 = DIRECTION ( 'NONE',  ( -0.000000000000000000, 1.000000000000000000, -0.000000000000000000 ) ) ;
#1325 = DIRECTION ( 'NONE',  ( 0.000000000000000000, -0.000000000000000000, -1.000000000000000000 ) ) ;
#1326 = CONICAL_SURFACE ( 'NONE', #1158, 14.00000000000000000, 0.4719811568298711291 ) ;
#1327 = VERTEX_POINT ( 'NONE', #2936 ) ;
#1328 = FACE_OUTER_BOUND ( 'NONE', #3251, .T. ) ;
#1329 = CARTESIAN_POINT ( 'NONE',  ( 0.000000000000000000, -28.08620191640486752, 0.000000000000000000 ) ) ;
#1330 = VECTOR ( 'NONE', #678, 1000.000000000000227 ) ;
#1331 = CARTESIAN_POINT ( 'NONE',  ( -6.696359871159344834, 2.100000000000000089, -13.14234623177790162 ) ) ;
#1332 = PLANE ( 'NONE',  #2911 ) ;
#1333 = ORIENTED_EDGE ( 'NONE', *, *, #1989, .F. ) ;
#1334 = DIRECTION ( 'NONE',  ( -0.000000000000000000, -1.000000000000000000, -0.000000000000000000 ) ) ;
#1335 = CARTESIAN_POINT ( 'NONE',  ( 12.37039087719482033, 0.8092608169502530924, -8.033425766471934182 ) ) ;
#1336 = CIRCLE ( 'NONE', #169, 10.51421826332841647 ) ;
#1337 = CARTESIAN_POINT ( 'NONE',  ( 9.368237069365946468, -0.6600000000000000311, -4.773355203739462205 ) ) ;
#1338 = EDGE_CURVE ( 'NONE', #581, #2079, #2418, .T. ) ;
#1339 = FACE_OUTER_BOUND ( 'NONE', #2859, .T. ) ;
#1340 = ORIENTED_EDGE ( 'NONE', *, *, #1779, .T. ) ;
#1341 = EDGE_CURVE ( 'NONE', #452, #2865, #42, .T. ) ;
#1342 = CARTESIAN_POINT ( 'NONE',  ( 9.646872667024320336, 5.728427124746197308, -12.76471103261718376 ) ) ;
#1343 = VERTEX_POINT ( 'NONE', #2752 ) ;
#1344 = PLANE ( 'NONE',  #434 ) ;
#1345 = EDGE_CURVE ( 'NONE', #3262, #2845, #2178, .T. ) ;
#1346 = DIRECTION ( 'NONE',  ( 0.000000000000000000, 0.000000000000000000, -1.000000000000000000 ) ) ;
#1347 = EDGE_LOOP ( 'NONE', ( #631, #893, #1516, #1419, #2783, #2779, #173 ) ) ;
#1348 = EDGE_CURVE ( 'NONE', #2692, #1543, #2056, .T. ) ;
#1349 = ORIENTED_EDGE ( 'NONE', *, *, #3229, .T. ) ;
#1350 = DIRECTION ( 'NONE',  ( 0.000000000000000000, 1.000000000000000000, 0.000000000000000000 ) ) ;
#1351 = ORIENTED_EDGE ( 'NONE', *, *, #2961, .F. ) ;
#1352 = LINE ( 'NONE', #603, #3369 ) ;
#1353 = CARTESIAN_POINT ( 'NONE',  ( 0.5976346952290251258, -0.05999999999999994227, 11.40354930891904139 ) ) ;
#1354 = DIRECTION ( 'NONE',  ( -0.000000000000000000, 1.000000000000000000, -0.000000000000000000 ) ) ;
#1355 = DIRECTION ( 'NONE',  ( 0.000000000000000000, 1.000000000000000000, 0.000000000000000000 ) ) ;
#1356 = CARTESIAN_POINT ( 'NONE',  ( 12.37039087719662867, 0.8092608169502585325, 8.033425766469148854 ) ) ;
#1357 = ADVANCED_FACE ( 'NONE', ( #2142 ), #555, .F. ) ;
#1358 = CIRCLE ( 'NONE', #14, 14.00000000000000000 ) ;
#1359 = ORIENTED_EDGE ( 'NONE', *, *, #851, .F. ) ;
#1360 = LINE ( 'NONE', #610, #2661 ) ;
#1361 = CARTESIAN_POINT ( 'NONE',  ( 0.000000000000000000, -0.6599999999999999201, 15.44999999999999929 ) ) ;
#1362 = EDGE_CURVE ( 'NONE', #2117, #3078, #216, .T. ) ;
#1363 = VERTEX_POINT ( 'NONE', #1110 ) ;
#1364 = ORIENTED_EDGE ( 'NONE', *, *, #744, .T. ) ;
#1365 = AXIS2_PLACEMENT_3D ( 'NONE', #1728, #1986, #1216 ) ;
#1366 = CARTESIAN_POINT ( 'NONE',  ( 0.000000000000000000, -0.6600000000000000311, 0.000000000000000000 ) ) ;
#1367 = EDGE_CURVE ( 'NONE', #1676, #1538, #3232, .T. ) ;
#1368 = ORIENTED_EDGE ( 'NONE', *, *, #1106, .T. ) ;
#1369 = ORIENTED_EDGE ( 'NONE', *, *, #3064, .T. ) ;
#1370 = DIRECTION ( 'NONE',  ( 0.000000000000000000, 0.000000000000000000, -1.000000000000000000 ) ) ;
#1371 = DIRECTION ( 'NONE',  ( 0.5446390350151054660, 0.000000000000000000, 0.8386705679453730911 ) ) ;
#1372 = AXIS2_PLACEMENT_3D ( 'NONE', #1801, #2098, #1013 ) ;
#1373 = CARTESIAN_POINT ( 'NONE',  ( 0.000000000000000000, -0.05999999999999994227, 0.000000000000000000 ) ) ;
#1374 = DIRECTION ( 'NONE',  ( 0.000000000000000000, 0.000000000000000000, -1.000000000000000000 ) ) ;
#1375 = DIRECTION ( 'NONE',  ( -0.4540286476444559405, -0.8906693003304956280, 0.02379463315396927389 ) ) ;
#1376 = VECTOR ( 'NONE', #2770, 1000.000000000000114 ) ;
#1377 = CONICAL_SURFACE ( 'NONE', #932, 14.00000000000000000, 0.2653320862089845189 ) ;
#1378 = ORIENTED_EDGE ( 'NONE', *, *, #3254, .T. ) ;
#1379 = EDGE_LOOP ( 'NONE', ( #3018, #3088, #862, #1952 ) ) ;
#1380 = CARTESIAN_POINT ( 'NONE',  ( 0.000000000000000000, -0.05999999999999994227, 0.000000000000000000 ) ) ;
#1381 = CIRCLE ( 'NONE', #3319, 14.42527322587259775 ) ;
#1382 = CARTESIAN_POINT ( 'NONE',  ( 5.184207826214672465, -0.05999999999999994227, 10.17458074244359878 ) ) ;
#1383 = ADVANCED_FACE ( 'NONE', ( #589 ), #2557, .F. ) ;
#1384 = ORIENTED_EDGE ( 'NONE', *, *, #2476, .F. ) ;
#1385 = CARTESIAN_POINT ( 'NONE',  ( -8.860571681180026360, -0.05999999999999994227, 13.38255466951921413 ) ) ;
#1386 = AXIS2_PLACEMENT_3D ( 'NONE', #1810, #2076, #276 ) ;
#1387 = VERTEX_POINT ( 'NONE', #1935 ) ;
#1388 = ORIENTED_EDGE ( 'NONE', *, *, #1687, .F. ) ;
#1389 = DIRECTION ( 'NONE',  ( -0.000000000000000000, -1.000000000000000000, -0.000000000000000000 ) ) ;
#1390 = CIRCLE ( 'NONE', #499, 11.41919892417543281 ) ;
#1391 = DIRECTION ( 'NONE',  ( 0.000000000000000000, 0.000000000000000000, 1.000000000000000000 ) ) ;
#1392 = EDGE_CURVE ( 'NONE', #2204, #2120, #2195, .T. ) ;
#1393 = DIRECTION ( 'NONE',  ( 0.8386705679455341844, 0.000000000000000000, 0.5446390350148574422 ) ) ;
#1394 = CARTESIAN_POINT ( 'NONE',  ( 0.000000000000000000, -28.08620191640486752, 0.000000000000000000 ) ) ;
#1395 = CONICAL_SURFACE ( 'NONE', #1006, 11.41919892417544347, 1.260169759845758408 ) ;
#1396 = PRODUCT_RELATED_PRODUCT_CATEGORY ( 'part', '', ( #1069 ) ) ;
#1397 = ORIENTED_EDGE ( 'NONE', *, *, #1003, .F. ) ;
#1398 = ORIENTED_EDGE ( 'NONE', *, *, #2981, .F. ) ;
#1399 = CARTESIAN_POINT ( 'NONE',  ( 0.000000000000000000, 0.9050054712111624822, 0.000000000000000000 ) ) ;
#1400 = CARTESIAN_POINT ( 'NONE',  ( -6.548937000688679788, 0.9050054712111815780, 12.85301255745468652 ) ) ;
#1401 = ORIENTED_EDGE ( 'NONE', *, *, #106, .T. ) ;
#1402 = EDGE_LOOP ( 'NONE', ( #3277, #1103, #1490, #3285 ) ) ;
#1403 = EDGE_CURVE ( 'NONE', #1873, #1597, #2991, .T. ) ;
#1404 = VECTOR ( 'NONE', #2840, 1000.000000000000000 ) ;
#1405 = CARTESIAN_POINT ( 'NONE',  ( 8.712430280894187362, -0.3599999999999982103, -13.12082537802245419 ) ) ;
#1406 = ORIENTED_EDGE ( 'NONE', *, *, #1812, .F. ) ;
#1407 = ORIENTED_EDGE ( 'NONE', *, *, #461, .T. ) ;
#1408 = VECTOR ( 'NONE', #2428, 1000.000000000000114 ) ;
#1409 = DIRECTION ( 'NONE',  ( 0.000000000000000000, 0.000000000000000000, -1.000000000000000000 ) ) ;
#1410 = DIRECTION ( 'NONE',  ( 0.1428205566914057811, -0.9650054712111678645, -0.2199243713617674567 ) ) ;
#1411 = EDGE_CURVE ( 'NONE', #3295, #1538, #3270, .T. ) ;
#1412 = LINE ( 'NONE', #886, #2666 ) ;
#1413 = ORIENTED_EDGE ( 'NONE', *, *, #1739, .F. ) ;
#1414 = EDGE_CURVE ( 'NONE', #1142, #2823, #135, .T. ) ;
#1415 = ORIENTED_EDGE ( 'NONE', *, *, #3090, .F. ) ;
#1416 = DIRECTION ( 'NONE',  ( -0.000000000000000000, 1.000000000000000000, -0.000000000000000000 ) ) ;
#1417 = DIRECTION ( 'NONE',  ( 0.05233595624259161638, 0.000000000000000000, -0.9986295347545924850 ) ) ;
#1418 = VECTOR ( 'NONE', #3003, 1000.000000000000114 ) ;
#1419 = ORIENTED_EDGE ( 'NONE', *, *, #475, .T. ) ;
#1420 = CARTESIAN_POINT ( 'NONE',  ( 4.773355203741871833, -0.05999999999999994227, 9.368237069364719005 ) ) ;
#1421 = ORIENTED_EDGE ( 'NONE', *, *, #1499, .T. ) ;
#1422 = ORIENTED_EDGE ( 'NONE', *, *, #3332, .T. ) ;
#1423 = CYLINDRICAL_SURFACE ( 'NONE', #776, 15.75000000000000000 ) ;
#1424 = DIRECTION ( 'NONE',  ( 0.000000000000000000, 1.000000000000000000, 0.000000000000000000 ) ) ;
#1425 = CARTESIAN_POINT ( 'NONE',  ( 0.000000000000000000, -0.05999999999999994227, 0.000000000000000000 ) ) ;
#1426 = EDGE_CURVE ( 'NONE', #601, #1429, #755, .T. ) ;
#1427 = VERTEX_POINT ( 'NONE', #3284 ) ;
#1428 = AXIS2_PLACEMENT_3D ( 'NONE', #1274, #2382, #2847 ) ;
#1429 = VERTEX_POINT ( 'NONE', #3040 ) ;
#1430 = CARTESIAN_POINT ( 'NONE',  ( 7.624946490210418482, -0.6600000000000000311, -11.74138795123591272 ) ) ;
#1431 = FACE_OUTER_BOUND ( 'NONE', #3206, .T. ) ;
#1432 = PRODUCT_DEFINITION_FORMATION_WITH_SPECIFIED_SOURCE ( 'ANY', '', #1069, .NOT_KNOWN. ) ;
#1433 = ORIENTED_EDGE ( 'NONE', *, *, #3289, .F. ) ;
#1434 = ORIENTED_EDGE ( 'NONE', *, *, #1596, .T. ) ;
#1435 = DIRECTION ( 'NONE',  ( -0.000000000000000000, 1.000000000000000000, -0.000000000000000000 ) ) ;
#1436 = ORIENTED_EDGE ( 'NONE', *, *, #1276, .F. ) ;
#1437 = AXIS2_PLACEMENT_3D ( 'NONE', #2849, #2329, #1510 ) ;
#1438 = CONICAL_SURFACE ( 'NONE', #3048, 14.00000000000000000, 0.2653320862089845189 ) ;
#1439 = CARTESIAN_POINT ( 'NONE',  ( -14.72978563763016524, -0.6600000000000000311, -0.7719553545795683203 ) ) ;
#1440 = ORIENTED_EDGE ( 'NONE', *, *, #726, .F. ) ;
#1441 = CARTESIAN_POINT ( 'NONE',  ( 0.000000000000000000, -0.05999999999999994227, 0.000000000000000000 ) ) ;
#1442 = DIRECTION ( 'NONE',  ( 0.000000000000000000, 0.000000000000000000, -1.000000000000000000 ) ) ;
#1443 = VECTOR ( 'NONE', #2889, 1000.000000000000227 ) ;
#1444 = DIRECTION ( 'NONE',  ( 0.000000000000000000, -1.000000000000000000, 0.000000000000000000 ) ) ;
#1445 = PRESENTATION_LAYER_ASSIGNMENT (  '', '', ( #1888 ) ) ;
#1446 = EDGE_CURVE ( 'NONE', #3252, #2117, #662, .T. ) ;
#1447 =( NAMED_UNIT ( * ) PLANE_ANGLE_UNIT ( ) SI_UNIT ( $, .RADIAN. ) );
#1448 = ORIENTED_EDGE ( 'NONE', *, *, #1259, .F. ) ;
#1449 = ORIENTED_EDGE ( 'NONE', *, *, #3214, .T. ) ;
#1450 = CARTESIAN_POINT ( 'NONE',  ( -14.40550389026096312, 0.9050054712111608168, -0.7549604683380091164 ) ) ;
#1451 = VECTOR ( 'NONE', #2651, 1000.000000000000114 ) ;
#1452 = DIRECTION ( 'NONE',  ( 0.05233595624303363780, 0.000000000000000000, 0.9986295347545691703 ) ) ;
#1453 = EDGE_CURVE ( 'NONE', #2995, #2908, #1560, .T. ) ;
#1454 = ORIENTED_EDGE ( 'NONE', *, *, #326, .F. ) ;
#1455 = DIRECTION ( 'NONE',  ( 0.4539904997393814923, 0.000000000000000000, -0.8910065241884521647 ) ) ;
#1456 = EDGE_LOOP ( 'NONE', ( #1786, #1501, #3084, #558 ) ) ;
#1457 = DIRECTION ( 'NONE',  ( -0.000000000000000000, 1.000000000000000000, -0.000000000000000000 ) ) ;
#1458 = CONICAL_SURFACE ( 'NONE', #1900, 14.00000000000000000, 0.4719811568298711291 ) ;
#1459 = EDGE_CURVE ( 'NONE', #1805, #3026, #865, .T. ) ;
#1460 = DIRECTION ( 'NONE',  ( 0.5185738325890771883, -0.3056552772629518300, -0.7985336759556128650 ) ) ;
#1461 = VERTEX_POINT ( 'NONE', #2786 ) ;
#1462 = CIRCLE ( 'NONE', #841, 15.75000000000000000 ) ;
#1463 = CARTESIAN_POINT ( 'NONE',  ( 10.49980889261576245, -0.6600000000000000311, 0.5502716669571818819 ) ) ;
#1464 = VECTOR ( 'NONE', #1949, 1000.000000000000000 ) ;
#1465 = DIRECTION ( 'NONE',  ( 0.000000000000000000, 0.000000000000000000, -1.000000000000000000 ) ) ;
#1466 = PRODUCT_CONTEXT ( 'NONE', #697, 'mechanical' ) ;
#1467 = ORIENTED_EDGE ( 'NONE', *, *, #645, .T. ) ;
#1468 = DIRECTION ( 'NONE',  ( 0.000000000000000000, 0.000000000000000000, 1.000000000000000000 ) ) ;
#1469 = CARTESIAN_POINT ( 'NONE',  ( 0.000000000000000000, -0.05999999999999994227, 0.000000000000000000 ) ) ;
#1470 = ORIENTED_EDGE ( 'NONE', *, *, #60, .F. ) ;
#1471 = DIRECTION ( 'NONE',  ( 0.000000000000000000, 1.000000000000000000, 0.000000000000000000 ) ) ;
#1472 = AXIS2_PLACEMENT_3D ( 'NONE', #1051, #1594, #1035 ) ;
#1473 = DIRECTION ( 'NONE',  ( 0.000000000000000000, 0.000000000000000000, -1.000000000000000000 ) ) ;
#1474 = EDGE_LOOP ( 'NONE', ( #2290, #1258, #2463, #1130, #566, #2265, #3136 ) ) ;
#1475 = EDGE_CURVE ( 'NONE', #1002, #36, #1083, .T. ) ;
#1476 = CARTESIAN_POINT ( 'NONE',  ( 0.000000000000000000, -0.6600000000000000311, 0.000000000000000000 ) ) ;
#1477 = EDGE_LOOP ( 'NONE', ( #3179, #2312, #353, #575, #3428, #906, #549, #2199, #1119, #48, #2771, #15, #1155, #1340, #241, #82, #1141, #3204, #1067, #1643, #3066, #1467, #1123, #2789, #3152, #730, #2277, #2066 ) ) ;
#1478 = EDGE_CURVE ( 'NONE', #716, #690, #919, .T. ) ;
#1479 = CARTESIAN_POINT ( 'NONE',  ( 0.000000000000000000, -0.05999999999999994227, 0.000000000000000000 ) ) ;
#1480 = DIRECTION ( 'NONE',  ( 0.2618703708563075994, -0.9650054712111679756, -0.01372404459667843531 ) ) ;
#1481 = VECTOR ( 'NONE', #3331, 1000.000000000000227 ) ;
#1482 = ORIENTED_EDGE ( 'NONE', *, *, #3100, .F. ) ;
#1483 = LINE ( 'NONE', #3354, #2717 ) ;
#1484 = FACE_OUTER_BOUND ( 'NONE', #1957, .T. ) ;
#1485 = AXIS2_PLACEMENT_3D ( 'NONE', #1663, #2184, #2459 ) ;
#1486 = ORIENTED_EDGE ( 'NONE', *, *, #976, .T. ) ;
#1487 = DIRECTION ( 'NONE',  ( -0.000000000000000000, -1.000000000000000000, -0.000000000000000000 ) ) ;
#1488 = DIRECTION ( 'NONE',  ( 0.000000000000000000, 0.000000000000000000, -1.000000000000000000 ) ) ;
#1489 = AXIS2_PLACEMENT_3D ( 'NONE', #1062, #3182, #1867 ) ;
#1490 = ORIENTED_EDGE ( 'NONE', *, *, #475, .F. ) ;
#1491 = VECTOR ( 'NONE', #2271, 999.9999999999998863 ) ;
#1492 = ORIENTED_EDGE ( 'NONE', *, *, #1552, .F. ) ;
#1493 = CARTESIAN_POINT ( 'NONE',  ( 0.000000000000000000, 2.100000000000000089, 0.000000000000000000 ) ) ;
#1494 = EDGE_CURVE ( 'NONE', #92, #602, #2083, .T. ) ;
#1495 = VECTOR ( 'NONE', #2977, 999.9999999999998863 ) ;
#1496 = CARTESIAN_POINT ( 'NONE',  ( 0.000000000000000000, 2.899999999999999911, -15.75000000000000000 ) ) ;
#1497 = CARTESIAN_POINT ( 'NONE',  ( 0.000000000000000000, -28.08620191640486752, 0.000000000000000000 ) ) ;
#1498 = CIRCLE ( 'NONE', #3379, 14.75000000000000000 ) ;
#1499 = EDGE_CURVE ( 'NONE', #163, #3009, #2379, .T. ) ;
#1500 = PLANE ( 'NONE',  #2952 ) ;
#1501 = ORIENTED_EDGE ( 'NONE', *, *, #633, .T. ) ;
#1502 = CARTESIAN_POINT ( 'NONE',  ( 1.669747403076628389, 0.8092608169502585325, -14.65518487122966462 ) ) ;
#1503 = PLANE ( 'NONE',  #1583 ) ;
#1504 = EDGE_CURVE ( 'NONE', #1343, #2191, #2880, .T. ) ;
#1505 = CONICAL_SURFACE ( 'NONE', #1948, 14.00000000000000000, 0.4719811568298711291 ) ;
#1506 = EDGE_LOOP ( 'NONE', ( #1994, #2371, #2701, #3312, #2596 ) ) ;
#1507 = DIRECTION ( 'NONE',  ( 0.8910065241883521336, 0.000000000000000000, -0.4539904997395775021 ) ) ;
#1508 = CARTESIAN_POINT ( 'NONE',  ( 0.000000000000000000, -3.725774140198900408, 0.000000000000000000 ) ) ;
#1509 = ORIENTED_EDGE ( 'NONE', *, *, #2377, .F. ) ;
#1510 = DIRECTION ( 'NONE',  ( 0.000000000000000000, 0.000000000000000000, 1.000000000000000000 ) ) ;
#1511 = EDGE_CURVE ( 'NONE', #489, #3234, #3099, .T. ) ;
#1512 = CARTESIAN_POINT ( 'NONE',  ( -8.033425766467093609, 2.100000000000000089, 12.37039087719796449 ) ) ;
#1513 = CARTESIAN_POINT ( 'NONE',  ( -12.47409133863501829, -0.6600000000000000311, 6.355866996357836030 ) ) ;
#1514 = EDGE_CURVE ( 'NONE', #1255, #3269, #1032, .T. ) ;
#1515 = CARTESIAN_POINT ( 'NONE',  ( 0.000000000000000000, -0.05999999999999994227, 0.000000000000000000 ) ) ;
#1516 = ORIENTED_EDGE ( 'NONE', *, *, #365, .F. ) ;
#1517 = DIRECTION ( 'NONE',  ( 0.000000000000000000, -1.000000000000000000, 0.000000000000000000 ) ) ;
#1518 = LINE ( 'NONE', #2320, #2313 ) ;
#1519 = EDGE_CURVE ( 'NONE', #1908, #2105, #2979, .T. ) ;
#1520 = ORIENTED_EDGE ( 'NONE', *, *, #876, .F. ) ;
#1521 = CARTESIAN_POINT ( 'NONE',  ( 0.000000000000000000, -52.18000000000005656, 0.000000000000000000 ) ) ;
#1522 = DIRECTION ( 'NONE',  ( 0.8386705679454222739, 0.000000000000000000, 0.5446390350150298598 ) ) ;
#1523 = VERTEX_POINT ( 'NONE', #2767 ) ;
#1524 = DIRECTION ( 'NONE',  ( 0.4539904997395475816, 0.000000000000000000, -0.8910065241883674547 ) ) ;
#1525 = CIRCLE ( 'NONE', #1973, 15.75000000000000000 ) ;
#1526 = FACE_BOUND ( 'NONE', #2375, .T. ) ;
#1527 = AXIS2_PLACEMENT_3D ( 'NONE', #2010, #1452, #1735 ) ;
#1528 = FILL_AREA_STYLE ('',( #2574 ) ) ;
#1529 = LINE ( 'NONE', #3145, #2629 ) ;
#1530 = ORIENTED_EDGE ( 'NONE', *, *, #679, .F. ) ;
#1531 = DIRECTION ( 'NONE',  ( 0.000000000000000000, -1.000000000000000000, 0.000000000000000000 ) ) ;
#1532 = EDGE_CURVE ( 'NONE', #2823, #3387, #24, .T. ) ;
#1533 = CARTESIAN_POINT ( 'NONE',  ( 0.7549604683467147082, 0.9050054712111745836, 14.40550389026051192 ) ) ;
#1534 = AXIS2_PLACEMENT_3D ( 'NONE', #1707, #938, #3137 ) ;
#1535 = ORIENTED_EDGE ( 'NONE', *, *, #433, .T. ) ;
#1536 = CARTESIAN_POINT ( 'NONE',  ( 12.37039087719662867, 2.100000000000000089, 8.033425766469148854 ) ) ;
#1537 = DIRECTION ( 'NONE',  ( -0.4322635328597684290, 0.3056552772629518300, 0.8483649507381242350 ) ) ;
#1538 = VERTEX_POINT ( 'NONE', #1230 ) ;
#1539 = EDGE_CURVE ( 'NONE', #1958, #1773, #3076, .T. ) ;
#1540 = CARTESIAN_POINT ( 'NONE',  ( 0.000000000000000000, 0.9050054712111633703, 0.000000000000000000 ) ) ;
#1541 = VECTOR ( 'NONE', #1650, 1000.000000000000114 ) ;
#1542 = CARTESIAN_POINT ( 'NONE',  ( 0.000000000000000000, -28.08620191640486752, 0.000000000000000000 ) ) ;
#1543 = VERTEX_POINT ( 'NONE', #1199 ) ;
#1544 = DIRECTION ( 'NONE',  ( 0.000000000000000000, 0.000000000000000000, 1.000000000000000000 ) ) ;
#1545 = VECTOR ( 'NONE', #924, 1000.000000000000000 ) ;
#1546 = DIRECTION ( 'NONE',  ( 0.000000000000000000, -1.000000000000000000, 0.000000000000000000 ) ) ;
#1547 = AXIS2_PLACEMENT_3D ( 'NONE', #687, #1752, #2064 ) ;
#1548 = ORIENTED_EDGE ( 'NONE', *, *, #772, .F. ) ;
#1549 = LINE ( 'NONE', #2338, #2443 ) ;
#1550 = UNCERTAINTY_MEASURE_WITH_UNIT (LENGTH_MEASURE( 1.000000000000000082E-05 ), #2511, 'distance_accuracy_value', 'NONE');
#1551 = LINE ( 'NONE', #2616, #3023 ) ;
#1552 = EDGE_CURVE ( 'NONE', #1243, #2445, #118, .T. ) ;
#1553 = CIRCLE ( 'NONE', #1886, 10.51421826332841647 ) ;
#1554 = VERTEX_POINT ( 'NONE', #3300 ) ;
#1555 = CARTESIAN_POINT ( 'NONE',  ( -9.368237069364512948, -0.6600000000000000311, 4.773355203742278619 ) ) ;
#1556 = PLANE ( 'NONE',  #89 ) ;
#1557 = ORIENTED_EDGE ( 'NONE', *, *, #612, .T. ) ;
#1558 = AXIS2_PLACEMENT_3D ( 'NONE', #185, #2352, #1544 ) ;
#1559 = ADVANCED_FACE ( 'NONE', ( #696 ), #2652, .F. ) ;
#1560 = LINE ( 'NONE', #1165, #3256 ) ;
#1561 = ORIENTED_EDGE ( 'NONE', *, *, #1750, .F. ) ;
#1562 = CARTESIAN_POINT ( 'NONE',  ( -12.37039087719634622, 2.100000000000000089, -8.033425766469580509 ) ) ;
#1563 = ORIENTED_EDGE ( 'NONE', *, *, #1426, .F. ) ;
#1564 = CARTESIAN_POINT ( 'NONE',  ( 0.000000000000000000, -0.05999999999999994227, 0.000000000000000000 ) ) ;
#1565 = FACE_OUTER_BOUND ( 'NONE', #888, .T. ) ;
#1566 = DIRECTION ( 'NONE',  ( -0.000000000000000000, 1.000000000000000000, -0.000000000000000000 ) ) ;
#1567 = ORIENTED_EDGE ( 'NONE', *, *, #3070, .F. ) ;
#1568 = DIRECTION ( 'NONE',  ( 0.000000000000000000, 1.000000000000000000, 0.000000000000000000 ) ) ;
#1569 = CARTESIAN_POINT ( 'NONE',  ( 0.000000000000000000, -0.05999999999999994227, 0.000000000000000000 ) ) ;
#1570 = VECTOR ( 'NONE', #830, 1000.000000000000000 ) ;
#1571 = AXIS2_PLACEMENT_3D ( 'NONE', #1262, #2590, #1017 ) ;
#1572 = ORIENTED_EDGE ( 'NONE', *, *, #3363, .F. ) ;
#1573 = DIRECTION ( 'NONE',  ( -0.000000000000000000, 1.000000000000000000, -0.000000000000000000 ) ) ;
#1574 = CARTESIAN_POINT ( 'NONE',  ( 14.40550389026085476, 0.9050054712111954558, 0.7549604683402205696 ) ) ;
#1575 = ORIENTED_EDGE ( 'NONE', *, *, #1519, .T. ) ;
#1576 = EDGE_CURVE ( 'NONE', #2776, #1699, #197, .T. ) ;
#1577 = DIRECTION ( 'NONE',  ( 0.000000000000000000, 0.000000000000000000, 1.000000000000000000 ) ) ;
#1578 = DIRECTION ( 'NONE',  ( -0.000000000000000000, 1.000000000000000000, -0.000000000000000000 ) ) ;
#1579 = ORIENTED_EDGE ( 'NONE', *, *, #2912, .T. ) ;
#1580 = CARTESIAN_POINT ( 'NONE',  ( 0.5502716669619153178, -0.6600000000000000311, 10.49980889261551198 ) ) ;
#1581 = CARTESIAN_POINT ( 'NONE',  ( 0.000000000000000000, 0.8092608169502585325, 0.000000000000000000 ) ) ;
#1582 = AXIS2_PLACEMENT_3D ( 'NONE', #2198, #1968, #625 ) ;
#1583 = AXIS2_PLACEMENT_3D ( 'NONE', #1026, #701, #2565 ) ;
#1584 = DIRECTION ( 'NONE',  ( 0.000000000000000000, 0.000000000000000000, 1.000000000000000000 ) ) ;
#1585 = DIRECTION ( 'NONE',  ( 0.000000000000000000, -1.000000000000000000, 0.000000000000000000 ) ) ;
#1586 = DIRECTION ( 'NONE',  ( -0.000000000000000000, 1.000000000000000000, -0.000000000000000000 ) ) ;
#1587 = APPLICATION_CONTEXT ( 'automotive_design' ) ;
#1588 = ORIENTED_EDGE ( 'NONE', *, *, #2089, .F. ) ;
#1589 = DIRECTION ( 'NONE',  ( 0.000000000000000000, 0.000000000000000000, 1.000000000000000000 ) ) ;
#1590 = DIRECTION ( 'NONE',  ( -0.000000000000000000, 1.000000000000000000, -0.000000000000000000 ) ) ;
#1591 = AXIS2_PLACEMENT_3D ( 'NONE', #162, #2696, #1488 ) ;
#1592 = CARTESIAN_POINT ( 'NONE',  ( 0.000000000000000000, 2.100000000000000089, 0.000000000000000000 ) ) ;
#1593 = EDGE_CURVE ( 'NONE', #3005, #2153, #1297, .T. ) ;
#1594 = DIRECTION ( 'NONE',  ( 0.000000000000000000, 1.000000000000000000, 0.000000000000000000 ) ) ;
#1595 = AXIS2_PLACEMENT_3D ( 'NONE', #1608, #1063, #1346 ) ;
#1596 = EDGE_CURVE ( 'NONE', #300, #1243, #309, .T. ) ;
#1597 = VERTEX_POINT ( 'NONE', #2033 ) ;
#1598 = LINE ( 'NONE', #1087, #1541 ) ;
#1599 = CARTESIAN_POINT ( 'NONE',  ( -8.798253224886963153, -0.1605324027501192352, 13.30324485601165740 ) ) ;
#1600 = DIRECTION ( 'NONE',  ( 0.000000000000000000, 0.000000000000000000, 1.000000000000000000 ) ) ;
#1601 = CARTESIAN_POINT ( 'NONE',  ( 0.000000000000000000, -0.05999999999999994227, 0.000000000000000000 ) ) ;
#1602 = ORIENTED_EDGE ( 'NONE', *, *, #3254, .F. ) ;
#1603 = DIRECTION ( 'NONE',  ( 0.000000000000000000, 0.000000000000000000, -1.000000000000000000 ) ) ;
#1604 = AXIS2_PLACEMENT_3D ( 'NONE', #1783, #2273, #1203 ) ;
#1605 = EDGE_CURVE ( 'NONE', #923, #839, #586, .T. ) ;
#1606 = VERTEX_POINT ( 'NONE', #373 ) ;
#1607 = CARTESIAN_POINT ( 'NONE',  ( 11.40354930891931140, -0.05999999999999994227, 0.5976346952238841270 ) ) ;
#1608 = CARTESIAN_POINT ( 'NONE',  ( 0.000000000000000000, -0.05999999999999994227, 0.000000000000000000 ) ) ;
#1609 = VECTOR ( 'NONE', #1636, 1000.000000000000114 ) ;
#1610 = AXIS2_PLACEMENT_3D ( 'NONE', #3348, #1283, #2334 ) ;
#1611 = DIRECTION ( 'NONE',  ( 0.4540286476444643227, -0.8906693003304955170, 0.02379463315380967586 ) ) ;
#1612 = DIRECTION ( 'NONE',  ( 0.000000000000000000, 0.000000000000000000, 1.000000000000000000 ) ) ;
#1613 = VERTEX_POINT ( 'NONE', #1976 ) ;
#1614 = AXIS2_PLACEMENT_3D ( 'NONE', #2719, #828, #1895 ) ;
#1615 = EDGE_CURVE ( 'NONE', #2216, #2448, #2147, .T. ) ;
#1616 = DIRECTION ( 'NONE',  ( 0.000000000000000000, 0.000000000000000000, -1.000000000000000000 ) ) ;
#1617 = CARTESIAN_POINT ( 'NONE',  ( 0.000000000000000000, -0.6600000000000000311, 0.000000000000000000 ) ) ;
#1618 = CARTESIAN_POINT ( 'NONE',  ( 0.000000000000000000, -0.6599999999999999201, 0.000000000000000000 ) ) ;
#1619 = CARTESIAN_POINT ( 'NONE',  ( 9.646872667024320336, -0.05999999999999994227, -12.76471103261718376 ) ) ;
#1620 = LINE ( 'NONE', #2667, #1893 ) ;
#1621 = EDGE_CURVE ( 'NONE', #1118, #2893, #847, .T. ) ;
#1622 = VERTEX_POINT ( 'NONE', #1719 ) ;
#1623 = DIRECTION ( 'NONE',  ( 1.776356839400250465E-14, 0.000000000000000000, 1.000000000000000000 ) ) ;
#1624 = PLANE ( 'NONE',  #1205 ) ;
#1625 = VECTOR ( 'NONE', #3177, 1000.000000000000000 ) ;
#1626 = EDGE_CURVE ( 'NONE', #7, #3387, #1224, .T. ) ;
#1627 = AXIS2_PLACEMENT_3D ( 'NONE', #2541, #448, #1759 ) ;
#1628 = ORIENTED_EDGE ( 'NONE', *, *, #3239, .F. ) ;
#1629 = ORIENTED_EDGE ( 'NONE', *, *, #1403, .T. ) ;
#1630 = FACE_OUTER_BOUND ( 'NONE', #2180, .T. ) ;
#1631 = ORIENTED_EDGE ( 'NONE', *, *, #2016, .T. ) ;
#1632 = VERTEX_POINT ( 'NONE', #2760 ) ;
#1633 = DIRECTION ( 'NONE',  ( -0.5446390350153160753, 0.000000000000000000, -0.8386705679452364226 ) ) ;
#1634 = CARTESIAN_POINT ( 'NONE',  ( 0.000000000000000000, -0.05999999999999994227, 0.000000000000000000 ) ) ;
#1635 = CARTESIAN_POINT ( 'NONE',  ( 0.000000000000000000, -0.6600000000000000311, 0.000000000000000000 ) ) ;
#1636 = DIRECTION ( 'NONE',  ( -0.1428205566914875213, -0.9650054712111678645, 0.2199243713617144158 ) ) ;
#1637 = DIRECTION ( 'NONE',  ( 0.000000000000000000, 0.000000000000000000, -1.000000000000000000 ) ) ;
#1638 = VERTEX_POINT ( 'NONE', #2500 ) ;
#1639 = EDGE_CURVE ( 'NONE', #2477, #2993, #922, .T. ) ;
#1640 = ORIENTED_EDGE ( 'NONE', *, *, #3297, .F. ) ;
#1641 = CARTESIAN_POINT ( 'NONE',  ( -1.632987288648922064, 0.9050054712111885724, -14.33254548767203751 ) ) ;
#1642 = DIRECTION ( 'NONE',  ( 0.000000000000000000, 0.7071067811865474617, 0.7071067811865474617 ) ) ;
#1643 = ORIENTED_EDGE ( 'NONE', *, *, #3377, .T. ) ;
#1644 = ADVANCED_FACE ( 'NONE', ( #3032 ), #2245, .F. ) ;
#1645 = ORIENTED_EDGE ( 'NONE', *, *, #1146, .T. ) ;
#1646 = VECTOR ( 'NONE', #1754, 1000.000000000000114 ) ;
#1647 = CARTESIAN_POINT ( 'NONE',  ( 0.000000000000000000, -3.725774140198917728, 0.000000000000000000 ) ) ;
#1648 = ORIENTED_EDGE ( 'NONE', *, *, #1775, .T. ) ;
#1649 = ORIENTED_EDGE ( 'NONE', *, *, #3109, .F. ) ;
#1650 = DIRECTION ( 'NONE',  ( -0.02968525017519498335, -0.9650054712111678645, 0.2605440969481898073 ) ) ;
#1651 = DIRECTION ( 'NONE',  ( -0.000000000000000000, 1.000000000000000000, -0.000000000000000000 ) ) ;
#1652 = EDGE_CURVE ( 'NONE', #350, #2103, #428, .T. ) ;
#1653 = CIRCLE ( 'NONE', #1595, 10.51421826332841647 ) ;
#1654 = FACE_OUTER_BOUND ( 'NONE', #128, .T. ) ;
#1655 = AXIS2_PLACEMENT_3D ( 'NONE', #527, #227, #1589 ) ;
#1656 = DIRECTION ( 'NONE',  ( -0.2618703708563128729, -0.9650054712111678645, -0.01372404459657739981 ) ) ;
#1657 = LINE ( 'NONE', #1310, #3114 ) ;
#1658 = ORIENTED_EDGE ( 'NONE', *, *, #1978, .F. ) ;
#1659 = ORIENTED_EDGE ( 'NONE', *, *, #2891, .T. ) ;
#1660 = DIRECTION ( 'NONE',  ( 0.000000000000000000, -1.000000000000000000, 0.000000000000000000 ) ) ;
#1661 = EDGE_CURVE ( 'NONE', #357, #2242, #410, .T. ) ;
#1662 = CONICAL_SURFACE ( 'NONE', #1825, 14.00000000000000000, 0.4719811568298711291 ) ;
#1663 = CARTESIAN_POINT ( 'NONE',  ( 9.646872667024320336, -0.05999999999999994227, -12.76471103261718376 ) ) ;
#1664 = VERTEX_POINT ( 'NONE', #2553 ) ;
#1665 = ADVANCED_FACE ( 'NONE', ( #3341 ), #3308, .T. ) ;
#1666 = CARTESIAN_POINT ( 'NONE',  ( 0.000000000000000000, -3.725774140198917728, 0.000000000000000000 ) ) ;
#1667 = ORIENTED_EDGE ( 'NONE', *, *, #3090, .T. ) ;
#1668 = VERTEX_POINT ( 'NONE', #1191 ) ;
#1669 = DIRECTION ( 'NONE',  ( 0.4050976594829969191, -0.8906693003304956280, 0.2064075670371204041 ) ) ;
#1670 = EDGE_CURVE ( 'NONE', #1251, #1343, #255, .T. ) ;
#1671 = DIRECTION ( 'NONE',  ( -0.000000000000000000, 1.000000000000000000, -0.000000000000000000 ) ) ;
#1672 = DIRECTION ( 'NONE',  ( 0.000000000000000000, 0.000000000000000000, 1.000000000000000000 ) ) ;
#1673 = AXIS2_PLACEMENT_3D ( 'NONE', #900, #76, #3019 ) ;
#1674 = LINE ( 'NONE', #1746, #1376 ) ;
#1675 = ORIENTED_EDGE ( 'NONE', *, *, #3310, .T. ) ;
#1676 = VERTEX_POINT ( 'NONE', #1107 ) ;
#1677 = DIRECTION ( 'NONE',  ( 0.8910065241883675657, 0.000000000000000000, 0.4539904997395475816 ) ) ;
#1678 = FACE_OUTER_BOUND ( 'NONE', #90, .T. ) ;
#1679 = ORIENTED_EDGE ( 'NONE', *, *, #2712, .T. ) ;
#1680 = ORIENTED_EDGE ( 'NONE', *, *, #3229, .F. ) ;
#1681 = VECTOR ( 'NONE', #1004, 1000.000000000000000 ) ;
#1682 = CARTESIAN_POINT ( 'NONE',  ( -10.49980889261554928, -0.05999999999999994227, 0.5502716669612327527 ) ) ;
#1683 = ORIENTED_EDGE ( 'NONE', *, *, #239, .F. ) ;
#1684 = ORIENTED_EDGE ( 'NONE', *, *, #2599, .T. ) ;
#1685 = CIRCLE ( 'NONE', #1291, 14.42527322587259775 ) ;
#1686 = DIRECTION ( 'NONE',  ( 0.000000000000000000, 0.000000000000000000, -1.000000000000000000 ) ) ;
#1687 = EDGE_CURVE ( 'NONE', #1668, #3291, #1996, .T. ) ;
#1688 = CARTESIAN_POINT ( 'NONE',  ( 1.584844992750698234, -0.6600000000000000311, -13.91000597947222417 ) ) ;
#1689 = PLANE ( 'NONE',  #1780 ) ;
#1690 = CARTESIAN_POINT ( 'NONE',  ( 0.000000000000000000, -0.05999999999999994227, 0.000000000000000000 ) ) ;
#1691 = ORIENTED_EDGE ( 'NONE', *, *, #2581, .F. ) ;
#1692 = ORIENTED_EDGE ( 'NONE', *, *, #1504, .F. ) ;
#1693 = DIRECTION ( 'NONE',  ( -0.000000000000000000, -1.000000000000000000, -0.000000000000000000 ) ) ;
#1694 = DIRECTION ( 'NONE',  ( -0.4539904997398453990, 0.000000000000000000, -0.8910065241882157983 ) ) ;
#1695 = CONICAL_SURFACE ( 'NONE', #1472, 11.41919892417543281, 1.260169759845757298 ) ;
#1696 = VECTOR ( 'NONE', #468, 1000.000000000000114 ) ;
#1697 = VERTEX_POINT ( 'NONE', #3086 ) ;
#1698 = ORIENTED_EDGE ( 'NONE', *, *, #571, .F. ) ;
#1699 = VERTEX_POINT ( 'NONE', #2536 ) ;
#1700 = LINE ( 'NONE', #2762, #2365 ) ;
#1701 = ORIENTED_EDGE ( 'NONE', *, *, #1532, .T. ) ;
#1702 = CYLINDRICAL_SURFACE ( 'NONE', #2843, 10.51421826332841647 ) ;
#1703 = EDGE_CURVE ( 'NONE', #2120, #2096, #1201, .T. ) ;
#1704 = VECTOR ( 'NONE', #1913, 1000.000000000000000 ) ;
#1705 = EDGE_CURVE ( 'NONE', #2204, #910, #1208, .T. ) ;
#1706 = DIRECTION ( 'NONE',  ( -0.000000000000000000, 1.000000000000000000, -0.000000000000000000 ) ) ;
#1707 = CARTESIAN_POINT ( 'NONE',  ( 0.000000000000000000, -0.05999999999999994227, 0.000000000000000000 ) ) ;
#1708 = EDGE_CURVE ( 'NONE', #1731, #1554, #2094, .T. ) ;
#1709 = CARTESIAN_POINT ( 'NONE',  ( 0.000000000000000000, -0.6600000000000000311, 0.000000000000000000 ) ) ;
#1710 = VERTEX_POINT ( 'NONE', #2279 ) ;
#1711 = ORIENTED_EDGE ( 'NONE', *, *, #3435, .F. ) ;
#1712 = CARTESIAN_POINT ( 'NONE',  ( 0.000000000000000000, -0.6600000000000000311, 0.000000000000000000 ) ) ;
#1713 = CARTESIAN_POINT ( 'NONE',  ( 0.000000000000000000, -0.05999999999999994227, 0.000000000000000000 ) ) ;
#1714 = VECTOR ( 'NONE', #384, 1000.000000000000000 ) ;
#1715 = CIRCLE ( 'NONE', #815, 10.51421826332841647 ) ;
#1716 = EDGE_CURVE ( 'NONE', #2636, #3338, #1983, .T. ) ;
#1717 = CIRCLE ( 'NONE', #1776, 14.75000000000000000 ) ;
#1718 = ORIENTED_EDGE ( 'NONE', *, *, #2037, .T. ) ;
#1719 = CARTESIAN_POINT ( 'NONE',  ( 13.98081348656396550, -0.6600000000000039169, -0.7327033874024708737 ) ) ;
#1720 = VERTEX_POINT ( 'NONE', #1574 ) ;
#1721 = AXIS2_PLACEMENT_3D ( 'NONE', #3378, #1260, #1227 ) ;
#1722 = AXIS2_PLACEMENT_3D ( 'NONE', #2295, #1256, #1995 ) ;
#1723 = FACE_OUTER_BOUND ( 'NONE', #3074, .T. ) ;
#1724 = DIRECTION ( 'NONE',  ( -0.000000000000000000, -1.000000000000000000, -0.000000000000000000 ) ) ;
#1725 = DIRECTION ( 'NONE',  ( 0.000000000000000000, -1.000000000000000000, 0.000000000000000000 ) ) ;
#1726 = CIRCLE ( 'NONE', #992, 1.000000000000002665 ) ;
#1727 = EDGE_CURVE ( 'NONE', #2747, #1926, #2585, .T. ) ;
#1728 = CARTESIAN_POINT ( 'NONE',  ( 0.000000000000000000, 2.899999999999999911, 0.000000000000000000 ) ) ;
#1729 = MECHANICAL_DESIGN_GEOMETRIC_PRESENTATION_REPRESENTATION (  '', ( #1888 ), #105 ) ;
#1730 = CARTESIAN_POINT ( 'NONE',  ( 8.033425766471690821, -0.6600000000000000311, -12.37039087719498021 ) ) ;
#1731 = VERTEX_POINT ( 'NONE', #979 ) ;
#1732 = LINE ( 'NONE', #2773, #1545 ) ;
#1733 = CONICAL_SURFACE ( 'NONE', #278, 14.00000000000000000, 0.2653320862089845189 ) ;
#1734 = EDGE_CURVE ( 'NONE', #1251, #1699, #228, .T. ) ;
#1735 = DIRECTION ( 'NONE',  ( 0.9986295347545691703, 0.000000000000000000, -0.05233595624303363780 ) ) ;
#1736 = ORIENTED_EDGE ( 'NONE', *, *, #1880, .T. ) ;
#1737 = CARTESIAN_POINT ( 'NONE',  ( 0.000000000000000000, -0.6600000000000000311, 0.000000000000000000 ) ) ;
#1738 = DIRECTION ( 'NONE',  ( -0.000000000000000000, -1.000000000000000000, -0.000000000000000000 ) ) ;
#1739 = EDGE_CURVE ( 'NONE', #616, #2327, #3360, .T. ) ;
#1740 = ORIENTED_EDGE ( 'NONE', *, *, #2678, .T. ) ;
#1741 = CARTESIAN_POINT ( 'NONE',  ( 1.892079304682660484E-15, -0.6599999999999999201, -15.44999999999999929 ) ) ;
#1742 = EDGE_LOOP ( 'NONE', ( #46, #1943, #3414, #2626, #1631, #2512, #518 ) ) ;
#1743 = CIRCLE ( 'NONE', #2354, 15.75000000000000000 ) ;
#1744 = LINE ( 'NONE', #1792, #1064 ) ;
#1745 = CARTESIAN_POINT ( 'NONE',  ( 8.817965402407663689, -0.6600000000000000311, -5.726453688876767423 ) ) ;
#1746 = CARTESIAN_POINT ( 'NONE',  ( 0.000000000000000000, -0.6600000000000000311, 0.000000000000000000 ) ) ;
#1747 = VERTEX_POINT ( 'NONE', #3375 ) ;
#1748 = CARTESIAN_POINT ( 'NONE',  ( 0.000000000000000000, -0.6600000000000000311, 0.000000000000000000 ) ) ;
#1749 = PLANE ( 'NONE',  #77 ) ;
#1750 = EDGE_CURVE ( 'NONE', #758, #483, #2638, .T. ) ;
#1751 = ORIENTED_EDGE ( 'NONE', *, *, #1392, .T. ) ;
#1752 = DIRECTION ( 'NONE',  ( -0.000000000000000000, -1.000000000000000000, -0.000000000000000000 ) ) ;
#1753 = CONICAL_SURFACE ( 'NONE', #244, 11.41919892417545412, 1.260169759845757964 ) ;
#1754 = DIRECTION ( 'NONE',  ( -0.4539904997395475261, 0.000000000000000000, 0.8910065241883674547 ) ) ;
#1755 = ORIENTED_EDGE ( 'NONE', *, *, #115, .F. ) ;
#1756 = ORIENTED_EDGE ( 'NONE', *, *, #1705, .T. ) ;
#1757 = DIRECTION ( 'NONE',  ( 0.000000000000000000, -1.000000000000000000, 0.000000000000000000 ) ) ;
#1758 = EDGE_CURVE ( 'NONE', #3263, #3140, #2870, .T. ) ;
#1759 = DIRECTION ( 'NONE',  ( 0.000000000000000000, 0.000000000000000000, 1.000000000000000000 ) ) ;
#1760 = DIRECTION ( 'NONE',  ( 0.000000000000000000, 0.000000000000000000, 1.000000000000000000 ) ) ;
#1761 = FACE_OUTER_BOUND ( 'NONE', #1014, .T. ) ;
#1762 = VECTOR ( 'NONE', #3022, 1000.000000000000000 ) ;
#1763 = ORIENTED_EDGE ( 'NONE', *, *, #1453, .F. ) ;
#1764 = CARTESIAN_POINT ( 'NONE',  ( 0.000000000000000000, -0.6599999999999999201, 0.000000000000000000 ) ) ;
#1765 = CARTESIAN_POINT ( 'NONE',  ( -7.856566889568489032, 0.9050054712111608168, -12.09805208910975516 ) ) ;
#1766 = EDGE_CURVE ( 'NONE', #1554, #3129, #2211, .T. ) ;
#1767 = ORIENTED_EDGE ( 'NONE', *, *, #597, .T. ) ;
#1768 = LINE ( 'NONE', #670, #2775 ) ;
#1769 = LINE ( 'NONE', #2830, #2980 ) ;
#1770 = VECTOR ( 'NONE', #1848, 1000.000000000000000 ) ;
#1771 = ORIENTED_EDGE ( 'NONE', *, *, #1080, .F. ) ;
#1772 = CONICAL_SURFACE ( 'NONE', #1093, 11.41919892417543281, 1.260169759845759074 ) ;
#1773 = VERTEX_POINT ( 'NONE', #3426 ) ;
#1774 = LINE ( 'NONE', #165, #2162 ) ;
#1775 = EDGE_CURVE ( 'NONE', #3026, #2645, #3135, .T. ) ;
#1776 = AXIS2_PLACEMENT_3D ( 'NONE', #68, #2703, #315 ) ;
#1777 = CARTESIAN_POINT ( 'NONE',  ( -12.37039087719223751, -0.6600000000000000311, 8.033425766475913221 ) ) ;
#1778 = DIRECTION ( 'NONE',  ( 0.000000000000000000, 0.000000000000000000, 1.000000000000000000 ) ) ;
#1779 = EDGE_CURVE ( 'NONE', #773, #1668, #592, .T. ) ;
#1780 = AXIS2_PLACEMENT_3D ( 'NONE', #80, #2680, #1148 ) ;
#1781 = DIRECTION ( 'NONE',  ( -0.000000000000000000, -1.000000000000000000, -0.000000000000000000 ) ) ;
#1782 = VERTEX_POINT ( 'NONE', #2115 ) ;
#1783 = CARTESIAN_POINT ( 'NONE',  ( 0.000000000000000000, -0.05999999999999994227, 0.000000000000000000 ) ) ;
#1784 = FACE_OUTER_BOUND ( 'NONE', #19, .T. ) ;
#1785 = AXIS2_PLACEMENT_3D ( 'NONE', #2040, #2317, #2336 ) ;
#1786 = ORIENTED_EDGE ( 'NONE', *, *, #54, .F. ) ;
#1787 = LINE ( 'NONE', #2860, #2934 ) ;
#1788 = CARTESIAN_POINT ( 'NONE',  ( 0.000000000000000000, -52.18000000000005656, 0.000000000000000000 ) ) ;
#1789 = CIRCLE ( 'NONE', #2496, 10.51421826332841647 ) ;
#1790 = ORIENTED_EDGE ( 'NONE', *, *, #774, .T. ) ;
#1791 = DIRECTION ( 'NONE',  ( 0.05233595624328607476, 0.000000000000000000, 0.9986295347545559586 ) ) ;
#1792 = CARTESIAN_POINT ( 'NONE',  ( -8.712430280894173151, 1.419999999999999485, 13.12082537802245241 ) ) ;
#1793 = ADVANCED_FACE ( 'NONE', ( #705 ), #3409, .T. ) ;
#1794 = FACE_OUTER_BOUND ( 'NONE', #2674, .T. ) ;
#1795 = CARTESIAN_POINT ( 'NONE',  ( 8.033425766475042806, 0.8092608169502566451, 12.37039087719279706 ) ) ;
#1796 = ORIENTED_EDGE ( 'NONE', *, *, #60, .T. ) ;
#1797 = CARTESIAN_POINT ( 'NONE',  ( 10.17458074244604482, -0.05999999999999994227, 5.184207826209849657 ) ) ;
#1798 = CARTESIAN_POINT ( 'NONE',  ( 0.000000000000000000, -0.6600000000000000311, 0.000000000000000000 ) ) ;
#1799 = ORIENTED_EDGE ( 'NONE', *, *, #1348, .F. ) ;
#1800 = CARTESIAN_POINT ( 'NONE',  ( -10.49980889261584593, -0.6600000000000000311, -0.5502716669555703932 ) ) ;
#1801 = CARTESIAN_POINT ( 'NONE',  ( 0.000000000000000000, -0.05999999999999994227, 0.000000000000000000 ) ) ;
#1802 = ORIENTED_EDGE ( 'NONE', *, *, #975, .F. ) ;
#1803 = VECTOR ( 'NONE', #1457, 1000.000000000000000 ) ;
#1804 = CARTESIAN_POINT ( 'NONE',  ( -1.669747403076628611, 0.8092608169502635285, -14.65518487122966462 ) ) ;
#1805 = VERTEX_POINT ( 'NONE', #213 ) ;
#1806 = EDGE_CURVE ( 'NONE', #100, #2150, #3389, .T. ) ;
#1807 = DIRECTION ( 'NONE',  ( -0.4539904997398067632, 0.000000000000000000, -0.8910065241882354492 ) ) ;
#1808 = DIRECTION ( 'NONE',  ( 0.9986295347545691703, 0.000000000000000000, -0.05233595624303363780 ) ) ;
#1809 = ORIENTED_EDGE ( 'NONE', *, *, #1849, .T. ) ;
#1810 = CARTESIAN_POINT ( 'NONE',  ( 0.000000000000000000, 2.899999999999999911, 0.000000000000000000 ) ) ;
#1811 = CARTESIAN_POINT ( 'NONE',  ( 10.45587771842284219, -0.05999999999999994227, -12.17690934257905333 ) ) ;
#1812 = EDGE_CURVE ( 'NONE', #3410, #2753, #1769, .T. ) ;
#1813 = VECTOR ( 'NONE', #954, 1000.000000000000000 ) ;
#1814 = ORIENTED_EDGE ( 'NONE', *, *, #2594, .T. ) ;
#1815 = DIRECTION ( 'NONE',  ( 0.000000000000000000, -0.000000000000000000, -1.000000000000000000 ) ) ;
#1816 = DIRECTION ( 'NONE',  ( 0.000000000000000000, 0.000000000000000000, 1.000000000000000000 ) ) ;
#1817 = ORIENTED_EDGE ( 'NONE', *, *, #896, .F. ) ;
#1818 = VECTOR ( 'NONE', #752, 999.9999999999998863 ) ;
#1819 = EDGE_CURVE ( 'NONE', #1782, #2204, #2765, .T. ) ;
#1820 = CARTESIAN_POINT ( 'NONE',  ( 0.000000000000000000, -52.18000000000005656, 0.000000000000000000 ) ) ;
#1821 = ORIENTED_EDGE ( 'NONE', *, *, #2712, .F. ) ;
#1822 = DIRECTION ( 'NONE',  ( 0.000000000000000000, -1.000000000000000000, 0.000000000000000000 ) ) ;
#1823 = ORIENTED_EDGE ( 'NONE', *, *, #171, .F. ) ;
#1824 = LINE ( 'NONE', #2055, #553 ) ;
#1825 = AXIS2_PLACEMENT_3D ( 'NONE', #1133, #1416, #1096 ) ;
#1826 = CARTESIAN_POINT ( 'NONE',  ( 0.000000000000000000, -0.6600000000000000311, 0.000000000000000000 ) ) ;
#1827 = DIRECTION ( 'NONE',  ( 0.000000000000000000, 0.000000000000000000, -1.000000000000000000 ) ) ;
#1828 = ORIENTED_EDGE ( 'NONE', *, *, #115, .T. ) ;
#1829 = FACE_BOUND ( 'NONE', #3343, .T. ) ;
#1830 = UNCERTAINTY_MEASURE_WITH_UNIT (LENGTH_MEASURE( 1.000000000000000082E-05 ), #1264, 'distance_accuracy_value', 'NONE');
#1831 = CARTESIAN_POINT ( 'NONE',  ( -0.7719553545782262827, -0.6600000000000000311, 14.72978563763023807 ) ) ;
#1832 = EDGE_CURVE ( 'NONE', #3225, #2823, #510, .T. ) ;
#1833 = ORIENTED_EDGE ( 'NONE', *, *, #2111, .F. ) ;
#1834 = FACE_OUTER_BOUND ( 'NONE', #1506, .T. ) ;
#1835 = CARTESIAN_POINT ( 'NONE',  ( 0.000000000000000000, 0.8092608169502585325, 0.000000000000000000 ) ) ;
#1836 = ORIENTED_EDGE ( 'NONE', *, *, #2434, .F. ) ;
#1837 = VECTOR ( 'NONE', #2018, 1000.000000000000114 ) ;
#1838 = ORIENTED_EDGE ( 'NONE', *, *, #2072, .T. ) ;
#1839 = CARTESIAN_POINT ( 'NONE',  ( 0.000000000000000000, 0.8092608169502585325, 0.000000000000000000 ) ) ;
#1840 = ORIENTED_EDGE ( 'NONE', *, *, #1156, .T. ) ;
#1841 = PLANE ( 'NONE',  #834 ) ;
#1842 = LINE ( 'NONE', #5, #178 ) ;
#1843 = CARTESIAN_POINT ( 'NONE',  ( -13.14234623177966910, -0.6600000000000000311, -6.696359871155878274 ) ) ;
#1844 = DIRECTION ( 'NONE',  ( 0.000000000000000000, 0.000000000000000000, -1.000000000000000000 ) ) ;
#1845 = AXIS2_PLACEMENT_3D ( 'NONE', #3115, #698, #1827 ) ;
#1846 = VECTOR ( 'NONE', #902, 1000.000000000000000 ) ;
#1847 = VERTEX_POINT ( 'NONE', #738 ) ;
#1848 = DIRECTION ( 'NONE',  ( 0.4322635328600815674, 0.3056552772629505532, -0.8483649507379651400 ) ) ;
#1849 = EDGE_CURVE ( 'NONE', #2999, #3225, #3094, .T. ) ;
#1850 = CARTESIAN_POINT ( 'NONE',  ( -12.37039087719223751, 0.8092608169502635285, 8.033425766475911445 ) ) ;
#1851 = EDGE_CURVE ( 'NONE', #1613, #2216, #722, .T. ) ;
#1852 = ORIENTED_EDGE ( 'NONE', *, *, #2882, .T. ) ;
#1853 = EDGE_CURVE ( 'NONE', #3225, #1945, #473, .T. ) ;
#1854 = CYLINDRICAL_SURFACE ( 'NONE', #2751, 1.000000000000002665 ) ;
#1855 = ADVANCED_FACE ( 'NONE', ( #2602 ), #2425, .F. ) ;
#1856 = ORIENTED_EDGE ( 'NONE', *, *, #1639, .T. ) ;
#1857 = CARTESIAN_POINT ( 'NONE',  ( -6.696359871159343946, 0.8092608169502585325, -13.14234623177789985 ) ) ;
#1858 = DIRECTION ( 'NONE',  ( -0.4539904997396165820, 0.000000000000000000, -0.8910065241883322606 ) ) ;
#1859 = VECTOR ( 'NONE', #897, 1000.000000000000114 ) ;
#1860 = AXIS2_PLACEMENT_3D ( 'NONE', #1237, #2872, #974 ) ;
#1861 = CARTESIAN_POINT ( 'NONE',  ( 0.7719553545884695334, -0.6600000000000000311, 14.72978563762969983 ) ) ;
#1862 = ADVANCED_FACE ( 'NONE', ( #492 ), #1556, .F. ) ;
#1863 = CARTESIAN_POINT ( 'NONE',  ( 0.7327033874060051577, -0.6599999999999986988, 13.98081348656378786 ) ) ;
#1864 = ORIENTED_EDGE ( 'NONE', *, *, #2116, .F. ) ;
#1865 = DIRECTION ( 'NONE',  ( 0.000000000000000000, 0.000000000000000000, -1.000000000000000000 ) ) ;
#1866 = ORIENTED_EDGE ( 'NONE', *, *, #3150, .T. ) ;
#1867 = DIRECTION ( 'NONE',  ( 0.8386705679455341844, 0.000000000000000000, 0.5446390350148574422 ) ) ;
#1868 = CARTESIAN_POINT ( 'NONE',  ( -8.817965402405823383, -0.05999999999999994227, 5.726453688879601600 ) ) ;
#1869 = ADVANCED_FACE ( 'NONE', ( #1117 ), #2723, .F. ) ;
#1870 = ORIENTED_EDGE ( 'NONE', *, *, #1082, .T. ) ;
#1871 = CARTESIAN_POINT ( 'NONE',  ( 12.37039087719482033, -0.6600000000000000311, -8.033425766471934182 ) ) ;
#1872 = VECTOR ( 'NONE', #335, 1000.000000000000000 ) ;
#1873 = VERTEX_POINT ( 'NONE', #1850 ) ;
#1874 = LINE ( 'NONE', #585, #484 ) ;
#1875 = EDGE_CURVE ( 'NONE', #1606, #716, #2100, .T. ) ;
#1876 = DIRECTION ( 'NONE',  ( -0.000000000000000000, 1.000000000000000000, -0.000000000000000000 ) ) ;
#1877 = VECTOR ( 'NONE', #290, 1000.000000000000114 ) ;
#1878 = DIRECTION ( 'NONE',  ( 0.000000000000000000, 0.3056552772629507198, 0.9521422433026006660 ) ) ;
#1879 = DIRECTION ( 'NONE',  ( 0.8910065241883521336, 0.000000000000000000, -0.4539904997395775021 ) ) ;
#1880 = EDGE_CURVE ( 'NONE', #1282, #676, #1079, .T. ) ;
#1881 = CARTESIAN_POINT ( 'NONE',  ( 0.000000000000000000, -0.05999999999999994227, 0.000000000000000000 ) ) ;
#1882 = CIRCLE ( 'NONE', #2497, 1.000000000000002665 ) ;
#1883 = EDGE_LOOP ( 'NONE', ( #2931, #2465, #858, #1602 ) ) ;
#1884 = CARTESIAN_POINT ( 'NONE',  ( 0.000000000000000000, -0.05999999999999994227, 0.000000000000000000 ) ) ;
#1885 = DIRECTION ( 'NONE',  ( 0.000000000000000000, 0.000000000000000000, -1.000000000000000000 ) ) ;
#1886 = AXIS2_PLACEMENT_3D ( 'NONE', #522, #1531, #206 ) ;
#1887 = ORIENTED_EDGE ( 'NONE', *, *, #3185, .F. ) ;
#1888 = STYLED_ITEM ( 'NONE', ( #743 ), #469 ) ;
#1889 = ORIENTED_EDGE ( 'NONE', *, *, #3201, .T. ) ;
#1890 = CARTESIAN_POINT ( 'NONE',  ( 0.000000000000000000, -52.18000000000005656, 0.000000000000000000 ) ) ;
#1891 = ORIENTED_EDGE ( 'NONE', *, *, #2871, .T. ) ;
#1892 = ORIENTED_EDGE ( 'NONE', *, *, #1875, .T. ) ;
#1893 = VECTOR ( 'NONE', #3197, 999.9999999999998863 ) ;
#1894 = CARTESIAN_POINT ( 'NONE',  ( -9.646872667024313230, 2.899999999999999911, 12.76471103261719620 ) ) ;
#1895 = DIRECTION ( 'NONE',  ( -0.5446390350147182202, 0.000000000000000000, 0.8386705679456245566 ) ) ;
#1896 = EDGE_CURVE ( 'NONE', #1938, #894, #1653, .T. ) ;
#1897 = CARTESIAN_POINT ( 'NONE',  ( -6.355866996354633258, -0.6600000000000000311, -12.47409133863665254 ) ) ;
#1898 = CARTESIAN_POINT ( 'NONE',  ( 0.000000000000000000, 2.100000000000000089, 0.000000000000000000 ) ) ;
#1899 = DIRECTION ( 'NONE',  ( -0.000000000000000000, 1.000000000000000000, -0.000000000000000000 ) ) ;
#1900 = AXIS2_PLACEMENT_3D ( 'NONE', #1826, #520, #536 ) ;
#1901 = EDGE_CURVE ( 'NONE', #155, #2702, #1150, .T. ) ;
#1902 = ORIENTED_EDGE ( 'NONE', *, *, #407, .T. ) ;
#1903 = DIRECTION ( 'NONE',  ( -0.4539904997393848229, 0.000000000000000000, 0.8910065241884504994 ) ) ;
#1904 = DIRECTION ( 'NONE',  ( 0.000000000000000000, 0.000000000000000000, 1.000000000000000000 ) ) ;
#1905 = VECTOR ( 'NONE', #1566, 1000.000000000000000 ) ;
#1906 = CONICAL_SURFACE ( 'NONE', #1627, 14.00000000000000000, 0.4719811568298711291 ) ;
#1907 = VERTEX_POINT ( 'NONE', #2942 ) ;
#1908 = VERTEX_POINT ( 'NONE', #578 ) ;
#1909 = CARTESIAN_POINT ( 'NONE',  ( 14.72978563762989346, 2.100000000000000089, -0.7719553545847460674 ) ) ;
#1910 = ORIENTED_EDGE ( 'NONE', *, *, #740, .T. ) ;
#1911 = VERTEX_POINT ( 'NONE', #12 ) ;
#1912 = DIRECTION ( 'NONE',  ( -0.02379463315408404667, -0.8906693003304955170, -0.4540286476444499453 ) ) ;
#1913 = DIRECTION ( 'NONE',  ( 0.8386705679455149776, 0.000000000000000000, 0.5446390350148868631 ) ) ;
#1914 = DIRECTION ( 'NONE',  ( -0.000000000000000000, 1.000000000000000000, -0.000000000000000000 ) ) ;
#1915 = EDGE_CURVE ( 'NONE', #2030, #2636, #2146, .T. ) ;
#1916 = VECTOR ( 'NONE', #3016, 1000.000000000000227 ) ;
#1917 = CARTESIAN_POINT ( 'NONE',  ( 0.000000000000000000, -0.6599999999999999201, 15.44999999999999929 ) ) ;
#1918 = DIRECTION ( 'NONE',  ( 0.000000000000000000, 1.000000000000000000, 0.000000000000000000 ) ) ;
#1919 = AXIS2_PLACEMENT_3D ( 'NONE', #3047, #3012, #3288 ) ;
#1920 = ORIENTED_EDGE ( 'NONE', *, *, #152, .F. ) ;
#1921 = ORIENTED_EDGE ( 'NONE', *, *, #2451, .T. ) ;
#1922 = FACE_OUTER_BOUND ( 'NONE', #2729, .T. ) ;
#1923 = EDGE_CURVE ( 'NONE', #1387, #997, #855, .T. ) ;
#1924 = DIRECTION ( 'NONE',  ( -0.000000000000000000, 1.000000000000000000, -0.000000000000000000 ) ) ;
#1925 = ADVANCED_FACE ( 'NONE', ( #299 ), #2322, .F. ) ;
#1926 = VERTEX_POINT ( 'NONE', #1382 ) ;
#1927 = VECTOR ( 'NONE', #948, 1000.000000000000114 ) ;
#1928 = LINE ( 'NONE', #2983, #2861 ) ;
#1929 = ORIENTED_EDGE ( 'NONE', *, *, #1231, .T. ) ;
#1930 = ORIENTED_EDGE ( 'NONE', *, *, #2133, .T. ) ;
#1931 = CARTESIAN_POINT ( 'NONE',  ( 0.000000000000000000, 0.8092608169502585325, 0.000000000000000000 ) ) ;
#1932 = VECTOR ( 'NONE', #2568, 1000.000000000000000 ) ;
#1933 = LINE ( 'NONE', #2470, #2630 ) ;
#1934 = VECTOR ( 'NONE', #2874, 1000.000000000000227 ) ;
#1935 = CARTESIAN_POINT ( 'NONE',  ( 14.72978563763004622, 0.8092608169502585325, 0.7719553545818289564 ) ) ;
#1936 = DIRECTION ( 'NONE',  ( -0.9986295347545559586, 0.000000000000000000, 0.05233595624328607476 ) ) ;
#1937 = ORIENTED_EDGE ( 'NONE', *, *, #1734, .F. ) ;
#1938 = VERTEX_POINT ( 'NONE', #69 ) ;
#1939 = FACE_OUTER_BOUND ( 'NONE', #802, .T. ) ;
#1940 = CARTESIAN_POINT ( 'NONE',  ( 0.000000000000000000, -0.6599999999999999201, 0.000000000000000000 ) ) ;
#1941 = EDGE_CURVE ( 'NONE', #1095, #2249, #2978, .T. ) ;
#1942 = VECTOR ( 'NONE', #1308, 1000.000000000000000 ) ;
#1943 = ORIENTED_EDGE ( 'NONE', *, *, #2169, .T. ) ;
#1944 = DIRECTION ( 'NONE',  ( 0.000000000000000000, 0.000000000000000000, -1.000000000000000000 ) ) ;
#1945 = VERTEX_POINT ( 'NONE', #1400 ) ;
#1946 = ORIENTED_EDGE ( 'NONE', *, *, #831, .T. ) ;
#1947 = DIRECTION ( 'NONE',  ( 0.000000000000000000, 0.000000000000000000, 1.000000000000000000 ) ) ;
#1948 = AXIS2_PLACEMENT_3D ( 'NONE', #846, #3432, #3208 ) ;
#1949 = DIRECTION ( 'NONE',  ( 0.000000000000000000, 1.000000000000000000, 0.000000000000000000 ) ) ;
#1950 = DIRECTION ( 'NONE',  ( -0.8386705679455150886, 0.000000000000000000, -0.5446390350148868631 ) ) ;
#1951 = AXIS2_PLACEMENT_3D ( 'NONE', #882, #3264, #933 ) ;
#1952 = ORIENTED_EDGE ( 'NONE', *, *, #2288, .F. ) ;
#1953 = EDGE_LOOP ( 'NONE', ( #2019, #1378, #3222, #2810, #65, #793, #2358 ) ) ;
#1954 = CARTESIAN_POINT ( 'NONE',  ( -7.624946490206053973, -0.6600000000000000311, 11.74138795123874246 ) ) ;
#1955 = CARTESIAN_POINT ( 'NONE',  ( 6.548937000693417332, 0.9050054712111608168, -12.85301255745226179 ) ) ;
#1956 = ADVANCED_FACE ( 'NONE', ( #50 ), #3313, .F. ) ;
#1957 = EDGE_LOOP ( 'NONE', ( #1268, #2982, #1838, #2761, #541 ) ) ;
#1958 = VERTEX_POINT ( 'NONE', #3200 ) ;
#1959 = EDGE_CURVE ( 'NONE', #723, #1081, #837, .T. ) ;
#1960 = ORIENTED_EDGE ( 'NONE', *, *, #1338, .F. ) ;
#1961 = CARTESIAN_POINT ( 'NONE',  ( 0.000000000000000000, -28.08620191640486752, 0.000000000000000000 ) ) ;
#1962 = ORIENTED_EDGE ( 'NONE', *, *, #640, .T. ) ;
#1963 = ORIENTED_EDGE ( 'NONE', *, *, #41, .T. ) ;
#1964 = CARTESIAN_POINT ( 'NONE',  ( 0.000000000000000000, -3.725774140198887530, 0.000000000000000000 ) ) ;
#1965 = EDGE_CURVE ( 'NONE', #3126, #3279, #1134, .T. ) ;
#1966 = CARTESIAN_POINT ( 'NONE',  ( -7.624946490211476302, -0.6600000000000039169, -11.74138795123522172 ) ) ;
#1967 = CARTESIAN_POINT ( 'NONE',  ( 8.798253224886980917, -0.1605324027501204287, -13.30324485601165740 ) ) ;
#1968 = DIRECTION ( 'NONE',  ( -0.000000000000000000, -1.000000000000000000, -0.000000000000000000 ) ) ;
#1969 = ORIENTED_EDGE ( 'NONE', *, *, #3083, .F. ) ;
#1970 = ORIENTED_EDGE ( 'NONE', *, *, #2469, .F. ) ;
#1971 = DIRECTION ( 'NONE',  ( 0.04983127478220793216, -0.3056552772629507198, -0.9508373654494698402 ) ) ;
#1972 = DIRECTION ( 'NONE',  ( -0.9986295347545796064, 0.000000000000000000, -0.05233595624283586545 ) ) ;
#1973 = AXIS2_PLACEMENT_3D ( 'NONE', #2228, #2206, #1121 ) ;
#1974 = ORIENTED_EDGE ( 'NONE', *, *, #433, .F. ) ;
#1975 = ORIENTED_EDGE ( 'NONE', *, *, #1504, .T. ) ;
#1976 = CARTESIAN_POINT ( 'NONE',  ( 0.7719553545884695334, 2.100000000000000089, 14.72978563762969983 ) ) ;
#1977 = ORIENTED_EDGE ( 'NONE', *, *, #772, .T. ) ;
#1978 = EDGE_CURVE ( 'NONE', #3327, #2327, #2708, .T. ) ;
#1979 = CARTESIAN_POINT ( 'NONE',  ( 0.000000000000000000, -0.6600000000000000311, 0.000000000000000000 ) ) ;
#1980 = ORIENTED_EDGE ( 'NONE', *, *, #2853, .F. ) ;
#1981 = ORIENTED_EDGE ( 'NONE', *, *, #1196, .F. ) ;
#1982 = CARTESIAN_POINT ( 'NONE',  ( 0.000000000000000000, 0.000000000000000000, 0.000000000000000000 ) ) ;
#1983 = CIRCLE ( 'NONE', #259, 10.51421826332841647 ) ;
#1984 = CARTESIAN_POINT ( 'NONE',  ( 0.000000000000000000, -0.05999999999999994227, -10.51421826332841647 ) ) ;
#1985 = ADVANCED_FACE ( 'NONE', ( #3443 ), #1624, .F. ) ;
#1986 = DIRECTION ( 'NONE',  ( -0.000000000000000000, -1.000000000000000000, -0.000000000000000000 ) ) ;
#1987 = CARTESIAN_POINT ( 'NONE',  ( 1.190243297665998679, -0.6600000000000000311, -10.44663135088388195 ) ) ;
#1988 = EDGE_LOOP ( 'NONE', ( #144, #1891, #871, #2690, #2380, #1149, #1828 ) ) ;
#1989 = EDGE_CURVE ( 'NONE', #1543, #602, #2397, .T. ) ;
#1990 = DIRECTION ( 'NONE',  ( 0.000000000000000000, 0.000000000000000000, -1.000000000000000000 ) ) ;
#1991 = DIRECTION ( 'NONE',  ( 0.000000000000000000, -1.000000000000000000, 0.000000000000000000 ) ) ;
#1992 = CIRCLE ( 'NONE', #205, 14.75000000000000000 ) ;
#1993 = VECTOR ( 'NONE', #1971, 1000.000000000000227 ) ;
#1994 = ORIENTED_EDGE ( 'NONE', *, *, #2016, .F. ) ;
#1995 = DIRECTION ( 'NONE',  ( -1.776356839400250465E-15, 0.000000000000000000, 1.000000000000000000 ) ) ;
#1996 = LINE ( 'NONE', #307, #2705 ) ;
#1997 = ORIENTED_EDGE ( 'NONE', *, *, #740, .F. ) ;
#1998 = CONICAL_SURFACE ( 'NONE', #491, 11.41919892417543281, 1.260169759845759074 ) ;
#1999 = DIRECTION ( 'NONE',  ( 0.000000000000000000, 0.000000000000000000, 1.000000000000000000 ) ) ;
#2000 = DIRECTION ( 'NONE',  ( 0.2064075670370464910, -0.8906693003304955170, -0.4050976594830346666 ) ) ;
#2001 = VERTEX_POINT ( 'NONE', #1868 ) ;
#2002 = DIRECTION ( 'NONE',  ( 0.000000000000000000, 0.000000000000000000, 1.000000000000000000 ) ) ;
#2003 = VECTOR ( 'NONE', #3117, 1000.000000000000000 ) ;
#2004 = DIRECTION ( 'NONE',  ( 0.4540286476444514441, -0.8906693003304956280, -0.02379463315405452861 ) ) ;
#2005 = ADVANCED_FACE ( 'NONE', ( #283 ), #2588, .F. ) ;
#2006 = VECTOR ( 'NONE', #2748, 1000.000000000000114 ) ;
#2007 = EDGE_LOOP ( 'NONE', ( #2261, #3096, #2967, #3050, #1659 ) ) ;
#2008 = CARTESIAN_POINT ( 'NONE',  ( 0.000000000000000000, -0.05999999999999994227, 0.000000000000000000 ) ) ;
#2009 = AXIS2_PLACEMENT_3D ( 'NONE', #2419, #3180, #2683 ) ;
#2010 = CARTESIAN_POINT ( 'NONE',  ( 0.000000000000000000, -0.6600000000000000311, 0.000000000000000000 ) ) ;
#2011 = ADVANCED_FACE ( 'NONE', ( #3323 ), #943, .F. ) ;
#2012 = EDGE_LOOP ( 'NONE', ( #526, #1364, #93, #2351, #2684, #466, #1486 ) ) ;
#2013 = CARTESIAN_POINT ( 'NONE',  ( -8.817965402408750819, -0.6600000000000000311, -5.726453688875087877 ) ) ;
#2014 = CARTESIAN_POINT ( 'NONE',  ( 0.000000000000000000, -0.05999999999999994227, 0.000000000000000000 ) ) ;
#2015 = ORIENTED_EDGE ( 'NONE', *, *, #279, .F. ) ;
#2016 = EDGE_CURVE ( 'NONE', #263, #1427, #925, .T. ) ;
#2017 = ORIENTED_EDGE ( 'NONE', *, *, #1853, .F. ) ;
#2018 = DIRECTION ( 'NONE',  ( -0.2618703708563101529, -0.9650054712111678645, 0.01372404459662926110 ) ) ;
#2019 = ORIENTED_EDGE ( 'NONE', *, *, #3131, .F. ) ;
#2020 = CIRCLE ( 'NONE', #1290, 14.00000000000000000 ) ;
#2021 = LINE ( 'NONE', #2054, #3071 ) ;
#2022 = AXIS2_PLACEMENT_3D ( 'NONE', #59, #605, #2732 ) ;
#2023 = CARTESIAN_POINT ( 'NONE',  ( 0.000000000000000000, 0.8092608169502585325, 0.000000000000000000 ) ) ;
#2024 = ADVANCED_FACE ( 'NONE', ( #3065 ), #2495, .T. ) ;
#2025 = DIRECTION ( 'NONE',  ( 0.9935718556765874565, 0.000000000000000000, -0.1132032137679070127 ) ) ;
#2026 = ORIENTED_EDGE ( 'NONE', *, *, #316, .F. ) ;
#2027 = DIRECTION ( 'NONE',  ( 0.000000000000000000, 0.000000000000000000, 1.000000000000000000 ) ) ;
#2028 = CARTESIAN_POINT ( 'NONE',  ( 12.47409133863830455, -0.6600000000000039169, 6.355866996351386966 ) ) ;
#2029 = ADVANCED_FACE ( 'NONE', ( #423 ), #2998, .T. ) ;
#2030 = VERTEX_POINT ( 'NONE', #104 ) ;
#2031 = DIRECTION ( 'NONE',  ( -0.4539904997396165820, 0.000000000000000000, -0.8910065241883322606 ) ) ;
#2032 = AXIS2_PLACEMENT_3D ( 'NONE', #1839, #775, #516 ) ;
#2033 = CARTESIAN_POINT ( 'NONE',  ( -11.74138795123330681, -0.6600000000000073586, 7.624946490214421502 ) ) ;
#2034 = ORIENTED_EDGE ( 'NONE', *, *, #1621, .F. ) ;
#2035 = CIRCLE ( 'NONE', #2473, 14.75000000000000000 ) ;
#2036 = ORIENTED_EDGE ( 'NONE', *, *, #2559, .T. ) ;
#2037 = EDGE_CURVE ( 'NONE', #1429, #614, #191, .T. ) ;
#2038 = CARTESIAN_POINT ( 'NONE',  ( 0.000000000000000000, -0.05999999999999994227, 0.000000000000000000 ) ) ;
#2039 = DIRECTION ( 'NONE',  ( -0.3813030263290803079, -0.8906693003304956280, -0.2476210806071854342 ) ) ;
#2040 = CARTESIAN_POINT ( 'NONE',  ( 0.000000000000000000, -0.6600000000000000311, 0.000000000000000000 ) ) ;
#2041 = AXIS2_PLACEMENT_3D ( 'NONE', #2268, #1444, #1465 ) ;
#2042 = ORIENTED_EDGE ( 'NONE', *, *, #2118, .F. ) ;
#2043 = DIRECTION ( 'NONE',  ( -0.000000000000000000, -1.000000000000000000, -0.000000000000000000 ) ) ;
#2044 = DIRECTION ( 'NONE',  ( 0.000000000000000000, 0.000000000000000000, -1.000000000000000000 ) ) ;
#2045 = VECTOR ( 'NONE', #1642, 1000.000000000000114 ) ;
#2046 = ORIENTED_EDGE ( 'NONE', *, *, #1080, .T. ) ;
#2047 = DIRECTION ( 'NONE',  ( 0.000000000000000000, 0.000000000000000000, -1.000000000000000000 ) ) ;
#2048 = CARTESIAN_POINT ( 'NONE',  ( 0.000000000000000000, -0.05999999999999994227, 0.000000000000000000 ) ) ;
#2049 = EDGE_LOOP ( 'NONE', ( #2600, #114, #107, #3320 ) ) ;
#2050 = ADVANCED_FACE ( 'NONE', ( #873 ), #684, .F. ) ;
#2051 = CARTESIAN_POINT ( 'NONE',  ( 0.000000000000000000, -0.6600000000000000311, 0.000000000000000000 ) ) ;
#2052 = VECTOR ( 'NONE', #3304, 999.9999999999998863 ) ;
#2053 = VECTOR ( 'NONE', #1239, 1000.000000000000114 ) ;
#2054 = CARTESIAN_POINT ( 'NONE',  ( 0.000000000000000000, -0.6600000000000000311, 0.000000000000000000 ) ) ;
#2055 = CARTESIAN_POINT ( 'NONE',  ( 4.773355203741871833, -0.6600000000000000311, 9.368237069364719005 ) ) ;
#2056 = CIRCLE ( 'NONE', #665, 11.41919892417543281 ) ;
#2057 = DIRECTION ( 'NONE',  ( -0.4539904997392189001, 0.000000000000000000, 0.8910065241885349874 ) ) ;
#2058 = ORIENTED_EDGE ( 'NONE', *, *, #1519, .F. ) ;
#2059 = CARTESIAN_POINT ( 'NONE',  ( 0.000000000000000000, 0.8092608169502585325, 0.000000000000000000 ) ) ;
#2060 = AXIS2_PLACEMENT_3D ( 'NONE', #985, #2316, #1778 ) ;
#2061 = CARTESIAN_POINT ( 'NONE',  ( 0.000000000000000000, -3.725774140198883089, 0.000000000000000000 ) ) ;
#2062 = VECTOR ( 'NONE', #2455, 1000.000000000000227 ) ;
#2063 = VERTEX_POINT ( 'NONE', #667 ) ;
#2064 = DIRECTION ( 'NONE',  ( 0.000000000000000000, 0.000000000000000000, -1.000000000000000000 ) ) ;
#2065 = CARTESIAN_POINT ( 'NONE',  ( 0.000000000000000000, -0.05999999999999994227, 0.000000000000000000 ) ) ;
#2066 = ORIENTED_EDGE ( 'NONE', *, *, #3166, .T. ) ;
#2067 = ADVANCED_FACE ( 'NONE', ( #1484 ), #1749, .F. ) ;
#2068 = ADVANCED_FACE ( 'NONE', ( #1431 ), #2809, .F. ) ;
#2069 = CARTESIAN_POINT ( 'NONE',  ( 10.49980889261565054, -0.6599999999999999201, -0.5502716669592611076 ) ) ;
#2070 = ORIENTED_EDGE ( 'NONE', *, *, #851, .T. ) ;
#2071 = DIRECTION ( 'NONE',  ( -0.9986295347545876000, 0.000000000000000000, -0.05233595624268259916 ) ) ;
#2072 = EDGE_CURVE ( 'NONE', #771, #1327, #908, .T. ) ;
#2073 = AXIS2_PLACEMENT_3D ( 'NONE', #1618, #570, #308 ) ;
#2074 = LINE ( 'NONE', #3128, #2299 ) ;
#2075 = ORIENTED_EDGE ( 'NONE', *, *, #1229, .T. ) ;
#2076 = DIRECTION ( 'NONE',  ( -0.000000000000000000, -1.000000000000000000, -0.000000000000000000 ) ) ;
#2077 = ADVANCED_FACE ( 'NONE', ( #139 ), #417, .T. ) ;
#2078 = CARTESIAN_POINT ( 'NONE',  ( 10.39658942646388695, -0.1605324027501214001, -12.09530949607219164 ) ) ;
#2079 = VERTEX_POINT ( 'NONE', #390 ) ;
#2080 = CARTESIAN_POINT ( 'NONE',  ( 0.000000000000000000, -0.6599999999999998090, 0.000000000000000000 ) ) ;
#2081 = DIRECTION ( 'NONE',  ( 0.000000000000000000, 1.000000000000000000, 0.000000000000000000 ) ) ;
#2082 = ORIENTED_EDGE ( 'NONE', *, *, #1345, .F. ) ;
#2083 = LINE ( 'NONE', #1820, #2266 ) ;
#2084 = DIRECTION ( 'NONE',  ( -0.000000000000000000, -1.000000000000000000, -0.000000000000000000 ) ) ;
#2085 = CARTESIAN_POINT ( 'NONE',  ( 0.000000000000000000, -0.05999999999999994227, 0.000000000000000000 ) ) ;
#2086 = EDGE_LOOP ( 'NONE', ( #1833, #692, #1369, #2225 ) ) ;
#2087 = CARTESIAN_POINT ( 'NONE',  ( 0.000000000000000000, 0.9050054712111677002, 0.000000000000000000 ) ) ;
#2088 = CARTESIAN_POINT ( 'NONE',  ( -10.24452237947659583, 2.899999999999999911, 11.96295369950092713 ) ) ;
#2089 = EDGE_CURVE ( 'NONE', #723, #1747, #2257, .T. ) ;
#2090 = DIRECTION ( 'NONE',  ( -0.2064075670371958993, -0.8906693003304955170, 0.4050976594829584498 ) ) ;
#2091 = VERTEX_POINT ( 'NONE', #2479 ) ;
#2092 = CARTESIAN_POINT ( 'NONE',  ( 0.000000000000000000, -52.18000000000005656, 0.000000000000000000 ) ) ;
#2093 = DIRECTION ( 'NONE',  ( 8.881784197001252323E-16, 0.000000000000000000, 1.000000000000000000 ) ) ;
#2094 = CIRCLE ( 'NONE', #3030, 10.51421826332841647 ) ;
#2095 = ADVANCED_FACE ( 'NONE', ( #1678 ), #3305, .F. ) ;
#2096 = VERTEX_POINT ( 'NONE', #891 ) ;
#2097 = CARTESIAN_POINT ( 'NONE',  ( 12.09805208911031826, 0.9050054712111815780, -7.856566889567644374 ) ) ;
#2098 = DIRECTION ( 'NONE',  ( -0.000000000000000000, 1.000000000000000000, -0.000000000000000000 ) ) ;
#2099 = ORIENTED_EDGE ( 'NONE', *, *, #3297, .T. ) ;
#2100 = CIRCLE ( 'NONE', #313, 11.41919892417545057 ) ;
#2101 = AXIS2_PLACEMENT_3D ( 'NONE', #2080, #1293, #2362 ) ;
#2102 = DIRECTION ( 'NONE',  ( -0.000000000000000000, -1.000000000000000000, -0.000000000000000000 ) ) ;
#2103 = VERTEX_POINT ( 'NONE', #1955 ) ;
#2104 = DIRECTION ( 'NONE',  ( 0.000000000000000000, 0.000000000000000000, -1.000000000000000000 ) ) ;
#2105 = VERTEX_POINT ( 'NONE', #2757 ) ;
#2106 = SURFACE_STYLE_FILL_AREA ( #1528 ) ;
#2107 = CIRCLE ( 'NONE', #599, 14.42527322587259953 ) ;
#2108 = CARTESIAN_POINT ( 'NONE',  ( -8.860571681180026360, -0.05999999999999994227, 13.38255466951921413 ) ) ;
#2109 = CARTESIAN_POINT ( 'NONE',  ( 0.000000000000000000, -0.6600000000000000311, 0.000000000000000000 ) ) ;
#2110 = LINE ( 'NONE', #2092, #3215 ) ;
#2111 = EDGE_CURVE ( 'NONE', #798, #894, #370, .T. ) ;
#2112 = CYLINDRICAL_SURFACE ( 'NONE', #110, 10.51421826332841647 ) ;
#2113 = ORIENTED_EDGE ( 'NONE', *, *, #1296, .T. ) ;
#2114 = DIRECTION ( 'NONE',  ( -0.8910065241882354492, 0.000000000000000000, 0.4539904997398067632 ) ) ;
#2115 = CARTESIAN_POINT ( 'NONE',  ( -5.184207826212506198, -0.05999999999999994227, -10.17458074244471611 ) ) ;
#2116 = EDGE_CURVE ( 'NONE', #217, #1697, #2035, .T. ) ;
#2117 = VERTEX_POINT ( 'NONE', #3371 ) ;
#2118 = EDGE_CURVE ( 'NONE', #3140, #1773, #3118, .T. ) ;
#2119 = CARTESIAN_POINT ( 'NONE',  ( 9.646872667024320336, 5.728427124746197308, -12.76471103261718376 ) ) ;
#2120 = VERTEX_POINT ( 'NONE', #1765 ) ;
#2121 = DIRECTION ( 'NONE',  ( 0.000000000000000000, -1.000000000000000000, 0.000000000000000000 ) ) ;
#2122 = FACE_OUTER_BOUND ( 'NONE', #950, .T. ) ;
#2123 = CARTESIAN_POINT ( 'NONE',  ( 0.000000000000000000, -0.3599999999999982103, 0.000000000000000000 ) ) ;
#2124 = LINE ( 'NONE', #2214, #3430 ) ;
#2125 = ORIENTED_EDGE ( 'NONE', *, *, #2900, .F. ) ;
#2126 = DIRECTION ( 'NONE',  ( 0.000000000000000000, 0.000000000000000000, 1.000000000000000000 ) ) ;
#2127 = EDGE_CURVE ( 'NONE', #1945, #2884, #1305, .T. ) ;
#2128 = CONICAL_SURFACE ( 'NONE', #3340, 16.05000000000000782, 0.7853981633974482790 ) ;
#2129 = VECTOR ( 'NONE', #3075, 1000.000000000000000 ) ;
#2130 = ORIENTED_EDGE ( 'NONE', *, *, #3301, .T. ) ;
#2131 = DIRECTION ( 'NONE',  ( 0.4539904997398067632, 0.000000000000000000, 0.8910065241882354492 ) ) ;
#2132 = CARTESIAN_POINT ( 'NONE',  ( 0.000000000000000000, -0.05999999999999994227, 0.000000000000000000 ) ) ;
#2133 = EDGE_CURVE ( 'NONE', #649, #2547, #960, .T. ) ;
#2134 = ORIENTED_EDGE ( 'NONE', *, *, #1403, .F. ) ;
#2135 = DIRECTION ( 'NONE',  ( 0.000000000000000000, 0.000000000000000000, -1.000000000000000000 ) ) ;
#2136 = EDGE_LOOP ( 'NONE', ( #868, #1440, #3223, #627 ) ) ;
#2137 = DIRECTION ( 'NONE',  ( 0.000000000000000000, -1.000000000000000000, 0.000000000000000000 ) ) ;
#2138 = DIRECTION ( 'NONE',  ( 2.664535259100376013E-14, 0.000000000000000000, -1.000000000000000000 ) ) ;
#2139 = AXIS2_PLACEMENT_3D ( 'NONE', #1366, #1578, #2151 ) ;
#2140 = CONICAL_SURFACE ( 'NONE', #1860, 14.00000000000000000, 0.4719811568298711291 ) ;
#2141 = LINE ( 'NONE', #3195, #2679 ) ;
#2142 = FACE_OUTER_BOUND ( 'NONE', #2713, .T. ) ;
#2143 = FACE_OUTER_BOUND ( 'NONE', #200, .T. ) ;
#2144 = ORIENTED_EDGE ( 'NONE', *, *, #3332, .F. ) ;
#2145 = CARTESIAN_POINT ( 'NONE',  ( 6.696359871162148814, -0.6600000000000000311, 13.14234623177647165 ) ) ;
#2146 = LINE ( 'NONE', #2423, #539 ) ;
#2147 = CIRCLE ( 'NONE', #754, 14.42527322587259775 ) ;
#2148 = ORIENTED_EDGE ( 'NONE', *, *, #1106, .F. ) ;
#2149 = EDGE_CURVE ( 'NONE', #895, #1002, #3386, .T. ) ;
#2150 = VERTEX_POINT ( 'NONE', #486 ) ;
#2151 = DIRECTION ( 'NONE',  ( 0.000000000000000000, 0.000000000000000000, 1.000000000000000000 ) ) ;
#2152 = ORIENTED_EDGE ( 'NONE', *, *, #1367, .F. ) ;
#2153 = VERTEX_POINT ( 'NONE', #2825 ) ;
#2154 = FACE_OUTER_BOUND ( 'NONE', #2828, .T. ) ;
#2155 = CARTESIAN_POINT ( 'NONE',  ( 0.000000000000000000, -0.6600000000000000311, 0.000000000000000000 ) ) ;
#2156 = VECTOR ( 'NONE', #3318, 1000.000000000000000 ) ;
#2157 = VECTOR ( 'NONE', #2927, 1000.000000000000114 ) ;
#2158 = CARTESIAN_POINT ( 'NONE',  ( 0.000000000000000000, -0.05999999999999994227, 0.000000000000000000 ) ) ;
#2159 = VECTOR ( 'NONE', #717, 1000.000000000000000 ) ;
#2160 = CARTESIAN_POINT ( 'NONE',  ( 9.646872667024320336, 5.728427124746197308, -13.76471103261718554 ) ) ;
#2161 = CARTESIAN_POINT ( 'NONE',  ( 0.000000000000000000, -0.6600000000000000311, 0.000000000000000000 ) ) ;
#2162 = VECTOR ( 'NONE', #447, 1000.000000000000114 ) ;
#2163 = CONICAL_SURFACE ( 'NONE', #661, 14.00000000000000000, 0.2653320862089845189 ) ;
#2164 = ORIENTED_EDGE ( 'NONE', *, *, #1626, .T. ) ;
#2165 = DIRECTION ( 'NONE',  ( 0.000000000000000000, 0.000000000000000000, 1.000000000000000000 ) ) ;
#2166 = CARTESIAN_POINT ( 'NONE',  ( 0.000000000000000000, -0.6600000000000000311, 0.000000000000000000 ) ) ;
#2167 = VECTOR ( 'NONE', #1950, 1000.000000000000000 ) ;
#2168 = EDGE_LOOP ( 'NONE', ( #664, #2582, #2898, #3033 ) ) ;
#2169 = EDGE_CURVE ( 'NONE', #1958, #2210, #748, .T. ) ;
#2170 = DIRECTION ( 'NONE',  ( 0.000000000000000000, 0.000000000000000000, -1.000000000000000000 ) ) ;
#2171 = ORIENTED_EDGE ( 'NONE', *, *, #2686, .T. ) ;
#2172 = ORIENTED_EDGE ( 'NONE', *, *, #2956, .F. ) ;
#2173 = AXIS2_PLACEMENT_3D ( 'NONE', #540, #1043, #44 ) ;
#2174 = LINE ( 'NONE', #2731, #1877 ) ;
#2175 = DIRECTION ( 'NONE',  ( 0.000000000000000000, 0.000000000000000000, 1.000000000000000000 ) ) ;
#2176 = DIRECTION ( 'NONE',  ( 0.2199243713616656770, -0.9650054712111679756, -0.1428205566915625446 ) ) ;
#2177 = EDGE_CURVE ( 'NONE', #300, #1664, #2307, .T. ) ;
#2178 = LINE ( 'NONE', #2160, #885 ) ;
#2179 = DIRECTION ( 'NONE',  ( -0.000000000000000000, -1.000000000000000000, -0.000000000000000000 ) ) ;
#2180 = EDGE_LOOP ( 'NONE', ( #2759, #471, #1492, #821 ) ) ;
#2181 = ADVANCED_FACE ( 'NONE', ( #454 ), #3406, .F. ) ;
#2182 = ORIENTED_EDGE ( 'NONE', *, *, #326, .T. ) ;
#2183 = LINE ( 'NONE', #2441, #3266 ) ;
#2184 = DIRECTION ( 'NONE',  ( 0.000000000000000000, 1.000000000000000000, 0.000000000000000000 ) ) ;
#2185 = AXIS2_PLACEMENT_3D ( 'NONE', #2854, #1546, #2289 ) ;
#2186 = VECTOR ( 'NONE', #2526, 999.9999999999998863 ) ;
#2187 = EDGE_LOOP ( 'NONE', ( #3290, #1667, #1151, #111 ) ) ;
#2188 = ORIENTED_EDGE ( 'NONE', *, *, #2663, .T. ) ;
#2189 = CARTESIAN_POINT ( 'NONE',  ( -8.817965402405823383, -0.6600000000000000311, 5.726453688879601600 ) ) ;
#2190 = ORIENTED_EDGE ( 'NONE', *, *, #890, .T. ) ;
#2191 = VERTEX_POINT ( 'NONE', #440 ) ;
#2192 = CARTESIAN_POINT ( 'NONE',  ( -10.17458074244608390, -0.05999999999999994227, -5.184207826209822123 ) ) ;
#2193 = CARTESIAN_POINT ( 'NONE',  ( 10.24452237947660294, 1.419999999999999485, -11.96295369950091647 ) ) ;
#2194 = AXIS2_PLACEMENT_3D ( 'NONE', #3311, #931, #130 ) ;
#2195 = LINE ( 'NONE', #3250, #2226 ) ;
#2196 = EDGE_CURVE ( 'NONE', #2947, #859, #3149, .T. ) ;
#2197 = AXIS2_PLACEMENT_3D ( 'NONE', #1342, #3233, #1865 ) ;
#2198 = CARTESIAN_POINT ( 'NONE',  ( 0.000000000000000000, 2.100000000000000089, 0.000000000000000000 ) ) ;
#2199 = ORIENTED_EDGE ( 'NONE', *, *, #1242, .T. ) ;
#2200 = VERTEX_POINT ( 'NONE', #2028 ) ;
#2201 = DIRECTION ( 'NONE',  ( -0.9986295347545594003, 0.000000000000000000, 0.05233595624322115447 ) ) ;
#2202 = DIRECTION ( 'NONE',  ( 0.000000000000000000, -1.000000000000000000, 0.000000000000000000 ) ) ;
#2203 = ORIENTED_EDGE ( 'NONE', *, *, #2750, .T. ) ;
#2204 = VERTEX_POINT ( 'NONE', #3336 ) ;
#2205 = AXIS2_PLACEMENT_3D ( 'NONE', #2023, #151, #2302 ) ;
#2206 = DIRECTION ( 'NONE',  ( 0.000000000000000000, 1.000000000000000000, 0.000000000000000000 ) ) ;
#2207 = ORIENTED_EDGE ( 'NONE', *, *, #2037, .F. ) ;
#2208 = VERTEX_POINT ( 'NONE', #3356 ) ;
#2209 = DIRECTION ( 'NONE',  ( -0.000000000000000000, -1.000000000000000000, -0.000000000000000000 ) ) ;
#2210 = VERTEX_POINT ( 'NONE', #3081 ) ;
#2211 = CIRCLE ( 'NONE', #708, 10.51421826332841647 ) ;
#2212 = LINE ( 'NONE', #3007, #1464 ) ;
#2213 = VECTOR ( 'NONE', #2941, 1000.000000000000000 ) ;
#2214 = CARTESIAN_POINT ( 'NONE',  ( 5.726453688876592452, -0.6600000000000000311, -8.817965402407775599 ) ) ;
#2215 = ADVANCED_FACE ( 'NONE', ( #1784 ), #1503, .F. ) ;
#2216 = VERTEX_POINT ( 'NONE', #1533 ) ;
#2217 = ADVANCED_FACE ( 'NONE', ( #175 ), #2140, .F. ) ;
#2218 = ORIENTED_EDGE ( 'NONE', *, *, #2387, .F. ) ;
#2219 = CARTESIAN_POINT ( 'NONE',  ( 0.000000000000000000, -0.05999999999999994227, 0.000000000000000000 ) ) ;
#2220 = AXIS2_PLACEMENT_3D ( 'NONE', #2458, #2421, #3272 ) ;
#2221 = CARTESIAN_POINT ( 'NONE',  ( -9.368237069366996295, -0.6600000000000000311, -4.773355203737400743 ) ) ;
#2222 = CONICAL_SURFACE ( 'NONE', #1721, 16.04999999999999716, 0.7853981633974482790 ) ;
#2223 = EDGE_CURVE ( 'NONE', #601, #1911, #1518, .T. ) ;
#2224 = EDGE_LOOP ( 'NONE', ( #1802, #1648, #2513, #2280, #2337, #429, #3384, #2429, #1977, #2534, #246, #1937, #3015, #3241, #226, #2144, #2916, #2075, #816, #777, #188, #371, #2364, #1351, #1421, #1213, #3181, #2502 ) ) ;
#2225 = ORIENTED_EDGE ( 'NONE', *, *, #1896, .T. ) ;
#2226 = VECTOR ( 'NONE', #866, 1000.000000000000114 ) ;
#2227 = ORIENTED_EDGE ( 'NONE', *, *, #1018, .F. ) ;
#2228 = CARTESIAN_POINT ( 'NONE',  ( 0.000000000000000000, -0.3599999999999982103, 0.000000000000000000 ) ) ;
#2229 = ORIENTED_EDGE ( 'NONE', *, *, #1494, .T. ) ;
#2230 = VERTEX_POINT ( 'NONE', #2580 ) ;
#2231 = EDGE_CURVE ( 'NONE', #2448, #1461, #3247, .T. ) ;
#2232 = FACE_OUTER_BOUND ( 'NONE', #3440, .T. ) ;
#2233 = DIRECTION ( 'NONE',  ( 0.9986295347545876000, 0.000000000000000000, 0.05233595624268259916 ) ) ;
#2234 = AXIS2_PLACEMENT_3D ( 'NONE', #1303, #256, #3162 ) ;
#2235 = CARTESIAN_POINT ( 'NONE',  ( -6.696359871153478416, -0.6600000000000000311, 13.14234623178089123 ) ) ;
#2236 = CONICAL_SURFACE ( 'NONE', #3281, 11.41919892417545057, 1.260169759845757076 ) ;
#2237 = VERTEX_POINT ( 'NONE', #207 ) ;
#2238 = ORIENTED_EDGE ( 'NONE', *, *, #1734, .T. ) ;
#2239 = LINE ( 'NONE', #576, #1993 ) ;
#2240 = EDGE_CURVE ( 'NONE', #1138, #899, #1166, .T. ) ;
#2241 = DIRECTION ( 'NONE',  ( 0.000000000000000000, 1.000000000000000000, 0.000000000000000000 ) ) ;
#2242 = VERTEX_POINT ( 'NONE', #1270 ) ;
#2243 = VECTOR ( 'NONE', #1022, 1000.000000000000000 ) ;
#2244 = ORIENTED_EDGE ( 'NONE', *, *, #1539, .T. ) ;
#2245 = PLANE ( 'NONE',  #3091 ) ;
#2246 = ORIENTED_EDGE ( 'NONE', *, *, #2769, .T. ) ;
#2247 = EDGE_CURVE ( 'NONE', #2448, #2645, #1551, .T. ) ;
#2248 = DIRECTION ( 'NONE',  ( -0.000000000000000000, 1.000000000000000000, -0.000000000000000000 ) ) ;
#2249 = VERTEX_POINT ( 'NONE', #1289 ) ;
#2250 = ORIENTED_EDGE ( 'NONE', *, *, #1670, .F. ) ;
#2251 = DIRECTION ( 'NONE',  ( 0.000000000000000000, -1.000000000000000000, 0.000000000000000000 ) ) ;
#2252 = ADVANCED_FACE ( 'NONE', ( #1112 ), #1059, .T. ) ;
#2253 = CYLINDRICAL_SURFACE ( 'NONE', #2356, 10.51421826332841647 ) ;
#2254 = CARTESIAN_POINT ( 'NONE',  ( 0.000000000000000000, -3.725774140198908402, 0.000000000000000000 ) ) ;
#2255 = ORIENTED_EDGE ( 'NONE', *, *, #1000, .F. ) ;
#2256 = CARTESIAN_POINT ( 'NONE',  ( 0.000000000000000000, 0.9050054712111608168, 0.000000000000000000 ) ) ;
#2257 = LINE ( 'NONE', #2221, #3187 ) ;
#2258 = ORIENTED_EDGE ( 'NONE', *, *, #2632, .F. ) ;
#2259 = DIRECTION ( 'NONE',  ( 0.000000000000000000, 0.000000000000000000, 1.000000000000000000 ) ) ;
#2260 = DIRECTION ( 'NONE',  ( 0.000000000000000000, -1.000000000000000000, 0.000000000000000000 ) ) ;
#2261 = ORIENTED_EDGE ( 'NONE', *, *, #571, .T. ) ;
#2262 = DIRECTION ( 'NONE',  ( 0.000000000000000000, 1.000000000000000000, 0.000000000000000000 ) ) ;
#2263 = CARTESIAN_POINT ( 'NONE',  ( 6.696359871158327870, 2.100000000000000089, -13.14234623177841854 ) ) ;
#2264 = EDGE_CURVE ( 'NONE', #2200, #997, #525, .T. ) ;
#2265 = ORIENTED_EDGE ( 'NONE', *, *, #517, .F. ) ;
#2266 = VECTOR ( 'NONE', #1480, 999.9999999999998863 ) ;
#2267 = LINE ( 'NONE', #2488, #1846 ) ;
#2268 = CARTESIAN_POINT ( 'NONE',  ( 0.000000000000000000, -0.05999999999999994227, 0.000000000000000000 ) ) ;
#2269 = AXIS2_PLACEMENT_3D ( 'NONE', #3169, #560, #543 ) ;
#2270 = EDGE_CURVE ( 'NONE', #2484, #1282, #2913, .T. ) ;
#2271 = DIRECTION ( 'NONE',  ( -0.8386705679454115048, 0.000000000000000000, 0.5446390350150464021 ) ) ;
#2272 = ORIENTED_EDGE ( 'NONE', *, *, #3038, .T. ) ;
#2273 = DIRECTION ( 'NONE',  ( 0.000000000000000000, -1.000000000000000000, 0.000000000000000000 ) ) ;
#2274 = CARTESIAN_POINT ( 'NONE',  ( 0.000000000000000000, 0.000000000000000000, 0.000000000000000000 ) ) ;
#2275 = ADVANCED_FACE ( 'NONE', ( #850 ), #1733, .F. ) ;
#2276 = CIRCLE ( 'NONE', #935, 14.75000000000000000 ) ;
#2277 = ORIENTED_EDGE ( 'NONE', *, *, #2681, .T. ) ;
#2278 = DIRECTION ( 'NONE',  ( 0.4539904997395775577, 0.000000000000000000, 0.8910065241883522447 ) ) ;
#2279 = CARTESIAN_POINT ( 'NONE',  ( -12.85301255745008220, 0.9050054712111954558, 6.548937000697717004 ) ) ;
#2280 = ORIENTED_EDGE ( 'NONE', *, *, #2169, .F. ) ;
#2281 = VERTEX_POINT ( 'NONE', #8 ) ;
#2282 = CARTESIAN_POINT ( 'NONE',  ( 0.000000000000000000, -28.08620191640486752, 0.000000000000000000 ) ) ;
#2283 = EDGE_CURVE ( 'NONE', #2481, #1161, #2973, .T. ) ;
#2284 = CARTESIAN_POINT ( 'NONE',  ( 7.856566889570683720, 0.9050054712111954558, 12.09805208910834295 ) ) ;
#2285 = CARTESIAN_POINT ( 'NONE',  ( 8.860571681180045900, -0.05999999999999994227, -13.38255466951921413 ) ) ;
#2286 = B_SPLINE_CURVE_WITH_KNOTS ( 'NONE', 3,
 ( #1279, #2623, #1298, #2917 ),
 .UNSPECIFIED., .F., .F.,
 ( 4, 4 ),
 ( 5.421010862427522170E-20, 0.0004247918272590030459 ),
 .UNSPECIFIED. ) ;
#2287 = AXIS2_PLACEMENT_3D ( 'NONE', #1894, #1334, #2402 ) ;
#2288 = EDGE_CURVE ( 'NONE', #2249, #771, #3059, .T. ) ;
#2289 = DIRECTION ( 'NONE',  ( 0.000000000000000000, 0.000000000000000000, -1.000000000000000000 ) ) ;
#2290 = ORIENTED_EDGE ( 'NONE', *, *, #215, .F. ) ;
#2291 = DIRECTION ( 'NONE',  ( 0.000000000000000000, 0.000000000000000000, -1.000000000000000000 ) ) ;
#2292 = AXIS2_PLACEMENT_3D ( 'NONE', #1476, #3006, #618 ) ;
#2293 = DIRECTION ( 'NONE',  ( -0.000000000000000000, -1.000000000000000000, -0.000000000000000000 ) ) ;
#2294 = ORIENTED_EDGE ( 'NONE', *, *, #3064, .F. ) ;
#2295 = CARTESIAN_POINT ( 'NONE',  ( 0.000000000000000000, 0.8092608169502585325, 0.000000000000000000 ) ) ;
#2296 = DIRECTION ( 'NONE',  ( -0.000000000000000000, -1.000000000000000000, -0.000000000000000000 ) ) ;
#2297 = ORIENTED_EDGE ( 'NONE', *, *, #1188, .T. ) ;
#2298 = DIRECTION ( 'NONE',  ( -0.000000000000000000, 1.000000000000000000, -0.000000000000000000 ) ) ;
#2299 = VECTOR ( 'NONE', #240, 1000.000000000000227 ) ;
#2300 = CARTESIAN_POINT ( 'NONE',  ( -6.696359871159344834, -0.6600000000000000311, -13.14234623177790162 ) ) ;
#2301 = CONICAL_SURFACE ( 'NONE', #3342, 14.00000000000000000, 0.4719811568298711291 ) ;
#2302 = DIRECTION ( 'NONE',  ( 0.000000000000000000, 0.000000000000000000, 1.000000000000000000 ) ) ;
#2303 = CARTESIAN_POINT ( 'NONE',  ( 9.368237069366976755, -0.6600000000000000311, 4.773355203737434493 ) ) ;
#2304 = ORIENTED_EDGE ( 'NONE', *, *, #2754, .T. ) ;
#2305 = LINE ( 'NONE', #2807, #767 ) ;
#2306 = EDGE_CURVE ( 'NONE', #1731, #2346, #590, .T. ) ;
#2307 = LINE ( 'NONE', #718, #801 ) ;
#2308 = ORIENTED_EDGE ( 'NONE', *, *, #2606, .F. ) ;
#2309 = DIRECTION ( 'NONE',  ( -0.2336484159583422371, -0.9650054712111678645, -0.1190498141647820807 ) ) ;
#2310 = AXIS2_PLACEMENT_3D ( 'NONE', #1084, #1822, #531 ) ;
#2311 = CARTESIAN_POINT ( 'NONE',  ( 0.000000000000000000, -0.6599999999999999201, 0.000000000000000000 ) ) ;
#2312 = ORIENTED_EDGE ( 'NONE', *, *, #1459, .F. ) ;
#2313 = VECTOR ( 'NONE', #3098, 999.9999999999998863 ) ;
#2314 = DIRECTION ( 'NONE',  ( -0.000000000000000000, -1.000000000000000000, -0.000000000000000000 ) ) ;
#2315 = CARTESIAN_POINT ( 'NONE',  ( 0.000000000000000000, -28.08620191640486752, 0.000000000000000000 ) ) ;
#2316 = DIRECTION ( 'NONE',  ( -0.000000000000000000, 1.000000000000000000, -0.000000000000000000 ) ) ;
#2317 = DIRECTION ( 'NONE',  ( -0.000000000000000000, 1.000000000000000000, -0.000000000000000000 ) ) ;
#2318 = ORIENTED_EDGE ( 'NONE', *, *, #3189, .F. ) ;
#2319 = DIRECTION ( 'NONE',  ( 0.5446390350152572335, 0.000000000000000000, 0.8386705679452746143 ) ) ;
#2320 = CARTESIAN_POINT ( 'NONE',  ( 0.000000000000000000, -0.6600000000000000311, 0.000000000000000000 ) ) ;
#2321 = EDGE_CURVE ( 'NONE', #1668, #1622, #1657, .T. ) ;
#2322 = CONICAL_SURFACE ( 'NONE', #2487, 14.00000000000000000, 0.4719811568298711291 ) ;
#2323 = ADVANCED_FACE ( 'NONE', ( #1073 ), #2438, .F. ) ;
#2324 = ORIENTED_EDGE ( 'NONE', *, *, #939, .F. ) ;
#2325 = CYLINDRICAL_SURFACE ( 'NONE', #1547, 15.75000000000000000 ) ;
#2326 = DIRECTION ( 'NONE',  ( -0.2336484159583165632, -0.9650054712111678645, 0.1190498141648326652 ) ) ;
#2327 = VERTEX_POINT ( 'NONE', #573 ) ;
#2328 = EDGE_CURVE ( 'NONE', #2562, #3198, #2792, .T. ) ;
#2329 = DIRECTION ( 'NONE',  ( 0.000000000000000000, 1.000000000000000000, 0.000000000000000000 ) ) ;
#2330 = CIRCLE ( 'NONE', #3211, 15.75000000000000000 ) ;
#2331 = CARTESIAN_POINT ( 'NONE',  ( 0.000000000000000000, -0.05999999999999994227, 0.000000000000000000 ) ) ;
#2332 = ADVANCED_FACE ( 'NONE', ( #3216 ), #2112, .F. ) ;
#2333 = ORIENTED_EDGE ( 'NONE', *, *, #3150, .F. ) ;
#2334 = DIRECTION ( 'NONE',  ( 0.000000000000000000, 0.000000000000000000, 1.000000000000000000 ) ) ;
#2335 = AXIS2_PLACEMENT_3D ( 'NONE', #1072, #2376, #2405 ) ;
#2336 = DIRECTION ( 'NONE',  ( 0.000000000000000000, 0.000000000000000000, 1.000000000000000000 ) ) ;
#2337 = ORIENTED_EDGE ( 'NONE', *, *, #939, .T. ) ;
#2338 = CARTESIAN_POINT ( 'NONE',  ( 0.000000000000000000, -3.725774140198909290, 0.000000000000000000 ) ) ;
#2339 = CONICAL_SURFACE ( 'NONE', #1558, 11.41919892417543281, 1.260169759845759074 ) ;
#2340 = CARTESIAN_POINT ( 'NONE',  ( 10.24452237947661004, -0.3599999999999982103, -11.96295369950092358 ) ) ;
#2341 = CIRCLE ( 'NONE', #2950, 14.00000000000000000 ) ;
#2342 = EDGE_CURVE ( 'NONE', #2191, #483, #672, .T. ) ;
#2343 = ORIENTED_EDGE ( 'NONE', *, *, #517, .T. ) ;
#2344 = DIRECTION ( 'NONE',  ( 0.000000000000000000, 0.000000000000000000, -1.000000000000000000 ) ) ;
#2345 = DIRECTION ( 'NONE',  ( -0.8910065241882156872, 0.000000000000000000, 0.4539904997398453990 ) ) ;
#2346 = VERTEX_POINT ( 'NONE', #783 ) ;
#2347 = ADVANCED_FACE ( 'NONE', ( #523 ), #2699, .F. ) ;
#2348 = ORIENTED_EDGE ( 'NONE', *, *, #1242, .F. ) ;
#2349 = CIRCLE ( 'NONE', #400, 14.75000000000000000 ) ;
#2350 = FACE_OUTER_BOUND ( 'NONE', #1206, .T. ) ;
#2351 = ORIENTED_EDGE ( 'NONE', *, *, #3418, .T. ) ;
#2352 = DIRECTION ( 'NONE',  ( 0.000000000000000000, 1.000000000000000000, 0.000000000000000000 ) ) ;
#2353 = DIRECTION ( 'NONE',  ( 0.000000000000000000, 0.000000000000000000, 1.000000000000000000 ) ) ;
#2354 = AXIS2_PLACEMENT_3D ( 'NONE', #2123, #275, #2374 ) ;
#2355 = ADVANCED_FACE ( 'NONE', ( #2393 ), #3439, .F. ) ;
#2356 = AXIS2_PLACEMENT_3D ( 'NONE', #344, #2508, #1442 ) ;
#2357 = LINE ( 'NONE', #1265, #1233 ) ;
#2358 = ORIENTED_EDGE ( 'NONE', *, *, #613, .F. ) ;
#2359 = DIRECTION ( 'NONE',  ( 0.4322635328601470706, -0.3056552772629518855, 0.8483649507379312782 ) ) ;
#2360 = DIRECTION ( 'NONE',  ( -0.05233595624259161638, 0.000000000000000000, 0.9986295347545924850 ) ) ;
#2361 = ORIENTED_EDGE ( 'NONE', *, *, #679, .T. ) ;
#2362 = DIRECTION ( 'NONE',  ( 0.000000000000000000, 0.000000000000000000, 1.000000000000000000 ) ) ;
#2363 = CARTESIAN_POINT ( 'NONE',  ( -13.14234623177618388, -0.6600000000000000311, 6.696359871162720800 ) ) ;
#2364 = ORIENTED_EDGE ( 'NONE', *, *, #1475, .T. ) ;
#2365 = VECTOR ( 'NONE', #2503, 1000.000000000000114 ) ;
#2366 = CARTESIAN_POINT ( 'NONE',  ( 0.000000000000000000, -0.05999999999999994227, 0.000000000000000000 ) ) ;
#2367 = AXIS2_PLACEMENT_3D ( 'NONE', #2274, #352, #629 ) ;
#2368 = ORIENTED_EDGE ( 'NONE', *, *, #481, .F. ) ;
#2369 = DIRECTION ( 'NONE',  ( -0.000000000000000000, -1.000000000000000000, -0.000000000000000000 ) ) ;
#2370 = ADVANCED_FACE ( 'NONE', ( #2143 ), #1395, .F. ) ;
#2371 = ORIENTED_EDGE ( 'NONE', *, *, #2476, .T. ) ;
#2372 = DIRECTION ( 'NONE',  ( -0.000000000000000000, -1.000000000000000000, -0.000000000000000000 ) ) ;
#2373 = PLANE ( 'NONE',  #2785 ) ;
#2374 = DIRECTION ( 'NONE',  ( 0.000000000000000000, 0.000000000000000000, 1.000000000000000000 ) ) ;
#2375 = EDGE_LOOP ( 'NONE', ( #368, #3245 ) ) ;
#2376 = DIRECTION ( 'NONE',  ( 0.000000000000000000, 1.000000000000000000, 0.000000000000000000 ) ) ;
#2377 = EDGE_CURVE ( 'NONE', #163, #2798, #1620, .T. ) ;
#2378 = DIRECTION ( 'NONE',  ( -0.000000000000000000, 1.000000000000000000, -0.000000000000000000 ) ) ;
#2379 = CIRCLE ( 'NONE', #2205, 14.75000000000000000 ) ;
#2380 = ORIENTED_EDGE ( 'NONE', *, *, #619, .T. ) ;
#2381 = DIRECTION ( 'NONE',  ( 0.000000000000000000, -1.000000000000000000, 0.000000000000000000 ) ) ;
#2382 = DIRECTION ( 'NONE',  ( 0.000000000000000000, -1.000000000000000000, 0.000000000000000000 ) ) ;
#2383 = VECTOR ( 'NONE', #1573, 1000.000000000000000 ) ;
#2384 = EDGE_LOOP ( 'NONE', ( #2430, #2026, #3172, #3167 ) ) ;
#2385 = CARTESIAN_POINT ( 'NONE',  ( 0.000000000000000000, -0.05999999999999994227, 0.000000000000000000 ) ) ;
#2386 = VERTEX_POINT ( 'NONE', #1356 ) ;
#2387 = EDGE_CURVE ( 'NONE', #1234, #840, #330, .T. ) ;
#2388 = DIRECTION ( 'NONE',  ( -0.000000000000000000, 1.000000000000000000, -0.000000000000000000 ) ) ;
#2389 = VECTOR ( 'NONE', #453, 999.9999999999997726 ) ;
#2390 = CARTESIAN_POINT ( 'NONE',  ( 10.49980889261565054, -0.6600000000000000311, -0.5502716669592611076 ) ) ;
#2391 = LINE ( 'NONE', #1306, #1120 ) ;
#2392 = DIRECTION ( 'NONE',  ( -0.000000000000000000, 1.000000000000000000, -0.000000000000000000 ) ) ;
#2393 = FACE_OUTER_BOUND ( 'NONE', #1477, .T. ) ;
#2394 = ADVANCED_FACE ( 'NONE', ( #1129 ), #63, .T. ) ;
#2395 = VERTEX_POINT ( 'NONE', #3174 ) ;
#2396 = PLANE ( 'NONE',  #1489 ) ;
#2397 = LINE ( 'NONE', #1098, #3258 ) ;
#2398 = EDGE_CURVE ( 'NONE', #3269, #1210, #875, .T. ) ;
#2399 = DIRECTION ( 'NONE',  ( -0.000000000000000000, -1.000000000000000000, -0.000000000000000000 ) ) ;
#2400 = CARTESIAN_POINT ( 'NONE',  ( 0.000000000000000000, -28.08620191640486752, 0.000000000000000000 ) ) ;
#2401 = EDGE_LOOP ( 'NONE', ( #367, #268, #2258, #1902 ) ) ;
#2402 = DIRECTION ( 'NONE',  ( 0.000000000000000000, 0.000000000000000000, -1.000000000000000000 ) ) ;
#2403 = LINE ( 'NONE', #451, #2449 ) ;
#2404 = CARTESIAN_POINT ( 'NONE',  ( 0.000000000000000000, -0.05999999999999994227, 0.000000000000000000 ) ) ;
#2405 = DIRECTION ( 'NONE',  ( 0.000000000000000000, 0.000000000000000000, 1.000000000000000000 ) ) ;
#2406 = CARTESIAN_POINT ( 'NONE',  ( 0.000000000000000000, -0.6599999999999999201, 0.000000000000000000 ) ) ;
#2407 = ADVANCED_FACE ( 'NONE', ( #1565 ), #394, .F. ) ;
#2408 = EDGE_LOOP ( 'NONE', ( #289, #1401, #2963, #1132, #2255, #323, #1980 ) ) ;
#2409 = LINE ( 'NONE', #1273, #2213 ) ;
#2410 = DIRECTION ( 'NONE',  ( -0.000000000000000000, 1.000000000000000000, -0.000000000000000000 ) ) ;
#2411 = ORIENTED_EDGE ( 'NONE', *, *, #1089, .F. ) ;
#2412 = ORIENTED_EDGE ( 'NONE', *, *, #3189, .T. ) ;
#2413 = DIRECTION ( 'NONE',  ( -0.000000000000000000, -1.000000000000000000, -0.000000000000000000 ) ) ;
#2414 = ORIENTED_EDGE ( 'NONE', *, *, #1367, .T. ) ;
#2415 = DIRECTION ( 'NONE',  ( 0.000000000000000000, 1.000000000000000000, 0.000000000000000000 ) ) ;
#2416 = CARTESIAN_POINT ( 'NONE',  ( 1.910449006669870914E-15, -0.6599999999999999201, -15.44999999999999929 ) ) ;
#2417 = LINE ( 'NONE', #2971, #230 ) ;
#2418 = LINE ( 'NONE', #329, #2167 ) ;
#2419 = CARTESIAN_POINT ( 'NONE',  ( 0.000000000000000000, 0.000000000000000000, 0.000000000000000000 ) ) ;
#2420 = ORIENTED_EDGE ( 'NONE', *, *, #1453, .T. ) ;
#2421 = DIRECTION ( 'NONE',  ( 0.000000000000000000, -1.000000000000000000, 0.000000000000000000 ) ) ;
#2422 = EDGE_CURVE ( 'NONE', #2481, #2216, #3433, .T. ) ;
#2423 = CARTESIAN_POINT ( 'NONE',  ( 0.000000000000000000, -0.05999999999999994227, 0.000000000000000000 ) ) ;
#2424 = VECTOR ( 'NONE', #2970, 1000.000000000000000 ) ;
#2425 = CONICAL_SURFACE ( 'NONE', #926, 11.41919892417542570, 1.260169759845759296 ) ;
#2426 = ORIENTED_EDGE ( 'NONE', *, *, #3435, .T. ) ;
#2427 = ADVANCED_FACE ( 'NONE', ( #4 ), #2373, .F. ) ;
#2428 = DIRECTION ( 'NONE',  ( 0.5185738325895904444, 0.3056552772629514414, 0.7985336759552795760 ) ) ;
#2429 = ORIENTED_EDGE ( 'NONE', *, *, #2871, .F. ) ;
#2430 = ORIENTED_EDGE ( 'NONE', *, *, #1259, .T. ) ;
#2431 = DIRECTION ( 'NONE',  ( 0.4539904997396165820, 0.000000000000000000, 0.8910065241883322606 ) ) ;
#2432 = CARTESIAN_POINT ( 'NONE',  ( 0.000000000000000000, -0.6599999999999999201, 0.000000000000000000 ) ) ;
#2433 = CLOSED_SHELL ( 'NONE', ( #2799, #3442, #3113, #529, #272, #2878, #2024, #668, #252, #1559, #552, #3002, #66, #265, #13, #2839, #1281, #2005, #822, #2275, #663, #1153, #724, #3156, #1862, #2095, #1985, #2067, #2347, #2700, #512, #934, #749, #2494, #2323, #2332, #320, #1302, #414, #2575, #148, #3093, #3321, #2068, #2850, #2050, #2997, #2355, #2468, #2587, #2029, #1357, #470, #1644, #805, #2215, #1322, #901, #534, #2011, #3125, #856, #1793, #1249, #765, #3392, #784, #2427, #2394, #190, #2621, #1111, #1925, #301, #2407, #158, #3042, #2489, #1383, #2217, #2939, #920, #3082, #870, #1665, #132, #2252, #1869, #1060, #463, #2370, #3183, #389, #2181, #3357, #343, #1956, #1855, #674, #3141, #2077, #2744, #381 ) ) ;
#2434 = EDGE_CURVE ( 'NONE', #616, #2569, #2610, .T. ) ;
#2435 = DIRECTION ( 'NONE',  ( -0.000000000000000000, 1.000000000000000000, -0.000000000000000000 ) ) ;
#2436 = CIRCLE ( 'NONE', #658, 10.51421826332841647 ) ;
#2437 = DIRECTION ( 'NONE',  ( 0.000000000000000000, 0.000000000000000000, -1.000000000000000000 ) ) ;
#2438 = CYLINDRICAL_SURFACE ( 'NONE', #2516, 10.51421826332841647 ) ;
#2439 = ORIENTED_EDGE ( 'NONE', *, *, #2724, .T. ) ;
#2440 = ORIENTED_EDGE ( 'NONE', *, *, #2517, .F. ) ;
#2441 = CARTESIAN_POINT ( 'NONE',  ( -9.368237069364512948, -0.6600000000000000311, 4.773355203742278619 ) ) ;
#2442 = CARTESIAN_POINT ( 'NONE',  ( 0.000000000000000000, -0.05999999999999994227, 0.000000000000000000 ) ) ;
#2443 = VECTOR ( 'NONE', #2359, 1000.000000000000000 ) ;
#2444 = AXIS2_PLACEMENT_3D ( 'NONE', #568, #1633, #2694 ) ;
#2445 = VERTEX_POINT ( 'NONE', #2949 ) ;
#2446 = CARTESIAN_POINT ( 'NONE',  ( 0.000000000000000000, 2.100000000000000089, 0.000000000000000000 ) ) ;
#2447 = ORIENTED_EDGE ( 'NONE', *, *, #1716, .T. ) ;
#2448 = VERTEX_POINT ( 'NONE', #1070 ) ;
#2449 = VECTOR ( 'NONE', #172, 1000.000000000000114 ) ;
#2450 = DIRECTION ( 'NONE',  ( 0.000000000000000000, 0.000000000000000000, 1.000000000000000000 ) ) ;
#2451 = EDGE_CURVE ( 'NONE', #2908, #2079, #2341, .T. ) ;
#2452 = CARTESIAN_POINT ( 'NONE',  ( 0.000000000000000000, -52.18000000000005656, 0.000000000000000000 ) ) ;
#2453 = CARTESIAN_POINT ( 'NONE',  ( 0.000000000000000000, -0.6600000000000000311, 0.000000000000000000 ) ) ;
#2454 = EDGE_CURVE ( 'NONE', #2063, #2747, #3193, .T. ) ;
#2455 = DIRECTION ( 'NONE',  ( -0.2476210806072637605, -0.8906693003304955170, 0.3813030263290294042 ) ) ;
#2456 = ORIENTED_EDGE ( 'NONE', *, *, #1025, .T. ) ;
#2457 = ORIENTED_EDGE ( 'NONE', *, *, #296, .T. ) ;
#2458 = CARTESIAN_POINT ( 'NONE',  ( 0.000000000000000000, -0.6599999999999999201, 0.000000000000000000 ) ) ;
#2459 = DIRECTION ( 'NONE',  ( 0.000000000000000000, -0.000000000000000000, 1.000000000000000000 ) ) ;
#2460 = CIRCLE ( 'NONE', #621, 14.00000000000000000 ) ;
#2461 = AXIS2_PLACEMENT_3D ( 'NONE', #2331, #711, #3380 ) ;
#2462 = ORIENTED_EDGE ( 'NONE', *, *, #1576, .F. ) ;
#2463 = ORIENTED_EDGE ( 'NONE', *, *, #2454, .T. ) ;
#2464 = CARTESIAN_POINT ( 'NONE',  ( 0.000000000000000000, -3.725774140198917728, 0.000000000000000000 ) ) ;
#2465 = ORIENTED_EDGE ( 'NONE', *, *, #2387, .T. ) ;
#2466 = ORIENTED_EDGE ( 'NONE', *, *, #944, .T. ) ;
#2467 = DIRECTION ( 'NONE',  ( -0.000000000000000000, -1.000000000000000000, -0.000000000000000000 ) ) ;
#2468 = ADVANCED_FACE ( 'NONE', ( #2122 ), #1841, .T. ) ;
#2469 = EDGE_CURVE ( 'NONE', #2645, #2210, #3276, .T. ) ;
#2470 = CARTESIAN_POINT ( 'NONE',  ( 0.000000000000000000, -0.05999999999999994227, 0.000000000000000000 ) ) ;
#2471 = CIRCLE ( 'NONE', #800, 14.42527322587259775 ) ;
#2472 = DIRECTION ( 'NONE',  ( -0.000000000000000000, 1.000000000000000000, -0.000000000000000000 ) ) ;
#2473 = AXIS2_PLACEMENT_3D ( 'NONE', #766, #2844, #2044 ) ;
#2474 = APPLICATION_PROTOCOL_DEFINITION ( 'draft international standard', 'automotive_design', 1998, #697 ) ;
#2475 = ORIENTED_EDGE ( 'NONE', *, *, #1896, .F. ) ;
#2476 = EDGE_CURVE ( 'NONE', #263, #3029, #221, .T. ) ;
#2477 = VERTEX_POINT ( 'NONE', #2088 ) ;
#2478 = CARTESIAN_POINT ( 'NONE',  ( 0.000000000000000000, 0.8092608169502585325, 0.000000000000000000 ) ) ;
#2479 = CARTESIAN_POINT ( 'NONE',  ( -6.355866996349065268, -0.6599999999999986988, 12.47409133863949293 ) ) ;
#2480 = EDGE_CURVE ( 'NONE', #3291, #1363, #2892, .T. ) ;
#2481 = VERTEX_POINT ( 'NONE', #1353 ) ;
#2482 = VERTEX_POINT ( 'NONE', #1335 ) ;
#2483 = CARTESIAN_POINT ( 'NONE',  ( -5.184207826207949843, -0.05999999999999994227, 10.17458074244699873 ) ) ;
#2484 = VERTEX_POINT ( 'NONE', #2416 ) ;
#2485 = ORIENTED_EDGE ( 'NONE', *, *, #2539, .T. ) ;
#2486 = CYLINDRICAL_SURFACE ( 'NONE', #2730, 10.51421826332841647 ) ;
#2487 = AXIS2_PLACEMENT_3D ( 'NONE', #2166, #1924, #1904 ) ;
#2488 = CARTESIAN_POINT ( 'NONE',  ( 0.000000000000000000, -28.08620191640486752, 0.000000000000000000 ) ) ;
#2489 = ADVANCED_FACE ( 'NONE', ( #2628 ), #1458, .F. ) ;
#2490 = DIRECTION ( 'NONE',  ( -0.000000000000000000, 1.000000000000000000, -0.000000000000000000 ) ) ;
#2491 = EDGE_LOOP ( 'NONE', ( #1272, #1579, #182, #3240, #387, #2148, #2976 ) ) ;
#2492 = ORIENTED_EDGE ( 'NONE', *, *, #31, .F. ) ;
#2493 = CARTESIAN_POINT ( 'NONE',  ( 0.000000000000000000, -0.05999999999999994227, 0.000000000000000000 ) ) ;
#2494 = ADVANCED_FACE ( 'NONE', ( #1055 ), #238, .F. ) ;
#2495 = CYLINDRICAL_SURFACE ( 'NONE', #2367, 15.75000000000000000 ) ;
#2496 = AXIS2_PLACEMENT_3D ( 'NONE', #2800, #2538, #459 ) ;
#2497 = AXIS2_PLACEMENT_3D ( 'NONE', #409, #2552, #3103 ) ;
#2498 = ORIENTED_EDGE ( 'NONE', *, *, #2422, .F. ) ;
#2499 = ORIENTED_EDGE ( 'NONE', *, *, #1411, .T. ) ;
#2500 = CARTESIAN_POINT ( 'NONE',  ( 6.355866996353666032, -0.6600000000000039169, -12.47409133863714281 ) ) ;
#2501 = AXIS2_PLACEMENT_3D ( 'NONE', #832, #572, #3213 ) ;
#2502 = ORIENTED_EDGE ( 'NONE', *, *, #2573, .F. ) ;
#2503 = DIRECTION ( 'NONE',  ( 0.02968525017519498335, -0.9650054712111678645, 0.2605440969481898073 ) ) ;
#2504 = ORIENTED_EDGE ( 'NONE', *, *, #2177, .F. ) ;
#2505 = EDGE_LOOP ( 'NONE', ( #2250, #2586, #2985, #1692 ) ) ;
#2506 = CARTESIAN_POINT ( 'NONE',  ( 0.000000000000000000, -0.05999999999999994227, 0.000000000000000000 ) ) ;
#2507 = AXIS2_PLACEMENT_3D ( 'NONE', #703, #2278, #1507 ) ;
#2508 = DIRECTION ( 'NONE',  ( -0.000000000000000000, -1.000000000000000000, -0.000000000000000000 ) ) ;
#2509 = VECTOR ( 'NONE', #2886, 1000.000000000000000 ) ;
#2510 = CARTESIAN_POINT ( 'NONE',  ( 0.000000000000000000, -28.08620191640486752, 0.000000000000000000 ) ) ;
#2511 =( LENGTH_UNIT ( ) NAMED_UNIT ( * ) SI_UNIT ( .MILLI., .METRE. ) );
#2512 = ORIENTED_EDGE ( 'NONE', *, *, #1215, .F. ) ;
#2513 = ORIENTED_EDGE ( 'NONE', *, *, #2469, .T. ) ;
#2514 = DIRECTION ( 'NONE',  ( 0.000000000000000000, 0.000000000000000000, -1.000000000000000000 ) ) ;
#2515 = DIRECTION ( 'NONE',  ( -0.8910065241882156872, 0.000000000000000000, 0.4539904997398453435 ) ) ;
#2516 = AXIS2_PLACEMENT_3D ( 'NONE', #26, #3422, #1603 ) ;
#2517 = EDGE_CURVE ( 'NONE', #1118, #1189, #2349, .T. ) ;
#2518 = ORIENTED_EDGE ( 'NONE', *, *, #2640, .F. ) ;
#2519 = AXIS2_PLACEMENT_3D ( 'NONE', #1373, #1671, #79 ) ;
#2520 = DIRECTION ( 'NONE',  ( -0.1190498141648247826, -0.9650054712111678645, 0.2336484159583204767 ) ) ;
#2521 = VECTOR ( 'NONE', #1246, 1000.000000000000000 ) ;
#2522 = ORIENTED_EDGE ( 'NONE', *, *, #1296, .F. ) ;
#2523 = LINE ( 'NONE', #2745, #415 ) ;
#2524 = LINE ( 'NONE', #131, #3329 ) ;
#2525 = EDGE_CURVE ( 'NONE', #3017, #1938, #1320, .T. ) ;
#2526 = DIRECTION ( 'NONE',  ( -0.8910065241884504994, 0.000000000000000000, -0.4539904997393848229 ) ) ;
#2527 = CARTESIAN_POINT ( 'NONE',  ( 0.000000000000000000, -28.08620191640486752, 0.000000000000000000 ) ) ;
#2528 = APPLICATION_PROTOCOL_DEFINITION ( 'draft international standard', 'automotive_design', 1998, #1587 ) ;
#2529 = ORIENTED_EDGE ( 'NONE', *, *, #1348, .T. ) ;
#2530 = DIRECTION ( 'NONE',  ( 0.000000000000000000, -1.000000000000000000, 0.000000000000000000 ) ) ;
#2531 = VECTOR ( 'NONE', #2598, 1000.000000000000000 ) ;
#2532 = DIRECTION ( 'NONE',  ( 0.000000000000000000, 0.000000000000000000, -1.000000000000000000 ) ) ;
#2533 = EDGE_CURVE ( 'NONE', #2249, #2896, #2403, .T. ) ;
#2534 = ORIENTED_EDGE ( 'NONE', *, *, #3049, .T. ) ;
#2535 = FACE_OUTER_BOUND ( 'NONE', #1287, .T. ) ;
#2536 = CARTESIAN_POINT ( 'NONE',  ( -13.14234623177618388, 2.100000000000000089, 6.696359871162720800 ) ) ;
#2537 = VERTEX_POINT ( 'NONE', #3383 ) ;
#2538 = DIRECTION ( 'NONE',  ( 0.000000000000000000, -1.000000000000000000, 0.000000000000000000 ) ) ;
#2539 = EDGE_CURVE ( 'NONE', #1622, #1847, #838, .T. ) ;
#2540 = AXIS2_PLACEMENT_3D ( 'NONE', #2819, #1015, #383 ) ;
#2541 = CARTESIAN_POINT ( 'NONE',  ( 0.000000000000000000, -0.6600000000000000311, 0.000000000000000000 ) ) ;
#2542 = CARTESIAN_POINT ( 'NONE',  ( -4.773355203735690999, -0.6600000000000000311, 9.368237069367866710 ) ) ;
#2543 = VECTOR ( 'NONE', #2924, 1000.000000000000114 ) ;
#2544 = EDGE_CURVE ( 'NONE', #2117, #1945, #729, .T. ) ;
#2545 = DIRECTION ( 'NONE',  ( 0.000000000000000000, -1.000000000000000000, 0.000000000000000000 ) ) ;
#2546 = AXIS2_PLACEMENT_3D ( 'NONE', #298, #1677, #872 ) ;
#2547 = VERTEX_POINT ( 'NONE', #986 ) ;
#2548 = FACE_OUTER_BOUND ( 'NONE', #302, .T. ) ;
#2549 = CARTESIAN_POINT ( 'NONE',  ( 0.000000000000000000, -0.05999999999999994227, 0.000000000000000000 ) ) ;
#2550 = AXIS2_PLACEMENT_3D ( 'NONE', #405, #2790, #2027 ) ;
#2551 = ORIENTED_EDGE ( 'NONE', *, *, #2177, .T. ) ;
#2552 = DIRECTION ( 'NONE',  ( -0.000000000000000000, -1.000000000000000000, -0.000000000000000000 ) ) ;
#2553 = CARTESIAN_POINT ( 'NONE',  ( 8.817965402408951547, -0.05999999999999994227, 5.726453688874780568 ) ) ;
#2554 = EDGE_LOOP ( 'NONE', ( #1548, #2130, #1771, #2134 ) ) ;
#2555 = VERTEX_POINT ( 'NONE', #1795 ) ;
#2556 = DIRECTION ( 'NONE',  ( 0.000000000000000000, 0.000000000000000000, -1.000000000000000000 ) ) ;
#2557 = CONICAL_SURFACE ( 'NONE', #1049, 14.00000000000000000, 0.4719811568298711291 ) ;
#2558 = DIRECTION ( 'NONE',  ( -0.000000000000000000, 1.000000000000000000, -0.000000000000000000 ) ) ;
#2559 = EDGE_CURVE ( 'NONE', #910, #3279, #287, .T. ) ;
#2560 = CARTESIAN_POINT ( 'NONE',  ( 0.000000000000000000, -0.6600000000000000311, 0.000000000000000000 ) ) ;
#2561 = LINE ( 'NONE', #2303, #1681 ) ;
#2562 = VERTEX_POINT ( 'NONE', #464 ) ;
#2563 = CARTESIAN_POINT ( 'NONE',  ( 0.000000000000000000, -0.05999999999999994227, 0.000000000000000000 ) ) ;
#2564 = VECTOR ( 'NONE', #1195, 1000.000000000000114 ) ;
#2565 = DIRECTION ( 'NONE',  ( -0.5446390350151054660, 0.000000000000000000, -0.8386705679453730911 ) ) ;
#2566 = ORIENTED_EDGE ( 'NONE', *, *, #1341, .F. ) ;
#2567 = DIRECTION ( 'NONE',  ( -0.2199243713617116680, -0.9650054712111679756, 0.1428205566914919067 ) ) ;
#2568 = DIRECTION ( 'NONE',  ( -0.000000000000000000, 1.000000000000000000, -0.000000000000000000 ) ) ;
#2569 = VERTEX_POINT ( 'NONE', #955 ) ;
#2570 = CYLINDRICAL_SURFACE ( 'NONE', #97, 10.51421826332841647 ) ;
#2571 = CARTESIAN_POINT ( 'NONE',  ( 0.7719553545884694223, 0.8092608169502496507, 14.72978563762969806 ) ) ;
#2572 = VECTOR ( 'NONE', #3365, 1000.000000000000114 ) ;
#2573 = EDGE_CURVE ( 'NONE', #1805, #1697, #3400, .T. ) ;
#2574 = FILL_AREA_STYLE_COLOUR ( '', #998 ) ;
#2575 = ADVANCED_FACE ( 'NONE', ( #3333 ), #762, .F. ) ;
#2576 = CARTESIAN_POINT ( 'NONE',  ( 0.000000000000000000, 2.100000000000000089, 14.75000000000000000 ) ) ;
#2577 = EDGE_LOOP ( 'NONE', ( #2688, #305, #930, #2462 ) ) ;
#2578 = LINE ( 'NONE', #2563, #2159 ) ;
#2579 = ADVANCED_BREP_SHAPE_REPRESENTATION ( '241004 Dial Ring', ( #469, #2826 ), #203 ) ;
#2580 = CARTESIAN_POINT ( 'NONE',  ( -14.72978563763016524, 2.100000000000000089, -0.7719553545795683203 ) ) ;
#2581 = EDGE_CURVE ( 'NONE', #1189, #1638, #222, .T. ) ;
#2582 = ORIENTED_EDGE ( 'NONE', *, *, #1703, .F. ) ;
#2583 = CARTESIAN_POINT ( 'NONE',  ( 0.000000000000000000, -0.6599999999999998090, 0.000000000000000000 ) ) ;
#2584 = AXIS2_PLACEMENT_3D ( 'NONE', #2446, #1140, #2170 ) ;
#2585 = LINE ( 'NONE', #1508, #1818 ) ;
#2586 = ORIENTED_EDGE ( 'NONE', *, *, #2900, .T. ) ;
#2587 = ADVANCED_FACE ( 'NONE', ( #1761 ), #437, .F. ) ;
#2588 = CONICAL_SURFACE ( 'NONE', #2969, 14.00000000000000000, 0.2653320862089845189 ) ;
#2589 = DIRECTION ( 'NONE',  ( 0.000000000000000000, -1.000000000000000000, 0.000000000000000000 ) ) ;
#2590 = DIRECTION ( 'NONE',  ( 0.000000000000000000, -1.000000000000000000, -0.000000000000000000 ) ) ;
#2591 = EDGE_LOOP ( 'NONE', ( #75, #1679, #3306, #1929, #1969 ) ) ;
#2592 = FACE_OUTER_BOUND ( 'NONE', #2873, .T. ) ;
#2593 = AXIS2_PLACEMENT_3D ( 'NONE', #671, #1738, #2175 ) ;
#2594 = EDGE_CURVE ( 'NONE', #773, #3410, #1529, .T. ) ;
#2595 = DIRECTION ( 'NONE',  ( -0.9986295347545924850, 0.000000000000000000, -0.05233595624259161638 ) ) ;
#2596 = ORIENTED_EDGE ( 'NONE', *, *, #981, .T. ) ;
#2597 = DIRECTION ( 'NONE',  ( 0.000000000000000000, 0.000000000000000000, -1.000000000000000000 ) ) ;
#2598 = DIRECTION ( 'NONE',  ( -0.000000000000000000, 1.000000000000000000, -0.000000000000000000 ) ) ;
#2599 = EDGE_CURVE ( 'NONE', #3017, #1622, #2357, .T. ) ;
#2600 = ORIENTED_EDGE ( 'NONE', *, *, #2928, .F. ) ;
#2601 = DIRECTION ( 'NONE',  ( 0.5446390350148868631, 0.000000000000000000, -0.8386705679455150886 ) ) ;
#2602 = FACE_OUTER_BOUND ( 'NONE', #844, .T. ) ;
#2603 = VECTOR ( 'NONE', #2431, 1000.000000000000114 ) ;
#2604 = ORIENTED_EDGE ( 'NONE', *, *, #624, .T. ) ;
#2605 = CIRCLE ( 'NONE', #2990, 10.51421826332841647 ) ;
#2606 = EDGE_CURVE ( 'NONE', #2993, #915, #563, .T. ) ;
#2607 = LINE ( 'NONE', #2657, #2157 ) ;
#2608 = DIRECTION ( 'NONE',  ( 3.641531520770513453E-14, 0.000000000000000000, 1.000000000000000000 ) ) ;
#2609 = ORIENTED_EDGE ( 'NONE', *, *, #3403, .T. ) ;
#2610 = LINE ( 'NONE', #1617, #2509 ) ;
#2611 = CIRCLE ( 'NONE', #1271, 10.51421826332841647 ) ;
#2612 = CARTESIAN_POINT ( 'NONE',  ( 0.000000000000000000, 0.000000000000000000, -14.75000000000000000 ) ) ;
#2613 = EDGE_LOOP ( 'NONE', ( #2207, #1563, #881, #2171 ) ) ;
#2614 = CARTESIAN_POINT ( 'NONE',  ( 0.5502716669619153178, -0.05999999999999994227, 10.49980889261551198 ) ) ;
#2615 = AXIS2_PLACEMENT_3D ( 'NONE', #2627, #519, #2071 ) ;
#2616 = CARTESIAN_POINT ( 'NONE',  ( 0.000000000000000000, -0.6599999999999998090, 14.00000000000000000 ) ) ;
#2617 = ORIENTED_EDGE ( 'NONE', *, *, #788, .F. ) ;
#2618 = PLANE ( 'NONE',  #262 ) ;
#2619 = DIRECTION ( 'NONE',  ( 0.000000000000000000, 0.000000000000000000, 1.000000000000000000 ) ) ;
#2620 = ORIENTED_EDGE ( 'NONE', *, *, #1018, .T. ) ;
#2621 = ADVANCED_FACE ( 'NONE', ( #2887 ), #1500, .T. ) ;
#2622 = DIRECTION ( 'NONE',  ( -0.000000000000000000, 1.000000000000000000, -0.000000000000000000 ) ) ;
#2623 = CARTESIAN_POINT ( 'NONE',  ( -10.32626553082359067, -0.2605484096598933430, 12.02388706285115028 ) ) ;
#2624 = CARTESIAN_POINT ( 'NONE',  ( 1.190243297665998679, -0.6600000000000000311, -10.44663135088388195 ) ) ;
#2625 = EDGE_CURVE ( 'NONE', #2714, #616, #734, .T. ) ;
#2626 = ORIENTED_EDGE ( 'NONE', *, *, #959, .T. ) ;
#2627 = CARTESIAN_POINT ( 'NONE',  ( 0.000000000000000000, -0.6600000000000000311, 0.000000000000000000 ) ) ;
#2628 = FACE_OUTER_BOUND ( 'NONE', #1311, .T. ) ;
#2629 = VECTOR ( 'NONE', #3077, 1000.000000000000000 ) ;
#2630 = VECTOR ( 'NONE', #2233, 1000.000000000000000 ) ;
#2631 = CARTESIAN_POINT ( 'NONE',  ( 0.000000000000000000, -0.05999999999999994227, 0.000000000000000000 ) ) ;
#2632 = EDGE_CURVE ( 'NONE', #1144, #2639, #2561, .T. ) ;
#2633 = VERTEX_POINT ( 'NONE', #2867 ) ;
#2634 = FACE_OUTER_BOUND ( 'NONE', #1953, .T. ) ;
#2635 = DIRECTION ( 'NONE',  ( 0.000000000000000000, 1.000000000000000000, 0.000000000000000000 ) ) ;
#2636 = VERTEX_POINT ( 'NONE', #3351 ) ;
#2637 = DIRECTION ( 'NONE',  ( 0.000000000000000000, 1.000000000000000000, 0.000000000000000000 ) ) ;
#2638 = LINE ( 'NONE', #1313, #1036 ) ;
#2639 = VERTEX_POINT ( 'NONE', #971 ) ;
#2640 = EDGE_CURVE ( 'NONE', #2105, #1632, #482, .T. ) ;
#2641 = AXIS2_PLACEMENT_3D ( 'NONE', #2385, #1350, #1612 ) ;
#2642 = AXIS2_PLACEMENT_3D ( 'NONE', #2739, #1991, #3273 ) ;
#2643 = FACE_OUTER_BOUND ( 'NONE', #583, .T. ) ;
#2644 = DIRECTION ( 'NONE',  ( 0.1132032137679070127, 0.000000000000000000, -0.9935718556765874565 ) ) ;
#2645 = VERTEX_POINT ( 'NONE', #2576 ) ;
#2646 = DIRECTION ( 'NONE',  ( -0.000000000000000000, 1.000000000000000000, -0.000000000000000000 ) ) ;
#2647 = EDGE_CURVE ( 'NONE', #1142, #2091, #186, .T. ) ;
#2648 = DIRECTION ( 'NONE',  ( 0.000000000000000000, -1.000000000000000000, 0.000000000000000000 ) ) ;
#2649 = CARTESIAN_POINT ( 'NONE',  ( 0.000000000000000000, -28.08620191640486752, 0.000000000000000000 ) ) ;
#2650 = DIRECTION ( 'NONE',  ( -0.000000000000000000, -1.000000000000000000, -0.000000000000000000 ) ) ;
#2651 = DIRECTION ( 'NONE',  ( -0.05233595624328607476, 0.000000000000000000, -0.9986295347545559586 ) ) ;
#2652 = CONICAL_SURFACE ( 'NONE', #3416, 14.00000000000000000, 0.2653320862089845189 ) ;
#2653 = ORIENTED_EDGE ( 'NONE', *, *, #1200, .F. ) ;
#2654 = CARTESIAN_POINT ( 'NONE',  ( 13.14234623177819472, 0.8092608169502585325, -6.696359871158768406 ) ) ;
#2655 = DIRECTION ( 'NONE',  ( 0.000000000000000000, -1.000000000000000000, 0.000000000000000000 ) ) ;
#2656 = VECTOR ( 'NONE', #2875, 1000.000000000000000 ) ;
#2657 = CARTESIAN_POINT ( 'NONE',  ( 0.000000000000000000, -52.18000000000005656, 0.000000000000000000 ) ) ;
#2658 = CARTESIAN_POINT ( 'NONE',  ( -4.773355203739872543, -0.6600000000000000311, -9.368237069365736858 ) ) ;
#2659 = ORIENTED_EDGE ( 'NONE', *, *, #361, .F. ) ;
#2660 = CARTESIAN_POINT ( 'NONE',  ( 0.000000000000000000, -28.08620191640486752, 0.000000000000000000 ) ) ;
#2661 = VECTOR ( 'NONE', #2201, 1000.000000000000000 ) ;
#2662 = DIRECTION ( 'NONE',  ( 0.000000000000000000, 0.000000000000000000, 1.000000000000000000 ) ) ;
#2663 = EDGE_CURVE ( 'NONE', #1699, #1710, #2074, .T. ) ;
#2664 = LINE ( 'NONE', #1337, #1625 ) ;
#2665 = DIRECTION ( 'NONE',  ( 0.000000000000000000, -0.000000000000000000, 1.000000000000000000 ) ) ;
#2666 = VECTOR ( 'NONE', #1879, 1000.000000000000000 ) ;
#2667 = CARTESIAN_POINT ( 'NONE',  ( 0.000000000000000000, -28.08620191640486752, 0.000000000000000000 ) ) ;
#2668 = EDGE_LOOP ( 'NONE', ( #1050, #598 ) ) ;
#2669 = FACE_OUTER_BOUND ( 'NONE', #2491, .T. ) ;
#2670 = DIRECTION ( 'NONE',  ( 0.000000000000000000, -0.000000000000000000, -1.000000000000000000 ) ) ;
#2671 = VECTOR ( 'NONE', #274, 1000.000000000000000 ) ;
#2672 = FACE_OUTER_BOUND ( 'NONE', #3257, .T. ) ;
#2673 = CARTESIAN_POINT ( 'NONE',  ( 0.000000000000000000, -28.08620191640486752, 0.000000000000000000 ) ) ;
#2674 = EDGE_LOOP ( 'NONE', ( #493, #1384, #2736, #1027 ) ) ;
#2675 = FACE_OUTER_BOUND ( 'NONE', #403, .T. ) ;
#2676 = DIRECTION ( 'NONE',  ( -0.000000000000000000, -1.000000000000000000, -0.000000000000000000 ) ) ;
#2677 = FACE_OUTER_BOUND ( 'NONE', #2086, .T. ) ;
#2678 = EDGE_CURVE ( 'NONE', #923, #2200, #23, .T. ) ;
#2679 = VECTOR ( 'NONE', #811, 1000.000000000000114 ) ;
#2680 = DIRECTION ( 'NONE',  ( -0.05233595624283587239, 0.000000000000000000, 0.9986295347545796064 ) ) ;
#2681 = EDGE_CURVE ( 'NONE', #3087, #1613, #257, .T. ) ;
#2682 = AXIS2_PLACEMENT_3D ( 'NONE', #3396, #2558, #3110 ) ;
#2683 = DIRECTION ( 'NONE',  ( 0.000000000000000000, 0.000000000000000000, -1.000000000000000000 ) ) ;
#2684 = ORIENTED_EDGE ( 'NONE', *, *, #2111, .T. ) ;
#2685 = DIRECTION ( 'NONE',  ( 0.000000000000000000, -0.000000000000000000, -1.000000000000000000 ) ) ;
#2686 = EDGE_CURVE ( 'NONE', #1523, #614, #2664, .T. ) ;
#2687 = DIRECTION ( 'NONE',  ( 0.000000000000000000, -1.000000000000000000, 0.000000000000000000 ) ) ;
#2688 = ORIENTED_EDGE ( 'NONE', *, *, #2733, .T. ) ;
#2689 = EDGE_CURVE ( 'NONE', #3009, #217, #2391, .T. ) ;
#2690 = ORIENTED_EDGE ( 'NONE', *, *, #233, .T. ) ;
#2691 = LINE ( 'NONE', #269, #1135 ) ;
#2692 = VERTEX_POINT ( 'NONE', #292 ) ;
#2693 = ORIENTED_EDGE ( 'NONE', *, *, #9, .F. ) ;
#2694 = DIRECTION ( 'NONE',  ( -0.8386705679452364226, 0.000000000000000000, 0.5446390350153160753 ) ) ;
#2695 = VECTOR ( 'NONE', #1417, 999.9999999999998863 ) ;
#2696 = DIRECTION ( 'NONE',  ( -0.000000000000000000, -1.000000000000000000, -0.000000000000000000 ) ) ;
#2697 = DIRECTION ( 'NONE',  ( -0.4050976594829961974, -0.8906693003304956280, -0.2064075670371219029 ) ) ;
#2698 = DIRECTION ( 'NONE',  ( -0.000000000000000000, -1.000000000000000000, -0.000000000000000000 ) ) ;
#2699 = PLANE ( 'NONE',  #2943 ) ;
#2700 = ADVANCED_FACE ( 'NONE', ( #2677 ), #1057, .F. ) ;
#2701 = ORIENTED_EDGE ( 'NONE', *, *, #152, .T. ) ;
#2702 = VERTEX_POINT ( 'NONE', #3434 ) ;
#2703 = DIRECTION ( 'NONE',  ( -0.000000000000000000, -1.000000000000000000, -0.000000000000000000 ) ) ;
#2704 = DIRECTION ( 'NONE',  ( -0.5446390350152573445, 0.000000000000000000, -0.8386705679452745033 ) ) ;
#2705 = VECTOR ( 'NONE', #3052, 1000.000000000000000 ) ;
#2706 = EDGE_CURVE ( 'NONE', #961, #1095, #3175, .T. ) ;
#2707 = ORIENTED_EDGE ( 'NONE', *, *, #1978, .T. ) ;
#2708 = CIRCLE ( 'NONE', #478, 10.51421826332841647 ) ;
#2709 = ORIENTED_EDGE ( 'NONE', *, *, #2480, .F. ) ;
#2710 = CARTESIAN_POINT ( 'NONE',  ( 0.000000000000000000, -0.6600000000000000311, 0.000000000000000000 ) ) ;
#2711 = CIRCLE ( 'NONE', #1655, 14.75000000000000000 ) ;
#2712 = EDGE_CURVE ( 'NONE', #676, #1138, #1743, .T. ) ;
#2713 = EDGE_LOOP ( 'NONE', ( #504, #1975, #1520, #2763, #223, #331, #3372 ) ) ;
#2714 = VERTEX_POINT ( 'NONE', #796 ) ;
#2715 = CARTESIAN_POINT ( 'NONE',  ( -9.646872667024313230, -0.05999999999999994227, 12.76471103261719620 ) ) ;
#2716 = DIRECTION ( 'NONE',  ( -0.000000000000000000, 1.000000000000000000, -0.000000000000000000 ) ) ;
#2717 = VECTOR ( 'NONE', #439, 1000.000000000000000 ) ;
#2718 = CYLINDRICAL_SURFACE ( 'NONE', #3053, 10.51421826332841647 ) ;
#2719 = CARTESIAN_POINT ( 'NONE',  ( 0.000000000000000000, -0.6600000000000000311, 0.000000000000000000 ) ) ;
#2720 = ORIENTED_EDGE ( 'NONE', *, *, #3100, .T. ) ;
#2721 = ORIENTED_EDGE ( 'NONE', *, *, #1446, .F. ) ;
#2722 = DIRECTION ( 'NONE',  ( 0.000000000000000000, 0.000000000000000000, 1.000000000000000000 ) ) ;
#2723 = PLANE ( 'NONE',  #1485 ) ;
#2724 = EDGE_CURVE ( 'NONE', #1174, #3005, #3068, .T. ) ;
#2725 = CIRCLE ( 'NONE', #2287, 1.000000000000002665 ) ;
#2726 = ORIENTED_EDGE ( 'NONE', *, *, #3083, .T. ) ;
#2727 = DIRECTION ( 'NONE',  ( -0.000000000000000000, 1.000000000000000000, -0.000000000000000000 ) ) ;
#2728 = ORIENTED_EDGE ( 'NONE', *, *, #3437, .T. ) ;
#2729 = EDGE_LOOP ( 'NONE', ( #2806, #2529, #2962, #2707 ) ) ;
#2730 = AXIS2_PLACEMENT_3D ( 'NONE', #3282, #1724, #1409 ) ;
#2731 = CARTESIAN_POINT ( 'NONE',  ( 0.000000000000000000, -0.6600000000000000311, 0.000000000000000000 ) ) ;
#2732 = DIRECTION ( 'NONE',  ( 0.000000000000000000, 0.000000000000000000, 1.000000000000000000 ) ) ;
#2733 = EDGE_CURVE ( 'NONE', #2776, #859, #3419, .T. ) ;
#2734 = DIRECTION ( 'NONE',  ( -0.000000000000000000, 1.000000000000000000, -0.000000000000000000 ) ) ;
#2735 = EDGE_CURVE ( 'NONE', #2281, #300, #1842, .T. ) ;
#2736 = ORIENTED_EDGE ( 'NONE', *, *, #959, .F. ) ;
#2737 = EDGE_LOOP ( 'NONE', ( #852, #2099, #56, #706 ) ) ;
#2738 = CARTESIAN_POINT ( 'NONE',  ( 10.45587771842284219, -0.05999999999999994227, -12.17690934257905333 ) ) ;
#2739 = CARTESIAN_POINT ( 'NONE',  ( 0.000000000000000000, -0.05999999999999994227, 0.000000000000000000 ) ) ;
#2740 = VECTOR ( 'NONE', #2090, 1000.000000000000227 ) ;
#2741 = CONICAL_SURFACE ( 'NONE', #735, 14.00000000000000000, 0.2653320862089845189 ) ;
#2742 = ORIENTED_EDGE ( 'NONE', *, *, #2981, .T. ) ;
#2743 = ORIENTED_EDGE ( 'NONE', *, *, #129, .T. ) ;
#2744 = ADVANCED_FACE ( 'NONE', ( #537 ), #2128, .T. ) ;
#2745 = CARTESIAN_POINT ( 'NONE',  ( 0.000000000000000000, -3.725774140198883089, 0.000000000000000000 ) ) ;
#2746 = ORIENTED_EDGE ( 'NONE', *, *, #2525, .T. ) ;
#2747 = VERTEX_POINT ( 'NONE', #521 ) ;
#2748 = DIRECTION ( 'NONE',  ( -0.2064075670373137217, -0.8906693003304956280, -0.4050976594828983313 ) ) ;
#2749 = LINE ( 'NONE', #1463, #845 ) ;
#2750 = EDGE_CURVE ( 'NONE', #2815, #1554, #1071, .T. ) ;
#2751 = AXIS2_PLACEMENT_3D ( 'NONE', #2119, #2413, #2135 ) ;
#2752 = CARTESIAN_POINT ( 'NONE',  ( -14.72978563762974780, 0.8092608169502566451, 0.7719553545875119660 ) ) ;
#2753 = VERTEX_POINT ( 'NONE', #848 ) ;
#2754 = EDGE_CURVE ( 'NONE', #1911, #840, #2020, .T. ) ;
#2755 = ORIENTED_EDGE ( 'NONE', *, *, #2706, .T. ) ;
#2756 = DIRECTION ( 'NONE',  ( -0.5446390350150298598, 0.000000000000000000, 0.8386705679454222739 ) ) ;
#2757 = CARTESIAN_POINT ( 'NONE',  ( 4.773355203741871833, -0.6600000000000000311, 9.368237069364719005 ) ) ;
#2758 = ORIENTED_EDGE ( 'NONE', *, *, #976, .F. ) ;
#2759 = ORIENTED_EDGE ( 'NONE', *, *, #2735, .F. ) ;
#2760 = CARTESIAN_POINT ( 'NONE',  ( 6.355866996357293353, -0.6600000000000000311, 12.47409133863529362 ) ) ;
#2761 = ORIENTED_EDGE ( 'NONE', *, *, #279, .T. ) ;
#2762 = CARTESIAN_POINT ( 'NONE',  ( 0.000000000000000000, -52.18000000000005656, 0.000000000000000000 ) ) ;
#2763 = ORIENTED_EDGE ( 'NONE', *, *, #2975, .T. ) ;
#2764 = DIRECTION ( 'NONE',  ( -0.1077855619060388154, 0.3056552772629507198, -0.9460217355462336997 ) ) ;
#2765 = CIRCLE ( 'NONE', #3421, 11.41919892417545235 ) ;
#2766 = DIRECTION ( 'NONE',  ( -0.000000000000000000, 1.000000000000000000, -0.000000000000000000 ) ) ;
#2767 = CARTESIAN_POINT ( 'NONE',  ( 9.368237069365946468, -0.6600000000000000311, -4.773355203739462205 ) ) ;
#2768 = AXIS2_PLACEMENT_3D ( 'NONE', #1540, #1315, #1577 ) ;
#2769 = EDGE_CURVE ( 'NONE', #1081, #2569, #2460, .T. ) ;
#2770 = DIRECTION ( 'NONE',  ( 0.5446390350150298598, 0.000000000000000000, -0.8386705679454222739 ) ) ;
#2771 = ORIENTED_EDGE ( 'NONE', *, *, #3131, .T. ) ;
#2772 = ORIENTED_EDGE ( 'NONE', *, *, #1231, .F. ) ;
#2773 = CARTESIAN_POINT ( 'NONE',  ( 8.817965402408951547, -0.6600000000000000311, 5.726453688874780568 ) ) ;
#2774 = CARTESIAN_POINT ( 'NONE',  ( 0.000000000000000000, -0.6599999999999998090, 0.000000000000000000 ) ) ;
#2775 = VECTOR ( 'NONE', #2567, 999.9999999999998863 ) ;
#2776 = VERTEX_POINT ( 'NONE', #2935 ) ;
#2777 = CARTESIAN_POINT ( 'NONE',  ( 0.000000000000000000, -0.6600000000000000311, 0.000000000000000000 ) ) ;
#2778 = AXIS2_PLACEMENT_3D ( 'NONE', #1601, #1324, #2920 ) ;
#2779 = ORIENTED_EDGE ( 'NONE', *, *, #2422, .T. ) ;
#2780 = LINE ( 'NONE', #1979, #187 ) ;
#2781 = DIRECTION ( 'NONE',  ( 0.000000000000000000, 0.000000000000000000, 1.000000000000000000 ) ) ;
#2782 = CIRCLE ( 'NONE', #1108, 14.42527322587259953 ) ;
#2783 = ORIENTED_EDGE ( 'NONE', *, *, #2283, .F. ) ;
#2784 = CARTESIAN_POINT ( 'NONE',  ( 0.000000000000000000, 0.8092608169502585325, 0.000000000000000000 ) ) ;
#2785 = AXIS2_PLACEMENT_3D ( 'NONE', #2155, #1088, #551 ) ;
#2786 = CARTESIAN_POINT ( 'NONE',  ( -0.7549604683366966107, 0.9050054712111608168, 14.40550389026103240 ) ) ;
#2787 = EDGE_CURVE ( 'NONE', #2865, #1174, #2141, .T. ) ;
#2788 = DIRECTION ( 'NONE',  ( 0.000000000000000000, 1.000000000000000000, 0.000000000000000000 ) ) ;
#2789 = ORIENTED_EDGE ( 'NONE', *, *, #3274, .T. ) ;
#2790 = DIRECTION ( 'NONE',  ( 0.000000000000000000, 1.000000000000000000, 0.000000000000000000 ) ) ;
#2791 = DIRECTION ( 'NONE',  ( 0.000000000000000000, -1.000000000000000000, 0.000000000000000000 ) ) ;
#2792 = CIRCLE ( 'NONE', #2173, 14.75000000000000000 ) ;
#2793 = EDGE_CURVE ( 'NONE', #3029, #2448, #2417, .T. ) ;
#2794 = ORIENTED_EDGE ( 'NONE', *, *, #3235, .T. ) ;
#2795 = CARTESIAN_POINT ( 'NONE',  ( 9.646872667024320336, 2.899999999999999911, -12.76471103261718376 ) ) ;
#2796 = DIRECTION ( 'NONE',  ( 0.000000000000000000, -1.000000000000000000, 0.000000000000000000 ) ) ;
#2797 = AXIS2_PLACEMENT_3D ( 'NONE', #1709, #1936, #642 ) ;
#2798 = VERTEX_POINT ( 'NONE', #1897 ) ;
#2799 = ADVANCED_FACE ( 'NONE', ( #554 ), #402, .T. ) ;
#2800 = CARTESIAN_POINT ( 'NONE',  ( 0.000000000000000000, -0.6599999999999999201, 0.000000000000000000 ) ) ;
#2801 = ORIENTED_EDGE ( 'NONE', *, *, #3274, .F. ) ;
#2802 = CARTESIAN_POINT ( 'NONE',  ( 5.184207826211705950, -0.05999999999999994227, -10.17458074244509092 ) ) ;
#2803 = DIRECTION ( 'NONE',  ( -0.5446390350151054660, 0.000000000000000000, -0.8386705679453730911 ) ) ;
#2804 = CARTESIAN_POINT ( 'NONE',  ( 0.000000000000000000, -3.725774140198887530, 0.000000000000000000 ) ) ;
#2805 = CIRCLE ( 'NONE', #2194, 14.75000000000000000 ) ;
#2806 = ORIENTED_EDGE ( 'NONE', *, *, #2858, .F. ) ;
#2807 = CARTESIAN_POINT ( 'NONE',  ( 0.000000000000000000, -0.6600000000000000311, 0.000000000000000000 ) ) ;
#2808 = AXIS2_PLACEMENT_3D ( 'NONE', #1569, #2635, #1220 ) ;
#2809 = CYLINDRICAL_SURFACE ( 'NONE', #1247, 10.51421826332841647 ) ;
#2810 = ORIENTED_EDGE ( 'NONE', *, *, #1426, .T. ) ;
#2811 = CARTESIAN_POINT ( 'NONE',  ( 0.000000000000000000, -0.05999999999999994227, 0.000000000000000000 ) ) ;
#2812 = CARTESIAN_POINT ( 'NONE',  ( 0.000000000000000000, -0.05999999999999994227, 0.000000000000000000 ) ) ;
#2813 = ORIENTED_EDGE ( 'NONE', *, *, #2835, .F. ) ;
#2814 = EDGE_CURVE ( 'NONE', #1926, #2030, #1180, .T. ) ;
#2815 = VERTEX_POINT ( 'NONE', #1984 ) ;
#2816 = CARTESIAN_POINT ( 'NONE',  ( -1.669747403076628389, 2.100000000000000089, -14.65518487122966462 ) ) ;
#2817 = AXIS2_PLACEMENT_3D ( 'NONE', #109, #1175, #3292 ) ;
#2818 = CARTESIAN_POINT ( 'NONE',  ( 0.000000000000000000, -52.18000000000005656, 0.000000000000000000 ) ) ;
#2819 = CARTESIAN_POINT ( 'NONE',  ( 0.000000000000000000, 2.100000000000000089, 0.000000000000000000 ) ) ;
#2820 = VECTOR ( 'NONE', #1590, 1000.000000000000000 ) ;
#2821 = CARTESIAN_POINT ( 'NONE',  ( 0.000000000000000000, -0.6600000000000000311, 0.000000000000000000 ) ) ;
#2822 = AXIS2_PLACEMENT_3D ( 'NONE', #2923, #542, #2344 ) ;
#2823 = VERTEX_POINT ( 'NONE', #3265 ) ;
#2824 = CARTESIAN_POINT ( 'NONE',  ( 0.000000000000000000, -0.6600000000000000311, 0.000000000000000000 ) ) ;
#2825 = CARTESIAN_POINT ( 'NONE',  ( 4.773355203739146901, -0.05999999999999994227, -9.368237069366106340 ) ) ;
#2826 = AXIS2_PLACEMENT_3D ( 'NONE', #3043, #2992, #366 ) ;
#2827 = AXIS2_PLACEMENT_3D ( 'NONE', #907, #1903, #1152 ) ;
#2828 = EDGE_LOOP ( 'NONE', ( #2720, #2272, #3412, #2801 ) ) ;
#2829 = DIRECTION ( 'NONE',  ( 0.000000000000000000, 1.000000000000000000, 0.000000000000000000 ) ) ;
#2830 = CARTESIAN_POINT ( 'NONE',  ( 0.000000000000000000, -52.18000000000005656, 0.000000000000000000 ) ) ;
#2831 = ORIENTED_EDGE ( 'NONE', *, *, #2689, .F. ) ;
#2832 = EDGE_CURVE ( 'NONE', #3078, #2884, #398, .T. ) ;
#2833 = ORIENTED_EDGE ( 'NONE', *, *, #1766, .T. ) ;
#2834 = FACE_OUTER_BOUND ( 'NONE', #909, .T. ) ;
#2835 = EDGE_CURVE ( 'NONE', #1210, #676, #1462, .T. ) ;
#2836 = VECTOR ( 'NONE', #2392, 1000.000000000000000 ) ;
#2837 = FACE_OUTER_BOUND ( 'NONE', #2505, .T. ) ;
#2838 = PLANE ( 'NONE',  #3217 ) ;
#2839 = ADVANCED_FACE ( 'NONE', ( #363 ), #2741, .F. ) ;
#2840 = DIRECTION ( 'NONE',  ( 0.4539904997398067632, 0.000000000000000000, 0.8910065241882354492 ) ) ;
#2841 = ORIENTED_EDGE ( 'NONE', *, *, #1621, .T. ) ;
#2842 = DIRECTION ( 'NONE',  ( 0.000000000000000000, -1.000000000000000000, 0.000000000000000000 ) ) ;
#2843 = AXIS2_PLACEMENT_3D ( 'NONE', #2506, #116, #3037 ) ;
#2844 = DIRECTION ( 'NONE',  ( -0.000000000000000000, -1.000000000000000000, -0.000000000000000000 ) ) ;
#2845 = VERTEX_POINT ( 'NONE', #884 ) ;
#2846 = DIRECTION ( 'NONE',  ( -0.000000000000000000, 1.000000000000000000, -0.000000000000000000 ) ) ;
#2847 = DIRECTION ( 'NONE',  ( 0.000000000000000000, 0.000000000000000000, -1.000000000000000000 ) ) ;
#2848 = ORIENTED_EDGE ( 'NONE', *, *, #208, .F. ) ;
#2849 = CARTESIAN_POINT ( 'NONE',  ( 0.000000000000000000, -0.05999999999999994227, 0.000000000000000000 ) ) ;
#2850 = ADVANCED_FACE ( 'NONE', ( #1654 ), #2253, .F. ) ;
#2851 = DIRECTION ( 'NONE',  ( -0.000000000000000000, 1.000000000000000000, -0.000000000000000000 ) ) ;
#2852 = SURFACE_SIDE_STYLE ('',( #2106 ) ) ;
#2853 = EDGE_CURVE ( 'NONE', #2562, #155, #95, .T. ) ;
#2854 = CARTESIAN_POINT ( 'NONE',  ( 0.000000000000000000, -0.05999999999999994227, 0.000000000000000000 ) ) ;
#2855 = ORIENTED_EDGE ( 'NONE', *, *, #1923, .T. ) ;
#2856 = DIRECTION ( 'NONE',  ( 0.8386705679454115048, 0.000000000000000000, -0.5446390350150464021 ) ) ;
#2857 = CARTESIAN_POINT ( 'NONE',  ( 0.000000000000000000, 0.9050054712111702537, 0.000000000000000000 ) ) ;
#2858 = EDGE_CURVE ( 'NONE', #2692, #2327, #1933, .T. ) ;
#2859 = EDGE_LOOP ( 'NONE', ( #3353, #349 ) ) ;
#2860 = CARTESIAN_POINT ( 'NONE',  ( 4.773355203739146901, -0.6600000000000000311, -9.368237069366106340 ) ) ;
#2861 = VECTOR ( 'NONE', #600, 1000.000000000000000 ) ;
#2862 = DIRECTION ( 'NONE',  ( -0.01372404459669545988, -0.9650054712111678645, -0.2618703708563067112 ) ) ;
#2863 = ORIENTED_EDGE ( 'NONE', *, *, #3350, .F. ) ;
#2864 = CARTESIAN_POINT ( 'NONE',  ( 1.806354028742345802E-15, 2.899999999999999911, 14.75000000000000000 ) ) ;
#2865 = VERTEX_POINT ( 'NONE', #1145 ) ;
#2866 = CARTESIAN_POINT ( 'NONE',  ( 0.000000000000000000, -0.05999999999999994227, 0.000000000000000000 ) ) ;
#2867 = CARTESIAN_POINT ( 'NONE',  ( -14.72978563763016524, 0.8092608169502585325, -0.7719553545795683203 ) ) ;
#2868 = ORIENTED_EDGE ( 'NONE', *, *, #1593, .T. ) ;
#2869 = CARTESIAN_POINT ( 'NONE',  ( -12.37039087719634622, 0.8092608169502585325, -8.033425766469580509 ) ) ;
#2870 = CIRCLE ( 'NONE', #1428, 10.51421826332841647 ) ;
#2871 = EDGE_CURVE ( 'NONE', #2208, #3078, #659, .T. ) ;
#2872 = DIRECTION ( 'NONE',  ( -0.000000000000000000, 1.000000000000000000, -0.000000000000000000 ) ) ;
#2873 = EDGE_LOOP ( 'NONE', ( #314, #1422, #3444, #1946, #120, #1413, #3116 ) ) ;
#2874 = DIRECTION ( 'NONE',  ( 0.9508373654494652882, -0.3056552772629507198, 0.04983127478229455037 ) ) ;
#2875 = DIRECTION ( 'NONE',  ( -0.000000000000000000, -1.000000000000000000, -0.000000000000000000 ) ) ;
#2876 = VECTOR ( 'NONE', #1611, 1000.000000000000227 ) ;
#2877 = ORIENTED_EDGE ( 'NONE', *, *, #1254, .F. ) ;
#2878 = ADVANCED_FACE ( 'NONE', ( #620 ), #1235, .F. ) ;
#2879 = CONICAL_SURFACE ( 'NONE', #2550, 11.41919892417541860, 1.260169759845757964 ) ;
#2880 = LINE ( 'NONE', #1497, #704 ) ;
#2881 = ORIENTED_EDGE ( 'NONE', *, *, #1705, .F. ) ;
#2882 = EDGE_CURVE ( 'NONE', #3122, #1138, #3248, .T. ) ;
#2883 = CARTESIAN_POINT ( 'NONE',  ( 0.000000000000000000, -0.05999999999999994227, 0.000000000000000000 ) ) ;
#2884 = VERTEX_POINT ( 'NONE', #937 ) ;
#2885 = FACE_OUTER_BOUND ( 'NONE', #2224, .T. ) ;
#2886 = DIRECTION ( 'NONE',  ( -0.9986295347545876000, 0.000000000000000000, -0.05233595624268260610 ) ) ;
#2887 = FACE_OUTER_BOUND ( 'NONE', #1742, .T. ) ;
#2888 = ORIENTED_EDGE ( 'NONE', *, *, #449, .F. ) ;
#2889 = DIRECTION ( 'NONE',  ( 0.2476210806072981219, -0.8906693003304955170, 0.3813030263290070332 ) ) ;
#2890 = CARTESIAN_POINT ( 'NONE',  ( -8.033425766472806373, -0.6600000000000000311, -12.37039087719425368 ) ) ;
#2891 = EDGE_CURVE ( 'NONE', #3234, #915, #2212, .T. ) ;
#2892 = CIRCLE ( 'NONE', #51, 14.75000000000000000 ) ;
#2893 = VERTEX_POINT ( 'NONE', #1688 ) ;
#2894 = DIRECTION ( 'NONE',  ( 0.000000000000000000, -0.000000000000000000, -1.000000000000000000 ) ) ;
#2895 = DIRECTION ( 'NONE',  ( -0.000000000000000000, 1.000000000000000000, -0.000000000000000000 ) ) ;
#2896 = VERTEX_POINT ( 'NONE', #1163 ) ;
#2897 = EDGE_CURVE ( 'NONE', #2537, #894, #2749, .T. ) ;
#2898 = ORIENTED_EDGE ( 'NONE', *, *, #1392, .F. ) ;
#2899 = FACE_OUTER_BOUND ( 'NONE', #3155, .T. ) ;
#2900 = EDGE_CURVE ( 'NONE', #1251, #483, #2267, .T. ) ;
#2901 = EDGE_LOOP ( 'NONE', ( #1122, #593, #2017, #940 ) ) ;
#2902 = PLANE ( 'NONE',  #2615 ) ;
#2903 = DIRECTION ( 'NONE',  ( 0.000000000000000000, 0.000000000000000000, -1.000000000000000000 ) ) ;
#2904 = AXIS2_PLACEMENT_3D ( 'NONE', #713, #2025, #1285 ) ;
#2905 = DIRECTION ( 'NONE',  ( -0.000000000000000000, 1.000000000000000000, -0.000000000000000000 ) ) ;
#2906 = DIRECTION ( 'NONE',  ( 0.5446390350150464021, 0.000000000000000000, 0.8386705679454115048 ) ) ;
#2907 = CARTESIAN_POINT ( 'NONE',  ( 0.000000000000000000, -0.6599999999999998090, 0.000000000000000000 ) ) ;
#2908 = VERTEX_POINT ( 'NONE', #1966 ) ;
#2909 = PLANE ( 'NONE',  #3261 ) ;
#2910 = DIRECTION ( 'NONE',  ( 0.000000000000000000, 0.000000000000000000, 1.000000000000000000 ) ) ;
#2911 = AXIS2_PLACEMENT_3D ( 'NONE', #807, #3429, #2644 ) ;
#2912 = EDGE_CURVE ( 'NONE', #1168, #3198, #3021, .T. ) ;
#2913 = CIRCLE ( 'NONE', #695, 15.44999999999999929 ) ;
#2914 = CARTESIAN_POINT ( 'NONE',  ( 1.669747403076628389, 2.100000000000000089, -14.65518487122966462 ) ) ;
#2915 = DIRECTION ( 'NONE',  ( -0.000000000000000000, -1.000000000000000000, -0.000000000000000000 ) ) ;
#2916 = ORIENTED_EDGE ( 'NONE', *, *, #2928, .T. ) ;
#2917 = CARTESIAN_POINT ( 'NONE',  ( -10.45587771842282443, -0.05999999999999994227, 12.17690934257905333 ) ) ;
#2918 = CARTESIAN_POINT ( 'NONE',  ( 0.000000000000000000, -0.05999999999999994227, 0.000000000000000000 ) ) ;
#2919 = DIRECTION ( 'NONE',  ( -3.552713678800500929E-15, 0.000000000000000000, -1.000000000000000000 ) ) ;
#2920 = DIRECTION ( 'NONE',  ( 0.000000000000000000, 0.000000000000000000, -1.000000000000000000 ) ) ;
#2921 = CARTESIAN_POINT ( 'NONE',  ( 0.000000000000000000, -0.05999999999999994227, 0.000000000000000000 ) ) ;
#2922 = ORIENTED_EDGE ( 'NONE', *, *, #3038, .F. ) ;
#2923 = CARTESIAN_POINT ( 'NONE',  ( 0.000000000000000000, -0.6599999999999999201, 0.000000000000000000 ) ) ;
#2924 = DIRECTION ( 'NONE',  ( -0.4540286476444606034, -0.8906693003304955170, -0.02379463315387935277 ) ) ;
#2925 = AXIS2_PLACEMENT_3D ( 'NONE', #595, #29, #2910 ) ;
#2926 = VECTOR ( 'NONE', #2399, 1000.000000000000000 ) ;
#2927 = DIRECTION ( 'NONE',  ( 0.1190498141648428931, -0.9650054712111678645, 0.2336484159583112896 ) ) ;
#2928 = EDGE_CURVE ( 'NONE', #2633, #3106, #3176, .T. ) ;
#2929 = FACE_OUTER_BOUND ( 'NONE', #285, .T. ) ;
#2930 = EDGE_CURVE ( 'NONE', #1243, #2639, #3298, .T. ) ;
#2931 = ORIENTED_EDGE ( 'NONE', *, *, #81, .F. ) ;
#2932 = FACE_OUTER_BOUND ( 'NONE', #2668, .T. ) ;
#2933 = DIRECTION ( 'NONE',  ( -0.000000000000000000, 1.000000000000000000, -0.000000000000000000 ) ) ;
#2934 = VECTOR ( 'NONE', #2846, 1000.000000000000000 ) ;
#2935 = CARTESIAN_POINT ( 'NONE',  ( -12.37039087719223751, 2.100000000000000089, 8.033425766475913221 ) ) ;
#2936 = CARTESIAN_POINT ( 'NONE',  ( -1.190243297665998679, -0.05999999999999994227, -10.44663135088388195 ) ) ;
#2937 = AXIS2_PLACEMENT_3D ( 'NONE', #2953, #1355, #1672 ) ;
#2938 = DIRECTION ( 'NONE',  ( 0.000000000000000000, 0.000000000000000000, 1.000000000000000000 ) ) ;
#2939 = ADVANCED_FACE ( 'NONE', ( #133 ), #2301, .F. ) ;
#2940 = EDGE_LOOP ( 'NONE', ( #2218, #2728, #1053, #957, #2070, #1448, #1292 ) ) ;
#2941 = DIRECTION ( 'NONE',  ( -0.000000000000000000, 1.000000000000000000, -0.000000000000000000 ) ) ;
#2942 = CARTESIAN_POINT ( 'NONE',  ( 4.773355203739146901, -0.6599999999999999201, -9.368237069366106340 ) ) ;
#2943 = AXIS2_PLACEMENT_3D ( 'NONE', #261, #556, #1325 ) ;
#2944 = CARTESIAN_POINT ( 'NONE',  ( -5.726453688873315073, -0.6600000000000000311, 8.817965402409903675 ) ) ;
#2945 = LINE ( 'NONE', #1871, #465 ) ;
#2946 = ORIENTED_EDGE ( 'NONE', *, *, #707, .T. ) ;
#2947 = VERTEX_POINT ( 'NONE', #587 ) ;
#2948 = DIRECTION ( 'NONE',  ( 0.000000000000000000, -0.000000000000000000, 1.000000000000000000 ) ) ;
#2949 = CARTESIAN_POINT ( 'NONE',  ( 12.85301255745346083, 0.9050054712111677002, 6.548937000691068100 ) ) ;
#2950 = AXIS2_PLACEMENT_3D ( 'NONE', #220, #2933, #2353 ) ;
#2951 = DIRECTION ( 'NONE',  ( -0.7985336759555264896, -0.3056552772629523851, -0.5185738325892097489 ) ) ;
#2952 = AXIS2_PLACEMENT_3D ( 'NONE', #2821, #2595, #503 ) ;
#2953 = CARTESIAN_POINT ( 'NONE',  ( 0.000000000000000000, -0.6599999999999998090, 0.000000000000000000 ) ) ;
#2954 = CIRCLE ( 'NONE', #2461, 11.41919892417543281 ) ;
#2955 = CARTESIAN_POINT ( 'NONE',  ( 0.000000000000000000, -0.05999999999999994227, 0.000000000000000000 ) ) ;
#2956 = EDGE_CURVE ( 'NONE', #2230, #977, #1228, .T. ) ;
#2957 = EDGE_LOOP ( 'NONE', ( #681, #1740, #1680, #880, #515, #3431, #650 ) ) ;
#2958 = ORIENTED_EDGE ( 'NONE', *, *, #2853, .T. ) ;
#2959 = DIRECTION ( 'NONE',  ( 0.000000000000000000, 0.000000000000000000, 1.000000000000000000 ) ) ;
#2960 = DIRECTION ( 'NONE',  ( -0.8910065241884520537, 0.000000000000000000, -0.4539904997393815478 ) ) ;
#2961 = EDGE_CURVE ( 'NONE', #163, #36, #953, .T. ) ;
#2962 = ORIENTED_EDGE ( 'NONE', *, *, #883, .T. ) ;
#2963 = ORIENTED_EDGE ( 'NONE', *, *, #1959, .F. ) ;
#2964 = CIRCLE ( 'NONE', #3242, 14.75000000000000000 ) ;
#2965 = CARTESIAN_POINT ( 'NONE',  ( -6.696359871153478416, 0.8092608169502530924, 13.14234623178089301 ) ) ;
#2966 = ORIENTED_EDGE ( 'NONE', *, *, #461, .F. ) ;
#2967 = ORIENTED_EDGE ( 'NONE', *, *, #896, .T. ) ;
#2968 = DIRECTION ( 'NONE',  ( 0.000000000000000000, 1.000000000000000000, 0.000000000000000000 ) ) ;
#2969 = AXIS2_PLACEMENT_3D ( 'NONE', #2774, #2241, #648 ) ;
#2970 = DIRECTION ( 'NONE',  ( -0.000000000000000000, 1.000000000000000000, -0.000000000000000000 ) ) ;
#2971 = CARTESIAN_POINT ( 'NONE',  ( 0.000000000000000000, -0.05999999999999994227, 11.41919892417543281 ) ) ;
#2972 = CARTESIAN_POINT ( 'NONE',  ( 0.000000000000000000, -0.6600000000000000311, 0.000000000000000000 ) ) ;
#2973 = LINE ( 'NONE', #2921, #1451 ) ;
#2974 = ORIENTED_EDGE ( 'NONE', *, *, #2196, .T. ) ;
#2975 = EDGE_CURVE ( 'NONE', #2714, #3327, #150, .T. ) ;
#2976 = ORIENTED_EDGE ( 'NONE', *, *, #1338, .T. ) ;
#2977 = DIRECTION ( 'NONE',  ( 0.9986295347545594003, 0.000000000000000000, -0.05233595624322116141 ) ) ;
#2978 = LINE ( 'NONE', #787, #1872 ) ;
#2979 = CIRCLE ( 'NONE', #643, 10.51421826332841647 ) ;
#2980 = VECTOR ( 'NONE', #2326, 1000.000000000000227 ) ;
#2981 = EDGE_CURVE ( 'NONE', #3129, #2893, #2021, .T. ) ;
#2982 = ORIENTED_EDGE ( 'NONE', *, *, #2288, .T. ) ;
#2983 = CARTESIAN_POINT ( 'NONE',  ( 0.000000000000000000, -0.05999999999999994227, 0.000000000000000000 ) ) ;
#2984 = VECTOR ( 'NONE', #3199, 1000.000000000000000 ) ;
#2985 = ORIENTED_EDGE ( 'NONE', *, *, #2342, .F. ) ;
#2986 = VERTEX_POINT ( 'NONE', #2284 ) ;
#2987 = CARTESIAN_POINT ( 'NONE',  ( -14.72978563762974957, 2.100000000000000089, 0.7719553545875119660 ) ) ;
#2988 = PRODUCT_DEFINITION ( 'UNKNOWN', '', #1432, #506 ) ;
#2989 = CARTESIAN_POINT ( 'NONE',  ( 0.000000000000000000, -52.18000000000005656, 0.000000000000000000 ) ) ;
#2990 = AXIS2_PLACEMENT_3D ( 'NONE', #2008, #2842, #2514 ) ;
#2991 = LINE ( 'NONE', #2527, #1330 ) ;
#2992 = DIRECTION ( 'NONE',  ( 0.000000000000000000, 0.000000000000000000, 1.000000000000000000 ) ) ;
#2993 = VERTEX_POINT ( 'NONE', #1496 ) ;
#2994 = AXIS2_PLACEMENT_3D ( 'NONE', #224, #1269, #2665 ) ;
#2995 = VERTEX_POINT ( 'NONE', #1280 ) ;
#2996 = CARTESIAN_POINT ( 'NONE',  ( 13.14234623177964245, 2.100000000000000089, 6.696359871155926236 ) ) ;
#2997 = ADVANCED_FACE ( 'NONE', ( #1001, #1526 ), #416, .F. ) ;
#2998 = PLANE ( 'NONE',  #1193 ) ;
#2999 = VERTEX_POINT ( 'NONE', #3330 ) ;
#3000 = AXIS2_PLACEMENT_3D ( 'NONE', #2715, #2415, #2948 ) ;
#3001 = ORIENTED_EDGE ( 'NONE', *, *, #1750, .T. ) ;
#3002 = ADVANCED_FACE ( 'NONE', ( #2350 ), #514, .F. ) ;
#3003 = DIRECTION ( 'NONE',  ( -0.8483649507379499299, -0.3056552772629525516, 0.4322635328601097671 ) ) ;
#3004 = ORIENTED_EDGE ( 'NONE', *, *, #494, .T. ) ;
#3005 = VERTEX_POINT ( 'NONE', #2802 ) ;
#3006 = DIRECTION ( 'NONE',  ( -0.000000000000000000, 1.000000000000000000, -0.000000000000000000 ) ) ;
#3007 = CARTESIAN_POINT ( 'NONE',  ( 8.712430280894182033, 1.419999999999999485, -13.12082537802244531 ) ) ;
#3008 = FACE_OUTER_BOUND ( 'NONE', #1218, .T. ) ;
#3009 = VERTEX_POINT ( 'NONE', #1804 ) ;
#3010 = EDGE_LOOP ( 'NONE', ( #2772, #458, #1698, #2308, #562, #1823 ) ) ;
#3011 = CARTESIAN_POINT ( 'NONE',  ( 13.14234623177964245, 0.8092608169502566451, 6.696359871155925347 ) ) ;
#3012 = DIRECTION ( 'NONE',  ( -0.000000000000000000, -1.000000000000000000, -0.000000000000000000 ) ) ;
#3013 = ORIENTED_EDGE ( 'NONE', *, *, #3214, .F. ) ;
#3014 = EDGE_LOOP ( 'NONE', ( #2229, #877, #2172, #425 ) ) ;
#3015 = ORIENTED_EDGE ( 'NONE', *, *, #1670, .T. ) ;
#3016 = DIRECTION ( 'NONE',  ( 0.2476210806071220127, -0.8906693003304955170, -0.3813030263291213307 ) ) ;
#3017 = VERTEX_POINT ( 'NONE', #2069 ) ;
#3018 = ORIENTED_EDGE ( 'NONE', *, *, #1941, .F. ) ;
#3019 = DIRECTION ( 'NONE',  ( 0.000000000000000000, 0.000000000000000000, -1.000000000000000000 ) ) ;
#3020 = EDGE_CURVE ( 'NONE', #2386, #1538, #968, .T. ) ;
#3021 = LINE ( 'NONE', #639, #180 ) ;
#3022 = DIRECTION ( 'NONE',  ( -0.000000000000000000, 1.000000000000000000, -0.000000000000000000 ) ) ;
#3023 = VECTOR ( 'NONE', #225, 1000.000000000000114 ) ;
#3024 = CARTESIAN_POINT ( 'NONE',  ( 13.14234623177819650, 2.100000000000000089, -6.696359871158769295 ) ) ;
#3025 = ORIENTED_EDGE ( 'NONE', *, *, #2328, .F. ) ;
#3026 = VERTEX_POINT ( 'NONE', #2864 ) ;
#3027 = DIRECTION ( 'NONE',  ( -0.000000000000000000, 1.000000000000000000, -0.000000000000000000 ) ) ;
#3028 = DIRECTION ( 'NONE',  ( 0.000000000000000000, -0.000000000000000000, -1.000000000000000000 ) ) ;
#3029 = VERTEX_POINT ( 'NONE', #477 ) ;
#3030 = AXIS2_PLACEMENT_3D ( 'NONE', #2432, #2796, #1473 ) ;
#3031 = ORIENTED_EDGE ( 'NONE', *, *, #1727, .F. ) ;
#3032 = FACE_OUTER_BOUND ( 'NONE', #2408, .T. ) ;
#3033 = ORIENTED_EDGE ( 'NONE', *, *, #1819, .F. ) ;
#3034 = DIRECTION ( 'NONE',  ( 0.000000000000000000, 0.000000000000000000, 1.000000000000000000 ) ) ;
#3035 = ORIENTED_EDGE ( 'NONE', *, *, #3049, .F. ) ;
#3036 = ORIENTED_EDGE ( 'NONE', *, *, #1131, .T. ) ;
#3037 = DIRECTION ( 'NONE',  ( 0.000000000000000000, 0.000000000000000000, -1.000000000000000000 ) ) ;
#3038 = EDGE_CURVE ( 'NONE', #2986, #2747, #1685, .T. ) ;
#3039 = CARTESIAN_POINT ( 'NONE',  ( 0.000000000000000000, -0.3599999999999982103, 0.000000000000000000 ) ) ;
#3040 = CARTESIAN_POINT ( 'NONE',  ( 8.817965402407663689, -0.05999999999999994227, -5.726453688876767423 ) ) ;
#3041 = CIRCLE ( 'NONE', #1261, 14.75000000000000000 ) ;
#3042 = ADVANCED_FACE ( 'NONE', ( #694 ), #232, .F. ) ;
#3043 = CARTESIAN_POINT ( 'NONE',  ( 0.000000000000000000, 0.000000000000000000, 0.000000000000000000 ) ) ;
#3044 = VECTOR ( 'NONE', #1252, 1000.000000000000000 ) ;
#3045 = ORIENTED_EDGE ( 'NONE', *, *, #3020, .T. ) ;
#3046 = LINE ( 'NONE', #1712, #2052 ) ;
#3047 = CARTESIAN_POINT ( 'NONE',  ( 0.000000000000000000, -0.05999999999999994227, 0.000000000000000000 ) ) ;
#3048 = AXIS2_PLACEMENT_3D ( 'NONE', #3067, #194, #3373 ) ;
#3049 = EDGE_CURVE ( 'NONE', #1873, #2776, #3092, .T. ) ;
#3050 = ORIENTED_EDGE ( 'NONE', *, *, #1511, .T. ) ;
#3051 = PLANE ( 'NONE',  #2507 ) ;
#3052 = DIRECTION ( 'NONE',  ( -0.000000000000000000, 1.000000000000000000, -0.000000000000000000 ) ) ;
#3053 = AXIS2_PLACEMENT_3D ( 'NONE', #3196, #622, #1374 ) ;
#3054 = ORIENTED_EDGE ( 'NONE', *, *, #726, .T. ) ;
#3055 = CARTESIAN_POINT ( 'NONE',  ( 0.000000000000000000, -0.05999999999999994227, 0.000000000000000000 ) ) ;
#3056 = AXIS2_PLACEMENT_3D ( 'NONE', #1301, #2372, #3415 ) ;
#3057 = EDGE_LOOP ( 'NONE', ( #739, #1866, #2411, #630, #1295, #3362, #1482 ) ) ;
#3058 = LINE ( 'NONE', #1479, #623 ) ;
#3059 = CIRCLE ( 'NONE', #1278, 11.41919892417543281 ) ;
#3060 = DIRECTION ( 'NONE',  ( 0.000000000000000000, 1.000000000000000000, 0.000000000000000000 ) ) ;
#3061 = LINE ( 'NONE', #1987, #1714 ) ;
#3062 = ORIENTED_EDGE ( 'NONE', *, *, #171, .T. ) ;
#3063 = FACE_OUTER_BOUND ( 'NONE', #2901, .T. ) ;
#3064 = EDGE_CURVE ( 'NONE', #649, #1938, #3058, .T. ) ;
#3065 = FACE_OUTER_BOUND ( 'NONE', #32, .T. ) ;
#3066 = ORIENTED_EDGE ( 'NONE', *, *, #99, .F. ) ;
#3067 = CARTESIAN_POINT ( 'NONE',  ( 0.000000000000000000, -0.6599999999999998090, 0.000000000000000000 ) ) ;
#3068 = CIRCLE ( 'NONE', #345, 11.41919892417542570 ) ;
#3069 = DIRECTION ( 'NONE',  ( -5.062616992290713824E-14, 0.000000000000000000, 1.000000000000000000 ) ) ;
#3070 = EDGE_CURVE ( 'NONE', #798, #649, #2954, .T. ) ;
#3071 = VECTOR ( 'NONE', #218, 1000.000000000000000 ) ;
#3072 = ORIENTED_EDGE ( 'NONE', *, *, #1029, .F. ) ;
#3073 = CARTESIAN_POINT ( 'NONE',  ( 0.000000000000000000, -3.725774140198897744, 0.000000000000000000 ) ) ;
#3074 = EDGE_LOOP ( 'NONE', ( #1368, #271, #1588, #2743 ) ) ;
#3075 = DIRECTION ( 'NONE',  ( -0.000000000000000000, 1.000000000000000000, -0.000000000000000000 ) ) ;
#3076 = LINE ( 'NONE', #2510, #1481 ) ;
#3077 = DIRECTION ( 'NONE',  ( -0.000000000000000000, 1.000000000000000000, -0.000000000000000000 ) ) ;
#3078 = VERTEX_POINT ( 'NONE', #1512 ) ;
#3079 = CARTESIAN_POINT ( 'NONE',  ( 0.000000000000000000, -0.05999999999999994227, 0.000000000000000000 ) ) ;
#3080 = VECTOR ( 'NONE', #153, 1000.000000000000227 ) ;
#3081 = CARTESIAN_POINT ( 'NONE',  ( -0.7719553545782262827, 2.100000000000000089, 14.72978563763023807 ) ) ;
#3082 = ADVANCED_FACE ( 'NONE', ( #2837 ), #1906, .F. ) ;
#3083 = EDGE_CURVE ( 'NONE', #1210, #83, #1744, .T. ) ;
#3084 = ORIENTED_EDGE ( 'NONE', *, *, #2398, .F. ) ;
#3085 = CARTESIAN_POINT ( 'NONE',  ( 0.000000000000000000, -0.3599999999999982103, 0.000000000000000000 ) ) ;
#3086 = CARTESIAN_POINT ( 'NONE',  ( 0.000000000000000000, 2.100000000000000089, -14.75000000000000000 ) ) ;
#3087 = VERTEX_POINT ( 'NONE', #2571 ) ;
#3088 = ORIENTED_EDGE ( 'NONE', *, *, #2706, .F. ) ;
#3089 = CARTESIAN_POINT ( 'NONE',  ( 6.696359871162148814, 0.8092608169502585325, 13.14234623177647165 ) ) ;
#3090 = EDGE_CURVE ( 'NONE', #773, #1847, #184, .T. ) ;
#3091 = AXIS2_PLACEMENT_3D ( 'NONE', #2777, #1455, #688 ) ;
#3092 = LINE ( 'NONE', #1777, #2521 ) ;
#3093 = ADVANCED_FACE ( 'NONE', ( #984 ), #727, .F. ) ;
#3094 = CIRCLE ( 'NONE', #1372, 11.41919892417541682 ) ;
#3095 = CARTESIAN_POINT ( 'NONE',  ( 0.000000000000000000, -0.6600000000000000311, 0.000000000000000000 ) ) ;
#3096 = ORIENTED_EDGE ( 'NONE', *, *, #1345, .T. ) ;
#3097 = DIRECTION ( 'NONE',  ( 0.000000000000000000, 0.000000000000000000, 1.000000000000000000 ) ) ;
#3098 = DIRECTION ( 'NONE',  ( 0.8386705679454115048, 0.000000000000000000, -0.5446390350150464021 ) ) ;
#3099 = B_SPLINE_CURVE_WITH_KNOTS ( 'NONE', 3,
 ( #2285, #1967, #3317, #641 ),
 .UNSPECIFIED., .F., .F.,
 ( 4, 4 ),
 ( 0.000000000000000000, 0.0004247918272590115027 ),
 .UNSPECIFIED. ) ;
#3100 = EDGE_CURVE ( 'NONE', #2395, #2986, #792, .T. ) ;
#3101 = CIRCLE ( 'NONE', #209, 14.75000000000000000 ) ;
#3102 = ORIENTED_EDGE ( 'NONE', *, *, #2581, .T. ) ;
#3103 = DIRECTION ( 'NONE',  ( 0.000000000000000000, 0.000000000000000000, -1.000000000000000000 ) ) ;
#3104 = CIRCLE ( 'NONE', #604, 14.75000000000000000 ) ;
#3105 = DIRECTION ( 'NONE',  ( 0.4539904997392188446, 0.000000000000000000, -0.8910065241885348764 ) ) ;
#3106 = VERTEX_POINT ( 'NONE', #823 ) ;
#3107 = LINE ( 'NONE', #1564, #3160 ) ;
#3108 = CIRCLE ( 'NONE', #386, 1.000000000000002665 ) ;
#3109 = EDGE_CURVE ( 'NONE', #2030, #2986, #251, .T. ) ;
#3110 = DIRECTION ( 'NONE',  ( 0.000000000000000000, 0.000000000000000000, 1.000000000000000000 ) ) ;
#3111 = VECTOR ( 'NONE', #2646, 1000.000000000000000 ) ;
#3112 = DIRECTION ( 'NONE',  ( -0.000000000000000000, 1.000000000000000000, -0.000000000000000000 ) ) ;
#3113 = ADVANCED_FACE ( 'NONE', ( #1316 ), #1854, .T. ) ;
#3114 = VECTOR ( 'NONE', #1375, 999.9999999999998863 ) ;
#3115 = CARTESIAN_POINT ( 'NONE',  ( 0.000000000000000000, 2.899999999999999911, 0.000000000000000000 ) ) ;
#3116 = ORIENTED_EDGE ( 'NONE', *, *, #2434, .T. ) ;
#3117 = DIRECTION ( 'NONE',  ( -0.000000000000000000, 1.000000000000000000, -0.000000000000000000 ) ) ;
#3118 = LINE ( 'NONE', #1798, #857 ) ;
#3119 = ORIENTED_EDGE ( 'NONE', *, *, #1832, .T. ) ;
#3120 = LINE ( 'NONE', #1521, #382 ) ;
#3121 = DIRECTION ( 'NONE',  ( 0.000000000000000000, 0.000000000000000000, -1.000000000000000000 ) ) ;
#3122 = VERTEX_POINT ( 'NONE', #3171 ) ;
#3123 = AXIS2_PLACEMENT_3D ( 'NONE', #3230, #1323, #781 ) ;
#3124 = DIRECTION ( 'NONE',  ( 0.000000000000000000, 0.000000000000000000, 1.000000000000000000 ) ) ;
#3125 = ADVANCED_FACE ( 'NONE', ( #2929 ), #1332, .T. ) ;
#3126 = VERTEX_POINT ( 'NONE', #2658 ) ;
#3127 = LINE ( 'NONE', #254, #829 ) ;
#3128 = CARTESIAN_POINT ( 'NONE',  ( 0.000000000000000000, -52.18000000000005656, 0.000000000000000000 ) ) ;
#3129 = VERTEX_POINT ( 'NONE', #2624 ) ;
#3130 = CARTESIAN_POINT ( 'NONE',  ( 9.368237069366976755, -0.6599999999999999201, 4.773355203737434493 ) ) ;
#3131 = EDGE_CURVE ( 'NONE', #2482, #3424, #2945, .T. ) ;
#3132 = CARTESIAN_POINT ( 'NONE',  ( 0.000000000000000000, -3.725774140198887530, 0.000000000000000000 ) ) ;
#3133 = ORIENTED_EDGE ( 'NONE', *, *, #1137, .F. ) ;
#3134 = LINE ( 'NONE', #751, #1934 ) ;
#3135 = LINE ( 'NONE', #1048, #2656 ) ;
#3136 = ORIENTED_EDGE ( 'NONE', *, *, #2640, .T. ) ;
#3137 = DIRECTION ( 'NONE',  ( 0.000000000000000000, 0.000000000000000000, 1.000000000000000000 ) ) ;
#3138 = CARTESIAN_POINT ( 'NONE',  ( -10.24452237947659583, 1.419999999999999485, 11.96295369950092713 ) ) ;
#3139 = CARTESIAN_POINT ( 'NONE',  ( 0.000000000000000000, -3.725774140198900408, 0.000000000000000000 ) ) ;
#3140 = VERTEX_POINT ( 'NONE', #547 ) ;
#3141 = ADVANCED_FACE ( 'NONE', ( #235 ), #3299, .F. ) ;
#3142 = FACE_OUTER_BOUND ( 'NONE', #3244, .T. ) ;
#3143 = VECTOR ( 'NONE', #2622, 1000.000000000000000 ) ;
#3144 = CARTESIAN_POINT ( 'NONE',  ( 0.000000000000000000, 2.100000000000000089, 0.000000000000000000 ) ) ;
#3145 = CARTESIAN_POINT ( 'NONE',  ( 13.14234623177819650, -0.6600000000000000311, -6.696359871158769295 ) ) ;
#3146 = ORIENTED_EDGE ( 'NONE', *, *, #3239, .T. ) ;
#3147 = CARTESIAN_POINT ( 'NONE',  ( 6.696359871158327870, -0.6600000000000000311, -13.14234623177841854 ) ) ;
#3148 = VECTOR ( 'NONE', #1030, 1000.000000000000000 ) ;
#3149 = LINE ( 'NONE', #2061, #1136 ) ;
#3150 = EDGE_CURVE ( 'NONE', #2555, #3295, #757, .T. ) ;
#3151 = VECTOR ( 'NONE', #2756, 1000.000000000000000 ) ;
#3152 = ORIENTED_EDGE ( 'NONE', *, *, #732, .F. ) ;
#3153 = CARTESIAN_POINT ( 'NONE',  ( -5.726453688877386483, -0.6600000000000000311, -8.817965402407256903 ) ) ;
#3154 = CARTESIAN_POINT ( 'NONE',  ( 0.000000000000000000, -3.725774140198897744, 0.000000000000000000 ) ) ;
#3155 = EDGE_LOOP ( 'NONE', ( #108, #1809, #3119, #1701 ) ) ;
#3156 = ADVANCED_FACE ( 'NONE', ( #2899 ), #564, .F. ) ;
#3157 = AXIS2_PLACEMENT_3D ( 'NONE', #2493, #1660, #2685 ) ;
#3158 = ORIENTED_EDGE ( 'NONE', *, *, #917, .T. ) ;
#3159 = DIRECTION ( 'NONE',  ( 0.3813030263290715927, -0.8906693003304955170, 0.2476210806071987847 ) ) ;
#3160 = VECTOR ( 'NONE', #728, 1000.000000000000114 ) ;
#3161 = EDGE_LOOP ( 'NONE', ( #1470, #511, #1756, #2036 ) ) ;
#3162 = DIRECTION ( 'NONE',  ( 0.000000000000000000, -0.000000000000000000, -1.000000000000000000 ) ) ;
#3163 = DIRECTION ( 'NONE',  ( 0.000000000000000000, -1.000000000000000000, 0.000000000000000000 ) ) ;
#3164 = DIRECTION ( 'NONE',  ( 0.000000000000000000, 0.000000000000000000, 1.000000000000000000 ) ) ;
#3165 = DIRECTION ( 'NONE',  ( -0.000000000000000000, -1.000000000000000000, -0.000000000000000000 ) ) ;
#3166 = EDGE_CURVE ( 'NONE', #1613, #2645, #2964, .T. ) ;
#3167 = ORIENTED_EDGE ( 'NONE', *, *, #788, .T. ) ;
#3168 = DIRECTION ( 'NONE',  ( 0.000000000000000000, 0.000000000000000000, 1.000000000000000000 ) ) ;
#3169 = CARTESIAN_POINT ( 'NONE',  ( 0.000000000000000000, 0.9050054712111624822, 0.000000000000000000 ) ) ;
#3170 = ORIENTED_EDGE ( 'NONE', *, *, #3249, .F. ) ;
#3171 = CARTESIAN_POINT ( 'NONE',  ( 10.24452237947660294, 2.899999999999999911, -11.96295369950091647 ) ) ;
#3172 = ORIENTED_EDGE ( 'NONE', *, *, #640, .F. ) ;
#3173 = CARTESIAN_POINT ( 'NONE',  ( -10.24452237947660116, -0.3599999999999982103, 11.96295369950093601 ) ) ;
#3174 = CARTESIAN_POINT ( 'NONE',  ( 8.033425766475042806, 2.100000000000000089, 12.37039087719279884 ) ) ;
#3175 = CIRCLE ( 'NONE', #3123, 14.42527322587259597 ) ;
#3176 = CIRCLE ( 'NONE', #404, 14.75000000000000000 ) ;
#3177 = DIRECTION ( 'NONE',  ( -0.000000000000000000, 1.000000000000000000, -0.000000000000000000 ) ) ;
#3178 = CARTESIAN_POINT ( 'NONE',  ( 10.24452237947661004, -0.3599999999999982103, -11.96295369950092358 ) ) ;
#3179 = ORIENTED_EDGE ( 'NONE', *, *, #1775, .F. ) ;
#3180 = DIRECTION ( 'NONE',  ( -0.000000000000000000, -1.000000000000000000, -0.000000000000000000 ) ) ;
#3181 = ORIENTED_EDGE ( 'NONE', *, *, #2116, .T. ) ;
#3182 = DIRECTION ( 'NONE',  ( -0.5446390350148574422, 0.000000000000000000, 0.8386705679455341844 ) ) ;
#3183 = ADVANCED_FACE ( 'NONE', ( #1630 ), #1695, .F. ) ;
#3184 = DIRECTION ( 'NONE',  ( 0.000000000000000000, -1.000000000000000000, 0.000000000000000000 ) ) ;
#3185 = EDGE_CURVE ( 'NONE', #2210, #1461, #2691, .T. ) ;
#3186 = AXIS2_PLACEMENT_3D ( 'NONE', #2883, #498, #2104 ) ;
#3187 = VECTOR ( 'NONE', #1204, 1000.000000000000000 ) ;
#3188 = EDGE_LOOP ( 'NONE', ( #768, #898, #297, #584 ) ) ;
#3189 = EDGE_CURVE ( 'NONE', #1167, #1632, #1245, .T. ) ;
#3190 = DIRECTION ( 'NONE',  ( -0.000000000000000000, -1.000000000000000000, -0.000000000000000000 ) ) ;
#3191 = ORIENTED_EDGE ( 'NONE', *, *, #3337, .T. ) ;
#3192 = CARTESIAN_POINT ( 'NONE',  ( 0.000000000000000000, -0.6599999999999998090, 0.000000000000000000 ) ) ;
#3193 = LINE ( 'NONE', #3210, #3221 ) ;
#3194 = EDGE_CURVE ( 'NONE', #357, #160, #72, .T. ) ;
#3195 = CARTESIAN_POINT ( 'NONE',  ( 0.000000000000000000, -3.725774140198883089, 0.000000000000000000 ) ) ;
#3196 = CARTESIAN_POINT ( 'NONE',  ( 0.000000000000000000, -0.05999999999999994227, 0.000000000000000000 ) ) ;
#3197 = DIRECTION ( 'NONE',  ( 0.2064075670372273186, -0.8906693003304956280, 0.4050976594829425181 ) ) ;
#3198 = VERTEX_POINT ( 'NONE', #1562 ) ;
#3199 = DIRECTION ( 'NONE',  ( -0.000000000000000000, 1.000000000000000000, -0.000000000000000000 ) ) ;
#3200 = CARTESIAN_POINT ( 'NONE',  ( -0.7719553545782261716, 0.8092608169502585325, 14.72978563763023629 ) ) ;
#3201 = EDGE_CURVE ( 'NONE', #1168, #2079, #1299, .T. ) ;
#3202 = ORIENTED_EDGE ( 'NONE', *, *, #1652, .F. ) ;
#3203 = AXIS2_PLACEMENT_3D ( 'NONE', #3192, #2968, #2450 ) ;
#3204 = ORIENTED_EDGE ( 'NONE', *, *, #3363, .T. ) ;
#3205 = DIRECTION ( 'NONE',  ( -0.1428205566915471403, -0.9650054712111678645, -0.2199243713616756968 ) ) ;
#3206 = EDGE_LOOP ( 'NONE', ( #193, #1658, #341, #214 ) ) ;
#3207 = ORIENTED_EDGE ( 'NONE', *, *, #2544, .F. ) ;
#3208 = DIRECTION ( 'NONE',  ( 0.000000000000000000, 0.000000000000000000, 1.000000000000000000 ) ) ;
#3209 = EDGE_CURVE ( 'NONE', #1168, #895, #913, .T. ) ;
#3210 = CARTESIAN_POINT ( 'NONE',  ( 0.000000000000000000, -52.18000000000005656, 0.000000000000000000 ) ) ;
#3211 = AXIS2_PLACEMENT_3D ( 'NONE', #3359, #995, #978 ) ;
#3212 = DIRECTION ( 'NONE',  ( 0.000000000000000000, 0.000000000000000000, 1.000000000000000000 ) ) ;
#3213 = DIRECTION ( 'NONE',  ( -0.9986295347545594003, 0.000000000000000000, 0.05233595624322116141 ) ) ;
#3214 = EDGE_CURVE ( 'NONE', #2547, #1720, #2471, .T. ) ;
#3215 = VECTOR ( 'NONE', #747, 1000.000000000000114 ) ;
#3216 = FACE_OUTER_BOUND ( 'NONE', #442, .T. ) ;
#3217 = AXIS2_PLACEMENT_3D ( 'NONE', #2866, #759, #237 ) ;
#3218 = ORIENTED_EDGE ( 'NONE', *, *, #239, .T. ) ;
#3219 = CARTESIAN_POINT ( 'NONE',  ( 9.646872667024320336, -0.05999999999999994227, -12.76471103261718376 ) ) ;
#3220 = DIRECTION ( 'NONE',  ( 0.000000000000000000, -0.000000000000000000, -1.000000000000000000 ) ) ;
#3221 = VECTOR ( 'NONE', #569, 1000.000000000000114 ) ;
#3222 = ORIENTED_EDGE ( 'NONE', *, *, #2223, .F. ) ;
#3223 = ORIENTED_EDGE ( 'NONE', *, *, #208, .T. ) ;
#3224 = LINE ( 'NONE', #1647, #1418 ) ;
#3225 = VERTEX_POINT ( 'NONE', #2483 ) ;
#3226 = ORIENTED_EDGE ( 'NONE', *, *, #215, .T. ) ;
#3227 = CYLINDRICAL_SURFACE ( 'NONE', #3438, 10.51421826332841647 ) ;
#3228 = DIRECTION ( 'NONE',  ( 0.000000000000000000, -1.000000000000000000, 0.000000000000000000 ) ) ;
#3229 = EDGE_CURVE ( 'NONE', #1144, #2200, #2780, .T. ) ;
#3230 = CARTESIAN_POINT ( 'NONE',  ( 0.000000000000000000, 0.9050054712111615940, 0.000000000000000000 ) ) ;
#3231 = VECTOR ( 'NONE', #2057, 1000.000000000000000 ) ;
#3232 = LINE ( 'NONE', #2972, #270 ) ;
#3233 = DIRECTION ( 'NONE',  ( -0.000000000000000000, -1.000000000000000000, -0.000000000000000000 ) ) ;
#3234 = VERTEX_POINT ( 'NONE', #1405 ) ;
#3235 = EDGE_CURVE ( 'NONE', #2753, #1606, #3224, .T. ) ;
#3236 = ORIENTED_EDGE ( 'NONE', *, *, #1615, .F. ) ;
#3237 = LINE ( 'NONE', #1380, #3151 ) ;
#3238 = CARTESIAN_POINT ( 'NONE',  ( 0.000000000000000000, -0.05999999999999994227, 0.000000000000000000 ) ) ;
#3239 = EDGE_CURVE ( 'NONE', #2237, #2001, #356, .T. ) ;
#3240 = ORIENTED_EDGE ( 'NONE', *, *, #3289, .T. ) ;
#3241 = ORIENTED_EDGE ( 'NONE', *, *, #3344, .T. ) ;
#3242 = AXIS2_PLACEMENT_3D ( 'NONE', #3413, #2915, #34 ) ;
#3243 = LINE ( 'NONE', #2464, #524 ) ;
#3244 = EDGE_LOOP ( 'NONE', ( #699, #137, #1275, #3036 ) ) ;
#3245 = ORIENTED_EDGE ( 'NONE', *, *, #975, .T. ) ;
#3246 = LINE ( 'NONE', #863, #2603 ) ;
#3247 = CIRCLE ( 'NONE', #638, 14.42527322587259775 ) ;
#3248 = LINE ( 'NONE', #2193, #682 ) ;
#3249 = EDGE_CURVE ( 'NONE', #2091, #1773, #1358, .T. ) ;
#3250 = CARTESIAN_POINT ( 'NONE',  ( 0.000000000000000000, -3.725774140198909290, 0.000000000000000000 ) ) ;
#3251 = EDGE_LOOP ( 'NONE', ( #3381, #408, #2604, #53, #2551, #3072, #2414 ) ) ;
#3252 = VERTEX_POINT ( 'NONE', #2965 ) ;
#3253 = CARTESIAN_POINT ( 'NONE',  ( -12.09805208910777630, 0.9050054712111399446, 7.856566889571521273 ) ) ;
#3254 = EDGE_CURVE ( 'NONE', #2482, #1911, #322, .T. ) ;
#3255 = DIRECTION ( 'NONE',  ( 0.000000000000000000, 0.000000000000000000, -1.000000000000000000 ) ) ;
#3256 = VECTOR ( 'NONE', #2803, 1000.000000000000000 ) ;
#3257 = EDGE_LOOP ( 'NONE', ( #1415, #1814, #236, #2794, #1675, #372, #2113 ) ) ;
#3258 = VECTOR ( 'NONE', #804, 1000.000000000000000 ) ;
#3259 = ORIENTED_EDGE ( 'NONE', *, *, #1362, .F. ) ;
#3260 = CARTESIAN_POINT ( 'NONE',  ( 0.000000000000000000, -28.08620191640486752, 0.000000000000000000 ) ) ;
#3261 = AXIS2_PLACEMENT_3D ( 'NONE', #1884, #2381, #1815 ) ;
#3262 = VERTEX_POINT ( 'NONE', #582 ) ;
#3263 = VERTEX_POINT ( 'NONE', #914 ) ;
#3264 = DIRECTION ( 'NONE',  ( 0.000000000000000000, 1.000000000000000000, 0.000000000000000000 ) ) ;
#3265 = CARTESIAN_POINT ( 'NONE',  ( -4.773355203735690999, -0.05999999999999994227, 9.368237069367866710 ) ) ;
#3266 = VECTOR ( 'NONE', #351, 1000.000000000000000 ) ;
#3267 = CARTESIAN_POINT ( 'NONE',  ( 0.000000000000000000, -52.18000000000005656, 0.000000000000000000 ) ) ;
#3268 = LINE ( 'NONE', #1730, #654 ) ;
#3269 = VERTEX_POINT ( 'NONE', #1385 ) ;
#3270 = CIRCLE ( 'NONE', #719, 14.00000000000000000 ) ;
#3271 = VERTEX_POINT ( 'NONE', #1101 ) ;
#3272 = DIRECTION ( 'NONE',  ( 0.000000000000000000, 0.000000000000000000, -1.000000000000000000 ) ) ;
#3273 = DIRECTION ( 'NONE',  ( 0.000000000000000000, -0.000000000000000000, -1.000000000000000000 ) ) ;
#3274 = EDGE_CURVE ( 'NONE', #2395, #2063, #634, .T. ) ;
#3275 = ORIENTED_EDGE ( 'NONE', *, *, #1652, .T. ) ;
#3276 = CIRCLE ( 'NONE', #3390, 14.75000000000000000 ) ;
#3277 = ORIENTED_EDGE ( 'NONE', *, *, #1215, .T. ) ;
#3278 = DIRECTION ( 'NONE',  ( -0.000000000000000000, 1.000000000000000000, -0.000000000000000000 ) ) ;
#3279 = VERTEX_POINT ( 'NONE', #55 ) ;
#3280 = ORIENTED_EDGE ( 'NONE', *, *, #54, .T. ) ;
#3281 = AXIS2_PLACEMENT_3D ( 'NONE', #657, #413, #2781 ) ;
#3282 = CARTESIAN_POINT ( 'NONE',  ( 0.000000000000000000, -0.05999999999999994227, 0.000000000000000000 ) ) ;
#3283 = DIRECTION ( 'NONE',  ( 0.2336484159583426812, -0.9650054712111678645, 0.1190498141647812341 ) ) ;
#3284 = CARTESIAN_POINT ( 'NONE',  ( -0.5502716669546137140, -0.05999999999999994227, 10.49980889261589567 ) ) ;
#3285 = ORIENTED_EDGE ( 'NONE', *, *, #1758, .T. ) ;
#3286 = ORIENTED_EDGE ( 'NONE', *, *, #1475, .F. ) ;
#3287 = LINE ( 'NONE', #2219, #1495 ) ;
#3288 = DIRECTION ( 'NONE',  ( 0.000000000000000000, 0.000000000000000000, -1.000000000000000000 ) ) ;
#3289 = EDGE_CURVE ( 'NONE', #2702, #357, #3243, .T. ) ;
#3290 = ORIENTED_EDGE ( 'NONE', *, *, #1779, .F. ) ;
#3291 = VERTEX_POINT ( 'NONE', #1909 ) ;
#3292 = DIRECTION ( 'NONE',  ( 0.000000000000000000, 0.000000000000000000, -1.000000000000000000 ) ) ;
#3293 = ORIENTED_EDGE ( 'NONE', *, *, #2247, .F. ) ;
#3294 = LINE ( 'NONE', #1666, #3352 ) ;
#3295 = VERTEX_POINT ( 'NONE', #73 ) ;
#3296 = FACE_OUTER_BOUND ( 'NONE', #561, .T. ) ;
#3297 = EDGE_CURVE ( 'NONE', #1138, #3234, #1525, .T. ) ;
#3298 = LINE ( 'NONE', #918, #2186 ) ;
#3299 = CONICAL_SURFACE ( 'NONE', #2641, 11.41919892417542570, 1.260169759845759296 ) ;
#3300 = CARTESIAN_POINT ( 'NONE',  ( 0.000000000000000000, -0.6599999999999999201, -10.51421826332841647 ) ) ;
#3301 = EDGE_CURVE ( 'NONE', #2208, #835, #91, .T. ) ;
#3302 = PLANE ( 'NONE',  #2797 ) ;
#3303 = ORIENTED_EDGE ( 'NONE', *, *, #3166, .F. ) ;
#3304 = DIRECTION ( 'NONE',  ( 0.9986295347545796064, 0.000000000000000000, 0.05233595624283586545 ) ) ;
#3305 = PLANE ( 'NONE',  #2642 ) ;
#3306 = ORIENTED_EDGE ( 'NONE', *, *, #2882, .F. ) ;
#3307 = DIRECTION ( 'NONE',  ( 0.000000000000000000, 0.000000000000000000, 1.000000000000000000 ) ) ;
#3308 = CYLINDRICAL_SURFACE ( 'NONE', #1591, 1.000000000000002665 ) ;
#3309 = ORIENTED_EDGE ( 'NONE', *, *, #1414, .T. ) ;
#3310 = EDGE_CURVE ( 'NONE', #1606, #614, #1928, .T. ) ;
#3311 = CARTESIAN_POINT ( 'NONE',  ( 0.000000000000000000, 0.8092608169502585325, 0.000000000000000000 ) ) ;
#3312 = ORIENTED_EDGE ( 'NONE', *, *, #2283, .T. ) ;
#3313 = CONICAL_SURFACE ( 'NONE', #2925, 11.41919892417543281, 1.260169759845759074 ) ;
#3314 = CARTESIAN_POINT ( 'NONE',  ( -9.576946047221042591, -0.05999999999999994227, -6.219341482705953439 ) ) ;
#3315 = DIRECTION ( 'NONE',  ( -0.000000000000000000, 1.000000000000000000, -0.000000000000000000 ) ) ;
#3316 = EDGE_CURVE ( 'NONE', #160, #155, #3294, .T. ) ;
#3317 = CARTESIAN_POINT ( 'NONE',  ( 8.748737911184454319, -0.2605484096598996158, -13.21609643104493159 ) ) ;
#3318 = DIRECTION ( 'NONE',  ( -0.9508373654494577387, -0.3056552772629507753, -0.04983127478244048919 ) ) ;
#3319 = AXIS2_PLACEMENT_3D ( 'NONE', #2256, #123, #942 ) ;
#3320 = ORIENTED_EDGE ( 'NONE', *, *, #106, .F. ) ;
#3321 = ADVANCED_FACE ( 'NONE', ( #1723 ), #615, .F. ) ;
#3322 = LINE ( 'NONE', #138, #3044 ) ;
#3323 = FACE_OUTER_BOUND ( 'NONE', #912, .T. ) ;
#3324 = ORIENTED_EDGE ( 'NONE', *, *, #1078, .F. ) ;
#3325 = FACE_OUTER_BOUND ( 'NONE', #74, .T. ) ;
#3326 = CARTESIAN_POINT ( 'NONE',  ( 0.000000000000000000, 0.9050054712111608168, 0.000000000000000000 ) ) ;
#3327 = VERTEX_POINT ( 'NONE', #1682 ) ;
#3328 = LINE ( 'NONE', #397, #1837 ) ;
#3329 = VECTOR ( 'NONE', #2000, 1000.000000000000114 ) ;
#3330 = CARTESIAN_POINT ( 'NONE',  ( -6.219341482704007440, -0.05999999999999994227, 9.576946047222262948 ) ) ;
#3331 = DIRECTION ( 'NONE',  ( 0.02379463315376830618, -0.8906693003304955170, -0.4540286476444664321 ) ) ;
#3332 = EDGE_CURVE ( 'NONE', #2633, #2230, #376, .T. ) ;
#3333 = FACE_OUTER_BOUND ( 'NONE', #746, .T. ) ;
#3334 = ORIENTED_EDGE ( 'NONE', *, *, #2196, .F. ) ;
#3335 = DIRECTION ( 'NONE',  ( -0.000000000000000000, -1.000000000000000000, -0.000000000000000000 ) ) ;
#3336 = CARTESIAN_POINT ( 'NONE',  ( -6.219341482708448332, -0.05999999999999994227, -9.576946047219419000 ) ) ;
#3337 = EDGE_CURVE ( 'NONE', #1710, #100, #2523, .T. ) ;
#3338 = VERTEX_POINT ( 'NONE', #1420 ) ;
#3339 = CARTESIAN_POINT ( 'NONE',  ( 0.000000000000000000, -0.05999999999999994227, 0.000000000000000000 ) ) ;
#3340 = AXIS2_PLACEMENT_3D ( 'NONE', #2158, #2905, #3212 ) ;
#3341 = FACE_OUTER_BOUND ( 'NONE', #989, .T. ) ;
#3342 = AXIS2_PLACEMENT_3D ( 'NONE', #1198, #3315, #2002 ) ;
#3343 = EDGE_LOOP ( 'NONE', ( #2046, #1755, #2659, #78, #1061, #2042, #1115, #644, #2412, #2518, #2058, #421, #2499, #2152, #312, #1349, #253, #2758, #1005, #1684, #2485, #2522, #2877, #1300, #2304, #1114, #2617, #3407, #3004, #1398, #337, #87, #377, #1407, #1530, #2848, #2420, #1921, #1960, #702, #16, #2246, #1836, #736, #391, #843, #1561, #358, #1870 ) ) ;
#3344 = EDGE_CURVE ( 'NONE', #1343, #92, #1159, .T. ) ;
#3345 = ORIENTED_EDGE ( 'NONE', *, *, #2270, .F. ) ;
#3346 = FACE_OUTER_BOUND ( 'NONE', #1456, .T. ) ;
#3347 = DIRECTION ( 'NONE',  ( 0.000000000000000000, 1.000000000000000000, 0.000000000000000000 ) ) ;
#3348 = CARTESIAN_POINT ( 'NONE',  ( 0.000000000000000000, -0.6600000000000000311, 0.000000000000000000 ) ) ;
#3349 = DIRECTION ( 'NONE',  ( 0.000000000000000000, 0.000000000000000000, -1.000000000000000000 ) ) ;
#3350 = EDGE_CURVE ( 'NONE', #217, #961, #1700, .T. ) ;
#3351 = CARTESIAN_POINT ( 'NONE',  ( 5.726453688878982540, -0.05999999999999994227, 8.817965402406221287 ) ) ;
#3352 = VECTOR ( 'NONE', #653, 1000.000000000000000 ) ;
#3353 = ORIENTED_EDGE ( 'NONE', *, *, #284, .T. ) ;
#3354 = CARTESIAN_POINT ( 'NONE',  ( -8.817965402408750819, -0.6600000000000000311, -5.726453688875087877 ) ) ;
#3355 = VECTOR ( 'NONE', #1253, 1000.000000000000000 ) ;
#3356 = CARTESIAN_POINT ( 'NONE',  ( -8.033425766467091833, 0.8092608169502585325, 12.37039087719796271 ) ) ;
#3357 = ADVANCED_FACE ( 'NONE', ( #112 ), #1753, .F. ) ;
#3358 = ORIENTED_EDGE ( 'NONE', *, *, #1137, .T. ) ;
#3359 = CARTESIAN_POINT ( 'NONE',  ( 0.000000000000000000, -0.3599999999999982103, 0.000000000000000000 ) ) ;
#3360 = LINE ( 'NONE', #1240, #1932 ) ;
#3361 = ORIENTED_EDGE ( 'NONE', *, *, #1044, .F. ) ;
#3362 = ORIENTED_EDGE ( 'NONE', *, *, #3109, .T. ) ;
#3363 = EDGE_CURVE ( 'NONE', #1387, #923, #2805, .T. ) ;
#3364 = CARTESIAN_POINT ( 'NONE',  ( 8.033425766475042806, -0.6600000000000000311, 12.37039087719279884 ) ) ;
#3365 = DIRECTION ( 'NONE',  ( -0.4050976594829515665, -0.8906693003304955170, 0.2064075670372095550 ) ) ;
#3366 = CARTESIAN_POINT ( 'NONE',  ( 5.726453688876592452, -0.6600000000000000311, -8.817965402407775599 ) ) ;
#3367 = DIRECTION ( 'NONE',  ( 0.000000000000000000, 0.000000000000000000, -1.000000000000000000 ) ) ;
#3368 = ORIENTED_EDGE ( 'NONE', *, *, #418, .F. ) ;
#3369 = VECTOR ( 'NONE', #1669, 1000.000000000000000 ) ;
#3370 = DIRECTION ( 'NONE',  ( 0.000000000000000000, 0.000000000000000000, 1.000000000000000000 ) ) ;
#3371 = CARTESIAN_POINT ( 'NONE',  ( -6.696359871153478416, 2.100000000000000089, 13.14234623178089123 ) ) ;
#3372 = ORIENTED_EDGE ( 'NONE', *, *, #1494, .F. ) ;
#3373 = DIRECTION ( 'NONE',  ( 0.000000000000000000, 0.000000000000000000, 1.000000000000000000 ) ) ;
#3374 = CIRCLE ( 'NONE', #545, 1.000000000000002665 ) ;
#3375 = CARTESIAN_POINT ( 'NONE',  ( -9.368237069366996295, -0.05999999999999994227, -4.773355203737400743 ) ) ;
#3376 = ORIENTED_EDGE ( 'NONE', *, *, #41, .F. ) ;
#3377 = EDGE_CURVE ( 'NONE', #839, #574, #693, .T. ) ;
#3378 = CARTESIAN_POINT ( 'NONE',  ( 0.000000000000000000, -0.05999999999999994227, 0.000000000000000000 ) ) ;
#3379 = AXIS2_PLACEMENT_3D ( 'NONE', #3436, #2650, #731 ) ;
#3380 = DIRECTION ( 'NONE',  ( -9.769962616701377556E-15, 0.000000000000000000, -1.000000000000000000 ) ) ;
#3381 = ORIENTED_EDGE ( 'NONE', *, *, #3020, .F. ) ;
#3382 = AXIS2_PLACEMENT_3D ( 'NONE', #1284, #760, #3417 ) ;
#3383 = CARTESIAN_POINT ( 'NONE',  ( 10.49980889261576245, -0.6600000000000000311, 0.5502716669571818819 ) ) ;
#3384 = ORIENTED_EDGE ( 'NONE', *, *, #1362, .T. ) ;
#3385 = CARTESIAN_POINT ( 'NONE',  ( 0.000000000000000000, -28.08620191640486752, 0.000000000000000000 ) ) ;
#3386 = LINE ( 'NONE', #2890, #2531 ) ;
#3387 = VERTEX_POINT ( 'NONE', #401 ) ;
#3388 = DIRECTION ( 'NONE',  ( -0.8386705679455150886, 0.000000000000000000, -0.5446390350148868631 ) ) ;
#3389 = LINE ( 'NONE', #2048, #3148 ) ;
#3390 = AXIS2_PLACEMENT_3D ( 'NONE', #1021, #2676, #502 ) ;
#3391 = EDGE_LOOP ( 'NONE', ( #3345, #2182, #3133, #1640, #1821, #1046 ) ) ;
#3392 = ADVANCED_FACE ( 'NONE', ( #119 ), #3302, .F. ) ;
#3393 = VECTOR ( 'NONE', #2697, 999.9999999999998863 ) ;
#3394 = AXIS2_PLACEMENT_3D ( 'NONE', #168, #3347, #3124 ) ;
#3395 = ORIENTED_EDGE ( 'NONE', *, *, #2599, .F. ) ;
#3396 = CARTESIAN_POINT ( 'NONE',  ( 0.000000000000000000, -0.6600000000000000311, 0.000000000000000000 ) ) ;
#3397 = ORIENTED_EDGE ( 'NONE', *, *, #393, .F. ) ;
#3398 = EDGE_CURVE ( 'NONE', #446, #840, #1674, .T. ) ;
#3399 = CARTESIAN_POINT ( 'NONE',  ( 0.000000000000000000, -0.6600000000000000311, 0.000000000000000000 ) ) ;
#3400 = LINE ( 'NONE', #2612, #2243 ) ;
#3401 = ORIENTED_EDGE ( 'NONE', *, *, #917, .F. ) ;
#3402 = LINE ( 'NONE', #3147, #2836 ) ;
#3403 = EDGE_CURVE ( 'NONE', #716, #1429, #64, .T. ) ;
#3404 = DIRECTION ( 'NONE',  ( -0.7985336759552436048, 0.3056552772629506087, 0.5185738325896466216 ) ) ;
#3405 = AXIS2_PLACEMENT_3D ( 'NONE', #879, #396, #1944 ) ;
#3406 = CONICAL_SURFACE ( 'NONE', #2808, 11.41919892417545057, 1.260169759845757076 ) ;
#3407 = ORIENTED_EDGE ( 'NONE', *, *, #393, .T. ) ;
#3408 = CARTESIAN_POINT ( 'NONE',  ( 9.576946047219859537, -0.05999999999999994227, -6.219341482707775093 ) ) ;
#3409 = PLANE ( 'NONE',  #146 ) ;
#3410 = VERTEX_POINT ( 'NONE', #3024 ) ;
#3411 = DIRECTION ( 'NONE',  ( 0.000000000000000000, 0.000000000000000000, 1.000000000000000000 ) ) ;
#3412 = ORIENTED_EDGE ( 'NONE', *, *, #2454, .F. ) ;
#3413 = CARTESIAN_POINT ( 'NONE',  ( 0.000000000000000000, 2.100000000000000089, 0.000000000000000000 ) ) ;
#3414 = ORIENTED_EDGE ( 'NONE', *, *, #3185, .T. ) ;
#3415 = DIRECTION ( 'NONE',  ( 0.000000000000000000, 0.000000000000000000, -1.000000000000000000 ) ) ;
#3416 = AXIS2_PLACEMENT_3D ( 'NONE', #436, #3060, #3411 ) ;
#3417 = DIRECTION ( 'NONE',  ( 0.000000000000000000, 0.000000000000000000, 1.000000000000000000 ) ) ;
#3418 = EDGE_CURVE ( 'NONE', #1720, #798, #680, .T. ) ;
#3419 = LINE ( 'NONE', #1109, #956 ) ;
#3420 = LINE ( 'NONE', #3385, #1443 ) ;
#3421 = AXIS2_PLACEMENT_3D ( 'NONE', #2065, #2895, #3121 ) ;
#3422 = DIRECTION ( 'NONE',  ( -0.000000000000000000, -1.000000000000000000, -0.000000000000000000 ) ) ;
#3423 = CIRCLE ( 'NONE', #2822, 10.51421826332841647 ) ;
#3424 = VERTEX_POINT ( 'NONE', #867 ) ;
#3425 = LINE ( 'NONE', #247, #596 ) ;
#3426 = CARTESIAN_POINT ( 'NONE',  ( -0.7327033873962827126, -0.6600000000000000311, 13.98081348656429412 ) ) ;
#3427 = CIRCLE ( 'NONE', #96, 14.75000000000000000 ) ;
#3428 = ORIENTED_EDGE ( 'NONE', *, *, #612, .F. ) ;
#3429 = DIRECTION ( 'NONE',  ( 0.9935718556765874565, 0.000000000000000000, 0.1132032137679070127 ) ) ;
#3430 = VECTOR ( 'NONE', #2734, 1000.000000000000000 ) ;
#3431 = ORIENTED_EDGE ( 'NONE', *, *, #1552, .T. ) ;
#3432 = DIRECTION ( 'NONE',  ( -0.000000000000000000, 1.000000000000000000, -0.000000000000000000 ) ) ;
#3433 = LINE ( 'NONE', #779, #557 ) ;
#3434 = CARTESIAN_POINT ( 'NONE',  ( -12.09805208911181218, 0.9050054712111745836, -7.856566889565340439 ) ) ;
#3435 = EDGE_CURVE ( 'NONE', #3129, #2896, #3061, .T. ) ;
#3436 = CARTESIAN_POINT ( 'NONE',  ( 0.000000000000000000, 2.100000000000000089, 0.000000000000000000 ) ) ;
#3437 = EDGE_CURVE ( 'NONE', #1234, #452, #3268, .T. ) ;
#3438 = AXIS2_PLACEMENT_3D ( 'NONE', #1054, #1389, #1616 ) ;
#3439 = CYLINDRICAL_SURFACE ( 'NONE', #2009, 14.75000000000000000 ) ;
#3440 = EDGE_LOOP ( 'NONE', ( #3275, #27, #2566, #2348 ) ) ;
#3441 = FACE_OUTER_BOUND ( 'NONE', #1474, .T. ) ;
#3442 = ADVANCED_FACE ( 'NONE', ( #904 ), #1772, .F. ) ;
#3443 = FACE_OUTER_BOUND ( 'NONE', #965, .T. ) ;
#3444 = ORIENTED_EDGE ( 'NONE', *, *, #2956, .T. ) ;
ENDSEC;
END-ISO-10303-21;
