ISO-10303-21;
HEADER;
FILE_DESCRIPTION (( 'STEP AP214' ),
    '1' );
FILE_NAME ('2035 Case.STEP',
    '2024-03-26T16:57:40',
    ( '' ),
    ( '' ),
    'SwSTEP 2.0',
    'SolidWorks 2024',
    '' );
FILE_SCHEMA (( 'AUTOMOTIVE_DESIGN' ));
ENDSEC;

DATA;
#1 = CARTESIAN_POINT ( 'NONE',  ( 42.31649056233391804, 15.15448938593887718, 2.493244924866957035 ) ) ;
#2 = ORIENTED_EDGE ( 'NONE', *, *, #7316, .T. ) ;
#3 = AXIS2_PLACEMENT_3D ( 'NONE', #8639, #9459, #6545 ) ;
#4 = LINE ( 'NONE', #1529, #7338 ) ;
#5 = AXIS2_PLACEMENT_3D ( 'NONE', #6910, #4436, #2184 ) ;
#6 = CARTESIAN_POINT ( 'NONE',  ( 40.32480330064919372, 44.07237597648642691, 0.4999999999999995559 ) ) ;
#7 = CARTESIAN_POINT ( 'NONE',  ( 9.661938822621115364, 15.20900970726602885, 1.999999999999999334 ) ) ;
#8 = EDGE_CURVE ( 'NONE', #6053, #137, #1264, .T. ) ;
#9 = ORIENTED_EDGE ( 'NONE', *, *, #9912, .F. ) ;
#10 = ORIENTED_EDGE ( 'NONE', *, *, #7280, .F. ) ;
#11 = LINE ( 'NONE', #9997, #4628 ) ;
#12 = DIRECTION ( 'NONE',  ( -0.3108948944431913497, -0.9504442985305119329, 0.000000000000000000 ) ) ;
#13 = LINE ( 'NONE', #4706, #8553 ) ;
#14 = DIRECTION ( 'NONE',  ( -1.000000000000000000, 0.000000000000000000, 0.000000000000000000 ) ) ;
#15 = ORIENTED_EDGE ( 'NONE', *, *, #10006, .T. ) ;
#16 = ADVANCED_FACE ( 'NONE', ( #3668 ), #1219, .T. ) ;
#17 = CIRCLE ( 'NONE', #7741, 1.000000000000000888 ) ;
#18 = CARTESIAN_POINT ( 'NONE',  ( 11.06871975600486735, 42.86776831038805113, 7.999999999999997335 ) ) ;
#19 = FACE_OUTER_BOUND ( 'NONE', #7697, .T. ) ;
#20 = CIRCLE ( 'NONE', #2620, 0.6499999999999978018 ) ;
#21 = LINE ( 'NONE', #4564, #5892 ) ;
#22 = ORIENTED_EDGE ( 'NONE', *, *, #5377, .T. ) ;
#23 = VERTEX_POINT ( 'NONE', #9927 ) ;
#24 = DIRECTION ( 'NONE',  ( -1.000000000000000000, 0.000000000000000000, 0.000000000000000000 ) ) ;
#25 = CARTESIAN_POINT ( 'NONE',  ( 15.00991137390270858, 50.84168842127429144, 1.399999999999999911 ) ) ;
#26 = ORIENTED_EDGE ( 'NONE', *, *, #5370, .F. ) ;
#27 = ADVANCED_FACE ( 'NONE', ( #4380 ), #2028, .F. ) ;
#28 = CARTESIAN_POINT ( 'NONE',  ( 15.76188613066996069, 51.44168842127428576, 1.000000000000007105 ) ) ;
#29 = CARTESIAN_POINT ( 'NONE',  ( 40.81080301049146186, 43.22100464894696614, 7.254275543533936776 ) ) ;
#30 = EDGE_LOOP ( 'NONE', ( #6225, #9009, #7959 ) ) ;
#31 = DIRECTION ( 'NONE',  ( 0.9504442985305052716, 0.3108948944432113892, 0.000000000000000000 ) ) ;
#32 = ORIENTED_EDGE ( 'NONE', *, *, #8889, .F. ) ;
#33 = ORIENTED_EDGE ( 'NONE', *, *, #3374, .T. ) ;
#34 = CARTESIAN_POINT ( 'NONE',  ( 40.02134415531533307, 45.46538120396250093, 1.293554529019439459 ) ) ;
#35 = CARTESIAN_POINT ( 'NONE',  ( 41.85123613051041502, 39.79108558090860015, 8.000000000000000000 ) ) ;
#36 = EDGE_LOOP ( 'NONE', ( #2823, #7796, #8620, #9673 ) ) ;
#37 = CARTESIAN_POINT ( 'NONE',  ( 11.14948635895015272, 12.08812948239564733, 7.360685874173269028 ) ) ;
#38 = CARTESIAN_POINT ( 'NONE',  ( 38.62262311769561762, 48.35569127583016069, 0.000000000000000000 ) ) ;
#39 = CARTESIAN_POINT ( 'NONE',  ( 45.70116727930110301, 20.20720752867758918, 2.500000000000000444 ) ) ;
#40 = CARTESIAN_POINT ( 'NONE',  ( 11.55645283043512350, 11.78596347925734378, 7.999999999999285016 ) ) ;
#41 = CARTESIAN_POINT ( 'NONE',  ( 12.88554571406187321, 44.37443844176073782, 7.660946871235453592 ) ) ;
#42 = CARTESIAN_POINT ( 'NONE',  ( 10.21134012869406504, 40.87672085629232299, 7.500000000000000888 ) ) ;
#43 = CIRCLE ( 'NONE', #7076, 1.000000000000000444 ) ;
#44 = CARTESIAN_POINT ( 'NONE',  ( 14.55506890133522013, 51.47513738037228848, 2.796110445724306448 ) ) ;
#45 = EDGE_CURVE ( 'NONE', #2887, #71, #10107, .T. ) ;
#46 = ORIENTED_EDGE ( 'NONE', *, *, #1658, .F. ) ;
#47 = CARTESIAN_POINT ( 'NONE',  ( 36.25793661713536409, 51.94168842127427865, 2.012531225276567248 ) ) ;
#48 = CARTESIAN_POINT ( 'NONE',  ( 48.60436852654041218, 23.82807569686063331, 2.498599968019371786 ) ) ;
#49 = EDGE_CURVE ( 'NONE', #3147, #7266, #6753, .T. ) ;
#50 = EDGE_CURVE ( 'NONE', #2901, #4162, #5048, .T. ) ;
#51 = ORIENTED_EDGE ( 'NONE', *, *, #1849, .F. ) ;
#52 = B_SPLINE_CURVE_WITH_KNOTS ( 'NONE', 3,
 ( #722, #10041, #1578, #2338, #5419, #3830, #10086, #3053 ),
 .UNSPECIFIED., .F., .F.,
 ( 4, 2, 2, 4 ),
 ( 0.000000000000000000, 0.0007693827116081469611, 0.001154074067412221146, 0.001538765423216295223 ),
 .UNSPECIFIED. ) ;
#53 = CARTESIAN_POINT ( 'NONE',  ( 38.42206968987755289, 4.415661293427296741, 3.390778406704787695 ) ) ;
#54 = CARTESIAN_POINT ( 'NONE',  ( 2.465607946050118127, 7.537669664636124978, 0.5000000000000004441 ) ) ;
#55 = CARTESIAN_POINT ( 'NONE',  ( 10.54583452896377871, 13.52708799473069234, 2.500000000000000444 ) ) ;
#56 = CIRCLE ( 'NONE', #79, 15.99999999999999645 ) ;
#57 = ORIENTED_EDGE ( 'NONE', *, *, #9525, .F. ) ;
#58 = ORIENTED_EDGE ( 'NONE', *, *, #6954, .T. ) ;
#59 = CARTESIAN_POINT ( 'NONE',  ( 42.01575782119806490, -10.92634772589879688, 3.250000000000000444 ) ) ;
#60 = CYLINDRICAL_SURFACE ( 'NONE', #8163, 1.000000000000000444 ) ;
#61 = CARTESIAN_POINT ( 'NONE',  ( 44.63756226954948403, 36.13842475630761442, 7.109525160929511145 ) ) ;
#62 = EDGE_CURVE ( 'NONE', #2603, #4807, #7373, .T. ) ;
#63 = VECTOR ( 'NONE', #8111, 1000.000000000000000 ) ;
#64 = CARTESIAN_POINT ( 'NONE',  ( 48.55316943299862231, 31.32807569686055160, 8.000000000000000000 ) ) ;
#65 = ORIENTED_EDGE ( 'NONE', *, *, #5508, .T. ) ;
#66 = AXIS2_PLACEMENT_3D ( 'NONE', #2928, #6737, #1348 ) ;
#67 = FACE_OUTER_BOUND ( 'NONE', #1745, .T. ) ;
#68 = AXIS2_PLACEMENT_3D ( 'NONE', #2814, #4354, #2001 ) ;
#69 = DIRECTION ( 'NONE',  ( -0.6630485636027272367, 0.7485763837474171956, 0.000000000000000000 ) ) ;
#70 = ORIENTED_EDGE ( 'NONE', *, *, #9678, .F. ) ;
#71 = VERTEX_POINT ( 'NONE', #1931 ) ;
#72 = AXIS2_PLACEMENT_3D ( 'NONE', #8281, #9053, #3517 ) ;
#73 = B_SPLINE_CURVE_WITH_KNOTS ( 'NONE', 3,
 ( #2729, #5868, #1964, #393, #1758, #2678 ),
 .UNSPECIFIED., .F., .F.,
 ( 4, 2, 4 ),
 ( 0.000000000000000000, 0.002552850594881179644, 0.005105701189762359288 ),
 .UNSPECIFIED. ) ;
#74 = CARTESIAN_POINT ( 'NONE',  ( 40.72792421189127055, 13.19585282768653478, 1.932050009490144715 ) ) ;
#75 = CARTESIAN_POINT ( 'NONE',  ( 40.25823252542166841, 43.71634023430749494, 7.790470422231491554 ) ) ;
#76 = AXIS2_PLACEMENT_3D ( 'NONE', #7647, #5187, #9241 ) ;
#77 = CARTESIAN_POINT ( 'NONE',  ( 13.59775383946684002, 4.415658735191198225, 2.156329832529324531 ) ) ;
#78 = ORIENTED_EDGE ( 'NONE', *, *, #9759, .T. ) ;
#79 = AXIS2_PLACEMENT_3D ( 'NONE', #1013, #258, #4377 ) ;
#80 = LINE ( 'NONE', #132, #9393 ) ;
#81 = ORIENTED_EDGE ( 'NONE', *, *, #10025, .F. ) ;
#82 = CARTESIAN_POINT ( 'NONE',  ( 11.55908288287655061, 11.60612410327429700, 7.743090174227351241 ) ) ;
#83 = EDGE_LOOP ( 'NONE', ( #5400, #9554 ) ) ;
#84 = ORIENTED_EDGE ( 'NONE', *, *, #5391, .F. ) ;
#85 = EDGE_CURVE ( 'NONE', #6274, #8557, #457, .T. ) ;
#86 = CARTESIAN_POINT ( 'NONE',  ( 26.00991137390269969, 10.07807569686058180, 6.500000000000000000 ) ) ;
#87 = AXIS2_PLACEMENT_3D ( 'NONE', #2116, #1306, #2021 ) ;
#88 = CARTESIAN_POINT ( 'NONE',  ( 13.69851161557113528, 51.06965031108115483, 0.5000000000000004441 ) ) ;
#89 = CARTESIAN_POINT ( 'NONE',  ( 10.20446680767501846, 18.82807569686058358, 3.000000000000000000 ) ) ;
#90 = ORIENTED_EDGE ( 'NONE', *, *, #4052, .F. ) ;
#91 = FACE_OUTER_BOUND ( 'NONE', #4781, .T. ) ;
#92 = ORIENTED_EDGE ( 'NONE', *, *, #4920, .T. ) ;
#93 = B_SPLINE_CURVE_WITH_KNOTS ( 'NONE', 3,
 ( #4093, #1026, #3165, #4145, #7282, #5477, #1582, #8662 ),
 .UNSPECIFIED., .F., .F.,
 ( 4, 2, 2, 4 ),
 ( -5.999999996982296358E-08, 0.0002187415390963622758, 0.0004375430781926943798, 0.0008751461563853593466 ),
 .UNSPECIFIED. ) ;
#94 = DIRECTION ( 'NONE',  ( 1.000000000000000000, 0.000000000000000000, -0.000000000000000000 ) ) ;
#95 = LINE ( 'NONE', #7868, #794 ) ;
#96 = CARTESIAN_POINT ( 'NONE',  ( 11.07328697392782146, 12.27699884081518533, 7.503957048298760313 ) ) ;
#97 = DIRECTION ( 'NONE',  ( 0.2930602774670701960, 0.9560939670194159579, 0.000000000000000000 ) ) ;
#98 = CARTESIAN_POINT ( 'NONE',  ( 40.47844441617938571, 12.45543937983898175, 8.000000000000000000 ) ) ;
#99 = CARTESIAN_POINT ( 'NONE',  ( 9.661938822621111811, 15.20900970726603063, 7.500000000000000000 ) ) ;
#100 = ORIENTED_EDGE ( 'NONE', *, *, #4246, .F. ) ;
#101 = AXIS2_PLACEMENT_3D ( 'NONE', #5407, #4685, #8538 ) ;
#102 = DIRECTION ( 'NONE',  ( 1.000000000000000000, -0.000000000000000000, 0.000000000000000000 ) ) ;
#103 = CARTESIAN_POINT ( 'NONE',  ( 43.50991137363070749, 27.09069615251123508, 3.139999999999991687 ) ) ;
#104 = VERTEX_POINT ( 'NONE', #7514 ) ;
#105 = DIRECTION ( 'NONE',  ( 0.000000000000000000, 0.3287670013228997101, 0.9444110645482445276 ) ) ;
#106 = B_SPLINE_CURVE_WITH_KNOTS ( 'NONE', 3,
 ( #3515, #5830, #8232, #4325, #2832, #7460, #8279, #3657, #1256, #6646 ),
 .UNSPECIFIED., .F., .F.,
 ( 4, 2, 2, 2, 4 ),
 ( 0.000000000000000000, 0.001690914616594602592, 0.002536371924891899551, 0.002959100579040543477, 0.003381829233189186969 ),
 .UNSPECIFIED. ) ;
#107 = CARTESIAN_POINT ( 'NONE',  ( 38.30389299968325645, 4.029675327908885940, 3.131869873378381186 ) ) ;
#108 = CARTESIAN_POINT ( 'NONE',  ( 16.00991137390270325, 45.47360586472228050, 0.7090026007138486852 ) ) ;
#109 =( BOUNDED_CURVE ( )  B_SPLINE_CURVE ( 3, ( #2291, #5369, #4698, #9990 ),
 .UNSPECIFIED., .F., .T. ) 
 B_SPLINE_CURVE_WITH_KNOTS ( ( 4, 4 ),
 ( 0.7053707488153745375, 1.570796326794896558 ),
 .UNSPECIFIED. ) 
 CURVE ( )  GEOMETRIC_REPRESENTATION_ITEM ( )  RATIONAL_B_SPLINE_CURVE ( ( 1.000000000000000000, 0.9385543492664638610, 0.9385543492664638610, 1.000000000000000000 ) ) 
 REPRESENTATION_ITEM ( '' )  );
#110 = CARTESIAN_POINT ( 'NONE',  ( 53.74831193812256203, 44.51416539096764069, 2.500000000000000444 ) ) ;
#111 = ORIENTED_EDGE ( 'NONE', *, *, #4437, .T. ) ;
#112 = EDGE_CURVE ( 'NONE', #3386, #6727, #2748, .T. ) ;
#113 = ORIENTED_EDGE ( 'NONE', *, *, #9355, .F. ) ;
#114 = EDGE_CURVE ( 'NONE', #2805, #3533, #7180, .T. ) ;
#115 = CARTESIAN_POINT ( 'NONE',  ( 36.00991137390268904, 3.412542978253470416, 2.390150861992089037 ) ) ;
#116 = CARTESIAN_POINT ( 'NONE',  ( 48.54318645688867662, 22.23298974341039624, 3.250000000000000444 ) ) ;
#117 = DIRECTION ( 'NONE',  ( -1.000000000000000000, 0.000000000000000000, 0.000000000000000000 ) ) ;
#118 = B_SPLINE_CURVE_WITH_KNOTS ( 'NONE', 3,
 ( #1355, #1211, #349, #2882 ),
 .UNSPECIFIED., .F., .F.,
 ( 4, 4 ),
 ( 0.000000000000000000, 0.001564592895808804588 ),
 .UNSPECIFIED. ) ;
#119 = FACE_OUTER_BOUND ( 'NONE', #4966, .T. ) ;
#120 = VERTEX_POINT ( 'NONE', #2796 ) ;
#121 = CARTESIAN_POINT ( 'NONE',  ( 14.45809464613181383, 49.40056732079981572, 4.289560933898436623 ) ) ;
#122 = FACE_OUTER_BOUND ( 'NONE', #482, .T. ) ;
#123 = CARTESIAN_POINT ( 'NONE',  ( 40.93956577917787598, 12.26018205459879695, 7.509824144622501585 ) ) ;
#124 = ORIENTED_EDGE ( 'NONE', *, *, #4785, .T. ) ;
#125 = ORIENTED_EDGE ( 'NONE', *, *, #6562, .T. ) ;
#126 = EDGE_CURVE ( 'NONE', #5348, #9602, #3234, .T. ) ;
#127 = CARTESIAN_POINT ( 'NONE',  ( -13.49008862636929429, 3.214462972446881395, 1.000000000000007105 ) ) ;
#128 = CARTESIAN_POINT ( 'NONE',  ( 39.59588862184897096, 11.01568965081050244, 7.773152715396173917 ) ) ;
#129 = CARTESIAN_POINT ( 'NONE',  ( 40.82949675937359757, 12.03302611345566042, 7.590984758967511681 ) ) ;
#130 = ORIENTED_EDGE ( 'NONE', *, *, #9022, .F. ) ;
#131 = CARTESIAN_POINT ( 'NONE',  ( 37.52174453100037255, 10.61502633711069521, 7.549138176557871560 ) ) ;
#132 = CARTESIAN_POINT ( 'NONE',  ( 36.00991137390269614, 3.502568558698126111, 2.778301472778823555 ) ) ;
#133 = EDGE_LOOP ( 'NONE', ( #9637, #8405, #7586, #6171 ) ) ;
#134 = DIRECTION ( 'NONE',  ( 0.000000000000000000, 1.000000000000000000, 0.000000000000000000 ) ) ;
#135 = EDGE_CURVE ( 'NONE', #5466, #5398, #5875, .T. ) ;
#136 = ORIENTED_EDGE ( 'NONE', *, *, #8686, .F. ) ;
#137 = VERTEX_POINT ( 'NONE', #5064 ) ;
#138 = CYLINDRICAL_SURFACE ( 'NONE', #717, 0.5000000000000004441 ) ;
#139 = CARTESIAN_POINT ( 'NONE',  ( 37.94194615321462294, 3.739240823181629203, 0.4999999999999997780 ) ) ;
#140 = CARTESIAN_POINT ( 'NONE',  ( 39.27056244586362510, 47.93846141244127779, -0.01633195919469575264 ) ) ;
#141 = VERTEX_POINT ( 'NONE', #9731 ) ;
#142 = CARTESIAN_POINT ( 'NONE',  ( 44.67741411731833523, 36.05321841457761423, 7.528563945518746081 ) ) ;
#143 = ORIENTED_EDGE ( 'NONE', *, *, #2041, .T. ) ;
#144 = AXIS2_PLACEMENT_3D ( 'NONE', #1843, #3382, #6523 ) ;
#145 = EDGE_CURVE ( 'NONE', #9971, #7363, #5840, .T. ) ;
#146 = CARTESIAN_POINT ( 'NONE',  ( 36.00991137390269614, 50.94168842127428576, 0.9999999999999997780 ) ) ;
#147 = DIRECTION ( 'NONE',  ( 0.000000000000000000, -1.000000000000000000, 0.000000000000000000 ) ) ;
#148 = CARTESIAN_POINT ( 'NONE',  ( 41.44755254186804905, 13.46810820702446776, 2.500000000000000444 ) ) ;
#149 = CARTESIAN_POINT ( 'NONE',  ( 48.48169256566116303, 33.13831067011880549, 3.079457692989619577 ) ) ;
#150 = CARTESIAN_POINT ( 'NONE',  ( 15.76188613066996069, 51.94168842127428576, 1.000000000000007105 ) ) ;
#151 = ORIENTED_EDGE ( 'NONE', *, *, #62, .T. ) ;
#152 = CARTESIAN_POINT ( 'NONE',  ( 41.20463672985375325, 12.90659819114499385, 2.428688230620041022 ) ) ;
#153 = CARTESIAN_POINT ( 'NONE',  ( 39.48946591774563331, 11.11175758689724447, 7.850121864440333219 ) ) ;
#154 = ORIENTED_EDGE ( 'NONE', *, *, #6437, .T. ) ;
#155 = FACE_OUTER_BOUND ( 'NONE', #7604, .T. ) ;
#156 = CARTESIAN_POINT ( 'NONE',  ( 37.32337902666956353, 4.966868308286677802, 3.760512574526932550 ) ) ;
#157 = CARTESIAN_POINT ( 'NONE',  ( 14.07787659459076934, 3.739240823181629203, 0.4999999999999997780 ) ) ;
#158 = CARTESIAN_POINT ( 'NONE',  ( 10.20466145823087345, 14.28579336113878995, 2.500000000000000444 ) ) ;
#159 = EDGE_LOOP ( 'NONE', ( #648, #3784, #6593, #1708, #3449 ) ) ;
#160 = VERTEX_POINT ( 'NONE', #8190 ) ;
#161 = CARTESIAN_POINT ( 'NONE',  ( 16.24312299532616422, 14.65329930544466741, 1.600000000000000089 ) ) ;
#162 = CARTESIAN_POINT ( 'NONE',  ( 48.40902510427547867, 21.97432046315705989, 2.790187283803580165 ) ) ;
#163 = CARTESIAN_POINT ( 'NONE',  ( 9.661938822606197519, 39.94714168643540120, 8.000000000000000000 ) ) ;
#164 = VECTOR ( 'NONE', #5647, 1000.000000000000000 ) ;
#165 =( BOUNDED_CURVE ( )  B_SPLINE_CURVE ( 3, ( #694, #6129, #2165, #7605 ),
 .UNSPECIFIED., .F., .T. ) 
 B_SPLINE_CURVE_WITH_KNOTS ( ( 4, 4 ),
 ( 3.651166040286717873, 3.926251730777434279 ),
 .UNSPECIFIED. ) 
 CURVE ( )  GEOMETRIC_REPRESENTATION_ITEM ( )  RATIONAL_B_SPLINE_CURVE ( ( 1.000000000000000000, 0.9937039237519942336, 0.9937039237519942336, 1.000000000000000000 ) ) 
 REPRESENTATION_ITEM ( '' )  );
#166 = CARTESIAN_POINT ( 'NONE',  ( 10.89512820161709783, 42.44127854397887489, 2.361027661370610709 ) ) ;
#167 = ORIENTED_EDGE ( 'NONE', *, *, #3360, .F. ) ;
#168 = EDGE_CURVE ( 'NONE', #929, #1649, #10074, .T. ) ;
#169 = CARTESIAN_POINT ( 'NONE',  ( 14.89957340519694817, 50.85691474553036073, 3.312684028077376386 ) ) ;
#170 = CARTESIAN_POINT ( 'NONE',  ( 42.32099631002324003, 39.99574489021203760, 2.500000000000012434 ) ) ;
#171 = LINE ( 'NONE', #4764, #9797 ) ;
#172 = ORIENTED_EDGE ( 'NONE', *, *, #9076, .T. ) ;
#173 = VECTOR ( 'NONE', #6418, 1000.000000000000000 ) ;
#174 = ORIENTED_EDGE ( 'NONE', *, *, #5614, .T. ) ;
#175 = CARTESIAN_POINT ( 'NONE',  ( 10.47849886323064261, 41.47670691052625358, 2.500000000000000444 ) ) ;
#176 = CIRCLE ( 'NONE', #1470, 0.3499999999999985900 ) ;
#177 = EDGE_CURVE ( 'NONE', #10118, #5741, #786, .T. ) ;
#178 = CARTESIAN_POINT ( 'NONE',  ( 38.96220031629839298, 48.96222741892773200, 3.346333318355268371 ) ) ;
#179 = CARTESIAN_POINT ( 'NONE',  ( 6.557269172113241673, 27.57807569686059068, 8.231562253903422999 ) ) ;
#180 = CARTESIAN_POINT ( 'NONE',  ( 40.89862348730645891, 12.15706146389097242, 7.545577497158778790 ) ) ;
#181 = ORIENTED_EDGE ( 'NONE', *, *, #4920, .F. ) ;
#182 = EDGE_CURVE ( 'NONE', #2508, #6817, #6185, .T. ) ;
#183 = EDGE_CURVE ( 'NONE', #6300, #3164, #2276, .T. ) ;
#184 = CARTESIAN_POINT ( 'NONE',  ( 36.00991137390269614, 3.452074046984449751, 2.463835190145033938 ) ) ;
#185 = CARTESIAN_POINT ( 'NONE',  ( 13.24502318390258004, 7.361560273853449132, 6.169299232516859558E-14 ) ) ;
#186 = VERTEX_POINT ( 'NONE', #2322 ) ;
#187 = CARTESIAN_POINT ( 'NONE',  ( 14.58593373613363653, 3.694904977102878352, 2.819138181763495510 ) ) ;
#188 = ORIENTED_EDGE ( 'NONE', *, *, #7215, .F. ) ;
#189 = VECTOR ( 'NONE', #2127, 1000.000000000000000 ) ;
#190 = DIRECTION ( 'NONE',  ( 0.6437715727057148341, 0.7652177220739274643, 0.000000000000000000 ) ) ;
#191 = CARTESIAN_POINT ( 'NONE',  ( 42.20608469599409318, 40.15683159507051414, 7.500000000000000000 ) ) ;
#192 = DIRECTION ( 'NONE',  ( 0.000000000000000000, 0.000000000000000000, 1.000000000000000000 ) ) ;
#193 = ORIENTED_EDGE ( 'NONE', *, *, #2906, .T. ) ;
#194 = ADVANCED_FACE ( 'NONE', ( #6087 ), #2268, .T. ) ;
#195 = CARTESIAN_POINT ( 'NONE',  ( 44.57923545372383956, 36.26313201279631215, 7.500000000000070166 ) ) ;
#196 = ORIENTED_EDGE ( 'NONE', *, *, #5656, .F. ) ;
#197 = CARTESIAN_POINT ( 'NONE',  ( 43.07969633643868690, 38.00028473935085316, 2.000000000000000000 ) ) ;
#198 = CARTESIAN_POINT ( 'NONE',  ( 38.62262310684876354, 6.800460117891003797, 3.556183125752454544E-14 ) ) ;
#199 = CARTESIAN_POINT ( 'NONE',  ( 42.11498391913850980, 14.85658146876082242, 2.500000000000000444 ) ) ;
#200 = FACE_OUTER_BOUND ( 'NONE', #7748, .T. ) ;
#201 = CARTESIAN_POINT ( 'NONE',  ( 36.38351681864406828, 51.88691790527824566, 2.055124643064424550 ) ) ;
#202 = ORIENTED_EDGE ( 'NONE', *, *, #6745, .T. ) ;
#203 = DIRECTION ( 'NONE',  ( -0.000000000000000000, -0.000000000000000000, 1.000000000000000000 ) ) ;
#204 = CYLINDRICAL_SURFACE ( 'NONE', #3992, 0.6499999999999995781 ) ;
#205 = ORIENTED_EDGE ( 'NONE', *, *, #639, .T. ) ;
#206 = CARTESIAN_POINT ( 'NONE',  ( 38.42229033667710780, 43.26032197974560489, 8.000000000000000000 ) ) ;
#207 = CARTESIAN_POINT ( 'NONE',  ( 38.52257628678498236, 4.744868578224162192, 3.611601397349116560 ) ) ;
#208 = CARTESIAN_POINT ( 'NONE',  ( 43.50991137363070749, 27.09069615251121377, 6.139999999999994351 ) ) ;
#209 = DIRECTION ( 'NONE',  ( 1.000000000000000000, 0.000000000000000000, -0.000000000000000000 ) ) ;
#210 = AXIS2_PLACEMENT_3D ( 'NONE', #5859, #3916, #904 ) ;
#211 = LINE ( 'NONE', #8038, #6443 ) ;
#212 = CARTESIAN_POINT ( 'NONE',  ( 10.41034817205167506, 13.83156680121147097, 2.499999999999853006 ) ) ;
#213 = VERTEX_POINT ( 'NONE', #7003 ) ;
#214 = ORIENTED_EDGE ( 'NONE', *, *, #8208, .T. ) ;
#215 = CARTESIAN_POINT ( 'NONE',  ( 11.55446680767511580, 18.82807569686041660, 3.000000000000000000 ) ) ;
#216 = ADVANCED_FACE ( 'NONE', ( #9264 ), #10124, .F. ) ;
#217 = DIRECTION ( 'NONE',  ( -1.000000000000000000, 0.000000000000000000, 0.000000000000000000 ) ) ;
#218 = CARTESIAN_POINT ( 'NONE',  ( 37.99871159594614767, 3.757809072108289072, 2.442955678908611539 ) ) ;
#219 = VECTOR ( 'NONE', #7130, 1000.000000000000000 ) ;
#220 = DIRECTION ( 'NONE',  ( 0.9504442985305052716, 0.3108948944432113892, -0.000000000000000000 ) ) ;
#221 = ORIENTED_EDGE ( 'NONE', *, *, #7582, .T. ) ;
#222 = CARTESIAN_POINT ( 'NONE',  ( 14.94311873595390594, 50.99897912560208368, 3.217391236209715899 ) ) ;
#223 = CARTESIAN_POINT ( 'NONE',  ( 38.41899795204151502, 4.405199269519008531, 0.5000000000000004441 ) ) ;
#224 = CARTESIAN_POINT ( 'NONE',  ( 40.92548734529608367, 12.22751526844715642, 7.521282972136630995 ) ) ;
#225 = ORIENTED_EDGE ( 'NONE', *, *, #6322, .F. ) ;
#226 = ORIENTED_EDGE ( 'NONE', *, *, #5391, .T. ) ;
#227 = DIRECTION ( 'NONE',  ( 1.000000000000000000, -0.000000000000000000, -0.000000000000000000 ) ) ;
#228 = CARTESIAN_POINT ( 'NONE',  ( 38.34651062422196333, 50.98741064334001294, 3.225151048851396585 ) ) ;
#229 = VECTOR ( 'NONE', #1988, 1000.000000000000114 ) ;
#230 = CARTESIAN_POINT ( 'NONE',  ( 15.00991137390270858, 50.34168842127429144, 1.399999999999999911 ) ) ;
#231 = CARTESIAN_POINT ( 'NONE',  ( 37.80594369339047489, 3.694608137455769992, 2.594650047161255468 ) ) ;
#232 = CIRCLE ( 'NONE', #2333, 0.6999999999999992895 ) ;
#233 = AXIS2_PLACEMENT_3D ( 'NONE', #6481, #9598, #2265 ) ;
#234 = EDGE_LOOP ( 'NONE', ( #1171, #1227, #7842, #1695 ) ) ;
#235 = CARTESIAN_POINT ( 'NONE',  ( 37.84326414872457889, 4.233031221373535935, 0.000000000000000000 ) ) ;
#236 = ADVANCED_FACE ( 'NONE', ( #5355 ), #7042, .T. ) ;
#237 = DIRECTION ( 'NONE',  ( 0.000000000000000000, 0.000000000000000000, 1.000000000000000000 ) ) ;
#238 = ORIENTED_EDGE ( 'NONE', *, *, #5336, .F. ) ;
#239 = CYLINDRICAL_SURFACE ( 'NONE', #9727, 0.5000000000000006661 ) ;
#240 = EDGE_CURVE ( 'NONE', #4189, #7266, #2634, .T. ) ;
#241 = CARTESIAN_POINT ( 'NONE',  ( 36.33763509780408185, 3.214462972446881395, 1.518327244431526779 ) ) ;
#242 = EDGE_CURVE ( 'NONE', #7205, #8917, #8793, .T. ) ;
#243 = CARTESIAN_POINT ( 'NONE',  ( 14.17655859908086136, 4.233031221373538600, 0.000000000000000000 ) ) ;
#244 = DIRECTION ( 'NONE',  ( 0.000000000000000000, 1.000000000000000000, 7.118573178086988879E-15 ) ) ;
#245 = DIRECTION ( 'NONE',  ( 1.000000000000000000, 0.000000000000000000, 0.000000000000000000 ) ) ;
#246 = ORIENTED_EDGE ( 'NONE', *, *, #5178, .T. ) ;
#247 = CIRCLE ( 'NONE', #8913, 0.5000000000000008882 ) ;
#248 = CARTESIAN_POINT ( 'NONE',  ( 45.46255357569217637, 27.57807569686059423, 8.231562253903422999 ) ) ;
#249 = CARTESIAN_POINT ( 'NONE',  ( 11.55446680767511580, 18.82807569686041660, 3.000000000000000000 ) ) ;
#250 = CARTESIAN_POINT ( 'NONE',  ( 11.52493988177089079, 42.08447431474561995, 1.888822129096488833 ) ) ;
#251 = DIRECTION ( 'NONE',  ( 1.000000000000000000, 0.000000000000000000, 0.000000000000000000 ) ) ;
#252 = CARTESIAN_POINT ( 'NONE',  ( 37.71639721173809789, 10.78171295196032986, 7.660946871235395861 ) ) ;
#253 = CARTESIAN_POINT ( 'NONE',  ( 40.94258704572767726, 12.26950493054031455, 8.000000000000000000 ) ) ;
#254 = B_SPLINE_CURVE_WITH_KNOTS ( 'NONE', 3,
 ( #8907, #1008, #4128, #7263 ),
 .UNSPECIFIED., .F., .F.,
 ( 4, 4 ),
 ( 0.000000000000000000, 0.0006777331173306181192 ),
 .UNSPECIFIED. ) ;
#255 = CARTESIAN_POINT ( 'NONE',  ( 0.000000000000000000, 0.000000000000000000, 7.000000000000000000 ) ) ;
#256 = ORIENTED_EDGE ( 'NONE', *, *, #3491, .F. ) ;
#257 = EDGE_CURVE ( 'NONE', #5411, #1333, #5726, .T. ) ;
#258 = DIRECTION ( 'NONE',  ( -0.000000000000000000, -0.000000000000000000, -1.000000000000000000 ) ) ;
#259 = ORIENTED_EDGE ( 'NONE', *, *, #832, .F. ) ;
#260 = CARTESIAN_POINT ( 'NONE',  ( 36.00991137390269614, 51.70407734673669609, 2.463835190145074794 ) ) ;
#261 = CARTESIAN_POINT ( 'NONE',  ( 37.12895840847381379, 4.327649527768195448, 3.331742588840901576 ) ) ;
#262 = CARTESIAN_POINT ( 'NONE',  ( 15.76188613066994826, 51.94168842127427865, 0.4142135623730968108 ) ) ;
#263 = CARTESIAN_POINT ( 'NONE',  ( 43.95179389594149910, 17.62472290041526080, 6.618559179746055676 ) ) ;
#264 = CARTESIAN_POINT ( 'NONE',  ( 10.72763801520470217, 14.34295835651682260, 1.999999999999997780 ) ) ;
#265 = CARTESIAN_POINT ( 'NONE',  ( 10.10538271126319287, 39.70418619218406775, 8.000000000000000000 ) ) ;
#266 = VERTEX_POINT ( 'NONE', #8023 ) ;
#267 = ORIENTED_EDGE ( 'NONE', *, *, #45, .T. ) ;
#268 = CARTESIAN_POINT ( 'NONE',  ( 40.49488286603450149, 42.08447431474561995, 1.888822129096488833 ) ) ;
#269 = ADVANCED_FACE ( 'NONE', ( #91 ), #3291, .F. ) ;
#270 = FACE_OUTER_BOUND ( 'NONE', #4540, .T. ) ;
#271 = CARTESIAN_POINT ( 'NONE',  ( 14.23332404181237543, 4.214462972446882283, -2.168404344971008868E-16 ) ) ;
#272 = DIRECTION ( 'NONE',  ( -0.000000000000000000, -0.000000000000000000, -1.000000000000000000 ) ) ;
#273 = CARTESIAN_POINT ( 'NONE',  ( 14.87780073981847195, 50.78588255041463384, 3.360330427418636745 ) ) ;
#274 = ADVANCED_FACE ( 'NONE', ( #6339 ), #7518, .T. ) ;
#275 = FACE_OUTER_BOUND ( 'NONE', #2522, .T. ) ;
#276 = ORIENTED_EDGE ( 'NONE', *, *, #6874, .T. ) ;
#277 = CARTESIAN_POINT ( 'NONE',  ( 43.50991137363070749, 27.09069615251123508, 3.139999999999991687 ) ) ;
#278 = CARTESIAN_POINT ( 'NONE',  ( 38.31260206606368257, 51.09806318810441894, 1.917086255096945413 ) ) ;
#279 = CARTESIAN_POINT ( 'NONE',  ( 39.59798973691823676, 44.14385828891132491, 7.780867782530684451 ) ) ;
#280 = CARTESIAN_POINT ( 'NONE',  ( 9.661520356220135497, 15.20956599925972696, 7.500000000000000000 ) ) ;
#281 = ORIENTED_EDGE ( 'NONE', *, *, #10015, .F. ) ;
#282 = AXIS2_PLACEMENT_3D ( 'NONE', #208, #1018, #3984 ) ;
#283 = CARTESIAN_POINT ( 'NONE',  ( 43.50991137363070749, 26.00088236050318002, 4.639999999999989910 ) ) ;
#284 = PRODUCT_DEFINITION ( 'UNKNOWN', '', #7947, #8244 ) ;
#285 = DIRECTION ( 'NONE',  ( -1.000000000000000000, 0.000000000000000000, 0.000000000000000000 ) ) ;
#286 = ORIENTED_EDGE ( 'NONE', *, *, #2240, .F. ) ;
#287 = CARTESIAN_POINT ( 'NONE',  ( 26.00991137390269969, 27.57807569686058358, 2.000000000000000000 ) ) ;
#288 = CARTESIAN_POINT ( 'NONE',  ( 15.60643868344829066, 3.239240823181628759, 1.518327244431527001 ) ) ;
#289 = EDGE_CURVE ( 'NONE', #7544, #3136, #7258, .T. ) ;
#290 = CARTESIAN_POINT ( 'NONE',  ( 38.36456913678413372, 5.944120621749135580, 6.505213034913026604E-16 ) ) ;
#291 = LINE ( 'NONE', #2976, #1020 ) ;
#292 = DIRECTION ( 'NONE',  ( 1.000000000000000000, 0.000000000000000000, 0.000000000000000000 ) ) ;
#293 = ORIENTED_EDGE ( 'NONE', *, *, #2275, .T. ) ;
#294 = CARTESIAN_POINT ( 'NONE',  ( 48.52105821222070858, 33.03557313322407651, 6.033074309611452080 ) ) ;
#295 = CARTESIAN_POINT ( 'NONE',  ( 47.10249359828603133, 33.77001919795424811, 2.000000000000000000 ) ) ;
#296 = EDGE_CURVE ( 'NONE', #4162, #2901, #8835, .T. ) ;
#297 = CARTESIAN_POINT ( 'NONE',  ( 41.46883477049735944, 13.51672411404270768, 2.508419748353272638 ) ) ;
#298 = CARTESIAN_POINT ( 'NONE',  ( 46.91879700073252479, 33.94813993957212261, 6.999999001935801601 ) ) ;
#299 = FACE_OUTER_BOUND ( 'NONE', #7728, .T. ) ;
#300 = DIRECTION ( 'NONE',  ( -1.000000000000000000, 0.000000000000000000, 0.000000000000000000 ) ) ;
#301 = EDGE_LOOP ( 'NONE', ( #800, #4765, #4183, #4260 ) ) ;
#302 = CARTESIAN_POINT ( 'NONE',  ( 37.37761389391233280, 51.60150636269477786, 2.460321128838195204 ) ) ;
#303 = ORIENTED_EDGE ( 'NONE', *, *, #2086, .T. ) ;
#304 = DIRECTION ( 'NONE',  ( 0.000000000000000000, 0.000000000000000000, -1.000000000000000000 ) ) ;
#305 = EDGE_CURVE ( 'NONE', #1273, #2871, #9515, .T. ) ;
#306 = CARTESIAN_POINT ( 'NONE',  ( 15.76188613066989497, 3.214462972446881839, 1.000000000000001554 ) ) ;
#307 = ORIENTED_EDGE ( 'NONE', *, *, #2538, .T. ) ;
#308 = CARTESIAN_POINT ( 'NONE',  ( 48.60443242939782493, 31.32807569686055160, 2.498673601337395134 ) ) ;
#309 = CYLINDRICAL_SURFACE ( 'NONE', #4219, 1.999999999999999112 ) ;
#310 = CARTESIAN_POINT ( 'NONE',  ( 40.94100933754367588, 41.62531005020538544, 1.991816220414477367 ) ) ;
#311 = CARTESIAN_POINT ( 'NONE',  ( 10.85446680767494776, 36.32807569686045923, 2.000000000000000000 ) ) ;
#312 = EDGE_CURVE ( 'NONE', #1151, #986, #2482, .T. ) ;
#313 = CARTESIAN_POINT ( 'NONE',  ( 43.50991137363070749, 28.85405190938863740, 5.567050983124850916 ) ) ;
#314 = CARTESIAN_POINT ( 'NONE',  ( 13.94243752920796808, 7.469659651021641089, 5.439314638710910366 ) ) ;
#315 = CARTESIAN_POINT ( 'NONE',  ( 48.38495600994377099, 33.10083995048842809, 6.405937154571518022 ) ) ;
#316 = ORIENTED_EDGE ( 'NONE', *, *, #6301, .F. ) ;
#317 = ORIENTED_EDGE ( 'NONE', *, *, #8610, .F. ) ;
#318 = FACE_OUTER_BOUND ( 'NONE', #753, .T. ) ;
#319 = AXIS2_PLACEMENT_3D ( 'NONE', #4658, #9378, #2347 ) ;
#320 = VECTOR ( 'NONE', #5037, 1000.000000000000000 ) ;
#321 = CARTESIAN_POINT ( 'NONE',  ( 48.54318645688867662, 22.23298974341039624, 3.250000000000000444 ) ) ;
#322 = CARTESIAN_POINT ( 'NONE',  ( 11.73477015024597847, 43.08940461853921278, 8.000000000000000000 ) ) ;
#323 = CIRCLE ( 'NONE', #8657, 1.000000000000000888 ) ;
#324 = CARTESIAN_POINT ( 'NONE',  ( 12.39472472080166909, 46.76547773054986834, 4.821842407477713088 ) ) ;
#325 = CARTESIAN_POINT ( 'NONE',  ( 15.05576495769516576, 51.36648159886961906, 2.970880909847449125 ) ) ;
#326 = ADVANCED_FACE ( 'NONE', ( #3967 ), #3194, .T. ) ;
#327 = CARTESIAN_POINT ( 'NONE',  ( 9.951195558913452643, 14.83282496563069763, 7.542083936009141176 ) ) ;
#328 = ORIENTED_EDGE ( 'NONE', *, *, #6243, .F. ) ;
#329 = CARTESIAN_POINT ( 'NONE',  ( 12.91846413596946874, 6.656195374226929751, 0.5000000000000004441 ) ) ;
#330 = CARTESIAN_POINT ( 'NONE',  ( 38.12157424262874628, 51.72128156180407643, 1.499048847135796780 ) ) ;
#331 = CARTESIAN_POINT ( 'NONE',  ( 25.35991137390269401, 45.07807569686058713, 6.500000000000000000 ) ) ;
#332 = DIRECTION ( 'NONE',  ( 1.000000000000000000, 0.000000000000000000, 0.000000000000000000 ) ) ;
#333 = ADVANCED_FACE ( 'NONE', ( #2019 ), #9916, .F. ) ;
#334 = ORIENTED_EDGE ( 'NONE', *, *, #6654, .T. ) ;
#335 = CARTESIAN_POINT ( 'NONE',  ( 40.48599559934621794, 12.47427253672983483, 8.000000000000000000 ) ) ;
#336 = CARTESIAN_POINT ( 'NONE',  ( 11.61768073465379558, 12.26208063552476091, 8.000000000000000000 ) ) ;
#337 = AXIS2_PLACEMENT_3D ( 'NONE', #7378, #9683, #9834 ) ;
#338 = ORIENTED_EDGE ( 'NONE', *, *, #5838, .F. ) ;
#339 = DIRECTION ( 'NONE',  ( 1.000000000000000000, 0.000000000000000000, 0.000000000000000000 ) ) ;
#340 = FACE_OUTER_BOUND ( 'NONE', #8021, .T. ) ;
#341 = CARTESIAN_POINT ( 'NONE',  ( 38.32131113223427832, 4.086501082640006999, 6.505213034913025618E-16 ) ) ;
#342 = ADVANCED_FACE ( 'NONE', ( #494 ), #4285, .T. ) ;
#343 = DIRECTION ( 'NONE',  ( 0.000000000000000000, 0.000000000000000000, 1.000000000000000000 ) ) ;
#344 = CARTESIAN_POINT ( 'NONE',  ( 39.40153289669940051, 47.50255668738780201, 0.5823210919688602827 ) ) ;
#345 = VERTEX_POINT ( 'NONE', #5876 ) ;
#346 = DIRECTION ( 'NONE',  ( -0.000000000000000000, -0.000000000000000000, -1.000000000000000000 ) ) ;
#347 = CIRCLE ( 'NONE', #6068, 2.000000000000001776 ) ;
#348 = CARTESIAN_POINT ( 'NONE',  ( 38.84321252053184992, 49.35660122651279380, -3.488375131381581032E-12 ) ) ;
#349 = CARTESIAN_POINT ( 'NONE',  ( 12.76602612501364575, 7.162053467484572167, 0.5000000000000692779 ) ) ;
#350 = TOROIDAL_SURFACE ( 'NONE', #8355, 12.50000000000000355, 0.5000000000000000000 ) ;
#351 = CARTESIAN_POINT ( 'NONE',  ( 46.64297120178764544, 34.81002053735134183, 6.500000000000000888 ) ) ;
#352 = CARTESIAN_POINT ( 'NONE',  ( 11.25991137390270680, 27.57807569686058358, 11.30000000000000071 ) ) ;
#353 = VERTEX_POINT ( 'NONE', #3558 ) ;
#354 = CARTESIAN_POINT ( 'NONE',  ( 44.42846684829863335, 36.84566382951881280, 6.735469434307806758 ) ) ;
#355 = VERTEX_POINT ( 'NONE', #4323 ) ;
#356 = CARTESIAN_POINT ( 'NONE',  ( 39.78376798995257957, 8.914316550044851795, 1.021985156997141653 ) ) ;
#357 = CARTESIAN_POINT ( 'NONE',  ( 44.57923545371841101, 18.89301938091323052, 7.500000000000000000 ) ) ;
#358 = ORIENTED_EDGE ( 'NONE', *, *, #4409, .T. ) ;
#359 = DIRECTION ( 'NONE',  ( -1.000000000000000000, 0.000000000000000000, 0.000000000000000000 ) ) ;
#360 = FACE_OUTER_BOUND ( 'NONE', #5928, .T. ) ;
#361 = CARTESIAN_POINT ( 'NONE',  ( 37.78649870599297600, 50.94168842127428576, -7.589415207398531038E-16 ) ) ;
#362 = CARTESIAN_POINT ( 'NONE',  ( 13.95940681461291710, 47.74277818999694034, 5.401559272414478308 ) ) ;
#363 = EDGE_CURVE ( 'NONE', #4576, #8168, #453, .T. ) ;
#364 = DIRECTION ( 'NONE',  ( 1.458397897016126621E-14, 4.770489558936218721E-15, -1.000000000000000000 ) ) ;
#365 = CARTESIAN_POINT ( 'NONE',  ( 13.94780929784113077, 7.451845677295456660, 5.427365525993364415 ) ) ;
#366 = CARTESIAN_POINT ( 'NONE',  ( 9.848712331506705553, 40.21028410679046772, 7.500000000000000000 ) ) ;
#367 = VERTEX_POINT ( 'NONE', #8126 ) ;
#368 = DIRECTION ( 'NONE',  ( 1.000000000000000000, -8.462065736584504477E-17, 0.000000000000000000 ) ) ;
#369 = ADVANCED_FACE ( 'NONE', ( #4277 ), #9864, .F. ) ;
#370 = EDGE_CURVE ( 'NONE', #4010, #8116, #8253, .T. ) ;
#371 = CARTESIAN_POINT ( 'NONE',  ( 12.20009011926938314, 43.67831533037381320, 7.958471047331751258 ) ) ;
#372 = DIRECTION ( 'NONE',  ( 0.000000000000000000, 0.000000000000000000, 1.000000000000000000 ) ) ;
#373 = CARTESIAN_POINT ( 'NONE',  ( 11.61782860592574096, 44.33685032456865827, 6.479718362371448492 ) ) ;
#374 = CARTESIAN_POINT ( 'NONE',  ( 10.37883889381024538, 41.25516912746986975, 8.610962583225530764 ) ) ;
#375 = CARTESIAN_POINT ( 'NONE',  ( 45.20908380382081759, 20.45909948006905665, 7.658568789308644931 ) ) ;
#376 = EDGE_LOOP ( 'NONE', ( #9969, #6682, #3029, #3288 ) ) ;
#377 = ORIENTED_EDGE ( 'NONE', *, *, #8689, .F. ) ;
#378 =( BOUNDED_SURFACE ( )  B_SPLINE_SURFACE ( 3, 2, ( 
 ( #3463, #8081, #4282 ),
 ( #8855, #1214, #4184 ),
 ( #201, #1772, #3411 ),
 ( #9571, #7265, #1824 ),
 ( #6551, #9010, #302 ),
 ( #9622, #8910, #9724 ) ),
 .UNSPECIFIED., .F., .F., .T. ) 
 B_SPLINE_SURFACE_WITH_KNOTS ( ( 4, 2, 4 ),
 ( 3, 3 ),
 ( 3.141592653589793116, 3.544278254590235377, 3.946963855590678083 ),
 ( 0.000000000000000000, 1.000000000000000000 ),
 .UNSPECIFIED. ) 
 GEOMETRIC_REPRESENTATION_ITEM ( )  RATIONAL_B_SPLINE_SURFACE ( (
 ( 1.000000000000000000, 0.9875333661528890028, 1.000000000000000000),
 ( 1.000000000000000000, 0.9875422333893032478, 1.000000000000000000),
 ( 1.000000000000000000, 0.9810070137409756530, 1.000000000000000000),
 ( 1.000000000000000000, 0.9551851351743374519, 1.000000000000000000),
 ( 1.000000000000000000, 0.9358985168740028282, 1.000000000000000000),
 ( 1.000000000000000000, 0.9106341917101500316, 1.000000000000000000) ) ) 
 REPRESENTATION_ITEM ( '' )  SURFACE ( )  );
#379 = LINE ( 'NONE', #5423, #7742 ) ;
#380 = VECTOR ( 'NONE', #8204, 1000.000000000000000 ) ;
#381 = CARTESIAN_POINT ( 'NONE',  ( 41.37697919605320607, 41.84689303427068552, 8.205811802768252505 ) ) ;
#382 = ADVANCED_FACE ( 'NONE', ( #4368 ), #6140, .F. ) ;
#383 = VECTOR ( 'NONE', #9331, 1000.000000000000000 ) ;
#384 = CARTESIAN_POINT ( 'NONE',  ( 26.00991137390270680, 27.57807569686058358, 10.90000000000000213 ) ) ;
#385 = CARTESIAN_POINT ( 'NONE',  ( 15.83763509780410494, 3.214462972446881395, 1.518327244431517675 ) ) ;
#386 = CARTESIAN_POINT ( 'NONE',  ( 10.26790780241830525, 15.21851711417381381, 8.000000000000000000 ) ) ;
#387 = FACE_OUTER_BOUND ( 'NONE', #5272, .T. ) ;
#388 = DIRECTION ( 'NONE',  ( 0.000000000000000000, 1.000000000000000000, 0.000000000000000000 ) ) ;
#389 = ORIENTED_EDGE ( 'NONE', *, *, #6455, .F. ) ;
#390 = EDGE_CURVE ( 'NONE', #5328, #1478, #1969, .T. ) ;
#391 = CARTESIAN_POINT ( 'NONE',  ( 48.59452244383232511, 22.49377655708412860, 6.000000000000000000 ) ) ;
#392 = VECTOR ( 'NONE', #5678, 1000.000000000000000 ) ;
#393 = CARTESIAN_POINT ( 'NONE',  ( 40.01782130223100609, 45.47656178258510806, 1.289632593261669680 ) ) ;
#394 = CARTESIAN_POINT ( 'NONE',  ( 16.00991137390270325, 3.452074046984450639, 0.3528809025131153243 ) ) ;
#395 = CARTESIAN_POINT ( 'NONE',  ( 40.75220325251722642, 11.78321670446654856, 7.148537166047714386 ) ) ;
#396 = ORIENTED_EDGE ( 'NONE', *, *, #7576, .F. ) ;
#397 = CIRCLE ( 'NONE', #6121, 0.4999999999999865663 ) ;
#398 = CARTESIAN_POINT ( 'NONE',  ( 11.35661954846543864, 42.08447431474561995, 1.888822129096488833 ) ) ;
#399 = LINE ( 'NONE', #7411, #9754 ) ;
#400 = AXIS2_PLACEMENT_3D ( 'NONE', #2073, #5203, #8332 ) ;
#401 = DIRECTION ( 'NONE',  ( 0.4042462161649288399, -0.9146502045680291459, 1.903998218605378427E-15 ) ) ;
#402 = EDGE_CURVE ( 'NONE', #8537, #3761, #2228, .T. ) ;
#403 = CARTESIAN_POINT ( 'NONE',  ( 36.00991137390268904, 51.78373881742686535, 2.315349400716375516 ) ) ;
#404 = VERTEX_POINT ( 'NONE', #1209 ) ;
#405 = DIRECTION ( 'NONE',  ( -0.9504442985305104896, 0.3108948944431959571, 0.000000000000000000 ) ) ;
#406 = ORIENTED_EDGE ( 'NONE', *, *, #4662, .F. ) ;
#407 = CARTESIAN_POINT ( 'NONE',  ( 39.06894882378380629, 8.444295124504936467, 0.2779446772587305103 ) ) ;
#408 = AXIS2_PLACEMENT_3D ( 'NONE', #10064, #746, #31 ) ;
#409 = CARTESIAN_POINT ( 'NONE',  ( 14.87576564531883427, 3.478247482922737888, 0.5538865590723340837 ) ) ;
#410 = CARTESIAN_POINT ( 'NONE',  ( 13.45865183727376291, 4.869031178300950558, 2.459598781590341510 ) ) ;
#411 = DIRECTION ( 'NONE',  ( -1.000000000000000000, 0.000000000000000000, 0.000000000000000000 ) ) ;
#412 = CARTESIAN_POINT ( 'NONE',  ( 36.33763509780395395, 51.94168842127427865, 1.000000000000000666 ) ) ;
#413 = CARTESIAN_POINT ( 'NONE',  ( 39.73698789745645854, 43.77388775767062867, 7.935346018058942796 ) ) ;
#414 = DIRECTION ( 'NONE',  ( -1.000000000000000000, 0.000000000000000000, 0.000000000000000000 ) ) ;
#415 = CARTESIAN_POINT ( 'NONE',  ( 12.47587295561776344, 10.00405990573921322, 0.8209277162606193334 ) ) ;
#416 = CARTESIAN_POINT ( 'NONE',  ( 48.53397548509909853, 32.96995338699771594, 6.110130764598260988 ) ) ;
#417 = ORIENTED_EDGE ( 'NONE', *, *, #4309, .T. ) ;
#418 = ORIENTED_EDGE ( 'NONE', *, *, #8817, .T. ) ;
#419 = DIRECTION ( 'NONE',  ( -0.6011462351013998617, 0.7991390392312294200, 0.000000000000000000 ) ) ;
#420 = AXIS2_PLACEMENT_3D ( 'NONE', #2414, #4164, #5603 ) ;
#421 = CIRCLE ( 'NONE', #2691, 0.5000000000000000000 ) ;
#422 = DIRECTION ( 'NONE',  ( -0.000000000000000000, -0.000000000000000000, -1.000000000000000000 ) ) ;
#423 = CARTESIAN_POINT ( 'NONE',  ( 11.22729799993844857, 43.26824198729998727, 7.221426408385591245 ) ) ;
#424 = CARTESIAN_POINT ( 'NONE',  ( 11.13584105327503693, 43.00178107768490321, 8.581686837400624768 ) ) ;
#425 = EDGE_CURVE ( 'NONE', #9779, #4922, #4852, .T. ) ;
#426 = EDGE_CURVE ( 'NONE', #8116, #4136, #9593, .T. ) ;
#427 = DIRECTION ( 'NONE',  ( -0.000000000000000000, -0.000000000000000000, -1.000000000000000000 ) ) ;
#428 = ORIENTED_EDGE ( 'NONE', *, *, #676, .T. ) ;
#429 = ORIENTED_EDGE ( 'NONE', *, *, #5679, .T. ) ;
#430 = CARTESIAN_POINT ( 'NONE',  ( 13.39719964095686855, 6.800460117891002021, 6.505213034913026604E-16 ) ) ;
#431 = CARTESIAN_POINT ( 'NONE',  ( 11.40133020074175896, 41.96104721522755199, 1.931789390825837227 ) ) ;
#432 = CARTESIAN_POINT ( 'NONE',  ( 26.70991137390258885, 45.07807569686060845, 3.000000000000000000 ) ) ;
#433 = FACE_OUTER_BOUND ( 'NONE', #3418, .T. ) ;
#434 = CARTESIAN_POINT ( 'NONE',  ( 9.847395690431838489, 14.94790367094711137, 8.000000000000000000 ) ) ;
#435 = CARTESIAN_POINT ( 'NONE',  ( 42.17903964974687625, 14.95720810710079185, 2.000000000000000000 ) ) ;
#436 = DIRECTION ( 'NONE',  ( 1.000000000000000000, -3.469446951953611033E-15, 0.000000000000000000 ) ) ;
#437 =( BOUNDED_SURFACE ( )  B_SPLINE_SURFACE ( 3, 2, ( 
 ( #361, #3421, #1267 ),
 ( #6706, #8141, #8193 ),
 ( #5842, #9116, #1173 ),
 ( #2646, #4289, #9880 ),
 ( #2077, #8920, #1123 ),
 ( #5117, #9734, #2700 ),
 ( #4383, #6657, #5209 ),
 ( #7423, #412, #8243 ) ),
 .UNSPECIFIED., .F., .F., .T. ) 
 B_SPLINE_SURFACE_WITH_KNOTS ( ( 4, 2, 2, 4 ),
 ( 3, 3 ),
 ( 1.570796326794896558, 2.356194490192344837, 2.748893571891068976, 3.141592653589793116 ),
 ( 0.000000000000000000, 1.000000000000000000 ),
 .UNSPECIFIED. ) 
 GEOMETRIC_REPRESENTATION_ITEM ( )  RATIONAL_B_SPLINE_SURFACE ( (
 ( 1.000000000000000000, 0.7071067811865475727, 1.000000000000000000),
 ( 1.000000000000000000, 0.7952220605260021946, 1.000000000000000000),
 ( 1.000000000000000000, 0.8662412550757241370, 1.000000000000000000),
 ( 1.000000000000000000, 0.9384018147538750743, 1.000000000000000000),
 ( 1.000000000000000000, 0.9567619960060076423, 1.000000000000000000),
 ( 1.000000000000000000, 0.9813278028445944212, 1.000000000000000000),
 ( 1.000000000000000000, 0.9875413870265977723, 1.000000000000000000),
 ( 1.000000000000000000, 0.9875333661528890028, 1.000000000000000000) ) ) 
 REPRESENTATION_ITEM ( '' )  SURFACE ( )  );
#438 = EDGE_CURVE ( 'NONE', #1856, #2887, #7966, .T. ) ;
#439 = ORIENTED_EDGE ( 'NONE', *, *, #7071, .F. ) ;
#440 = CARTESIAN_POINT ( 'NONE',  ( 13.69851161557113528, 51.06965031108115483, 0.5000000000000004441 ) ) ;
#441 = CARTESIAN_POINT ( 'NONE',  ( 37.66961865448976710, 51.49612333232320793, 2.671706432288713629 ) ) ;
#442 = CARTESIAN_POINT ( 'NONE',  ( 10.65835420599091776, 40.65996991588355058, 2.000000000000000444 ) ) ;
#443 = LINE ( 'NONE', #4520, #8714 ) ;
#444 = CARTESIAN_POINT ( 'NONE',  ( 40.40000064916724654, 10.81354113612107604, 6.475739689203910743 ) ) ;
#445 = ORIENTED_EDGE ( 'NONE', *, *, #5498, .F. ) ;
#446 = CARTESIAN_POINT ( 'NONE',  ( 12.95087456008381643, 46.71185626921563028, 0.2779446772587833570 ) ) ;
#447 = CARTESIAN_POINT ( 'NONE',  ( 41.63735608274128452, 14.31033391986472836, 2.000000000000001776 ) ) ;
#448 = DIRECTION ( 'NONE',  ( 0.7652177220739261321, -0.6437715727057166104, 0.000000000000000000 ) ) ;
#449 = EDGE_CURVE ( 'NONE', #4516, #3828, #1275, .T. ) ;
#450 = ORIENTED_EDGE ( 'NONE', *, *, #6172, .F. ) ;
#451 = FACE_OUTER_BOUND ( 'NONE', #3688, .T. ) ;
#452 = VERTEX_POINT ( 'NONE', #9200 ) ;
#453 = CIRCLE ( 'NONE', #2564, 19.99999999981464782 ) ;
#454 = CARTESIAN_POINT ( 'NONE',  ( 39.83482132451872815, 9.080961555164307697, 0.4995800658174213149 ) ) ;
#455 = CARTESIAN_POINT ( 'NONE',  ( 11.53300661852629716, 12.47394325386309610, 8.000000000000000000 ) ) ;
#456 = EDGE_CURVE ( 'NONE', #4213, #3171, #165, .T. ) ;
#457 = LINE ( 'NONE', #2130, #7662 ) ;
#458 = CARTESIAN_POINT ( 'NONE',  ( 15.76188613066996069, 51.94168842127428576, 1.518327244431517675 ) ) ;
#459 = CARTESIAN_POINT ( 'NONE',  ( 41.95831440556862191, 15.50958282481666828, 2.000000000000000000 ) ) ;
#460 = LINE ( 'NONE', #6755, #3588 ) ;
#461 = UNCERTAINTY_MEASURE_WITH_UNIT (LENGTH_MEASURE( 1.000000000000000082E-05 ), #2777, 'distance_accuracy_value', 'NONE');
#462 = CARTESIAN_POINT ( 'NONE',  ( 41.30156075450678799, 40.79011174251187555, 2.000000000000000444 ) ) ;
#463 = CARTESIAN_POINT ( 'NONE',  ( 11.42632225998402262, 11.38543384750056831, 1.301809596605708608 ) ) ;
#464 = DIRECTION ( 'NONE',  ( 0.000000000000000000, 1.000000000000000000, 0.000000000000000000 ) ) ;
#465 = ORIENTED_EDGE ( 'NONE', *, *, #3106, .F. ) ;
#466 = EDGE_LOOP ( 'NONE', ( #6006, #7224 ) ) ;
#467 = CARTESIAN_POINT ( 'NONE',  ( 43.50991137363070749, 27.95335337183384183, 3.990000000000000657 ) ) ;
#468 = CARTESIAN_POINT ( 'NONE',  ( 12.25368261869690656, 46.30429232818273277, 5.133353386637221405 ) ) ;
#469 = CARTESIAN_POINT ( 'NONE',  ( 10.64307394980243515, 41.84742955275443421, 9.355993384557253378 ) ) ;
#470 = CIRCLE ( 'NONE', #1767, 1.000000000000000222 ) ;
#471 = LINE ( 'NONE', #9082, #5900 ) ;
#472 = ORIENTED_EDGE ( 'NONE', *, *, #2413, .T. ) ;
#473 = AXIS2_PLACEMENT_3D ( 'NONE', #4971, #2504, #6416 ) ;
#474 = ORIENTED_EDGE ( 'NONE', *, *, #4785, .F. ) ;
#475 = CARTESIAN_POINT ( 'NONE',  ( 48.31191821739787429, 22.01220388586569499, 6.488666005401311665 ) ) ;
#476 = CARTESIAN_POINT ( 'NONE',  ( 48.52152755397552397, 33.03318887710955210, 6.032372373394614407 ) ) ;
#477 = DIRECTION ( 'NONE',  ( 1.000000000000000000, 0.000000000000000000, 0.000000000000000000 ) ) ;
#478 = CARTESIAN_POINT ( 'NONE',  ( 10.86321099061636453, 12.80282738028830813, 7.500000000000000000 ) ) ;
#479 = CARTESIAN_POINT ( 'NONE',  ( 10.89512820161709783, 42.44127854397887489, 2.361027661370610709 ) ) ;
#480 = CARTESIAN_POINT ( 'NONE',  ( 11.18904484474268202, 12.03513032082604539, 7.590219535767802839 ) ) ;
#481 = CARTESIAN_POINT ( 'NONE',  ( 41.99229751198190996, 26.82752034691407061, 4.640000000000003233 ) ) ;
#482 = EDGE_LOOP ( 'NONE', ( #9395, #9399, #3687, #8754 ) ) ;
#483 = EDGE_CURVE ( 'NONE', #3533, #3628, #9612, .T. ) ;
#484 = CARTESIAN_POINT ( 'NONE',  ( 48.86869132891028045, 23.88655449328015123, 6.999999999999999112 ) ) ;
#485 = CARTESIAN_POINT ( 'NONE',  ( 47.42599597267710720, 21.32188391235778013, 2.051826493014023978 ) ) ;
#486 = ADVANCED_FACE ( 'NONE', ( #595 ), #8475, .T. ) ;
#487 = CARTESIAN_POINT ( 'NONE',  ( 14.83106842973598205, 4.523365867206041280, 3.463023606571983937 ) ) ;
#488 = CARTESIAN_POINT ( 'NONE',  ( 47.02778858619240054, 21.27858440467027634, 6.999999999998562927 ) ) ;
#489 = EDGE_CURVE ( 'NONE', #4281, #23, #2213, .T. ) ;
#490 = AXIS2_PLACEMENT_3D ( 'NONE', #3086, #2224, #6230 ) ;
#491 = EDGE_LOOP ( 'NONE', ( #8814, #10123, #7199, #8249 ) ) ;
#492 = CIRCLE ( 'NONE', #9323, 0.5000000000000004441 ) ;
#493 =( BOUNDED_CURVE ( )  B_SPLINE_CURVE ( 3, ( #7904, #2523, #4006, #7957 ),
 .UNSPECIFIED., .F., .T. ) 
 B_SPLINE_CURVE_WITH_KNOTS ( ( 4, 4 ),
 ( 4.712388980384684345, 5.577814558364204700 ),
 .UNSPECIFIED. ) 
 CURVE ( )  GEOMETRIC_REPRESENTATION_ITEM ( )  RATIONAL_B_SPLINE_CURVE ( ( 1.000000000000000000, 0.9385543492664640830, 0.9385543492664640830, 1.000000000000000000 ) ) 
 REPRESENTATION_ITEM ( '' )  );
#494 = FACE_OUTER_BOUND ( 'NONE', #808, .T. ) ;
#495 = CARTESIAN_POINT ( 'NONE',  ( 41.92420979794020042, 14.51745031634803240, 1.853489389016727218 ) ) ;
#496 = DIRECTION ( 'NONE',  ( 1.000000000000000000, -0.000000000000000000, 0.000000000000000000 ) ) ;
#497 = CARTESIAN_POINT ( 'NONE',  ( 41.29211892409174567, 42.04464526139265246, 2.473017087656067314 ) ) ;
#498 = ORIENTED_EDGE ( 'NONE', *, *, #5047, .T. ) ;
#499 = DIRECTION ( 'NONE',  ( -0.000000000000000000, -0.000000000000000000, -1.000000000000000000 ) ) ;
#500 = EDGE_LOOP ( 'NONE', ( #9799, #1185, #5476 ) ) ;
#501 = CARTESIAN_POINT ( 'NONE',  ( 41.98650180652377628, 40.52132826504557528, 2.500000000000000444 ) ) ;
#502 = AXIS2_PLACEMENT_3D ( 'NONE', #6104, #4501, #4653 ) ;
#503 = DIRECTION ( 'NONE',  ( -0.000000000000000000, -0.000000000000000000, -1.000000000000000000 ) ) ;
#504 = EDGE_CURVE ( 'NONE', #2640, #6519, #3705, .T. ) ;
#505 = DIRECTION ( 'NONE',  ( -1.000000000000000000, 0.000000000000000000, 0.000000000000000000 ) ) ;
#506 = DIRECTION ( 'NONE',  ( 1.000000000000000000, -0.000000000000000000, 0.000000000000000000 ) ) ;
#507 = CARTESIAN_POINT ( 'NONE',  ( 40.86402028192990343, 41.70625493331264266, 1.980399793571175238 ) ) ;
#508 = CARTESIAN_POINT ( 'NONE',  ( 47.25220771339316173, 21.38484014679993095, 2.000055568786434979 ) ) ;
#509 = CARTESIAN_POINT ( 'NONE',  ( 41.07101213301986320, 41.30362993109194747, 2.000000000000000000 ) ) ;
#510 = CARTESIAN_POINT ( 'NONE',  ( 12.42192619470537629, 8.301258848716464911, 0.2281510977077919333 ) ) ;
#511 = CARTESIAN_POINT ( 'NONE',  ( 10.20446680767501313, 36.32807569686057292, 6.500000000000000000 ) ) ;
#512 = ORIENTED_EDGE ( 'NONE', *, *, #788, .F. ) ;
#513 = EDGE_LOOP ( 'NONE', ( #1495, #3679, #5883, #2336 ) ) ;
#514 = CARTESIAN_POINT ( 'NONE',  ( 48.22683049121000920, 33.18013237118385206, 6.563442257500017973 ) ) ;
#515 = DIRECTION ( 'NONE',  ( -1.000000000000000000, 0.000000000000000000, 0.000000000000000000 ) ) ;
#516 = ORIENTED_EDGE ( 'NONE', *, *, #1857, .F. ) ;
#517 = CARTESIAN_POINT ( 'NONE',  ( 11.21747836866703274, 43.24284634395848315, 7.239088976727722446 ) ) ;
#518 = ORIENTED_EDGE ( 'NONE', *, *, #8252, .T. ) ;
#519 = CARTESIAN_POINT ( 'NONE',  ( 13.76818414478231389, 51.29695332676634933, 1.783676337824029234 ) ) ;
#520 = PLANE ( 'NONE',  #3567 ) ;
#521 = ORIENTED_EDGE ( 'NONE', *, *, #2788, .T. ) ;
#522 = EDGE_CURVE ( 'NONE', #6287, #615, #10092, .T. ) ;
#523 = ORIENTED_EDGE ( 'NONE', *, *, #4602, .T. ) ;
#524 = DIRECTION ( 'NONE',  ( -0.000000000000000000, -0.000000000000000000, -1.000000000000000000 ) ) ;
#525 = DIRECTION ( 'NONE',  ( -0.000000000000000000, -0.000000000000000000, -1.000000000000000000 ) ) ;
#526 = LINE ( 'NONE', #4659, #383 ) ;
#527 = CYLINDRICAL_SURFACE ( 'NONE', #7427, 20.49999999972801135 ) ;
#528 = PLANE ( 'NONE',  #1593 ) ;
#529 = CARTESIAN_POINT ( 'NONE',  ( 26.00991137390269969, 27.57807569686058358, 2.000000000000000000 ) ) ;
#530 = PLANE ( 'NONE',  #76 ) ;
#531 = AXIS2_PLACEMENT_3D ( 'NONE', #7704, #3847, #7752 ) ;
#532 = ORIENTED_EDGE ( 'NONE', *, *, #8118, .F. ) ;
#533 = CYLINDRICAL_SURFACE ( 'NONE', #10048, 1.999999999999999112 ) ;
#534 = CARTESIAN_POINT ( 'NONE',  ( 42.00550972678298933, 27.20279802188732887, 3.990000000000000657 ) ) ;
#535 = CARTESIAN_POINT ( 'NONE',  ( 13.89824856199724223, 3.434869831313118738, 2.732891067780273797 ) ) ;
#536 = LINE ( 'NONE', #6793, #1667 ) ;
#537 = VERTEX_POINT ( 'NONE', #6895 ) ;
#538 = AXIS2_PLACEMENT_3D ( 'NONE', #9757, #8941, #477 ) ;
#539 = CARTESIAN_POINT ( 'NONE',  ( 10.82828115186975459, 42.28095623749083387, 1.820423128936532908 ) ) ;
#540 = CARTESIAN_POINT ( 'NONE',  ( 42.18557056793277837, 14.96724650395016987, 1.991420435605888883 ) ) ;
#541 = DIRECTION ( 'NONE',  ( 1.000000000000000000, 0.000000000000000000, -0.000000000000000000 ) ) ;
#542 = CIRCLE ( 'NONE', #7419, 0.5000000000000004441 ) ;
#543 = EDGE_CURVE ( 'NONE', #8687, #6557, #9780, .T. ) ;
#544 = CARTESIAN_POINT ( 'NONE',  ( 36.18218765000138859, 51.94168842127428576, 1.518327244431517675 ) ) ;
#545 = EDGE_CURVE ( 'NONE', #688, #4701, #3963, .T. ) ;
#546 = ORIENTED_EDGE ( 'NONE', *, *, #168, .T. ) ;
#547 = CARTESIAN_POINT ( 'NONE',  ( -13.49008862636929429, 4.214462972446882283, -2.168404344971008868E-16 ) ) ;
#548 = ORIENTED_EDGE ( 'NONE', *, *, #1679, .F. ) ;
#549 = LINE ( 'NONE', #6803, #6122 ) ;
#550 = DIRECTION ( 'NONE',  ( -0.000000000000000000, -0.000000000000000000, -1.000000000000000000 ) ) ;
#551 = CARTESIAN_POINT ( 'NONE',  ( 48.20578756748940918, 21.66091581308942793, 8.000000000000000000 ) ) ;
#552 = AXIS2_PLACEMENT_3D ( 'NONE', #4907, #5790, #2498 ) ;
#553 = CIRCLE ( 'NONE', #66, 0.6999999999999992895 ) ;
#554 = AXIS2_PLACEMENT_3D ( 'NONE', #2985, #3710, #3661 ) ;
#555 = CARTESIAN_POINT ( 'NONE',  ( 11.10446888128187659, 41.65228376780060415, 1.988011956760389332 ) ) ;
#556 = CARTESIAN_POINT ( 'NONE',  ( 46.50991137363070749, 28.06545524120993207, 6.140000000000001457 ) ) ;
#557 = FACE_OUTER_BOUND ( 'NONE', #5881, .T. ) ;
#558 = CARTESIAN_POINT ( 'NONE',  ( 39.58311052425466414, 44.15195346998562798, 7.778205157791343360 ) ) ;
#559 = DIRECTION ( 'NONE',  ( 0.6437715727057166104, 0.7652177220739260211, 0.000000000000000000 ) ) ;
#560 = CARTESIAN_POINT ( 'NONE',  ( 41.37165668715910272, 13.30141988048091406, 8.000000000000000000 ) ) ;
#561 = ADVANCED_FACE ( 'NONE', ( #6843 ), #2934, .F. ) ;
#562 = CARTESIAN_POINT ( 'NONE',  ( 14.17655859908084359, 50.92312017234761612, 0.5000000000000004441 ) ) ;
#563 = ORIENTED_EDGE ( 'NONE', *, *, #6066, .T. ) ;
#564 = ORIENTED_EDGE ( 'NONE', *, *, #456, .T. ) ;
#565 = B_SPLINE_CURVE_WITH_KNOTS ( 'NONE', 3,
 ( #7498, #9813, #485, #3600, #1297, #4517 ),
 .UNSPECIFIED., .F., .F.,
 ( 4, 2, 4 ),
 ( -1.019078870265778694E-05, 0.0004849548250093343462, 0.0009801004387213264370 ),
 .UNSPECIFIED. ) ;
#566 = CARTESIAN_POINT ( 'NONE',  ( 11.50446680767501739, 18.82807569686058358, 6.500000000000000000 ) ) ;
#567 = CIRCLE ( 'NONE', #4499, 0.5000000000000001110 ) ;
#568 = LINE ( 'NONE', #5949, #380 ) ;
#569 = ORIENTED_EDGE ( 'NONE', *, *, #7196, .F. ) ;
#570 = VECTOR ( 'NONE', #885, 1000.000000000000000 ) ;
#571 = CARTESIAN_POINT ( 'NONE',  ( 38.32131113223428542, 4.086501082640006999, 1.936144814141152803 ) ) ;
#572 = CARTESIAN_POINT ( 'NONE',  ( 13.67331217389037334, 50.98741080684413873, 1.991156591412263754 ) ) ;
#573 = CARTESIAN_POINT ( 'NONE',  ( 9.776411469596684611, 15.05350173971020489, 2.500000000000000444 ) ) ;
#574 = EDGE_CURVE ( 'NONE', #1514, #6133, #2879, .T. ) ;
#575 = ORIENTED_EDGE ( 'NONE', *, *, #4604, .F. ) ;
#576 = ORIENTED_EDGE ( 'NONE', *, *, #7738, .F. ) ;
#577 = CARTESIAN_POINT ( 'NONE',  ( 41.80848316640262397, 14.27943059652733382, 7.500000000000003553 ) ) ;
#578 = DIRECTION ( 'NONE',  ( 0.000000000000000000, 0.000000000000000000, -1.000000000000000000 ) ) ;
#579 = CARTESIAN_POINT ( 'NONE',  ( 9.956986534231562658, 39.72537141569191022, 7.999999479881149789 ) ) ;
#580 = CARTESIAN_POINT ( 'NONE',  ( 10.18519194496767355, 14.32541009365403184, 8.000000000000122569 ) ) ;
#581 = AXIS2_PLACEMENT_3D ( 'NONE', #1341, #6015, #9905 ) ;
#582 = DIRECTION ( 'NONE',  ( 0.000000000000000000, 0.000000000000000000, 1.000000000000000000 ) ) ;
#583 = ADVANCED_FACE ( 'NONE', ( #3850 ), #10013, .T. ) ;
#584 = B_SPLINE_CURVE_WITH_KNOTS ( 'NONE', 3,
 ( #6877, #9135, #2149, #6159, #10045, #3689, #1486, #577, #6009, #2097, #9947, #3010 ),
 .UNSPECIFIED., .F., .F.,
 ( 4, 2, 2, 2, 2, 4 ),
 ( -5.999999997958163017E-08, 0.0002024012788161618111, 0.0004048625576323032081, 0.0008097851152645814485, 0.001619630230529128497, 0.003239320461058218473 ),
 .UNSPECIFIED. ) ;
#585 = DIRECTION ( 'NONE',  ( -0.000000000000000000, -0.000000000000000000, 1.000000000000000000 ) ) ;
#586 = CARTESIAN_POINT ( 'NONE',  ( 8.215195778297612605, 27.57807569686059068, 10.83687549219316004 ) ) ;
#587 = B_SPLINE_CURVE_WITH_KNOTS ( 'NONE', 3,
 ( #218, #873, #6313, #5643 ),
 .UNSPECIFIED., .F., .F.,
 ( 4, 4 ),
 ( 0.000000000000000000, 0.4645499137732378991 ),
 .UNSPECIFIED. ) ;
#588 = VERTEX_POINT ( 'NONE', #5243 ) ;
#589 = CARTESIAN_POINT ( 'NONE',  ( 14.02111115185925705, 51.39834232161285854, 8.000000000000000000 ) ) ;
#590 = AXIS2_PLACEMENT_3D ( 'NONE', #9865, #3756, #1354 ) ;
#591 = CARTESIAN_POINT ( 'NONE',  ( 14.25963609988428971, 3.679786416122061254, 2.817349427509044268 ) ) ;
#592 = CARTESIAN_POINT ( 'NONE',  ( 14.69644372113500630, 4.966868308286652045, 3.760512574526915675 ) ) ;
#593 = CARTESIAN_POINT ( 'NONE',  ( 48.26780257857146950, 21.71308854780531661, 6.494147982952983789 ) ) ;
#594 = EDGE_LOOP ( 'NONE', ( #7483, #9723, #3975, #4957, #7048 ) ) ;
#595 = FACE_OUTER_BOUND ( 'NONE', #4702, .T. ) ;
#596 = CARTESIAN_POINT ( 'NONE',  ( 14.30342553606732103, 44.37443844176083019, 7.660946871235397637 ) ) ;
#597 = DIRECTION ( 'NONE',  ( -1.000000000000000000, 0.000000000000000000, 0.000000000000000000 ) ) ;
#598 = LINE ( 'NONE', #3608, #3822 ) ;
#599 = VERTEX_POINT ( 'NONE', #1353 ) ;
#600 = CARTESIAN_POINT ( 'NONE',  ( 46.50991137363070749, 26.00088236050318002, 4.639999999999989910 ) ) ;
#601 = EDGE_CURVE ( 'NONE', #9243, #355, #3516, .T. ) ;
#602 = ORIENTED_EDGE ( 'NONE', *, *, #2440, .F. ) ;
#603 = CARTESIAN_POINT ( 'NONE',  ( 42.11473429276939839, 40.29998328391074125, 2.500000000000000444 ) ) ;
#604 = CARTESIAN_POINT ( 'NONE',  ( 47.32839341448098480, 31.32807569686055160, 7.000000000000000000 ) ) ;
#605 = DIRECTION ( 'NONE',  ( 0.000000000000000000, 0.000000000000000000, -1.000000000000000000 ) ) ;
#606 = EDGE_CURVE ( 'NONE', #7919, #9971, #9448, .T. ) ;
#607 = CARTESIAN_POINT ( 'NONE',  ( 12.20352807016745800, 9.014630527463534548, 5.243065390954818383 ) ) ;
#608 = DIRECTION ( 'NONE',  ( -0.000000000000000000, -0.000000000000000000, -1.000000000000000000 ) ) ;
#609 = CARTESIAN_POINT ( 'NONE',  ( 44.57923545372379692, 36.26313201279640452, 7.500000000000000000 ) ) ;
#610 = CIRCLE ( 'NONE', #3206, 0.5000000000000006661 ) ;
#611 = CARTESIAN_POINT ( 'NONE',  ( 39.33305464398745954, 44.24518005712848634, 7.747649763162515413 ) ) ;
#612 = DIRECTION ( 'NONE',  ( 0.000000000000000000, 0.000000000000000000, 1.000000000000000000 ) ) ;
#613 = CARTESIAN_POINT ( 'NONE',  ( 42.25962118491803921, 15.07654980157323088, 8.000000000000031974 ) ) ;
#614 = CARTESIAN_POINT ( 'NONE',  ( 10.81719441074913490, 41.01057589958297456, 8.000000000000000000 ) ) ;
#615 = VERTEX_POINT ( 'NONE', #1753 ) ;
#616 = VERTEX_POINT ( 'NONE', #9396 ) ;
#617 = FACE_OUTER_BOUND ( 'NONE', #2274, .T. ) ;
#618 = CARTESIAN_POINT ( 'NONE',  ( 37.16379467336540898, 50.71485035803228669, 3.407976824926429504 ) ) ;
#619 = CARTESIAN_POINT ( 'NONE',  ( 12.88548468624317245, 44.37443844175972885, 7.660946871236133937 ) ) ;
#620 = EDGE_CURVE ( 'NONE', #6054, #2313, #493, .T. ) ;
#621 = EDGE_LOOP ( 'NONE', ( #7156, #5507, #713, #2218, #5833, #9447 ) ) ;
#622 = CARTESIAN_POINT ( 'NONE',  ( 38.52257331412822339, 4.744858816402871327, 2.376558233342863424 ) ) ;
#623 = CARTESIAN_POINT ( 'NONE',  ( 47.88924557536090987, 33.76153983655991198, 2.499999999999996891 ) ) ;
#624 = CARTESIAN_POINT ( 'NONE',  ( 9.711767034521608721, 15.14346727861827269, 2.000000000000019540 ) ) ;
#625 = ORIENTED_EDGE ( 'NONE', *, *, #4124, .F. ) ;
#626 = VERTEX_POINT ( 'NONE', #184 ) ;
#627 = FACE_OUTER_BOUND ( 'NONE', #2590, .T. ) ;
#628 = CARTESIAN_POINT ( 'NONE',  ( 2.562401074558693814, -7.833578278036370968, 8.000000000000000000 ) ) ;
#629 = CARTESIAN_POINT ( 'NONE',  ( 9.662082325005187045, 39.94733135098093157, 7.630899362783301498 ) ) ;
#630 = ADVANCED_FACE ( 'NONE', ( #6380 ), #1807, .T. ) ;
#631 = AXIS2_PLACEMENT_3D ( 'NONE', #7339, #7187, #6319 ) ;
#632 = CARTESIAN_POINT ( 'NONE',  ( 48.22683049120708887, 21.97601902253763129, 6.563442257501865384 ) ) ;
#633 = CARTESIAN_POINT ( 'NONE',  ( 40.35374248981457157, 11.70089660450683589, 8.000000000000000000 ) ) ;
#634 = CARTESIAN_POINT ( 'NONE',  ( 14.02111115185925527, 3.757809072108285964, 2.442955784683400022 ) ) ;
#635 = FACE_OUTER_BOUND ( 'NONE', #4039, .T. ) ;
#636 = EDGE_LOOP ( 'NONE', ( #6377, #111, #4306, #8815, #6973, #564 ) ) ;
#637 = VECTOR ( 'NONE', #4334, 1000.000000000000000 ) ;
#638 = ORIENTED_EDGE ( 'NONE', *, *, #1679, .T. ) ;
#639 = EDGE_CURVE ( 'NONE', #5450, #6543, #6142, .T. ) ;
#640 = CARTESIAN_POINT ( 'NONE',  ( 40.51535594013037667, 18.82807569686056937, 6.500000000000000000 ) ) ;
#641 = CARTESIAN_POINT ( 'NONE',  ( 14.89086433933159270, 4.327649527768167914, 3.331742588840882924 ) ) ;
#642 = DIRECTION ( 'NONE',  ( 0.6437715727057146120, -0.7652177220739276864, 0.000000000000000000 ) ) ;
#643 = ORIENTED_EDGE ( 'NONE', *, *, #9364, .T. ) ;
#644 = AXIS2_PLACEMENT_3D ( 'NONE', #5878, #6596, #541 ) ;
#645 = CARTESIAN_POINT ( 'NONE',  ( 37.84326414872457889, 50.92312017234762322, 0.5000000000000004441 ) ) ;
#646 = DIRECTION ( 'NONE',  ( -0.3108948944432060046, 0.9504442985305072700, 0.000000000000000000 ) ) ;
#647 = CARTESIAN_POINT ( 'NONE',  ( 42.00619161800153023, 40.48459034077374952, 2.213986664621298228 ) ) ;
#648 = ORIENTED_EDGE ( 'NONE', *, *, #4206, .F. ) ;
#649 = CARTESIAN_POINT ( 'NONE',  ( 36.12521330488460336, 51.91584084302431279, 0.7668767572199794991 ) ) ;
#650 = ORIENTED_EDGE ( 'NONE', *, *, #1394, .T. ) ;
#651 = EDGE_CURVE ( 'NONE', #5466, #7785, #4233, .T. ) ;
#652 = CARTESIAN_POINT ( 'NONE',  ( 41.22105734755472639, 40.96951682668594685, 2.000000000000000444 ) ) ;
#653 = DIRECTION ( 'NONE',  ( -1.000000000000000000, 0.000000000000000000, 0.000000000000000000 ) ) ;
#654 = VECTOR ( 'NONE', #1638, 1000.000000000000000 ) ;
#655 = CARTESIAN_POINT ( 'NONE',  ( 15.76188613066990207, 3.214462972446876510, 0.4142135623730985872 ) ) ;
#656 = CARTESIAN_POINT ( 'NONE',  ( 11.76747761817496141, 10.38000618852340473, 6.175571532269574782 ) ) ;
#657 = CARTESIAN_POINT ( 'NONE',  ( 38.90889034050641015, 49.13823550743482116, 0.5000000000000008882 ) ) ;
#658 = CARTESIAN_POINT ( 'NONE',  ( 11.06971025881966497, 12.28590223365766043, 7.999999999999893419 ) ) ;
#659 = CIRCLE ( 'NONE', #2932, 0.4999999999999975575 ) ;
#660 = FACE_OUTER_BOUND ( 'NONE', #3774, .T. ) ;
#661 = CARTESIAN_POINT ( 'NONE',  ( 42.33189623161997162, 15.17446348000455458, 7.999999999999306333 ) ) ;
#662 = AXIS2_PLACEMENT_3D ( 'NONE', #5271, #6921, #1482 ) ;
#663 = CARTESIAN_POINT ( 'NONE',  ( 16.00991137390270325, 51.74358750735628831, 2.390189833874003078 ) ) ;
#664 = VERTEX_POINT ( 'NONE', #6431 ) ;
#665 = CARTESIAN_POINT ( 'NONE',  ( 36.90343501550194105, 3.399538842711574471, 2.308526106637919018 ) ) ;
#666 = CARTESIAN_POINT ( 'NONE',  ( 37.26359982939082016, 50.38638703962118370, 3.628300783836521326 ) ) ;
#667 = CARTESIAN_POINT ( 'NONE',  ( 15.60643868344834395, 51.91691057053953529, 1.000000000000000666 ) ) ;
#668 = ORIENTED_EDGE ( 'NONE', *, *, #6876, .F. ) ;
#669 = ADVANCED_FACE ( 'NONE', ( #1647 ), #9961, .T. ) ;
#670 = CARTESIAN_POINT ( 'NONE',  ( 38.34150216803313782, 4.152390614073646624, 1.980219690136226118 ) ) ;
#671 = CARTESIAN_POINT ( 'NONE',  ( 46.50991137363070749, 24.07807569686055871, 8.000000000000000000 ) ) ;
#672 = AXIS2_PLACEMENT_3D ( 'NONE', #5996, #8395, #3775 ) ;
#673 = CARTESIAN_POINT ( 'NONE',  ( 10.43276897815628423, 14.94647262114159680, 2.000000000000000444 ) ) ;
#674 = CIRCLE ( 'NONE', #1162, 14.74999999999999645 ) ;
#675 = VERTEX_POINT ( 'NONE', #2572 ) ;
#676 = EDGE_CURVE ( 'NONE', #4013, #6054, #4059, .T. ) ;
#677 = ORIENTED_EDGE ( 'NONE', *, *, #4694, .F. ) ;
#678 = ADVANCED_FACE ( 'NONE', ( #3126 ), #3893, .T. ) ;
#679 = DIRECTION ( 'NONE',  ( 0.000000000000000000, 0.000000000000000000, 1.000000000000000000 ) ) ;
#680 = B_SPLINE_CURVE_WITH_KNOTS ( 'NONE', 3,
 ( #1958, #8315, #7449, #480, #2821, #5914 ),
 .UNSPECIFIED., .F., .F.,
 ( 4, 2, 4 ),
 ( 0.000000000000000000, 0.0004457045585221260640, 0.0008914091170442521280 ),
 .UNSPECIFIED. ) ;
#681 = CARTESIAN_POINT ( 'NONE',  ( 41.16535594013041077, 18.82807569686061200, 3.000000000000000000 ) ) ;
#682 = FACE_OUTER_BOUND ( 'NONE', #5701, .T. ) ;
#683 = CARTESIAN_POINT ( 'NONE',  ( 34.86175249087083472, 40.90642551369658975, 1.600000000000000089 ) ) ;
#684 = CARTESIAN_POINT ( 'NONE',  ( 11.06871644385237907, 42.86776963414069996, 7.500003566911363606 ) ) ;
#685 = CARTESIAN_POINT ( 'NONE',  ( 14.25963611537510545, 51.47636498266620464, 2.817349421313628088 ) ) ;
#686 = DIRECTION ( 'NONE',  ( 1.000000000000000000, -0.000000000000000000, -0.000000000000000000 ) ) ;
#687 = VERTEX_POINT ( 'NONE', #235 ) ;
#688 = VERTEX_POINT ( 'NONE', #3954 ) ;
#689 = EDGE_CURVE ( 'NONE', #8087, #8927, #2096, .T. ) ;
#690 = CARTESIAN_POINT ( 'NONE',  ( 47.39693563575281132, 30.97988121281154861, 7.000000000000000000 ) ) ;
#691 = CARTESIAN_POINT ( 'NONE',  ( 13.49724943367717245, 4.744858816402913071, 2.376558233342997095 ) ) ;
#692 = CARTESIAN_POINT ( 'NONE',  ( 28.25798227860759582, 49.62375642748486371, 2.000000000000000000 ) ) ;
#693 = VERTEX_POINT ( 'NONE', #8783 ) ;
#694 = CARTESIAN_POINT ( 'NONE',  ( 36.00991137390269614, 45.47360586482152911, 0.7090026006792982116 ) ) ;
#695 = EDGE_CURVE ( 'NONE', #4910, #9443, #1599, .T. ) ;
#696 = CARTESIAN_POINT ( 'NONE',  ( 39.81629462177860290, 46.14152118123627844, 5.243065188881582017 ) ) ;
#697 = CARTESIAN_POINT ( 'NONE',  ( 11.65665079025891515, 11.52066707539689716, 7.772522298508485861 ) ) ;
#698 = ORIENTED_EDGE ( 'NONE', *, *, #3566, .F. ) ;
#699 = DIRECTION ( 'NONE',  ( -1.000000000000000000, 0.000000000000000000, 0.000000000000000000 ) ) ;
#700 = ORIENTED_EDGE ( 'NONE', *, *, #5280, .F. ) ;
#701 = CARTESIAN_POINT ( 'NONE',  ( 41.73686120360135021, 39.96021710535399052, 2.000000000000000444 ) ) ;
#702 =( BOUNDED_SURFACE ( )  B_SPLINE_SURFACE ( 2, 3, ( 
 ( #4363, #8270, #3551, #1198 ),
 ( #4317, #7496, #1152, #484 ),
 ( #9858, #9764, #391, #9143 ) ),
 .UNSPECIFIED., .F., .F., .T. ) 
 B_SPLINE_SURFACE_WITH_KNOTS ( ( 3, 3 ),
 ( 4, 4 ),
 ( 0.000000000000000000, 1.000000000000000000 ),
 ( 0.02861694628360220843, 0.03287546605153733592 ),
 .UNSPECIFIED. ) 
 GEOMETRIC_REPRESENTATION_ITEM ( )  RATIONAL_B_SPLINE_SURFACE ( (
 ( 1.000000000000000000, 1.000000000000000000, 1.000000000000000000, 1.000000000000000000),
 ( 0.7071067811865449082, 0.7071067811865449082, 0.7071067811865475727, 0.7071067811865475727),
 ( 1.000000000000000000, 1.000000000000000000, 1.000000000000000000, 1.000000000000000000) ) ) 
 REPRESENTATION_ITEM ( '' )  SURFACE ( )  );
#703 = CARTESIAN_POINT ( 'NONE',  ( 13.59753241112827027, 11.89582941397555693, 8.000000000000000000 ) ) ;
#704 = DIRECTION ( 'NONE',  ( -0.9574710099747493208, 0.2885294873283032469, 0.000000000000000000 ) ) ;
#705 = AXIS2_PLACEMENT_3D ( 'NONE', #2817, #1143, #1241 ) ;
#706 = CARTESIAN_POINT ( 'NONE',  ( 11.30255034766446798, 11.69108214676891677, 7.084190273958057560 ) ) ;
#707 = VERTEX_POINT ( 'NONE', #4771 ) ;
#708 = EDGE_CURVE ( 'NONE', #4155, #6442, #4929, .T. ) ;
#709 = CARTESIAN_POINT ( 'NONE',  ( 11.55890453825803732, 12.41192886672198803, 8.000000000000000000 ) ) ;
#710 = LINE ( 'NONE', #3919, #8247 ) ;
#711 = CARTESIAN_POINT ( 'NONE',  ( 41.83244915655181728, 14.32077458039370832, 7.500000000000000000 ) ) ;
#712 = CARTESIAN_POINT ( 'NONE',  ( 46.48131589450841972, 27.57807569686057292, 7.666666666666699825 ) ) ;
#713 = ORIENTED_EDGE ( 'NONE', *, *, #3513, .F. ) ;
#714 = CARTESIAN_POINT ( 'NONE',  ( 36.00991137390269614, 45.47360586472228050, 6.923656268122233115 ) ) ;
#715 = AXIS2_PLACEMENT_3D ( 'NONE', #1175, #364, #1936 ) ;
#716 = CARTESIAN_POINT ( 'NONE',  ( 37.16379467336540898, 50.71485035803228669, 3.407976824926429504 ) ) ;
#717 = AXIS2_PLACEMENT_3D ( 'NONE', #3241, #9510, #4680 ) ;
#718 = VECTOR ( 'NONE', #7392, 1000.000000000000000 ) ;
#719 = DIRECTION ( 'NONE',  ( 1.000000000000000000, 0.000000000000000000, 0.000000000000000000 ) ) ;
#720 = ORIENTED_EDGE ( 'NONE', *, *, #2788, .F. ) ;
#721 = CARTESIAN_POINT ( 'NONE',  ( 47.11900981335416105, 34.40953304627981169, 6.499999999999999112 ) ) ;
#722 = CARTESIAN_POINT ( 'NONE',  ( 40.13366502826910676, 43.26032197974560489, 8.000000000000000000 ) ) ;
#723 = AXIS2_PLACEMENT_3D ( 'NONE', #5513, #97, #7870 ) ;
#724 = CARTESIAN_POINT ( 'NONE',  ( 37.94404381726509712, 7.027299615850100878, 5.142591964519881209 ) ) ;
#725 = ORIENTED_EDGE ( 'NONE', *, *, #9895, .T. ) ;
#726 = ORIENTED_EDGE ( 'NONE', *, *, #2917, .T. ) ;
#727 = CARTESIAN_POINT ( 'NONE',  ( 10.75503283690419742, 14.28386513574177030, 8.000000000000001776 ) ) ;
#728 = EDGE_CURVE ( 'NONE', #9646, #7175, #3483, .T. ) ;
#729 = CARTESIAN_POINT ( 'NONE',  ( 53.74831193812256203, 10.64198600275350515, 2.500000000000000444 ) ) ;
#730 = CARTESIAN_POINT ( 'NONE',  ( 41.09356008562377838, 13.69522506990923816, 2.007118872631356687 ) ) ;
#731 = AXIS2_PLACEMENT_3D ( 'NONE', #1357, #8377, #9775 ) ;
#732 = CARTESIAN_POINT ( 'NONE',  ( 26.65991137390269472, 45.07807569686058713, 6.500000000000000000 ) ) ;
#733 = ADVANCED_FACE ( 'NONE', ( #6271 ), #4722, .T. ) ;
#734 = DIRECTION ( 'NONE',  ( 0.000000000000000000, 0.000000000000000000, -1.000000000000000000 ) ) ;
#735 = EDGE_CURVE ( 'NONE', #10061, #4423, #9605, .T. ) ;
#736 = CARTESIAN_POINT ( 'NONE',  ( 0.000000000000000000, 31.32807569686055160, 8.000000000000000000 ) ) ;
#737 = DIRECTION ( 'NONE',  ( -1.000000000000000000, 3.014082039509702327E-14, 0.000000000000000000 ) ) ;
#738 = ORIENTED_EDGE ( 'NONE', *, *, #183, .F. ) ;
#739 = ORIENTED_EDGE ( 'NONE', *, *, #305, .F. ) ;
#740 = DIRECTION ( 'NONE',  ( 0.000000000000000000, 0.000000000000000000, -1.000000000000000000 ) ) ;
#741 = CARTESIAN_POINT ( 'NONE',  ( 47.60662908189591747, 23.82807569686056226, 6.988293010621250190 ) ) ;
#742 = ORIENTED_EDGE ( 'NONE', *, *, #7089, .F. ) ;
#743 = EDGE_CURVE ( 'NONE', #3299, #5483, #7999, .T. ) ;
#744 = CARTESIAN_POINT ( 'NONE',  ( 10.85446680767494776, 36.32807569686045923, 3.000000000000000000 ) ) ;
#745 = CARTESIAN_POINT ( 'NONE',  ( 40.82230225597317030, 43.19134756909141970, 7.274897704673643162 ) ) ;
#746 = DIRECTION ( 'NONE',  ( 0.3108948944432114447, -0.9504442985305053826, 0.000000000000000000 ) ) ;
#747 = ORIENTED_EDGE ( 'NONE', *, *, #7316, .F. ) ;
#748 = CARTESIAN_POINT ( 'NONE',  ( 10.11299115772468582, 39.71427301061493154, 2.000000000000000444 ) ) ;
#749 = ORIENTED_EDGE ( 'NONE', *, *, #1231, .T. ) ;
#750 = CARTESIAN_POINT ( 'NONE',  ( 48.52105821220898463, 22.12057826043757558, 6.033074309462145735 ) ) ;
#751 = CARTESIAN_POINT ( 'NONE',  ( 41.95831440355637909, 39.64656857157949332, 8.000000000000000000 ) ) ;
#752 = CARTESIAN_POINT ( 'NONE',  ( 6.409911374174702026, 27.57807569686059068, 8.000000000000000000 ) ) ;
#753 = EDGE_LOOP ( 'NONE', ( #738, #2191, #9652, #4142 ) ) ;
#754 = EDGE_CURVE ( 'NONE', #1556, #9366, #1859, .T. ) ;
#755 = CARTESIAN_POINT ( 'NONE',  ( 11.43264570026846627, 11.34450444658190449, 6.842114585774729640 ) ) ;
#756 = CARTESIAN_POINT ( 'NONE',  ( 48.80294734126339051, 31.53504564094976459, 6.145830656132520886 ) ) ;
#757 = CARTESIAN_POINT ( 'NONE',  ( 40.99496466753370782, 13.68097952779877602, 2.000000000000000444 ) ) ;
#758 = CARTESIAN_POINT ( 'NONE',  ( 11.25694887583764547, 12.07483197091919536, 7.999999999999999112 ) ) ;
#759 = DIRECTION ( 'NONE',  ( -1.000000000000000000, 0.000000000000000000, 0.000000000000000000 ) ) ;
#760 =( BOUNDED_CURVE ( )  B_SPLINE_CURVE ( 3, ( #1343, #4314, #7450, #4458 ),
 .UNSPECIFIED., .F., .F. ) 
 B_SPLINE_CURVE_WITH_KNOTS ( ( 4, 4 ),
 ( 5.558220998645743371, 6.283185307179586232 ),
 .UNSPECIFIED. ) 
 CURVE ( )  GEOMETRIC_REPRESENTATION_ITEM ( )  RATIONAL_B_SPLINE_CURVE ( ( 1.000000000000000000, 0.9566796950092335550, 0.9566796950092335550, 1.000000000000000000 ) ) 
 REPRESENTATION_ITEM ( '' )  );
#761 = CARTESIAN_POINT ( 'NONE',  ( 40.95110726847008209, 42.86776911331641315, 7.630902666109310672 ) ) ;
#762 = CARTESIAN_POINT ( 'NONE',  ( 12.88554396677210256, 10.78171295196041690, 7.660946871235453592 ) ) ;
#763 = EDGE_LOOP ( 'NONE', ( #8937, #6249, #7182, #10019 ) ) ;
#764 = PLANE ( 'NONE',  #6771 ) ;
#765 = CARTESIAN_POINT ( 'NONE',  ( 37.56172827584474305, 49.40056724087897067, 4.289560987507096357 ) ) ;
#766 = EDGE_CURVE ( 'NONE', #4526, #5741, #680, .T. ) ;
#767 = CARTESIAN_POINT ( 'NONE',  ( 14.87576564531904921, 51.67790391079848433, 0.5538865590723340837 ) ) ;
#768 = EDGE_LOOP ( 'NONE', ( #1949, #9197, #100 ) ) ;
#769 = CARTESIAN_POINT ( 'NONE',  ( 38.48240920418163569, 4.613172151892025674, 2.288459903074821167 ) ) ;
#770 = FACE_OUTER_BOUND ( 'NONE', #7080, .T. ) ;
#771 = CARTESIAN_POINT ( 'NONE',  ( 41.00991137390271035, 27.57807569686058713, 10.90000000000000213 ) ) ;
#772 = EDGE_LOOP ( 'NONE', ( #8926, #1139, #4774, #6480 ) ) ;
#773 = ORIENTED_EDGE ( 'NONE', *, *, #2790, .F. ) ;
#774 = CARTESIAN_POINT ( 'NONE',  ( 11.32379526178133844, 12.99762878443083380, 8.000000000000000000 ) ) ;
#775 = DIRECTION ( 'NONE',  ( 1.000000000000000000, -0.000000000000000000, -0.000000000000000000 ) ) ;
#776 = DIRECTION ( 'NONE',  ( 0.000000000000000000, -0.3090169943749543346, 0.9510565162951513107 ) ) ;
#777 = CARTESIAN_POINT ( 'NONE',  ( 38.29793972610836050, 4.010244986931570388, 2.020618665105076595 ) ) ;
#778 = ORIENTED_EDGE ( 'NONE', *, *, #8155, .F. ) ;
#779 = DIRECTION ( 'NONE',  ( -0.000000000000000000, -0.000000000000000000, -1.000000000000000000 ) ) ;
#780 = DIRECTION ( 'NONE',  ( 0.000000000000000000, -0.3287670013229076482, -0.9444110645482417521 ) ) ;
#781 = CARTESIAN_POINT ( 'NONE',  ( 40.91894963486506498, 41.64206288687884694, 8.000000000000001776 ) ) ;
#782 = VERTEX_POINT ( 'NONE', #2006 ) ;
#783 = VERTEX_POINT ( 'NONE', #9761 ) ;
#784 = CARTESIAN_POINT ( 'NONE',  ( 13.69851161557113528, 51.06965031108115483, 8.000000000000000000 ) ) ;
#785 = CARTESIAN_POINT ( 'NONE',  ( 13.61788260945800388, 4.349824762914749066, 2.112290107129120464 ) ) ;
#786 = B_SPLINE_CURVE_WITH_KNOTS ( 'NONE', 3,
 ( #8335, #410, #6655, #1416, #1513, #5456, #9975, #2376, #4584, #2178, #3715, #3767, #607, #3815, #3914, #656, #7717, #6904, #5308, #8487, #3038, #2944, #801, #7813, #9351, #1462, #9308, #10026, #7055, #755, #706, #2992, #4636, #6955, #10073, #6286, #9213, #6141, #3138, #37, #3862, #9411 ),
 .UNSPECIFIED., .F., .F.,
 ( 4, 2, 2, 1, 2, 2, 1, 2, 2, 2, 1, 2, 2, 1, 1, 2, 2, 2, 2, 1, 2, 2, 1, 1, 4 ),
 ( 0.000000000000000000, 0.2282728361249053428, 0.4565456722498106856, 0.4850797767654238535, 0.4993468290232305207, 0.5064803551521336322, 0.5136138812810369103, 0.5706820903122633570, 0.6848185083747162505, 0.7418867174059425862, 0.7490202435348461973, 0.7499119343009589267, 0.7508036250670716560, 0.7525870065992900093, 0.7561537696637306016, 0.7704208219214898623, 0.7989549264370094939, 0.8560231354680494231, 0.8702901877258094610, 0.8738569507902494982, 0.8747486415563596740, 0.8756403323224698498, 0.8774237138546905346, 0.8845572399835740507, 0.9130913444991087813 ),
 .UNSPECIFIED. ) ;
#787 = VERTEX_POINT ( 'NONE', #5966 ) ;
#788 = EDGE_CURVE ( 'NONE', #7090, #3175, #4330, .T. ) ;
#789 = CARTESIAN_POINT ( 'NONE',  ( 40.40919191025778190, 44.31608799498390283, 6.493917231560897285 ) ) ;
#790 = CARTESIAN_POINT ( 'NONE',  ( 41.54505875920209235, 41.46820168792788763, 2.016851307849302000 ) ) ;
#791 = EDGE_LOOP ( 'NONE', ( #7877, #9025, #5521, #827 ) ) ;
#792 = ADVANCED_FACE ( 'NONE', ( #4313 ), #5208, .T. ) ;
#793 = ORIENTED_EDGE ( 'NONE', *, *, #1106, .F. ) ;
#794 = VECTOR ( 'NONE', #3969, 1000.000000000000000 ) ;
#795 = AXIS2_PLACEMENT_3D ( 'NONE', #4987, #9704, #9808 ) ;
#796 = DIRECTION ( 'NONE',  ( 0.000000000000000000, 0.000000000000000000, 1.000000000000000000 ) ) ;
#797 = ADVANCED_FACE ( 'NONE', ( #7398 ), #5142, .F. ) ;
#798 = CARTESIAN_POINT ( 'NONE',  ( 41.65888874289374399, 41.21510207985984664, 8.000000000000000000 ) ) ;
#799 = CARTESIAN_POINT ( 'NONE',  ( 39.10135862152188935, 48.49995602334737299, 4.336808689942017736E-16 ) ) ;
#800 = ORIENTED_EDGE ( 'NONE', *, *, #8615, .F. ) ;
#801 = CARTESIAN_POINT ( 'NONE',  ( 11.61825638255256088, 10.81806158212693347, 6.478865800984101142 ) ) ;
#802 = FACE_BOUND ( 'NONE', #7659, .T. ) ;
#803 = CARTESIAN_POINT ( 'NONE',  ( 47.11900981335419658, 34.40953304627982590, 6.630899693899555913 ) ) ;
#804 = CARTESIAN_POINT ( 'NONE',  ( 11.12477010293452118, 12.22202701292424720, 7.999999999999950262 ) ) ;
#805 = CARTESIAN_POINT ( 'NONE',  ( 41.63735594369687476, 40.84581763763027595, 2.000000000000001776 ) ) ;
#806 = CYLINDRICAL_SURFACE ( 'NONE', #8020, 16.00000000000000000 ) ;
#807 = DIRECTION ( 'NONE',  ( -0.000000000000000000, -0.000000000000000000, -1.000000000000000000 ) ) ;
#808 = EDGE_LOOP ( 'NONE', ( #7864, #188, #6003, #8570 ) ) ;
#809 = B_SPLINE_CURVE_WITH_KNOTS ( 'NONE', 3,
 ( #5086, #475, #8262, #6578, #9086, #2049 ),
 .UNSPECIFIED., .F., .F.,
 ( 4, 2, 4 ),
 ( 0.000000000000000000, 0.0003522955000758695764, 0.0007045910001517391528 ),
 .UNSPECIFIED. ) ;
#810 = EDGE_CURVE ( 'NONE', #5896, #4493, #1908, .T. ) ;
#811 = CARTESIAN_POINT ( 'NONE',  ( 39.25240368321797746, 47.99846712567607199, 0.5210269557052855660 ) ) ;
#812 = CARTESIAN_POINT ( 'NONE',  ( 15.76188613026965868, 51.94168842127428576, 0.8690767308061837504 ) ) ;
#813 = ORIENTED_EDGE ( 'NONE', *, *, #6066, .F. ) ;
#814 = CARTESIAN_POINT ( 'NONE',  ( 37.21372727361613642, 4.605527193912014816, 3.518135114477134895 ) ) ;
#815 = CIRCLE ( 'NONE', #8240, 19.99999999981464782 ) ;
#816 = CARTESIAN_POINT ( 'NONE',  ( 42.34643595963502349, 39.96236014044102092, 0.4999999999999995559 ) ) ;
#817 =( BOUNDED_SURFACE ( )  B_SPLINE_SURFACE ( 3, 2, ( 
 ( #1985, #9680, #4244 ),
 ( #5939, #3527, #5989 ),
 ( #5016, #6611, #5889 ),
 ( #5163, #8291, #8969 ) ),
 .UNSPECIFIED., .F., .F., .T. ) 
 B_SPLINE_SURFACE_WITH_KNOTS ( ( 4, 4 ),
 ( 3, 3 ),
 ( 5.298074523841822980, 5.710984864165643771 ),
 ( 0.000000000000000000, 1.000000000000000000 ),
 .UNSPECIFIED. ) 
 GEOMETRIC_REPRESENTATION_ITEM ( )  RATIONAL_B_SPLINE_SURFACE ( (
 ( 1.000000000000000000, 0.8458295859054230093, 1.000000000000000000),
 ( 1.000000000000000000, 0.8722607097302587098, 1.000000000000000000),
 ( 1.000000000000000000, 0.8937935812814905567, 1.000000000000000000),
 ( 1.000000000000000000, 0.9097499145498136874, 1.000000000000000000) ) ) 
 REPRESENTATION_ITEM ( '' )  SURFACE ( )  );
#818 = EDGE_CURVE ( 'NONE', #6442, #2172, #8113, .T. ) ;
#819 = FACE_OUTER_BOUND ( 'NONE', #3377, .T. ) ;
#820 = ORIENTED_EDGE ( 'NONE', *, *, #1539, .T. ) ;
#821 = VERTEX_POINT ( 'NONE', #8267 ) ;
#822 = CARTESIAN_POINT ( 'NONE',  ( 37.84326414872459310, 4.233031221373535935, 0.5000000000000004441 ) ) ;
#823 = CARTESIAN_POINT ( 'NONE',  ( 38.16721161051410149, 11.38152371321610801, 7.935303396847944946 ) ) ;
#824 = CARTESIAN_POINT ( 'NONE',  ( 11.20669367554468465, 11.96762683526831061, 2.097321584232887393 ) ) ;
#825 = B_SPLINE_CURVE_WITH_KNOTS ( 'NONE', 3,
 ( #479, #3353, #9562, #4177 ),
 .UNSPECIFIED., .F., .F.,
 ( 4, 4 ),
 ( 0.000000000000000000, 0.0008949020711358950716 ),
 .UNSPECIFIED. ) ;
#826 = CARTESIAN_POINT ( 'NONE',  ( 26.00991137390269969, 27.57807569686058358, 2.000000000000000000 ) ) ;
#827 = ORIENTED_EDGE ( 'NONE', *, *, #6678, .F. ) ;
#828 = VECTOR ( 'NONE', #368, 1000.000000000000000 ) ;
#829 = CARTESIAN_POINT ( 'NONE',  ( 11.88615954611817749, 43.26032197974561200, 7.999999999999992895 ) ) ;
#830 = DIRECTION ( 'NONE',  ( -1.000000000000000000, 8.462065736584503245E-17, 0.000000000000000000 ) ) ;
#831 = AXIS2_PLACEMENT_3D ( 'NONE', #7304, #4017, #1714 ) ;
#832 = EDGE_CURVE ( 'NONE', #1478, #8557, #3393, .T. ) ;
#833 = CARTESIAN_POINT ( 'NONE',  ( 41.57172809421901150, 40.24019097437183490, 8.000000000000000000 ) ) ;
#834 = ORIENTED_EDGE ( 'NONE', *, *, #2230, .F. ) ;
#835 = ORIENTED_EDGE ( 'NONE', *, *, #6501, .T. ) ;
#836 = LINE ( 'NONE', #2465, #9397 ) ;
#837 = CARTESIAN_POINT ( 'NONE',  ( 40.07901690941285722, 9.853347022685451151, 5.812355320334673614 ) ) ;
#838 = CARTESIAN_POINT ( 'NONE',  ( 36.45086193744415226, 3.340676569993942469, 0.4963810536663281758 ) ) ;
#839 = ORIENTED_EDGE ( 'NONE', *, *, #8024, .T. ) ;
#840 = CARTESIAN_POINT ( 'NONE',  ( 43.50991137363070749, 26.30209948433252620, 3.712949016875144892 ) ) ;
#841 = DIRECTION ( 'NONE',  ( 0.000000000000000000, -0.8304734356177293497, 0.5570582310075716803 ) ) ;
#842 = EDGE_LOOP ( 'NONE', ( #9342, #2093, #5764, #726 ) ) ;
#843 = CARTESIAN_POINT ( 'NONE',  ( 12.88554396677210256, 10.78171295196041690, 7.660946871235453592 ) ) ;
#844 = ORIENTED_EDGE ( 'NONE', *, *, #6310, .T. ) ;
#845 = B_SPLINE_CURVE_WITH_KNOTS ( 'NONE', 3,
 ( #3846, #180, #129, #4825, #9446, #2307 ),
 .UNSPECIFIED., .F., .F.,
 ( 4, 2, 4 ),
 ( -5.999999996910567226E-08, 0.0004456866709060369313, 0.0008914333418120430402 ),
 .UNSPECIFIED. ) ;
#846 = ORIENTED_EDGE ( 'NONE', *, *, #9603, .F. ) ;
#847 = FACE_OUTER_BOUND ( 'NONE', #2915, .T. ) ;
#848 = CARTESIAN_POINT ( 'NONE',  ( 42.00936310077371871, 40.48224193695912732, 8.000000000000000000 ) ) ;
#849 = DIRECTION ( 'NONE',  ( -0.000000000000000000, -0.000000000000000000, 1.000000000000000000 ) ) ;
#850 = ORIENTED_EDGE ( 'NONE', *, *, #9437, .F. ) ;
#851 = DIRECTION ( 'NONE',  ( 1.000000000000000000, -0.000000000000000000, 0.000000000000000000 ) ) ;
#852 = ADVANCED_FACE ( 'NONE', ( #8165 ), #6680, .T. ) ;
#853 = CARTESIAN_POINT ( 'NONE',  ( 48.79846204852487546, 31.62636164479878786, 5.999999999992516209 ) ) ;
#854 = CARTESIAN_POINT ( 'NONE',  ( 11.00295237701240048, 41.46568983549473586, 2.000000000000007550 ) ) ;
#855 = CARTESIAN_POINT ( 'NONE',  ( 11.55908288287654884, 11.60612410327430055, 7.743090174227356570 ) ) ;
#856 = EDGE_CURVE ( 'NONE', #9646, #7852, #6536, .T. ) ;
#857 = CARTESIAN_POINT ( 'NONE',  ( 37.99871159594614767, 3.757809072108289072, 2.442955678908611539 ) ) ;
#858 = CARTESIAN_POINT ( 'NONE',  ( 11.06919438412743339, 42.86777453929916248, 7.500002139116470623 ) ) ;
#859 = VECTOR ( 'NONE', #6151, 1000.000000000000000 ) ;
#860 = CARTESIAN_POINT ( 'NONE',  ( 38.62262310684875644, 6.800460117890997580, 6.245004513516505540E-14 ) ) ;
#861 = VERTEX_POINT ( 'NONE', #5762 ) ;
#862 = CARTESIAN_POINT ( 'NONE',  ( 46.75991137363070749, 24.07807569686055871, 8.000000000000000000 ) ) ;
#863 = CYLINDRICAL_SURFACE ( 'NONE', #6764, 0.6999999999999992895 ) ;
#864 = ORIENTED_EDGE ( 'NONE', *, *, #6476, .T. ) ;
#865 = CARTESIAN_POINT ( 'NONE',  ( 38.33140387731129550, 4.119431604088854115, 3.192075859895405543 ) ) ;
#866 = ADVANCED_FACE ( 'NONE', ( #387 ), #8151, .T. ) ;
#867 = DIRECTION ( 'NONE',  ( 1.000000000000000000, -1.782176887358492345E-14, 0.000000000000000000 ) ) ;
#868 = CIRCLE ( 'NONE', #8418, 0.5000000000000004441 ) ;
#869 = EDGE_LOOP ( 'NONE', ( #773, #3212, #3597, #7243, #6135, #3467, #7573 ) ) ;
#870 = ORIENTED_EDGE ( 'NONE', *, *, #543, .F. ) ;
#871 = CARTESIAN_POINT ( 'NONE',  ( 11.48858169083706038, 43.94533345738790331, 1.828893393526813682 ) ) ;
#872 = PLANE ( 'NONE',  #473 ) ;
#873 = CARTESIAN_POINT ( 'NONE',  ( 37.94208733665001176, 3.739287004961361127, 2.502535935281335888 ) ) ;
#874 = CIRCLE ( 'NONE', #6615, 0.6999999999999992895 ) ;
#875 = CARTESIAN_POINT ( 'NONE',  ( 40.72792430611796277, 41.96029851733409544, 1.932050026443708601 ) ) ;
#876 = ORIENTED_EDGE ( 'NONE', *, *, #2475, .T. ) ;
#877 = CIRCLE ( 'NONE', #7909, 19.99999999981464782 ) ;
#878 = CARTESIAN_POINT ( 'NONE',  ( 11.66608202850970955, 43.45525479523392676, 7.999999999999992895 ) ) ;
#879 = EDGE_CURVE ( 'NONE', #7189, #4807, #1071, .T. ) ;
#880 = DIRECTION ( 'NONE',  ( 1.000000000000000000, -0.000000000000000000, 0.000000000000000000 ) ) ;
#881 = CARTESIAN_POINT ( 'NONE',  ( 40.87915532697315513, 12.13125480487578223, 7.555511456559181660 ) ) ;
#882 = ORIENTED_EDGE ( 'NONE', *, *, #9475, .T. ) ;
#883 = ORIENTED_EDGE ( 'NONE', *, *, #1857, .T. ) ;
#884 = AXIS2_PLACEMENT_3D ( 'NONE', #4460, #3698, #5189 ) ;
#885 = DIRECTION ( 'NONE',  ( -0.000000000000000000, -0.000000000000000000, -1.000000000000000000 ) ) ;
#886 = CARTESIAN_POINT ( 'NONE',  ( 36.18218765000138859, 51.94168842127428576, 1.000000000000007105 ) ) ;
#887 = LINE ( 'NONE', #3181, #9060 ) ;
#888 = ADVANCED_FACE ( 'NONE', ( #3839 ), #6114, .T. ) ;
#889 = EDGE_LOOP ( 'NONE', ( #9584, #8588, #9295, #6067, #8738 ) ) ;
#890 = CARTESIAN_POINT ( 'NONE',  ( 36.50991137363070749, 28.32863104680710009, 4.640000000000004121 ) ) ;
#891 = VECTOR ( 'NONE', #5112, 1000.000000000000000 ) ;
#892 = CYLINDRICAL_SURFACE ( 'NONE', #7131, 0.6499999999999978018 ) ;
#893 = ORIENTED_EDGE ( 'NONE', *, *, #620, .T. ) ;
#894 = CARTESIAN_POINT ( 'NONE',  ( 46.50991137363070749, 24.07807569686055871, 2.000000000000000000 ) ) ;
#895 = ORIENTED_EDGE ( 'NONE', *, *, #4664, .T. ) ;
#896 = ORIENTED_EDGE ( 'NONE', *, *, #7140, .F. ) ;
#897 = CARTESIAN_POINT ( 'NONE',  ( 41.99229751198190996, 28.32863104680710009, 4.640000000000004121 ) ) ;
#898 = VECTOR ( 'NONE', #6845, 1000.000000000000000 ) ;
#899 = DIRECTION ( 'NONE',  ( -1.000000000000000000, 8.462065736584503245E-17, 0.000000000000000000 ) ) ;
#900 = DIRECTION ( 'NONE',  ( -1.000000000000000000, 0.000000000000000000, 0.000000000000000000 ) ) ;
#901 = ORIENTED_EDGE ( 'NONE', *, *, #3221, .F. ) ;
#902 = CARTESIAN_POINT ( 'NONE',  ( 47.81202856464609141, 33.82650189244747452, 2.360223843148363532 ) ) ;
#903 = ORIENTED_EDGE ( 'NONE', *, *, #5756, .F. ) ;
#904 = DIRECTION ( 'NONE',  ( 0.7485763820312304473, 0.6630485655402876821, 0.000000000000000000 ) ) ;
#905 = DIRECTION ( 'NONE',  ( -1.000000000000000000, 0.000000000000000000, 0.000000000000000000 ) ) ;
#906 = CARTESIAN_POINT ( 'NONE',  ( 36.00991137390269614, 13.61315038535086863, 28.29475401459329120 ) ) ;
#907 = EDGE_CURVE ( 'NONE', #5489, #4616, #8490, .T. ) ;
#908 = FACE_OUTER_BOUND ( 'NONE', #3853, .T. ) ;
#909 = CARTESIAN_POINT ( 'NONE',  ( 48.54318645688867662, 32.92316165031074604, 3.250000000000000444 ) ) ;
#910 = CARTESIAN_POINT ( 'NONE',  ( 39.59789655310074608, 8.301258848716678074, 0.2281510977078099189 ) ) ;
#911 = ORIENTED_EDGE ( 'NONE', *, *, #9437, .T. ) ;
#912 = CARTESIAN_POINT ( 'NONE',  ( 37.41139575455136423, 51.43858570342638359, 2.844642306241694119 ) ) ;
#913 = EDGE_CURVE ( 'NONE', #688, #1734, #4452, .T. ) ;
#914 = CARTESIAN_POINT ( 'NONE',  ( 36.00991137388157171, 45.47360586473408972, 2.000000000000000000 ) ) ;
#915 = ORIENTED_EDGE ( 'NONE', *, *, #8556, .T. ) ;
#916 = CARTESIAN_POINT ( 'NONE',  ( 13.69851161557112462, 51.06965031108115483, 0.5000000000000004441 ) ) ;
#917 = CARTESIAN_POINT ( 'NONE',  ( 38.32131113223428542, 4.086501082640007887, 3.169986991982567837 ) ) ;
#918 = PLANE ( 'NONE',  #2389 ) ;
#919 = EDGE_CURVE ( 'NONE', #3456, #1410, #6303, .T. ) ;
#920 = CARTESIAN_POINT ( 'NONE',  ( 25.30991137390259027, 45.07807569686060845, 3.000000000000000000 ) ) ;
#921 = VERTEX_POINT ( 'NONE', #8415 ) ;
#922 = ORIENTED_EDGE ( 'NONE', *, *, #6501, .F. ) ;
#923 = CARTESIAN_POINT ( 'NONE',  ( 47.10249359828605975, 21.38613219576691193, 2.000000000000000000 ) ) ;
#924 = ADVANCED_FACE ( 'NONE', ( #10099 ), #3063, .T. ) ;
#925 = ADVANCED_FACE ( 'NONE', ( #7743 ), #9240, .T. ) ;
#926 = CARTESIAN_POINT ( 'NONE',  ( 48.20578756748940208, 21.66091581308942082, 2.762665033669140069 ) ) ;
#927 = DIRECTION ( 'NONE',  ( 0.000000000000000000, 0.000000000000000000, -1.000000000000000000 ) ) ;
#928 = DIRECTION ( 'NONE',  ( 1.000000000000000000, -0.000000000000000000, 0.000000000000000000 ) ) ;
#929 = VERTEX_POINT ( 'NONE', #8364 ) ;
#930 = LINE ( 'NONE', #6575, #2063 ) ;
#931 = CARTESIAN_POINT ( 'NONE',  ( 48.54318645688867662, 22.23298974341040335, 6.000000000001329603 ) ) ;
#932 = AXIS2_PLACEMENT_3D ( 'NONE', #7081, #779, #5379 ) ;
#933 = CYLINDRICAL_SURFACE ( 'NONE', #5866, 0.4999999999999979461 ) ;
#934 = ORIENTED_EDGE ( 'NONE', *, *, #10109, .T. ) ;
#935 = ORIENTED_EDGE ( 'NONE', *, *, #402, .T. ) ;
#936 = CARTESIAN_POINT ( 'NONE',  ( 38.62262310684876354, 6.800460117891003797, 3.556183125752454544E-14 ) ) ;
#937 = B_SPLINE_CURVE_WITH_KNOTS ( 'NONE', 3,
 ( #1795, #1033, #8722, #1692 ),
 .UNSPECIFIED., .F., .F.,
 ( 4, 4 ),
 ( 0.001400676905819471301, 0.003956230871936342389 ),
 .UNSPECIFIED. ) ;
#938 = CARTESIAN_POINT ( 'NONE',  ( 38.25163860286950523, 51.29695332726738144, 1.783676349329160082 ) ) ;
#939 = EDGE_CURVE ( 'NONE', #2355, #537, #2252, .T. ) ;
#940 = CARTESIAN_POINT ( 'NONE',  ( 40.26532325062244411, 11.43496410297399279, 7.802039128174004468 ) ) ;
#941 = CARTESIAN_POINT ( 'NONE',  ( 13.69851161557112285, 4.086501082639995452, 1.936144814141147696 ) ) ;
#942 = B_SPLINE_CURVE_WITH_KNOTS ( 'NONE', 3,
 ( #3924, #152, #5517, #1724, #10133, #6297, #4646, #8649, #2330, #7776 ),
 .UNSPECIFIED., .F., .F.,
 ( 4, 2, 2, 2, 4 ),
 ( 0.000000000000000000, 0.0006455493716222569832, 0.001291098743244513966, 0.001936648114866771058, 0.002582197486489027933 ),
 .UNSPECIFIED. ) ;
#943 = VERTEX_POINT ( 'NONE', #4563 ) ;
#944 = DIRECTION ( 'NONE',  ( 0.000000000000000000, 0.000000000000000000, 1.000000000000000000 ) ) ;
#945 = CARTESIAN_POINT ( 'NONE',  ( 15.00991137390270858, 50.34168842127429144, 1.399999999999999911 ) ) ;
#946 = ORIENTED_EDGE ( 'NONE', *, *, #2128, .F. ) ;
#947 = EDGE_CURVE ( 'NONE', #1301, #7090, #7694, .T. ) ;
#948 = CARTESIAN_POINT ( 'NONE',  ( 14.55478186846946898, 3.680889900092574774, 2.795896517692565642 ) ) ;
#949 = ORIENTED_EDGE ( 'NONE', *, *, #1082, .T. ) ;
#950 = VERTEX_POINT ( 'NONE', #7595 ) ;
#951 = CARTESIAN_POINT ( 'NONE',  ( 48.20578756748940918, 21.66091581308942793, 2.762665033669143178 ) ) ;
#952 = B_SPLINE_CURVE_WITH_KNOTS ( 'NONE', 3,
 ( #1729, #4850, #7323, #7217 ),
 .UNSPECIFIED., .F., .F.,
 ( 4, 4 ),
 ( 0.000000000000000000, 0.001410121096361130954 ),
 .UNSPECIFIED. ) ;
#953 = CARTESIAN_POINT ( 'NONE',  ( 41.83244919304157605, 40.83537679874567772, 8.000000000000000000 ) ) ;
#954 = CYLINDRICAL_SURFACE ( 'NONE', #7794, 0.5000000000000004441 ) ;
#955 = ORIENTED_EDGE ( 'NONE', *, *, #6190, .F. ) ;
#956 = CARTESIAN_POINT ( 'NONE',  ( 47.63504657316114788, 33.63657896093641142, 2.096169085050048064 ) ) ;
#957 = ORIENTED_EDGE ( 'NONE', *, *, #676, .F. ) ;
#958 = CIRCLE ( 'NONE', #631, 0.5000000000000004441 ) ;
#959 = CARTESIAN_POINT ( 'NONE',  ( 10.85446680767494776, 36.32807569686045923, 3.000000000000000000 ) ) ;
#960 = CARTESIAN_POINT ( 'NONE',  ( 37.05928587869056656, 4.100346510431743141, 3.179274115666991030 ) ) ;
#961 = EDGE_CURVE ( 'NONE', #9888, #4784, #4992, .T. ) ;
#962 = CARTESIAN_POINT ( 'NONE',  ( 42.15944658377748766, 14.92843964427364511, 2.500000000000000444 ) ) ;
#963 = DIRECTION ( 'NONE',  ( -0.000000000000000000, -0.000000000000000000, -1.000000000000000000 ) ) ;
#964 = CARTESIAN_POINT ( 'NONE',  ( 13.39719988831233266, 48.35569127583013938, 6.505213034913026604E-16 ) ) ;
#965 = EDGE_LOOP ( 'NONE', ( #9862, #7439, #1215, #7790, #3622, #6316, #2264 ) ) ;
#966 = CARTESIAN_POINT ( 'NONE',  ( 36.25793661713538540, 51.94168842127428576, 1.518327244431517675 ) ) ;
#967 = CARTESIAN_POINT ( 'NONE',  ( 26.00991137390258956, 45.07807569686060845, 3.000000000000000000 ) ) ;
#968 = ORIENTED_EDGE ( 'NONE', *, *, #1666, .F. ) ;
#969 = CARTESIAN_POINT ( 'NONE',  ( 42.32099629868579882, 15.16040648861696560, 2.499999999999999556 ) ) ;
#970 = CARTESIAN_POINT ( 'NONE',  ( 36.77360158843200111, 3.168316318309821966, 2.554094467767846321 ) ) ;
#971 = CARTESIAN_POINT ( 'NONE',  ( 10.89512656497926812, 12.71487299145987393, 2.361027661370607600 ) ) ;
#972 = CYLINDRICAL_SURFACE ( 'NONE', #7688, 0.6999999999999992895 ) ;
#973 = ORIENTED_EDGE ( 'NONE', *, *, #4560, .F. ) ;
#974 = ORIENTED_EDGE ( 'NONE', *, *, #5520, .T. ) ;
#975 = CARTESIAN_POINT ( 'NONE',  ( 11.95667293160673239, 11.55137272536378212, 1.359575996561885880 ) ) ;
#976 = CARTESIAN_POINT ( 'NONE',  ( 48.52209030814015023, 22.12582130776788603, 3.166458763752980410 ) ) ;
#977 = CARTESIAN_POINT ( 'NONE',  ( 44.25148911795551498, 36.96387910106665231, 7.213938034218904782 ) ) ;
#978 = AXIS2_PLACEMENT_3D ( 'NONE', #7840, #830, #7424 ) ;
#979 = CARTESIAN_POINT ( 'NONE',  ( 18.86039737390561655, 57.65857681308317950, 0.5000000000000004441 ) ) ;
#980 = ORIENTED_EDGE ( 'NONE', *, *, #3526, .T. ) ;
#981 = DIRECTION ( 'NONE',  ( 0.000000000000000000, -0.8090169943749517811, 0.5877852522924671419 ) ) ;
#982 = EDGE_CURVE ( 'NONE', #1478, #8537, #5473, .T. ) ;
#983 = CARTESIAN_POINT ( 'NONE',  ( 48.47942865936248324, 22.01260697691818891, 6.066756353412645630 ) ) ;
#984 = EDGE_CURVE ( 'NONE', #6543, #4784, #3643, .T. ) ;
#985 = CARTESIAN_POINT ( 'NONE',  ( 40.56602961354592907, 11.87784872874021325, 8.000000000000468958 ) ) ;
#986 = VERTEX_POINT ( 'NONE', #6934 ) ;
#987 = EDGE_LOOP ( 'NONE', ( #3585, #3245, #749, #4503, #2427, #6017, #893 ) ) ;
#988 = CARTESIAN_POINT ( 'NONE',  ( 38.36457076967636226, 5.944126041999274079, 3.556183125752454544E-14 ) ) ;
#989 = CARTESIAN_POINT ( 'NONE',  ( 38.12157435211776857, 51.72128157413904859, 2.732891065959578203 ) ) ;
#990 = FACE_OUTER_BOUND ( 'NONE', #10065, .T. ) ;
#991 = LINE ( 'NONE', #8990, #63 ) ;
#992 = VERTEX_POINT ( 'NONE', #6786 ) ;
#993 = DIRECTION ( 'NONE',  ( 0.000000000000000000, -0.3090169943749422332, -0.9510565162951551965 ) ) ;
#994 = CYLINDRICAL_SURFACE ( 'NONE', #4176, 12.00000000000000355 ) ;
#995 = APPLICATION_CONTEXT ( 'automotive_design' ) ;
#996 = EDGE_CURVE ( 'NONE', #3828, #3280, #2539, .T. ) ;
#997 = ORIENTED_EDGE ( 'NONE', *, *, #6623, .F. ) ;
#998 = DIRECTION ( 'NONE',  ( 0.7652177220739277974, -0.6437715727057145010, 0.000000000000000000 ) ) ;
#999 = CARTESIAN_POINT ( 'NONE',  ( 43.50991137363070749, 28.85405190938865161, 3.712949016875166208 ) ) ;
#1000 = CARTESIAN_POINT ( 'NONE',  ( 10.93514448497824532, 41.27304640759639653, 2.000000000000000000 ) ) ;
#1001 = CARTESIAN_POINT ( 'NONE',  ( 48.20578756748940918, 33.49523558063172146, 6.205891020876664221 ) ) ;
#1002 = DIRECTION ( 'NONE',  ( 0.000000000000000000, 0.000000000000000000, -1.000000000000000000 ) ) ;
#1003 = ORIENTED_EDGE ( 'NONE', *, *, #145, .T. ) ;
#1004 = CARTESIAN_POINT ( 'NONE',  ( 36.00991137390269614, 9.682545528998877771, 6.923656268122231339 ) ) ;
#1005 = CARTESIAN_POINT ( 'NONE',  ( 45.80268872672158409, 35.06961711939253235, 6.974480095893077269 ) ) ;
#1006 = CARTESIAN_POINT ( 'NONE',  ( 39.10135862152188935, 48.49995602334737299, 0.5000000000000004441 ) ) ;
#1007 = DIRECTION ( 'NONE',  ( -0.000000000000000000, -0.000000000000000000, -1.000000000000000000 ) ) ;
#1008 = CARTESIAN_POINT ( 'NONE',  ( 40.40214209166019543, 42.89407075559137894, 8.000000000000000000 ) ) ;
#1009 = CARTESIAN_POINT ( 'NONE',  ( 9.661938822606197519, 39.94714168643540120, 7.500000000000000000 ) ) ;
#1010 = CARTESIAN_POINT ( 'NONE',  ( 48.52574943510002470, 33.01157191394603529, 3.150211647973460760 ) ) ;
#1011 = ORIENTED_EDGE ( 'NONE', *, *, #6654, .F. ) ;
#1012 = CARTESIAN_POINT ( 'NONE',  ( 43.50644096050604048, 16.89531142830562871, 2.500000000000000444 ) ) ;
#1013 = CARTESIAN_POINT ( 'NONE',  ( 26.00991137390269969, 27.57807569686058358, 5.290000000000002700 ) ) ;
#1014 = EDGE_CURVE ( 'NONE', #2563, #5896, #8104, .T. ) ;
#1015 = ORIENTED_EDGE ( 'NONE', *, *, #4273, .F. ) ;
#1016 = DIRECTION ( 'NONE',  ( -0.9058206868287331792, -0.4236612837080136473, 0.000000000000000000 ) ) ;
#1017 = FACE_OUTER_BOUND ( 'NONE', #6506, .T. ) ;
#1018 = DIRECTION ( 'NONE',  ( 0.000000000000000000, -0.5877852522924775780, 0.8090169943749443426 ) ) ;
#1019 = DIRECTION ( 'NONE',  ( -0.000000000000000000, -0.000000000000000000, 1.000000000000000000 ) ) ;
#1020 = VECTOR ( 'NONE', #4416, 1000.000000000000000 ) ;
#1021 = DIRECTION ( 'NONE',  ( 0.000000000000000000, 0.8090169943749515591, -0.5877852522924674750 ) ) ;
#1022 = CARTESIAN_POINT ( 'NONE',  ( 36.25793661713550620, 3.214462972446881395, 1.518327244431517675 ) ) ;
#1023 = CARTESIAN_POINT ( 'NONE',  ( 16.00991137394876773, 9.682545528973136584, 0.7090026007049955448 ) ) ;
#1024 = ORIENTED_EDGE ( 'NONE', *, *, #1980, .T. ) ;
#1025 = ORIENTED_EDGE ( 'NONE', *, *, #1689, .T. ) ;
#1026 = CARTESIAN_POINT ( 'NONE',  ( 11.09447930236690461, 42.93223027712194551, 7.522374230170401077 ) ) ;
#1027 =( BOUNDED_SURFACE ( )  B_SPLINE_SURFACE ( 3, 2, ( 
 ( #407, #4952, #6652 ),
 ( #8083, #454, #356 ),
 ( #8135, #5111, #2743 ),
 ( #5836, #1826, #1979 ),
 ( #5884, #2591, #8186 ),
 ( #3465, #4332, #1167 ) ),
 .UNSPECIFIED., .F., .F., .T. ) 
 B_SPLINE_SURFACE_WITH_KNOTS ( ( 4, 2, 4 ),
 ( 3, 3 ),
 ( 0.005445848536195634429, 0.008025665177329784072, 0.01060548181846393198 ),
 ( 0.000000000000000000, 1.000000000000000000 ),
 .UNSPECIFIED. ) 
 GEOMETRIC_REPRESENTATION_ITEM ( )  RATIONAL_B_SPLINE_SURFACE ( (
 ( 1.000000000000000000, 0.6725361843631593173, 1.000000000000000000),
 ( 1.000000000000000000, 0.6722280477358810735, 1.000000000000000000),
 ( 1.000000000000000000, 0.6713058469066007783, 1.000000000000000000),
 ( 1.000000000000000000, 0.6669017041755217479, 1.000000000000000000),
 ( 1.000000000000000000, 0.6634025307601764121, 1.000000000000000000),
 ( 1.000000000000000000, 0.6608619074112137559, 1.000000000000000000) ) ) 
 REPRESENTATION_ITEM ( '' )  SURFACE ( )  );
#1028 = CARTESIAN_POINT ( 'NONE',  ( 11.66514004596313292, 11.51323156179886098, 7.775083137564648972 ) ) ;
#1029 = CARTESIAN_POINT ( 'NONE',  ( 14.21387907009644458, 51.46154326206174545, 2.594650041917124561 ) ) ;
#1030 = CIRCLE ( 'NONE', #705, 0.5000000000000004441 ) ;
#1031 = DIRECTION ( 'NONE',  ( -0.000000000000000000, -0.000000000000000000, -1.000000000000000000 ) ) ;
#1032 = CARTESIAN_POINT ( 'NONE',  ( 14.53741042213924217, 49.66357831859990313, 4.113140551395685129 ) ) ;
#1033 = CARTESIAN_POINT ( 'NONE',  ( 44.42855695238174718, 18.31060493513903253, 6.735486541095164092 ) ) ;
#1034 = CARTESIAN_POINT ( 'NONE',  ( 9.661938822621115364, 15.20900970726602530, 7.542083936009141176 ) ) ;
#1035 = VERTEX_POINT ( 'NONE', #5789 ) ;
#1036 = EDGE_CURVE ( 'NONE', #137, #23, #4652, .T. ) ;
#1037 = ORIENTED_EDGE ( 'NONE', *, *, #2298, .F. ) ;
#1038 = FACE_OUTER_BOUND ( 'NONE', #3645, .T. ) ;
#1039 = DIRECTION ( 'NONE',  ( -1.000000000000000000, 0.000000000000000000, 0.000000000000000000 ) ) ;
#1040 = AXIS2_PLACEMENT_3D ( 'NONE', #2013, #4994, #5768 ) ;
#1041 = DIRECTION ( 'NONE',  ( -0.000000000000000000, -0.000000000000000000, 1.000000000000000000 ) ) ;
#1042 = EDGE_CURVE ( 'NONE', #1373, #5806, #8589, .T. ) ;
#1043 = CARTESIAN_POINT ( 'NONE',  ( 36.25793661713551330, 3.214462972446881839, 1.000000000000000666 ) ) ;
#1044 = AXIS2_PLACEMENT_3D ( 'NONE', #6403, #203, #9523 ) ;
#1045 = ADVANCED_FACE ( 'NONE', ( #19 ), #4140, .F. ) ;
#1046 = AXIS2_PLACEMENT_3D ( 'NONE', #4656, #1437, #3737 ) ;
#1047 = ORIENTED_EDGE ( 'NONE', *, *, #3726, .F. ) ;
#1048 = CARTESIAN_POINT ( 'NONE',  ( 43.50991137363070749, 26.30209948433251554, 5.567050983124831376 ) ) ;
#1049 = CARTESIAN_POINT ( 'NONE',  ( 43.50991137363070749, 27.09069615251123508, 3.139999999999991687 ) ) ;
#1050 = VERTEX_POINT ( 'NONE', #3472 ) ;
#1051 = CARTESIAN_POINT ( 'NONE',  ( 41.46012281891056261, 41.05457213752136880, 2.019244156717867611 ) ) ;
#1052 = CIRCLE ( 'NONE', #6314, 0.6499999999999978018 ) ;
#1053 = CARTESIAN_POINT ( 'NONE',  ( 48.26917597173611085, 33.28424175087674541, 2.573145880096528781 ) ) ;
#1054 = CARTESIAN_POINT ( 'NONE',  ( 10.43276917633747125, 40.20967882517015823, 2.000000000000000444 ) ) ;
#1055 = CARTESIAN_POINT ( 'NONE',  ( 48.80027607411040691, 23.65750555829388091, 2.970417074698065818 ) ) ;
#1056 = EDGE_CURVE ( 'NONE', #8946, #8791, #6305, .T. ) ;
#1057 = CARTESIAN_POINT ( 'NONE',  ( 13.39719988831233621, 48.35569127583016069, 0.000000000000000000 ) ) ;
#1058 = ORIENTED_EDGE ( 'NONE', *, *, #728, .F. ) ;
#1059 = AXIS2_PLACEMENT_3D ( 'NONE', #9317, #8547, #7777 ) ;
#1060 = CARTESIAN_POINT ( 'NONE',  ( -13.49008862636929429, 6.800460117891003797, 5.000000000000000888 ) ) ;
#1061 = CARTESIAN_POINT ( 'NONE',  ( 47.69128551873004795, 33.75773434935469908, 2.127163104646583758 ) ) ;
#1062 = CARTESIAN_POINT ( 'NONE',  ( 42.17903964974687625, 14.95720810710079185, 2.000000000000000000 ) ) ;
#1063 = FACE_OUTER_BOUND ( 'NONE', #7951, .T. ) ;
#1064 = CARTESIAN_POINT ( 'NONE',  ( 40.98998692267144861, 13.66969699599655819, 2.000000000000000444 ) ) ;
#1065 = DIRECTION ( 'NONE',  ( 0.000000000000000000, 0.000000000000000000, 1.000000000000000000 ) ) ;
#1066 = ORIENTED_EDGE ( 'NONE', *, *, #6127, .T. ) ;
#1067 = PLANE ( 'NONE',  #3153 ) ;
#1068 = ORIENTED_EDGE ( 'NONE', *, *, #5072, .T. ) ;
#1069 = DIRECTION ( 'NONE',  ( -1.000000000000000000, 0.000000000000000000, 0.000000000000000000 ) ) ;
#1070 = LINE ( 'NONE', #1929, #9736 ) ;
#1071 = CIRCLE ( 'NONE', #581, 0.5000000000000006661 ) ;
#1072 = EDGE_CURVE ( 'NONE', #1825, #6543, #5731, .T. ) ;
#1073 = ORIENTED_EDGE ( 'NONE', *, *, #4474, .F. ) ;
#1074 = CARTESIAN_POINT ( 'NONE',  ( 40.86402013891711960, 13.44989631004750308, 1.980399772364323852 ) ) ;
#1075 = DIRECTION ( 'NONE',  ( 0.000000000000000000, 0.000000000000000000, -1.000000000000000000 ) ) ;
#1076 = CARTESIAN_POINT ( 'NONE',  ( 11.52493988177089079, 42.08447431474561995, 1.888822129096488833 ) ) ;
#1077 = CARTESIAN_POINT ( 'NONE',  ( 14.74410295498189249, 50.34380831580893556, 3.656861394625680717 ) ) ;
#1078 = CARTESIAN_POINT ( 'NONE',  ( 11.35661797091731806, 13.07167707897554543, 1.888822129096485947 ) ) ;
#1079 = CARTESIAN_POINT ( 'NONE',  ( 26.00991137390269969, 27.57807569686057292, 7.666666666666699825 ) ) ;
#1080 = CARTESIAN_POINT ( 'NONE',  ( 10.58039884958388299, 40.49708878181554894, 8.000000000000000000 ) ) ;
#1081 = ORIENTED_EDGE ( 'NONE', *, *, #6244, .F. ) ;
#1082 = EDGE_CURVE ( 'NONE', #6557, #8687, #3347, .T. ) ;
#1083 = ORIENTED_EDGE ( 'NONE', *, *, #8809, .T. ) ;
#1084 = CARTESIAN_POINT ( 'NONE',  ( 36.12606330164003765, 3.239792838236046357, 1.845809627900603545 ) ) ;
#1085 = CARTESIAN_POINT ( 'NONE',  ( 48.52947377314372090, 22.16332930998602890, 3.133968922402379675 ) ) ;
#1086 = CARTESIAN_POINT ( 'NONE',  ( 41.20463680027295084, 42.24955319742760196, 2.428688229773475094 ) ) ;
#1087 = CARTESIAN_POINT ( 'NONE',  ( 11.10474321028417855, 42.95516735475675318, 7.439242137595178939 ) ) ;
#1088 = CARTESIAN_POINT ( 'NONE',  ( 42.35788392518427514, 39.94714168645511876, 8.000000000000000000 ) ) ;
#1089 = CARTESIAN_POINT ( 'NONE',  ( 40.39280816280295028, 12.26947219628060992, 7.999999999999994671 ) ) ;
#1090 = ORIENTED_EDGE ( 'NONE', *, *, #2041, .F. ) ;
#1091 = EDGE_CURVE ( 'NONE', #9602, #5348, #9322, .T. ) ;
#1092 = DIRECTION ( 'NONE',  ( -0.000000000000000000, -0.000000000000000000, -1.000000000000000000 ) ) ;
#1093 = CARTESIAN_POINT ( 'NONE',  ( 51.24177061052755988, 12.74249197576641990, 3.250000000000000444 ) ) ;
#1094 = DIRECTION ( 'NONE',  ( 0.000000000000000000, 0.000000000000000000, -1.000000000000000000 ) ) ;
#1095 = CARTESIAN_POINT ( 'NONE',  ( 36.33763509818360404, 3.214462972571367150, 0.9009776590585262257 ) ) ;
#1096 = ORIENTED_EDGE ( 'NONE', *, *, #5582, .F. ) ;
#1097 = VECTOR ( 'NONE', #2277, 1000.000000000000000 ) ;
#1098 = CARTESIAN_POINT ( 'NONE',  ( 12.61770255309671640, 7.655531854387627178, 0.5829966544602438461 ) ) ;
#1099 = ORIENTED_EDGE ( 'NONE', *, *, #6476, .F. ) ;
#1100 = LINE ( 'NONE', #8947, #1862 ) ;
#1101 = DIRECTION ( 'NONE',  ( -0.000000000000000000, -0.000000000000000000, -1.000000000000000000 ) ) ;
#1102 = CARTESIAN_POINT ( 'NONE',  ( 48.17032474968650035, 31.32807569686055871, 6.836795618035376165 ) ) ;
#1103 = CARTESIAN_POINT ( 'NONE',  ( 10.20446680767501313, 36.32807569686057292, 3.000000000000000000 ) ) ;
#1104 = CYLINDRICAL_SURFACE ( 'NONE', #9508, 0.6500000000000012434 ) ;
#1105 = ORIENTED_EDGE ( 'NONE', *, *, #3859, .T. ) ;
#1106 = EDGE_CURVE ( 'NONE', #1590, #1117, #4496, .T. ) ;
#1107 = CARTESIAN_POINT ( 'NONE',  ( 9.888296099195326150, 40.27269555497034048, 2.499999999999999556 ) ) ;
#1108 = CARTESIAN_POINT ( 'NONE',  ( 42.34643595953337325, 15.19379125335708380, 0.5000000000000004441 ) ) ;
#1109 = CARTESIAN_POINT ( 'NONE',  ( 40.66320477689050961, 13.07167707897554010, 1.888822129096486391 ) ) ;
#1110 = FACE_OUTER_BOUND ( 'NONE', #1837, .T. ) ;
#1111 = EDGE_CURVE ( 'NONE', #3959, #71, #2270, .T. ) ;
#1112 = CARTESIAN_POINT ( 'NONE',  ( 42.35830239158529054, 15.20956599925976072, 2.500000000000000444 ) ) ;
#1113 = CARTESIAN_POINT ( 'NONE',  ( 14.96053686879247202, 4.100346510431743141, 3.179274115666991030 ) ) ;
#1114 = EDGE_CURVE ( 'NONE', #3427, #6693, #7326, .T. ) ;
#1115 = ORIENTED_EDGE ( 'NONE', *, *, #7160, .F. ) ;
#1116 = DIRECTION ( 'NONE',  ( -0.000000000000000000, 0.000000000000000000, 1.000000000000000000 ) ) ;
#1117 = VERTEX_POINT ( 'NONE', #3117 ) ;
#1118 = DIRECTION ( 'NONE',  ( 0.000000000000000000, -0.3287670013227931842, 0.9444110645482817201 ) ) ;
#1119 = CIRCLE ( 'NONE', #1281, 0.6500000000000012434 ) ;
#1120 = ORIENTED_EDGE ( 'NONE', *, *, #126, .F. ) ;
#1121 = CARTESIAN_POINT ( 'NONE',  ( -13.49008862636929429, 5.135278404103235772, 14.75152227825774354 ) ) ;
#1122 = CARTESIAN_POINT ( 'NONE',  ( 11.24450650869018453, 41.86936569356509352, 1.963705428328118341 ) ) ;
#1123 = CARTESIAN_POINT ( 'NONE',  ( 36.60630938466569972, 51.85380377176602451, 0.7481905268331702219 ) ) ;
#1124 = CARTESIAN_POINT ( 'NONE',  ( 12.95087456008382354, 46.87623976987710250, 0.7501502095329075637 ) ) ;
#1125 = CARTESIAN_POINT ( 'NONE',  ( 44.32053656931646657, 18.32828099362656715, 6.984752054503563734 ) ) ;
#1126 = CARTESIAN_POINT ( 'NONE',  ( 13.01222385544409299, 10.42615927309794799, 7.422451460207603269 ) ) ;
#1127 = ADVANCED_FACE ( 'NONE', ( #9386 ), #2353, .F. ) ;
#1128 = CARTESIAN_POINT ( 'NONE',  ( 10.08327093910968308, 39.67549841066752236, 8.000000000000000000 ) ) ;
#1129 = ORIENTED_EDGE ( 'NONE', *, *, #85, .F. ) ;
#1130 = DIRECTION ( 'NONE',  ( 0.000000000000000000, 0.000000000000000000, -1.000000000000000000 ) ) ;
#1131 = VECTOR ( 'NONE', #6312, 1000.000000000000000 ) ;
#1132 = AXIS2_PLACEMENT_3D ( 'NONE', #5710, #8628, #4879 ) ;
#1133 = PLANE ( 'NONE',  #6099 ) ;
#1134 = CARTESIAN_POINT ( 'NONE',  ( 42.01499190731276201, 40.42881769944566628, 2.000000000000000000 ) ) ;
#1135 = VECTOR ( 'NONE', #4074, 1000.000000000000000 ) ;
#1136 = CARTESIAN_POINT ( 'NONE',  ( 48.01623992109445993, 33.65470050532221080, 2.568964401648035079 ) ) ;
#1137 = CARTESIAN_POINT ( 'NONE',  ( 13.59775384391866382, 50.74049266132914937, 2.156329814374591702 ) ) ;
#1138 = CARTESIAN_POINT ( 'NONE',  ( 45.39759204887825206, 21.00569096288050375, 7.666666666666666963 ) ) ;
#1139 = ORIENTED_EDGE ( 'NONE', *, *, #2240, .T. ) ;
#1140 = ORIENTED_EDGE ( 'NONE', *, *, #5838, .T. ) ;
#1141 = CARTESIAN_POINT ( 'NONE',  ( 13.69851161557112285, 4.086501082639995452, 6.505213034913027590E-16 ) ) ;
#1142 = DIRECTION ( 'NONE',  ( 0.1931437917529383319, -0.9811704621049788244, 0.000000000000000000 ) ) ;
#1143 = DIRECTION ( 'NONE',  ( -1.000000000000000000, 8.462065736584503245E-17, 0.000000000000000000 ) ) ;
#1144 = CARTESIAN_POINT ( 'NONE',  ( 10.08272079114257380, 15.48137456599430628, 8.000000000000000000 ) ) ;
#1145 = EDGE_CURVE ( 'NONE', #8599, #8890, #8009, .T. ) ;
#1146 = CARTESIAN_POINT ( 'NONE',  ( 14.99841778438267070, 51.71802401450826636, 2.291400802514030666 ) ) ;
#1147 = VECTOR ( 'NONE', #5531, 1000.000000000000000 ) ;
#1148 = DIRECTION ( 'NONE',  ( -0.000000000000000000, -0.000000000000000000, 1.000000000000000000 ) ) ;
#1149 =( BOUNDED_CURVE ( )  B_SPLINE_CURVE ( 3, ( #4139, #8036, #9529, #8760 ),
 .UNSPECIFIED., .F., .T. ) 
 B_SPLINE_CURVE_WITH_KNOTS ( ( 4, 4 ),
 ( 1.523869396065810067, 1.547339321039160831 ),
 .UNSPECIFIED. ) 
 CURVE ( )  GEOMETRIC_REPRESENTATION_ITEM ( )  RATIONAL_B_SPLINE_CURVE ( ( 1.000000000000000000, 0.9999540974119169867, 0.9999540974119169867, 1.000000000000000000 ) ) 
 REPRESENTATION_ITEM ( '' )  );
#1150 = AXIS2_PLACEMENT_3D ( 'NONE', #4754, #7881, #867 ) ;
#1151 = VERTEX_POINT ( 'NONE', #3672 ) ;
#1152 = CARTESIAN_POINT ( 'NONE',  ( 48.59452244383815156, 22.49377655708298462, 6.999999999971681319 ) ) ;
#1153 = CARTESIAN_POINT ( 'NONE',  ( 36.77669975197509444, 40.50285208865746256, 9.900000000000000355 ) ) ;
#1154 = DIRECTION ( 'NONE',  ( 0.000000000000000000, 0.000000000000000000, 1.000000000000000000 ) ) ;
#1155 = DIRECTION ( 'NONE',  ( 1.000000000000000000, -0.000000000000000000, 0.000000000000000000 ) ) ;
#1156 = CARTESIAN_POINT ( 'NONE',  ( 40.87927885558077890, 12.11068399934332085, 7.376386572572236844 ) ) ;
#1157 = ORIENTED_EDGE ( 'NONE', *, *, #4861, .F. ) ;
#1158 = CARTESIAN_POINT ( 'NONE',  ( 11.99847978810335114, 45.46538092233209483, 1.293554560455856706 ) ) ;
#1159 = CIRCLE ( 'NONE', #6889, 0.4999999999999865663 ) ;
#1160 = CARTESIAN_POINT ( 'NONE',  ( 11.50446680767500851, 36.32807569686057292, 3.000000000000000000 ) ) ;
#1161 = FACE_OUTER_BOUND ( 'NONE', #5470, .T. ) ;
#1162 = AXIS2_PLACEMENT_3D ( 'NONE', #6033, #372, #9974 ) ;
#1163 = CARTESIAN_POINT ( 'NONE',  ( 36.12607295763121584, 51.91637053072851415, 1.845799984369163482 ) ) ;
#1164 = ORIENTED_EDGE ( 'NONE', *, *, #4371, .T. ) ;
#1165 = DIRECTION ( 'NONE',  ( -0.000000000000000000, 0.4999999999999987232, -0.8660254037844393737 ) ) ;
#1166 = ORIENTED_EDGE ( 'NONE', *, *, #1778, .T. ) ;
#1167 = CARTESIAN_POINT ( 'NONE',  ( 41.12469618282862172, 12.71487299145999472, 2.361027661370612041 ) ) ;
#1168 = CARTESIAN_POINT ( 'NONE',  ( 15.41351336313949538, 3.302347621955171064, 0.7481905268331691117 ) ) ;
#1169 = EDGE_CURVE ( 'NONE', #7806, #8228, #460, .T. ) ;
#1170 = ADVANCED_FACE ( 'NONE', ( #7568 ), #4339, .T. ) ;
#1171 = ORIENTED_EDGE ( 'NONE', *, *, #7596, .F. ) ;
#1172 = LINE ( 'NONE', #8242, #3060 ) ;
#1173 = CARTESIAN_POINT ( 'NONE',  ( 37.14405710248570358, 51.67790391079868328, 0.5538865590723540677 ) ) ;
#1174 = PLANE ( 'NONE',  #4557 ) ;
#1175 = CARTESIAN_POINT ( 'NONE',  ( 36.25793661713550620, 3.714462972446881395, 1.518327244431520118 ) ) ;
#1176 = B_SPLINE_CURVE_WITH_KNOTS ( 'NONE', 3,
 ( #9822, #4369, #3804, #5294, #6844, #6131, #6075 ),
 .UNSPECIFIED., .F., .F.,
 ( 4, 3, 4 ),
 ( 1.978839589107915876E-14, 0.0001063093728834020271, 0.0001162860247293782446 ),
 .UNSPECIFIED. ) ;
#1177 = CARTESIAN_POINT ( 'NONE',  ( 14.96053686879247202, 4.100346510431743141, 3.179274115666991030 ) ) ;
#1178 = FACE_OUTER_BOUND ( 'NONE', #4238, .T. ) ;
#1179 = ORIENTED_EDGE ( 'NONE', *, *, #2470, .T. ) ;
#1180 = CARTESIAN_POINT ( 'NONE',  ( 45.66351082490461266, 19.91199536748789711, 6.959869080767671967 ) ) ;
#1181 = CARTESIAN_POINT ( 'NONE',  ( 12.88548293937225786, 10.78171295196042045, 7.660946871235458033 ) ) ;
#1182 = ADVANCED_FACE ( 'NONE', ( #5257 ), #4433, .T. ) ;
#1183 = CARTESIAN_POINT ( 'NONE',  ( 13.61788261242412013, 50.80632663317182818, 2.112290092574807598 ) ) ;
#1184 = DIRECTION ( 'NONE',  ( 1.000000000000000000, 0.000000000000000000, -0.000000000000000000 ) ) ;
#1185 = ORIENTED_EDGE ( 'NONE', *, *, #10038, .F. ) ;
#1186 = VERTEX_POINT ( 'NONE', #8389 ) ;
#1187 = CARTESIAN_POINT ( 'NONE',  ( 41.16535594013037525, 18.82807569686056937, 6.500000000000000000 ) ) ;
#1188 = CIRCLE ( 'NONE', #4607, 14.75000000000000000 ) ;
#1189 = CARTESIAN_POINT ( 'NONE',  ( 37.18379349450930960, 50.64910083377133532, 3.452079757185968489 ) ) ;
#1190 = CIRCLE ( 'NONE', #2158, 16.50000000000000000 ) ;
#1191 = LINE ( 'NONE', #432, #3953 ) ;
#1192 = CARTESIAN_POINT ( 'NONE',  ( 45.62081660361378255, 34.22613310568954148, 7.000000000000108358 ) ) ;
#1193 = CARTESIAN_POINT ( 'NONE',  ( 53.74831193812256203, 44.51416539096764069, 2.000000000000000000 ) ) ;
#1194 = EDGE_CURVE ( 'NONE', #1186, #588, #2799, .T. ) ;
#1195 = CARTESIAN_POINT ( 'NONE',  ( 15.68218764995595116, 51.94168842125891672, 1.754123597987746086 ) ) ;
#1196 = CARTESIAN_POINT ( 'NONE',  ( 41.27885221255959181, 13.89654405164067619, 2.022145569751714778 ) ) ;
#1197 = VERTEX_POINT ( 'NONE', #5890 ) ;
#1198 = CARTESIAN_POINT ( 'NONE',  ( 47.39693563575281132, 24.17627018090957236, 7.000000000000000000 ) ) ;
#1199 = VECTOR ( 'NONE', #4056, 1000.000000000000000 ) ;
#1200 = ADVANCED_FACE ( 'NONE', ( #9067 ), #1174, .F. ) ;
#1201 = LINE ( 'NONE', #4170, #9383 ) ;
#1202 = AXIS2_PLACEMENT_3D ( 'NONE', #4527, #499, #3562 ) ;
#1203 = CARTESIAN_POINT ( 'NONE',  ( 11.00316078719653490, 41.42694031209935446, 2.000000000000000000 ) ) ;
#1204 = CARTESIAN_POINT ( 'NONE',  ( 40.51535594013037667, 36.32807569686058713, 6.500000000000000000 ) ) ;
#1205 = CARTESIAN_POINT ( 'NONE',  ( 40.40138021318928452, 10.81752418526622073, 6.478495142402724838 ) ) ;
#1206 = ORIENTED_EDGE ( 'NONE', *, *, #5694, .F. ) ;
#1207 =( BOUNDED_SURFACE ( )  B_SPLINE_SURFACE ( 3, 2, ( 
 ( #9749, #8259, #1138 ),
 ( #7533, #8981, #1948 ),
 ( #3583, #6724, #375 ),
 ( #3538, #9798, #4258 ) ),
 .UNSPECIFIED., .F., .F., .T. ) 
 B_SPLINE_SURFACE_WITH_KNOTS ( ( 4, 4 ),
 ( 3, 3 ),
 ( -2.168404344971008868E-19, 0.0009070783635643870019 ),
 ( 0.000000000000000000, 1.000000000000000000 ),
 .UNSPECIFIED. ) 
 GEOMETRIC_REPRESENTATION_ITEM ( )  RATIONAL_B_SPLINE_SURFACE ( (
 ( 1.000000000000000000, 0.8164965809277271447, 1.000000000000000000),
 ( 1.000000000000000000, 0.8423508253692277847, 1.000000000000000000),
 ( 1.000000000000000000, 0.8611924933716471608, 1.000000000000000000),
 ( 1.000000000000000000, 0.8755196833772683762, 1.000000000000000000) ) ) 
 REPRESENTATION_ITEM ( '' )  SURFACE ( )  );
#1208 = CIRCLE ( 'NONE', #4796, 15.00000000000000000 ) ;
#1209 = CARTESIAN_POINT ( 'NONE',  ( 42.35788392518427514, 39.94714168645511876, 2.500000000000000444 ) ) ;
#1210 = CARTESIAN_POINT ( 'NONE',  ( 26.00991137390269969, 27.57807569686058358, 1.600000000000000089 ) ) ;
#1211 = CARTESIAN_POINT ( 'NONE',  ( 12.61781324653273373, 7.655166755454028582, 0.5828693252962964255 ) ) ;
#1212 = DIRECTION ( 'NONE',  ( 1.000000000000000000, 0.000000000000000000, 0.000000000000000000 ) ) ;
#1213 = ORIENTED_EDGE ( 'NONE', *, *, #1315, .F. ) ;
#1214 = CARTESIAN_POINT ( 'NONE',  ( 36.33763509785007528, 51.94168842125891672, 1.754123599631904451 ) ) ;
#1215 = ORIENTED_EDGE ( 'NONE', *, *, #7652, .F. ) ;
#1216 = CARTESIAN_POINT ( 'NONE',  ( 26.00991137390269969, 10.07807569686058180, 6.500000000000000000 ) ) ;
#1217 = AXIS2_PLACEMENT_3D ( 'NONE', #2022, #2937, #2169 ) ;
#1218 = DIRECTION ( 'NONE',  ( 0.2752715691679004650, 0.9079251674887659496, 0.3160655840934573635 ) ) ;
#1219 = CYLINDRICAL_SURFACE ( 'NONE', #2415, 0.2500000000000002220 ) ;
#1220 = CARTESIAN_POINT ( 'NONE',  ( 36.18218765000129622, 3.214462972446881395, 8.000000000000000000 ) ) ;
#1221 = CARTESIAN_POINT ( 'NONE',  ( 11.29190061716542282, 41.96029963982817179, 1.932049635682706157 ) ) ;
#1222 = CARTESIAN_POINT ( 'NONE',  ( 40.13366502826909965, 43.26032197974562621, 7.999999999999996447 ) ) ;
#1223 = DIRECTION ( 'NONE',  ( 0.000000000000000000, 0.000000000000000000, 1.000000000000000000 ) ) ;
#1224 = CARTESIAN_POINT ( 'NONE',  ( 11.95669681137651175, 11.55130771711190008, 1.359553365984129458 ) ) ;
#1225 = CARTESIAN_POINT ( 'NONE',  ( 9.688015321060621687, 39.98180670599585795, 7.499999999999635847 ) ) ;
#1226 = ADVANCED_FACE ( 'NONE', ( #4337 ), #1468, .T. ) ;
#1227 = ORIENTED_EDGE ( 'NONE', *, *, #2440, .T. ) ;
#1228 = VERTEX_POINT ( 'NONE', #5461 ) ;
#1229 = DIRECTION ( 'NONE',  ( 1.000000000000000000, -0.000000000000000000, 0.000000000000000000 ) ) ;
#1230 = LINE ( 'NONE', #4345, #4120 ) ;
#1231 = EDGE_CURVE ( 'NONE', #8739, #8301, #5512, .T. ) ;
#1232 = CARTESIAN_POINT ( 'NONE',  ( 48.22074951605747373, 33.48264821250977974, 6.538364408044317067 ) ) ;
#1233 = CARTESIAN_POINT ( 'NONE',  ( 13.68841892095877988, 51.03671995424891605, 1.958172553533734206 ) ) ;
#1234 = DIRECTION ( 'NONE',  ( 1.000000000000000000, 0.000000000000000000, 0.000000000000000000 ) ) ;
#1235 = VERTEX_POINT ( 'NONE', #10076 ) ;
#1236 = EDGE_CURVE ( 'NONE', #7962, #664, #10127, .T. ) ;
#1237 = ORIENTED_EDGE ( 'NONE', *, *, #1650, .T. ) ;
#1238 = EDGE_CURVE ( 'NONE', #8329, #599, #7007, .T. ) ;
#1239 = CARTESIAN_POINT ( 'NONE',  ( 10.48158815613496309, 13.67245226952369741, 2.500000000000000888 ) ) ;
#1240 = FACE_OUTER_BOUND ( 'NONE', #3008, .T. ) ;
#1241 = DIRECTION ( 'NONE',  ( 0.000000000000000000, -1.000000000000000000, 0.000000000000000000 ) ) ;
#1242 = CARTESIAN_POINT ( 'NONE',  ( 37.84326414872457889, 50.92312017234760191, 0.000000000000000000 ) ) ;
#1243 = DIRECTION ( 'NONE',  ( 1.000000000000000000, 0.000000000000000000, 0.000000000000000000 ) ) ;
#1244 = CARTESIAN_POINT ( 'NONE',  ( 48.02041729126039371, 21.72410043352382303, 2.304117224511160966 ) ) ;
#1245 = ORIENTED_EDGE ( 'NONE', *, *, #1909, .T. ) ;
#1246 = CARTESIAN_POINT ( 'NONE',  ( 48.48171594592142952, 22.01788969657410533, 3.079498139440822069 ) ) ;
#1247 = ADVANCED_FACE ( 'NONE', ( #7816 ), #1531, .T. ) ;
#1248 = DIRECTION ( 'NONE',  ( 0.6630485655395494948, 0.7485763820318844797, 1.558287628166990295E-14 ) ) ;
#1249 = CARTESIAN_POINT ( 'NONE',  ( 14.94311873666883095, 4.157172267563747248, 3.217391235837214758 ) ) ;
#1250 = DIRECTION ( 'NONE',  ( -1.000000000000000000, 0.000000000000000000, 0.000000000000000000 ) ) ;
#1251 = AXIS2_PLACEMENT_3D ( 'NONE', #6324, #1041, #9392 ) ;
#1252 = ORIENTED_EDGE ( 'NONE', *, *, #438, .T. ) ;
#1253 = DIRECTION ( 'NONE',  ( 0.000000000000000000, 1.000000000000000000, 0.000000000000000000 ) ) ;
#1254 = EDGE_CURVE ( 'NONE', #7534, #4910, #3017, .T. ) ;
#1255 = CARTESIAN_POINT ( 'NONE',  ( 41.56562800043037953, 14.67259370496383397, 1.771189329936758927 ) ) ;
#1256 = CARTESIAN_POINT ( 'NONE',  ( 41.87221094298084267, 15.39512042889845311, 8.000000000000001776 ) ) ;
#1257 = CARTESIAN_POINT ( 'NONE',  ( 26.00991137390269969, 27.57807569686058358, 1.600000000000000089 ) ) ;
#1258 = ORIENTED_EDGE ( 'NONE', *, *, #289, .F. ) ;
#1259 = CARTESIAN_POINT ( 'NONE',  ( 36.18218765000138859, 51.94168842127428576, 1.000000000000007105 ) ) ;
#1260 = ORIENTED_EDGE ( 'NONE', *, *, #8781, .F. ) ;
#1261 = AXIS2_PLACEMENT_3D ( 'NONE', #5828, #1919, #8230 ) ;
#1262 = CARTESIAN_POINT ( 'NONE',  ( 36.00991137390270325, 3.373461695873924970, 0.4454962898876839161 ) ) ;
#1263 = CARTESIAN_POINT ( 'NONE',  ( 15.45566444419208096, 3.414796140925960621, 0.3854532691478252393 ) ) ;
#1264 = LINE ( 'NONE', #6704, #8647 ) ;
#1265 = CARTESIAN_POINT ( 'NONE',  ( 10.54583580041914814, 41.62906368152768266, 2.000000000000061284 ) ) ;
#1266 = EDGE_CURVE ( 'NONE', #8537, #4213, #3250, .T. ) ;
#1267 = CARTESIAN_POINT ( 'NONE',  ( 37.94194615321457320, 51.41691057053954239, 0.4999999999999992784 ) ) ;
#1268 = CARTESIAN_POINT ( 'NONE',  ( 47.81202856464493323, 21.32964950127270853, 2.360223843150292655 ) ) ;
#1269 = DIRECTION ( 'NONE',  ( 1.000000000000000000, 0.000000000000000000, -0.000000000000000000 ) ) ;
#1270 = CARTESIAN_POINT ( 'NONE',  ( 36.00991137390269614, 50.34168842127429144, 1.399999999999999911 ) ) ;
#1271 = DIRECTION ( 'NONE',  ( -0.000000000000000000, -0.000000000000000000, -1.000000000000000000 ) ) ;
#1272 = VERTEX_POINT ( 'NONE', #1662 ) ;
#1273 = VERTEX_POINT ( 'NONE', #8076 ) ;
#1274 = CARTESIAN_POINT ( 'NONE',  ( 48.26917597173611085, 33.28424175087674541, 2.573145880096528781 ) ) ;
#1275 = B_SPLINE_CURVE_WITH_KNOTS ( 'NONE', 3,
 ( #6990, #6221, #7707, #9964 ),
 .UNSPECIFIED., .F., .F.,
 ( 4, 4 ),
 ( 0.3153042143477730042, 1.000000000000000000 ),
 .UNSPECIFIED. ) ;
#1276 = CARTESIAN_POINT ( 'NONE',  ( 11.88615954611817749, 43.26032197974560489, 7.999999999999998224 ) ) ;
#1277 = VERTEX_POINT ( 'NONE', #5670 ) ;
#1278 = CARTESIAN_POINT ( 'NONE',  ( 12.04892656201992196, 45.64451691502915054, 5.579231528560698372 ) ) ;
#1279 = VERTEX_POINT ( 'NONE', #5776 ) ;
#1280 = CARTESIAN_POINT ( 'NONE',  ( 12.42246789107010407, 46.85356821457718723, 4.760890746844434140 ) ) ;
#1281 = AXIS2_PLACEMENT_3D ( 'NONE', #9643, #4974, #9692 ) ;
#1282 = CARTESIAN_POINT ( 'NONE',  ( 42.13492634048120067, 40.23666264171598073, 2.370174916076349447 ) ) ;
#1283 = ORIENTED_EDGE ( 'NONE', *, *, #3701, .F. ) ;
#1284 = AXIS2_PLACEMENT_3D ( 'NONE', #729, #7835, #3011 ) ;
#1285 = ORIENTED_EDGE ( 'NONE', *, *, #1858, .F. ) ;
#1286 = CARTESIAN_POINT ( 'NONE',  ( 13.65525361102742430, 5.944120621750970557, 6.505213034913026604E-16 ) ) ;
#1287 = DIRECTION ( 'NONE',  ( 1.000000000000000000, -0.000000000000000000, 0.000000000000000000 ) ) ;
#1288 = CARTESIAN_POINT ( 'NONE',  ( 45.39759204887853627, 34.15046043084073091, 7.666666666666735352 ) ) ;
#1289 = CARTESIAN_POINT ( 'NONE',  ( 46.12714680066329009, 20.49774733985990594, 7.000000000000000000 ) ) ;
#1290 = DIRECTION ( 'NONE',  ( 1.000000000000000000, -0.000000000000000000, 0.000000000000000000 ) ) ;
#1291 = ADVANCED_FACE ( 'NONE', ( #9668 ), #7261, .F. ) ;
#1292 = EDGE_CURVE ( 'NONE', #7950, #9526, #323, .T. ) ;
#1293 = CARTESIAN_POINT ( 'NONE',  ( 42.22344477272545049, 15.02569910616204396, 2.000000000000000000 ) ) ;
#1294 = CARTESIAN_POINT ( 'NONE',  ( 41.46012290868028316, 14.10157935750111058, 2.019244172323932052 ) ) ;
#1295 = EDGE_LOOP ( 'NONE', ( #202, #4799, #6626, #5169 ) ) ;
#1296 = LINE ( 'NONE', #5865, #2185 ) ;
#1297 = CARTESIAN_POINT ( 'NONE',  ( 47.81447711788698740, 21.33170944960636817, 2.364656390748430592 ) ) ;
#1298 = CARTESIAN_POINT ( 'NONE',  ( 13.69851161557112462, 4.086501082639994564, 3.169986991982563396 ) ) ;
#1299 = DIRECTION ( 'NONE',  ( 0.6437715727057197190, -0.7652177220739234675, 0.000000000000000000 ) ) ;
#1300 = VECTOR ( 'NONE', #851, 1000.000000000000000 ) ;
#1301 = VERTEX_POINT ( 'NONE', #9464 ) ;
#1302 = AXIS2_PLACEMENT_3D ( 'NONE', #562, #3676, #6147 ) ;
#1303 = EDGE_CURVE ( 'NONE', #7189, #4479, #7667, .T. ) ;
#1304 = CARTESIAN_POINT ( 'NONE',  ( 12.18500231200204986, 46.07518963392408295, 0.4995801370686461240 ) ) ;
#1305 = CARTESIAN_POINT ( 'NONE',  ( 40.07897047897086651, 45.30294793911993168, 5.812254946177151105 ) ) ;
#1306 = DIRECTION ( 'NONE',  ( 0.000000000000000000, 0.000000000000000000, -1.000000000000000000 ) ) ;
#1307 = CARTESIAN_POINT ( 'NONE',  ( 42.96096548177569474, 27.57807569686059068, 10.30000000000000071 ) ) ;
#1308 = ORIENTED_EDGE ( 'NONE', *, *, #3625, .T. ) ;
#1309 = FACE_OUTER_BOUND ( 'NONE', #7812, .T. ) ;
#1310 = ORIENTED_EDGE ( 'NONE', *, *, #8615, .T. ) ;
#1311 = CARTESIAN_POINT ( 'NONE',  ( 41.75408545974615038, 41.00302572845060212, 2.500000000000000444 ) ) ;
#1312 = FACE_OUTER_BOUND ( 'NONE', #2525, .T. ) ;
#1313 = CARTESIAN_POINT ( 'NONE',  ( -13.49008862636929429, 43.26032197974560489, 8.000000000000000000 ) ) ;
#1314 = VECTOR ( 'NONE', #9536, 1000.000000000000000 ) ;
#1315 = EDGE_CURVE ( 'NONE', #5600, #1325, #6040, .T. ) ;
#1316 = VECTOR ( 'NONE', #2655, 1000.000000000000000 ) ;
#1317 = DIRECTION ( 'NONE',  ( 0.000000000000000000, 0.000000000000000000, 1.000000000000000000 ) ) ;
#1318 = DIRECTION ( 'NONE',  ( 0.7652177220739261321, -0.6437715727057167214, 0.000000000000000000 ) ) ;
#1319 = DIRECTION ( 'NONE',  ( 0.000000000000000000, 0.000000000000000000, -1.000000000000000000 ) ) ;
#1320 = CARTESIAN_POINT ( 'NONE',  ( 39.98073135563881664, 43.47764887293346447, 7.990752698534564047 ) ) ;
#1321 = LINE ( 'NONE', #4338, #7906 ) ;
#1322 = CARTESIAN_POINT ( 'NONE',  ( 40.91350810175871544, 13.50173056485532896, 8.000000000000000000 ) ) ;
#1323 = CARTESIAN_POINT ( 'NONE',  ( 15.83763509780403567, 51.94168842127429286, 1.603085751719773189 ) ) ;
#1324 = VERTEX_POINT ( 'NONE', #8904 ) ;
#1325 = VERTEX_POINT ( 'NONE', #4890 ) ;
#1326 = CARTESIAN_POINT ( 'NONE',  ( 15.00991137390270858, 50.34168842127429144, 1.399999999999999911 ) ) ;
#1327 = ADVANCED_FACE ( 'NONE', ( #1063 ), #7349, .T. ) ;
#1328 = CARTESIAN_POINT ( 'NONE',  ( 12.48246215813793825, 11.05332093649029979, 7.821479365425468622 ) ) ;
#1329 = ORIENTED_EDGE ( 'NONE', *, *, #984, .T. ) ;
#1330 = CARTESIAN_POINT ( 'NONE',  ( 38.37172250359031267, 4.251076059305551880, 2.046233241089899568 ) ) ;
#1331 = CARTESIAN_POINT ( 'NONE',  ( 10.51214046207874375, 41.55069712085384737, 9.555033156941632910 ) ) ;
#1332 = FACE_OUTER_BOUND ( 'NONE', #5665, .T. ) ;
#1333 = VERTEX_POINT ( 'NONE', #5003 ) ;
#1334 = EDGE_LOOP ( 'NONE', ( #1358, #1786, #6567 ) ) ;
#1335 = DIRECTION ( 'NONE',  ( 0.9811704621049778252, -0.1931437917529432724, 0.000000000000000000 ) ) ;
#1336 = PRODUCT_RELATED_PRODUCT_CATEGORY ( 'part', '', ( #5307 ) ) ;
#1337 = CARTESIAN_POINT ( 'NONE',  ( 47.42598108858364725, 33.83426561252176157, 2.051819301475812374 ) ) ;
#1338 = PLANE ( 'NONE',  #2492 ) ;
#1339 = CARTESIAN_POINT ( 'NONE',  ( -13.49008862636929429, 43.26032197974560489, 8.000000000000000000 ) ) ;
#1340 = CARTESIAN_POINT ( 'NONE',  ( 10.22037086755188184, 40.90432391068687679, 2.500000000000000444 ) ) ;
#1341 = CARTESIAN_POINT ( 'NONE',  ( 45.70116727930110301, 20.20720752867758918, 6.500000000000000888 ) ) ;
#1342 = EDGE_CURVE ( 'NONE', #7711, #7073, #4860, .T. ) ;
#1343 = CARTESIAN_POINT ( 'NONE',  ( 14.60842698939693740, 3.717565692104518593, 2.844642308047737878 ) ) ;
#1344 = AXIS2_PLACEMENT_3D ( 'NONE', #1814, #4937, #4173 ) ;
#1345 = ORIENTED_EDGE ( 'NONE', *, *, #606, .T. ) ;
#1346 = FACE_OUTER_BOUND ( 'NONE', #4678, .T. ) ;
#1347 = ADVANCED_FACE ( 'NONE', ( #6547, #1876 ), #7310, .T. ) ;
#1348 = DIRECTION ( 'NONE',  ( -1.000000000000000000, 0.000000000000000000, 0.000000000000000000 ) ) ;
#1349 = CARTESIAN_POINT ( 'NONE',  ( 12.42246727012803653, 8.302583097780896537, 4.760890935874925844 ) ) ;
#1350 = CARTESIAN_POINT ( 'NONE',  ( 48.12326541678678637, 21.59149058519886566, 6.264913624943076798 ) ) ;
#1351 = ORIENTED_EDGE ( 'NONE', *, *, #3632, .T. ) ;
#1352 = ADVANCED_FACE ( 'NONE', ( #2537 ), #9619, .T. ) ;
#1353 = CARTESIAN_POINT ( 'NONE',  ( 36.25793661713538540, 51.94168842127428576, 1.518327244431517675 ) ) ;
#1354 = DIRECTION ( 'NONE',  ( -1.000000000000000000, 0.000000000000000000, 0.000000000000000000 ) ) ;
#1355 = CARTESIAN_POINT ( 'NONE',  ( 12.47238260400044574, 8.134839032828367067, 0.7501502095328688169 ) ) ;
#1356 = CIRCLE ( 'NONE', #2683, 1.000000000000000888 ) ;
#1357 = CARTESIAN_POINT ( 'NONE',  ( 35.77669975197509444, 40.50285208865746256, 2.000000000000000000 ) ) ;
#1358 = ORIENTED_EDGE ( 'NONE', *, *, #7184, .T. ) ;
#1359 = CARTESIAN_POINT ( 'NONE',  ( 36.04450671526289796, 51.84251618986955634, 0.5510704905182735036 ) ) ;
#1360 = ORIENTED_EDGE ( 'NONE', *, *, #5954, .F. ) ;
#1361 = CARTESIAN_POINT ( 'NONE',  ( 42.22915145310270901, 40.12324781091820114, 2.000000000000135447 ) ) ;
#1362 = ADVANCED_FACE ( 'NONE', ( #4945, #1110 ), #5565, .T. ) ;
#1363 = CARTESIAN_POINT ( 'NONE',  ( 12.76602644403216402, 47.99409782789366119, 0.5000000000000000000 ) ) ;
#1364 = CARTESIAN_POINT ( 'NONE',  ( 41.98992890329620309, 40.51469003754485954, 2.231811681279573634 ) ) ;
#1365 = AXIS2_PLACEMENT_3D ( 'NONE', #6752, #3035, #653 ) ;
#1366 = DIRECTION ( 'NONE',  ( 1.000000000000000000, 0.000000000000000000, 0.000000000000000000 ) ) ;
#1367 = DIRECTION ( 'NONE',  ( 0.6437715727057166104, 0.7652177220739260211, 0.000000000000000000 ) ) ;
#1368 = CARTESIAN_POINT ( 'NONE',  ( 39.13433988608750269, 44.37443844175889751, 7.660946871236700595 ) ) ;
#1369 = DIRECTION ( 'NONE',  ( -0.000000000000000000, -0.000000000000000000, 1.000000000000000000 ) ) ;
#1370 = CARTESIAN_POINT ( 'NONE',  ( 47.98046751704270463, 33.22740937790560167, 2.762665033669500225 ) ) ;
#1371 = CARTESIAN_POINT ( 'NONE',  ( 11.88615779806510453, 11.89582941397556581, 8.000000000000000000 ) ) ;
#1372 = CIRCLE ( 'NONE', #2998, 1.000000000000000888 ) ;
#1373 = VERTEX_POINT ( 'NONE', #6344 ) ;
#1374 = ORIENTED_EDGE ( 'NONE', *, *, #3217, .F. ) ;
#1375 = LINE ( 'NONE', #6193, #7381 ) ;
#1376 = EDGE_CURVE ( 'NONE', #9656, #7524, #7921, .T. ) ;
#1377 = AXIS2_PLACEMENT_3D ( 'NONE', #1210, #2536, #7259 ) ;
#1378 = CARTESIAN_POINT ( 'NONE',  ( 40.49746954000465848, 41.10120505876218289, 9.856539794267156651 ) ) ;
#1379 = CARTESIAN_POINT ( 'NONE',  ( 12.71133815057245542, 44.21997172196900294, 7.764558803882913196 ) ) ;
#1380 = ORIENTED_EDGE ( 'NONE', *, *, #3595, .T. ) ;
#1381 = CIRCLE ( 'NONE', #10034, 1.000000000000000888 ) ;
#1382 = CARTESIAN_POINT ( 'NONE',  ( 46.79712402700144480, 34.02692418524289053, 6.999999999999999112 ) ) ;
#1383 = CARTESIAN_POINT ( 'NONE',  ( 42.19648130988781531, 40.16806267332891878, 7.500000000000000000 ) ) ;
#1384 = EDGE_CURVE ( 'NONE', #213, #616, #6212, .T. ) ;
#1385 = FACE_OUTER_BOUND ( 'NONE', #5839, .T. ) ;
#1386 = EDGE_LOOP ( 'NONE', ( #3518, #7414, #7366, #5110, #9181, #2419, #4725, #8960 ) ) ;
#1387 = VERTEX_POINT ( 'NONE', #3303 ) ;
#1388 = CARTESIAN_POINT ( 'NONE',  ( 10.14760294001623464, 15.39513221340948945, 8.000000000000001776 ) ) ;
#1389 = DIRECTION ( 'NONE',  ( 0.000000000000000000, 0.000000000000000000, -1.000000000000000000 ) ) ;
#1390 = FACE_BOUND ( 'NONE', #7648, .T. ) ;
#1391 = CARTESIAN_POINT ( 'NONE',  ( 39.13427885866266820, 44.37443844176073782, 7.660946871235453592 ) ) ;
#1392 = CARTESIAN_POINT ( 'NONE',  ( 39.53736058966754285, 11.05332093649052716, 7.821479365425770602 ) ) ;
#1393 = CARTESIAN_POINT ( 'NONE',  ( 15.76188613066996069, 51.44168842127428576, 1.518327244431520118 ) ) ;
#1394 = EDGE_CURVE ( 'NONE', #7612, #8365, #8166, .T. ) ;
#1395 = CYLINDRICAL_SURFACE ( 'NONE', #2609, 20.49999999981464782 ) ;
#1396 = ORIENTED_EDGE ( 'NONE', *, *, #2715, .F. ) ;
#1397 = AXIS2_PLACEMENT_3D ( 'NONE', #8476, #6024, #3606 ) ;
#1398 = EDGE_LOOP ( 'NONE', ( #465, #10108, #1068, #7054 ) ) ;
#1399 = CARTESIAN_POINT ( 'NONE',  ( 42.00257374643859976, 27.07765665192956206, 4.206751210895624205 ) ) ;
#1400 = CARTESIAN_POINT ( 'NONE',  ( 13.37693167939674765, 5.139966171879667201, 3.876621754602743497 ) ) ;
#1401 = CARTESIAN_POINT ( 'NONE',  ( 48.16541779912738974, 21.62695304861274792, 6.238197518957022680 ) ) ;
#1402 = EDGE_LOOP ( 'NONE', ( #10053, #3905 ) ) ;
#1403 = DIRECTION ( 'NONE',  ( 1.000000000000000000, 1.692413147309748096E-15, 0.000000000000000000 ) ) ;
#1404 = B_SPLINE_CURVE_WITH_KNOTS ( 'NONE', 3,
 ( #7977, #3925, #9363, #811, #3151, #6404 ),
 .UNSPECIFIED., .F., .F.,
 ( 4, 2, 4 ),
 ( 0.000000000000000000, 0.0007898476187731819868, 0.001579695237546363974 ),
 .UNSPECIFIED. ) ;
#1405 = CARTESIAN_POINT ( 'NONE',  ( 14.39485048405473400, 44.46269098656212293, 7.601749545492697990 ) ) ;
#1406 = DIRECTION ( 'NONE',  ( -0.000000000000000000, -0.000000000000000000, -1.000000000000000000 ) ) ;
#1407 = CARTESIAN_POINT ( 'NONE',  ( 15.91664447030123597, 51.90080507789625841, 0.7112914840652219128 ) ) ;
#1408 = ORIENTED_EDGE ( 'NONE', *, *, #2014, .F. ) ;
#1409 = CARTESIAN_POINT ( 'NONE',  ( 1.086660231154066070, -17.32662178467568026, 2.500000000000000000 ) ) ;
#1410 = VERTEX_POINT ( 'NONE', #8178 ) ;
#1411 = CARTESIAN_POINT ( 'NONE',  ( 41.84367379213692573, 39.80159190636636168, 2.000000000000000444 ) ) ;
#1412 =( BOUNDED_SURFACE ( )  B_SPLINE_SURFACE ( 3, 2, ( 
 ( #280, #6484, #1805 ),
 ( #4212, #9601, #1144 ),
 ( #9758, #8057, #3441 ),
 ( #1957, #7447, #6582 ),
 ( #9702, #7295, #7396 ),
 ( #1751, #6531, #3390 ),
 ( #5813, #434, #386 ),
 ( #4161, #5760, #2720 ),
 ( #8885, #7344, #1853 ),
 ( #5861, #4985, #1906 ),
 ( #5090, #580, #5964 ),
 ( #9902, #2818, #9089 ),
 ( #2101, #5140, #3692 ),
 ( #3592, #4357, #7489 ),
 ( #478, #6831, #6013 ),
 ( #2053, #6731, #2866 ) ),
 .UNSPECIFIED., .F., .F., .T. ) 
 B_SPLINE_SURFACE_WITH_KNOTS ( ( 4, 2, 2, 2, 2, 2, 2, 4 ),
 ( 3, 3 ),
 ( -6.802805803188261002E-07, 0.0001047316052433761664, 0.0002101434910670711589, 0.0004209672627144611439, 0.0008426148060092411140, 0.001264262349304020976, 0.001685909892598801054, 0.003372500065777920934 ),
 ( 0.000000000000000000, 1.000000000000000000 ),
 .UNSPECIFIED. ) 
 GEOMETRIC_REPRESENTATION_ITEM ( )  RATIONAL_B_SPLINE_SURFACE ( (
 ( 1.000000000000000000, 0.7071067811865475727, 1.000000000000000000),
 ( 1.000000000000000000, 0.7071067811865475727, 1.000000000000000000),
 ( 1.000000000000000000, 0.7071067811865475727, 1.000000000000000000),
 ( 1.000000000000000000, 0.7071067811865475727, 1.000000000000000000),
 ( 1.000000000000000000, 0.7071067811865475727, 1.000000000000000000),
 ( 1.000000000000000000, 0.7071067811865475727, 1.000000000000000000),
 ( 1.000000000000000000, 0.7071067811865475727, 1.000000000000000000),
 ( 1.000000000000000000, 0.7071067811865475727, 1.000000000000000000),
 ( 1.000000000000000000, 0.7071067811865475727, 1.000000000000000000),
 ( 1.000000000000000000, 0.7071067811865475727, 1.000000000000000000),
 ( 1.000000000000000000, 0.7071067811865475727, 1.000000000000000000),
 ( 1.000000000000000000, 0.7071067811865475727, 1.000000000000000000),
 ( 1.000000000000000000, 0.7071067811865475727, 1.000000000000000000),
 ( 1.000000000000000000, 0.7071067811865475727, 1.000000000000000000),
 ( 1.000000000000000000, 0.7071067811865486830, 1.000000000000000000),
 ( 1.000000000000000000, 0.7071067811865486830, 1.000000000000000000) ) ) 
 REPRESENTATION_ITEM ( '' )  SURFACE ( )  );
#1413 = ADVANCED_FACE ( 'NONE', ( #9153 ), #8807, .T. ) ;
#1414 = PLANE ( 'NONE',  #8892 ) ;
#1415 = CARTESIAN_POINT ( 'NONE',  ( 14.02111115185925705, 51.39834232161285854, 0.5000000000000004441 ) ) ;
#1416 = CARTESIAN_POINT ( 'NONE',  ( 12.81511723852663920, 6.998507443412437468, 3.881799154620754422 ) ) ;
#1417 = DIRECTION ( 'NONE',  ( -0.000000000000000000, 0.000000000000000000, -1.000000000000000000 ) ) ;
#1418 = EDGE_CURVE ( 'NONE', #8458, #8420, #9479, .T. ) ;
#1419 = CARTESIAN_POINT ( 'NONE',  ( 45.11098098473676998, 20.19121040012313983, 7.641146762559691830 ) ) ;
#1420 = AXIS2_PLACEMENT_3D ( 'NONE', #6906, #8388, #1319 ) ;
#1421 = CARTESIAN_POINT ( 'NONE',  ( 11.22941206347813470, 11.97920412278901026, 7.610440936674644163 ) ) ;
#1422 = ADVANCED_FACE ( 'NONE', ( #1161 ), #4279, .F. ) ;
#1423 = FACE_OUTER_BOUND ( 'NONE', #8764, .T. ) ;
#1424 = CARTESIAN_POINT ( 'NONE',  ( 42.31480773811145468, 15.15241739279328215, 8.000000000000094147 ) ) ;
#1425 = CARTESIAN_POINT ( 'NONE',  ( 43.50991137363070749, 27.09069615251121377, 6.139999999999994351 ) ) ;
#1426 = ORIENTED_EDGE ( 'NONE', *, *, #6954, .F. ) ;
#1427 = CARTESIAN_POINT ( 'NONE',  ( 37.80594369339047489, 3.694608137455769992, 2.594650047161255468 ) ) ;
#1428 = CARTESIAN_POINT ( 'NONE',  ( 38.43467633047158927, 46.50254525434354491, 6.233472655241121707 ) ) ;
#1429 = CARTESIAN_POINT ( 'NONE',  ( 15.41351336313948828, 51.85380377176597477, 0.7481905268331691117 ) ) ;
#1430 = ORIENTED_EDGE ( 'NONE', *, *, #9440, .T. ) ;
#1431 = FACE_OUTER_BOUND ( 'NONE', #1386, .T. ) ;
#1432 = CARTESIAN_POINT ( 'NONE',  ( 48.08551410418183991, 33.59642068703637818, 2.393002310690195422 ) ) ;
#1433 = EDGE_CURVE ( 'NONE', #1798, #4504, #118, .T. ) ;
#1434 = CARTESIAN_POINT ( 'NONE',  ( 10.16283444092244359, 15.37330677054783479, 2.000000000000000444 ) ) ;
#1435 = EDGE_LOOP ( 'NONE', ( #5300, #6794, #2186, #2121, #5947, #4645, #3068, #9374, #2938 ) ) ;
#1436 = ORIENTED_EDGE ( 'NONE', *, *, #3417, .T. ) ;
#1437 = DIRECTION ( 'NONE',  ( 0.000000000000000000, -0.000000000000000000, -1.000000000000000000 ) ) ;
#1438 = CARTESIAN_POINT ( 'NONE',  ( 38.22162635713899448, 11.48168999505276666, 7.959378441696628670 ) ) ;
#1439 = FACE_BOUND ( 'NONE', #5177, .T. ) ;
#1440 = DIRECTION ( 'NONE',  ( 0.000000000000000000, -1.000000000000000000, -7.118573178086988879E-15 ) ) ;
#1441 = CARTESIAN_POINT ( 'NONE',  ( 39.58311044572200643, 11.00419792496599491, 7.778205158407960340 ) ) ;
#1442 = CARTESIAN_POINT ( 'NONE',  ( 14.35336332595027997, 51.32737565636181643, 2.960502991875467949 ) ) ;
#1443 = CARTESIAN_POINT ( 'NONE',  ( 26.00991137390269259, 45.07807569686058713, 6.500000000000000000 ) ) ;
#1444 = EDGE_LOOP ( 'NONE', ( #2571, #7557 ) ) ;
#1445 = VECTOR ( 'NONE', #5205, 1000.000000000000000 ) ;
#1446 = ORIENTED_EDGE ( 'NONE', *, *, #9626, .F. ) ;
#1447 = CARTESIAN_POINT ( 'NONE',  ( 37.43388900866108315, 51.46124641830476065, 2.819138179815669165 ) ) ;
#1448 = CARTESIAN_POINT ( 'NONE',  ( 13.29695613641579044, 5.403430233693856444, 2.817202168734282974 ) ) ;
#1449 = EDGE_CURVE ( 'NONE', #1734, #8331, #1944, .T. ) ;
#1450 = CARTESIAN_POINT ( 'NONE',  ( 46.79712402700370433, 34.02692418523932361, 7.000000000000000000 ) ) ;
#1451 = ORIENTED_EDGE ( 'NONE', *, *, #7863, .T. ) ;
#1452 = DIRECTION ( 'NONE',  ( 0.6011462351012674121, 0.7991390392313292290, -0.000000000000000000 ) ) ;
#1453 = CARTESIAN_POINT ( 'NONE',  ( 47.76728675921712153, 21.29200857684679704, 6.416196314338836970 ) ) ;
#1454 = CARTESIAN_POINT ( 'NONE',  ( 12.08596209888735373, 11.21645292366724078, 7.806443953678500414 ) ) ;
#1455 = ORIENTED_EDGE ( 'NONE', *, *, #7196, .T. ) ;
#1456 = CARTESIAN_POINT ( 'NONE',  ( 41.16535594013037525, 36.32807569686058713, 3.000000000000000000 ) ) ;
#1457 = VERTEX_POINT ( 'NONE', #2686 ) ;
#1458 = CARTESIAN_POINT ( 'NONE',  ( 42.15917595434982701, 40.22813929436740210, 1.999999999999731104 ) ) ;
#1459 = CARTESIAN_POINT ( 'NONE',  ( 13.69406946285766935, 11.68517408599229945, 7.999999999999996447 ) ) ;
#1460 = VECTOR ( 'NONE', #2460, 1000.000000000000227 ) ;
#1461 = FACE_BOUND ( 'NONE', #466, .T. ) ;
#1462 = CARTESIAN_POINT ( 'NONE',  ( 11.61063084618335495, 10.84006357844194035, 6.493917347830132414 ) ) ;
#1463 = ORIENTED_EDGE ( 'NONE', *, *, #504, .F. ) ;
#1464 = LINE ( 'NONE', #2993, #1097 ) ;
#1465 = CARTESIAN_POINT ( 'NONE',  ( 11.53401694659545740, 12.47141704151072439, 8.000000000000005329 ) ) ;
#1466 = VECTOR ( 'NONE', #5378, 1000.000000000000000 ) ;
#1467 = DIRECTION ( 'NONE',  ( -0.000000000000000000, -0.000000000000000000, -1.000000000000000000 ) ) ;
#1468 =( BOUNDED_SURFACE ( )  B_SPLINE_SURFACE ( 3, 2, ( 
 ( #5164, #6859, #9977 ),
 ( #1268, #8970, #6658 ),
 ( #4290, #1934, #9786 ),
 ( #7517, #9019, #1986 ),
 ( #5118, #508, #7471 ),
 ( #3618, #1517, #3818 ) ),
 .UNSPECIFIED., .F., .F., .T. ) 
 B_SPLINE_SURFACE_WITH_KNOTS ( ( 4, 2, 4 ),
 ( 3, 3 ),
 ( 2.032879073410320814E-20, 0.0003249150397058427823, 0.0006498300794116855647 ),
 ( 0.000000000000000000, 1.000000000000000000 ),
 .UNSPECIFIED. ) 
 GEOMETRIC_REPRESENTATION_ITEM ( )  RATIONAL_B_SPLINE_SURFACE ( (
 ( 1.000000000000000000, 0.8458295859054291155, 1.000000000000000000),
 ( 1.000000000000000000, 0.8981092390622663624, 1.000000000000000000),
 ( 1.000000000000000000, 0.9359838796385449022, 1.000000000000000000),
 ( 1.000000000000000000, 0.9872607778127464595, 1.000000000000000000),
 ( 1.000000000000000000, 0.9998913944626887096, 1.000000000000000000),
 ( 1.000000000000000000, 1.000000000000000000, 1.000000000000000000) ) ) 
 REPRESENTATION_ITEM ( '' )  SURFACE ( )  );
#1469 = CARTESIAN_POINT ( 'NONE',  ( 36.50991137363070749, 27.20279802188732532, 5.290000000000002700 ) ) ;
#1470 = AXIS2_PLACEMENT_3D ( 'NONE', #1370, #2229, #8445 ) ;
#1471 = CARTESIAN_POINT ( 'NONE',  ( 11.33069203049742413, 42.17479529674185557, 8.000000000000000000 ) ) ;
#1472 = ORIENTED_EDGE ( 'NONE', *, *, #9132, .F. ) ;
#1473 = CARTESIAN_POINT ( 'NONE',  ( 47.85375235780784919, 33.53108112062418655, 2.208333333333332593 ) ) ;
#1474 = EDGE_CURVE ( 'NONE', #7164, #4353, #421, .T. ) ;
#1475 = CARTESIAN_POINT ( 'NONE',  ( 36.86882968231032009, 51.67715836393549722, 2.762487670834297138 ) ) ;
#1476 = EDGE_CURVE ( 'NONE', #3175, #6287, #106, .T. ) ;
#1477 = FACE_OUTER_BOUND ( 'NONE', #6198, .T. ) ;
#1478 = VERTEX_POINT ( 'NONE', #6696 ) ;
#1479 = CARTESIAN_POINT ( 'NONE',  ( 38.34651057439200628, 4.168740587707287837, 1.991156595978458066 ) ) ;
#1480 = DIRECTION ( 'NONE',  ( -0.000000000000000000, -0.000000000000000000, -1.000000000000000000 ) ) ;
#1481 = CIRCLE ( 'NONE', #1971, 0.5000000000000004441 ) ;
#1482 = DIRECTION ( 'NONE',  ( -1.000000000000000000, 0.000000000000000000, 0.000000000000000000 ) ) ;
#1483 = CIRCLE ( 'NONE', #4413, 0.4999999999999975575 ) ;
#1484 = VERTEX_POINT ( 'NONE', #9823 ) ;
#1485 = ORIENTED_EDGE ( 'NONE', *, *, #6455, .T. ) ;
#1486 = CARTESIAN_POINT ( 'NONE',  ( 41.99183173185559781, 14.64149072473401958, 7.500000000000001776 ) ) ;
#1487 = EDGE_CURVE ( 'NONE', #4761, #1279, #1711, .T. ) ;
#1488 = CARTESIAN_POINT ( 'NONE',  ( 44.94952362467780915, 19.75031926020805173, 7.612473635812473383 ) ) ;
#1489 = FACE_OUTER_BOUND ( 'NONE', #8433, .T. ) ;
#1490 = FACE_OUTER_BOUND ( 'NONE', #3833, .T. ) ;
#1491 = CARTESIAN_POINT ( 'NONE',  ( 40.24594618576433191, 11.43054308633126226, 7.792260096521935075 ) ) ;
#1492 = DIRECTION ( 'NONE',  ( -1.000000000000000000, 0.000000000000000000, 0.000000000000000000 ) ) ;
#1493 = LINE ( 'NONE', #4613, #654 ) ;
#1494 = ORIENTED_EDGE ( 'NONE', *, *, #5756, .T. ) ;
#1495 = ORIENTED_EDGE ( 'NONE', *, *, #6238, .F. ) ;
#1496 = PLANE ( 'NONE',  #3966 ) ;
#1497 = ADVANCED_FACE ( 'NONE', ( #9774 ), #9005, .F. ) ;
#1498 = CARTESIAN_POINT ( 'NONE',  ( 42.06333992758820273, 15.43144925864675443, 1.999999999999999556 ) ) ;
#1499 = PLANE ( 'NONE',  #531 ) ;
#1500 = EDGE_LOOP ( 'NONE', ( #2602, #7022, #5743, #6152 ) ) ;
#1501 = AXIS2_PLACEMENT_3D ( 'NONE', #8950, #1868, #8998 ) ;
#1502 = CARTESIAN_POINT ( 'NONE',  ( 46.50991137363070749, 28.16532881390646992, 7.594767274008266789 ) ) ;
#1503 = CARTESIAN_POINT ( 'NONE',  ( 40.42538299563384641, 44.26951129394741002, 6.525753722328638595 ) ) ;
#1504 = ADVANCED_FACE ( 'NONE', ( #4421 ), #5245, .T. ) ;
#1505 = CARTESIAN_POINT ( 'NONE',  ( 41.99890613184420829, 40.49068452366749682, 1.783476974894224520 ) ) ;
#1506 = ORIENTED_EDGE ( 'NONE', *, *, #5903, .T. ) ;
#1507 = CARTESIAN_POINT ( 'NONE',  ( 9.755171140561671450, 40.07239706161166026, 2.500000000000000444 ) ) ;
#1508 = ORIENTED_EDGE ( 'NONE', *, *, #1449, .T. ) ;
#1509 = FACE_OUTER_BOUND ( 'NONE', #5433, .T. ) ;
#1510 = CARTESIAN_POINT ( 'NONE',  ( 46.86794766390008959, 23.82807569686055871, 7.018426978284028728 ) ) ;
#1511 = DIRECTION ( 'NONE',  ( 1.000000000000000000, 0.000000000000000000, 0.000000000000000000 ) ) ;
#1512 = ORIENTED_EDGE ( 'NONE', *, *, #6331, .T. ) ;
#1513 = CARTESIAN_POINT ( 'NONE',  ( 12.62175055004122548, 7.643022517195814380, 4.316356204481250458 ) ) ;
#1514 = VERTEX_POINT ( 'NONE', #6744 ) ;
#1515 = PLANE ( 'NONE',  #4976 ) ;
#1516 = CYLINDRICAL_SURFACE ( 'NONE', #7990, 12.00000000000000355 ) ;
#1517 = CARTESIAN_POINT ( 'NONE',  ( 47.10249359828594606, 21.38613219576684443, 2.000000000000000000 ) ) ;
#1518 = LINE ( 'NONE', #3144, #6456 ) ;
#1519 = DIRECTION ( 'NONE',  ( 1.000000000000000000, -0.000000000000000000, -0.000000000000000000 ) ) ;
#1520 = CARTESIAN_POINT ( 'NONE',  ( 39.10135861183612604, 6.656195374226841821, 6.299214622140780762E-14 ) ) ;
#1521 = ORIENTED_EDGE ( 'NONE', *, *, #7240, .F. ) ;
#1522 = DIRECTION ( 'NONE',  ( 1.000000000000000000, 0.000000000000000000, -0.000000000000000000 ) ) ;
#1523 = AXIS2_PLACEMENT_3D ( 'NONE', #8245, #1223, #5942 ) ;
#1524 = CARTESIAN_POINT ( 'NONE',  ( 39.82971558741741802, 42.57461035928754001, 8.868220944962455832 ) ) ;
#1525 = AXIS2_PLACEMENT_3D ( 'NONE', #3363, #8858, #3414 ) ;
#1526 = VECTOR ( 'NONE', #9922, 1000.000000000000000 ) ;
#1527 = CARTESIAN_POINT ( 'NONE',  ( 14.07787659459082441, 51.41691057053953529, 0.4999999999999993339 ) ) ;
#1528 = EDGE_LOOP ( 'NONE', ( #6912, #78, #8378, #4622, #281, #2095 ) ) ;
#1529 = CARTESIAN_POINT ( 'NONE',  ( 2.406953627337088619, -7.358356128771117888, 0.000000000000000000 ) ) ;
#1530 = CYLINDRICAL_SURFACE ( 'NONE', #7639, 1.000000000000000888 ) ;
#1531 =( BOUNDED_SURFACE ( )  B_SPLINE_SURFACE ( 3, 2, ( 
 ( #8643, #8540, #4587 ),
 ( #3918, #658, #1465 ),
 ( #96, #3142, #1565 ),
 ( #4640, #7059, #3091 ),
 ( #2278, #6290, #7720 ),
 ( #5311, #4535, #9216 ),
 ( #2381, #804, #709 ),
 ( #3041, #1615, #8595 ),
 ( #6187, #6234, #7771 ),
 ( #8443, #758, #9354 ),
 ( #1421, #2325, #4741 ),
 ( #7666, #4687, #7869 ),
 ( #3770, #40, #9414 ),
 ( #855, #2181, #7109 ) ),
 .UNSPECIFIED., .F., .F., .T. ) 
 B_SPLINE_SURFACE_WITH_KNOTS ( ( 4, 2, 2, 2, 2, 2, 4 ),
 ( 3, 3 ),
 ( -4.416697173610422141E-06, 1.691234552772314626E-05, 3.824138822905671296E-05, 8.089947363172384637E-05, 0.0001662156444370581267, 0.0003368479860477266875, 0.0006781126692690638089 ),
 ( 0.000000000000000000, 1.000000000000000000 ),
 .UNSPECIFIED. ) 
 GEOMETRIC_REPRESENTATION_ITEM ( )  RATIONAL_B_SPLINE_SURFACE ( (
 ( 1.000000000000000000, 0.7071093012957277990, 1.000000000000000000),
 ( 1.000000000000000000, 0.7070943136687457553, 1.000000000000000000),
 ( 1.000000000000000000, 0.7099021750533289765, 1.000000000000000000),
 ( 1.000000000000000000, 0.7139271480258662095, 1.000000000000000000),
 ( 1.000000000000000000, 0.7159299023051515221, 1.000000000000000000),
 ( 1.000000000000000000, 0.7219074600801157482, 1.000000000000000000),
 ( 1.000000000000000000, 0.7258515419746266462, 1.000000000000000000),
 ( 1.000000000000000000, 0.7375496130609805467, 1.000000000000000000),
 ( 1.000000000000000000, 0.7451689463229315136, 1.000000000000000000),
 ( 1.000000000000000000, 0.7674136624629128711, 1.000000000000000000),
 ( 1.000000000000000000, 0.7814166365962847971, 1.000000000000000000),
 ( 1.000000000000000000, 0.8206497265583049261, 1.000000000000000000),
 ( 1.000000000000000000, 0.8431689656641132569, 1.000000000000000000),
 ( 1.000000000000000000, 0.8620267827784472425, 1.000000000000000000) ) ) 
 REPRESENTATION_ITEM ( '' )  SURFACE ( )  );
#1532 = CARTESIAN_POINT ( 'NONE',  ( 38.03404757987207319, 7.325886259314131621, 5.342875489888564644 ) ) ;
#1533 = ORIENTED_EDGE ( 'NONE', *, *, #9658, .T. ) ;
#1534 = ORIENTED_EDGE ( 'NONE', *, *, #8689, .T. ) ;
#1535 = DIRECTION ( 'NONE',  ( 0.000000000000000000, 0.8090169943749420112, 0.5877852522924804646 ) ) ;
#1536 = DIRECTION ( 'NONE',  ( 0.000000000000000000, -0.8090169943749517811, 0.5877852522924671419 ) ) ;
#1537 = PLANE ( 'NONE',  #7731 ) ;
#1538 = AXIS2_PLACEMENT_3D ( 'NONE', #3868, #7008, #6235 ) ;
#1539 = EDGE_CURVE ( 'NONE', #9725, #2289, #5980, .T. ) ;
#1540 = CARTESIAN_POINT ( 'NONE',  ( 48.79998850293428347, 31.49782471832957143, 2.968614485133183933 ) ) ;
#1541 = ORIENTED_EDGE ( 'NONE', *, *, #1082, .F. ) ;
#1542 = CARTESIAN_POINT ( 'NONE',  ( 40.05906196285781817, 11.78352791426301316, 8.000000000000003553 ) ) ;
#1543 = CARTESIAN_POINT ( 'NONE',  ( 12.88554571406187321, 44.37443844176073782, 7.660946871235453592 ) ) ;
#1544 = ADVANCED_FACE ( 'NONE', ( #9966 ), #2936, .F. ) ;
#1545 = CARTESIAN_POINT ( 'NONE',  ( 16.00991137390270325, 0.000000000000000000, 8.000000000000000000 ) ) ;
#1546 = ADVANCED_FACE ( 'NONE', ( #5295 ), #6076, .F. ) ;
#1547 = ORIENTED_EDGE ( 'NONE', *, *, #242, .T. ) ;
#1548 = ORIENTED_EDGE ( 'NONE', *, *, #1474, .F. ) ;
#1549 = AXIS2_PLACEMENT_3D ( 'NONE', #8921, #5843, #4193 ) ;
#1550 = LINE ( 'NONE', #784, #570 ) ;
#1551 = LINE ( 'NONE', #7088, #1199 ) ;
#1552 = ORIENTED_EDGE ( 'NONE', *, *, #5352, .T. ) ;
#1553 = CARTESIAN_POINT ( 'NONE',  ( 46.97421382283332747, 22.02884337127582270, 7.000000000000000000 ) ) ;
#1554 = CARTESIAN_POINT ( 'NONE',  ( 40.79256444970354067, 43.26814381570443402, 7.221494963347962148 ) ) ;
#1555 = EDGE_CURVE ( 'NONE', #1688, #3628, #3519, .T. ) ;
#1556 = VERTEX_POINT ( 'NONE', #9677 ) ;
#1557 = ORIENTED_EDGE ( 'NONE', *, *, #1970, .T. ) ;
#1558 = FACE_OUTER_BOUND ( 'NONE', #2972, .T. ) ;
#1559 = CARTESIAN_POINT ( 'NONE',  ( 37.00991137390271035, 4.814462972446877487, 1.400000000000005684 ) ) ;
#1560 = VERTEX_POINT ( 'NONE', #3208 ) ;
#1561 = CARTESIAN_POINT ( 'NONE',  ( 47.95406447960930052, 33.70700820886061422, 2.296159226572682677 ) ) ;
#1562 = ORIENTED_EDGE ( 'NONE', *, *, #7746, .F. ) ;
#1563 = CARTESIAN_POINT ( 'NONE',  ( 14.17655859908084537, 50.92312017234762322, 0.000000000000000000 ) ) ;
#1564 = CARTESIAN_POINT ( 'NONE',  ( 11.00269452238463508, 41.50446211586156409, 2.000000000000000000 ) ) ;
#1565 = CARTESIAN_POINT ( 'NONE',  ( 11.53669051827223591, 12.46475576233019034, 8.000000000000003553 ) ) ;
#1566 = CYLINDRICAL_SURFACE ( 'NONE', #2990, 0.6999999999999992895 ) ;
#1567 = CARTESIAN_POINT ( 'NONE',  ( 9.857296048465904903, 40.22357756322592337, 7.500000000000000888 ) ) ;
#1568 = ORIENTED_EDGE ( 'NONE', *, *, #7779, .F. ) ;
#1569 = B_SPLINE_CURVE_WITH_KNOTS ( 'NONE', 3,
 ( #2617, #2770, #4312, #4211, #4402, #7395, #7446, #5035, #7538, #385 ),
 .UNSPECIFIED., .F., .F.,
 ( 4, 2, 2, 2, 4 ),
 ( 0.002106568750812126516, 0.002356564760846197037, 0.002606560770880267126, 0.002856556780914337214, 0.003106552790948407736 ),
 .UNSPECIFIED. ) ;
#1570 = FACE_OUTER_BOUND ( 'NONE', #8344, .T. ) ;
#1571 = DIRECTION ( 'NONE',  ( 0.000000000000000000, 1.000000000000000000, 7.118573178086988879E-15 ) ) ;
#1572 = B_SPLINE_CURVE_WITH_KNOTS ( 'NONE', 3,
 ( #2898, #5314, #6862, #2949, #761, #3772 ),
 .UNSPECIFIED., .F., .F.,
 ( 4, 2, 4 ),
 ( 0.000000000000000000, 0.4999999999999988898, 1.000000000000000000 ),
 .UNSPECIFIED. ) ;
#1573 = CARTESIAN_POINT ( 'NONE',  ( 14.23332404181243049, 50.94168842127428576, -6.505213034913026604E-16 ) ) ;
#1574 = ADVANCED_FACE ( 'NONE', ( #5576 ), #2273, .F. ) ;
#1575 = AXIS2_PLACEMENT_3D ( 'NONE', #4121, #4997, #7254 ) ;
#1576 = VERTEX_POINT ( 'NONE', #9629 ) ;
#1577 = CARTESIAN_POINT ( 'NONE',  ( 41.37675032706346911, 13.30872235410260096, 9.355993728754254946 ) ) ;
#1578 = CARTESIAN_POINT ( 'NONE',  ( 39.82824611401563430, 43.67380598724660246, 7.966406717801360671 ) ) ;
#1579 = CARTESIAN_POINT ( 'NONE',  ( 10.11299116092204819, 15.44187837952853393, 2.000000000000000444 ) ) ;
#1580 = VERTEX_POINT ( 'NONE', #1675 ) ;
#1581 = ORIENTED_EDGE ( 'NONE', *, *, #1629, .T. ) ;
#1582 = CARTESIAN_POINT ( 'NONE',  ( 11.45002699493607423, 43.45450673589105151, 7.710192093221237108 ) ) ;
#1583 = DIRECTION ( 'NONE',  ( 0.1931437917529433002, 0.9811704621049779362, -0.000000000000000000 ) ) ;
#1584 = CARTESIAN_POINT ( 'NONE',  ( 44.32001790360290272, 36.82899835794115262, 6.984547920093348239 ) ) ;
#1585 = CARTESIAN_POINT ( 'NONE',  ( 43.07969633643868690, 38.00028473935085316, 2.500000000000000444 ) ) ;
#1586 = VERTEX_POINT ( 'NONE', #206 ) ;
#1587 = CARTESIAN_POINT ( 'NONE',  ( 36.89108776526963851, 3.628676534819970989, 1.784953266370362373E-15 ) ) ;
#1588 = CARTESIAN_POINT ( 'NONE',  ( 35.77669975197509444, 40.50285208865746256, 1.600000000000000089 ) ) ;
#1589 = DIRECTION ( 'NONE',  ( 1.000000000000000000, -0.000000000000000000, -0.000000000000000000 ) ) ;
#1590 = VERTEX_POINT ( 'NONE', #1829 ) ;
#1591 = ORIENTED_EDGE ( 'NONE', *, *, #939, .T. ) ;
#1592 = DIRECTION ( 'NONE',  ( 1.000000000000000000, -0.000000000000000000, 0.000000000000000000 ) ) ;
#1593 = AXIS2_PLACEMENT_3D ( 'NONE', #9664, #2582, #4888 ) ;
#1594 = CARTESIAN_POINT ( 'NONE',  ( 39.93386082395026193, 43.93969840969478469, 7.806443954986976408 ) ) ;
#1595 = ADVANCED_FACE ( 'NONE', ( #8918 ), #6558, .F. ) ;
#1596 = CARTESIAN_POINT ( 'NONE',  ( 37.55227937283668638, 3.611778947992263067, 0.1104680250917200318 ) ) ;
#1597 = ADVANCED_FACE ( 'NONE', ( #2546 ), #7933, .F. ) ;
#1598 = VERTEX_POINT ( 'NONE', #9527 ) ;
#1599 = LINE ( 'NONE', #5496, #3408 ) ;
#1600 = CARTESIAN_POINT ( 'NONE',  ( 13.85261113729134053, 43.77462768050503428, 7.935303396847946722 ) ) ;
#1601 = EDGE_LOOP ( 'NONE', ( #839, #9000, #5761, #2624 ) ) ;
#1602 = CARTESIAN_POINT ( 'NONE',  ( 15.83763509780404100, 51.94168842127428576, 1.000000000000007105 ) ) ;
#1603 = EDGE_LOOP ( 'NONE', ( #9714, #3114, #3120, #276 ) ) ;
#1604 = ORIENTED_EDGE ( 'NONE', *, *, #8369, .F. ) ;
#1605 = CARTESIAN_POINT ( 'NONE',  ( 48.12326918721971225, 21.59149375723404063, 2.657776775644105083 ) ) ;
#1606 = AXIS2_PLACEMENT_3D ( 'NONE', #4127, #6447, #5619 ) ;
#1607 = CARTESIAN_POINT ( 'NONE',  ( 40.94258712506743336, 42.88664645598863245, 8.000000000000003553 ) ) ;
#1608 = EDGE_CURVE ( 'NONE', #8329, #3965, #2645, .T. ) ;
#1609 = DIRECTION ( 'NONE',  ( -0.000000000000000000, 0.000000000000000000, 1.000000000000000000 ) ) ;
#1610 = ORIENTED_EDGE ( 'NONE', *, *, #8316, .T. ) ;
#1611 = DIRECTION ( 'NONE',  ( 0.000000000000000000, 0.000000000000000000, 1.000000000000000000 ) ) ;
#1612 = EDGE_LOOP ( 'NONE', ( #7795, #725, #143, #8898, #8309, #6412 ) ) ;
#1613 = CARTESIAN_POINT ( 'NONE',  ( 38.77378350801559748, 47.79805576301281178, 0.02342095107718400807 ) ) ;
#1614 = CARTESIAN_POINT ( 'NONE',  ( 10.06150992651974008, 15.50958402367708722, 2.000000000000000000 ) ) ;
#1615 = CARTESIAN_POINT ( 'NONE',  ( 11.16065625781959270, 12.18077534750004531, 8.000000000000097700 ) ) ;
#1616 = CARTESIAN_POINT ( 'NONE',  ( 11.75450128054003507, 43.72118728601562054, 7.802039145456558522 ) ) ;
#1617 = CARTESIAN_POINT ( 'NONE',  ( 10.15446680767512078, 18.82807569686041660, 2.000000000000000000 ) ) ;
#1618 = CARTESIAN_POINT ( 'NONE',  ( 38.77479956391106697, 7.361560273851309510, 6.180114272665915528E-14 ) ) ;
#1619 = ORIENTED_EDGE ( 'NONE', *, *, #6308, .F. ) ;
#1620 = CARTESIAN_POINT ( 'NONE',  ( 45.39759204887825206, 21.00569096288050019, 7.666666666666666963 ) ) ;
#1621 = DIRECTION ( 'NONE',  ( -1.000000000000000000, 0.000000000000000000, 0.000000000000000000 ) ) ;
#1622 = ADVANCED_FACE ( 'NONE', ( #4190, #155 ), #7271, .F. ) ;
#1623 = VERTEX_POINT ( 'NONE', #260 ) ;
#1624 = CARTESIAN_POINT ( 'NONE',  ( 37.18379349435461023, 4.507050560029528974, 3.452079757239425284 ) ) ;
#1625 = AXIS2_PLACEMENT_3D ( 'NONE', #2154, #5281, #436 ) ;
#1626 = CARTESIAN_POINT ( 'NONE',  ( 10.93514344486567325, 13.88310498307884799, 1.999999999999999556 ) ) ;
#1627 = DIRECTION ( 'NONE',  ( 0.000000000000000000, 0.000000000000000000, -1.000000000000000000 ) ) ;
#1628 = ORIENTED_EDGE ( 'NONE', *, *, #5766, .F. ) ;
#1629 = EDGE_CURVE ( 'NONE', #9126, #707, #8284, .T. ) ;
#1630 = ORIENTED_EDGE ( 'NONE', *, *, #3974, .F. ) ;
#1631 = LINE ( 'NONE', #4043, #1314 ) ;
#1632 = CARTESIAN_POINT ( 'NONE',  ( 9.058857266029718858, 27.57807569686059423, 11.30000000000000071 ) ) ;
#1633 = DIRECTION ( 'NONE',  ( 1.000000000000000000, 0.000000000000000000, -0.000000000000000000 ) ) ;
#1634 = CARTESIAN_POINT ( 'NONE',  ( 40.49488286603450860, 13.07167707897554365, 1.888822129096485281 ) ) ;
#1635 = ORIENTED_EDGE ( 'NONE', *, *, #1254, .F. ) ;
#1636 = CIRCLE ( 'NONE', #3275, 0.6999999999999992895 ) ;
#1637 = CARTESIAN_POINT ( 'NONE',  ( 36.00991137390269614, 9.682545528998886653, 0.7090026007139549336 ) ) ;
#1638 = DIRECTION ( 'NONE',  ( -0.000000000000000000, -0.000000000000000000, -1.000000000000000000 ) ) ;
#1639 = CARTESIAN_POINT ( 'NONE',  ( 40.36534125340040902, 12.21956672306736991, 7.999999999999991118 ) ) ;
#1640 = EDGE_LOOP ( 'NONE', ( #2758, #3426, #2726, #6485, #5123, #6700, #3274, #5922, #6239 ) ) ;
#1641 = ORIENTED_EDGE ( 'NONE', *, *, #363, .T. ) ;
#1642 = CARTESIAN_POINT ( 'NONE',  ( 47.12276675066264886, 32.37265914900518027, 7.000000000000000000 ) ) ;
#1643 = CARTESIAN_POINT ( 'NONE',  ( 26.00991137390269969, 27.57807569686058358, 1.600000000000000089 ) ) ;
#1644 = CARTESIAN_POINT ( 'NONE',  ( 13.74205694668565059, 3.944436696670316156, 1.840852022440427449 ) ) ;
#1645 = EDGE_LOOP ( 'NONE', ( #9572, #267, #10008, #3108, #1015 ) ) ;
#1646 = EDGE_CURVE ( 'NONE', #7125, #688, #2442, .T. ) ;
#1647 = FACE_OUTER_BOUND ( 'NONE', #9043, .T. ) ;
#1648 = CARTESIAN_POINT ( 'NONE',  ( 10.37951017570834544, 40.11716610576987563, 8.000000000000000000 ) ) ;
#1649 = VERTEX_POINT ( 'NONE', #2495 ) ;
#1650 = EDGE_CURVE ( 'NONE', #7938, #2407, #3260, .T. ) ;
#1651 = CARTESIAN_POINT ( 'NONE',  ( 12.47238319721101796, 47.02131221955700369, 0.7501502095329055653 ) ) ;
#1652 = ORIENTED_EDGE ( 'NONE', *, *, #5425, .F. ) ;
#1653 = EDGE_LOOP ( 'NONE', ( #4565, #3759, #9763, #2670 ) ) ;
#1654 = CARTESIAN_POINT ( 'NONE',  ( 40.51535594013037667, 36.32807569686058713, 3.000000000000000000 ) ) ;
#1655 = CARTESIAN_POINT ( 'NONE',  ( 42.27778665843458583, 40.05413140386362159, 7.500000000000000000 ) ) ;
#1656 = CARTESIAN_POINT ( 'NONE',  ( 12.95087456008381999, 46.71185626921564449, 0.2779446772587859660 ) ) ;
#1657 = ORIENTED_EDGE ( 'NONE', *, *, #7746, .T. ) ;
#1658 = EDGE_CURVE ( 'NONE', #8285, #3628, #952, .T. ) ;
#1659 = DIRECTION ( 'NONE',  ( -1.000000000000000000, 0.000000000000000000, 0.000000000000000000 ) ) ;
#1660 = EDGE_LOOP ( 'NONE', ( #1494, #2417, #6116, #2072, #1140, #6338, #1380, #9107, #9897, #7146, #1081 ) ) ;
#1661 = CARTESIAN_POINT ( 'NONE',  ( 14.97328753531421341, 51.70980378935298205, 0.5000000000000003331 ) ) ;
#1662 = CARTESIAN_POINT ( 'NONE',  ( 40.86402028192990343, 41.70625493331264266, 1.980399793571175238 ) ) ;
#1663 = EDGE_CURVE ( 'NONE', #7457, #3056, #7913, .T. ) ;
#1664 = DIRECTION ( 'NONE',  ( 1.000000000000000000, -0.000000000000000000, 0.000000000000000000 ) ) ;
#1665 = CARTESIAN_POINT ( 'NONE',  ( 40.95063012084261800, 12.28837702005765919, 7.500002138985899514 ) ) ;
#1666 = EDGE_CURVE ( 'NONE', #2313, #3124, #3272, .T. ) ;
#1667 = VECTOR ( 'NONE', #6126, 1000.000000000000114 ) ;
#1668 = CARTESIAN_POINT ( 'NONE',  ( 13.43611358171454384, 50.21359032461278105, -7.265917379178906258E-13 ) ) ;
#1669 = VERTEX_POINT ( 'NONE', #2923 ) ;
#1670 = CYLINDRICAL_SURFACE ( 'NONE', #3648, 0.6999999999999975131 ) ;
#1671 = AXIS2_PLACEMENT_3D ( 'NONE', #5910, #9649, #2004 ) ;
#1672 = CARTESIAN_POINT ( 'NONE',  ( 47.09322331692970920, 31.32807569686055160, 7.000000000000000000 ) ) ;
#1673 =( BOUNDED_SURFACE ( )  B_SPLINE_SURFACE ( 3, 2, ( 
 ( #9304, #1710, #7964 ),
 ( #6181, #3079, #3961 ),
 ( #9348, #9455, #9405 ),
 ( #4631, #7807, #7765 ),
 ( #750, #3857, #2316 ),
 ( #7099, #5451, #8584 ) ),
 .UNSPECIFIED., .F., .F., .T. ) 
 B_SPLINE_SURFACE_WITH_KNOTS ( ( 4, 2, 4 ),
 ( 3, 3 ),
 ( -1.176359357146772311E-17, 0.0001967987237924891683, 0.0003935974475849901002 ),
 ( 0.000000000000000000, 1.000000000000000000 ),
 .UNSPECIFIED. ) 
 GEOMETRIC_REPRESENTATION_ITEM ( )  RATIONAL_B_SPLINE_SURFACE ( (
 ( 1.000000000000000000, 0.8788767125962156923, 1.000000000000000000),
 ( 1.000000000000000000, 0.9059838445828273246, 1.000000000000000000),
 ( 1.000000000000000000, 0.9328098545591506641, 1.000000000000000000),
 ( 1.000000000000000000, 0.9794392140663615853, 1.000000000000000000),
 ( 1.000000000000000000, 0.9997912402271815768, 1.000000000000000000),
 ( 1.000000000000000000, 1.000000000000000000, 1.000000000000000000) ) ) 
 REPRESENTATION_ITEM ( '' )  SURFACE ( )  );
#1674 = VERTEX_POINT ( 'NONE', #4660 ) ;
#1675 = CARTESIAN_POINT ( 'NONE',  ( 6.135438428247191212, 27.57807569686059423, 8.000000000000000000 ) ) ;
#1676 = CARTESIAN_POINT ( 'NONE',  ( 39.82971551023877765, 12.58154103960375814, 8.868220948430433737 ) ) ;
#1677 = CARTESIAN_POINT ( 'NONE',  ( 48.20293145411180546, 33.49763840605686482, 2.513125766177215947 ) ) ;
#1678 = CARTESIAN_POINT ( 'NONE',  ( 26.00991137390269969, 27.57807569686057292, 7.666666666666699825 ) ) ;
#1679 = EDGE_CURVE ( 'NONE', #3577, #1560, #3999, .T. ) ;
#1680 = CIRCLE ( 'NONE', #8093, 0.6499999999999995781 ) ;
#1681 = ORIENTED_EDGE ( 'NONE', *, *, #1987, .T. ) ;
#1682 = ORIENTED_EDGE ( 'NONE', *, *, #2946, .F. ) ;
#1683 = CIRCLE ( 'NONE', #3808, 0.6499999999999978018 ) ;
#1684 = CARTESIAN_POINT ( 'NONE',  ( 48.29100437939622026, 21.73260803798135754, 2.648171999298447155 ) ) ;
#1685 = CARTESIAN_POINT ( 'NONE',  ( 12.47238260400044574, 8.134839032828367067, 0.7501502095328688169 ) ) ;
#1686 = AXIS2_PLACEMENT_3D ( 'NONE', #2079, #612, #9119 ) ;
#1687 = CYLINDRICAL_SURFACE ( 'NONE', #4378, 0.6999999999999992895 ) ;
#1688 = VERTEX_POINT ( 'NONE', #6833 ) ;
#1689 = EDGE_CURVE ( 'NONE', #4493, #4998, #9011, .T. ) ;
#1690 = VECTOR ( 'NONE', #9158, 1000.000000000000000 ) ;
#1691 = CARTESIAN_POINT ( 'NONE',  ( 13.72028428094508712, 51.14068250346803524, 3.122340594473696385 ) ) ;
#1692 = CARTESIAN_POINT ( 'NONE',  ( 43.50644096050604048, 16.89531142830562871, 6.500000000000000888 ) ) ;
#1693 = CARTESIAN_POINT ( 'NONE',  ( 40.89537947743681912, 12.16300416572985199, 7.544141183779998983 ) ) ;
#1694 = VERTEX_POINT ( 'NONE', #6978 ) ;
#1695 = ORIENTED_EDGE ( 'NONE', *, *, #8781, .T. ) ;
#1696 = CARTESIAN_POINT ( 'NONE',  ( 9.878806716564596968, 40.25750474000530943, 2.500000000000000444 ) ) ;
#1697 = DIRECTION ( 'NONE',  ( 0.000000000000000000, 0.000000000000000000, -1.000000000000000000 ) ) ;
#1698 = CARTESIAN_POINT ( 'NONE',  ( 37.62497226375180048, 44.46269098656102869, 7.601749545493427185 ) ) ;
#1699 = CARTESIAN_POINT ( 'NONE',  ( 13.67832057977225624, 4.152390614073678599, 1.980219690136217681 ) ) ;
#1700 = ORIENTED_EDGE ( 'NONE', *, *, #8263, .F. ) ;
#1701 = EDGE_CURVE ( 'NONE', #2089, #2983, #4509, .T. ) ;
#1702 = B_SPLINE_CURVE_WITH_KNOTS ( 'NONE', 3,
 ( #88, #6227, #7914, #9349, #2317, #6282, #8585 ),
 .UNSPECIFIED., .F., .F.,
 ( 4, 3, 4 ),
 ( 0.000000000000000000, 0.001000000620912441058, 0.002685482876378604555 ),
 .UNSPECIFIED. ) ;
#1703 = DIRECTION ( 'NONE',  ( 0.8534892481347071680, -0.5211104521293468128, 0.000000000000000000 ) ) ;
#1704 = CARTESIAN_POINT ( 'NONE',  ( 10.23027736495249940, 39.87712907977567767, 8.000000000000001776 ) ) ;
#1705 = ORIENTED_EDGE ( 'NONE', *, *, #8721, .T. ) ;
#1706 = CARTESIAN_POINT ( 'NONE',  ( 42.16671807105564085, 39.80368380017757346, 2.053887300873414201 ) ) ;
#1707 = VERTEX_POINT ( 'NONE', #732 ) ;
#1708 = ORIENTED_EDGE ( 'NONE', *, *, #9844, .F. ) ;
#1709 = AXIS2_PLACEMENT_3D ( 'NONE', #744, #2114, #6943 ) ;
#1710 = CARTESIAN_POINT ( 'NONE',  ( 48.31424461028377948, 21.75215985906044125, 6.437338457059134988 ) ) ;
#1711 = CIRCLE ( 'NONE', #87, 0.6499999999999978018 ) ;
#1712 = B_SPLINE_CURVE_WITH_KNOTS ( 'NONE', 3,
 ( #843, #5446, #3806, #1454, #7710, #6897, #697, #82 ),
 .UNSPECIFIED., .F., .F.,
 ( 4, 2, 2, 4 ),
 ( -8.485755266613284324E-06, 0.0007864633206898797571, 0.001183937858668123941, 0.001581412396646368233 ),
 .UNSPECIFIED. ) ;
#1713 = CARTESIAN_POINT ( 'NONE',  ( 42.25962118666535616, 40.07960159033462588, 8.000000000000000000 ) ) ;
#1714 = DIRECTION ( 'NONE',  ( -1.000000000000000000, 0.000000000000000000, 0.000000000000000000 ) ) ;
#1715 = VERTEX_POINT ( 'NONE', #9239 ) ;
#1716 = CARTESIAN_POINT ( 'NONE',  ( -13.49008862636929429, 48.35569127583016069, 0.000000000000000000 ) ) ;
#1717 = ORIENTED_EDGE ( 'NONE', *, *, #449, .T. ) ;
#1718 = CARTESIAN_POINT ( 'NONE',  ( 38.69866704339627717, 48.07530455851000539, 1.905824131322174993E-18 ) ) ;
#1719 = CARTESIAN_POINT ( 'NONE',  ( 38.92347528982595151, 7.911168740407207522, 0.09235349858092631314 ) ) ;
#1720 = CARTESIAN_POINT ( 'NONE',  ( 41.52328659497663210, 13.63905078488087064, 2.500000000000000444 ) ) ;
#1721 = CARTESIAN_POINT ( 'NONE',  ( 9.702509074224996866, 40.00107280152589340, 7.500000000000001776 ) ) ;
#1722 = CARTESIAN_POINT ( 'NONE',  ( 14.21387907009644458, 51.46154326206174545, 2.594650041917124561 ) ) ;
#1723 = EDGE_LOOP ( 'NONE', ( #2651, #1568 ) ) ;
#1724 = CARTESIAN_POINT ( 'NONE',  ( 41.45913975102898519, 13.49469596140971817, 2.507767462523194713 ) ) ;
#1725 = CARTESIAN_POINT ( 'NONE',  ( 10.85446680767501704, 18.82807569686058358, 6.500000000000000000 ) ) ;
#1726 = ADVANCED_FACE ( 'NONE', ( #1490 ), #6063, .F. ) ;
#1727 = EDGE_CURVE ( 'NONE', #6750, #3124, #3789, .T. ) ;
#1728 = ORIENTED_EDGE ( 'NONE', *, *, #689, .F. ) ;
#1729 = CARTESIAN_POINT ( 'NONE',  ( 45.11098098473677709, 34.96494099359799179, 7.641146762559692718 ) ) ;
#1730 = CARTESIAN_POINT ( 'NONE',  ( 38.34651062430563684, 4.168740750686350971, 3.225151049056192321 ) ) ;
#1731 = CARTESIAN_POINT ( 'NONE',  ( 15.60643868344828888, 3.239240823181628759, 1.000000000000007105 ) ) ;
#1732 = CARTESIAN_POINT ( 'NONE',  ( 44.57923545371900786, 18.89301938091450950, 7.499999999995996980 ) ) ;
#1733 = LINE ( 'NONE', #4090, #3095 ) ;
#1734 = VERTEX_POINT ( 'NONE', #632 ) ;
#1735 = ORIENTED_EDGE ( 'NONE', *, *, #2528, .T. ) ;
#1736 = PLANE ( 'NONE',  #4582 ) ;
#1737 = CARTESIAN_POINT ( 'NONE',  ( 48.49964902676163092, 22.09614687013612055, 3.016838092036282948 ) ) ;
#1738 = DIRECTION ( 'NONE',  ( -1.000000000000000000, 0.000000000000000000, 0.000000000000000000 ) ) ;
#1739 = EDGE_CURVE ( 'NONE', #7806, #9535, #6460, .T. ) ;
#1740 = CARTESIAN_POINT ( 'NONE',  ( 41.09356008562377838, 13.69522506990923816, 2.007118872631356687 ) ) ;
#1741 = VERTEX_POINT ( 'NONE', #3837 ) ;
#1742 = CARTESIAN_POINT ( 'NONE',  ( 14.06267314981729655, 48.08481050665464096, 5.172133610986749730 ) ) ;
#1743 = CARTESIAN_POINT ( 'NONE',  ( 48.29272960085773292, 21.73405945305121278, 6.171102565781159122 ) ) ;
#1744 = CARTESIAN_POINT ( 'NONE',  ( 40.78963246974469570, 11.97803600063736695, 7.610864488407981909 ) ) ;
#1745 = EDGE_LOOP ( 'NONE', ( #6001, #5895, #5781 ) ) ;
#1747 = ORIENTED_EDGE ( 'NONE', *, *, #6010, .F. ) ;
#1746 = AXIS2_PLACEMENT_3D ( 'NONE', #8427, #9251, #1403 ) ;
#1748 = CARTESIAN_POINT ( 'NONE',  ( 9.691817776629880754, 39.98686153331158977, 2.499999999999931166 ) ) ;
#1749 = CARTESIAN_POINT ( 'NONE',  ( 37.93111805151222882, 52.34263501469044400, 1.082262466373322463 ) ) ;
#1750 = CARTESIAN_POINT ( 'NONE',  ( 46.75991137363070749, 31.32807569686055160, 7.055350293284475605 ) ) ;
#1751 = CARTESIAN_POINT ( 'NONE',  ( 9.813081402727808822, 15.00029825043128717, 7.500000000000000000 ) ) ;
#1752 = VERTEX_POINT ( 'NONE', #683 ) ;
#1753 = CARTESIAN_POINT ( 'NONE',  ( 42.35788392518428935, 15.20900970726603951, 7.500000000000000000 ) ) ;
#1754 = DIRECTION ( 'NONE',  ( 0.000000000000000000, 1.000000000000000000, 0.000000000000000000 ) ) ;
#1755 = ORIENTED_EDGE ( 'NONE', *, *, #8622, .F. ) ;
#1756 = CARTESIAN_POINT ( 'NONE',  ( 12.61734493263634249, 47.49943841444179782, 0.5834085155299341130 ) ) ;
#1757 = ADVANCED_FACE ( 'NONE', ( #10096 ), #9188, .F. ) ;
#1758 = CARTESIAN_POINT ( 'NONE',  ( 39.78172804376005445, 46.24856330379775216, 1.019638676733009452 ) ) ;
#1759 = CARTESIAN_POINT ( 'NONE',  ( 41.88971261671037638, 40.71471160452984606, 8.000000000000000000 ) ) ;
#1760 = B_SPLINE_CURVE_WITH_KNOTS ( 'NONE', 3,
 ( #9192, #1294, #1196, #3644 ),
 .UNSPECIFIED., .F., .F.,
 ( 4, 4 ),
 ( 0.000000000000000000, 0.0008209612366357089009 ),
 .UNSPECIFIED. ) ;
#1761 = CARTESIAN_POINT ( 'NONE',  ( -13.49008862636929429, 3.214462972446881395, 1.000000000000007105 ) ) ;
#1762 = CARTESIAN_POINT ( 'NONE',  ( 36.41338406435695418, 51.91691057053954239, 1.929685529453645021 ) ) ;
#1763 = ORIENTED_EDGE ( 'NONE', *, *, #7051, .T. ) ;
#1764 = CARTESIAN_POINT ( 'NONE',  ( 48.29938110084663094, 33.14927904948278581, 6.499683805402620251 ) ) ;
#1765 = CARTESIAN_POINT ( 'NONE',  ( 44.94486659787827421, 35.40955322034805164, 7.605969129631239944 ) ) ;
#1766 = ORIENTED_EDGE ( 'NONE', *, *, #7849, .F. ) ;
#1767 = AXIS2_PLACEMENT_3D ( 'NONE', #2557, #2455, #5588 ) ;
#1768 = CARTESIAN_POINT ( 'NONE',  ( 41.20675816844928363, 12.91168613779379548, 2.430483779490014040 ) ) ;
#1769 = DIRECTION ( 'NONE',  ( -0.9500033581624562906, 0.3122396827439714584, 0.000000000000000000 ) ) ;
#1770 = CARTESIAN_POINT ( 'NONE',  ( 42.22945713821518865, 15.03335075736470827, 2.500000000000000444 ) ) ;
#1771 = CARTESIAN_POINT ( 'NONE',  ( 38.07453064667117104, 51.37354152648899230, 2.358488356989900669 ) ) ;
#1772 = CARTESIAN_POINT ( 'NONE',  ( 36.46743956133011721, 51.89922875788639800, 1.992640269484907689 ) ) ;
#1773 = ORIENTED_EDGE ( 'NONE', *, *, #4200, .T. ) ;
#1774 = CARTESIAN_POINT ( 'NONE',  ( 40.56979747678668957, 43.45450681721315078, 7.710192113607160280 ) ) ;
#1775 = CARTESIAN_POINT ( 'NONE',  ( 16.00991137390270325, 45.47360586472228050, 0.7090026007138486852 ) ) ;
#1776 = EDGE_LOOP ( 'NONE', ( #9460, #7638, #1058, #6383, #70, #9242 ) ) ;
#1777 = DIRECTION ( 'NONE',  ( -0.000000000000000000, -0.000000000000000000, -1.000000000000000000 ) ) ;
#1778 = EDGE_CURVE ( 'NONE', #266, #4041, #2773, .T. ) ;
#1779 = CARTESIAN_POINT ( 'NONE',  ( 38.34150221836446093, 4.152390778346267020, 3.214183947306522793 ) ) ;
#1780 = CARTESIAN_POINT ( 'NONE',  ( 15.53108138296521012, 9.950115132381709415, 7.103134435080057152 ) ) ;
#1781 = DIRECTION ( 'NONE',  ( 1.000000000000000000, 0.000000000000000000, 0.000000000000000000 ) ) ;
#1782 = CARTESIAN_POINT ( 'NONE',  ( 12.19155422476785589, 43.67377609527932947, 7.966411611021894323 ) ) ;
#1783 = CARTESIAN_POINT ( 'NONE',  ( 36.00991137390269614, 51.70407734673669609, 0.3528809025130907884 ) ) ;
#1784 = VERTEX_POINT ( 'NONE', #8513 ) ;
#1785 = EDGE_CURVE ( 'NONE', #4654, #1752, #3113, .T. ) ;
#1786 = ORIENTED_EDGE ( 'NONE', *, *, #3513, .T. ) ;
#1787 = EDGE_CURVE ( 'NONE', #5448, #664, #659, .T. ) ;
#1788 = CARTESIAN_POINT ( 'NONE',  ( 37.41229244190930103, 10.54177017099643088, 7.500000000000000000 ) ) ;
#1789 = FACE_OUTER_BOUND ( 'NONE', #10039, .T. ) ;
#1790 = VECTOR ( 'NONE', #5667, 1000.000000000000000 ) ;
#1791 = CARTESIAN_POINT ( 'NONE',  ( 10.85446680767494776, 36.32807569686045923, 3.000000000000000000 ) ) ;
#1792 = CIRCLE ( 'NONE', #8837, 1.000000000000000222 ) ;
#1793 = CARTESIAN_POINT ( 'NONE',  ( -13.49008862636929429, 10.78171295196041690, 7.660946871235453592 ) ) ;
#1794 = CARTESIAN_POINT ( 'NONE',  ( 14.89086433904563833, 50.82850186595587871, 3.331742588838948027 ) ) ;
#1795 = CARTESIAN_POINT ( 'NONE',  ( 44.94393106424463724, 18.98193902482142192, 6.833333333331824022 ) ) ;
#1796 = CARTESIAN_POINT ( 'NONE',  ( 40.90674194662558705, 12.23563457160570067, 8.000000000000159872 ) ) ;
#1797 = ORIENTED_EDGE ( 'NONE', *, *, #919, .T. ) ;
#1798 = VERTEX_POINT ( 'NONE', #4707 ) ;
#1799 =( BOUNDED_CURVE ( )  B_SPLINE_CURVE ( 3, ( #5688, #2755, #4341, #3425 ),
 .UNSPECIFIED., .F., .T. ) 
 B_SPLINE_CURVE_WITH_KNOTS ( ( 4, 4 ),
 ( 3.141592653589786011, 4.712388980384695891 ),
 .UNSPECIFIED. ) 
 CURVE ( )  GEOMETRIC_REPRESENTATION_ITEM ( )  RATIONAL_B_SPLINE_CURVE ( ( 1.000000000000000000, 0.8047378541243618288, 0.8047378541243618288, 1.000000000000000000 ) ) 
 REPRESENTATION_ITEM ( '' )  );
#1800 = EDGE_CURVE ( 'NONE', #4208, #1715, #5594, .T. ) ;
#1801 = DIRECTION ( 'NONE',  ( -0.000000000000000000, -0.000000000000000000, 1.000000000000000000 ) ) ;
#1802 = VECTOR ( 'NONE', #4038, 1000.000000000000000 ) ;
#1803 = CARTESIAN_POINT ( 'NONE',  ( 38.31260206626793519, 51.09806318807652303, 3.150928432961730419 ) ) ;
#1804 = CARTESIAN_POINT ( 'NONE',  ( 39.13427885866266820, 44.37443844176073782, 7.660946871235453592 ) ) ;
#1805 = CARTESIAN_POINT ( 'NONE',  ( 10.06108987583575320, 15.51013911681042146, 8.000000000000000000 ) ) ;
#1806 = ORIENTED_EDGE ( 'NONE', *, *, #9091, .F. ) ;
#1807 = SPHERICAL_SURFACE ( 'NONE', #420, 0.5000000000000000000 ) ;
#1808 = CARTESIAN_POINT ( 'NONE',  ( 42.32099631002324003, 39.99574489021203760, 2.500000000000012434 ) ) ;
#1809 = ORIENTED_EDGE ( 'NONE', *, *, #3002, .F. ) ;
#1810 = CARTESIAN_POINT ( 'NONE',  ( 41.09356010224515643, 41.46092630575288496, 2.007118865844238265 ) ) ;
#1811 = EDGE_CURVE ( 'NONE', #2472, #4029, #4811, .T. ) ;
#1812 = CARTESIAN_POINT ( 'NONE',  ( 46.02305306565396137, 19.82459866764062539, 2.500000000000000444 ) ) ;
#1813 = CARTESIAN_POINT ( 'NONE',  ( 10.16341605726324460, 39.78253701704070266, 2.000000000000000000 ) ) ;
#1814 = CARTESIAN_POINT ( 'NONE',  ( 37.00991137390271035, 50.34168842127429144, 1.399999999999999911 ) ) ;
#1815 = CARTESIAN_POINT ( 'NONE',  ( 38.92278337599761784, 47.24751843421240949, 0.09147074623557942263 ) ) ;
#1816 = ORIENTED_EDGE ( 'NONE', *, *, #7469, .T. ) ;
#1817 = CARTESIAN_POINT ( 'NONE',  ( 9.846159557548011421, 40.20568074871486175, 2.500000000000000000 ) ) ;
#1818 = DIRECTION ( 'NONE',  ( 1.000000000000000000, -0.000000000000000000, -0.000000000000000000 ) ) ;
#1819 = ADVANCED_FACE ( 'NONE', ( #3273 ), #8718, .F. ) ;
#1820 = CARTESIAN_POINT ( 'NONE',  ( 41.12469618282860750, 12.71487299145997696, 2.361027661370606712 ) ) ;
#1821 = CARTESIAN_POINT ( 'NONE',  ( 26.00991137390269969, 27.57807569686057292, 7.500000000000000000 ) ) ;
#1822 = CARTESIAN_POINT ( 'NONE',  ( 41.67660630611734973, 13.98053335374494388, 2.000000000000083045 ) ) ;
#1823 = DIRECTION ( 'NONE',  ( -1.000000000000000000, 0.000000000000000000, 0.000000000000000000 ) ) ;
#1824 = CARTESIAN_POINT ( 'NONE',  ( 37.02140497173147793, 51.71802401179042619, 2.291400807453666477 ) ) ;
#1825 = VERTEX_POINT ( 'NONE', #3218 ) ;
#1826 = CARTESIAN_POINT ( 'NONE',  ( 40.59436362670501808, 11.38785068810978096, 1.302650943631628699 ) ) ;
#1827 = CARTESIAN_POINT ( 'NONE',  ( 15.76188613026960361, 3.214462972446881395, 0.8690767308063679364 ) ) ;
#1828 = ORIENTED_EDGE ( 'NONE', *, *, #390, .T. ) ;
#1829 = CARTESIAN_POINT ( 'NONE',  ( 10.06150834223673129, 15.50958282481672690, 8.000000000000000000 ) ) ;
#1830 = CARTESIAN_POINT ( 'NONE',  ( 40.66320477689051671, 13.07167707897554365, 1.888822129096485281 ) ) ;
#1831 = DIRECTION ( 'NONE',  ( 0.000000000000000000, -1.000000000000000000, 0.000000000000000000 ) ) ;
#1832 = CARTESIAN_POINT ( 'NONE',  ( 10.06150834223673129, 15.50958282481672690, 8.000000000000000000 ) ) ;
#1833 = VECTOR ( 'NONE', #1966, 1000.000000000000000 ) ;
#1834 = FACE_OUTER_BOUND ( 'NONE', #8523, .T. ) ;
#1835 = DIRECTION ( 'NONE',  ( -1.000000000000000000, 0.000000000000000000, 0.000000000000000000 ) ) ;
#1836 = CARTESIAN_POINT ( 'NONE',  ( 9.948871709997293422, 40.37170016063610944, 8.000000000000000000 ) ) ;
#1837 = EDGE_LOOP ( 'NONE', ( #9402, #4794, #4729, #1773, #901 ) ) ;
#1838 = ORIENTED_EDGE ( 'NONE', *, *, #8136, .F. ) ;
#1839 = CARTESIAN_POINT ( 'NONE',  ( 45.09443820876727216, 19.17799190365050066, 6.861907997974394213 ) ) ;
#1840 = CARTESIAN_POINT ( 'NONE',  ( 11.87835687743401891, 11.51949292716921569, 7.972752074943744383 ) ) ;
#1841 = CARTESIAN_POINT ( 'NONE',  ( 42.10182903108626817, 40.31803388549096923, 2.000000000000000000 ) ) ;
#1842 = AXIS2_PLACEMENT_3D ( 'NONE', #9671, #8181, #6504 ) ;
#1843 = CARTESIAN_POINT ( 'NONE',  ( 11.00316078719649582, 41.42694031209926209, 2.500000000000000444 ) ) ;
#1844 = CARTESIAN_POINT ( 'NONE',  ( 14.80609548826660316, 50.55062421064459244, 3.518135107209024781 ) ) ;
#1845 = VECTOR ( 'NONE', #1592, 1000.000000000000000 ) ;
#1846 = DIRECTION ( 'NONE',  ( -0.9504442985305053826, -0.3108948944432113892, 0.000000000000000000 ) ) ;
#1847 = ORIENTED_EDGE ( 'NONE', *, *, #168, .F. ) ;
#1848 = CARTESIAN_POINT ( 'NONE',  ( 10.28563450159892234, 14.10708860012279509, 2.499999999999998668 ) ) ;
#1849 = EDGE_CURVE ( 'NONE', #4784, #4328, #3170, .T. ) ;
#1850 = CARTESIAN_POINT ( 'NONE',  ( 38.52257331401028750, 50.41129257979906697, 2.376558233139815179 ) ) ;
#1851 = AXIS2_PLACEMENT_3D ( 'NONE', #9925, #6182, #2988 ) ;
#1852 = CARTESIAN_POINT ( 'NONE',  ( -13.49008862636929429, 41.42694031209981631, -4.336808689942017736E-16 ) ) ;
#1853 = CARTESIAN_POINT ( 'NONE',  ( 10.44866926901253201, 14.91490589869917649, 8.000000000000000000 ) ) ;
#1854 = VECTOR ( 'NONE', #5287, 1000.000000000000000 ) ;
#1855 = AXIS2_PLACEMENT_3D ( 'NONE', #6749, #6029, #5299 ) ;
#1856 = VERTEX_POINT ( 'NONE', #166 ) ;
#1857 = EDGE_CURVE ( 'NONE', #3136, #1674, #8103, .T. ) ;
#1858 = EDGE_CURVE ( 'NONE', #787, #1825, #6473, .T. ) ;
#1859 = LINE ( 'NONE', #9853, #2422 ) ;
#1860 = CARTESIAN_POINT ( 'NONE',  ( 13.09645056262980312, 7.910790885335639011, 0.09222196022485749933 ) ) ;
#1861 =( BOUNDED_SURFACE ( )  B_SPLINE_SURFACE ( 3, 2, ( 
 ( #2062, #3751, #10011 ),
 ( #6739, #593, #1401 ),
 ( #3702, #8472, #1350 ),
 ( #7455, #2162, #6841 ),
 ( #9962, #5289, #2930 ),
 ( #6072, #9913, #4366 ),
 ( #3554, #6690, #5193 ),
 ( #9196, #2015, #9816 ),
 ( #488, #8424, #9861 ),
 ( #2829, #8274, #7501 ) ),
 .UNSPECIFIED., .F., .F., .T. ) 
 B_SPLINE_SURFACE_WITH_KNOTS ( ( 4, 2, 2, 2, 4 ),
 ( 3, 3 ),
 ( -2.710505431213761085E-20, 0.0001832446583190925943, 0.0003664893166381851886, 0.0007329786332763703772, 0.001465957266552740754 ),
 ( 0.000000000000000000, 1.000000000000000000 ),
 .UNSPECIFIED. ) 
 GEOMETRIC_REPRESENTATION_ITEM ( )  RATIONAL_B_SPLINE_SURFACE ( (
 ( 1.000000000000000000, 0.8788767125962156923, 1.000000000000000000),
 ( 1.000000000000000000, 0.8667171859349107610, 1.000000000000000000),
 ( 1.000000000000000000, 0.8565125165522532447, 1.000000000000000000),
 ( 1.000000000000000000, 0.8379245573959747118, 1.000000000000000000),
 ( 1.000000000000000000, 0.8295643768961497022, 1.000000000000000000),
 ( 1.000000000000000000, 0.8059851379884259703, 1.000000000000000000),
 ( 1.000000000000000000, 0.7923396358806794604, 1.000000000000000000),
 ( 1.000000000000000000, 0.7538540832980645812, 1.000000000000000000),
 ( 1.000000000000000000, 0.7313548007522671091, 1.000000000000000000),
 ( 1.000000000000000000, 0.7071067811885484167, 1.000000000000000000) ) ) 
 REPRESENTATION_ITEM ( '' )  SURFACE ( )  );
#1862 = VECTOR ( 'NONE', #3598, 1000.000000000000000 ) ;
#1863 = ORIENTED_EDGE ( 'NONE', *, *, #9008, .F. ) ;
#1864 = CARTESIAN_POINT ( 'NONE',  ( 42.06283620067804208, 39.72537143283464900, 2.000000520137917626 ) ) ;
#1865 = AXIS2_PLACEMENT_3D ( 'NONE', #2785, #4574, #646 ) ;
#1866 = CARTESIAN_POINT ( 'NONE',  ( 36.41338406440370079, 3.239240823196870789, 1.719710159638236036 ) ) ;
#1867 = CARTESIAN_POINT ( 'NONE',  ( 38.58370916533127826, 4.942561066511401258, 0.4999999999980611065 ) ) ;
#1868 = DIRECTION ( 'NONE',  ( 0.000000000000000000, 0.000000000000000000, -1.000000000000000000 ) ) ;
#1869 = DIRECTION ( 'NONE',  ( -0.000000000000000000, -0.000000000000000000, -1.000000000000000000 ) ) ;
#1870 = ORIENTED_EDGE ( 'NONE', *, *, #5109, .T. ) ;
#1871 = CIRCLE ( 'NONE', #7577, 0.6499999999999978018 ) ;
#1872 = CARTESIAN_POINT ( 'NONE',  ( 48.36446528608988160, 33.33722921285949781, 6.136318652517603667 ) ) ;
#1873 = EDGE_CURVE ( 'NONE', #9504, #2313, #8875, .T. ) ;
#1874 = CARTESIAN_POINT ( 'NONE',  ( 42.06862718889196628, 14.83282496563080954, 0.5000000000000004441 ) ) ;
#1875 = CARTESIAN_POINT ( 'NONE',  ( 41.56099808029763665, 13.72386851529667062, 2.500478352061851872 ) ) ;
#1876 = FACE_OUTER_BOUND ( 'NONE', #4235, .T. ) ;
#1877 = CARTESIAN_POINT ( 'NONE',  ( 41.45949566990204715, 14.70067499112444764, 2.000000000000000444 ) ) ;
#1878 = DIRECTION ( 'NONE',  ( 0.7485763382795136422, -0.6630486149356134007, 0.000000000000000000 ) ) ;
#1879 = ORIENTED_EDGE ( 'NONE', *, *, #4449, .F. ) ;
#1880 = CARTESIAN_POINT ( 'NONE',  ( 48.29100437939682422, 33.42354335573913460, 2.648171999299287815 ) ) ;
#1881 = ORIENTED_EDGE ( 'NONE', *, *, #3088, .F. ) ;
#1882 = CARTESIAN_POINT ( 'NONE',  ( 38.32131113223428542, 4.086501082640005222, 1.936151262344386392 ) ) ;
#1883 = DIRECTION ( 'NONE',  ( -1.000000000000000000, 0.000000000000000000, -0.000000000000000000 ) ) ;
#1884 = AXIS2_PLACEMENT_3D ( 'NONE', #5738, #3892, #209 ) ;
#1885 = VERTEX_POINT ( 'NONE', #2400 ) ;
#1886 = DIRECTION ( 'NONE',  ( 0.7652177220739277974, 0.6437715727057145010, -0.000000000000000000 ) ) ;
#1887 = PLANE ( 'NONE',  #2248 ) ;
#1888 = DIRECTION ( 'NONE',  ( 0.000000000000000000, 0.000000000000000000, 1.000000000000000000 ) ) ;
#1889 = CARTESIAN_POINT ( 'NONE',  ( 16.00991137390270325, 50.34168842127429144, 1.399999999999999911 ) ) ;
#1890 = CARTESIAN_POINT ( 'NONE',  ( 10.82827956303689731, 12.87519532190001570, 1.820423186609215982 ) ) ;
#1891 = CARTESIAN_POINT ( 'NONE',  ( 12.47238260400056298, 8.134839032827970939, 0.7501502095327312603 ) ) ;
#1892 = CARTESIAN_POINT ( 'NONE',  ( 10.13087263194943155, 40.71627057495138047, 8.000000000000122569 ) ) ;
#1893 = ORIENTED_EDGE ( 'NONE', *, *, #5302, .F. ) ;
#1894 = DIRECTION ( 'NONE',  ( 0.000000000000000000, 0.3287670013228723986, -0.9444110645482540756 ) ) ;
#1895 = EDGE_CURVE ( 'NONE', #2043, #1324, #8666, .T. ) ;
#1896 = CARTESIAN_POINT ( 'NONE',  ( 12.53582039034714946, 11.10632575384585863, 7.847685049494923959 ) ) ;
#1897 = LINE ( 'NONE', #551, #1316 ) ;
#1898 = CARTESIAN_POINT ( 'NONE',  ( 12.62312723636962097, 47.51767691413655115, 4.313536856478616066 ) ) ;
#1899 = CARTESIAN_POINT ( 'NONE',  ( 13.69851161557112462, 51.06965031108115483, 1.936144814141156356 ) ) ;
#1900 = DIRECTION ( 'NONE',  ( 0.000000000000000000, 0.8090169943749420112, 0.5877852522924804646 ) ) ;
#1901 = ORIENTED_EDGE ( 'NONE', *, *, #5810, .F. ) ;
#1902 = ORIENTED_EDGE ( 'NONE', *, *, #240, .T. ) ;
#1903 = CARTESIAN_POINT ( 'NONE',  ( 42.00550972678298933, 27.95335337183384183, 3.990000000000000657 ) ) ;
#1904 = CARTESIAN_POINT ( 'NONE',  ( 39.12089538098391728, 48.43504881482895286, 3.699398261138060029 ) ) ;
#1905 = CARTESIAN_POINT ( 'NONE',  ( 45.11098098473678419, 34.96494099359799179, 7.641146762559693606 ) ) ;
#1906 = CARTESIAN_POINT ( 'NONE',  ( 10.57758154473305368, 14.66479440087496755, 8.000000000000000000 ) ) ;
#1907 = AXIS2_PLACEMENT_3D ( 'NONE', #6883, #734, #7791 ) ;
#1908 = LINE ( 'NONE', #2772, #7347 ) ;
#1909 = EDGE_CURVE ( 'NONE', #5526, #8276, #4151, .T. ) ;
#1910 = PLANE ( 'NONE',  #2342 ) ;
#1911 = ORIENTED_EDGE ( 'NONE', *, *, #788, .T. ) ;
#1912 = ADVANCED_FACE ( 'NONE', ( #5696 ), #1687, .F. ) ;
#1913 = CARTESIAN_POINT ( 'NONE',  ( 37.37761389208311158, 3.554645030428025709, 2.460321128044200556 ) ) ;
#1914 = EDGE_CURVE ( 'NONE', #4122, #7457, #3947, .T. ) ;
#1915 = CARTESIAN_POINT ( 'NONE',  ( 10.72763869350827548, 40.81319306732758179, 2.000000000000000444 ) ) ;
#1916 = LINE ( 'NONE', #6641, #1833 ) ;
#1917 = CARTESIAN_POINT ( 'NONE',  ( 40.95063012084261800, 12.28837702005765919, 7.500002138985899514 ) ) ;
#1918 = ORIENTED_EDGE ( 'NONE', *, *, #6562, .F. ) ;
#1919 = DIRECTION ( 'NONE',  ( 0.000000000000000000, 0.000000000000000000, -1.000000000000000000 ) ) ;
#1920 = CARTESIAN_POINT ( 'NONE',  ( 38.62262311769561762, 48.35569127583015359, 6.505213034913026604E-16 ) ) ;
#1921 = DIRECTION ( 'NONE',  ( 0.000000000000000000, 0.000000000000000000, 1.000000000000000000 ) ) ;
#1922 = LINE ( 'NONE', #351, #7917 ) ;
#1923 = DIRECTION ( 'NONE',  ( -1.000000000000000000, 0.000000000000000000, 0.000000000000000000 ) ) ;
#1924 = ORIENTED_EDGE ( 'NONE', *, *, #2659, .T. ) ;
#1925 = DIRECTION ( 'NONE',  ( 1.000000000000000000, 0.000000000000000000, 0.000000000000000000 ) ) ;
#1926 = ORIENTED_EDGE ( 'NONE', *, *, #9958, .T. ) ;
#1927 = CARTESIAN_POINT ( 'NONE',  ( 40.89862852505076063, 42.99907751741828577, 7.545573191190226403 ) ) ;
#1928 = EDGE_CURVE ( 'NONE', #2813, #3056, #8288, .T. ) ;
#1929 = CARTESIAN_POINT ( 'NONE',  ( 16.00991137390270325, 9.682545528998879547, -68.00000000000000000 ) ) ;
#1930 = CIRCLE ( 'NONE', #6194, 16.49999999999999645 ) ;
#1931 = CARTESIAN_POINT ( 'NONE',  ( 12.95087456008381999, 46.71185626921564449, 0.2779446772587859660 ) ) ;
#1932 = CARTESIAN_POINT ( 'NONE',  ( 10.66770132642283109, 41.90479701323432238, 2.499999996079747433 ) ) ;
#1933 = CARTESIAN_POINT ( 'NONE',  ( 13.65525197812911351, 5.944126041999248322, 0.000000000000000000 ) ) ;
#1934 = CARTESIAN_POINT ( 'NONE',  ( 47.69128551872839239, 21.39841704436644676, 2.127163104646266678 ) ) ;
#1935 = AXIS2_PLACEMENT_3D ( 'NONE', #2844, #6608, #505 ) ;
#1936 = DIRECTION ( 'NONE',  ( -1.000000000000000000, 0.000000000000000000, -1.474514954580284768E-14 ) ) ;
#1937 = CARTESIAN_POINT ( 'NONE',  ( 43.50991137363070749, 28.85405190938865161, 3.712949016875166208 ) ) ;
#1938 = CARTESIAN_POINT ( 'NONE',  ( 48.31227372230998895, 33.14379632392942909, 6.488353582844355927 ) ) ;
#1939 = ORIENTED_EDGE ( 'NONE', *, *, #8622, .T. ) ;
#1940 = CARTESIAN_POINT ( 'NONE',  ( 44.94393106424288220, 18.98193902481913398, 6.833333333331491843 ) ) ;
#1941 = EDGE_CURVE ( 'NONE', #1333, #1272, #9765, .T. ) ;
#1942 = CARTESIAN_POINT ( 'NONE',  ( 12.28283669290657087, 43.77388773467932737, 7.935346024146284982 ) ) ;
#1943 = CARTESIAN_POINT ( 'NONE',  ( 11.61768248143603799, 42.89407082193738319, 8.000000000000000000 ) ) ;
#1944 = CIRCLE ( 'NONE', #9249, 0.4999999999999998335 ) ;
#1945 = CARTESIAN_POINT ( 'NONE',  ( 11.21249260108387880, 43.22996474308622794, 7.248045686173656854 ) ) ;
#1946 = CARTESIAN_POINT ( 'NONE',  ( 13.67832058012011842, 51.00376078032768135, 1.980219686471186735 ) ) ;
#1947 = ADVANCED_FACE ( 'NONE', ( #119 ), #7993, .F. ) ;
#1948 = CARTESIAN_POINT ( 'NONE',  ( 45.30446090581042995, 20.73096619649571437, 7.666666666951388542 ) ) ;
#1949 = ORIENTED_EDGE ( 'NONE', *, *, #6243, .T. ) ;
#1950 = B_SPLINE_CURVE_WITH_KNOTS ( 'NONE', 3,
 ( #3293, #7248, #8737, #3238, #8891, #948, #187, #6538 ),
 .UNSPECIFIED., .F., .F.,
 ( 4, 2, 2, 4 ),
 ( 0.000000000000000000, 0.0002384318926264940633, 0.0003576478389397407562, 0.0004768637852529874761 ),
 .UNSPECIFIED. ) ;
#1951 = ORIENTED_EDGE ( 'NONE', *, *, #6540, .T. ) ;
#1952 = DIRECTION ( 'NONE',  ( -1.000000000000000000, 0.000000000000000000, 0.000000000000000000 ) ) ;
#1953 = AXIS2_PLACEMENT_3D ( 'NONE', #8569, #7695, #3793 ) ;
#1954 = DIRECTION ( 'NONE',  ( -0.9504442985305052716, 0.3108948944432113892, -0.000000000000000000 ) ) ;
#1955 = CARTESIAN_POINT ( 'NONE',  ( 11.53370011840747011, 42.68155809396085232, 8.000000000000000000 ) ) ;
#1956 = LINE ( 'NONE', #6677, #2319 ) ;
#1957 = CARTESIAN_POINT ( 'NONE',  ( 9.741540675557601503, 15.10270655814344920, 7.500000000000000000 ) ) ;
#1958 = CARTESIAN_POINT ( 'NONE',  ( 11.55908288287655061, 11.60612410327429700, 7.743090174227351241 ) ) ;
#1959 = VECTOR ( 'NONE', #1031, 1000.000000000000000 ) ;
#1960 = CARTESIAN_POINT ( 'NONE',  ( 12.95087392402217219, 8.444295124504952454, 0.2779446772586617875 ) ) ;
#1961 = TOROIDAL_SURFACE ( 'NONE', #502, 12.50000000000000355, 0.5000000000000000000 ) ;
#1962 = ORIENTED_EDGE ( 'NONE', *, *, #5707, .T. ) ;
#1963 = DIRECTION ( 'NONE',  ( -1.000000000000000000, 0.000000000000000000, 0.000000000000000000 ) ) ;
#1964 = CARTESIAN_POINT ( 'NONE',  ( 40.53124283263677086, 43.94533355815192266, 1.828893393684809299 ) ) ;
#1965 = CARTESIAN_POINT ( 'NONE',  ( 14.06267267652014041, 7.071341035874969094, 5.172133710803270112 ) ) ;
#1966 = DIRECTION ( 'NONE',  ( -0.000000000000000000, -0.000000000000000000, -1.000000000000000000 ) ) ;
#1967 = CARTESIAN_POINT ( 'NONE',  ( 40.40536419808142199, 10.82902129992797846, 6.486374658678798255 ) ) ;
#1968 = ORIENTED_EDGE ( 'NONE', *, *, #5614, .F. ) ;
#1969 = LINE ( 'NONE', #5103, #6667 ) ;
#1970 = EDGE_CURVE ( 'NONE', #6947, #2472, #470, .T. ) ;
#1971 = AXIS2_PLACEMENT_3D ( 'NONE', #9792, #419, #8870 ) ;
#1972 = CARTESIAN_POINT ( 'NONE',  ( 41.29211885711707453, 13.11150612505045920, 2.473017087962867677 ) ) ;
#1973 = DIRECTION ( 'NONE',  ( 1.000000000000000000, 0.000000000000000000, -0.000000000000000000 ) ) ;
#1974 = AXIS2_PLACEMENT_3D ( 'NONE', #6391, #5612, #8742 ) ;
#1975 = CARTESIAN_POINT ( 'NONE',  ( 36.18218765000139570, 51.94168842127429997, 1.603030066868792458 ) ) ;
#1976 = ORIENTED_EDGE ( 'NONE', *, *, #3258, .F. ) ;
#1977 = CARTESIAN_POINT ( 'NONE',  ( 48.40902510427579131, 33.18183093056381949, 2.790187283804327567 ) ) ;
#1978 = ORIENTED_EDGE ( 'NONE', *, *, #4853, .T. ) ;
#1979 = CARTESIAN_POINT ( 'NONE',  ( 40.53499741860797911, 11.22133210522263447, 1.832612069233626295 ) ) ;
#1980 = EDGE_CURVE ( 'NONE', #2765, #7587, #6356, .T. ) ;
#1981 = CARTESIAN_POINT ( 'NONE',  ( 11.11878302317409961, 12.30830863994460955, 7.760995340863914294 ) ) ;
#1982 = CARTESIAN_POINT ( 'NONE',  ( 36.00991137390269614, 4.814462972446877487, 1.400000000000005684 ) ) ;
#1983 = FACE_OUTER_BOUND ( 'NONE', #9663, .T. ) ;
#1984 = EDGE_CURVE ( 'NONE', #1707, #6842, #1119, .T. ) ;
#1985 = CARTESIAN_POINT ( 'NONE',  ( 47.85375235780781367, 21.62507027309693797, 2.208333333333320603 ) ) ;
#1986 = CARTESIAN_POINT ( 'NONE',  ( 47.37766372396172443, 21.44448075938369414, 2.020710435792890891 ) ) ;
#1987 = EDGE_CURVE ( 'NONE', #9945, #10103, #5971, .T. ) ;
#1988 = DIRECTION ( 'NONE',  ( -0.9504442985305052716, -0.3108948944432113892, 0.000000000000000000 ) ) ;
#1989 = FACE_OUTER_BOUND ( 'NONE', #8529, .T. ) ;
#1990 = CARTESIAN_POINT ( 'NONE',  ( 10.14809173292359823, 39.76234004423593404, 8.000000000000000000 ) ) ;
#1991 = EDGE_LOOP ( 'NONE', ( #81, #8098, #1105, #1213 ) ) ;
#1992 = VERTEX_POINT ( 'NONE', #2809 ) ;
#1993 = CYLINDRICAL_SURFACE ( 'NONE', #9666, 5.000000000000000888 ) ;
#1994 = CARTESIAN_POINT ( 'NONE',  ( 37.84326414872457178, 50.92312017234760191, 0.5000000000000004441 ) ) ;
#1995 = CARTESIAN_POINT ( 'NONE',  ( 11.61068765843405082, 44.31624693002423498, 6.493806949295806596 ) ) ;
#1996 = CARTESIAN_POINT ( 'NONE',  ( 12.89892761679691269, 48.43504878308110051, 3.699398128493985194 ) ) ;
#1997 = EDGE_CURVE ( 'NONE', #5328, #6044, #2238, .T. ) ;
#1998 = CARTESIAN_POINT ( 'NONE',  ( 36.00991137390269614, 3.452074046984450639, 8.000000000000000000 ) ) ;
#1999 = EDGE_LOOP ( 'NONE', ( #3479, #4566, #955, #1485 ) ) ;
#2000 = ORIENTED_EDGE ( 'NONE', *, *, #9967, .F. ) ;
#2001 = DIRECTION ( 'NONE',  ( -1.000000000000000000, 0.000000000000000000, 0.000000000000000000 ) ) ;
#2002 = AXIS2_PLACEMENT_3D ( 'NONE', #4356, #5860, #5183 ) ;
#2003 = CARTESIAN_POINT ( 'NONE',  ( 10.66764779660079121, 13.25147247698930464, 2.500000000000015543 ) ) ;
#2004 = DIRECTION ( 'NONE',  ( -1.000000000000000000, 0.000000000000000000, 0.000000000000000000 ) ) ;
#2005 = FACE_OUTER_BOUND ( 'NONE', #5649, .T. ) ;
#2006 = CARTESIAN_POINT ( 'NONE',  ( 11.50446680767501739, 18.82807569686058358, 3.000000000000000000 ) ) ;
#2007 = DIRECTION ( 'NONE',  ( -0.000000000000000000, -0.000000000000000000, -1.000000000000000000 ) ) ;
#2008 = EDGE_LOOP ( 'NONE', ( #193, #5593, #5606, #7176 ) ) ;
#2009 = AXIS2_PLACEMENT_3D ( 'NONE', #4385, #5313, #559 ) ;
#2010 = AXIS2_PLACEMENT_3D ( 'NONE', #1216, #7417, #1069 ) ;
#2011 = CARTESIAN_POINT ( 'NONE',  ( 14.79761489374191363, 3.635019975639758982, 2.774336441975455259 ) ) ;
#2012 = CIRCLE ( 'NONE', #7262, 20.49999999981464782 ) ;
#2013 = CARTESIAN_POINT ( 'NONE',  ( 26.00991137390270680, 27.57807569686059068, 8.231562253903422999 ) ) ;
#2014 = EDGE_CURVE ( 'NONE', #452, #2508, #6000, .T. ) ;
#2015 = CARTESIAN_POINT ( 'NONE',  ( 47.52323171305548755, 21.08668701101962384, 6.917266838152315245 ) ) ;
#2016 = CARTESIAN_POINT ( 'NONE',  ( 40.82228702237026141, 11.96476485411615620, 7.274870907467605008 ) ) ;
#2017 = ORIENTED_EDGE ( 'NONE', *, *, #3065, .T. ) ;
#2018 = CIRCLE ( 'NONE', #9553, 4.999999999999929834 ) ;
#2019 = FACE_OUTER_BOUND ( 'NONE', #1295, .T. ) ;
#2020 = CARTESIAN_POINT ( 'NONE',  ( 37.84326414872455047, 4.233031221373542152, 0.5000000000000004441 ) ) ;
#2021 = DIRECTION ( 'NONE',  ( -1.000000000000000000, 0.000000000000000000, 0.000000000000000000 ) ) ;
#2022 = CARTESIAN_POINT ( 'NONE',  ( 26.00991137390269969, 27.57807569686057292, 7.500000000000000000 ) ) ;
#2023 = EDGE_LOOP ( 'NONE', ( #9382, #2857, #6663, #3752, #3623, #9409, #8982 ) ) ;
#2024 = DIRECTION ( 'NONE',  ( 0.000000000000000000, 0.000000000000000000, 1.000000000000000000 ) ) ;
#2025 = VERTEX_POINT ( 'NONE', #3629 ) ;
#2026 = CARTESIAN_POINT ( 'NONE',  ( 36.04465277499465259, 3.313427913347967380, 0.5515030406689152009 ) ) ;
#2027 = CARTESIAN_POINT ( 'NONE',  ( 15.03121309254042792, 3.692476291929088994, 0.1077731181446986708 ) ) ;
#2028 = CYLINDRICAL_SURFACE ( 'NONE', #9470, 0.6999999999999992895 ) ;
#2029 = CARTESIAN_POINT ( 'NONE',  ( 14.60842700515399706, 51.43858570850283485, 2.844642300249387468 ) ) ;
#2030 = CARTESIAN_POINT ( 'NONE',  ( 13.39719964095686677, 6.800460117891003797, 3.556183125752454544E-14 ) ) ;
#2031 = CARTESIAN_POINT ( 'NONE',  ( 40.35374256934547077, 43.45525478908879080, 7.999999999999997335 ) ) ;
#2032 = ADVANCED_FACE ( 'NONE', ( #2858 ), #7433, .T. ) ;
#2033 = CARTESIAN_POINT ( 'NONE',  ( 39.06894885169075593, 46.71185626921564449, 0.2779446772587859660 ) ) ;
#2034 = DIRECTION ( 'NONE',  ( -1.000000000000000000, 0.000000000000000000, 0.000000000000000000 ) ) ;
#2035 = CARTESIAN_POINT ( 'NONE',  ( 15.91588765620132584, 51.90143466640624581, 1.925663393471680473 ) ) ;
#2036 = ORIENTED_EDGE ( 'NONE', *, *, #6832, .F. ) ;
#2037 = ORIENTED_EDGE ( 'NONE', *, *, #8499, .F. ) ;
#2038 = CARTESIAN_POINT ( 'NONE',  ( 44.94486659787629179, 19.74659817336784329, 7.605969129630578252 ) ) ;
#2039 = EDGE_CURVE ( 'NONE', #687, #6898, #4, .T. ) ;
#2040 = B_SPLINE_CURVE_WITH_KNOTS ( 'NONE', 3,
 ( #9329, #1388, #3883, #5374, #8508, #6975, #727, #4555, #774, #4505 ),
 .UNSPECIFIED., .F., .F.,
 ( 4, 2, 2, 2, 4 ),
 ( 0.000000000000000000, 0.0004216501831046564675, 0.0008433003662093129351, 0.001686600732418621100, 0.003373201464837233092 ),
 .UNSPECIFIED. ) ;
#2041 = EDGE_CURVE ( 'NONE', #693, #7524, #6120, .T. ) ;
#2042 = CARTESIAN_POINT ( 'NONE',  ( 11.77254753005157184, 43.54839739417186451, 7.989412237608866540 ) ) ;
#2043 = VERTEX_POINT ( 'NONE', #2337 ) ;
#2044 = CARTESIAN_POINT ( 'NONE',  ( 11.43277943100916971, 43.81200531113328367, 6.841860312413507117 ) ) ;
#2045 = CARTESIAN_POINT ( 'NONE',  ( 41.69822304562887183, 41.12713579655311236, 7.500000000000000000 ) ) ;
#2046 = CARTESIAN_POINT ( 'NONE',  ( 41.84180246431905914, 40.60216172871408702, 2.204001931351558863 ) ) ;
#2047 = ORIENTED_EDGE ( 'NONE', *, *, #3020, .F. ) ;
#2048 = ORIENTED_EDGE ( 'NONE', *, *, #2175, .T. ) ;
#2049 = CARTESIAN_POINT ( 'NONE',  ( 48.54318645688867662, 22.23298974341040335, 6.000000000001329603 ) ) ;
#2050 = ADVANCED_FACE ( 'NONE', ( #1431 ), #6778, .T. ) ;
#2051 = CARTESIAN_POINT ( 'NONE',  ( 11.06919438412743339, 42.86777453929916248, 7.500002139116470623 ) ) ;
#2052 = DIRECTION ( 'NONE',  ( 0.9574710629429074027, -0.2885293115559994237, 0.000000000000000000 ) ) ;
#2053 = CARTESIAN_POINT ( 'NONE',  ( 11.06967021141240082, 12.28837348569416754, 7.500000000000000000 ) ) ;
#2054 = CARTESIAN_POINT ( 'NONE',  ( 9.661938822606197519, 39.94714168643540120, 2.500000000000000444 ) ) ;
#2055 = CARTESIAN_POINT ( 'NONE',  ( 40.28511816387371880, 12.06681884819317752, 8.000000000000000000 ) ) ;
#2056 = PLANE ( 'NONE',  #4473 ) ;
#2057 = ORIENTED_EDGE ( 'NONE', *, *, #9415, .F. ) ;
#2058 = CARTESIAN_POINT ( 'NONE',  ( 13.69851161557113528, 51.06965031108115483, 1.936144812918941138 ) ) ;
#2059 = DIRECTION ( 'NONE',  ( 0.000000000000000000, 0.000000000000000000, 1.000000000000000000 ) ) ;
#2060 = ADVANCED_FACE ( 'NONE', ( #1017 ), #309, .T. ) ;
#2061 = CARTESIAN_POINT ( 'NONE',  ( 15.05576496586886215, 3.789669757965165253, 2.970880885105101843 ) ) ;
#2062 = CARTESIAN_POINT ( 'NONE',  ( 48.22683049120711019, 21.97601902253763484, 6.563442257501858279 ) ) ;
#2063 = VECTOR ( 'NONE', #8047, 1000.000000000000000 ) ;
#2064 = EDGE_LOOP ( 'NONE', ( #6974, #225, #7430 ) ) ;
#2065 = CARTESIAN_POINT ( 'NONE',  ( 40.32480316850509183, 11.08377551605859423, 7.542084481388176442 ) ) ;
#2066 = CARTESIAN_POINT ( 'NONE',  ( 39.62510035001434971, 46.76547254362419892, 4.821839808897257385 ) ) ;
#2067 = CARTESIAN_POINT ( 'NONE',  ( 40.35374256934540682, 43.45525478908882633, 8.000000000000007105 ) ) ;
#2068 = ADVANCED_FACE ( 'NONE', ( #360 ), #9198, .T. ) ;
#2069 = CYLINDRICAL_SURFACE ( 'NONE', #4644, 16.49999999999999645 ) ;
#2070 = EDGE_LOOP ( 'NONE', ( #174, #8701, #7391, #6469, #1090, #9319 ) ) ;
#2071 = CARTESIAN_POINT ( 'NONE',  ( 40.75991137390269614, 27.57807569686058713, 11.30000000000000071 ) ) ;
#2072 = ORIENTED_EDGE ( 'NONE', *, *, #5173, .T. ) ;
#2073 = CARTESIAN_POINT ( 'NONE',  ( 10.85446680767494776, 36.32807569686045923, 3.000000000000000000 ) ) ;
#2074 = CARTESIAN_POINT ( 'NONE',  ( 44.94393106425288664, 36.17421236888898051, 6.833333333333392545 ) ) ;
#2075 = CARTESIAN_POINT ( 'NONE',  ( 26.00991137390269969, 27.57807569686057292, 2.000000000000000000 ) ) ;
#2076 = PLANE ( 'NONE',  #9952 ) ;
#2077 = CARTESIAN_POINT ( 'NONE',  ( 36.45086193744401726, 51.81547482372712921, 0.4963810536660929751 ) ) ;
#2078 = DIRECTION ( 'NONE',  ( -0.000000000000000000, -0.000000000000000000, -1.000000000000000000 ) ) ;
#2079 = CARTESIAN_POINT ( 'NONE',  ( 26.00991137390269969, 27.57807569686058358, -68.00000000000000000 ) ) ;
#2080 = CARTESIAN_POINT ( 'NONE',  ( 41.79008641143599334, 15.27685321691192755, 8.000000000000000000 ) ) ;
#2081 = CARTESIAN_POINT ( 'NONE',  ( 10.36157505657298650, 41.21651893818978607, 7.500000000000000000 ) ) ;
#2082 = ORIENTED_EDGE ( 'NONE', *, *, #5318, .T. ) ;
#2083 = ORIENTED_EDGE ( 'NONE', *, *, #620, .F. ) ;
#2084 = DIRECTION ( 'NONE',  ( 0.000000000000000000, 0.000000000000000000, 1.000000000000000000 ) ) ;
#2085 = DIRECTION ( 'NONE',  ( 0.9504442985305103786, -0.3108948944431960126, 0.000000000000000000 ) ) ;
#2086 = EDGE_CURVE ( 'NONE', #4784, #4516, #2574, .T. ) ;
#2087 = ORIENTED_EDGE ( 'NONE', *, *, #9440, .F. ) ;
#2088 = CARTESIAN_POINT ( 'NONE',  ( 11.20903854733989036, 43.22104849052461617, 7.254245182372001111 ) ) ;
#2089 = VERTEX_POINT ( 'NONE', #6754 ) ;
#2090 = CARTESIAN_POINT ( 'NONE',  ( 10.37883889381024716, 41.25516912746986975, 9.753265025834336299 ) ) ;
#2091 = ADVANCED_FACE ( 'NONE', ( #1983 ), #1887, .F. ) ;
#2092 = DIRECTION ( 'NONE',  ( 1.000000000000000000, 0.000000000000000000, 0.000000000000000000 ) ) ;
#2093 = ORIENTED_EDGE ( 'NONE', *, *, #5285, .T. ) ;
#2094 = CIRCLE ( 'NONE', #7825, 0.6999999999999992895 ) ;
#2095 = ORIENTED_EDGE ( 'NONE', *, *, #6341, .F. ) ;
#2096 = CIRCLE ( 'NONE', #6535, 0.4999999999999997224 ) ;
#2097 = CARTESIAN_POINT ( 'NONE',  ( 41.36650431133617900, 13.28916459504388925, 7.500000000000002665 ) ) ;
#2098 = ADVANCED_FACE ( 'NONE', ( #3616 ), #4381, .F. ) ;
#2099 = CYLINDRICAL_SURFACE ( 'NONE', #8882, 0.2500000000000002220 ) ;
#2100 = CARTESIAN_POINT ( 'NONE',  ( 40.48599559934621794, 12.47427253672983483, 8.000000000000000000 ) ) ;
#2101 = CARTESIAN_POINT ( 'NONE',  ( 10.35763169672556927, 13.94834811966971166, 7.500000000000000000 ) ) ;
#2102 = CARTESIAN_POINT ( 'NONE',  ( 48.36532188210922101, 33.11277339045131640, 6.429515401956451548 ) ) ;
#2103 = DIRECTION ( 'NONE',  ( -0.000000000000000000, -0.000000000000000000, 1.000000000000000000 ) ) ;
#2104 = CARTESIAN_POINT ( 'NONE',  ( 26.00991137390269969, 27.57807569686058358, 11.30000000000000071 ) ) ;
#2105 = EDGE_CURVE ( 'NONE', #10084, #9614, #5787, .T. ) ;
#2106 = ORIENTED_EDGE ( 'NONE', *, *, #4931, .T. ) ;
#2107 = CARTESIAN_POINT ( 'NONE',  ( 48.20578756748940918, 21.66091581308942793, 2.762665033669143178 ) ) ;
#2108 = B_SPLINE_SURFACE_WITH_KNOTS ( 'NONE', 3, 1, ( 
 ( #2532, #2632 ),
 ( #3593, #9615 ),
 ( #5720, #4103 ),
 ( #327, #8879 ),
 ( #4921, #5753 ),
 ( #1034, #2513 ) ),
 .UNSPECIFIED., .F., .F., .F.,
 ( 4, 1, 1, 4 ),
 ( 2, 2 ),
 ( 0.01311306530685753084, 0.8971699018788490410, 0.9956877298161129763, 1.000000000000000000 ),
 ( 0.000000000000000000, 1.000000000000000000 ),
 .UNSPECIFIED. ) ;
#2109 = LINE ( 'NONE', #640, #1854 ) ;
#2110 = CARTESIAN_POINT ( 'NONE',  ( 12.89893915709216721, 6.721063481002398809, 4.937177375403950741 ) ) ;
#2111 = CARTESIAN_POINT ( 'NONE',  ( 42.00550972678298933, 27.20279802188732532, 5.290000000000002700 ) ) ;
#2112 = ORIENTED_EDGE ( 'NONE', *, *, #3031, .F. ) ;
#2113 = AXIS2_PLACEMENT_3D ( 'NONE', #9289, #3118, #737 ) ;
#2114 = DIRECTION ( 'NONE',  ( -0.000000000000000000, -0.000000000000000000, -1.000000000000000000 ) ) ;
#2115 = CYLINDRICAL_SURFACE ( 'NONE', #1397, 20.49999999972801135 ) ;
#2116 = CARTESIAN_POINT ( 'NONE',  ( 10.85446680767500993, 36.32807569686057292, 6.500000000000000000 ) ) ;
#2117 = ADVANCED_FACE ( 'NONE', ( #4191 ), #2699, .T. ) ;
#2118 = PLANE ( 'NONE',  #5968 ) ;
#2119 = ORIENTED_EDGE ( 'NONE', *, *, #5146, .F. ) ;
#2120 = DIRECTION ( 'NONE',  ( 0.000000000000000000, 0.000000000000000000, 1.000000000000000000 ) ) ;
#2121 = ORIENTED_EDGE ( 'NONE', *, *, #3443, .T. ) ;
#2122 = B_SPLINE_CURVE_WITH_KNOTS ( 'NONE', 3,
 ( #7996, #223, #9592, #7288, #4048, #8773, #8824 ),
 .UNSPECIFIED., .F., .F.,
 ( 4, 3, 4 ),
 ( 0.000000000000000000, 0.001000000620877876042, 0.002685482856205287112 ),
 .UNSPECIFIED. ) ;
#2123 = CARTESIAN_POINT ( 'NONE',  ( 41.29830008614495540, 40.79728581872698356, 2.000000000000000444 ) ) ;
#2124 =( BOUNDED_SURFACE ( )  B_SPLINE_SURFACE ( 3, 2, ( 
 ( #6587, #9707, #5660 ),
 ( #7908, #2576, #5551 ),
 ( #6489, #8786, #1756 ),
 ( #4011, #8683, #1651 ) ),
 .UNSPECIFIED., .F., .F., .T. ) 
 B_SPLINE_SURFACE_WITH_KNOTS ( ( 4, 4 ),
 ( 3, 3 ),
 ( 0.004868712272083832761, 0.006434419941605510826 ),
 ( 0.000000000000000000, 1.000000000000000000 ),
 .UNSPECIFIED. ) 
 GEOMETRIC_REPRESENTATION_ITEM ( )  RATIONAL_B_SPLINE_SURFACE ( (
 ( 1.000000000000000000, 0.7071067811865475727, 1.000000000000000000),
 ( 1.000000000000000000, 0.6956135501417355371, 1.000000000000000000),
 ( 1.000000000000000000, 0.6842278681925045847, 1.000000000000000000),
 ( 1.000000000000000000, 0.6725362189088162079, 1.000000000000000000) ) ) 
 REPRESENTATION_ITEM ( '' )  SURFACE ( )  );
#2125 = B_SPLINE_CURVE_WITH_KNOTS ( 'NONE', 3,
 ( #3284, #2410, #1698, #8004 ),
 .UNSPECIFIED., .F., .F.,
 ( 4, 4 ),
 ( 5.178279751058568750E-15, 0.0004193427957913796900 ),
 .UNSPECIFIED. ) ;
#2126 = CARTESIAN_POINT ( 'NONE',  ( 12.61781369230966732, 47.50098452092473167, 0.5828693222558682940 ) ) ;
#2127 = DIRECTION ( 'NONE',  ( -1.000000000000000000, 0.000000000000000000, -0.000000000000000000 ) ) ;
#2128 = EDGE_CURVE ( 'NONE', #6543, #2776, #7515, .T. ) ;
#2129 = AXIS2_PLACEMENT_3D ( 'NONE', #7075, #6470, #9376 ) ;
#2130 = CARTESIAN_POINT ( 'NONE',  ( 16.00991137390270325, 2.651348854441685443, 15.61622420752855511 ) ) ;
#2131 = CARTESIAN_POINT ( 'NONE',  ( 17.15807025641468542, 14.24972588036985677, 9.900000000000000355 ) ) ;
#2132 = FILL_AREA_STYLE_COLOUR ( '', #6827 ) ;
#2133 = CARTESIAN_POINT ( 'NONE',  ( 39.93649661269135009, 43.80153596283588513, 7.931348979196210180 ) ) ;
#2134 = DIRECTION ( 'NONE',  ( -0.000000000000000000, -0.000000000000000000, -1.000000000000000000 ) ) ;
#2135 = CARTESIAN_POINT ( 'NONE',  ( 41.91461520104479632, 15.45219701187645356, 8.000000000000000000 ) ) ;
#2136 = FACE_OUTER_BOUND ( 'NONE', #9280, .T. ) ;
#2137 = ORIENTED_EDGE ( 'NONE', *, *, #6838, .F. ) ;
#2138 = ORIENTED_EDGE ( 'NONE', *, *, #3412, .F. ) ;
#2139 = DIRECTION ( 'NONE',  ( 1.000000000000000000, -0.000000000000000000, -0.000000000000000000 ) ) ;
#2140 = CARTESIAN_POINT ( 'NONE',  ( 37.14637654102418196, 50.77167611203679343, 3.369859706854041015 ) ) ;
#2141 = CARTESIAN_POINT ( 'NONE',  ( 42.29356211338590299, 15.12444933045692785, 2.476132543783373219 ) ) ;
#2142 = EDGE_CURVE ( 'NONE', #3677, #186, #4243, .T. ) ;
#2143 = ORIENTED_EDGE ( 'NONE', *, *, #449, .F. ) ;
#2144 = CARTESIAN_POINT ( 'NONE',  ( 38.30389299978848072, 4.029675328252143807, 1.898027694843352764 ) ) ;
#2145 = CARTESIAN_POINT ( 'NONE',  ( 41.16535594013041077, 18.82807569686061200, 3.000000000000000000 ) ) ;
#2146 = CARTESIAN_POINT ( 'NONE',  ( 9.661938822621115364, 15.20900970726602530, 2.500000000000000444 ) ) ;
#2147 = EDGE_LOOP ( 'NONE', ( #2206, #4585, #7858, #4005 ) ) ;
#2148 = ORIENTED_EDGE ( 'NONE', *, *, #312, .T. ) ;
#2149 = CARTESIAN_POINT ( 'NONE',  ( 42.27612345937749438, 15.10058414209647637, 7.500000000000000000 ) ) ;
#2150 = CARTESIAN_POINT ( 'NONE',  ( 11.10439630091212138, 13.50394395971125583, 1.988022630703783378 ) ) ;
#2151 = CARTESIAN_POINT ( 'NONE',  ( 48.55316943299862231, 23.82807569686055871, 6.598472433999016395 ) ) ;
#2152 = CARTESIAN_POINT ( 'NONE',  ( 38.26027544973029393, 47.08322058698801982, 5.843971968380435200 ) ) ;
#2153 = CARTESIAN_POINT ( 'NONE',  ( 26.00991137390269969, 27.57807569686058358, 1.600000000000000089 ) ) ;
#2154 = CARTESIAN_POINT ( 'NONE',  ( 16.24312299532616422, 14.65329930544466741, 2.000000000000000000 ) ) ;
#2155 = AXIS2_PLACEMENT_3D ( 'NONE', #9712, #343, #8652 ) ;
#2156 = VERTEX_POINT ( 'NONE', #1830 ) ;
#2157 = EDGE_CURVE ( 'NONE', #1586, #5134, #4700, .T. ) ;
#2158 = AXIS2_PLACEMENT_3D ( 'NONE', #4948, #8131, #1823 ) ;
#2159 = CARTESIAN_POINT ( 'NONE',  ( 10.15446680767495025, 36.32807569686045923, 3.000000000000000000 ) ) ;
#2160 = EDGE_CURVE ( 'NONE', #2853, #7068, #5116, .T. ) ;
#2161 = CARTESIAN_POINT ( 'NONE',  ( 15.15099309917178516, 3.478993072245810669, 2.762487699315374634 ) ) ;
#2162 = CARTESIAN_POINT ( 'NONE',  ( 48.12521075807217130, 21.59312718532321895, 6.617527575777452320 ) ) ;
#2163 = EDGE_CURVE ( 'NONE', #8791, #8946, #7174, .T. ) ;
#2164 = ORIENTED_EDGE ( 'NONE', *, *, #9691, .T. ) ;
#2165 = CARTESIAN_POINT ( 'NONE',  ( 39.16050401550280213, 43.41688217963258722, 1.424986247961961494 ) ) ;
#2166 = CARTESIAN_POINT ( 'NONE',  ( 47.30653473089139993, 20.90438156645987533, 6.499999999998888001 ) ) ;
#2167 = CARTESIAN_POINT ( 'NONE',  ( 26.00991137390270680, 27.57807569686058358, 4.639999999999999680 ) ) ;
#2168 = AXIS2_PLACEMENT_3D ( 'NONE', #8109, #2519, #5811 ) ;
#2169 = DIRECTION ( 'NONE',  ( 1.000000000000000000, 0.000000000000000000, 0.000000000000000000 ) ) ;
#2170 = VERTEX_POINT ( 'NONE', #6559 ) ;
#2171 = CARTESIAN_POINT ( 'NONE',  ( 36.10344149877973052, 51.90101210304425905, 0.7119806137006227109 ) ) ;
#2172 = VERTEX_POINT ( 'NONE', #5065 ) ;
#2173 = CARTESIAN_POINT ( 'NONE',  ( 40.91996887106310510, 41.64719739724468894, 2.000000000000000000 ) ) ;
#2174 = FACE_OUTER_BOUND ( 'NONE', #234, .T. ) ;
#2175 = EDGE_CURVE ( 'NONE', #1277, #452, #1172, .T. ) ;
#2176 = DIRECTION ( 'NONE',  ( -1.000000000000000000, 0.000000000000000000, -0.000000000000000000 ) ) ;
#2177 = AXIS2_PLACEMENT_3D ( 'NONE', #9883, #1269, #2848 ) ;
#2178 = CARTESIAN_POINT ( 'NONE',  ( 12.32676864651803506, 8.613240858723321125, 4.972274604926741226 ) ) ;
#2179 = FACE_OUTER_BOUND ( 'NONE', #8911, .T. ) ;
#2180 = PLANE ( 'NONE',  #5849 ) ;
#2181 = CARTESIAN_POINT ( 'NONE',  ( 11.66608025799492943, 11.70089660450698688, 7.999999999999997335 ) ) ;
#2182 = CARTESIAN_POINT ( 'NONE',  ( 40.91996887106310510, 41.64719739724468894, 2.000000000000000000 ) ) ;
#2183 =( BOUNDED_SURFACE ( )  B_SPLINE_SURFACE ( 3, 2, ( 
 ( #8715, #5586, #5692 ),
 ( #1028, #7283, #2607 ),
 ( #5748, #1840, #9029 ),
 ( #6666, #4441, #7478 ),
 ( #9743, #5799, #2855 ),
 ( #3535, #1328, #1896 ),
 ( #5025, #3481, #8977 ),
 ( #5076, #8347, #1181 ) ),
 .UNSPECIFIED., .F., .F., .T. ) 
 B_SPLINE_SURFACE_WITH_KNOTS ( ( 4, 2, 2, 4 ),
 ( 3, 3 ),
 ( -2.385244779468109755E-18, 0.0003323901526367311157, 0.0006647803052734646166, 0.001329560610546931618 ),
 ( 0.000000000000000000, 1.000000000000000000 ),
 .UNSPECIFIED. ) 
 GEOMETRIC_REPRESENTATION_ITEM ( )  RATIONAL_B_SPLINE_SURFACE ( (
 ( 1.000000000000000000, 0.8620267827784450221, 1.000000000000000000),
 ( 1.000000000000000000, 0.8899784117624716107, 1.000000000000000000),
 ( 1.000000000000000000, 0.9116139837980578031, 1.000000000000000000),
 ( 1.000000000000000000, 0.9466212481931418621, 1.000000000000000000),
 ( 1.000000000000000000, 0.9599923559864647071, 1.000000000000000000),
 ( 1.000000000000000000, 0.9911128564963532783, 1.000000000000000000),
 ( 1.000000000000000000, 0.9998942745965689882, 1.000000000000000000),
 ( 1.000000000000000000, 1.000000000000000000, 1.000000000000000000) ) ) 
 REPRESENTATION_ITEM ( '' )  SURFACE ( )  );
#2184 = DIRECTION ( 'NONE',  ( 0.3108948944432127215, 0.9504442985305049385, 0.000000000000000000 ) ) ;
#2185 = VECTOR ( 'NONE', #4410, 1000.000000000000000 ) ;
#2186 = ORIENTED_EDGE ( 'NONE', *, *, #5302, .T. ) ;
#2187 = B_SPLINE_CURVE_WITH_KNOTS ( 'NONE', 3,
 ( #4507, #579, #3691, #5276, #629, #9237 ),
 .UNSPECIFIED., .F., .F.,
 ( 4, 2, 4 ),
 ( 0.000000000000000000, 0.4999999999999988898, 1.000000000000000000 ),
 .UNSPECIFIED. ) ;
#2188 = DIRECTION ( 'NONE',  ( 0.000000000000000000, -0.5877852522924675860, -0.8090169943749515591 ) ) ;
#2189 = DIRECTION ( 'NONE',  ( -0.9500033581624541812, -0.3122396827439777311, 0.000000000000000000 ) ) ;
#2190 = CARTESIAN_POINT ( 'NONE',  ( 41.84180244997876486, 14.55398964757050528, 2.204001943869499769 ) ) ;
#2191 = ORIENTED_EDGE ( 'NONE', *, *, #6301, .T. ) ;
#2192 = CARTESIAN_POINT ( 'NONE',  ( 38.12157424080660917, 3.434869825972433066, 1.499048908758666920 ) ) ;
#2193 = DIRECTION ( 'NONE',  ( 1.000000000000000000, 0.000000000000000000, 0.000000000000000000 ) ) ;
#2194 = CARTESIAN_POINT ( 'NONE',  ( 9.878806549185430441, 14.89864681616942477, 2.500000000000000444 ) ) ;
#2195 = ORIENTED_EDGE ( 'NONE', *, *, #8071, .T. ) ;
#2196 = EDGE_CURVE ( 'NONE', #7175, #2259, #3620, .T. ) ;
#2197 = VECTOR ( 'NONE', #6023, 1000.000000000000000 ) ;
#2198 = ORIENTED_EDGE ( 'NONE', *, *, #4200, .F. ) ;
#2199 = FACE_OUTER_BOUND ( 'NONE', #9419, .T. ) ;
#2200 = CARTESIAN_POINT ( 'NONE',  ( 37.86764259384388964, 10.92771018962352336, 7.758877713399125575 ) ) ;
#2201 = FACE_BOUND ( 'NONE', #83, .T. ) ;
#2202 = DIRECTION ( 'NONE',  ( 0.5211104521293417058, -0.8534892481347104987, 0.000000000000000000 ) ) ;
#2203 = CARTESIAN_POINT ( 'NONE',  ( 11.53300834463111357, 42.68220824036885830, 7.999999999999996447 ) ) ;
#2204 = CARTESIAN_POINT ( 'NONE',  ( 47.76842166040716364, 21.74005740565278799, 6.835404457305283898 ) ) ;
#2205 = CARTESIAN_POINT ( 'NONE',  ( 14.60753030589612500, 44.61438122272473805, 7.500000000000000000 ) ) ;
#2206 = ORIENTED_EDGE ( 'NONE', *, *, #5714, .F. ) ;
#2207 = VERTEX_POINT ( 'NONE', #5206 ) ;
#2208 = DIRECTION ( 'NONE',  ( 0.000000000000000000, 0.000000000000000000, 1.000000000000000000 ) ) ;
#2209 = CARTESIAN_POINT ( 'NONE',  ( 10.37883767798700951, 13.90098304790062400, 8.610962656569723706 ) ) ;
#2210 = CYLINDRICAL_SURFACE ( 'NONE', #4291, 20.49999999981464782 ) ;
#2211 = VERTEX_POINT ( 'NONE', #2131 ) ;
#2212 = EDGE_CURVE ( 'NONE', #10072, #4352, #5309, .T. ) ;
#2213 = LINE ( 'NONE', #9151, #8789 ) ;
#2214 = CARTESIAN_POINT ( 'NONE',  ( 47.49222339944937232, 21.06059996384254873, 6.480908267617639495 ) ) ;
#2215 = ADVANCED_FACE ( 'NONE', ( #2893, #8441 ), #2076, .T. ) ;
#2216 = CARTESIAN_POINT ( 'NONE',  ( 41.56562801030302978, 40.48355768790647602, 1.771189329504990084 ) ) ;
#2217 = ADVANCED_FACE ( 'NONE', ( #2179 ), #7566, .F. ) ;
#2218 = ORIENTED_EDGE ( 'NONE', *, *, #10006, .F. ) ;
#2219 = CARTESIAN_POINT ( 'NONE',  ( 36.16440738708528357, 51.93616857160128575, 0.8802977956287653116 ) ) ;
#2220 = ORIENTED_EDGE ( 'NONE', *, *, #6019, .T. ) ;
#2221 = CARTESIAN_POINT ( 'NONE',  ( 41.52324258469048601, 41.51720007687841729, 2.000000000000000444 ) ) ;
#2222 = DIRECTION ( 'NONE',  ( 0.000000000000000000, 0.000000000000000000, 1.000000000000000000 ) ) ;
#2223 = DIRECTION ( 'NONE',  ( -1.000000000000000000, 0.000000000000000000, 0.000000000000000000 ) ) ;
#2224 = DIRECTION ( 'NONE',  ( 0.000000000000000000, 0.000000000000000000, 1.000000000000000000 ) ) ;
#2225 = SURFACE_STYLE_USAGE ( .BOTH. , #7719 ) ;
#2226 = CARTESIAN_POINT ( 'NONE',  ( 47.28664818517690094, 33.71182017553194754, 6.962752098642633669 ) ) ;
#2227 = CARTESIAN_POINT ( 'NONE',  ( 39.54744014380550965, 8.134839032828196537, 0.7501502095328553832 ) ) ;
#2228 = CIRCLE ( 'NONE', #1261, 20.49999999972800779 ) ;
#2229 = DIRECTION ( 'NONE',  ( 0.5485370967584123347, -0.4614798890320414571, 0.6972398192149004137 ) ) ;
#2230 = EDGE_CURVE ( 'NONE', #4241, #6817, #5704, .T. ) ;
#2231 = CARTESIAN_POINT ( 'NONE',  ( 10.30322087257754760, 41.08734511103701692, 7.500000000000000000 ) ) ;
#2232 = ORIENTED_EDGE ( 'NONE', *, *, #5336, .T. ) ;
#2233 = CARTESIAN_POINT ( 'NONE',  ( 38.42206968965922442, 50.74049010152337758, 3.390778405880094493 ) ) ;
#2234 = CARTESIAN_POINT ( 'NONE',  ( 14.07787659459082619, 51.41691057053954239, -1.192622389734054877E-15 ) ) ;
#2235 = VERTEX_POINT ( 'NONE', #3669 ) ;
#2236 = CARTESIAN_POINT ( 'NONE',  ( 41.50784298702559738, 13.60580810295236454, 8.409281528857196264 ) ) ;
#2237 = CARTESIAN_POINT ( 'NONE',  ( 42.35788392518428935, 39.94714168645512586, 7.542083936066490857 ) ) ;
#2238 =( BOUNDED_CURVE ( )  B_SPLINE_CURVE ( 3, ( #6574, #4393, #7436, #9795 ),
 .UNSPECIFIED., .F., .T. ) 
 B_SPLINE_CURVE_WITH_KNOTS ( ( 4, 4 ),
 ( 3.651166040285986014, 3.731415380368557244 ),
 .UNSPECIFIED. ) 
 CURVE ( )  GEOMETRIC_REPRESENTATION_ITEM ( )  RATIONAL_B_SPLINE_CURVE ( ( 1.000000000000000000, 0.9994634089493024121, 0.9994634089493024121, 1.000000000000000000 ) ) 
 REPRESENTATION_ITEM ( '' )  );
#2239 = CARTESIAN_POINT ( 'NONE',  ( 42.32099631002324003, 39.99574489021203760, 2.500000000000012434 ) ) ;
#2240 = EDGE_CURVE ( 'NONE', #4832, #5806, #7619, .T. ) ;
#2241 = VERTEX_POINT ( 'NONE', #556 ) ;
#2242 = ORIENTED_EDGE ( 'NONE', *, *, #8877, .T. ) ;
#2243 = PLANE ( 'NONE',  #7855 ) ;
#2244 = B_SPLINE_CURVE_WITH_KNOTS ( 'NONE', 3,
 ( #2573, #8888, #5863, #8993 ),
 .UNSPECIFIED., .F., .F.,
 ( 4, 4 ),
 ( 3.469446951953614189E-18, 0.001406230339209945139 ),
 .UNSPECIFIED. ) ;
#2245 = CARTESIAN_POINT ( 'NONE',  ( 40.78929474356683471, -10.68491798620761735, 3.250000000000000444 ) ) ;
#2246 = FACE_BOUND ( 'NONE', #1723, .T. ) ;
#2247 = B_SPLINE_CURVE_WITH_KNOTS ( 'NONE', 3,
 ( #2074, #4481, #10022, #5986 ),
 .UNSPECIFIED., .F., .F.,
 ( 4, 4 ),
 ( 0.000000000000000000, 0.001406356177990687609 ),
 .UNSPECIFIED. ) ;
#2248 = AXIS2_PLACEMENT_3D ( 'NONE', #7324, #2749, #9784 ) ;
#2249 = CARTESIAN_POINT ( 'NONE',  ( 48.79846204852487546, 31.62636164479878786, 8.000000000000000000 ) ) ;
#2250 = ADVANCED_FACE ( 'NONE', ( #5988 ), #2945, .T. ) ;
#2251 = CARTESIAN_POINT ( 'NONE',  ( 26.70991137390258885, 45.07807569686060845, 3.000000000000000000 ) ) ;
#2252 = LINE ( 'NONE', #8515, #2359 ) ;
#2253 = LINE ( 'NONE', #7841, #6382 ) ;
#2254 = VERTEX_POINT ( 'NONE', #6856 ) ;
#2255 = ORIENTED_EDGE ( 'NONE', *, *, #1072, .F. ) ;
#2256 = CARTESIAN_POINT ( 'NONE',  ( 40.86402013891711960, 13.44989631004750308, 1.980399772364323852 ) ) ;
#2257 = CARTESIAN_POINT ( 'NONE',  ( 13.71592974801693288, 4.029675328252127819, 1.898027694843352764 ) ) ;
#2258 = CARTESIAN_POINT ( 'NONE',  ( 47.95984962206481583, 23.82807569686055160, 6.910766930129476293 ) ) ;
#2259 = VERTEX_POINT ( 'NONE', #1004 ) ;
#2260 = CARTESIAN_POINT ( 'NONE',  ( 41.16535594013036103, 36.32807569686066529, 3.000000000000000000 ) ) ;
#2261 = CARTESIAN_POINT ( 'NONE',  ( 13.69498635790899321, 43.47034964529812839, 7.991623387037266824 ) ) ;
#2262 = B_SPLINE_CURVE_WITH_KNOTS ( 'NONE', 3,
 ( #3610, #4424, #6800, #7658 ),
 .UNSPECIFIED., .F., .F.,
 ( 4, 4 ),
 ( 0.000000000000000000, 0.6846956425664820767 ),
 .UNSPECIFIED. ) ;
#2263 = DIRECTION ( 'NONE',  ( 0.000000000000000000, 0.000000000000000000, 1.000000000000000000 ) ) ;
#2264 = ORIENTED_EDGE ( 'NONE', *, *, #7675, .T. ) ;
#2265 = DIRECTION ( 'NONE',  ( 0.000000000000000000, 0.000000000000000000, -1.000000000000000000 ) ) ;
#2266 = ORIENTED_EDGE ( 'NONE', *, *, #4063, .T. ) ;
#2267 = CARTESIAN_POINT ( 'NONE',  ( 39.54744016982825627, 47.02131236710700080, 0.7501502095329081188 ) ) ;
#2268 = TOROIDAL_SURFACE ( 'NONE', #6708, 16.95105410787298794, 1.000000000000000000 ) ;
#2269 = CARTESIAN_POINT ( 'NONE',  ( 40.48640594209536658, 42.68204349435010414, 8.000000000000000000 ) ) ;
#2270 = CIRCLE ( 'NONE', #6214, 0.5000000000000001110 ) ;
#2271 = VECTOR ( 'NONE', #7793, 1000.000000000000114 ) ;
#2272 = CARTESIAN_POINT ( 'NONE',  ( 15.12873498253576798, 3.628676534819973210, -3.978117947030155843E-16 ) ) ;
#2273 = B_SPLINE_SURFACE_WITH_KNOTS ( 'NONE', 3, 1, ( 
 ( #3313, #916 ),
 ( #8088, #8804 ),
 ( #6459, #6352 ),
 ( #9477, #4800 ),
 ( #6408, #8758 ),
 ( #5014, #8706 ) ),
 .UNSPECIFIED., .F., .F., .F.,
 ( 4, 1, 1, 4 ),
 ( 2, 2 ),
 ( 0.01311306530685753084, 0.8971699018788490410, 0.9956877298161129763, 1.000000000000000000 ),
 ( 0.000000000000000000, 1.000000000000000000 ),
 .UNSPECIFIED. ) ;
#2274 = EDGE_LOOP ( 'NONE', ( #9810, #4388, #5532, #4833 ) ) ;
#2275 = EDGE_CURVE ( 'NONE', #1694, #6133, #1930, .T. ) ;
#2276 = LINE ( 'NONE', #7664, #5382 ) ;
#2277 = DIRECTION ( 'NONE',  ( -0.000000000000000000, -0.000000000000000000, -1.000000000000000000 ) ) ;
#2278 = CARTESIAN_POINT ( 'NONE',  ( 11.08355951140213946, 12.25238919639804180, 7.512551655150077501 ) ) ;
#2279 = CARTESIAN_POINT ( 'NONE',  ( 41.12469618282855777, 12.71487299145985084, 2.361027661370606712 ) ) ;
#2280 = CARTESIAN_POINT ( 'NONE',  ( 41.65888869785496240, 13.94104929826787931, 8.000000000000000000 ) ) ;
#2281 = DIRECTION ( 'NONE',  ( 1.000000000000000000, 3.105155022027262345E-14, 0.000000000000000000 ) ) ;
#2282 = ADVANCED_FACE ( 'NONE', ( #8899 ), #6454, .T. ) ;
#2283 = ORIENTED_EDGE ( 'NONE', *, *, #9391, .F. ) ;
#2284 = DIRECTION ( 'NONE',  ( 0.000000000000000000, 0.000000000000000000, -1.000000000000000000 ) ) ;
#2285 = CARTESIAN_POINT ( 'NONE',  ( 40.63718647463861799, 40.80239328964307788, 10.05697432759562737 ) ) ;
#2286 = CARTESIAN_POINT ( 'NONE',  ( 12.43671406350182984, 44.15195344250324894, 7.778205171341632251 ) ) ;
#2287 = EDGE_CURVE ( 'NONE', #7587, #1992, #6465, .T. ) ;
#2288 = ADVANCED_FACE ( 'NONE', ( #8070 ), #6784, .T. ) ;
#2289 = VERTEX_POINT ( 'NONE', #9904 ) ;
#2290 = CARTESIAN_POINT ( 'NONE',  ( 39.59735547767774477, 8.302583097780193100, 4.760890935874241059 ) ) ;
#2291 = CARTESIAN_POINT ( 'NONE',  ( 48.55316943299862231, 23.82807569686055871, 2.439604810534890866 ) ) ;
#2292 = CARTESIAN_POINT ( 'NONE',  ( 10.18713417993005699, 15.33869203819150684, 2.000000000000000444 ) ) ;
#2293 = VERTEX_POINT ( 'NONE', #7490 ) ;
#2294 = VERTEX_POINT ( 'NONE', #248 ) ;
#2295 = CARTESIAN_POINT ( 'NONE',  ( 46.29049026781940057, 20.70300026348490618, 7.000000000000000000 ) ) ;
#2296 = CARTESIAN_POINT ( 'NONE',  ( 39.10135861183612604, 6.656195374226851591, 0.5000000000000355271 ) ) ;
#2297 = FACE_BOUND ( 'NONE', #10044, .T. ) ;
#2298 = EDGE_CURVE ( 'NONE', #1856, #7587, #825, .T. ) ;
#2299 = CARTESIAN_POINT ( 'NONE',  ( 38.11475631793354069, 47.56270700921324135, 5.522345957599900323 ) ) ;
#2300 = CARTESIAN_POINT ( 'NONE',  ( 39.30848635467597774, 10.93617965800730829, 7.764558794663256158 ) ) ;
#2301 = DIRECTION ( 'NONE',  ( 1.000000000000000000, -0.000000000000000000, 0.000000000000000000 ) ) ;
#2302 = B_SPLINE_CURVE_WITH_KNOTS ( 'NONE', 3,
 ( #2227, #8644, #7721, #9465, #7817, #2279 ),
 .UNSPECIFIED., .F., .F.,
 ( 4, 2, 4 ),
 ( 0.000000000000000000, 0.002553645086323097328, 0.005107290172646194656 ),
 .UNSPECIFIED. ) ;
#2303 = CARTESIAN_POINT ( 'NONE',  ( 41.64028313990608865, 40.11721626112868933, 8.000000000000001776 ) ) ;
#2304 = ORIENTED_EDGE ( 'NONE', *, *, #7903, .T. ) ;
#2305 = EDGE_LOOP ( 'NONE', ( #8211, #7684, #5655, #1099 ) ) ;
#2306 = DIRECTION ( 'NONE',  ( -1.000000000000000000, 0.000000000000000000, 0.000000000000000000 ) ) ;
#2307 = CARTESIAN_POINT ( 'NONE',  ( 40.46073986493296104, 11.60612410327436628, 7.743090174226727740 ) ) ;
#2308 = ORIENTED_EDGE ( 'NONE', *, *, #651, .F. ) ;
#2309 = VECTOR ( 'NONE', #5962, 1000.000000000000000 ) ;
#2310 = DIRECTION ( 'NONE',  ( 0.9229826936966869511, -0.3848414571435979648, 0.000000000000000000 ) ) ;
#2311 = CARTESIAN_POINT ( 'NONE',  ( 36.00991137390269614, 8.444295124504931138, 0.2779446772587282899 ) ) ;
#2312 = CYLINDRICAL_SURFACE ( 'NONE', #3337, 20.49999999972801135 ) ;
#2313 = VERTEX_POINT ( 'NONE', #5185 ) ;
#2314 = EDGE_LOOP ( 'NONE', ( #10125, #3067, #2148, #9080, #9770, #5951 ) ) ;
#2315 = ADVANCED_FACE ( 'NONE', ( #4456 ), #528, .F. ) ;
#2316 = CARTESIAN_POINT ( 'NONE',  ( 48.53180270952487518, 22.17516030680233641, 6.136121137675207393 ) ) ;
#2317 = CARTESIAN_POINT ( 'NONE',  ( 13.24304514214572848, 49.57571068717525975, 0.5000000000000004441 ) ) ;
#2318 = CARTESIAN_POINT ( 'NONE',  ( 14.23332404181237543, 4.214462972446882283, -2.168404344971008868E-16 ) ) ;
#2319 = VECTOR ( 'NONE', #8161, 1000.000000000000000 ) ;
#2320 = ORIENTED_EDGE ( 'NONE', *, *, #9760, .F. ) ;
#2321 = VECTOR ( 'NONE', #9099, 1000.000000000000000 ) ;
#2322 = CARTESIAN_POINT ( 'NONE',  ( 41.81535594013037382, 36.32807569686058713, 3.000000000000000000 ) ) ;
#2323 = CARTESIAN_POINT ( 'NONE',  ( 12.88554396677210256, 10.78171295196041690, 7.660946871235453592 ) ) ;
#2324 = CARTESIAN_POINT ( 'NONE',  ( 41.68834416588939007, 15.11746998781832474, 2.000000000000000444 ) ) ;
#2325 = CARTESIAN_POINT ( 'NONE',  ( 11.30607095589225786, 12.02367383531612255, 8.000000000000298428 ) ) ;
#2326 = LINE ( 'NONE', #2382, #3149 ) ;
#2327 = CARTESIAN_POINT ( 'NONE',  ( 48.52170625744156496, 33.03228106350202609, 3.164937944201344777 ) ) ;
#2328 = CARTESIAN_POINT ( 'NONE',  ( 9.744367195844004570, 15.09943282374512386, 7.500000000000000888 ) ) ;
#2329 = VERTEX_POINT ( 'NONE', #7594 ) ;
#2330 = CARTESIAN_POINT ( 'NONE',  ( 42.08210573086760320, 14.80769605755219409, 2.126966516794764672 ) ) ;
#2331 = CIRCLE ( 'NONE', #552, 1.000000000000000888 ) ;
#2332 = CARTESIAN_POINT ( 'NONE',  ( 10.85446680767501704, 18.82807569686058358, 6.500000000000000000 ) ) ;
#2333 = AXIS2_PLACEMENT_3D ( 'NONE', #9674, #304, #4239 ) ;
#2334 = VECTOR ( 'NONE', #9055, 1000.000000000000000 ) ;
#2335 = DIRECTION ( 'NONE',  ( 0.000000000000000000, -0.000000000000000000, -1.000000000000000000 ) ) ;
#2336 = ORIENTED_EDGE ( 'NONE', *, *, #3179, .T. ) ;
#2337 = CARTESIAN_POINT ( 'NONE',  ( 48.79846204852487546, 23.52978974892232955, 6.000000000000000000 ) ) ;
#2338 = CARTESIAN_POINT ( 'NONE',  ( 39.57412598987593100, 43.95178295304881999, 7.879178763042322231 ) ) ;
#2339 = TOROIDAL_SURFACE ( 'NONE', #8578, 21.41421356218774008, 1.000000000000000000 ) ;
#2340 = CARTESIAN_POINT ( 'NONE',  ( 9.755171100788441407, 15.08375437964298804, 2.500000000000000444 ) ) ;
#2341 = ORIENTED_EDGE ( 'NONE', *, *, #5231, .F. ) ;
#2342 = AXIS2_PLACEMENT_3D ( 'NONE', #3501, #2623, #7298 ) ;
#2343 = EDGE_CURVE ( 'NONE', #7801, #2025, #9461, .T. ) ;
#2344 = EDGE_LOOP ( 'NONE', ( #124, #895 ) ) ;
#2345 = ADVANCED_FACE ( 'NONE', ( #6014 ), #2108, .T. ) ;
#2346 = CARTESIAN_POINT ( 'NONE',  ( 12.47238319721101796, 47.02131221955700369, 0.7501502095329082298 ) ) ;
#2347 = DIRECTION ( 'NONE',  ( -1.000000000000000000, 0.000000000000000000, 0.000000000000000000 ) ) ;
#2348 = DIRECTION ( 'NONE',  ( -0.000000000000000000, -0.000000000000000000, -1.000000000000000000 ) ) ;
#2349 = AXIS2_PLACEMENT_3D ( 'NONE', #103, #5630, #1571 ) ;
#2350 = CARTESIAN_POINT ( 'NONE',  ( 26.00991137390258956, 45.07807569686060845, 3.000000000000000000 ) ) ;
#2351 = EDGE_LOOP ( 'NONE', ( #3532, #3940, #4375, #6430 ) ) ;
#2352 = CARTESIAN_POINT ( 'NONE',  ( 11.44296876169647526, 43.28212708486394433, 8.000000000004961365 ) ) ;
#2353 = CYLINDRICAL_SURFACE ( 'NONE', #9819, 1.000000000000000888 ) ;
#2354 = CARTESIAN_POINT ( 'NONE',  ( 40.48640594209536658, 42.68204349435010414, 8.000000000000000000 ) ) ;
#2355 = VERTEX_POINT ( 'NONE', #7949 ) ;
#2356 = PRODUCT_CONTEXT ( 'NONE', #5049, 'mechanical' ) ;
#2357 = VERTEX_POINT ( 'NONE', #7895 ) ;
#2358 = EDGE_CURVE ( 'NONE', #4467, #1035, #958, .T. ) ;
#2359 = VECTOR ( 'NONE', #9954, 1000.000000000000000 ) ;
#2360 = CARTESIAN_POINT ( 'NONE',  ( 46.57442898051896663, 35.15821502139969112, 7.000000000000000000 ) ) ;
#2361 = CARTESIAN_POINT ( 'NONE',  ( 39.36546783148285300, 44.26680975714224786, 7.733141166787675047 ) ) ;
#2362 = CARTESIAN_POINT ( 'NONE',  ( 36.56415830361310526, 3.414796140925925982, 0.3854532691478603779 ) ) ;
#2363 = ORIENTED_EDGE ( 'NONE', *, *, #1145, .F. ) ;
#2364 = CARTESIAN_POINT ( 'NONE',  ( 14.17655859908084537, 4.233031221373531494, 0.5000000000000004441 ) ) ;
#2365 = CIRCLE ( 'NONE', #1377, 16.00000000000000000 ) ;
#2366 = CARTESIAN_POINT ( 'NONE',  ( 40.80632190772730894, 43.23257234943447713, 7.246232922343486038 ) ) ;
#2367 = ORIENTED_EDGE ( 'NONE', *, *, #996, .F. ) ;
#2368 = CARTESIAN_POINT ( 'NONE',  ( 41.28702796017086740, 40.94465927382969284, 1.947875819151799748 ) ) ;
#2369 = ADVANCED_FACE ( 'NONE', ( #5648 ), #933, .T. ) ;
#2370 = ORIENTED_EDGE ( 'NONE', *, *, #2538, .F. ) ;
#2371 = ORIENTED_EDGE ( 'NONE', *, *, #4298, .T. ) ;
#2372 = PLANE ( 'NONE',  #4463 ) ;
#2373 = CARTESIAN_POINT ( 'NONE',  ( 40.68931189290893968, 42.17432999409940919, 8.000000000000000000 ) ) ;
#2374 = LINE ( 'NONE', #3964, #7049 ) ;
#2375 = ORIENTED_EDGE ( 'NONE', *, *, #9056, .F. ) ;
#2376 = CARTESIAN_POINT ( 'NONE',  ( 12.34981372868620220, 8.537828262336599749, 4.921312545388382809 ) ) ;
#2377 = ORIENTED_EDGE ( 'NONE', *, *, #9839, .T. ) ;
#2378 = EDGE_CURVE ( 'NONE', #6442, #10061, #171, .T. ) ;
#2379 = LINE ( 'NONE', #9353, #2648 ) ;
#2380 = CARTESIAN_POINT ( 'NONE',  ( 47.08431918547498896, 34.36829810461956214, 6.760993329381608241 ) ) ;
#2381 = CARTESIAN_POINT ( 'NONE',  ( 11.10145863982724812, 12.21176159066910571, 7.526845256588948097 ) ) ;
#2382 = CARTESIAN_POINT ( 'NONE',  ( 36.41476503802655174, 39.73286982214993657, 5.750000000000000000 ) ) ;
#2383 = CARTESIAN_POINT ( 'NONE',  ( 9.820548376594890883, 40.16691020414857149, 7.500000000000000888 ) ) ;
#2384 = CARTESIAN_POINT ( 'NONE',  ( 39.43697781842779904, 7.771555702518606168, 0.06156033413491052847 ) ) ;
#2385 = ORIENTED_EDGE ( 'NONE', *, *, #5488, .T. ) ;
#2386 = CARTESIAN_POINT ( 'NONE',  ( 0.000000000000000000, 0.000000000000000000, 0.000000000000000000 ) ) ;
#2387 = CARTESIAN_POINT ( 'NONE',  ( 16.00991137390270325, 6.800460117890989586, 0.000000000000000000 ) ) ;
#2388 = CARTESIAN_POINT ( 'NONE',  ( 48.03782835629597514, 33.63653832679175792, 6.314630359612346311 ) ) ;
#2389 = AXIS2_PLACEMENT_3D ( 'NONE', #4959, #1831, #8090 ) ;
#2390 = ORIENTED_EDGE ( 'NONE', *, *, #9334, .F. ) ;
#2391 = CARTESIAN_POINT ( 'NONE',  ( 40.35851987703068744, 13.75385050111870378, 9.654573174542521841 ) ) ;
#2392 = CARTESIAN_POINT ( 'NONE',  ( 48.29100437939654000, 33.42354335573952540, 2.648171999298905899 ) ) ;
#2393 = LINE ( 'NONE', #920, #1802 ) ;
#2394 = ORIENTED_EDGE ( 'NONE', *, *, #5546, .F. ) ;
#2395 = ORIENTED_EDGE ( 'NONE', *, *, #9771, .F. ) ;
#2396 = LINE ( 'NONE', #59, #2457 ) ;
#2397 = ADVANCED_FACE ( 'NONE', ( #275 ), #4669, .T. ) ;
#2398 = CYLINDRICAL_SURFACE ( 'NONE', #6689, 1.999999999999999112 ) ;
#2399 = CARTESIAN_POINT ( 'NONE',  ( 16.00991137390270325, 50.94168842127428576, 0.9999999999999997780 ) ) ;
#2400 = CARTESIAN_POINT ( 'NONE',  ( 41.63735608274128452, 14.31033391986472836, 2.000000000000001776 ) ) ;
#2401 = ORIENTED_EDGE ( 'NONE', *, *, #913, .F. ) ;
#2402 = ADVANCED_FACE ( 'NONE', ( #1332 ), #6005, .F. ) ;
#2403 = CYLINDRICAL_SURFACE ( 'NONE', #932, 0.4999999999999865663 ) ;
#2404 = DIRECTION ( 'NONE',  ( -1.000000000000000000, 0.000000000000000000, 0.000000000000000000 ) ) ;
#2405 = CARTESIAN_POINT ( 'NONE',  ( 40.76198021055315479, 12.07388085517268195, 7.999999999999849898 ) ) ;
#2406 = EDGE_LOOP ( 'NONE', ( #5393, #7451, #7649, #8357, #9424 ) ) ;
#2407 = VERTEX_POINT ( 'NONE', #9130 ) ;
#2408 = DIRECTION ( 'NONE',  ( 0.000000000000000000, -0.4999999999999981126, -0.8660254037844397068 ) ) ;
#2409 = VECTOR ( 'NONE', #5736, 1000.000000000000000 ) ;
#2410 = CARTESIAN_POINT ( 'NONE',  ( 37.52174453099900120, 44.54112505661137078, 7.549138176557265822 ) ) ;
#2411 = CARTESIAN_POINT ( 'NONE',  ( 36.45316846562717217, 3.252254491896844790, 0.8691260408017432715 ) ) ;
#2412 = ORIENTED_EDGE ( 'NONE', *, *, #6051, .T. ) ;
#2413 = EDGE_CURVE ( 'NONE', #1576, #2805, #5364, .T. ) ;
#2414 = CARTESIAN_POINT ( 'NONE',  ( 14.17655859908083293, 4.233031221373528830, 0.5000000000000004441 ) ) ;
#2415 = AXIS2_PLACEMENT_3D ( 'NONE', #6808, #8386, #359 ) ;
#2416 = CARTESIAN_POINT ( 'NONE',  ( 10.64137335095182735, 40.61499501987967164, 8.000000000000000000 ) ) ;
#2417 = ORIENTED_EDGE ( 'NONE', *, *, #4169, .T. ) ;
#2418 = CARTESIAN_POINT ( 'NONE',  ( 16.00991137390270325, 51.70407734673670319, 0.3528809025130998367 ) ) ;
#2419 = ORIENTED_EDGE ( 'NONE', *, *, #3321, .F. ) ;
#2420 = ORIENTED_EDGE ( 'NONE', *, *, #5092, .T. ) ;
#2421 = AXIS2_PLACEMENT_3D ( 'NONE', #8594, #147, #7158 ) ;
#2422 = VECTOR ( 'NONE', #5093, 1000.000000000000114 ) ;
#2423 = CARTESIAN_POINT ( 'NONE',  ( 39.78376802631703413, 46.24183485224102697, 1.021985156567307262 ) ) ;
#2424 = AXIS2_PLACEMENT_3D ( 'NONE', #1821, #8128, #251 ) ;
#2425 = CARTESIAN_POINT ( 'NONE',  ( 42.07167737232829552, 40.37045997256127805, 7.500000000000000000 ) ) ;
#2426 = LINE ( 'NONE', #3455, #3444 ) ;
#2427 = ORIENTED_EDGE ( 'NONE', *, *, #10025, .T. ) ;
#2428 = ADVANCED_FACE ( 'NONE', ( #9032, #5957 ), #5132, .T. ) ;
#2429 = CARTESIAN_POINT ( 'NONE',  ( 36.25793661713537830, 51.44168842127428576, 8.000000000000000000 ) ) ;
#2430 = ORIENTED_EDGE ( 'NONE', *, *, #3993, .F. ) ;
#2431 = CARTESIAN_POINT ( 'NONE',  ( 42.50991137390269614, 27.57807569686058358, 1.600000000000000089 ) ) ;
#2432 = DIRECTION ( 'NONE',  ( 0.6437715727057166104, -0.7652177220739260211, 0.000000000000000000 ) ) ;
#2433 = CARTESIAN_POINT ( 'NONE',  ( 2.465607946050118127, 7.537669664636124978, 8.000000000000000000 ) ) ;
#2434 = CARTESIAN_POINT ( 'NONE',  ( 46.29049026781940057, 34.45315113023624320, 7.000000000000000000 ) ) ;
#2435 = CARTESIAN_POINT ( 'NONE',  ( 26.00991137390258956, 45.07807569686060845, 3.000000000000000000 ) ) ;
#2436 = CARTESIAN_POINT ( 'NONE',  ( 10.86799022093643075, 12.79091852176502364, 7.500000000000000000 ) ) ;
#2437 = ORIENTED_EDGE ( 'NONE', *, *, #2275, .F. ) ;
#2438 = LINE ( 'NONE', #4746, #4626 ) ;
#2439 = DIRECTION ( 'NONE',  ( 0.000000000000000000, 0.000000000000000000, -1.000000000000000000 ) ) ;
#2440 = EDGE_CURVE ( 'NONE', #7897, #6750, #6597, .T. ) ;
#2441 = ORIENTED_EDGE ( 'NONE', *, *, #3150, .T. ) ;
#2442 = LINE ( 'NONE', #2594, #8929 ) ;
#2443 = CARTESIAN_POINT ( 'NONE',  ( 37.36317587658528794, 5.098286688547417178, 3.848664329044491961 ) ) ;
#2444 = VECTOR ( 'NONE', #1440, 1000.000000000000000 ) ;
#2445 = PLANE ( 'NONE',  #282 ) ;
#2446 = VECTOR ( 'NONE', #8294, 1000.000000000000114 ) ;
#2447 = CYLINDRICAL_SURFACE ( 'NONE', #4087, 0.2499999999999932832 ) ;
#2448 = ORIENTED_EDGE ( 'NONE', *, *, #6683, .F. ) ;
#2449 = VERTEX_POINT ( 'NONE', #7482 ) ;
#2450 = FACE_OUTER_BOUND ( 'NONE', #7004, .T. ) ;
#2451 = ADVANCED_FACE ( 'NONE', ( #5805 ), #520, .T. ) ;
#2452 =( BOUNDED_CURVE ( )  B_SPLINE_CURVE ( 3, ( #5911, #9187, #6679, #9807 ),
 .UNSPECIFIED., .F., .F. ) 
 B_SPLINE_CURVE_WITH_KNOTS ( ( 4, 4 ),
 ( 1.570796326794887010, 3.141592653589807771 ),
 .UNSPECIFIED. ) 
 CURVE ( )  GEOMETRIC_REPRESENTATION_ITEM ( )  RATIONAL_B_SPLINE_CURVE ( ( 1.000000000000000000, 0.8047378541243592753, 0.8047378541243592753, 1.000000000000000000 ) ) 
 REPRESENTATION_ITEM ( '' )  );
#2453 = DIRECTION ( 'NONE',  ( 0.000000000000000000, -0.4999999999999996114, 0.8660254037844389297 ) ) ;
#2454 = DIRECTION ( 'NONE',  ( 0.000000000000000000, 0.3287670013228938815, 0.9444110645482465261 ) ) ;
#2455 = DIRECTION ( 'NONE',  ( 1.000000000000000000, -0.000000000000000000, -0.000000000000000000 ) ) ;
#2456 = ORIENTED_EDGE ( 'NONE', *, *, #6308, .T. ) ;
#2457 = VECTOR ( 'NONE', #5528, 1000.000000000000114 ) ;
#2458 = CARTESIAN_POINT ( 'NONE',  ( 13.78560227660674542, 51.35377907912709361, 2.979401403148438376 ) ) ;
#2459 = AXIS2_PLACEMENT_3D ( 'NONE', #4734, #6183, #3084 ) ;
#2460 = DIRECTION ( 'NONE',  ( 0.000000000000000000, -0.9444110645482444166, 0.3287670013228996546 ) ) ;
#2461 = CARTESIAN_POINT ( 'NONE',  ( 40.95261107240022369, 12.29214196440366891, 7.500003564204697604 ) ) ;
#2462 = ORIENTED_EDGE ( 'NONE', *, *, #1539, .F. ) ;
#2463 = ORIENTED_EDGE ( 'NONE', *, *, #9753, .T. ) ;
#2464 = CARTESIAN_POINT ( 'NONE',  ( 10.72763869380075796, 40.81319306747806053, 1.999999999999997780 ) ) ;
#2465 = CARTESIAN_POINT ( 'NONE',  ( 15.60643868344834750, 51.91691057053953529, 8.000000000000000000 ) ) ;
#2466 = CARTESIAN_POINT ( 'NONE',  ( 39.81632583199755970, 9.014731436699973344, 5.243126095803012809 ) ) ;
#2467 = LINE ( 'NONE', #25, #5444 ) ;
#2468 = VERTEX_POINT ( 'NONE', #4447 ) ;
#2469 = DIRECTION ( 'NONE',  ( 0.2930602774670629240, -0.9560939670194181783, 0.000000000000000000 ) ) ;
#2470 = EDGE_CURVE ( 'NONE', #2407, #5039, #471, .T. ) ;
#2471 = FACE_OUTER_BOUND ( 'NONE', #3995, .T. ) ;
#2472 = VERTEX_POINT ( 'NONE', #3633 ) ;
#2473 = CARTESIAN_POINT ( 'NONE',  ( 11.06919438412743339, 42.86777453929916248, 7.500002139116470623 ) ) ;
#2474 = ORIENTED_EDGE ( 'NONE', *, *, #919, .F. ) ;
#2475 = EDGE_CURVE ( 'NONE', #1050, #1590, #2933, .T. ) ;
#2476 = VERTEX_POINT ( 'NONE', #6576 ) ;
#2477 = FACE_OUTER_BOUND ( 'NONE', #4018, .T. ) ;
#2478 = EDGE_CURVE ( 'NONE', #626, #6947, #4304, .T. ) ;
#2479 = CARTESIAN_POINT ( 'NONE',  ( 41.88971261991660811, 40.71471160618007445, 7.500000000000000000 ) ) ;
#2480 = CARTESIAN_POINT ( 'NONE',  ( 39.54744016982825627, 47.02131236710702211, 0.7501502095329021236 ) ) ;
#2481 = ORIENTED_EDGE ( 'NONE', *, *, #3352, .T. ) ;
#2482 = LINE ( 'NONE', #7865, #1300 ) ;
#2483 = ORIENTED_EDGE ( 'NONE', *, *, #5656, .T. ) ;
#2484 = DIRECTION ( 'NONE',  ( 1.000000000000000000, -8.462065736584503245E-17, -0.000000000000000000 ) ) ;
#2485 = DIRECTION ( 'NONE',  ( -1.000000000000000000, 0.000000000000000000, 0.000000000000000000 ) ) ;
#2486 = CARTESIAN_POINT ( 'NONE',  ( 41.68714704163911478, 15.11551471201108932, 2.000000000000000444 ) ) ;
#2487 = FACE_OUTER_BOUND ( 'NONE', #5188, .T. ) ;
#2488 = CARTESIAN_POINT ( 'NONE',  ( 41.86535594013036388, 36.32807569686066529, 3.000000000000000000 ) ) ;
#2489 = ORIENTED_EDGE ( 'NONE', *, *, #1800, .F. ) ;
#2490 = CARTESIAN_POINT ( 'NONE',  ( 44.25142969230240908, 18.19214523599976019, 7.213886177838917391 ) ) ;
#2491 = ADVANCED_FACE ( 'NONE', ( #5029 ), #1207, .F. ) ;
#2492 = AXIS2_PLACEMENT_3D ( 'NONE', #4609, #9950, #2921 ) ;
#2493 = CARTESIAN_POINT ( 'NONE',  ( 46.75991137363070749, 31.32807569686055160, 7.055350293284475605 ) ) ;
#2494 = EDGE_LOOP ( 'NONE', ( #9482, #3563, #2341, #4691 ) ) ;
#2495 = CARTESIAN_POINT ( 'NONE',  ( 11.15580576189983830, 41.70625839869146745, 1.980399304812743067 ) ) ;
#2496 = CARTESIAN_POINT ( 'NONE',  ( 37.16379467336541609, 4.441301035688878684, 3.407976824926426396 ) ) ;
#2497 = CARTESIAN_POINT ( 'NONE',  ( 48.20578756748970761, 33.49523558063147277, 2.762665033669499781 ) ) ;
#2498 = DIRECTION ( 'NONE',  ( -1.000000000000000000, 0.000000000000000000, 0.000000000000000000 ) ) ;
#2499 = DIRECTION ( 'NONE',  ( 1.000000000000000000, 0.000000000000000000, 0.000000000000000000 ) ) ;
#2500 = AXIS2_PLACEMENT_3D ( 'NONE', #9951, #9138, #8266 ) ;
#2501 = ORIENTED_EDGE ( 'NONE', *, *, #10015, .T. ) ;
#2502 = VERTEX_POINT ( 'NONE', #3488 ) ;
#2503 = CARTESIAN_POINT ( 'NONE',  ( 47.74686870956568896, 21.56156138365534858, 2.146906304144677868 ) ) ;
#2504 = DIRECTION ( 'NONE',  ( 0.000000000000000000, 0.000000000000000000, -1.000000000000000000 ) ) ;
#2505 = CARTESIAN_POINT ( 'NONE',  ( 14.21387905490810155, 3.694608137448005980, 2.594650047308623364 ) ) ;
#2506 = VECTOR ( 'NONE', #7922, 1000.000000000000000 ) ;
#2507 = CARTESIAN_POINT ( 'NONE',  ( -13.67694090607622925, 41.81210672114543314, 0.000000000000000000 ) ) ;
#2508 = VERTEX_POINT ( 'NONE', #6625 ) ;
#2509 = B_SPLINE_CURVE_WITH_KNOTS ( 'NONE', 3,
 ( #2256, #10104, #74, #4619 ),
 .UNSPECIFIED., .F., .F.,
 ( 4, 4 ),
 ( 1.743375517060540341E-17, 0.0004379075942764819947 ),
 .UNSPECIFIED. ) ;
#2510 = CARTESIAN_POINT ( 'NONE',  ( 46.50991137363070749, 27.57807569686057292, 7.594767274008265900 ) ) ;
#2511 = EDGE_CURVE ( 'NONE', #6080, #6203, #8844, .T. ) ;
#2512 = CARTESIAN_POINT ( 'NONE',  ( 41.95831282128561668, 15.50958402367703037, 8.000000000000000000 ) ) ;
#2513 = CARTESIAN_POINT ( 'NONE',  ( 9.661938822621115364, 15.20900970726602530, 0.5000000000000004441 ) ) ;
#2514 = ORIENTED_EDGE ( 'NONE', *, *, #8176, .F. ) ;
#2515 = ORIENTED_EDGE ( 'NONE', *, *, #6838, .T. ) ;
#2516 =( BOUNDED_SURFACE ( )  B_SPLINE_SURFACE ( 3, 2, ( 
 ( #1276, #6718, #9841 ),
 ( #9075, #2042, #6819 ),
 ( #5171, #8299, #8930 ),
 ( #371, #7384, #4391 ),
 ( #1942, #7528, #6765 ),
 ( #9890, #7778, #2286 ),
 ( #1379, #5366, #3101 ),
 ( #3777, #619, #4695 ) ),
 .UNSPECIFIED., .F., .F., .T. ) 
 B_SPLINE_SURFACE_WITH_KNOTS ( ( 4, 2, 2, 4 ),
 ( 3, 3 ),
 ( -9.757819552369539906E-19, 0.0003323901524462014490, 0.0006647803048924038737, 0.001329560609784808615 ),
 ( 0.000000000000000000, 1.000000000000000000 ),
 .UNSPECIFIED. ) 
 GEOMETRIC_REPRESENTATION_ITEM ( )  RATIONAL_B_SPLINE_SURFACE ( (
 ( 1.000000000000000000, 0.8620267924378154367, 1.000000000000000000),
 ( 1.000000000000000000, 0.8899784208696293053, 1.000000000000000000),
 ( 1.000000000000000000, 0.9116139911066978296, 1.000000000000000000),
 ( 1.000000000000000000, 0.9466212523817076896, 1.000000000000000000),
 ( 1.000000000000000000, 0.9599923588161503041, 1.000000000000000000),
 ( 1.000000000000000000, 0.9911128565850216843, 1.000000000000000000),
 ( 1.000000000000000000, 0.9998942745557776179, 1.000000000000000000),
 ( 1.000000000000000000, 1.000000000000000000, 1.000000000000000000) ) ) 
 REPRESENTATION_ITEM ( '' )  SURFACE ( )  );
#2517 = CARTESIAN_POINT ( 'NONE',  ( 37.78649870599302574, 4.214462972446882283, -2.168404344971008868E-16 ) ) ;
#2518 = CIRCLE ( 'NONE', #731, 1.000000000000000888 ) ;
#2519 = DIRECTION ( 'NONE',  ( 1.224646799147353207E-16, 1.000000000000000000, 0.000000000000000000 ) ) ;
#2520 = CARTESIAN_POINT ( 'NONE',  ( 38.56119296357898918, 4.869103125225006323, 2.459646909124639347 ) ) ;
#2521 = CARTESIAN_POINT ( 'NONE',  ( 36.29772101840558918, 3.240490309877248176, 0.7382520816034888744 ) ) ;
#2522 = EDGE_LOOP ( 'NONE', ( #3085, #9777, #6369, #512 ) ) ;
#2523 = CARTESIAN_POINT ( 'NONE',  ( 47.96265993947271511, 31.32807569686054805, 1.999999999999997335 ) ) ;
#2524 = CARTESIAN_POINT ( 'NONE',  ( 12.76623838920110288, 7.161349079146920538, 0.5000000033422984380 ) ) ;
#2525 = EDGE_LOOP ( 'NONE', ( #1096, #2232, #3395 ) ) ;
#2526 = B_SPLINE_CURVE_WITH_KNOTS ( 'NONE', 3,
 ( #5691, #2503, #5585, #3936, #7939, #923 ),
 .UNSPECIFIED., .F., .F.,
 ( 4, 2, 4 ),
 ( 0.000000000000000000, 0.0004116725971878580008, 0.0008233451943757160016 ),
 .UNSPECIFIED. ) ;
#2527 = FACE_OUTER_BOUND ( 'NONE', #4770, .T. ) ;
#2528 = EDGE_CURVE ( 'NONE', #8174, #6333, #3891, .T. ) ;
#2529 = CARTESIAN_POINT ( 'NONE',  ( 42.33189622881006642, 39.98168791793165155, 7.999999999999394262 ) ) ;
#2530 = CARTESIAN_POINT ( 'NONE',  ( 39.25245745429697308, 47.99854194207634350, 0.5000000023205637412 ) ) ;
#2531 = ORIENTED_EDGE ( 'NONE', *, *, #5127, .T. ) ;
#2532 = CARTESIAN_POINT ( 'NONE',  ( 13.69851161557112285, 4.086501082639995452, 7.542083936009141176 ) ) ;
#2533 = CARTESIAN_POINT ( 'NONE',  ( 45.02869585593479229, 35.18963675524906876, 7.626533788330275954 ) ) ;
#2534 = ORIENTED_EDGE ( 'NONE', *, *, #6127, .F. ) ;
#2535 = EDGE_CURVE ( 'NONE', #7073, #7852, #8422, .T. ) ;
#2536 = DIRECTION ( 'NONE',  ( 0.000000000000000000, 0.000000000000000000, -1.000000000000000000 ) ) ;
#2537 = FACE_OUTER_BOUND ( 'NONE', #9483, .T. ) ;
#2538 = EDGE_CURVE ( 'NONE', #5102, #8621, #6059, .T. ) ;
#2539 = B_SPLINE_CURVE_WITH_KNOTS ( 'NONE', 3,
 ( #6064, #4512, #1077, #8864, #9579, #9632, #7220, #4905, #6463, #2549, #362, #3371, #8037, #5485, #1543 ),
 .UNSPECIFIED., .F., .F.,
 ( 4, 1, 1, 1, 1, 1, 1, 1, 2, 2, 4 ),
 ( 0.000000000000000000, 0.2500000000000670020, 0.3750000000001004752, 0.4375000000001172396, 0.4687500000001256217, 0.4843750000001298406, 0.4921875000001313394, 0.4960937500001321165, 0.4980468750001325051, 0.5000000000001327827, 1.000000000000000000 ),
 .UNSPECIFIED. ) ;
#2540 = DIRECTION ( 'NONE',  ( -1.000000000000000000, 0.000000000000000000, 0.000000000000000000 ) ) ;
#2541 = FACE_OUTER_BOUND ( 'NONE', #3934, .T. ) ;
#2542 = ORIENTED_EDGE ( 'NONE', *, *, #6745, .F. ) ;
#2543 = CYLINDRICAL_SURFACE ( 'NONE', #3499, 0.2500000000000002220 ) ;
#2544 = CARTESIAN_POINT ( 'NONE',  ( 15.31142454762200877, 15.01653201672721671, 5.750000000000000000 ) ) ;
#2545 = ORIENTED_EDGE ( 'NONE', *, *, #3106, .T. ) ;
#2546 = FACE_OUTER_BOUND ( 'NONE', #2851, .T. ) ;
#2547 = CARTESIAN_POINT ( 'NONE',  ( 38.28647487226384527, 3.972849573021337566, 3.093752754842840957 ) ) ;
#2548 = CARTESIAN_POINT ( 'NONE',  ( 10.43276897815123228, 14.94647261227012258, 2.000000000000000444 ) ) ;
#2549 = CARTESIAN_POINT ( 'NONE',  ( 13.96381976841886541, 47.75741976941120015, 5.391738112606309308 ) ) ;
#2550 = ADVANCED_FACE ( 'NONE', ( #4600 ), #2775, .T. ) ;
#2551 = DIRECTION ( 'NONE',  ( -0.000000000000000000, -0.000000000000000000, -1.000000000000000000 ) ) ;
#2552 = ORIENTED_EDGE ( 'NONE', *, *, #9190, .T. ) ;
#2553 = ORIENTED_EDGE ( 'NONE', *, *, #7082, .F. ) ;
#2554 = DIRECTION ( 'NONE',  ( 0.3108948944432142758, -0.9504442985305044944, 0.000000000000000000 ) ) ;
#2555 = VECTOR ( 'NONE', #8605, 1000.000000000000000 ) ;
#2556 = CARTESIAN_POINT ( 'NONE',  ( 43.50644096050604048, 38.26083996541551357, 6.500000000000000888 ) ) ;
#2557 = CARTESIAN_POINT ( 'NONE',  ( 36.00991137390269614, 4.214462972446882283, 0.9999999999999997780 ) ) ;
#2558 = ORIENTED_EDGE ( 'NONE', *, *, #7429, .T. ) ;
#2559 = LINE ( 'NONE', #4813, #6008 ) ;
#2560 = ADVANCED_FACE ( 'NONE', ( #1385 ), #1961, .T. ) ;
#2561 = CARTESIAN_POINT ( 'NONE',  ( 48.36464844812244479, 21.81914806882083369, 6.136227676821263799 ) ) ;
#2562 = CARTESIAN_POINT ( 'NONE',  ( 40.94994218047717993, 12.28547606425152772, 7.999999999999890754 ) ) ;
#2563 = VERTEX_POINT ( 'NONE', #771 ) ;
#2565 = ORIENTED_EDGE ( 'NONE', *, *, #6996, .F. ) ;
#2564 = AXIS2_PLACEMENT_3D ( 'NONE', #5050, #346, #8277 ) ;
#2566 = FACE_OUTER_BOUND ( 'NONE', #1601, .T. ) ;
#2567 = CARTESIAN_POINT ( 'NONE',  ( 48.20578756748940918, 21.66091581308942793, 6.205891020875667685 ) ) ;
#2568 = CARTESIAN_POINT ( 'NONE',  ( 39.97089743467265777, 9.511634840875716534, 5.579232048194094240 ) ) ;
#2569 = CARTESIAN_POINT ( 'NONE',  ( 37.43387870979644561, 3.694915361708961843, 2.819149901689681936 ) ) ;
#2570 = ADVANCED_FACE ( 'NONE', ( #10042 ), #8474, .T. ) ;
#2571 = ORIENTED_EDGE ( 'NONE', *, *, #8486, .T. ) ;
#2572 = CARTESIAN_POINT ( 'NONE',  ( 40.46073986493296104, 11.60612410327436628, 7.743090174226727740 ) ) ;
#2573 = CARTESIAN_POINT ( 'NONE',  ( 45.80268872672046143, 20.08653427432840743, 6.974480095893026643 ) ) ;
#2574 =( BOUNDED_CURVE ( )  B_SPLINE_CURVE ( 3, ( #458, #5841, #7422, #2029 ),
 .UNSPECIFIED., .F., .T. ) 
 B_SPLINE_CURVE_WITH_KNOTS ( ( 4, 4 ),
 ( 0.000000000000000000, 0.7249643031786231484 ),
 .UNSPECIFIED. ) 
 CURVE ( )  GEOMETRIC_REPRESENTATION_ITEM ( )  RATIONAL_B_SPLINE_CURVE ( ( 1.000000000000000000, 0.9566796956422136677, 0.9566796956422136677, 1.000000000000000000 ) ) 
 REPRESENTATION_ITEM ( '' )  );
#2575 = ORIENTED_EDGE ( 'NONE', *, *, #3123, .F. ) ;
#2576 = CARTESIAN_POINT ( 'NONE',  ( 12.74754793707019651, 47.93277776316597283, -0.01649726169812566062 ) ) ;
#2577 = CARTESIAN_POINT ( 'NONE',  ( 36.95439088508205572, 3.416206752360409382, 2.434653666134702910 ) ) ;
#2578 = DIRECTION ( 'NONE',  ( 1.000000000000000000, 0.000000000000000000, 0.000000000000000000 ) ) ;
#2579 = CARTESIAN_POINT ( 'NONE',  ( 48.34687722783103681, 21.91807873010858287, 2.677668881673362922 ) ) ;
#2580 = CARTESIAN_POINT ( 'NONE',  ( 36.90343501645912738, 51.75661255069645250, 2.308526107389442750 ) ) ;
#2581 = ORIENTED_EDGE ( 'NONE', *, *, #1787, .F. ) ;
#2582 = DIRECTION ( 'NONE',  ( 0.000000000000000000, -0.8660254037844389297, -0.4999999999999996114 ) ) ;
#2583 = CARTESIAN_POINT ( 'NONE',  ( 37.99871159594616898, 51.39834232161285854, 8.000000000000000000 ) ) ;
#2584 = CARTESIAN_POINT ( 'NONE',  ( 35.77669975197509444, 40.50285208865746256, 9.900000000000000355 ) ) ;
#2585 = AXIS2_PLACEMENT_3D ( 'NONE', #628, #5478, #3740 ) ;
#2586 = CARTESIAN_POINT ( 'NONE',  ( 41.90025936424217434, 15.43312667003400662, 2.000000000000000444 ) ) ;
#2587 = VECTOR ( 'NONE', #7850, 1000.000000000000114 ) ;
#2588 = DIRECTION ( 'NONE',  ( 0.000000000000000000, -1.000000000000000000, 0.000000000000000000 ) ) ;
#2589 = DIRECTION ( 'NONE',  ( 1.000000000000000000, 0.000000000000000000, 0.000000000000000000 ) ) ;
#2590 = EDGE_LOOP ( 'NONE', ( #1806, #643, #1308, #7476 ) ) ;
#2591 = CARTESIAN_POINT ( 'NONE',  ( 40.87964343420867408, 12.13709778434935593, 1.563477749165220976 ) ) ;
#2592 = CARTESIAN_POINT ( 'NONE',  ( 15.36383651558690211, 3.318597157356657501, 0.5179019881385472646 ) ) ;
#2593 = ORIENTED_EDGE ( 'NONE', *, *, #4657, .T. ) ;
#2594 = CARTESIAN_POINT ( 'NONE',  ( 8.985891734802375908, -10.68106125781308968, 7.000000000000000000 ) ) ;
#2595 = CARTESIAN_POINT ( 'NONE',  ( -13.49008862636929429, 17.31412688890281260, 25.81224303272701093 ) ) ;
#2596 = CARTESIAN_POINT ( 'NONE',  ( 26.65991137390270183, 10.07807569686058180, 6.500000000000000000 ) ) ;
#2597 = DIRECTION ( 'NONE',  ( -1.000000000000000000, 0.000000000000000000, 0.000000000000000000 ) ) ;
#2598 = EDGE_CURVE ( 'NONE', #588, #7711, #9262, .T. ) ;
#2599 = CARTESIAN_POINT ( 'NONE',  ( 5.509911374088051872, 27.57807569686057292, 2.500000000000000444 ) ) ;
#2600 = CARTESIAN_POINT ( 'NONE',  ( 10.27272579245245510, 14.13545726850516182, 2.500000000000144329 ) ) ;
#2601 = CARTESIAN_POINT ( 'NONE',  ( 9.760540775298686356, 40.08008031106943747, 8.000000000000000000 ) ) ;
#2602 = ORIENTED_EDGE ( 'NONE', *, *, #2605, .T. ) ;
#2603 = VERTEX_POINT ( 'NONE', #4855 ) ;
#2604 = FACE_OUTER_BOUND ( 'NONE', #513, .T. ) ;
#2605 = EDGE_CURVE ( 'NONE', #783, #861, #3373, .T. ) ;
#2606 = ADVANCED_FACE ( 'NONE', ( #7173 ), #2447, .T. ) ;
#2607 = CARTESIAN_POINT ( 'NONE',  ( 11.96076078495286410, 11.78352791426439872, 7.999999999999998224 ) ) ;
#2608 = CARTESIAN_POINT ( 'NONE',  ( 15.60643868344835283, 51.91691057053953529, 1.518327244431517675 ) ) ;
#2609 = AXIS2_PLACEMENT_3D ( 'NONE', #2774, #4513, #6885 ) ;
#2610 = DIRECTION ( 'NONE',  ( -0.000000000000000000, -0.000000000000000000, -1.000000000000000000 ) ) ;
#2611 = CARTESIAN_POINT ( 'NONE',  ( 11.38263671552209821, 40.80239366723873928, 10.05697407431507173 ) ) ;
#2612 = DIRECTION ( 'NONE',  ( 0.3108948944432142758, -0.9504442985305044944, 0.000000000000000000 ) ) ;
#2613 = EDGE_LOOP ( 'NONE', ( #7041, #6434, #9824, #2542, #1283, #9492, #3653, #8282, #7632, #3213 ) ) ;
#2614 = CARTESIAN_POINT ( 'NONE',  ( 10.41034923885826480, 41.32458491147411195, 2.499999999999998668 ) ) ;
#2615 = CARTESIAN_POINT ( 'NONE',  ( 37.93111805122371294, 52.34263501467440705, 2.316104644062557671 ) ) ;
#2616 = EDGE_CURVE ( 'NONE', #2289, #4362, #4407, .T. ) ;
#2617 = CARTESIAN_POINT ( 'NONE',  ( 16.00991137390270325, 3.452074046984450639, 2.463835190145036158 ) ) ;
#2618 = CARTESIAN_POINT ( 'NONE',  ( 46.50991137363070749, 26.30209948433252620, 3.712949016875144892 ) ) ;
#2619 = AXIS2_PLACEMENT_3D ( 'NONE', #7685, #679, #7786 ) ;
#2620 = AXIS2_PLACEMENT_3D ( 'NONE', #8439, #849, #5506 ) ;
#2621 = ORIENTED_EDGE ( 'NONE', *, *, #3845, .T. ) ;
#2622 = DIRECTION ( 'NONE',  ( 1.000000000000000000, -0.000000000000000000, 0.000000000000000000 ) ) ;
#2623 = DIRECTION ( 'NONE',  ( 0.000000000000000000, 0.000000000000000000, -1.000000000000000000 ) ) ;
#2624 = ORIENTED_EDGE ( 'NONE', *, *, #8916, .F. ) ;
#2625 = ADVANCED_FACE ( 'NONE', ( #3211 ), #972, .F. ) ;
#2626 = DIRECTION ( 'NONE',  ( 0.000000000000000000, 0.000000000000000000, 1.000000000000000000 ) ) ;
#2627 = DIRECTION ( 'NONE',  ( 1.000000000000000000, -3.574581708073421301E-15, 0.000000000000000000 ) ) ;
#2628 = CARTESIAN_POINT ( 'NONE',  ( 48.07538628960781324, 31.32807569686055871, 6.873019313629611382 ) ) ;
#2629 = LINE ( 'NONE', #1204, #6252 ) ;
#2630 = CARTESIAN_POINT ( 'NONE',  ( 37.87787016989517497, 51.43787013240048367, 2.553202235408408072 ) ) ;
#2631 = ORIENTED_EDGE ( 'NONE', *, *, #6086, .T. ) ;
#2632 = CARTESIAN_POINT ( 'NONE',  ( 13.69851161557112285, 4.086501082639995452, 0.5000000000000004441 ) ) ;
#2633 = B_SPLINE_CURVE_WITH_KNOTS ( 'NONE', 3,
 ( #1371, #8295, #9269, #3821, #8493, #5167, #2899, #762 ),
 .UNSPECIFIED., .F., .F.,
 ( 4, 2, 2, 4 ),
 ( 0.000000000000000000, 0.0007693827112886152337, 0.001154074066932925073, 0.001538765422577234154 ),
 .UNSPECIFIED. ) ;
#2634 = LINE ( 'NONE', #1716, #1790 ) ;
#2635 = CARTESIAN_POINT ( 'NONE',  ( 42.01499194447458052, 14.72733375002164813, 2.000000000000000000 ) ) ;
#2636 = DIRECTION ( 'NONE',  ( -1.000000000000000000, 0.000000000000000000, 0.000000000000000000 ) ) ;
#2637 = ADVANCED_FACE ( 'NONE', ( #819 ), #4735, .T. ) ;
#2638 = CARTESIAN_POINT ( 'NONE',  ( 41.52328659518909859, 13.63905078478563837, 1.999999999999919620 ) ) ;
#2639 = DIRECTION ( 'NONE',  ( -0.6630486149356120684, -0.7485763382795148635, 0.000000000000000000 ) ) ;
#2640 = VERTEX_POINT ( 'NONE', #3932 ) ;
#2641 = EDGE_LOOP ( 'NONE', ( #8671, #5547, #3462, #8838, #3087, #6776 ) ) ;
#2642 = CARTESIAN_POINT ( 'NONE',  ( 15.00991137390270858, 50.34168842127429144, 1.399999999999999911 ) ) ;
#2643 = CARTESIAN_POINT ( 'NONE',  ( 15.60643868344828711, 3.239240823181628759, 1.000000000000000666 ) ) ;
#2644 = ORIENTED_EDGE ( 'NONE', *, *, #5774, .T. ) ;
#2645 = LINE ( 'NONE', #4902, #4487 ) ;
#2646 = CARTESIAN_POINT ( 'NONE',  ( 36.56415830361353869, 51.74135525279487524, 0.3854532691474958916 ) ) ;
#2647 = DIRECTION ( 'NONE',  ( 0.000000000000000000, 0.000000000000000000, -1.000000000000000000 ) ) ;
#2648 = VECTOR ( 'NONE', #9462, 1000.000000000000000 ) ;
#2649 = CARTESIAN_POINT ( 'NONE',  ( 48.55316943299862231, 31.57807569686055160, 8.000000000000000000 ) ) ;
#2650 = CARTESIAN_POINT ( 'NONE',  ( 9.742318180435562525, 40.05452126176702166, 8.000000000000000000 ) ) ;
#2651 = ORIENTED_EDGE ( 'NONE', *, *, #1042, .F. ) ;
#2652 = ORIENTED_EDGE ( 'NONE', *, *, #4814, .T. ) ;
#2653 = FACE_OUTER_BOUND ( 'NONE', #6923, .T. ) ;
#2654 = CARTESIAN_POINT ( 'NONE',  ( -13.49008862636929429, 42.08447431474561995, 1.888822129096488833 ) ) ;
#2655 = DIRECTION ( 'NONE',  ( -0.000000000000000000, -0.000000000000000000, -1.000000000000000000 ) ) ;
#2656 = CARTESIAN_POINT ( 'NONE',  ( 48.20578756748942340, 33.49523558063172857, 6.205891020876668662 ) ) ;
#2657 = CARTESIAN_POINT ( 'NONE',  ( 12.11094906057237175, 45.80497370138255775, 6.701384040029756406 ) ) ;
#2658 = VECTOR ( 'NONE', #8519, 1000.000000000000000 ) ;
#2659 = EDGE_CURVE ( 'NONE', #266, #1669, #2393, .T. ) ;
#2660 = EDGE_CURVE ( 'NONE', #355, #9243, #4906, .T. ) ;
#2661 = DIRECTION ( 'NONE',  ( 0.000000000000000000, -0.9444110645482444166, 0.3287670013228996546 ) ) ;
#2662 = EDGE_LOOP ( 'NONE', ( #4869, #949 ) ) ;
#2663 = EDGE_LOOP ( 'NONE', ( #1809, #8684, #1451, #5457, #3078, #6789, #1083 ) ) ;
#2664 = LINE ( 'NONE', #8985, #10036 ) ;
#2665 = CARTESIAN_POINT ( 'NONE',  ( 38.42206890812146725, 50.74049265975654066, 2.156329832423669934 ) ) ;
#2666 = CIRCLE ( 'NONE', #8402, 12.49999999999999645 ) ;
#2667 = CARTESIAN_POINT ( 'NONE',  ( 35.77669975197509444, 40.50285208865746256, 1.600000000000000089 ) ) ;
#2668 = CARTESIAN_POINT ( 'NONE',  ( 36.41338406475670553, 3.239240823312335760, 0.9345383654041498067 ) ) ;
#2669 = TOROIDAL_SURFACE ( 'NONE', #5956, 19.87447294565551559, 0.5000000000000000000 ) ;
#2670 = ORIENTED_EDGE ( 'NONE', *, *, #1418, .F. ) ;
#2671 = B_SPLINE_CURVE_WITH_KNOTS ( 'NONE', 3,
 ( #7900, #9499, #6429, #6218 ),
 .UNSPECIFIED., .F., .F.,
 ( 4, 4 ),
 ( 5.182094133416139871E-15, 0.0004193427957913801779 ),
 .UNSPECIFIED. ) ;
#2672 = CARTESIAN_POINT ( 'NONE',  ( 15.63630593093342291, 51.88691790605097509, 2.055124639328976599 ) ) ;
#2673 = CARTESIAN_POINT ( 'NONE',  ( 36.00991137390269614, 48.35569127583016069, 5.000000000000000888 ) ) ;
#2674 = EDGE_CURVE ( 'NONE', #8782, #9847, #6720, .T. ) ;
#2675 = CIRCLE ( 'NONE', #4150, 11.99999999999999645 ) ;
#2676 = ORIENTED_EDGE ( 'NONE', *, *, #2298, .T. ) ;
#2677 = FACE_OUTER_BOUND ( 'NONE', #9983, .T. ) ;
#2678 = CARTESIAN_POINT ( 'NONE',  ( 39.54744016982826338, 47.02131236710700080, 0.7501502095329075637 ) ) ;
#2679 = CARTESIAN_POINT ( 'NONE',  ( 10.51100565915086449, 40.35816719674284769, 2.000000000000000444 ) ) ;
#2680 = CARTESIAN_POINT ( 'NONE',  ( 48.26917597173572716, 21.87190964284417305, 2.573145880096028737 ) ) ;
#2681 = CARTESIAN_POINT ( 'NONE',  ( 40.40913657074516152, 10.83990412195459641, 6.493806891343680832 ) ) ;
#2682 = ORIENTED_EDGE ( 'NONE', *, *, #8114, .T. ) ;
#2683 = AXIS2_PLACEMENT_3D ( 'NONE', #7797, #1697, #8574 ) ;
#2684 = DIRECTION ( 'NONE',  ( 1.000000000000000000, -8.462065736584504477E-17, 0.000000000000000000 ) ) ;
#2685 = CARTESIAN_POINT ( 'NONE',  ( 39.10135862152188935, 48.49995602334738010, 2.602085213965211825E-15 ) ) ;
#2686 = CARTESIAN_POINT ( 'NONE',  ( 14.07787659459083152, 51.41691057053953529, 0.4999999999999997780 ) ) ;
#2687 = EDGE_CURVE ( 'NONE', #9443, #8301, #7844, .T. ) ;
#2688 = CARTESIAN_POINT ( 'NONE',  ( 41.98669438976854451, 14.63519049544849970, 2.500000000000000444 ) ) ;
#2689 = CARTESIAN_POINT ( 'NONE',  ( 0.000000000000000000, 23.82807569686055871, 8.000000000000000000 ) ) ;
#2690 = ORIENTED_EDGE ( 'NONE', *, *, #3794, .F. ) ;
#2691 = AXIS2_PLACEMENT_3D ( 'NONE', #5153, #401, #9866 ) ;
#2692 = DIRECTION ( 'NONE',  ( 0.000000000000000000, 0.000000000000000000, -1.000000000000000000 ) ) ;
#2693 = ORIENTED_EDGE ( 'NONE', *, *, #996, .T. ) ;
#2694 = DIRECTION ( 'NONE',  ( -0.000000000000000000, 0.000000000000000000, 1.000000000000000000 ) ) ;
#2695 = CARTESIAN_POINT ( 'NONE',  ( 14.47917718116580943, 3.607973474115363288, 0.5000000000078960172 ) ) ;
#2696 = EDGE_CURVE ( 'NONE', #8630, #6495, #8674, .T. ) ;
#2697 = ORIENTED_EDGE ( 'NONE', *, *, #3547, .T. ) ;
#2698 = CARTESIAN_POINT ( 'NONE',  ( 11.35661954846544575, 42.08447431474561995, 1.888822129096488833 ) ) ;
#2699 = PLANE ( 'NONE',  #6846 ) ;
#2700 = CARTESIAN_POINT ( 'NONE',  ( 36.45316846562696611, 51.90389690182434634, 0.8691260408017377204 ) ) ;
#2701 = CARTESIAN_POINT ( 'NONE',  ( 14.14195258819890810, 51.43787013576594802, 2.553202228886540581 ) ) ;
#2702 = UNCERTAINTY_MEASURE_WITH_UNIT (LENGTH_MEASURE( 1.000000000000000082E-05 ), #6233, 'distance_accuracy_value', 'NONE');
#2703 = CARTESIAN_POINT ( 'NONE',  ( 12.88554571406187321, 44.37443844176073782, 7.660946871235453592 ) ) ;
#2704 = AXIS2_PLACEMENT_3D ( 'NONE', #959, #2737, #6499 ) ;
#2705 = DIRECTION ( 'NONE',  ( -1.000000000000000000, 0.000000000000000000, 0.000000000000000000 ) ) ;
#2706 = DIRECTION ( 'NONE',  ( -0.000000000000000000, -0.000000000000000000, -1.000000000000000000 ) ) ;
#2707 = ORIENTED_EDGE ( 'NONE', *, *, #9753, .F. ) ;
#2708 = CARTESIAN_POINT ( 'NONE',  ( 36.18218765000129622, 3.214462972446881395, 1.518327244431517675 ) ) ;
#2709 = CARTESIAN_POINT ( 'NONE',  ( 36.70839819969341988, 40.13961937741125752, 1.600000000000000089 ) ) ;
#2710 = CARTESIAN_POINT ( 'NONE',  ( 13.87558903461923698, 51.33028170682357683, 2.274018782911936487 ) ) ;
#2711 = CARTESIAN_POINT ( 'NONE',  ( 11.61784859518805213, 44.33690771254251217, 6.479684690868471542 ) ) ;
#2712 = CARTESIAN_POINT ( 'NONE',  ( 14.08870467770157653, 52.34263495403634181, 1.082262506959523529 ) ) ;
#2713 = CARTESIAN_POINT ( 'NONE',  ( 48.62827832076740009, 32.49089498180677538, 6.000000000000000000 ) ) ;
#2714 = ORIENTED_EDGE ( 'NONE', *, *, #4847, .F. ) ;
#2715 = EDGE_CURVE ( 'NONE', #3004, #9540, #1733, .T. ) ;
#2716 = ORIENTED_EDGE ( 'NONE', *, *, #7561, .F. ) ;
#2717 = CARTESIAN_POINT ( 'NONE',  ( 38.23422044977723999, 51.35377908142137215, 2.979401400691206181 ) ) ;
#2718 = DIRECTION ( 'NONE',  ( 1.000000000000000000, -0.000000000000000000, 0.000000000000000000 ) ) ;
#2719 = ADVANCED_FACE ( 'NONE', ( #1989 ), #8198, .T. ) ;
#2720 = CARTESIAN_POINT ( 'NONE',  ( 10.38006231759235831, 15.03805175705190500, 8.000000000000000000 ) ) ;
#2721 = AXIS2_PLACEMENT_3D ( 'NONE', #1643, #4768, #9600 ) ;
#2722 =( BOUNDED_SURFACE ( )  B_SPLINE_SURFACE ( 3, 2, ( 
 ( #1112, #8180, #4842 ),
 ( #7973, #7361, #8797 ),
 ( #4947, #4181, #2586 ),
 ( #8129, #9620, #8751 ),
 ( #1770, #4892, #9519 ),
 ( #962, #6599, #8078 ),
 ( #199, #3304, #2486 ),
 ( #2688, #3407, #4075 ),
 ( #6449, #6548, #1877 ),
 ( #5831, #5054, #9670 ),
 ( #9721, #1822, #8957 ),
 ( #1720, #2638, #9568 ),
 ( #148, #5671, #1064 ),
 ( #5623, #5777, #8027 ) ),
 .UNSPECIFIED., .F., .F., .T. ) 
 B_SPLINE_SURFACE_WITH_KNOTS ( ( 4, 2, 2, 2, 2, 2, 4 ),
 ( 3, 3 ),
 ( -6.802805803548216124E-07, 0.0001409251622991517894, 0.0002825306051786584003, 0.0005657414909376716223, 0.001132163262455698066, 0.001698585033973724510, 0.002265006805491750954 ),
 ( 0.000000000000000000, 1.000000000000000000 ),
 .UNSPECIFIED. ) 
 GEOMETRIC_REPRESENTATION_ITEM ( )  RATIONAL_B_SPLINE_SURFACE ( (
 ( 1.000000000000000000, 0.7071067811865475727, 1.000000000000000000),
 ( 1.000000000000000000, 0.7071067811865475727, 1.000000000000000000),
 ( 1.000000000000000000, 0.7071067811865475727, 1.000000000000000000),
 ( 1.000000000000000000, 0.7071067811865475727, 1.000000000000000000),
 ( 1.000000000000000000, 0.7071067811865475727, 1.000000000000000000),
 ( 1.000000000000000000, 0.7071067811865475727, 1.000000000000000000),
 ( 1.000000000000000000, 0.7071067811865475727, 1.000000000000000000),
 ( 1.000000000000000000, 0.7071067811865475727, 1.000000000000000000),
 ( 1.000000000000000000, 0.7071067811865475727, 1.000000000000000000),
 ( 1.000000000000000000, 0.7071067811865475727, 1.000000000000000000),
 ( 1.000000000000000000, 0.7071067811865480168, 1.000000000000000000),
 ( 1.000000000000000000, 0.7071067811865480168, 1.000000000000000000),
 ( 1.000000000000000000, 0.7071067811865475727, 1.000000000000000000),
 ( 1.000000000000000000, 0.7071067811865475727, 1.000000000000000000) ) ) 
 REPRESENTATION_ITEM ( '' )  SURFACE ( )  );
#2723 = CARTESIAN_POINT ( 'NONE',  ( 15.15386523160433185, 51.67650634656585851, 2.549091988541619447 ) ) ;
#2724 = B_SPLINE_CURVE_WITH_KNOTS ( 'NONE', 3,
 ( #1656, #9513, #4068, #1057 ),
 .UNSPECIFIED., .F., .F.,
 ( 4, 4 ),
 ( 1.626303258728256651E-19, 0.001725877478619537025 ),
 .UNSPECIFIED. ) ;
#2725 = DIRECTION ( 'NONE',  ( -1.000000000000000000, 0.000000000000000000, 0.000000000000000000 ) ) ;
#2726 = ORIENTED_EDGE ( 'NONE', *, *, #8627, .F. ) ;
#2727 = ADVANCED_FACE ( 'NONE', ( #7473 ), #8246, .T. ) ;
#2728 = PLANE ( 'NONE',  #7591 ) ;
#2729 = CARTESIAN_POINT ( 'NONE',  ( 41.12469625667271345, 42.44127839610215602, 2.361027661370611153 ) ) ;
#2730 = EDGE_CURVE ( 'NONE', #10118, #8087, #9120, .T. ) ;
#2731 = CARTESIAN_POINT ( 'NONE',  ( 12.19010723757226344, 12.58154103960286463, 8.868220948429835104 ) ) ;
#2732 = CARTESIAN_POINT ( 'NONE',  ( 48.55316943299862231, 23.82807569686055871, 2.439604810534890866 ) ) ;
#2733 = ADVANCED_FACE ( 'NONE', ( #2849 ), #9530, .T. ) ;
#2734 = FACE_BOUND ( 'NONE', #2977, .T. ) ;
#2735 = ORIENTED_EDGE ( 'NONE', *, *, #7963, .T. ) ;
#2736 = CARTESIAN_POINT ( 'NONE',  ( 11.42546079596590047, 43.76830042575634394, 1.302651041056246406 ) ) ;
#2737 = DIRECTION ( 'NONE',  ( 0.000000000000000000, 0.000000000000000000, -1.000000000000000000 ) ) ;
#2738 = CARTESIAN_POINT ( 'NONE',  ( 40.40239024019961533, 42.89344985346560435, 7.999999999999994671 ) ) ;
#2739 = CARTESIAN_POINT ( 'NONE',  ( 40.74639734843725591, 41.92485470041759044, 1.944388676254691140 ) ) ;
#2740 = ORIENTED_EDGE ( 'NONE', *, *, #8556, .F. ) ;
#2741 = CARTESIAN_POINT ( 'NONE',  ( 48.41430987720885781, 33.26663757241107078, 2.848314868472591410 ) ) ;
#2742 = EDGE_LOOP ( 'NONE', ( #7987, #5639 ) ) ;
#2743 = CARTESIAN_POINT ( 'NONE',  ( 40.02134410495416716, 9.690770201581329957, 1.293554530290369486 ) ) ;
#2744 = B_SPLINE_CURVE_WITH_KNOTS ( 'NONE', 3,
 ( #8311, #6729, #7537, #8360 ),
 .UNSPECIFIED., .F., .F.,
 ( 4, 4 ),
 ( 8.459707675432305424E-16, 0.0004379075942704734005 ),
 .UNSPECIFIED. ) ;
#2745 = CARTESIAN_POINT ( 'NONE',  ( 15.56896081036110502, 3.340676569993935807, 0.4963810536663461614 ) ) ;
#2746 = EDGE_CURVE ( 'NONE', #5526, #1151, #7693, .T. ) ;
#2747 = VECTOR ( 'NONE', #5015, 1000.000000000000000 ) ;
#2748 = LINE ( 'NONE', #3568, #1445 ) ;
#2749 = DIRECTION ( 'NONE',  ( 0.000000000000000000, -1.000000000000000000, 0.000000000000000000 ) ) ;
#2750 = AXIS2_PLACEMENT_3D ( 'NONE', #4506, #6160, #12 ) ;
#2751 = CARTESIAN_POINT ( 'NONE',  ( 11.22492344485605464, 41.83419513416389890, 1.962354941703697619 ) ) ;
#2752 = CARTESIAN_POINT ( 'NONE',  ( 40.05906204154312888, 43.37262347979458355, 7.999999999999994671 ) ) ;
#2753 = CARTESIAN_POINT ( 'NONE',  ( 43.50991137363070749, 28.85405190938863740, 5.567050983124850916 ) ) ;
#2754 = DIRECTION ( 'NONE',  ( -0.000000000000000000, -0.000000000000000000, -1.000000000000000000 ) ) ;
#2755 = CARTESIAN_POINT ( 'NONE',  ( 36.25793661713536409, 51.94168842127429997, 0.4142135623730955896 ) ) ;
#2756 = ADVANCED_FACE ( 'NONE', ( #3475 ), #6614, .T. ) ;
#2757 = VERTEX_POINT ( 'NONE', #8972 ) ;
#2758 = ORIENTED_EDGE ( 'NONE', *, *, #9512, .F. ) ;
#2759 = CARTESIAN_POINT ( 'NONE',  ( 44.63756226954168227, 19.01772663739999203, 7.109525160928102494 ) ) ;
#2760 = CYLINDRICAL_SURFACE ( 'NONE', #7016, 20.49999999981464427 ) ;
#2761 = CARTESIAN_POINT ( 'NONE',  ( 13.53741355384117284, 50.54297924565111799, 2.288459874187915410 ) ) ;
#2762 = CARTESIAN_POINT ( 'NONE',  ( 26.00991137390270680, 27.57807569686059068, 10.83687549219316004 ) ) ;
#2763 = ORIENTED_EDGE ( 'NONE', *, *, #1984, .F. ) ;
#2764 = EDGE_CURVE ( 'NONE', #8000, #1556, #6757, .T. ) ;
#2765 = VERTEX_POINT ( 'NONE', #5071 ) ;
#2766 = CARTESIAN_POINT ( 'NONE',  ( 13.17661023020013467, 5.799550168554199914, 2.913484485872072998E-13 ) ) ;
#2767 = VECTOR ( 'NONE', #3997, 1000.000000000000000 ) ;
#2768 = FACE_OUTER_BOUND ( 'NONE', #1603, .T. ) ;
#2769 = CARTESIAN_POINT ( 'NONE',  ( 11.00242549341960618, 13.61292737913947271, 2.000000000000000000 ) ) ;
#2770 = CARTESIAN_POINT ( 'NONE',  ( 16.00991137390270325, 3.412542978253471304, 2.390150861992091258 ) ) ;
#2771 = FACE_OUTER_BOUND ( 'NONE', #7247, .T. ) ;
#2772 = CARTESIAN_POINT ( 'NONE',  ( 11.00991137390270858, 27.57807569686058358, 4.639999999999999680 ) ) ;
#2773 = CIRCLE ( 'NONE', #5077, 0.6999999999999992895 ) ;
#2774 = CARTESIAN_POINT ( 'NONE',  ( 26.00991137390269969, 27.57807569686057292, 8.000000000000000000 ) ) ;
#2775 = TOROIDAL_SURFACE ( 'NONE', #6392, 19.99999999981464427, 0.5000000000000000000 ) ;
#2776 = VERTEX_POINT ( 'NONE', #9021 ) ;
#2777 =( LENGTH_UNIT ( ) NAMED_UNIT ( * ) SI_UNIT ( .MILLI., .METRE. ) );
#2778 = CARTESIAN_POINT ( 'NONE',  ( 10.85446680767511829, 18.82807569686041660, 2.000000000000000000 ) ) ;
#2779 = CARTESIAN_POINT ( 'NONE',  ( 38.84321251760795235, 5.799550168553344598, -9.632106793556140810E-14 ) ) ;
#2780 = CARTESIAN_POINT ( 'NONE',  ( 42.34595225215176839, 39.96300277860376582, 2.500000000000000444 ) ) ;
#2781 = CARTESIAN_POINT ( 'NONE',  ( 40.25236634930447366, 10.38006950817810292, 6.175619184365322312 ) ) ;
#2782 = ORIENTED_EDGE ( 'NONE', *, *, #2358, .T. ) ;
#2783 = CARTESIAN_POINT ( 'NONE',  ( 12.42192683773729378, 46.85489239095790026, 0.2281511513341868969 ) ) ;
#2784 = VECTOR ( 'NONE', #6865, 1000.000000000000000 ) ;
#2785 = CARTESIAN_POINT ( 'NONE',  ( 37.78649870599302574, 4.214462972446882283, 0.4999999999999997780 ) ) ;
#2786 = CARTESIAN_POINT ( 'NONE',  ( 47.88390178113653661, 22.04352467412638816, 6.205891020875663244 ) ) ;
#2787 = VECTOR ( 'NONE', #9690, 1000.000000000000000 ) ;
#2788 = EDGE_CURVE ( 'NONE', #9628, #2357, #8187, .T. ) ;
#2789 = CARTESIAN_POINT ( 'NONE',  ( 41.20675823934881521, 42.24446524943549264, 2.430483779105482078 ) ) ;
#2790 = EDGE_CURVE ( 'NONE', #6495, #2235, #9495, .T. ) ;
#2791 = ORIENTED_EDGE ( 'NONE', *, *, #6051, .F. ) ;
#2792 = DIRECTION ( 'NONE',  ( 0.000000000000000000, 0.000000000000000000, -1.000000000000000000 ) ) ;
#2793 = EDGE_LOOP ( 'NONE', ( #8221, #9300 ) ) ;
#2794 = CYLINDRICAL_SURFACE ( 'NONE', #8403, 0.4999999999999865663 ) ;
#2795 = CARTESIAN_POINT ( 'NONE',  ( 14.07787659459076934, 3.739240823181628315, -1.192622389734054877E-15 ) ) ;
#2796 = CARTESIAN_POINT ( 'NONE',  ( 25.35991137390269401, 45.07807569686058713, 3.000000000000000000 ) ) ;
#2797 = CARTESIAN_POINT ( 'NONE',  ( 10.74339688220282873, 42.08086232269684501, 1.914617734782972036 ) ) ;
#2798 = CARTESIAN_POINT ( 'NONE',  ( 14.17655859908086136, 4.233031221373538600, 0.000000000000000000 ) ) ;
#2799 = LINE ( 'NONE', #3528, #5385 ) ;
#2800 = DIRECTION ( 'NONE',  ( -1.000000000000000000, 0.000000000000000000, 0.000000000000000000 ) ) ;
#2801 = CARTESIAN_POINT ( 'NONE',  ( 11.48567377840815773, 11.21891708518810837, 1.831758898258431412 ) ) ;
#2802 = EDGE_CURVE ( 'NONE', #5202, #10084, #3721, .T. ) ;
#2803 = CARTESIAN_POINT ( 'NONE',  ( 11.54124021349146645, 42.70036299783583900, 8.000000000000000000 ) ) ;
#2804 = VERTEX_POINT ( 'NONE', #9219 ) ;
#2805 = VERTEX_POINT ( 'NONE', #6236 ) ;
#2806 = CARTESIAN_POINT ( 'NONE',  ( 45.08714260202021507, 19.83093253380081578, 7.142527034440230516 ) ) ;
#2807 = DIRECTION ( 'NONE',  ( 0.000000000000000000, 0.8304734356177293497, 0.5570582310075716803 ) ) ;
#2808 = CIRCLE ( 'NONE', #8543, 19.87447294565551914 ) ;
#2809 = CARTESIAN_POINT ( 'NONE',  ( 9.661938822606197519, 39.94714168643540120, 2.500000000000000444 ) ) ;
#2810 = CARTESIAN_POINT ( 'NONE',  ( 41.36617990154525870, 41.86775013423866199, 7.500000000000002665 ) ) ;
#2811 = CARTESIAN_POINT ( 'NONE',  ( 41.53401941923416985, 40.97040332450016109, 2.075596778486689331 ) ) ;
#2812 = ORIENTED_EDGE ( 'NONE', *, *, #6379, .T. ) ;
#2813 = VERTEX_POINT ( 'NONE', #5259 ) ;
#2814 = CARTESIAN_POINT ( 'NONE',  ( 26.00991137390270680, 27.57807569686058358, 9.900000000000002132 ) ) ;
#2815 = VECTOR ( 'NONE', #4454, 1000.000000000000000 ) ;
#2816 = DIRECTION ( 'NONE',  ( -0.000000000000000000, -0.000000000000000000, -1.000000000000000000 ) ) ;
#2817 = CARTESIAN_POINT ( 'NONE',  ( 37.00991137390271035, 50.34168842127429144, 1.399999999999999911 ) ) ;
#2818 = CARTESIAN_POINT ( 'NONE',  ( 10.29960918341894072, 14.07679280615930040, 7.999999999999879208 ) ) ;
#2819 = CARTESIAN_POINT ( 'NONE',  ( 9.757410001479158268, 40.07436998296012831, 2.500000000000000000 ) ) ;
#2820 = EDGE_CURVE ( 'NONE', #8694, #1197, #1572, .T. ) ;
#2821 = CARTESIAN_POINT ( 'NONE',  ( 11.12119430196509917, 12.15707387053352129, 7.545573191523354595 ) ) ;
#2822 = DIRECTION ( 'NONE',  ( -1.000000000000000000, 0.000000000000000000, 0.000000000000000000 ) ) ;
#2823 = ORIENTED_EDGE ( 'NONE', *, *, #489, .F. ) ;
#2824 = CARTESIAN_POINT ( 'NONE',  ( 48.36878960930641824, 21.82477892532088504, 2.915904473877410030 ) ) ;
#2825 = VECTOR ( 'NONE', #9682, 1000.000000000000000 ) ;
#2826 = CARTESIAN_POINT ( 'NONE',  ( 41.09356010224515643, 41.46092630575288496, 2.007118865844238265 ) ) ;
#2827 = VECTOR ( 'NONE', #227, 1000.000000000000000 ) ;
#2828 = CARTESIAN_POINT ( 'NONE',  ( 14.87780073999726049, 4.370268842265500275, 3.360330426720344654 ) ) ;
#2829 = CARTESIAN_POINT ( 'NONE',  ( 46.79712402700693019, 21.12922720847927494, 6.999999999999999112 ) ) ;
#2830 = EDGE_LOOP ( 'NONE', ( #4578, #9131, #7764, #7637 ) ) ;
#2831 = DIRECTION ( 'NONE',  ( -1.000000000000000000, 0.000000000000000000, 0.000000000000000000 ) ) ;
#2832 = CARTESIAN_POINT ( 'NONE',  ( 41.37840050130980529, 14.54105256522112732, 8.000000000000000000 ) ) ;
#2833 = FACE_OUTER_BOUND ( 'NONE', #2314, .T. ) ;
#2834 = EDGE_LOOP ( 'NONE', ( #6775, #9012, #7718, #2371, #4448, #2412 ) ) ;
#2835 = DIRECTION ( 'NONE',  ( -0.000000000000000000, -0.000000000000000000, -1.000000000000000000 ) ) ;
#2836 = EDGE_CURVE ( 'NONE', #7400, #452, #176, .T. ) ;
#2837 = ORIENTED_EDGE ( 'NONE', *, *, #7440, .T. ) ;
#2838 = CARTESIAN_POINT ( 'NONE',  ( 41.37296820507071260, 41.85926380550551329, 2.000000000000000444 ) ) ;
#2839 =( BOUNDED_SURFACE ( )  B_SPLINE_SURFACE ( 3, 2, ( 
 ( #4295, #5020, #9635 ),
 ( #1128, #7278, #1225 ),
 ( #265, #9684, #9789 ),
 ( #1990, #2650, #5793 ),
 ( #9023, #2601, #6713 ),
 ( #7379, #9835, #8145 ),
 ( #3375, #8867, #366 ),
 ( #8925, #1836, #4964 ),
 ( #8096, #6616, #5846 ),
 ( #1080, #1892, #5315 ),
 ( #8447, #9121, #3722 ),
 ( #4387, #6093, #2231 ),
 ( #614, #2997, #2081 ),
 ( #7522, #6043, #7572 ),
 ( #1471, #4491, #9170 ),
 ( #2803, #10031, #4590 ) ),
 .UNSPECIFIED., .F., .F., .F. ) 
 B_SPLINE_SURFACE_WITH_KNOTS ( ( 4, 2, 2, 2, 2, 2, 2, 4 ),
 ( 3, 3 ),
 ( -6.938893903907228378E-18, 0.0001060230729966818306, 0.0002120461459933706001, 0.0004240922919867481391, 0.0008481845839735032170, 0.001272276875960258241, 0.001696369167947013373, 0.003392738335894033685 ),
 ( 0.000000000000000000, 1.000000000000000000 ),
 .UNSPECIFIED. ) 
 GEOMETRIC_REPRESENTATION_ITEM ( )  RATIONAL_B_SPLINE_SURFACE ( (
 ( 1.000000000000000000, 0.7071067811865475727, 1.000000000000000000),
 ( 1.000000000000000000, 0.7071067811865475727, 1.000000000000000000),
 ( 1.000000000000000000, 0.7071067811865475727, 1.000000000000000000),
 ( 1.000000000000000000, 0.7071067811865475727, 1.000000000000000000),
 ( 1.000000000000000000, 0.7071067811865475727, 1.000000000000000000),
 ( 1.000000000000000000, 0.7071067811865475727, 1.000000000000000000),
 ( 1.000000000000000000, 0.7071067811865475727, 1.000000000000000000),
 ( 1.000000000000000000, 0.7071067811865475727, 1.000000000000000000),
 ( 1.000000000000000000, 0.7071067811865475727, 1.000000000000000000),
 ( 1.000000000000000000, 0.7071067811865475727, 1.000000000000000000),
 ( 1.000000000000000000, 0.7071067811865486830, 1.000000000000000000),
 ( 1.000000000000000000, 0.7071067811865486830, 1.000000000000000000),
 ( 1.000000000000000000, 0.7071067811865475727, 1.000000000000000000),
 ( 1.000000000000000000, 0.7071067811865475727, 1.000000000000000000),
 ( 1.000000000000000000, 0.7071067811865475727, 1.000000000000000000),
 ( 1.000000000000000000, 0.7071067811865475727, 1.000000000000000000) ) ) 
 REPRESENTATION_ITEM ( '' )  SURFACE ( )  );
#2840 = AXIS2_PLACEMENT_3D ( 'NONE', #4726, #2982, #7804 ) ;
#2841 = FACE_OUTER_BOUND ( 'NONE', #4225, .T. ) ;
#2842 = ADVANCED_FACE ( 'NONE', ( #3870 ), #3227, .T. ) ;
#2843 = EDGE_CURVE ( 'NONE', #7544, #2502, #9403, .T. ) ;
#2844 = CARTESIAN_POINT ( 'NONE',  ( 10.85446680767494776, 36.32807569686045923, 2.000000000000000000 ) ) ;
#2845 = CARTESIAN_POINT ( 'NONE',  ( -13.49008862636929429, 13.72921108162135440, -4.336808689942017736E-16 ) ) ;
#2846 = DIRECTION ( 'NONE',  ( 1.000000000000000000, 0.000000000000000000, 0.000000000000000000 ) ) ;
#2847 = CARTESIAN_POINT ( 'NONE',  ( 40.02695616810881063, 43.87955754570112532, 7.807702464967442246 ) ) ;
#2848 = DIRECTION ( 'NONE',  ( -0.000000000000000000, 0.000000000000000000, -1.000000000000000000 ) ) ;
#2849 = FACE_OUTER_BOUND ( 'NONE', #4116, .T. ) ;
#2850 = CARTESIAN_POINT ( 'NONE',  ( 16.00991137394876773, 9.682545528973136584, 0.7090026007049955448 ) ) ;
#2851 = EDGE_LOOP ( 'NONE', ( #8880, #9703, #3437, #7937 ) ) ;
#2852 = AXIS2_PLACEMENT_3D ( 'NONE', #2153, #2103, #5232 ) ;
#2853 = VERTEX_POINT ( 'NONE', #4026 ) ;
#2854 = CARTESIAN_POINT ( 'NONE',  ( 47.10249359828606686, 33.77001919795423390, 2.000000000000000000 ) ) ;
#2855 = CARTESIAN_POINT ( 'NONE',  ( 12.28283492923026898, 11.38226363704769106, 7.935346018323283346 ) ) ;
#2856 = ADVANCED_FACE ( 'NONE', ( #6400 ), #806, .F. ) ;
#2857 = ORIENTED_EDGE ( 'NONE', *, *, #2696, .F. ) ;
#2858 = FACE_OUTER_BOUND ( 'NONE', #6257, .T. ) ;
#2859 = CARTESIAN_POINT ( 'NONE',  ( 12.10875768802242725, 45.79841684240220445, 5.472096244788207997 ) ) ;
#2860 = CARTESIAN_POINT ( 'NONE',  ( 26.00991137390269969, 27.57807569686057292, 8.000000000000000000 ) ) ;
#2861 = ORIENTED_EDGE ( 'NONE', *, *, #4299, .F. ) ;
#2862 = EDGE_LOOP ( 'NONE', ( #6816, #5631 ) ) ;
#2863 = CARTESIAN_POINT ( 'NONE',  ( 15.85559974462920785, 3.220064769441099539, 0.8797234935597174621 ) ) ;
#2864 = CARTESIAN_POINT ( 'NONE',  ( 10.78430784024099331, 12.98065478705575870, 2.454823091578467231 ) ) ;
#2865 = CARTESIAN_POINT ( 'NONE',  ( 39.10135862152188935, 48.49995602334737299, 0.5000000000000000000 ) ) ;
#2866 = CARTESIAN_POINT ( 'NONE',  ( 11.53369748586865029, 12.47459563411025485, 8.000000000000000000 ) ) ;
#2867 = ADVANCED_FACE ( 'NONE', ( #2487 ), #8597, .T. ) ;
#2868 = CARTESIAN_POINT ( 'NONE',  ( 10.41667102911999088, 41.33870201060396710, 2.500000000000000000 ) ) ;
#2869 = CARTESIAN_POINT ( 'NONE',  ( -13.49008862636929429, 11.89582941397556581, 8.000000000000000000 ) ) ;
#2870 = CARTESIAN_POINT ( 'NONE',  ( 16.00991137390270325, 48.35569127583017490, 0.000000000000000000 ) ) ;
#2871 = VERTEX_POINT ( 'NONE', #1617 ) ;
#2872 = DIRECTION ( 'NONE',  ( -0.000000000000000000, 0.000000000000000000, 1.000000000000000000 ) ) ;
#2873 = EDGE_CURVE ( 'NONE', #7775, #9945, #2911, .T. ) ;
#2874 = CARTESIAN_POINT ( 'NONE',  ( 14.35336331063880699, 3.828775744037273832, 2.960502998291819399 ) ) ;
#2875 = CARTESIAN_POINT ( 'NONE',  ( 14.80609547418913330, 4.605527193911979289, 3.518135114477111802 ) ) ;
#2876 = CARTESIAN_POINT ( 'NONE',  ( 42.35788392518427514, 39.94714168645511876, 2.500000000000000444 ) ) ;
#2877 = CIRCLE ( 'NONE', #8130, 21.41421356218774008 ) ;
#2878 = ORIENTED_EDGE ( 'NONE', *, *, #9006, .F. ) ;
#2879 = LINE ( 'NONE', #10062, #2197 ) ;
#2880 = CARTESIAN_POINT ( 'NONE',  ( 14.49807821680504816, 44.54112505661046839, 7.549138176557870672 ) ) ;
#2881 = B_SPLINE_CURVE_WITH_KNOTS ( 'NONE', 3,
 ( #8199, #8040, #4249, #7428 ),
 .UNSPECIFIED., .F., .F.,
 ( 4, 4 ),
 ( 0.000000000000000000, 0.0008638146529802900311 ),
 .UNSPECIFIED. ) ;
#2882 = CARTESIAN_POINT ( 'NONE',  ( 12.91846413596946519, 6.656195374226932415, 0.5000000000000355271 ) ) ;
#2883 = CARTESIAN_POINT ( 'NONE',  ( 26.00991137390270680, 27.57807569686059068, 8.500000000000000000 ) ) ;
#2884 = B_SPLINE_CURVE_WITH_KNOTS ( 'NONE', 3,
 ( #2173, #6950, #5250, #5985 ),
 .UNSPECIFIED., .F., .F.,
 ( 4, 4 ),
 ( 6.952433221959954168E-18, 0.0002539273682458308384 ),
 .UNSPECIFIED. ) ;
#2885 = VERTEX_POINT ( 'NONE', #6450 ) ;
#2886 = CARTESIAN_POINT ( 'NONE',  ( 10.00991137390270680, 27.57807569686058358, 9.900000000000002132 ) ) ;
#2887 = VERTEX_POINT ( 'NONE', #4843 ) ;
#2888 = ADVANCED_FACE ( 'NONE', ( #200 ), #7923, .F. ) ;
#2889 = LINE ( 'NONE', #6031, #1690 ) ;
#2890 = CARTESIAN_POINT ( 'NONE',  ( 39.06894885169075593, 46.71185626921564449, 0.2779446772587859660 ) ) ;
#2891 = CARTESIAN_POINT ( 'NONE',  ( 13.72188892623062451, 51.14591757466482136, 2.020613305417189753 ) ) ;
#2892 = DIRECTION ( 'NONE',  ( -0.000000000000000000, -0.000000000000000000, -1.000000000000000000 ) ) ;
#2893 = FACE_BOUND ( 'NONE', #4143, .T. ) ;
#2894 = CARTESIAN_POINT ( 'NONE',  ( 14.07787659459076934, 3.739240823181629203, 0.4999999999999997780 ) ) ;
#2895 = CARTESIAN_POINT ( 'NONE',  ( 39.83513423881757376, 43.88007128870970064, 7.906448525006378070 ) ) ;
#2896 = CARTESIAN_POINT ( 'NONE',  ( 42.50991137390269614, 27.57807569686058358, 1.600000000000000089 ) ) ;
#2897 =( BOUNDED_CURVE ( )  B_SPLINE_CURVE ( 3, ( #1029, #9210, #4149, #2608 ),
 .UNSPECIFIED., .F., .F. ) 
 B_SPLINE_CURVE_WITH_KNOTS ( ( 4, 4 ),
 ( 5.482617517526167106, 6.283185307179586232 ),
 .UNSPECIFIED. ) 
 CURVE ( )  GEOMETRIC_REPRESENTATION_ITEM ( )  RATIONAL_B_SPLINE_CURVE ( ( 1.000000000000000000, 0.9473002686896810909, 0.9473002686896810909, 1.000000000000000000 ) ) 
 REPRESENTATION_ITEM ( '' )  );
#2898 = CARTESIAN_POINT ( 'NONE',  ( 40.48640594209536658, 42.68204349435010414, 8.000000000000000000 ) ) ;
#2899 = CARTESIAN_POINT ( 'NONE',  ( 12.79784160067901411, 10.85945018369396742, 7.713090820621031796 ) ) ;
#2900 = ORIENTED_EDGE ( 'NONE', *, *, #5898, .T. ) ;
#2901 = VERTEX_POINT ( 'NONE', #3145 ) ;
#2902 = CARTESIAN_POINT ( 'NONE',  ( 40.46535594013036530, 36.32807569686066529, 3.000000000000000000 ) ) ;
#2903 = AXIS2_PLACEMENT_3D ( 'NONE', #7285, #3939, #9589 ) ;
#2904 = CARTESIAN_POINT ( 'NONE',  ( 41.53401940374312318, 14.18574805124579008, 2.075596795532023364 ) ) ;
#2905 = ORIENTED_EDGE ( 'NONE', *, *, #114, .F. ) ;
#2906 = EDGE_CURVE ( 'NONE', #3175, #1235, #4508, .T. ) ;
#2907 = CARTESIAN_POINT ( 'NONE',  ( 38.32131113223428542, 4.086501082640006999, 1.936144814141152803 ) ) ;
#2908 = CLOSED_SHELL ( 'NONE', ( #3159, #9882, #8500, #7798, #669, #1597, #5816, #8464, #1819, #1757, #1546, #1291, #6814, #7701, #9450, #27, #1912, #8512, #7503, #9991, #369, #5867, #274, #9938, #6058, #9812, #2856, #7760, #2315, #8188, #1045, #7186, #1200, #1622, #797, #2913, #3782, #888, #3236, #4873, #10060, #8225, #10056, #4532, #2451, #7386, #7110, #16, #2965, #7673, #1362, #2098, #925, #2727, #8703, #2756, #8305, #5938, #4638, #8348, #326, #4417, #2991, #486, #5638, #3749, #7892, #9814, #6687, #5742, #342, #9987, #6636, #4597, #2369, #4979, #8254, #866, #2068, #852, #8638, #2719, #630, #6932, #5974, #2733, #9199, #8059, #7709, #6624, #8942, #7234, #1182, #9040, #3881, #8054, #5675, #1497, #10000, #2637, #2550, #7810, #216, #7491, #6703, #6801, #9627, #9127, #678, #792, #1247, #9098, #1327, #6439, #4098, #4946, #4859, #8965, #4147, #2050, #8366, #733, #5180, #3143, #1947, #1595, #2217, #8761, #7346, #4915, #6888, #2250, #4704, #382, #4221, #4040, #6647, #2606, #9325, #2215, #2867, #9879, #7435, #1574, #2345, #6157, #1347, #4789, #5253, #7635, #9872, #7744, #10089, #6098, #7943, #1352, #5356, #4731, #3981, #9708, #1504, #4826, #7253, #4539, #10115, #924, #583, #2091, #4349, #2117, #6747, #5933, #2060, #7552, #4617, #2402, #1422, #8680, #9272, #7370, #3505, #2288, #9651, #9400, #9828, #9163, #8100, #7147, #4803, #4414, #1226, #236, #4266, #6714, #5556, #6255, #7925, #3848, #4014, #5827, #6491, #7060, #3903, #2888, #3599, #6026, #6758, #4187, #3187, #2625, #4996, #5745, #5573, #561, #4673, #6280, #4292, #4112, #5848, #6965, #7930, #3827, #6741, #1726, #7986, #8581, #3469, #1544, #7453, #194, #9733, #6691, #5998, #4042, #2397, #2842, #4228, #8830, #1413, #1170, #3613, #9362, #2032, #2282, #2560, #5207, #5230, #7929, #3297, #269, #3116, #9309, #2491, #7329, #9257, #2570, #3451, #6905, #4762, #4257, #1127, #2428, #7128, #8432, #7546, #333, #5997, #4346, #3900, #3034, #3392, #4476 ) ) ;
#2909 = FACE_OUTER_BOUND ( 'NONE', #1660, .T. ) ;
#2910 = CARTESIAN_POINT ( 'NONE',  ( 38.06304483367428304, 7.422093793703826492, 5.407408798984548959 ) ) ;
#2911 = B_SPLINE_CURVE_WITH_KNOTS ( 'NONE', 3,
 ( #1009, #1721, #6346, #2383, #1567, #8752, #8699, #42, #7209, #3201, #7162, #858 ),
 .UNSPECIFIED., .F., .F.,
 ( 4, 2, 2, 2, 2, 4 ),
 ( -5.999999999660570863E-08, 0.0002024013405611998486, 0.0004048626811223963052, 0.0008097853622448097097, 0.001619630724489620364, 0.003239321448979238637 ),
 .UNSPECIFIED. ) ;
#2912 = ORIENTED_EDGE ( 'NONE', *, *, #6525, .F. ) ;
#2913 = ADVANCED_FACE ( 'NONE', ( #3359 ), #4689, .T. ) ;
#2914 = AXIS2_PLACEMENT_3D ( 'NONE', #3215, #8101, #4862 ) ;
#2915 = EDGE_LOOP ( 'NONE', ( #7098, #5417, #4069, #3322 ) ) ;
#2916 = VECTOR ( 'NONE', #2622, 1000.000000000000000 ) ;
#2917 = EDGE_CURVE ( 'NONE', #5372, #452, #4019, .T. ) ;
#2918 = CARTESIAN_POINT ( 'NONE',  ( 41.16535594013037525, 36.32807569686058713, 6.500000000000000000 ) ) ;
#2919 = AXIS2_PLACEMENT_3D ( 'NONE', #7972, #3198, #2636 ) ;
#2920 = CARTESIAN_POINT ( 'NONE',  ( 48.36467198658220212, 33.33697574995277080, 6.136216334338247869 ) ) ;
#2921 = DIRECTION ( 'NONE',  ( -1.000000000000000000, 0.000000000000000000, -0.000000000000000000 ) ) ;
#2922 = CARTESIAN_POINT ( 'NONE',  ( 38.62262311769561762, 48.35569127583016069, 0.000000000000000000 ) ) ;
#2923 = CARTESIAN_POINT ( 'NONE',  ( 25.30991137390259027, 45.07807569686060845, 2.000000000000000000 ) ) ;
#2924 = DIRECTION ( 'NONE',  ( -1.000000000000000000, 0.000000000000000000, 1.474514954580284768E-14 ) ) ;
#2925 = LINE ( 'NONE', #6734, #6056 ) ;
#2926 = EDGE_LOOP ( 'NONE', ( #4548, #2087, #1310, #3232 ) ) ;
#2927 = EDGE_CURVE ( 'NONE', #6054, #5600, #6292, .T. ) ;
#2928 = CARTESIAN_POINT ( 'NONE',  ( 26.00991137390258956, 45.07807569686060845, 2.000000000000000000 ) ) ;
#2929 = CARTESIAN_POINT ( 'NONE',  ( 13.71592974812212873, 4.029675327908853966, 3.131869873378365643 ) ) ;
#2930 = CARTESIAN_POINT ( 'NONE',  ( 47.99309631134778442, 21.48198035391722982, 6.333060567504095850 ) ) ;
#2931 = ORIENTED_EDGE ( 'NONE', *, *, #5021, .F. ) ;
#2932 = AXIS2_PLACEMENT_3D ( 'NONE', #1585, #2202, #4610 ) ;
#2933 = CIRCLE ( 'NONE', #9981, 19.99999999981464782 ) ;
#2934 = CYLINDRICAL_SURFACE ( 'NONE', #1709, 0.6999999999999975131 ) ;
#2935 = CARTESIAN_POINT ( 'NONE',  ( 45.48505614054688806, 18.46935809720465471, 7.499999999995472066 ) ) ;
#2936 = CYLINDRICAL_SURFACE ( 'NONE', #8425, 15.00000000000000000 ) ;
#2937 = DIRECTION ( 'NONE',  ( 0.000000000000000000, -0.000000000000000000, -1.000000000000000000 ) ) ;
#2938 = ORIENTED_EDGE ( 'NONE', *, *, #6598, .T. ) ;
#2939 = PLANE ( 'NONE',  #6278 ) ;
#2940 = VERTEX_POINT ( 'NONE', #9520 ) ;
#2941 = CARTESIAN_POINT ( 'NONE',  ( 42.35788392518428935, 39.94714168645512586, 2.500000000000000444 ) ) ;
#2942 = CARTESIAN_POINT ( 'NONE',  ( 13.69851161557113528, 51.06965031108115483, 1.936144812918941138 ) ) ;
#2943 = CIRCLE ( 'NONE', #4268, 0.4999999999999998890 ) ;
#2944 = CARTESIAN_POINT ( 'NONE',  ( 11.61843991815004351, 10.81753173884739638, 6.478500368837273093 ) ) ;
#2945 = PLANE ( 'NONE',  #3229 ) ;
#2946 = EDGE_CURVE ( 'NONE', #986, #3037, #2973, .T. ) ;
#2947 = DIRECTION ( 'NONE',  ( 0.000000000000000000, -0.000000000000000000, 1.000000000000000000 ) ) ;
#2948 = CYLINDRICAL_SURFACE ( 'NONE', #2009, 0.5000000000000006661 ) ;
#2949 = CARTESIAN_POINT ( 'NONE',  ( 40.90106870205092093, 42.84777043991729784, 7.760995340845959767 ) ) ;
#2950 = DIRECTION ( 'NONE',  ( 1.000000000000000000, -0.000000000000000000, -0.000000000000000000 ) ) ;
#2951 = ORIENTED_EDGE ( 'NONE', *, *, #6869, .F. ) ;
#2952 = CARTESIAN_POINT ( 'NONE',  ( 37.99871159594616898, 51.39834232161285854, 2.442955775934911866 ) ) ;
#2953 = CARTESIAN_POINT ( 'NONE',  ( 37.14202200793889830, 50.78588255004914487, 3.360330427663798858 ) ) ;
#2954 = CARTESIAN_POINT ( 'NONE',  ( 41.09356008562377838, 13.69522506990923816, 2.007118872631356687 ) ) ;
#2955 = ORIENTED_EDGE ( 'NONE', *, *, #3788, .F. ) ;
#2956 = CARTESIAN_POINT ( 'NONE',  ( 48.12521075807343607, 33.56302420839832479, 6.617527575779379667 ) ) ;
#2957 = CARTESIAN_POINT ( 'NONE',  ( 39.13427885866266820, 44.37443844176073782, 7.660946871235453592 ) ) ;
#2958 = CARTESIAN_POINT ( 'NONE',  ( 38.52442247237997464, 8.952898701931154335, 6.434229691287416841 ) ) ;
#2959 = EDGE_LOOP ( 'NONE', ( #9564, #5107, #3464, #8660, #1763 ) ) ;
#2960 = ORIENTED_EDGE ( 'NONE', *, *, #3693, .F. ) ;
#2961 = CARTESIAN_POINT ( 'NONE',  ( 37.00991137390271035, 50.34168842127429144, 1.399999999999999911 ) ) ;
#2962 = CARTESIAN_POINT ( 'NONE',  ( 26.00991137390269259, 45.07807569686058713, 6.500000000000000000 ) ) ;
#2963 = CARTESIAN_POINT ( 'NONE',  ( 48.54318645688867662, 22.23298974341040335, 3.249999999999999556 ) ) ;
#2964 = CARTESIAN_POINT ( 'NONE',  ( 38.07201347255621471, 47.70430572193458119, 5.427365522298170930 ) ) ;
#2965 = ADVANCED_FACE ( 'NONE', ( #9621 ), #9722, .F. ) ;
#2966 = CARTESIAN_POINT ( 'NONE',  ( 40.24727699001867620, 11.60775399419780385, 7.989412237251782400 ) ) ;
#2967 = EDGE_CURVE ( 'NONE', #4316, #4467, #5832, .T. ) ;
#2968 = CARTESIAN_POINT ( 'NONE',  ( 11.27824934245165700, 13.32115805945822018, 1.962242582306713112 ) ) ;
#2969 = DIRECTION ( 'NONE',  ( 0.000000000000000000, -0.9510565162951553075, 0.3090169943749422332 ) ) ;
#2970 = AXIS2_PLACEMENT_3D ( 'NONE', #6011, #578, #5275 ) ;
#2971 = EDGE_LOOP ( 'NONE', ( #1351, #9234, #3376, #8860 ) ) ;
#2972 = EDGE_LOOP ( 'NONE', ( #6627, #6458 ) ) ;
#2973 = CIRCLE ( 'NONE', #7409, 2.000000000000001776 ) ;
#2974 = CARTESIAN_POINT ( 'NONE',  ( 15.06543186301563786, 3.416206752264953739, 2.434653665927432709 ) ) ;
#2975 = CARTESIAN_POINT ( 'NONE',  ( 11.46563326709257780, 11.28203876533069838, 7.996551359674417547 ) ) ;
#2976 = CARTESIAN_POINT ( 'NONE',  ( 43.50991137363070749, 29.15526903321798358, 4.640000000000006786 ) ) ;
#2977 = EDGE_LOOP ( 'NONE', ( #3511, #5495 ) ) ;
#2978 = EDGE_CURVE ( 'NONE', #929, #1478, #6265, .T. ) ;
#2979 = CARTESIAN_POINT ( 'NONE',  ( 11.35661954846543864, 42.24885781540707086, 2.361027661370611153 ) ) ;
#2980 = CARTESIAN_POINT ( 'NONE',  ( 48.20578756748940918, 21.66091581308942793, 6.205891020875667685 ) ) ;
#2981 = AXIS2_PLACEMENT_3D ( 'NONE', #1093, #1142, #7393 ) ;
#2982 = DIRECTION ( 'NONE',  ( -0.000000000000000000, 0.000000000000000000, 1.000000000000000000 ) ) ;
#2983 = VERTEX_POINT ( 'NONE', #3461 ) ;
#2984 = AXIS2_PLACEMENT_3D ( 'NONE', #4130, #5727, #2692 ) ;
#2985 = CARTESIAN_POINT ( 'NONE',  ( -13.49008862636929429, 49.94168842127428576, 1.518327244431527001 ) ) ;
#2986 = ORIENTED_EDGE ( 'NONE', *, *, #6532, .T. ) ;
#2987 = CARTESIAN_POINT ( 'NONE',  ( 41.67651487291154666, 41.17582043208490461, 2.500000000000000444 ) ) ;
#2988 = DIRECTION ( 'NONE',  ( 0.9574710099747981706, 0.2885294873281409878, 0.000000000000000000 ) ) ;
#2989 = CARTESIAN_POINT ( 'NONE',  ( 41.16535594013036103, 36.32807569686066529, 3.000000000000000000 ) ) ;
#2990 = AXIS2_PLACEMENT_3D ( 'NONE', #4791, #5462, #4688 ) ;
#2991 = ADVANCED_FACE ( 'NONE', ( #8959 ), #8908, .T. ) ;
#2992 = CARTESIAN_POINT ( 'NONE',  ( 11.27455787439488866, 11.76491464006132048, 7.135755660149770918 ) ) ;
#2993 = CARTESIAN_POINT ( 'NONE',  ( 36.70839819969341988, 40.13961937741125752, 5.750000000000000000 ) ) ;
#2994 = CARTESIAN_POINT ( 'NONE',  ( 47.64938262476847797, 33.48697539765635156, 6.876215620957593977 ) ) ;
#2995 = CARTESIAN_POINT ( 'NONE',  ( 12.42393589823092270, 44.14046172504125565, 7.773152726433991688 ) ) ;
#2996 = CARTESIAN_POINT ( 'NONE',  ( 42.00936308088716231, 14.67390944509644157, 7.500000000000000000 ) ) ;
#2997 = CARTESIAN_POINT ( 'NONE',  ( 10.36157505673216939, 41.21651893811830547, 8.000000000000000000 ) ) ;
#2998 = AXIS2_PLACEMENT_3D ( 'NONE', #1307, #6027, #5154 ) ;
#2999 = VERTEX_POINT ( 'NONE', #7315 ) ;
#3000 = CARTESIAN_POINT ( 'NONE',  ( 26.00991137390270325, 12.57807569686058535, 9.900000000000002132 ) ) ;
#3001 = CARTESIAN_POINT ( 'NONE',  ( 11.52493988177089079, 42.08447431474561995, 1.888822129096488833 ) ) ;
#3002 = EDGE_CURVE ( 'NONE', #4701, #821, #5005, .T. ) ;
#3003 = CARTESIAN_POINT ( 'NONE',  ( 42.20591706674401422, 15.01062240005717463, 2.416448343220202855 ) ) ;
#3004 = VERTEX_POINT ( 'NONE', #352 ) ;
#3005 = CARTESIAN_POINT ( 'NONE',  ( 38.29953846667702066, 4.015468889655157803, 1.888498418291517655 ) ) ;
#3006 = CARTESIAN_POINT ( 'NONE',  ( -13.49008862636929429, 50.94168842127428576, -2.168404344971008868E-16 ) ) ;
#3007 = CARTESIAN_POINT ( 'NONE',  ( 38.04939437593021268, 7.376803552889375837, 5.377029378827372419 ) ) ;
#3008 = EDGE_LOOP ( 'NONE', ( #3239, #8399, #4745, #6468 ) ) ;
#3009 = ORIENTED_EDGE ( 'NONE', *, *, #7513, .F. ) ;
#3010 = CARTESIAN_POINT ( 'NONE',  ( 40.95063012084261800, 12.28837702005765919, 7.500002138985899514 ) ) ;
#3011 = DIRECTION ( 'NONE',  ( 1.000000000000000000, -5.348730717595157048E-15, 0.000000000000000000 ) ) ;
#3012 = CARTESIAN_POINT ( 'NONE',  ( -13.49008862636929429, 6.800460117891003797, 3.556183125752454544E-14 ) ) ;
#3013 = CARTESIAN_POINT ( 'NONE',  ( 48.81062248751455712, 31.56458661473114091, 3.109214057329862335 ) ) ;
#3014 = CARTESIAN_POINT ( 'NONE',  ( 11.17379759547565143, 43.13069071469669780, 7.591248676181755251 ) ) ;
#3015 = DIRECTION ( 'NONE',  ( 0.000000000000000000, 0.000000000000000000, -1.000000000000000000 ) ) ;
#3016 = LINE ( 'NONE', #6165, #5069 ) ;
#3017 = B_SPLINE_CURVE_WITH_KNOTS ( 'NONE', 3,
 ( #3970, #6090, #6907, #10028, #2994, #9266, #2226, #7360, #298, #8850 ),
 .UNSPECIFIED., .F., .F.,
 ( 4, 2, 2, 2, 4 ),
 ( 0.000000000000000000, 0.0004348579413225552503, 0.0008697158826451105006, 0.001304573823967665643, 0.001739431765290221001 ),
 .UNSPECIFIED. ) ;
#3018 = ORIENTED_EDGE ( 'NONE', *, *, #2212, .T. ) ;
#3019 = ORIENTED_EDGE ( 'NONE', *, *, #8709, .F. ) ;
#3020 = EDGE_CURVE ( 'NONE', #5728, #7945, #7889, .T. ) ;
#3021 = LINE ( 'NONE', #127, #2658 ) ;
#3022 = CARTESIAN_POINT ( 'NONE',  ( 13.64810004545548772, 4.251076708837413953, 3.280379694824766990 ) ) ;
#3023 = CARTESIAN_POINT ( 'NONE',  ( 47.44124422372995298, 23.82807569686055871, 7.000000000000003553 ) ) ;
#3024 = EDGE_LOOP ( 'NONE', ( #7143, #2082, #3521, #3540 ) ) ;
#3025 = CARTESIAN_POINT ( 'NONE',  ( -13.49008862636929429, 4.214462972446882283, 0.9999999999999997780 ) ) ;
#3026 = EDGE_CURVE ( 'NONE', #2293, #1514, #1190, .T. ) ;
#3027 = CARTESIAN_POINT ( 'NONE',  ( 14.15218015396155415, 44.22844120409763491, 7.758877713399131792 ) ) ;
#3028 = CARTESIAN_POINT ( 'NONE',  ( 41.92420981547808623, 40.63870107116517261, 1.853489385635924247 ) ) ;
#3029 = ORIENTED_EDGE ( 'NONE', *, *, #1036, .F. ) ;
#3030 = CARTESIAN_POINT ( 'NONE',  ( 10.30339603136667570, 39.99330290403108989, 2.000000000000000444 ) ) ;
#3031 = EDGE_CURVE ( 'NONE', #1151, #7525, #6722, .T. ) ;
#3032 = ORIENTED_EDGE ( 'NONE', *, *, #4891, .F. ) ;
#3033 = CARTESIAN_POINT ( 'NONE',  ( 36.16422300317620397, 3.220064769441100427, 0.8797234935597184613 ) ) ;
#3034 = ADVANCED_FACE ( 'NONE', ( #6601 ), #9037, .F. ) ;
#3035 = DIRECTION ( 'NONE',  ( 1.224646799147353207E-16, 1.000000000000000000, -0.000000000000000000 ) ) ;
#3036 = DIRECTION ( 'NONE',  ( 0.000000000000000000, -0.3090169943749422332, -0.9510565162951551965 ) ) ;
#3037 = VERTEX_POINT ( 'NONE', #8265 ) ;
#3038 = CARTESIAN_POINT ( 'NONE',  ( 11.61783373682976084, 10.81928196750184767, 6.479711390178946928 ) ) ;
#3039 = ORIENTED_EDGE ( 'NONE', *, *, #9555, .F. ) ;
#3040 = CARTESIAN_POINT ( 'NONE',  ( 41.73809064191947016, 15.19784696666244983, 2.000000000000000888 ) ) ;
#3041 = CARTESIAN_POINT ( 'NONE',  ( 11.12413579749445525, 12.16362839271706520, 7.543918610610964137 ) ) ;
#3042 = CARTESIAN_POINT ( 'NONE',  ( 11.97031834107372106, 43.86931240024975409, 7.815104333101107414 ) ) ;
#3043 = AXIS2_PLACEMENT_3D ( 'NONE', #2979, #7043, #2310 ) ;
#3044 = CARTESIAN_POINT ( 'NONE',  ( 41.71728277559314080, 14.07031471165774228, 7.500000000000000000 ) ) ;
#3045 = CARTESIAN_POINT ( 'NONE',  ( 9.823341440107707712, 14.98808871886044081, 7.500000000000000888 ) ) ;
#3046 = EDGE_LOOP ( 'NONE', ( #9270, #8682 ) ) ;
#3047 = CARTESIAN_POINT ( 'NONE',  ( 26.00991137390269969, 10.07807569686058180, 2.000000000000000000 ) ) ;
#3048 = EDGE_CURVE ( 'NONE', #6817, #664, #9369, .T. ) ;
#3049 = CARTESIAN_POINT ( 'NONE',  ( 40.35851992334264793, 41.40230087626812860, 9.654573185499133459 ) ) ;
#3050 = DIRECTION ( 'NONE',  ( -1.000000000000000000, 0.000000000000000000, -0.000000000000000000 ) ) ;
#3051 = ORIENTED_EDGE ( 'NONE', *, *, #601, .F. ) ;
#3052 = CARTESIAN_POINT ( 'NONE',  ( 47.25548019543837341, 33.72970291876735871, 6.976207047280574614 ) ) ;
#3053 = CARTESIAN_POINT ( 'NONE',  ( 39.13427885866266820, 44.37443844176073782, 7.660946871235453592 ) ) ;
#3054 = CARTESIAN_POINT ( 'NONE',  ( 38.06041642283165061, 7.413373033003982648, 5.401559157900144292 ) ) ;
#3055 = ORIENTED_EDGE ( 'NONE', *, *, #3845, .F. ) ;
#3056 = VERTEX_POINT ( 'NONE', #3591 ) ;
#3057 = DIRECTION ( 'NONE',  ( 0.000000000000000000, 0.5877852522924805756, -0.8090169943749421222 ) ) ;
#3058 = CARTESIAN_POINT ( 'NONE',  ( -13.49008862636929429, 50.94168842127428576, 0.9999999999999997780 ) ) ;
#3059 = CARTESIAN_POINT ( 'NONE',  ( 38.32131113223427121, 51.06965031108115483, 0.5000000000000004441 ) ) ;
#3060 = VECTOR ( 'NONE', #9679, 1000.000000000000000 ) ;
#3061 = CARTESIAN_POINT ( 'NONE',  ( 39.00759894218379031, 44.72999218800384114, 7.422451415010576703 ) ) ;
#3062 = CARTESIAN_POINT ( 'NONE',  ( 46.50991137363070749, 27.57807569686057292, 7.594767274008265900 ) ) ;
#3063 = CYLINDRICAL_SURFACE ( 'NONE', #3678, 1.000000000000000444 ) ;
#3064 = VECTOR ( 'NONE', #2453, 1000.000000000000000 ) ;
#3065 = EDGE_CURVE ( 'NONE', #4331, #7579, #8717, .T. ) ;
#3066 = CARTESIAN_POINT ( 'NONE',  ( 40.13366502826910676, 43.26032197974561200, 7.500000000000000000 ) ) ;
#3067 = ORIENTED_EDGE ( 'NONE', *, *, #2746, .T. ) ;
#3068 = ORIENTED_EDGE ( 'NONE', *, *, #2730, .F. ) ;
#3069 = CARTESIAN_POINT ( 'NONE',  ( 17.15807025641468542, 14.24972588036985321, 5.750000000000000000 ) ) ;
#3070 = CARTESIAN_POINT ( 'NONE',  ( 13.53741354362366067, 4.613172151892411144, 2.288459903074761659 ) ) ;
#3071 = LINE ( 'NONE', #692, #10021 ) ;
#3072 = ORIENTED_EDGE ( 'NONE', *, *, #8916, .T. ) ;
#3073 = CARTESIAN_POINT ( 'NONE',  ( 46.50991137363071459, 28.74944742052693059, 7.533033024379697018 ) ) ;
#3074 = CARTESIAN_POINT ( 'NONE',  ( 14.02492407567557464, 44.05908083085622451, 7.844348845663224878 ) ) ;
#3075 = CARTESIAN_POINT ( 'NONE',  ( 41.77423852275035898, 40.95734827751115859, 1.959647361374266206 ) ) ;
#3076 = ORIENTED_EDGE ( 'NONE', *, *, #4107, .T. ) ;
#3077 = CARTESIAN_POINT ( 'NONE',  ( 9.661938822606201072, 39.94714168643540830, 2.000000000000000444 ) ) ;
#3078 = ORIENTED_EDGE ( 'NONE', *, *, #3199, .T. ) ;
#3079 = CARTESIAN_POINT ( 'NONE',  ( 48.37601830735837893, 21.82453703543101042, 6.371484071928104953 ) ) ;
#3080 = AXIS2_PLACEMENT_3D ( 'NONE', #7105, #9665, #4838 ) ;
#3081 = EDGE_CURVE ( 'NONE', #9868, #367, #1030, .T. ) ;
#3082 = CARTESIAN_POINT ( 'NONE',  ( 41.20327456426490897, 41.00914759150766287, 8.000000000000000000 ) ) ;
#3083 = VECTOR ( 'NONE', #7948, 1000.000000000000114 ) ;
#3084 = DIRECTION ( 'NONE',  ( 0.000000000000000000, 1.000000000000000000, 0.000000000000000000 ) ) ;
#3085 = ORIENTED_EDGE ( 'NONE', *, *, #8148, .T. ) ;
#3086 = CARTESIAN_POINT ( 'NONE',  ( -13.49008862636929429, 0.000000000000000000, 2.000000000000000000 ) ) ;
#3087 = ORIENTED_EDGE ( 'NONE', *, *, #7492, .T. ) ;
#3088 = EDGE_CURVE ( 'NONE', #2294, #4001, #6920, .T. ) ;
#3089 = CARTESIAN_POINT ( 'NONE',  ( 14.21387905490810155, 3.694608137448005980, 2.594650047308623364 ) ) ;
#3090 = CARTESIAN_POINT ( 'NONE',  ( 43.88691434140825720, 37.61823509268169374, 6.855623882336694841 ) ) ;
#3091 = CARTESIAN_POINT ( 'NONE',  ( 11.54212282440718695, 12.45147954205108576, 8.000000000000003553 ) ) ;
#3092 = EDGE_CURVE ( 'NONE', #992, #3577, #6530, .T. ) ;
#3093 = CARTESIAN_POINT ( 'NONE',  ( 26.00991137390270680, 27.57807569686058358, 9.900000000000002132 ) ) ;
#3094 = CARTESIAN_POINT ( 'NONE',  ( 41.85123613025934475, 15.36506581310688091, 8.000000000000000000 ) ) ;
#3095 = VECTOR ( 'NONE', #4340, 1000.000000000000000 ) ;
#3096 = DIRECTION ( 'NONE',  ( 1.000000000000000000, -8.462065736584504477E-17, 0.000000000000000000 ) ) ;
#3097 = ORIENTED_EDGE ( 'NONE', *, *, #5127, .F. ) ;
#3098 = DIRECTION ( 'NONE',  ( 0.000000000000000000, 0.000000000000000000, -1.000000000000000000 ) ) ;
#3099 = CARTESIAN_POINT ( 'NONE',  ( 41.50768374501122082, 41.55069643832800352, 9.555033614762763250 ) ) ;
#3100 = AXIS2_PLACEMENT_3D ( 'NONE', #7989, #8766, #6311 ) ;
#3101 = CARTESIAN_POINT ( 'NONE',  ( 12.66252164432351002, 44.27059512569217503, 7.730602047996079307 ) ) ;
#3102 =( BOUNDED_SURFACE ( )  B_SPLINE_SURFACE ( 2, 3, ( 
 ( #1749, #3338, #330, #8829, #938, #4053, #8055, #4159, #8940, #278, #9700, #7342, #8003, #6629, #3388, #6579, #7293, #8160, #2665, #4262, #1850, #4872, #5034, #178, #1904, #8778, #4210, #3439, #6529, #381, #9755, #4982 ),
 ( #2615, #6482, #989, #2717, #5703, #8987, #3283, #9599, #4823, #1803, #4108, #6427, #7238, #9648, #228, #4925, #5087, #5264, #2233, #6150, #9804, #7726, #6675, #6241, #8213, #5908, #9273, #3776, #5365, #10134, #3099, #7674 ),
 ( #4647, #1475, #6915, #9224, #9985, #4308, #8497, #2953, #2140, #9174, #618, #716, #6096, #1189, #7444, #5319, #8450, #6195, #666, #6964, #4593, #8397, #765, #10035, #3825, #1428, #5414, #10082, #1524, #3049, #1378, #2285 ) ),
 .UNSPECIFIED., .F., .F., .T. ) 
 B_SPLINE_SURFACE_WITH_KNOTS ( ( 3, 3 ),
 ( 4, 2, 2, 2, 2, 2, 2, 2, 2, 2, 2, 2, 2, 2, 2, 4 ),
 ( 0.000000000000000000, 1.000000000000000000 ),
 ( -0.1925037739888877664, -0.05307640716454448127, -0.02757380403998789878, -0.01482250247770960754, -0.008446851696570462781, -0.002071200915431317593, 0.005314161168390398385, 0.01269952325221211480, 0.02747024741985554588, 0.05701169575514240806, 0.1160945924257161394, 0.2342603857668635881, 0.4705919724491585132, 0.9432551458137483635, 1.341197261078888481, 1.480624627903231794 ),
 .UNSPECIFIED. ) 
 GEOMETRIC_REPRESENTATION_ITEM ( )  RATIONAL_B_SPLINE_SURFACE ( (
 ( 1.000000000000000000, 1.000000000000000000, 1.000000000000000000, 1.000000000000000000, 1.000000000000000000, 1.000000000000000000, 1.000000000000000000, 1.000000000000000000, 1.000000000000000000, 1.000000000000000000, 1.000000000000000000, 1.000000000000000000, 1.000000000000000000, 1.000000000000000000, 1.000000000000000000, 1.000000000000000000, 1.000000000000000000, 1.000000000000000000, 1.000000000000000000, 1.000000000000000000, 1.000000000000000000, 1.000000000000000000, 1.000000000000000000, 1.000000000000000000, 1.000000000000000000, 1.000000000000000000, 1.000000000000000000, 1.000000000000000000, 1.000000000000000000, 1.000000000000000000, 1.000000000000000000, 1.000000000000000000),
 ( 0.7722969473371086302, 0.7722969681424153299, 0.7722969193855480086, 0.7722969523642870815, 0.7722969505682026892, 0.7722969454687881319, 0.7722969472648876232, 0.7722969472648876232, 0.7722969472167345861, 0.7722969472167463545, 0.7722969472648879563, 0.7722969472648879563, 0.7722815346921149127, 0.7722661384307373256, 0.7722585109709536599, 0.7722355395358079244, 0.7722201998145200585, 0.7721744855124236251, 0.7721442139384832037, 0.7720542052727484839, 0.7719952645408749703, 0.7718235863358088311, 0.7717156564186611334, 0.7714354443070057243, 0.7712961997163699790, 0.7714678605267589750, 0.7723291136802149515, 0.7812359910837290977, 0.7879767939561407308, 0.7934676414654706633, 0.7946336596738104996, 0.7955734032018317858),
 ( 1.000000000000000000, 1.000000000000000000, 1.000000000000000000, 1.000000000000000000, 1.000000000000000000, 1.000000000000000000, 1.000000000000000000, 1.000000000000000000, 1.000000000000000000, 1.000000000000000000, 1.000000000000000000, 1.000000000000000000, 1.000000000000000000, 1.000000000000000000, 1.000000000000000000, 1.000000000000000000, 1.000000000000000000, 1.000000000000000000, 1.000000000000000000, 1.000000000000000000, 1.000000000000000000, 1.000000000000000000, 1.000000000000000000, 1.000000000000000000, 1.000000000000000000, 1.000000000000000000, 1.000000000000000000, 1.000000000000000000, 1.000000000000000000, 1.000000000000000000, 1.000000000000000000, 1.000000000000000000) ) ) 
 REPRESENTATION_ITEM ( '' )  SURFACE ( )  );
#3103 = ORIENTED_EDGE ( 'NONE', *, *, #5546, .T. ) ;
#3104 = CARTESIAN_POINT ( 'NONE',  ( 37.41229244190927972, 44.61438122272473805, 7.500000000000000000 ) ) ;
#3105 = CARTESIAN_POINT ( 'NONE',  ( 48.01936263247414161, 33.43267762489530526, 2.303511102274509614 ) ) ;
#3106 = EDGE_CURVE ( 'NONE', #1035, #6158, #1956, .T. ) ;
#3107 = CARTESIAN_POINT ( 'NONE',  ( 9.691817802797345394, 15.16928982195855902, 2.500000000000000444 ) ) ;
#3108 = ORIENTED_EDGE ( 'NONE', *, *, #85, .T. ) ;
#3109 = ORIENTED_EDGE ( 'NONE', *, *, #483, .T. ) ;
#3110 = DIRECTION ( 'NONE',  ( -0.9504442985305044944, -0.3108948944432142758, -0.000000000000000000 ) ) ;
#3111 = DIRECTION ( 'NONE',  ( 1.000000000000000000, -0.000000000000000000, 0.000000000000000000 ) ) ;
#3112 = CARTESIAN_POINT ( 'NONE',  ( 11.53300661852629716, 12.47394325386309610, 8.000000000000000000 ) ) ;
#3113 = LINE ( 'NONE', #9953, #3753 ) ;
#3114 = ORIENTED_EDGE ( 'NONE', *, *, #1650, .F. ) ;
#3115 = CARTESIAN_POINT ( 'NONE',  ( 11.61742358112420703, 42.89342301815202774, 7.999999999999996447 ) ) ;
#3116 = ADVANCED_FACE ( 'NONE', ( #8989 ), #3884, .F. ) ;
#3117 = CARTESIAN_POINT ( 'NONE',  ( 9.661938822621111811, 15.20900970726603063, 7.500000000000000000 ) ) ;
#3118 = DIRECTION ( 'NONE',  ( -0.000000000000000000, -0.000000000000000000, 1.000000000000000000 ) ) ;
#3119 = ORIENTED_EDGE ( 'NONE', *, *, #3221, .T. ) ;
#3120 = ORIENTED_EDGE ( 'NONE', *, *, #5113, .F. ) ;
#3121 = DIRECTION ( 'NONE',  ( 0.000000000000000000, -0.8660254037844397068, 0.4999999999999981126 ) ) ;
#3122 = CARTESIAN_POINT ( 'NONE',  ( 36.71960575083473088, 3.339407407421100427, 0.6927266345739203635 ) ) ;
#3123 = EDGE_CURVE ( 'NONE', #3037, #6158, #1569, .T. ) ;
#3124 = VERTEX_POINT ( 'NONE', #5759 ) ;
#3125 = VECTOR ( 'NONE', #1287, 1000.000000000000000 ) ;
#3126 = FACE_OUTER_BOUND ( 'NONE', #1776, .T. ) ;
#3127 = CARTESIAN_POINT ( 'NONE',  ( 40.58717711447149412, 43.81164697312507172, 6.842114572632636893 ) ) ;
#3128 = EDGE_LOOP ( 'NONE', ( #7805, #9695, #1700, #980 ) ) ;
#3129 = DIRECTION ( 'NONE',  ( -0.9574710076525450031, -0.2885294950344253206, 0.000000000000000000 ) ) ;
#3130 = EDGE_LOOP ( 'NONE', ( #3490, #6326, #9607, #7866 ) ) ;
#3131 = ORIENTED_EDGE ( 'NONE', *, *, #5707, .F. ) ;
#3132 = CARTESIAN_POINT ( 'NONE',  ( 41.19154325653747861, 42.28095606462090217, 1.820423189115756735 ) ) ;
#3133 = DIRECTION ( 'NONE',  ( -1.000000000000000000, 0.000000000000000000, 0.000000000000000000 ) ) ;
#3134 = DIRECTION ( 'NONE',  ( -0.5368754921931568891, 0.000000000000000000, -0.8436614877321090278 ) ) ;
#3135 = AXIS2_PLACEMENT_3D ( 'NONE', #3409, #2639, #1878 ) ;
#3136 = VERTEX_POINT ( 'NONE', #4983 ) ;
#3137 = AXIS2_PLACEMENT_3D ( 'NONE', #3415, #1218, #1118 ) ;
#3138 = CARTESIAN_POINT ( 'NONE',  ( 11.19752055798272039, 11.96480385483983788, 7.274897726937072484 ) ) ;
#3139 = ORIENTED_EDGE ( 'NONE', *, *, #6244, .T. ) ;
#3140 = CARTESIAN_POINT ( 'NONE',  ( 48.75265719871550374, 31.42297260151193683, 6.328366868397964140 ) ) ;
#3141 = DIRECTION ( 'NONE',  ( -0.000000000000000000, -0.000000000000000000, -1.000000000000000000 ) ) ;
#3142 = CARTESIAN_POINT ( 'NONE',  ( 11.07692718700273637, 12.27849049834924955, 8.000000000000001776 ) ) ;
#3143 = ADVANCED_FACE ( 'NONE', ( #3497 ), #8884, .F. ) ;
#3144 = CARTESIAN_POINT ( 'NONE',  ( 15.00991137390270502, 4.314462972446879263, 1.400000000000005684 ) ) ;
#3145 = CARTESIAN_POINT ( 'NONE',  ( 36.00991137390269614, 4.314462972446877487, 1.400000000000005684 ) ) ;
#3146 = CARTESIAN_POINT ( 'NONE',  ( 14.48973996083884686, 51.49246944681252813, 2.752609293673875968 ) ) ;
#3147 = VERTEX_POINT ( 'NONE', #7343 ) ;
#3148 = CARTESIAN_POINT ( 'NONE',  ( 45.30510240974223279, 20.73285854939639705, 7.666666666666400509 ) ) ;
#3149 = VECTOR ( 'NONE', #5408, 1000.000000000000000 ) ;
#3150 = EDGE_CURVE ( 'NONE', #6842, #120, #6581, .T. ) ;
#3151 = CARTESIAN_POINT ( 'NONE',  ( 39.17733661994422079, 48.24782675420570399, 0.4999999999999987232 ) ) ;
#3152 = AXIS2_PLACEMENT_3D ( 'NONE', #7320, #8912, #4899 ) ;
#3153 = AXIS2_PLACEMENT_3D ( 'NONE', #4950, #5834, #405 ) ;
#3154 = CARTESIAN_POINT ( 'NONE',  ( 47.11900981335418237, 34.40953304627984721, 6.500000000000000888 ) ) ;
#3155 = B_SPLINE_CURVE_WITH_KNOTS ( 'NONE', 3,
 ( #10077, #1616, #3042, #6908, #2995, #6188, #7061, #41 ),
 .UNSPECIFIED., .F., .F.,
 ( 4, 2, 2, 4 ),
 ( 0.000000000000000000, 0.0007859554022489596923, 0.001178933103373437478, 0.001571910804497915265 ),
 .UNSPECIFIED. ) ;
#3156 = ORIENTED_EDGE ( 'NONE', *, *, #9686, .T. ) ;
#3157 = CARTESIAN_POINT ( 'NONE',  ( 40.88398357327001520, 12.15437036592897968, 8.581686870867626382 ) ) ;
#3158 = CARTESIAN_POINT ( 'NONE',  ( 12.85931873229105982, 43.41688217962107643, 1.424986247965970509 ) ) ;
#3159 = ADVANCED_FACE ( 'NONE', ( #433 ), #6631, .F. ) ;
#3160 = CIRCLE ( 'NONE', #1538, 0.5000000000000003331 ) ;
#3161 = CARTESIAN_POINT ( 'NONE',  ( 36.65974097570232004, 3.389705819518991525, 2.474621607343632235 ) ) ;
#3162 = EDGE_LOOP ( 'NONE', ( #2531, #5509 ) ) ;
#3163 = AXIS2_PLACEMENT_3D ( 'NONE', #4115, #7350, #388 ) ;
#3164 = VERTEX_POINT ( 'NONE', #2963 ) ;
#3165 = CARTESIAN_POINT ( 'NONE',  ( 11.12509137864772768, 42.99680950471395846, 7.545398792595627846 ) ) ;
#3166 = EDGE_CURVE ( 'NONE', #4029, #616, #3836, .T. ) ;
#3167 = LINE ( 'NONE', #8611, #5367 ) ;
#3168 = FACE_OUTER_BOUND ( 'NONE', #1500, .T. ) ;
#3169 = VECTOR ( 'NONE', #4900, 1000.000000000000000 ) ;
#3170 = LINE ( 'NONE', #6363, #5554 ) ;
#3171 = VERTEX_POINT ( 'NONE', #7690 ) ;
#3172 = CARTESIAN_POINT ( 'NONE',  ( 39.83513415974089611, 11.27608010619454681, 7.906448525379421888 ) ) ;
#3173 = CARTESIAN_POINT ( 'NONE',  ( 38.32131113223427121, 51.06965031108115483, 8.000000000000000000 ) ) ;
#3174 = AXIS2_PLACEMENT_3D ( 'NONE', #4083, #1777, #4034 ) ;
#3175 = VERTEX_POINT ( 'NONE', #2100 ) ;
#3176 = ORIENTED_EDGE ( 'NONE', *, *, #5358, .T. ) ;
#3177 = AXIS2_PLACEMENT_3D ( 'NONE', #1889, #3943, #3422 ) ;
#3178 = CARTESIAN_POINT ( 'NONE',  ( 48.32035355874762672, 34.05515277283173248, 7.000000000000000888 ) ) ;
#3179 = EDGE_CURVE ( 'NONE', #6007, #6274, #3476, .T. ) ;
#3180 = CARTESIAN_POINT ( 'NONE',  ( 42.17903965498567942, 40.19894328182088117, 2.000000000000000000 ) ) ;
#3181 = CARTESIAN_POINT ( 'NONE',  ( 11.55446680767494527, 36.32807569686045923, 3.000000000000000000 ) ) ;
#3182 = VERTEX_POINT ( 'NONE', #8511 ) ;
#3183 = DIRECTION ( 'NONE',  ( -1.000000000000000000, 0.000000000000000000, 0.000000000000000000 ) ) ;
#3184 = CIRCLE ( 'NONE', #8438, 0.6500000000000012434 ) ;
#3185 = CARTESIAN_POINT ( 'NONE',  ( 11.32379764151412083, 42.15852444276392674, 8.000000000000001776 ) ) ;
#3186 = ORIENTED_EDGE ( 'NONE', *, *, #4604, .T. ) ;
#3187 = ADVANCED_FACE ( 'NONE', ( #1489, #2201 ), #1338, .T. ) ;
#3188 = CARTESIAN_POINT ( 'NONE',  ( 16.00991137390270325, 51.78303394572438378, 0.4459018578428811663 ) ) ;
#3189 = ORIENTED_EDGE ( 'NONE', *, *, #3088, .T. ) ;
#3190 = VERTEX_POINT ( 'NONE', #3059 ) ;
#3191 = CARTESIAN_POINT ( 'NONE',  ( 47.66392552491391399, 33.49371363383404088, 2.499999999999999556 ) ) ;
#3192 = CARTESIAN_POINT ( 'NONE',  ( 53.74831193812256203, 44.51416539096764069, 6.500000000000000888 ) ) ;
#3193 = ORIENTED_EDGE ( 'NONE', *, *, #7620, .T. ) ;
#3194 = CYLINDRICAL_SURFACE ( 'NONE', #8502, 0.5000000000000004441 ) ;
#3195 = VERTEX_POINT ( 'NONE', #2865 ) ;
#3196 = CARTESIAN_POINT ( 'NONE',  ( 48.80747540821609931, 31.58057377756740536, 6.076207125512026685 ) ) ;
#3197 = CARTESIAN_POINT ( 'NONE',  ( 47.11900981335418237, 34.40953304627984721, 6.500000000000000888 ) ) ;
#3198 = DIRECTION ( 'NONE',  ( -0.000000000000000000, -0.000000000000000000, -1.000000000000000000 ) ) ;
#3199 = EDGE_CURVE ( 'NONE', #104, #6727, #526, .T. ) ;
#3200 = CARTESIAN_POINT ( 'NONE',  ( 39.54744016982826338, 47.02131236710700080, 0.7501502095329075637 ) ) ;
#3201 = CARTESIAN_POINT ( 'NONE',  ( 10.65331978837079951, 41.86698681553111356, 7.500000000000000000 ) ) ;
#3202 = CARTESIAN_POINT ( 'NONE',  ( 39.25358435860439243, 7.161349079146170915, 0.5000000033422984380 ) ) ;
#3203 = ORIENTED_EDGE ( 'NONE', *, *, #9355, .T. ) ;
#3204 = CARTESIAN_POINT ( 'NONE',  ( 13.39719988831233621, 48.35569127583016069, 0.000000000000000000 ) ) ;
#3205 = CARTESIAN_POINT ( 'NONE',  ( 46.12714680066329720, 34.65840405386123990, 7.000000000000001776 ) ) ;
#3206 = AXIS2_PLACEMENT_3D ( 'NONE', #5066, #7325, #7375 ) ;
#3207 = ORIENTED_EDGE ( 'NONE', *, *, #4547, .T. ) ;
#3208 = CARTESIAN_POINT ( 'NONE',  ( 11.00242549341960618, 13.61292737913947271, 2.000000000000000000 ) ) ;
#3209 = CARTESIAN_POINT ( 'NONE',  ( 38.27776580156773889, 3.944436698132009145, 3.074694197328305734 ) ) ;
#3210 = DIRECTION ( 'NONE',  ( 1.000000000000000000, 0.000000000000000000, 0.000000000000000000 ) ) ;
#3211 = FACE_OUTER_BOUND ( 'NONE', #7064, .T. ) ;
#3212 = ORIENTED_EDGE ( 'NONE', *, *, #9717, .T. ) ;
#3213 = ORIENTED_EDGE ( 'NONE', *, *, #3311, .F. ) ;
#3214 = CARTESIAN_POINT ( 'NONE',  ( 36.01908817428275711, 3.377537131606889176, 2.313586460428392666 ) ) ;
#3215 = CARTESIAN_POINT ( 'NONE',  ( 36.25991137390269614, 3.452074046984450639, 8.000000000000000000 ) ) ;
#3216 = PLANE ( 'NONE',  #5436 ) ;
#3217 = EDGE_CURVE ( 'NONE', #4570, #2043, #9531, .T. ) ;
#3218 = CARTESIAN_POINT ( 'NONE',  ( 14.23332404181243760, 50.94168842127428576, -2.168404344971008868E-16 ) ) ;
#3219 = EDGE_LOOP ( 'NONE', ( #2763, #3662, #7926, #8962 ) ) ;
#3220 = CARTESIAN_POINT ( 'NONE',  ( 15.15099300700910412, 51.67715829483465484, 2.762487717185203806 ) ) ;
#3221 = EDGE_CURVE ( 'NONE', #1325, #9956, #6161, .T. ) ;
#3222 = DIRECTION ( 'NONE',  ( 0.000000000000000000, 0.000000000000000000, -1.000000000000000000 ) ) ;
#3223 = EDGE_CURVE ( 'NONE', #3828, #8365, #9284, .T. ) ;
#3224 = CARTESIAN_POINT ( 'NONE',  ( 40.94637634921735980, 12.27660836322862714, 7.504092990143784725 ) ) ;
#3225 = ORIENTED_EDGE ( 'NONE', *, *, #312, .F. ) ;
#3226 = EDGE_LOOP ( 'NONE', ( #5613, #4459, #6821, #1747 ) ) ;
#3227 =( BOUNDED_SURFACE ( )  B_SPLINE_SURFACE ( 3, 2, ( 
 ( #4489, #5360, #9314 ),
 ( #4537, #661, #4589 ),
 ( #2135, #1424, #10129 ),
 ( #7625, #4642, #6960 ),
 ( #3094, #613, #10030 ),
 ( #2080, #7773, #5409 ),
 ( #5212, #9980, #10078 ),
 ( #6092, #8492, #7669 ),
 ( #4435, #6909, #2996 ),
 ( #8342, #7722, #6146 ),
 ( #9268, #3675, #711 ),
 ( #3820, #7570, #3044 ),
 ( #6189, #2280, #8542 ),
 ( #1322, #560, #6813 ),
 ( #9933, #6042, #9168 ),
 ( #98, #253, #8798 ) ),
 .UNSPECIFIED., .F., .F., .T. ) 
 B_SPLINE_SURFACE_WITH_KNOTS ( ( 4, 2, 2, 2, 2, 2, 2, 4 ),
 ( 3, 3 ),
 ( -2.602085213965210642E-18, 0.0001060559390353733720, 0.0002121118780707493461, 0.0004242237561415012942, 0.0008484475122830051905, 0.001272671268424509141, 0.001696895024566012983, 0.003393790049132028568 ),
 ( 0.000000000000000000, 1.000000000000000000 ),
 .UNSPECIFIED. ) 
 GEOMETRIC_REPRESENTATION_ITEM ( )  RATIONAL_B_SPLINE_SURFACE ( (
 ( 1.000000000000000000, 0.7071067811865467956, 1.000000000000000000),
 ( 1.000000000000000000, 0.7071067811865467956, 1.000000000000000000),
 ( 1.000000000000000000, 0.7071067811865475727, 1.000000000000000000),
 ( 1.000000000000000000, 0.7071067811865475727, 1.000000000000000000),
 ( 1.000000000000000000, 0.7071067811865475727, 1.000000000000000000),
 ( 1.000000000000000000, 0.7071067811865475727, 1.000000000000000000),
 ( 1.000000000000000000, 0.7071067811865475727, 1.000000000000000000),
 ( 1.000000000000000000, 0.7071067811865475727, 1.000000000000000000),
 ( 1.000000000000000000, 0.7071067811865481278, 1.000000000000000000),
 ( 1.000000000000000000, 0.7071067811865481278, 1.000000000000000000),
 ( 1.000000000000000000, 0.7071067811865475727, 1.000000000000000000),
 ( 1.000000000000000000, 0.7071067811865475727, 1.000000000000000000),
 ( 1.000000000000000000, 0.7071067811865475727, 1.000000000000000000),
 ( 1.000000000000000000, 0.7071067811865475727, 1.000000000000000000),
 ( 1.000000000000000000, 0.7071067811865480168, 1.000000000000000000),
 ( 1.000000000000000000, 0.7071067811865480168, 1.000000000000000000) ) ) 
 REPRESENTATION_ITEM ( '' )  SURFACE ( )  );
#3228 = FACE_OUTER_BOUND ( 'NONE', #3711, .T. ) ;
#3229 = AXIS2_PLACEMENT_3D ( 'NONE', #9115, #3716, #6809 ) ;
#3230 = CARTESIAN_POINT ( 'NONE',  ( 39.68669368055096669, 8.592436073356932269, 4.958217805034081493 ) ) ;
#3231 = CARTESIAN_POINT ( 'NONE',  ( 13.68841892082456191, 4.119431439819518204, 1.958172555366800127 ) ) ;
#3232 = ORIENTED_EDGE ( 'NONE', *, *, #9076, .F. ) ;
#3233 = CARTESIAN_POINT ( 'NONE',  ( 37.62497226375068493, 10.69346040715903889, 7.601749545492692661 ) ) ;
#3234 = CIRCLE ( 'NONE', #1935, 0.6999999999999975131 ) ;
#3235 = DIRECTION ( 'NONE',  ( -1.000000000000000000, 0.000000000000000000, 0.000000000000000000 ) ) ;
#3236 = ADVANCED_FACE ( 'NONE', ( #1439, #9901, #2246, #3741, #1390, #7590, #2297, #6061 ), #1537, .F. ) ;
#3237 = ORIENTED_EDGE ( 'NONE', *, *, #695, .T. ) ;
#3238 = CARTESIAN_POINT ( 'NONE',  ( 14.45409177095345932, 3.660179561814396187, 2.731578046243866797 ) ) ;
#3239 = ORIENTED_EDGE ( 'NONE', *, *, #5056, .F. ) ;
#3240 = ORIENTED_EDGE ( 'NONE', *, *, #8334, .F. ) ;
#3241 = CARTESIAN_POINT ( 'NONE',  ( 15.00991137390270502, 4.814462972446879263, 1.400000000000005684 ) ) ;
#3242 = AXIS2_PLACEMENT_3D ( 'NONE', #7207, #6500, #4841 ) ;
#3243 = CARTESIAN_POINT ( 'NONE',  ( 42.20608469505877025, 40.15683159442214389, 8.000000000000000000 ) ) ;
#3244 = CARTESIAN_POINT ( 'NONE',  ( 37.94208727443702855, 51.41686440910996225, 2.502535990838157254 ) ) ;
#3245 = ORIENTED_EDGE ( 'NONE', *, *, #8936, .T. ) ;
#3246 = B_SPLINE_CURVE_WITH_KNOTS ( 'NONE', 3,
 ( #7924, #2436, #5515, #4844, #6237, #9359, #3922, #3045, #2328, #99 ),
 .UNSPECIFIED., .F., .F.,
 ( 4, 2, 2, 2, 4 ),
 ( 0.000000000000000000, 0.001624348644293664495, 0.002436522966440496634, 0.002842610127513912812, 0.003248697288587328990 ),
 .UNSPECIFIED. ) ;
#3247 = CARTESIAN_POINT ( 'NONE',  ( 45.52445781557925386, 35.42238733091235048, 6.939302464070196130 ) ) ;
#3248 = EDGE_LOOP ( 'NONE', ( #3550, #2394 ) ) ;
#3249 = DIRECTION ( 'NONE',  ( 8.462065736584503245E-17, 1.000000000000000000, 0.000000000000000000 ) ) ;
#3250 = LINE ( 'NONE', #8026, #8992 ) ;
#3251 = CYLINDRICAL_SURFACE ( 'NONE', #3655, 20.49999999972801135 ) ;
#3252 = DIRECTION ( 'NONE',  ( -1.000000000000000000, 0.000000000000000000, 0.000000000000000000 ) ) ;
#3253 = CARTESIAN_POINT ( 'NONE',  ( 14.35039845892490362, 51.49623512129306135, 2.671798467331707005 ) ) ;
#3254 = VERTEX_POINT ( 'NONE', #6927 ) ;
#3255 = VECTOR ( 'NONE', #6517, 1000.000000000000000 ) ;
#3256 = CARTESIAN_POINT ( 'NONE',  ( 45.88438431955822949, 27.57807569686059068, 8.000000000000000000 ) ) ;
#3257 = CARTESIAN_POINT ( 'NONE',  ( 37.80594369339047489, 3.694608137455769992, 2.594650047161255468 ) ) ;
#3258 = EDGE_CURVE ( 'NONE', #2813, #2476, #3887, .T. ) ;
#3259 = ORIENTED_EDGE ( 'NONE', *, *, #8384, .T. ) ;
#3260 = LINE ( 'NONE', #8034, #7120 ) ;
#3261 = CARTESIAN_POINT ( 'NONE',  ( 37.16379467336541609, 4.441301035688878684, 3.407976824926426396 ) ) ;
#3262 = AXIS2_PLACEMENT_3D ( 'NONE', #826, #9332, #7740 ) ;
#3263 = CARTESIAN_POINT ( 'NONE',  ( 11.00315964061389273, 13.72921108162135795, 2.000000000000000000 ) ) ;
#3264 = B_SPLINE_SURFACE_WITH_KNOTS ( 'NONE', 3, 1, ( 
 ( #5270, #6247 ),
 ( #7680, #8552 ),
 ( #3732, #6 ),
 ( #7782, #4551 ),
 ( #6919, #816 ),
 ( #2237, #8454 ) ),
 .UNSPECIFIED., .F., .F., .F.,
 ( 4, 1, 1, 4 ),
 ( 2, 2 ),
 ( 0.01311306530685753084, 0.8971699018788490410, 0.9956877298161129763, 1.000000000000000000 ),
 ( 0.000000000000000000, 1.000000000000000000 ),
 .UNSPECIFIED. ) ;
#3265 = AXIS2_PLACEMENT_3D ( 'NONE', #2649, #9738, #2034 ) ;
#3266 = DIRECTION ( 'NONE',  ( 0.000000000000000000, -0.3090169943749543346, 0.9510565162951513107 ) ) ;
#3267 = ORIENTED_EDGE ( 'NONE', *, *, #4299, .T. ) ;
#3268 = ORIENTED_EDGE ( 'NONE', *, *, #7800, .T. ) ;
#3269 = CARTESIAN_POINT ( 'NONE',  ( 12.71433756265768444, 9.224460385154383602, 0.5495346690624430819 ) ) ;
#3270 = CARTESIAN_POINT ( 'NONE',  ( 38.42229033667713622, 11.89582941397556581, 8.000000000000000000 ) ) ;
#3271 = DIRECTION ( 'NONE',  ( 0.000000000000000000, 0.000000000000000000, -1.000000000000000000 ) ) ;
#3272 = B_SPLINE_CURVE_WITH_KNOTS ( 'NONE', 3,
 ( #3368, #308, #3419, #6256, #4561, #1540, #3013, #6111 ),
 .UNSPECIFIED., .F., .F.,
 ( 4, 2, 2, 4 ),
 ( 0.000000000000000000, 0.0002313337530348500955, 0.0004626675060697001910, 0.0009253350121393925758 ),
 .UNSPECIFIED. ) ;
#3273 = FACE_OUTER_BOUND ( 'NONE', #376, .T. ) ;
#3274 = ORIENTED_EDGE ( 'NONE', *, *, #5056, .T. ) ;
#3275 = AXIS2_PLACEMENT_3D ( 'NONE', #3047, #2284, #8449 ) ;
#3276 = CARTESIAN_POINT ( 'NONE',  ( 14.92570060365128271, 50.94215336825695317, 3.255508356522903046 ) ) ;
#3277 = AXIS2_PLACEMENT_3D ( 'NONE', #2989, #8534, #2176 ) ;
#3278 = LINE ( 'NONE', #8973, #4898 ) ;
#3279 = CARTESIAN_POINT ( 'NONE',  ( 40.35374248981464973, 11.70089660450690516, 7.999999999999989342 ) ) ;
#3280 = VERTEX_POINT ( 'NONE', #9137 ) ;
#3281 = ORIENTED_EDGE ( 'NONE', *, *, #3478, .F. ) ;
#3282 = CARTESIAN_POINT ( 'NONE',  ( 9.994522380253672011, 40.45103859170387040, 2.000000000000000444 ) ) ;
#3283 = CARTESIAN_POINT ( 'NONE',  ( 38.28647486732884886, 51.18330181990241101, 3.093752755198760251 ) ) ;
#3284 = CARTESIAN_POINT ( 'NONE',  ( 37.41229244190927972, 44.61438122272473805, 7.500000000000000000 ) ) ;
#3285 = EDGE_CURVE ( 'NONE', #1050, #7775, #2187, .T. ) ;
#3286 = CARTESIAN_POINT ( 'NONE',  ( 42.16730283045746575, 15.35324395946607723, 2.053886548195093642 ) ) ;
#3287 = EDGE_CURVE ( 'NONE', #9443, #2235, #9863, .T. ) ;
#3288 = ORIENTED_EDGE ( 'NONE', *, *, #8, .F. ) ;
#3289 = DIRECTION ( 'NONE',  ( -1.000000000000000000, 0.000000000000000000, 0.000000000000000000 ) ) ;
#3290 = CARTESIAN_POINT ( 'NONE',  ( 12.74797463051438839, 7.221956471484344497, -0.01645605510811989219 ) ) ;
#3291 =( BOUNDED_SURFACE ( )  B_SPLINE_SURFACE ( 3, 2, ( 
 ( #8745, #9563, #195 ),
 ( #8073, #7969, #142 ),
 ( #4783, #7204, #3403 ),
 ( #3247, #6497, #1765 ),
 ( #3300, #9617, #2533 ),
 ( #1005, #5721, #4125 ) ),
 .UNSPECIFIED., .F., .F., .F. ) 
 B_SPLINE_SURFACE_WITH_KNOTS ( ( 4, 2, 4 ),
 ( 3, 3 ),
 ( -1.072275948588163885E-16, 0.0007630012613097575998, 0.001526002522619622319 ),
 ( 0.000000000000000000, 1.000000000000000000 ),
 .UNSPECIFIED. ) 
 GEOMETRIC_REPRESENTATION_ITEM ( )  RATIONAL_B_SPLINE_SURFACE ( (
 ( 1.000000000000000000, 0.9239380341970629962, 1.000000000000000000),
 ( 1.000000000000000000, 0.9190930893255786494, 1.000000000000000000),
 ( 1.000000000000000000, 0.9131719485017082416, 1.000000000000000000),
 ( 1.000000000000000000, 0.8977355221213170200, 1.000000000000000000),
 ( 1.000000000000000000, 0.8882275008505923219, 1.000000000000000000),
 ( 1.000000000000000000, 0.8755196833773286613, 1.000000000000000000) ) ) 
 REPRESENTATION_ITEM ( '' )  SURFACE ( )  );
#3292 = ORIENTED_EDGE ( 'NONE', *, *, #6678, .T. ) ;
#3293 = CARTESIAN_POINT ( 'NONE',  ( 14.21387905490810155, 3.694608137448005980, 2.594650047308623364 ) ) ;
#3294 = ORIENTED_EDGE ( 'NONE', *, *, #4113, .F. ) ;
#3295 = CARTESIAN_POINT ( 'NONE',  ( 47.85375235780784919, 33.53108112062418655, 2.208333333333332593 ) ) ;
#3296 = CARTESIAN_POINT ( 'NONE',  ( 42.27778665798850000, 40.05413140353594059, 8.000000000000000000 ) ) ;
#3297 = ADVANCED_FACE ( 'NONE', ( #682 ), #7486, .F. ) ;
#3298 = CARTESIAN_POINT ( 'NONE',  ( 14.96053686825679918, 51.05580488328942579, 3.179274115666989253 ) ) ;
#3299 = VERTEX_POINT ( 'NONE', #6417 ) ;
#3300 = CARTESIAN_POINT ( 'NONE',  ( 45.66351082490400870, 35.24415602623028576, 6.959869080768556593 ) ) ;
#3301 = ORIENTED_EDGE ( 'NONE', *, *, #728, .T. ) ;
#3302 = CARTESIAN_POINT ( 'NONE',  ( 48.55316943299862231, 31.32807569686055160, 6.598472951074044524 ) ) ;
#3303 = CARTESIAN_POINT ( 'NONE',  ( 36.41338406435697550, 51.91691057053954239, 1.000000000000007105 ) ) ;
#3304 = CARTESIAN_POINT ( 'NONE',  ( 42.11498392077525921, 14.85658146781245748, 1.999999999999959588 ) ) ;
#3305 = DIRECTION ( 'NONE',  ( 1.000000000000000000, -0.000000000000000000, -0.000000000000000000 ) ) ;
#3306 = CARTESIAN_POINT ( 'NONE',  ( 48.48308974800024629, 33.13504425462502212, 3.082123425508615622 ) ) ;
#3307 = ORIENTED_EDGE ( 'NONE', *, *, #3739, .F. ) ;
#3308 = FACE_OUTER_BOUND ( 'NONE', #7627, .T. ) ;
#3309 = VECTOR ( 'NONE', #9701, 1000.000000000000000 ) ;
#3310 = CARTESIAN_POINT ( 'NONE',  ( 10.85446680767501704, 18.82807569686058358, 3.000000000000000000 ) ) ;
#3311 = EDGE_CURVE ( 'NONE', #5039, #783, #9379, .T. ) ;
#3312 = ORIENTED_EDGE ( 'NONE', *, *, #9022, .T. ) ;
#3313 = CARTESIAN_POINT ( 'NONE',  ( 13.69851161557112462, 51.06965031108115483, 7.542084481485124670 ) ) ;
#3314 = CARTESIAN_POINT ( 'NONE',  ( 38.48241233070990575, 4.613182386026549509, 3.523270002114035737 ) ) ;
#3315 = CARTESIAN_POINT ( 'NONE',  ( 48.16159537509905419, 33.34816475811282999, 2.428429469621214309 ) ) ;
#3316 = DIRECTION ( 'NONE',  ( -1.000000000000000000, 0.000000000000000000, 0.000000000000000000 ) ) ;
#3317 = CARTESIAN_POINT ( 'NONE',  ( 11.12626069196320522, 13.50638767001291463, 2.000000000000016431 ) ) ;
#3318 = CARTESIAN_POINT ( 'NONE',  ( 10.54583452896378049, 13.52708799473069234, 2.000000000000000888 ) ) ;
#3319 = VECTOR ( 'NONE', #6563, 1000.000000000000114 ) ;
#3320 = ORIENTED_EDGE ( 'NONE', *, *, #6172, .T. ) ;
#3321 = EDGE_CURVE ( 'NONE', #9535, #8479, #587, .T. ) ;
#3322 = ORIENTED_EDGE ( 'NONE', *, *, #7882, .T. ) ;
#3323 = VECTOR ( 'NONE', #7166, 1000.000000000000000 ) ;
#3324 = PLANE ( 'NONE',  #2129 ) ;
#3325 = AXIS2_PLACEMENT_3D ( 'NONE', #10018, #2792, #5201 ) ;
#3326 = CARTESIAN_POINT ( 'NONE',  ( 16.00991137390270325, 0.000000000000000000, 0.000000000000000000 ) ) ;
#3327 = DIRECTION ( 'NONE',  ( -0.000000000000000000, -0.000000000000000000, -1.000000000000000000 ) ) ;
#3328 = AXIS2_PLACEMENT_3D ( 'NONE', #3093, #4641, #759 ) ;
#3329 = CARTESIAN_POINT ( 'NONE',  ( 36.00991137390269614, 9.682545528998886653, 0.7090026007139549336 ) ) ;
#3330 = ORIENTED_EDGE ( 'NONE', *, *, #2764, .T. ) ;
#3331 = CARTESIAN_POINT ( 'NONE',  ( 14.87344620674275752, 50.77167611204624365, 3.369859706847704750 ) ) ;
#3332 = CARTESIAN_POINT ( 'NONE',  ( 16.84695448061887291, 13.85618730743610350, 1.600000000000000089 ) ) ;
#3333 = CARTESIAN_POINT ( 'NONE',  ( 40.93609508688862775, 12.25199517048843667, 7.512689690653841623 ) ) ;
#3334 = EDGE_LOOP ( 'NONE', ( #317, #8535, #6662, #8724 ) ) ;
#3335 = VERTEX_POINT ( 'NONE', #3112 ) ;
#3336 = CARTESIAN_POINT ( 'NONE',  ( 10.20466215164734081, 40.87035839778836532, 2.500000000000000444 ) ) ;
#3337 = AXIS2_PLACEMENT_3D ( 'NONE', #8478, #2263, #5500 ) ;
#3338 = CARTESIAN_POINT ( 'NONE',  ( 38.02634616303021176, 52.03195823617949145, 1.290655628191949011 ) ) ;
#3339 = DIRECTION ( 'NONE',  ( -1.000000000000000000, 8.462065736584503245E-17, 0.000000000000000000 ) ) ;
#3340 = CARTESIAN_POINT ( 'NONE',  ( 39.06894882378380629, 8.444295124504931138, 0.2779446772587282899 ) ) ;
#3341 = ORIENTED_EDGE ( 'NONE', *, *, #1555, .F. ) ;
#3342 = DIRECTION ( 'NONE',  ( -0.000000000000000000, -0.000000000000000000, -1.000000000000000000 ) ) ;
#3343 = B_SPLINE_CURVE_WITH_KNOTS ( 'NONE', 3,
 ( #6723, #3486, #2810, #2045, #5175, #8303, #6769, #1383, #4500, #6154 ),
 .UNSPECIFIED., .F., .F.,
 ( 4, 2, 2, 2, 4 ),
 ( 0.000000000000000000, 0.001624348623777392654, 0.002436522935666093209, 0.002842610091610448583, 0.003248697247554803522 ),
 .UNSPECIFIED. ) ;
#3344 = CARTESIAN_POINT ( 'NONE',  ( -13.49008862636929429, 49.94168842127428576, 1.518327244431527001 ) ) ;
#3345 = ORIENTED_EDGE ( 'NONE', *, *, #1811, .T. ) ;
#3346 = CARTESIAN_POINT ( 'NONE',  ( 28.25798227860759582, 49.62375642748486371, 2.500000000000000000 ) ) ;
#3347 = CIRCLE ( 'NONE', #7286, 0.6999999999999992895 ) ;
#3348 = FACE_OUTER_BOUND ( 'NONE', #5502, .T. ) ;
#3349 = LINE ( 'NONE', #7252, #9856 ) ;
#3350 = CARTESIAN_POINT ( 'NONE',  ( 36.41338406435697550, 51.91691057053954239, 1.518327244431520118 ) ) ;
#3351 = ORIENTED_EDGE ( 'NONE', *, *, #8877, .F. ) ;
#3352 = EDGE_CURVE ( 'NONE', #7775, #1992, #6254, .T. ) ;
#3353 = CARTESIAN_POINT ( 'NONE',  ( 10.78430939000850053, 42.17549676981663254, 2.454823098681918836 ) ) ;
#3354 = CARTESIAN_POINT ( 'NONE',  ( 47.10249359828603133, 33.77001919795424101, 2.000000000000000000 ) ) ;
#3355 = LINE ( 'NONE', #7459, #9420 ) ;
#3356 = CARTESIAN_POINT ( 'NONE',  ( 37.41139575840946208, 3.717565692103879105, 2.844642308047124146 ) ) ;
#3357 = EDGE_CURVE ( 'NONE', #7002, #7363, #6361, .T. ) ;
#3358 = FACE_OUTER_BOUND ( 'NONE', #6320, .T. ) ;
#3359 = FACE_OUTER_BOUND ( 'NONE', #7968, .T. ) ;
#3360 = EDGE_CURVE ( 'NONE', #8782, #8621, #13, .T. ) ;
#3361 = CARTESIAN_POINT ( 'NONE',  ( 48.37130488423666463, 33.32790976666795757, 2.918934845096441855 ) ) ;
#3362 = EDGE_LOOP ( 'NONE', ( #2143, #7747, #9493, #9122, #5553, #5690, #3951, #2367 ) ) ;
#3363 = CARTESIAN_POINT ( 'NONE',  ( 10.85446680767511829, 18.82807569686041660, 3.000000000000000000 ) ) ;
#3364 = B_SPLINE_CURVE_WITH_KNOTS ( 'NONE', 3,
 ( #1955, #6060, #6829, #6779, #9849, #2051 ),
 .UNSPECIFIED., .F., .F.,
 ( 4, 2, 4 ),
 ( 0.000000000000000000, 0.5000000000000000000, 1.000000000000000000 ),
 .UNSPECIFIED. ) ;
#3365 = DIRECTION ( 'NONE',  ( 2.253887659025048833E-14, -7.372574772901423840E-15, 1.000000000000000000 ) ) ;
#3366 = B_SPLINE_CURVE_WITH_KNOTS ( 'NONE', 3,
 ( #3727, #4848, #3205, #5468 ),
 .UNSPECIFIED., .F., .F.,
 ( 4, 4 ),
 ( 0.000000000000000000, 0.0007865315790169057466 ),
 .UNSPECIFIED. ) ;
#3367 = ORIENTED_EDGE ( 'NONE', *, *, #5954, .T. ) ;
#3368 = CARTESIAN_POINT ( 'NONE',  ( 48.55316943299862231, 31.32807569686055160, 2.439604810534883761 ) ) ;
#3369 = CARTESIAN_POINT ( 'NONE',  ( 37.14637654091962560, 4.384475280853080470, 3.369859706296432833 ) ) ;
#3370 = CARTESIAN_POINT ( 'NONE',  ( 10.25828858387167308, 15.23392499260880051, 2.000000000000000444 ) ) ;
#3371 = CARTESIAN_POINT ( 'NONE',  ( 13.95677850997874359, 47.73405777270496486, 5.407408683150540796 ) ) ;
#3372 = DIRECTION ( 'NONE',  ( 1.000000000000000000, -0.000000000000000000, 0.000000000000000000 ) ) ;
#3373 = LINE ( 'NONE', #9481, #3754 ) ;
#3374 = EDGE_CURVE ( 'NONE', #9946, #7050, #4133, .T. ) ;
#3375 = CARTESIAN_POINT ( 'NONE',  ( 10.26939816197579347, 39.93993994226161703, 8.000000000000000000 ) ) ;
#3376 = ORIENTED_EDGE ( 'NONE', *, *, #2343, .T. ) ;
#3377 = EDGE_LOOP ( 'NONE', ( #834, #8200, #5708, #7441 ) ) ;
#3378 = CARTESIAN_POINT ( 'NONE',  ( 13.09634745797987954, 7.911168740407198641, 0.09235349858085148411 ) ) ;
#3379 = TOROIDAL_SURFACE ( 'NONE', #4679, 19.99999999981464427, 0.5000000000000000000 ) ;
#3380 = CARTESIAN_POINT ( 'NONE',  ( 48.26917597173572716, 21.87190964284417305, 2.573145880096027849 ) ) ;
#3381 = CARTESIAN_POINT ( 'NONE',  ( 41.54856518519600428, 41.46016405429498519, 2.502062884671291787 ) ) ;
#3382 = DIRECTION ( 'NONE',  ( 0.4042467388567257403, 0.9146499735547485299, 2.030930920226544137E-13 ) ) ;
#3383 = CARTESIAN_POINT ( 'NONE',  ( 12.19010894154211400, 42.57461025339740246, 8.868221015990581435 ) ) ;
#3384 = B_SPLINE_CURVE_WITH_KNOTS ( 'NONE', 3,
 ( #7267, #1774, #7465, #8963, #1927, #5062 ),
 .UNSPECIFIED., .F., .F.,
 ( 4, 2, 4 ),
 ( 0.000000000000000000, 0.0004457045608424044735, 0.0008914091216848089470 ),
 .UNSPECIFIED. ) ;
#3385 = CARTESIAN_POINT ( 'NONE',  ( 40.71277268005054140, 12.02267437364232805, 7.999999999999743316 ) ) ;
#3386 = VERTEX_POINT ( 'NONE', #5479 ) ;
#3387 = CARTESIAN_POINT ( 'NONE',  ( 37.84326414872457889, 4.233031221373535935, 0.000000000000000000 ) ) ;
#3388 = CARTESIAN_POINT ( 'NONE',  ( 38.34651057430832566, 50.98741080631897660, 1.991156595950500430 ) ) ;
#3389 = CARTESIAN_POINT ( 'NONE',  ( 13.39719988831233621, 48.35569127583016069, 0.5000000000000000000 ) ) ;
#3390 = CARTESIAN_POINT ( 'NONE',  ( 10.22898926726372437, 15.27796654192249193, 8.000000000000000000 ) ) ;
#3391 = ORIENTED_EDGE ( 'NONE', *, *, #5486, .T. ) ;
#3392 = ADVANCED_FACE ( 'NONE', ( #3168 ), #3216, .F. ) ;
#3393 = LINE ( 'NONE', #3594, #320 ) ;
#3394 = DIRECTION ( 'NONE',  ( 0.000000000000000000, 0.000000000000000000, -1.000000000000000000 ) ) ;
#3395 = ORIENTED_EDGE ( 'NONE', *, *, #907, .T. ) ;
#3396 = DIRECTION ( 'NONE',  ( 1.000000000000000000, 0.000000000000000000, 0.000000000000000000 ) ) ;
#3397 = CARTESIAN_POINT ( 'NONE',  ( 15.00991137390270502, 5.314462972446880151, 1.400000000000005684 ) ) ;
#3398 = CARTESIAN_POINT ( 'NONE',  ( 48.47672230942652760, 31.32807569686054450, 6.665412469282212982 ) ) ;
#3399 = CARTESIAN_POINT ( 'NONE',  ( 48.79846204852487546, 23.52978974892232955, 6.000000000000000000 ) ) ;
#3400 = CARTESIAN_POINT ( 'NONE',  ( 41.16535594013037525, 18.82807569686056937, 6.500000000000000000 ) ) ;
#3401 = EDGE_LOOP ( 'NONE', ( #5595, #8909, #2545, #2575, #1682, #3225 ) ) ;
#3402 = CARTESIAN_POINT ( 'NONE',  ( 48.29261033246416446, 33.42219228021915711, 6.171150282777134954 ) ) ;
#3403 = CARTESIAN_POINT ( 'NONE',  ( 44.76929265731619267, 35.84135780732578525, 7.556973566048014845 ) ) ;
#3404 = LINE ( 'NONE', #4126, #5458 ) ;
#3405 = CARTESIAN_POINT ( 'NONE',  ( 37.31648312097910747, 3.812450983058823795, 2.951820288827037952 ) ) ;
#3406 = CIRCLE ( 'NONE', #9303, 2.000000000000001776 ) ;
#3407 = CARTESIAN_POINT ( 'NONE',  ( 41.98669438649505281, 14.63519049734522781, 2.000000000000083045 ) ) ;
#3408 = VECTOR ( 'NONE', #8007, 1000.000000000000000 ) ;
#3409 = CARTESIAN_POINT ( 'NONE',  ( 11.88615954611817216, 43.26032197974560489, 7.500000000000000000 ) ) ;
#3410 = ORIENTED_EDGE ( 'NONE', *, *, #8852, .F. ) ;
#3411 = CARTESIAN_POINT ( 'NONE',  ( 36.53896426586547364, 51.87583268354236310, 1.920925293406312129 ) ) ;
#3412 = EDGE_CURVE ( 'NONE', #4362, #2289, #4953, .T. ) ;
#3413 = VERTEX_POINT ( 'NONE', #8665 ) ;
#3414 = DIRECTION ( 'NONE',  ( -1.000000000000000000, 0.000000000000000000, 0.000000000000000000 ) ) ;
#3415 = CARTESIAN_POINT ( 'NONE',  ( 39.06894882378380629, 8.279911623843535295, 0.7501502095328688169 ) ) ;
#3416 = EDGE_CURVE ( 'NONE', #4091, #9725, #5574, .T. ) ;
#3417 = EDGE_CURVE ( 'NONE', #9034, #1228, #6570, .T. ) ;
#3418 = EDGE_LOOP ( 'NONE', ( #1939, #9870, #6983, #8435, #7931, #8323 ) ) ;
#3419 = CARTESIAN_POINT ( 'NONE',  ( 48.64702871794477801, 31.34289232091241217, 2.562400329892202677 ) ) ;
#3420 = CARTESIAN_POINT ( 'NONE',  ( 11.00316078719647628, 41.42694031209934025, 2.000000000000011990 ) ) ;
#3421 = CARTESIAN_POINT ( 'NONE',  ( 37.94194615321456610, 51.41691057053954950, -7.589415207398530052E-16 ) ) ;
#3422 = DIRECTION ( 'NONE',  ( 0.000000000000000000, 0.000000000000000000, -1.000000000000000000 ) ) ;
#3423 = CARTESIAN_POINT ( 'NONE',  ( 12.53035270578303262, 44.04438771794602303, 7.850124279013102502 ) ) ;
#3424 = CARTESIAN_POINT ( 'NONE',  ( 10.89512656497901411, 12.71487299146047611, 2.361027661370818098 ) ) ;
#3425 = CARTESIAN_POINT ( 'NONE',  ( 37.78649870599299021, 50.94168842127428576, -2.168404344971008868E-16 ) ) ;
#3426 = ORIENTED_EDGE ( 'NONE', *, *, #7051, .F. ) ;
#3427 = VERTEX_POINT ( 'NONE', #9587 ) ;
#3428 = CYLINDRICAL_SURFACE ( 'NONE', #3442, 1.000000000000000888 ) ;
#3429 = FACE_OUTER_BOUND ( 'NONE', #500, .T. ) ;
#3430 = LINE ( 'NONE', #1313, #189 ) ;
#3431 = AXIS2_PLACEMENT_3D ( 'NONE', #5143, #6835, #8268 ) ;
#3432 = EDGE_CURVE ( 'NONE', #9442, #8803, #2943, .T. ) ;
#3433 = AXIS2_PLACEMENT_3D ( 'NONE', #2762, #5904, #1234 ) ;
#3434 = CARTESIAN_POINT ( 'NONE',  ( 11.61844422810876054, 44.33862749621354027, 6.478494761664109092 ) ) ;
#3435 = CARTESIAN_POINT ( 'NONE',  ( 14.83106843653029649, 50.63278553194813014, 3.463023602927677747 ) ) ;
#3436 = CARTESIAN_POINT ( 'NONE',  ( 26.00991137390269969, 27.57807569686057292, 8.000000000000000000 ) ) ;
#3437 = ORIENTED_EDGE ( 'NONE', *, *, #6991, .T. ) ;
#3438 = CARTESIAN_POINT ( 'NONE',  ( 13.69851161557112285, 4.086501082639995452, 0.5000000000000004441 ) ) ;
#3439 = CARTESIAN_POINT ( 'NONE',  ( 40.55572512568313925, 43.86951801954410968, 6.801098441065624556 ) ) ;
#3440 = CARTESIAN_POINT ( 'NONE',  ( 45.40857109633029154, 34.69044979960127506, 7.100563071432103079 ) ) ;
#3441 = CARTESIAN_POINT ( 'NONE',  ( 10.10471384294312358, 15.45285477308248545, 8.000000000000000000 ) ) ;
#3442 = AXIS2_PLACEMENT_3D ( 'NONE', #9688, #8251, #8298 ) ;
#3443 = EDGE_CURVE ( 'NONE', #9779, #1798, #4595, .T. ) ;
#3444 = VECTOR ( 'NONE', #4224, 1000.000000000000000 ) ;
#3445 = ORIENTED_EDGE ( 'NONE', *, *, #7184, .F. ) ;
#3446 =( BOUNDED_CURVE ( )  B_SPLINE_CURVE ( 3, ( #1427, #665, #3824, #10081 ),
 .UNSPECIFIED., .F., .T. ) 
 B_SPLINE_CURVE_WITH_KNOTS ( ( 4, 4 ),
 ( 2.341024859141525916, 3.141592653589797557 ),
 .UNSPECIFIED. ) 
 CURVE ( )  GEOMETRIC_REPRESENTATION_ITEM ( )  RATIONAL_B_SPLINE_CURVE ( ( 1.000000000000000000, 0.9473002680668619613, 0.9473002680668619613, 1.000000000000000000 ) ) 
 REPRESENTATION_ITEM ( '' )  );
#3447 = CARTESIAN_POINT ( 'NONE',  ( 15.76188613062418753, 51.94168842127428576, 1.786837796431081316 ) ) ;
#3448 = CARTESIAN_POINT ( 'NONE',  ( 36.25793661713550620, 3.714462972446881395, 1.000000000000007105 ) ) ;
#3449 = ORIENTED_EDGE ( 'NONE', *, *, #3417, .F. ) ;
#3450 = CARTESIAN_POINT ( 'NONE',  ( 42.35788392518427514, 39.94714168645511876, 2.500000000000000444 ) ) ;
#3451 = ADVANCED_FACE ( 'NONE', ( #4810 ), #8203, .T. ) ;
#3452 = FACE_OUTER_BOUND ( 'NONE', #4827, .T. ) ;
#3453 = CARTESIAN_POINT ( 'NONE',  ( 38.84321251717304335, 5.799550168682006124, 0.5000000000000004441 ) ) ;
#3454 = CARTESIAN_POINT ( 'NONE',  ( 48.54318645688867662, 22.23298974341040335, 3.249999999999999556 ) ) ;
#3455 = CARTESIAN_POINT ( 'NONE',  ( 43.50991137363070749, 26.30209948433251554, 5.567050983124831376 ) ) ;
#3456 = VERTEX_POINT ( 'NONE', #2505 ) ;
#3457 = CARTESIAN_POINT ( 'NONE',  ( 11.94538556923170525, 45.29686266922259819, 0.7705301839530070973 ) ) ;
#3458 = CARTESIAN_POINT ( 'NONE',  ( 41.69904821511973125, 14.03017704046897407, 1.992884765008756220 ) ) ;
#3459 = CARTESIAN_POINT ( 'NONE',  ( 40.28556576937400990, 43.08882725869091246, 8.000000000000007105 ) ) ;
#3460 = DIRECTION ( 'NONE',  ( 0.7652177220739277974, -0.6437715727057145010, -0.000000000000000000 ) ) ;
#3461 = CARTESIAN_POINT ( 'NONE',  ( 43.50991137363070749, 27.09069615251121377, 6.139999999999994351 ) ) ;
#3462 = ORIENTED_EDGE ( 'NONE', *, *, #1342, .T. ) ;
#3463 = CARTESIAN_POINT ( 'NONE',  ( 36.25793661713537119, 51.94168842127428576, 1.518327244431526779 ) ) ;
#3464 = ORIENTED_EDGE ( 'NONE', *, *, #5582, .T. ) ;
#3465 = CARTESIAN_POINT ( 'NONE',  ( 40.66320477689052382, 13.07167707897554010, 1.888822129096485281 ) ) ;
#3466 = FACE_OUTER_BOUND ( 'NONE', #6762, .T. ) ;
#3467 = ORIENTED_EDGE ( 'NONE', *, *, #2687, .F. ) ;
#3468 = DIRECTION ( 'NONE',  ( 0.000000000000000000, -0.9444110645482444166, 0.3287670013228996546 ) ) ;
#3469 = ADVANCED_FACE ( 'NONE', ( #8150, #3482 ), #6620, .F. ) ;
#3470 = CARTESIAN_POINT ( 'NONE',  ( 26.00991137390269969, 27.57807569686057292, 8.000000000000000000 ) ) ;
#3471 = FACE_OUTER_BOUND ( 'NONE', #9730, .T. ) ;
#3472 = CARTESIAN_POINT ( 'NONE',  ( 10.06066986044630163, 39.64545715010157778, 8.000000000000000000 ) ) ;
#3473 = CIRCLE ( 'NONE', #6591, 0.3499999999999998668 ) ;
#3474 = DIRECTION ( 'NONE',  ( 0.000000000000000000, 0.000000000000000000, -1.000000000000000000 ) ) ;
#3475 = FACE_OUTER_BOUND ( 'NONE', #842, .T. ) ;
#3476 = CIRCLE ( 'NONE', #5944, 5.000000000000000888 ) ;
#3477 = DIRECTION ( 'NONE',  ( 0.000000000000000000, 0.000000000000000000, -1.000000000000000000 ) ) ;
#3478 = EDGE_CURVE ( 'NONE', #6693, #9888, #2897, .T. ) ;
#3479 = ORIENTED_EDGE ( 'NONE', *, *, #9212, .T. ) ;
#3480 = CARTESIAN_POINT ( 'NONE',  ( 37.84326414872457889, 50.92312017234762322, 0.5000000000000004441 ) ) ;
#3481 = CARTESIAN_POINT ( 'NONE',  ( 12.68676818206948909, 10.91097133763405402, 7.747649763304945481 ) ) ;
#3482 = FACE_OUTER_BOUND ( 'NONE', #8138, .T. ) ;
#3483 = B_SPLINE_CURVE_WITH_KNOTS ( 'NONE', 3,
 ( #7144, #3233, #131, #7244 ),
 .UNSPECIFIED., .F., .F.,
 ( 4, 4 ),
 ( 9.611563714286027837E-05, 0.0005154584329342306714 ),
 .UNSPECIFIED. ) ;
#3484 = EDGE_CURVE ( 'NONE', #3004, #5168, #674, .T. ) ;
#3485 = CARTESIAN_POINT ( 'NONE',  ( 11.14054567726546274, 43.04546754725244284, 7.376386537790077469 ) ) ;
#3486 = CARTESIAN_POINT ( 'NONE',  ( 41.15183259999011511, 42.36523287047156572, 7.500000000000000888 ) ) ;
#3487 = AXIS2_PLACEMENT_3D ( 'NONE', #7845, #9292, #24 ) ;
#3488 = CARTESIAN_POINT ( 'NONE',  ( 38.32131113223427121, 51.06965031108115483, 1.936151262264842243 ) ) ;
#3489 = ORIENTED_EDGE ( 'NONE', *, *, #8446, .T. ) ;
#3490 = ORIENTED_EDGE ( 'NONE', *, *, #8721, .F. ) ;
#3491 = EDGE_CURVE ( 'NONE', #9847, #5102, #9926, .T. ) ;
#3492 = CARTESIAN_POINT ( 'NONE',  ( 9.661938822621111811, 15.20900970726603063, 2.500000000000000444 ) ) ;
#3493 = B_SPLINE_CURVE_WITH_KNOTS ( 'NONE', 3,
 ( #7597, #6065, #6787, #6681, #9906, #9140 ),
 .UNSPECIFIED., .F., .F.,
 ( 4, 2, 4 ),
 ( 0.000000000000000000, 0.5000000000000004441, 1.000000000000000000 ),
 .UNSPECIFIED. ) ;
#3494 = CARTESIAN_POINT ( 'NONE',  ( 16.00991137390270325, 51.05580488328942579, 3.179274115666989253 ) ) ;
#3495 = CIRCLE ( 'NONE', #4310, 20.49999999972800779 ) ;
#3496 = DIRECTION ( 'NONE',  ( -1.000000000000000000, 0.000000000000000000, 0.000000000000000000 ) ) ;
#3497 = FACE_OUTER_BOUND ( 'NONE', #8953, .T. ) ;
#3498 = CARTESIAN_POINT ( 'NONE',  ( 36.41338406435711761, 3.239240823181628759, 1.000000000000000222 ) ) ;
#3499 = AXIS2_PLACEMENT_3D ( 'NONE', #862, #5677, #7012 ) ;
#3500 = CARTESIAN_POINT ( 'NONE',  ( 15.48085848371187190, 51.87583268412199544, 1.920925290604679647 ) ) ;
#3501 = CARTESIAN_POINT ( 'NONE',  ( 41.16535594013037525, 18.82807569686056937, 6.500000000000000000 ) ) ;
#3502 = AXIS2_PLACEMENT_3D ( 'NONE', #4327, #4422, #6847 ) ;
#3503 = EDGE_LOOP ( 'NONE', ( #51, #303, #1717, #9057, #6479, #922 ) ) ;
#3504 = CARTESIAN_POINT ( 'NONE',  ( 43.50991137363070749, 26.30209948433252620, 3.712949016875144892 ) ) ;
#3505 = ADVANCED_FACE ( 'NONE', ( #6522 ), #5749, .T. ) ;
#3506 = CARTESIAN_POINT ( 'NONE',  ( 48.02041729126058556, 33.43205096019717359, 2.304117224511273765 ) ) ;
#3507 = CARTESIAN_POINT ( 'NONE',  ( 37.84326414872457889, 4.233031221373537711, 6.505213034913026604E-16 ) ) ;
#3508 = CARTESIAN_POINT ( 'NONE',  ( 46.50991137363070749, 28.85405190938865161, 3.712949016875166208 ) ) ;
#3509 =( BOUNDED_SURFACE ( )  B_SPLINE_SURFACE ( 3, 2, ( 
 ( #9710, #241, #5767 ),
 ( #1866, #6490, #8119 ),
 ( #8996, #8948, #4220 ),
 ( #9609, #2577, #5715 ),
 ( #1913, #4934, #8066 ),
 ( #5042, #8170, #4318 ) ),
 .UNSPECIFIED., .F., .F., .T. ) 
 B_SPLINE_SURFACE_WITH_KNOTS ( ( 4, 2, 4 ),
 ( 3, 3 ),
 ( 3.141592653589793116, 3.544278254197271494, 3.946963854804749872 ),
 ( 0.000000000000000000, 1.000000000000000000 ),
 .UNSPECIFIED. ) 
 GEOMETRIC_REPRESENTATION_ITEM ( )  RATIONAL_B_SPLINE_SURFACE ( (
 ( 1.000000000000000000, 0.9875333661528877816, 1.000000000000000000),
 ( 1.000000000000000000, 0.9875422333892744930, 1.000000000000000000),
 ( 1.000000000000000000, 0.9810070137537496571, 1.000000000000000000),
 ( 1.000000000000000000, 0.9551851352371547588, 1.000000000000000000),
 ( 1.000000000000000000, 0.9358985169740151600, 1.000000000000000000),
 ( 1.000000000000000000, 0.9106341918580254102, 1.000000000000000000) ) ) 
 REPRESENTATION_ITEM ( '' )  SURFACE ( )  );
#3510 = CARTESIAN_POINT ( 'NONE',  ( 40.71719586080414643, 11.69087991505774227, 7.084047394041578016 ) ) ;
#3511 = ORIENTED_EDGE ( 'NONE', *, *, #5885, .T. ) ;
#3512 = CARTESIAN_POINT ( 'NONE',  ( 46.69231030872663268, 31.32807569686055160, 7.078454154103786422 ) ) ;
#3513 = EDGE_CURVE ( 'NONE', #9516, #4661, #8273, .T. ) ;
#3514 = CARTESIAN_POINT ( 'NONE',  ( 40.74639728075034384, 13.23129669418942100, 1.944388676563067353 ) ) ;
#3515 = CARTESIAN_POINT ( 'NONE',  ( 40.48599559934621794, 12.47427253672983483, 8.000000000000000000 ) ) ;
#3516 = CIRCLE ( 'NONE', #4815, 0.6999999999999992895 ) ;
#3517 = DIRECTION ( 'NONE',  ( 1.000000000000000000, 0.000000000000000000, 0.000000000000000000 ) ) ;
#3518 = ORIENTED_EDGE ( 'NONE', *, *, #8983, .T. ) ;
#3519 = CIRCLE ( 'NONE', #9742, 1.000000000000001332 ) ;
#3520 = PLANE ( 'NONE',  #4790 ) ;
#3521 = ORIENTED_EDGE ( 'NONE', *, *, #5265, .F. ) ;
#3522 = CARTESIAN_POINT ( 'NONE',  ( 37.84326414872459310, 4.233031221373535935, 8.000000000000000000 ) ) ;
#3523 = DIRECTION ( 'NONE',  ( -0.5485370967587755997, -0.4614798890317788893, -0.6972398192147883922 ) ) ;
#3524 = DIRECTION ( 'NONE',  ( -0.7991390364383790246, -0.6011462388141002311, 0.000000000000000000 ) ) ;
#3525 = CARTESIAN_POINT ( 'NONE',  ( -13.49008862636929429, 51.94168842127428576, 1.000000000000007105 ) ) ;
#3526 = EDGE_CURVE ( 'NONE', #10103, #3427, #4721, .T. ) ;
#3527 = CARTESIAN_POINT ( 'NONE',  ( 48.08551410418001382, 21.55973070668712666, 2.393002310688903123 ) ) ;
#3528 = CARTESIAN_POINT ( 'NONE',  ( 36.25793661713549909, 3.214462972446881395, 8.000000000000000000 ) ) ;
#3529 = CARTESIAN_POINT ( 'NONE',  ( 10.66769990131332335, 13.25135458451667425, 2.499999996079484088 ) ) ;
#3530 = CARTESIAN_POINT ( 'NONE',  ( 13.90506645079623027, 7.593444401978870495, 5.522345969318922521 ) ) ;
#3531 = CARTESIAN_POINT ( 'NONE',  ( 48.49761926304015702, 33.01206572255389915, 6.215453824911251424 ) ) ;
#3532 = ORIENTED_EDGE ( 'NONE', *, *, #1895, .F. ) ;
#3533 = VERTEX_POINT ( 'NONE', #5851 ) ;
#3534 = CARTESIAN_POINT ( 'NONE',  ( 44.75732710875359288, 19.22455114125274633, 7.124298226101111631 ) ) ;
#3535 = CARTESIAN_POINT ( 'NONE',  ( 12.43671230208292933, 11.00419792496658467, 7.778205158406914066 ) ) ;
#3536 = CARTESIAN_POINT ( 'NONE',  ( 11.63753104239293812, 44.39384685183907919, 6.440286009867140393 ) ) ;
#3537 = CARTESIAN_POINT ( 'NONE',  ( 13.70722068172251440, 51.09806318804177039, 1.917086255304085052 ) ) ;
#3538 = CARTESIAN_POINT ( 'NONE',  ( 45.80268872672071012, 20.08653427432844296, 6.974480095893039966 ) ) ;
#3539 = ORIENTED_EDGE ( 'NONE', *, *, #6820, .T. ) ;
#3540 = ORIENTED_EDGE ( 'NONE', *, *, #2230, .T. ) ;
#3541 = CARTESIAN_POINT ( 'NONE',  ( 14.17655859908083293, 4.233031221373527053, 6.505213034913026604E-16 ) ) ;
#3542 = CARTESIAN_POINT ( 'NONE',  ( 45.80268872672046854, 35.06961711939273840, 6.974480095893027531 ) ) ;
#3543 = CARTESIAN_POINT ( 'NONE',  ( 47.81447522767334135, 33.82444353433644579, 2.364652969140633498 ) ) ;
#3544 = DIRECTION ( 'NONE',  ( -0.000000000000000000, -0.000000000000000000, -1.000000000000000000 ) ) ;
#3545 = CARTESIAN_POINT ( 'NONE',  ( 39.54392914538205162, 10.00399411121350823, 0.8209048119663626686 ) ) ;
#3546 = EDGE_CURVE ( 'NONE', #5728, #5855, #8895, .T. ) ;
#3547 = EDGE_CURVE ( 'NONE', #345, #1586, #3430, .T. ) ;
#3548 = CARTESIAN_POINT ( 'NONE',  ( 40.13366494974386001, 11.89582941397556581, 8.000000000000000000 ) ) ;
#3549 = AXIS2_PLACEMENT_3D ( 'NONE', #6694, #2684, #1253 ) ;
#3550 = ORIENTED_EDGE ( 'NONE', *, *, #3484, .F. ) ;
#3551 = CARTESIAN_POINT ( 'NONE',  ( 47.12276675068161325, 22.78349224471222456, 7.000000000000000000 ) ) ;
#3552 = LINE ( 'NONE', #2159, #2321 ) ;
#3553 = CARTESIAN_POINT ( 'NONE',  ( 13.58514645653874986, 8.653606146429764223, 6.233472659971504015 ) ) ;
#3554 = CARTESIAN_POINT ( 'NONE',  ( 47.60607157845627313, 21.64298936545120711, 6.889374276611696324 ) ) ;
#3555 = CARTESIAN_POINT ( 'NONE',  ( 40.39111869195951954, 10.78788677643212424, 6.457990645067023472 ) ) ;
#3556 = ORIENTED_EDGE ( 'NONE', *, *, #601, .T. ) ;
#3557 = EDGE_CURVE ( 'NONE', #4281, #6053, #6070, .T. ) ;
#3558 = CARTESIAN_POINT ( 'NONE',  ( 37.71639721173807658, 44.37443844176083019, 7.660946871235397637 ) ) ;
#3559 = CARTESIAN_POINT ( 'NONE',  ( 40.84603086326586663, 43.13068094851436740, 7.591245314823829915 ) ) ;
#3560 = DIRECTION ( 'NONE',  ( -0.000000000000000000, -0.000000000000000000, 1.000000000000000000 ) ) ;
#3561 = VERTEX_POINT ( 'NONE', #271 ) ;
#3562 = DIRECTION ( 'NONE',  ( -1.000000000000000000, 0.000000000000000000, 0.000000000000000000 ) ) ;
#3563 = ORIENTED_EDGE ( 'NONE', *, *, #7872, .F. ) ;
#3564 = FACE_OUTER_BOUND ( 'NONE', #6245, .T. ) ;
#3565 =( BOUNDED_SURFACE ( )  B_SPLINE_SURFACE ( 3, 2, ( 
 ( #8514, #633, #9333 ),
 ( #1542, #2966, #9384 ),
 ( #3838, #3790, #1491 ),
 ( #4611, #4663, #6258 ),
 ( #6979, #3172, #8465 ),
 ( #9286, #1392, #1441 ),
 ( #2300, #3942, #5334 ),
 ( #8414, #5484, #5430 ) ),
 .UNSPECIFIED., .F., .F., .F. ) 
 B_SPLINE_SURFACE_WITH_KNOTS ( ( 4, 2, 2, 4 ),
 ( 3, 3 ),
 ( -3.317658647805643568E-17, 0.0003323901526369767959, 0.0006647803052739867683, 0.001329560610548006713 ),
 ( 0.000000000000000000, 1.000000000000000000 ),
 .UNSPECIFIED. ) 
 GEOMETRIC_REPRESENTATION_ITEM ( )  RATIONAL_B_SPLINE_SURFACE ( (
 ( 1.000000000000000000, 0.8620267827780881964, 1.000000000000000000),
 ( 1.000000000000000000, 0.8899784117623432689, 1.000000000000000000),
 ( 1.000000000000000000, 0.9116139837978114446, 1.000000000000000000),
 ( 1.000000000000000000, 0.9466212481932427814, 1.000000000000000000),
 ( 1.000000000000000000, 0.9599923559864456113, 1.000000000000000000),
 ( 1.000000000000000000, 0.9911128564964190035, 1.000000000000000000),
 ( 1.000000000000000000, 0.9998942745965330170, 1.000000000000000000),
 ( 1.000000000000000000, 1.000000000000000000, 1.000000000000000000) ) ) 
 REPRESENTATION_ITEM ( '' )  SURFACE ( )  );
#3566 = EDGE_CURVE ( 'NONE', #8331, #6216, #1897, .T. ) ;
#3567 = AXIS2_PLACEMENT_3D ( 'NONE', #8934, #8209, #8354 ) ;
#3568 = CARTESIAN_POINT ( 'NONE',  ( 46.75991137363070749, 23.82807569686055871, 8.000000000000000000 ) ) ;
#3569 = CARTESIAN_POINT ( 'NONE',  ( 46.75991137363070749, 31.07807569686055160, 8.000000000000000000 ) ) ;
#3570 = AXIS2_PLACEMENT_3D ( 'NONE', #2245, #1583, #6880 ) ;
#3571 = CARTESIAN_POINT ( 'NONE',  ( 53.74831193812256203, 10.64198600275350515, 2.000000000000000000 ) ) ;
#3572 = CARTESIAN_POINT ( 'NONE',  ( 40.24594626541753684, 43.72560830785271691, 7.792260095725805691 ) ) ;
#3573 = CARTESIAN_POINT ( 'NONE',  ( 40.66320484816658620, 42.08447431474561995, 1.888822129096488833 ) ) ;
#3574 = CARTESIAN_POINT ( 'NONE',  ( 12.88554396677210256, 10.78171295196041690, 7.660946871235453592 ) ) ;
#3575 = CARTESIAN_POINT ( 'NONE',  ( 36.77669975197509444, 40.50285208865746256, 2.000000000000000000 ) ) ;
#3576 = ORIENTED_EDGE ( 'NONE', *, *, #9134, .T. ) ;
#3577 = VERTEX_POINT ( 'NONE', #5252 ) ;
#3578 = CARTESIAN_POINT ( 'NONE',  ( 36.04607442435483478, 3.318562533483741195, 2.160429487779914393 ) ) ;
#3579 = EDGE_CURVE ( 'NONE', #7125, #8630, #5405, .T. ) ;
#3580 = CARTESIAN_POINT ( 'NONE',  ( 36.25793661713538540, 51.94168842127428576, 1.000000000000007105 ) ) ;
#3581 = CARTESIAN_POINT ( 'NONE',  ( 11.59453514728519252, 44.26978030559440214, 6.525566740608699234 ) ) ;
#3582 = CARTESIAN_POINT ( 'NONE',  ( 13.72028428094963282, 51.14068250348280742, 1.888498416661960499 ) ) ;
#3583 = CARTESIAN_POINT ( 'NONE',  ( 45.96350439721067715, 20.29031447607008332, 6.991898277502307302 ) ) ;
#3584 = ORIENTED_EDGE ( 'NONE', *, *, #9252, .T. ) ;
#3585 = ORIENTED_EDGE ( 'NONE', *, *, #1873, .F. ) ;
#3586 = CARTESIAN_POINT ( 'NONE',  ( 9.757485598474714195, 15.08167566605085064, 2.500000000000000000 ) ) ;
#3587 = VECTOR ( 'NONE', #6444, 1000.000000000000000 ) ;
#3588 = VECTOR ( 'NONE', #2078, 1000.000000000000000 ) ;
#3589 = CIRCLE ( 'NONE', #5, 0.5000000000000004441 ) ;
#3590 = CARTESIAN_POINT ( 'NONE',  ( 10.89512656497899101, 12.71487299146053118, 2.361027661370612485 ) ) ;
#3591 = CARTESIAN_POINT ( 'NONE',  ( 40.86402013891711960, 13.44989631004750308, 1.980399772364323852 ) ) ;
#3592 = CARTESIAN_POINT ( 'NONE',  ( 10.64311583229320846, 13.31287796545445978, 7.500000000000000000 ) ) ;
#3593 = CARTESIAN_POINT ( 'NONE',  ( 11.95254822363918734, 9.782616162072748978, 7.542083936009141176 ) ) ;
#3594 = CARTESIAN_POINT ( 'NONE',  ( 16.00991137390270325, 45.47360586472228761, -68.00000000000000000 ) ) ;
#3595 = EDGE_CURVE ( 'NONE', #4661, #5411, #10101, .T. ) ;
#3596 = CARTESIAN_POINT ( 'NONE',  ( 47.85375235780782788, 21.62507027309694863, 2.208333333333329929 ) ) ;
#3597 = ORIENTED_EDGE ( 'NONE', *, *, #426, .F. ) ;
#3598 = DIRECTION ( 'NONE',  ( -0.000000000000000000, -0.000000000000000000, -1.000000000000000000 ) ) ;
#3599 = ADVANCED_FACE ( 'NONE', ( #6283, #1461 ), #5403, .T. ) ;
#3600 = CARTESIAN_POINT ( 'NONE',  ( 47.70234235413325052, 21.31057257986223163, 2.235416155687394379 ) ) ;
#3601 = EDGE_CURVE ( 'NONE', #7510, #782, #7001, .T. ) ;
#3602 = CARTESIAN_POINT ( 'NONE',  ( 13.70722068166569052, 4.058088205864840425, 3.150928433152870412 ) ) ;
#3603 = CARTESIAN_POINT ( 'NONE',  ( 47.66392552491389267, 21.66243775988709430, 2.499999999999997780 ) ) ;
#3604 = EDGE_LOOP ( 'NONE', ( #5559, #3051 ) ) ;
#3605 = CARTESIAN_POINT ( 'NONE',  ( 12.47550653883726746, 45.15088123379064911, 0.8213490281831056228 ) ) ;
#3606 = DIRECTION ( 'NONE',  ( 1.000000000000000000, 0.000000000000000000, 0.000000000000000000 ) ) ;
#3607 = DIRECTION ( 'NONE',  ( 0.000000000000000000, 0.000000000000000000, -1.000000000000000000 ) ) ;
#3608 = CARTESIAN_POINT ( 'NONE',  ( 36.41338406435710340, 3.239240823181625650, 8.000000000000000000 ) ) ;
#3609 = ORIENTED_EDGE ( 'NONE', *, *, #8369, .T. ) ;
#3610 = CARTESIAN_POINT ( 'NONE',  ( 37.05928587899730786, 51.05580488328942579, 3.179274115666989253 ) ) ;
#3611 = ORIENTED_EDGE ( 'NONE', *, *, #4468, .F. ) ;
#3612 = CARTESIAN_POINT ( 'NONE',  ( 41.44753174776359117, 41.68809109213677289, 2.000000000000000444 ) ) ;
#3613 = ADVANCED_FACE ( 'NONE', ( #7053 ), #350, .T. ) ;
#3614 = DIRECTION ( 'NONE',  ( 0.000000000000000000, 0.000000000000000000, -1.000000000000000000 ) ) ;
#3615 = DIRECTION ( 'NONE',  ( -1.000000000000000000, 0.000000000000000000, 0.000000000000000000 ) ) ;
#3616 = FACE_OUTER_BOUND ( 'NONE', #1991, .T. ) ;
#3617 = CARTESIAN_POINT ( 'NONE',  ( 13.91445405568381410, 5.088133710309261204, 0.000000000000000000 ) ) ;
#3618 = CARTESIAN_POINT ( 'NONE',  ( 47.10249359828596027, 21.38613219576684443, 2.000000000000000000 ) ) ;
#3619 = CARTESIAN_POINT ( 'NONE',  ( 41.46182727472103835, 40.45078812238062227, 2.000000000000000888 ) ) ;
#3620 =( BOUNDED_CURVE ( )  B_SPLINE_CURVE ( 3, ( #4484, #6088, #4431, #9162 ),
 .UNSPECIFIED., .F., .F. ) 
 B_SPLINE_CURVE_WITH_KNOTS ( ( 4, 4 ),
 ( 2.551769926811028100, 2.632019266890506692 ),
 .UNSPECIFIED. ) 
 CURVE ( )  GEOMETRIC_REPRESENTATION_ITEM ( )  RATIONAL_B_SPLINE_CURVE ( ( 1.000000000000000000, 0.9994634089493434903, 0.9994634089493434903, 1.000000000000000000 ) ) 
 REPRESENTATION_ITEM ( '' )  );
#3621 = CARTESIAN_POINT ( 'NONE',  ( 47.56201599478369957, 32.73001785855779389, 8.000000000000000000 ) ) ;
#3622 = ORIENTED_EDGE ( 'NONE', *, *, #10070, .F. ) ;
#3623 = ORIENTED_EDGE ( 'NONE', *, *, #8809, .F. ) ;
#3624 = LINE ( 'NONE', #2902, #5912 ) ;
#3625 = EDGE_CURVE ( 'NONE', #6080, #4001, #4633, .T. ) ;
#3626 = CARTESIAN_POINT ( 'NONE',  ( 26.00991137390269969, 27.57807569686057292, 8.000000000000000000 ) ) ;
#3627 = CIRCLE ( 'NONE', #7562, 0.5000000000000034417 ) ;
#3628 = VERTEX_POINT ( 'NONE', #6903 ) ;
#3629 = CARTESIAN_POINT ( 'NONE',  ( 16.00991137390270325, 5.314462972446880151, 1.400000000000005684 ) ) ;
#3630 = VERTEX_POINT ( 'NONE', #1415 ) ;
#3631 = CARTESIAN_POINT ( 'NONE',  ( 36.00991137390269614, 5.314462972446878375, 1.400000000000005684 ) ) ;
#3632 = EDGE_CURVE ( 'NONE', #8006, #10007, #7702, .T. ) ;
#3633 = CARTESIAN_POINT ( 'NONE',  ( 36.00991137390269614, 4.214462972446889388, 0.000000000000000000 ) ) ;
#3634 = ORIENTED_EDGE ( 'NONE', *, *, #3360, .T. ) ;
#3635 = ORIENTED_EDGE ( 'NONE', *, *, #4510, .T. ) ;
#3636 = LINE ( 'NONE', #9698, #6774 ) ;
#3637 = VECTOR ( 'NONE', #7737, 1000.000000000000000 ) ;
#3638 = CARTESIAN_POINT ( 'NONE',  ( 47.88924557536092408, 33.76153983655990487, 2.500000000000000444 ) ) ;
#3639 = CARTESIAN_POINT ( 'NONE',  ( 41.03625025099631785, 13.63295821733868429, 2.002471197950263626 ) ) ;
#3640 = DIRECTION ( 'NONE',  ( 1.000000000000000000, 0.000000000000000000, 0.000000000000000000 ) ) ;
#3641 = AXIS2_PLACEMENT_3D ( 'NONE', #5011, #3523, #4240 ) ;
#3642 = CARTESIAN_POINT ( 'NONE',  ( 16.00991137390270325, 4.814462972446879263, 1.400000000000005684 ) ) ;
#3643 = LINE ( 'NONE', #3791, #5978 ) ;
#3644 = CARTESIAN_POINT ( 'NONE',  ( 41.09356008562377838, 13.69522506990923816, 2.007118872631356687 ) ) ;
#3645 = EDGE_LOOP ( 'NONE', ( #6423, #1951, #1245, #7416 ) ) ;
#3646 = CARTESIAN_POINT ( 'NONE',  ( -13.49008862636929429, 11.89582941397556581, 6.000000000000000000 ) ) ;
#3647 = VECTOR ( 'NONE', #1369, 1000.000000000000000 ) ;
#3648 = AXIS2_PLACEMENT_3D ( 'NONE', #9781, #4284, #7367 ) ;
#3649 = PLANE ( 'NONE',  #7114 ) ;
#3650 = AXIS2_PLACEMENT_3D ( 'NONE', #1409, #8480, #7509 ) ;
#3651 = CARTESIAN_POINT ( 'NONE',  ( 13.99347617597265270, 3.124193013081876025, 2.524497809350538358 ) ) ;
#3652 = DIRECTION ( 'NONE',  ( -0.000000000000000000, -0.000000000000000000, -1.000000000000000000 ) ) ;
#3653 = ORIENTED_EDGE ( 'NONE', *, *, #6117, .F. ) ;
#3654 = CARTESIAN_POINT ( 'NONE',  ( 42.06862718889196628, 14.83282496563080954, 7.542084481388176442 ) ) ;
#3655 = AXIS2_PLACEMENT_3D ( 'NONE', #6502, #8853, #5004 ) ;
#3656 = CARTESIAN_POINT ( 'NONE',  ( 48.03782835629596093, 21.51961306692933817, 6.314630359609924248 ) ) ;
#3657 = CARTESIAN_POINT ( 'NONE',  ( 41.78952892077464298, 15.27899838619229733, 8.000000000000003553 ) ) ;
#3658 = CIRCLE ( 'NONE', #5804, 5.000000000000000888 ) ;
#3659 = CARTESIAN_POINT ( 'NONE',  ( 16.84695448061887291, 13.85618730743610172, 5.750000000000000000 ) ) ;
#3660 = VERTEX_POINT ( 'NONE', #3860 ) ;
#3661 = DIRECTION ( 'NONE',  ( 0.000000000000000000, 0.000000000000000000, -1.000000000000000000 ) ) ;
#3662 = ORIENTED_EDGE ( 'NONE', *, *, #9534, .T. ) ;
#3663 = CARTESIAN_POINT ( 'NONE',  ( 41.45932204898927154, 40.45583139924776361, 2.000000000000000444 ) ) ;
#3664 = VECTOR ( 'NONE', #10055, 1000.000000000000000 ) ;
#3665 = EDGE_CURVE ( 'NONE', #7002, #7919, #5388, .T. ) ;
#3666 = DIRECTION ( 'NONE',  ( -0.9811704621049788244, -0.1931437917529383597, 0.000000000000000000 ) ) ;
#3667 = CARTESIAN_POINT ( 'NONE',  ( 41.63735594369687476, 40.84581763763027595, 2.000000000000001776 ) ) ;
#3668 = FACE_OUTER_BOUND ( 'NONE', #8481, .T. ) ;
#3669 = CARTESIAN_POINT ( 'NONE',  ( 45.39759204887825206, 34.15046043084063854, 7.666666666666666075 ) ) ;
#3670 = EDGE_CURVE ( 'NONE', #2999, #8549, #4531, .T. ) ;
#3671 = FACE_OUTER_BOUND ( 'NONE', #5032, .T. ) ;
#3672 = CARTESIAN_POINT ( 'NONE',  ( 14.96053686879247202, 4.100346510431743141, 3.179274115666991030 ) ) ;
#3673 = EDGE_CURVE ( 'NONE', #921, #7775, #9028, .T. ) ;
#3674 = CARTESIAN_POINT ( 'NONE',  ( 26.00991137390270680, 27.57807569686058358, 10.90000000000000213 ) ) ;
#3675 = CARTESIAN_POINT ( 'NONE',  ( 41.83244916227309318, 14.32077457776307483, 8.000000000000000000 ) ) ;
#3676 = DIRECTION ( 'NONE',  ( -0.2930602774670749144, -0.9560939670194144036, -0.000000000000000000 ) ) ;
#3677 = VERTEX_POINT ( 'NONE', #9263 ) ;
#3678 = AXIS2_PLACEMENT_3D ( 'NONE', #4612, #7541, #10003 ) ;
#3679 = ORIENTED_EDGE ( 'NONE', *, *, #3794, .T. ) ;
#3680 = CARTESIAN_POINT ( 'NONE',  ( 48.34688586631549612, 33.23806753073611020, 2.677680502081782876 ) ) ;
#3681 = DIRECTION ( 'NONE',  ( -0.9504442985305079361, 0.3108948944432039507, 0.000000000000000000 ) ) ;
#3682 = ORIENTED_EDGE ( 'NONE', *, *, #2157, .F. ) ;
#3683 = CARTESIAN_POINT ( 'NONE',  ( 47.30649120324242318, 34.25180644672549590, 6.499999998465697537 ) ) ;
#3684 = CARTESIAN_POINT ( 'NONE',  ( 13.68841887062705354, 51.03671978997526537, 3.192075859665302495 ) ) ;
#3685 = EDGE_CURVE ( 'NONE', #8599, #8791, #7862, .T. ) ;
#3686 = CARTESIAN_POINT ( 'NONE',  ( 9.691818214597594405, 15.16929012815656996, 2.000000000000077272 ) ) ;
#3687 = ORIENTED_EDGE ( 'NONE', *, *, #6571, .T. ) ;
#3688 = EDGE_LOOP ( 'NONE', ( #3539, #7848, #4050, #3156, #4185, #7233 ) ) ;
#3689 = CARTESIAN_POINT ( 'NONE',  ( 42.05662175176168205, 14.75999552899225442, 7.500000000000002665 ) ) ;
#3690 = CARTESIAN_POINT ( 'NONE',  ( 41.95831440556862191, 15.50958282481666828, 2.000000000000000000 ) ) ;
#3691 = CARTESIAN_POINT ( 'NONE',  ( 9.853104666359097763, 39.80368378637760429, 7.946112699154173953 ) ) ;
#3692 = CARTESIAN_POINT ( 'NONE',  ( 10.81321877336260329, 14.15436247676334247, 8.000000000000000000 ) ) ;
#3693 = EDGE_CURVE ( 'NONE', #4713, #616, #1483, .T. ) ;
#3694 = CARTESIAN_POINT ( 'NONE',  ( 10.54583580041912150, 41.62906368152763292, 2.500000000000010214 ) ) ;
#3695 = CARTESIAN_POINT ( 'NONE',  ( 48.12090780967152881, 21.93097377422412109, 6.656528551991759635 ) ) ;
#3696 = CARTESIAN_POINT ( 'NONE',  ( 42.00550972678298933, 27.20279802188732532, 5.290000000000002700 ) ) ;
#3697 = ORIENTED_EDGE ( 'NONE', *, *, #7988, .F. ) ;
#3698 = DIRECTION ( 'NONE',  ( 0.000000000000000000, -0.000000000000000000, -1.000000000000000000 ) ) ;
#3699 = CARTESIAN_POINT ( 'NONE',  ( 13.69851161557113706, 4.086501082639999893, 0.5000000000000004441 ) ) ;
#3700 = CARTESIAN_POINT ( 'NONE',  ( 13.73334787554152925, 3.972849573021288716, 3.093752754842816532 ) ) ;
#3701 = EDGE_CURVE ( 'NONE', #943, #2172, #2374, .T. ) ;
#3702 = CARTESIAN_POINT ( 'NONE',  ( 48.09534471560132118, 21.91623230348616858, 6.665949145883812932 ) ) ;
#3703 = AXIS2_PLACEMENT_3D ( 'NONE', #5718, #6494, #9613 ) ;
#3704 = ORIENTED_EDGE ( 'NONE', *, *, #2287, .T. ) ;
#3705 = LINE ( 'NONE', #5345, #4360 ) ;
#3706 = CARTESIAN_POINT ( 'NONE',  ( 48.12502289547474987, 21.59296913801630424, 6.270524387654722531 ) ) ;
#3707 = CARTESIAN_POINT ( 'NONE',  ( 45.48505614055252977, 36.68679329650441900, 7.500000000000174971 ) ) ;
#3708 = CARTESIAN_POINT ( 'NONE',  ( 36.04451246753792759, 51.84268801647631619, 2.160421665623739607 ) ) ;
#3709 = ORIENTED_EDGE ( 'NONE', *, *, #7215, .T. ) ;
#3710 = DIRECTION ( 'NONE',  ( 1.000000000000000000, -0.000000000000000000, 0.000000000000000000 ) ) ;
#3711 = EDGE_LOOP ( 'NONE', ( #6735, #6474, #4951, #9065 ) ) ;
#3712 = CARTESIAN_POINT ( 'NONE',  ( 41.52324258447788452, 41.51720007678296298, 2.500000000000000444 ) ) ;
#3713 = CARTESIAN_POINT ( 'NONE',  ( 52.97147502703187172, 10.42745571398210025, 3.250000000000000444 ) ) ;
#3714 = CARTESIAN_POINT ( 'NONE',  ( 41.83223345501552615, 40.64254648877962239, 2.000000000000000000 ) ) ;
#3715 = CARTESIAN_POINT ( 'NONE',  ( 12.31466084936655037, 8.652815970796876144, 4.999002371837610426 ) ) ;
#3716 = DIRECTION ( 'NONE',  ( 0.000000000000000000, 0.5570582310075716803, 0.8304734356177293497 ) ) ;
#3717 = CARTESIAN_POINT ( 'NONE',  ( 38.32131113223427121, 51.06965031108115483, 0.5000000000000004441 ) ) ;
#3718 = DIRECTION ( 'NONE',  ( 0.000000000000000000, 0.8660254037844391517, -0.4999999999999990563 ) ) ;
#3719 = EDGE_CURVE ( 'NONE', #6836, #4654, #3766, .T. ) ;
#3720 = DIRECTION ( 'NONE',  ( -0.000000000000000000, 0.000000000000000000, 1.000000000000000000 ) ) ;
#3721 = LINE ( 'NONE', #1469, #4572 ) ;
#3722 = CARTESIAN_POINT ( 'NONE',  ( 10.18810686027737233, 40.83694158052733059, 7.500000000000000000 ) ) ;
#3723 = ORIENTED_EDGE ( 'NONE', *, *, #2196, .T. ) ;
#3724 = CARTESIAN_POINT ( 'NONE',  ( 15.00991137390270858, 49.84168842127429144, 1.399999999999999911 ) ) ;
#3725 = AXIS2_PLACEMENT_3D ( 'NONE', #3569, #8968, #411 ) ;
#3726 = EDGE_CURVE ( 'NONE', #5668, #5085, #20, .T. ) ;
#3727 = CARTESIAN_POINT ( 'NONE',  ( 45.80268872672046854, 35.06961711939273840, 6.974480095893027531 ) ) ;
#3728 = EDGE_CURVE ( 'NONE', #6617, #3561, #4938, .T. ) ;
#3729 = CARTESIAN_POINT ( 'NONE',  ( 14.47917718116572772, 51.54817791960575590, 0.5000000000078960172 ) ) ;
#3730 = EDGE_LOOP ( 'NONE', ( #1863, #7188, #4887, #7495 ) ) ;
#3731 = CARTESIAN_POINT ( 'NONE',  ( 47.99309631134777732, 33.67417103980393023, 6.333060567506536565 ) ) ;
#3732 = CARTESIAN_POINT ( 'NONE',  ( 40.32480330064919372, 44.07237597648642691, 7.542083936066490857 ) ) ;
#3733 = CARTESIAN_POINT ( 'NONE',  ( 9.711767035016599436, 15.14346727897810929, 2.500000000000000444 ) ) ;
#3734 = ORIENTED_EDGE ( 'NONE', *, *, #6175, .F. ) ;
#3735 = AXIS2_PLACEMENT_3D ( 'NONE', #4787, #7920, #4023 ) ;
#3736 = ORIENTED_EDGE ( 'NONE', *, *, #8406, .T. ) ;
#3737 = DIRECTION ( 'NONE',  ( 1.000000000000000000, 1.692413147309748096E-15, 0.000000000000000000 ) ) ;
#3738 = AXIS2_PLACEMENT_3D ( 'NONE', #4024, #1973, #9919 ) ;
#3739 = EDGE_CURVE ( 'NONE', #7068, #588, #5453, .T. ) ;
#3740 = DIRECTION ( 'NONE',  ( -0.9504442985305052716, -0.3108948944432113892, 0.000000000000000000 ) ) ;
#3741 = FACE_BOUND ( 'NONE', #3604, .T. ) ;
#3742 = CARTESIAN_POINT ( 'NONE',  ( 38.44443207616545521, 46.48286278995984588, 6.246675098957214622 ) ) ;
#3743 = CARTESIAN_POINT ( 'NONE',  ( 36.25793661713550620, 3.214462972446881395, 1.000000000000007105 ) ) ;
#3744 = DIRECTION ( 'NONE',  ( 0.000000000000000000, -1.000000000000000000, 0.000000000000000000 ) ) ;
#3745 = DIRECTION ( 'NONE',  ( 0.000000000000000000, -0.3090169943749421777, -0.9510565162951551965 ) ) ;
#3746 = VERTEX_POINT ( 'NONE', #89 ) ;
#3747 = ORIENTED_EDGE ( 'NONE', *, *, #5750, .F. ) ;
#3748 = PLANE ( 'NONE',  #5796 ) ;
#3749 = ADVANCED_FACE ( 'NONE', ( #8586 ), #4606, .T. ) ;
#3750 = CARTESIAN_POINT ( 'NONE',  ( 13.53741041709464099, 4.613182386026592141, 3.523270002114061494 ) ) ;
#3751 = CARTESIAN_POINT ( 'NONE',  ( 48.31424461028377948, 21.75215985906044125, 6.437338457059134988 ) ) ;
#3752 = ORIENTED_EDGE ( 'NONE', *, *, #4361, .F. ) ;
#3753 = VECTOR ( 'NONE', #8413, 1000.000000000000000 ) ;
#3754 = VECTOR ( 'NONE', #3266, 1000.000000000000114 ) ;
#3755 = DIRECTION ( 'NONE',  ( 0.000000000000000000, 1.000000000000000000, -0.000000000000000000 ) ) ;
#3756 = DIRECTION ( 'NONE',  ( 0.000000000000000000, 0.000000000000000000, -1.000000000000000000 ) ) ;
#3757 = EDGE_CURVE ( 'NONE', #9540, #7671, #5238, .T. ) ;
#3758 = CARTESIAN_POINT ( 'NONE',  ( 26.00991137390269969, 27.57807569686057292, 8.000000000000000000 ) ) ;
#3759 = ORIENTED_EDGE ( 'NONE', *, *, #6683, .T. ) ;
#3760 = CARTESIAN_POINT ( 'NONE',  ( 48.54318645688868372, 32.92316165031073183, 3.250000000000000444 ) ) ;
#3761 = VERTEX_POINT ( 'NONE', #8790 ) ;
#3762 = CARTESIAN_POINT ( 'NONE',  ( 41.67651487269894517, 41.17582043198945740, 2.000000000000000444 ) ) ;
#3763 = CARTESIAN_POINT ( 'NONE',  ( 12.47238319721101796, 47.02131221955700369, 0.7501502095329082298 ) ) ;
#3764 = DIRECTION ( 'NONE',  ( -0.000000000000000000, -0.000000000000000000, -1.000000000000000000 ) ) ;
#3765 = AXIS2_PLACEMENT_3D ( 'NONE', #7641, #3057, #1535 ) ;
#3766 = CIRCLE ( 'NONE', #7857, 16.00000000000000000 ) ;
#3767 = CARTESIAN_POINT ( 'NONE',  ( 12.25997406733335282, 8.831437230052330278, 5.119596697201936664 ) ) ;
#3768 = DIRECTION ( 'NONE',  ( 0.000000000000000000, 0.3090169943749393466, 0.9510565162951561957 ) ) ;
#3769 =( BOUNDED_SURFACE ( )  B_SPLINE_SURFACE ( 3, 2, ( 
 ( #7609, #5297, #6697 ),
 ( #2789, #5927, #2739 ),
 ( #497, #5879, #6746 ),
 ( #9867, #5199, #8328 ),
 ( #6176, #790, #7854 ),
 ( #4575, #8431, #2368 ),
 ( #7656, #3075, #8631 ),
 ( #647, #3028, #2216 ),
 ( #6132, #1505, #9299 ),
 ( #7095, #9452, #3904 ) ),
 .UNSPECIFIED., .F., .F., .F. ) 
 B_SPLINE_SURFACE_WITH_KNOTS ( ( 4, 2, 2, 2, 4 ),
 ( 3, 3 ),
 ( 0.000000000000000000, 0.0006712905905613855521, 0.001342581181122771104, 0.002013871771684156656, 0.002685162362245542209 ),
 ( 0.000000000000000000, 1.000000000000000000 ),
 .UNSPECIFIED. ) 
 GEOMETRIC_REPRESENTATION_ITEM ( )  RATIONAL_B_SPLINE_SURFACE ( (
 ( 1.000000000000000000, 0.6608619089432429261, 1.000000000000000000),
 ( 1.000000000000000000, 0.6718092775502529923, 1.000000000000000000),
 ( 1.000000000000000000, 0.6831868314359051952, 1.000000000000000000),
 ( 1.000000000000000000, 0.7064794724790036673, 1.000000000000000000),
 ( 1.000000000000000000, 0.7184887590709566618, 1.000000000000000000),
 ( 1.000000000000000000, 0.7416362410927360704, 1.000000000000000000),
 ( 1.000000000000000000, 0.7529361928128028847, 1.000000000000000000),
 ( 1.000000000000000000, 0.7816432465377987082, 1.000000000000000000),
 ( 1.000000000000000000, 0.7980436282997216413, 1.000000000000000000),
 ( 1.000000000000000000, 0.8156256114985096506, 1.000000000000000000) ) ) 
 REPRESENTATION_ITEM ( '' )  SURFACE ( )  );
#3770 = CARTESIAN_POINT ( 'NONE',  ( 11.45108750775645312, 11.70071426319447738, 7.710512524742442864 ) ) ;
#3771 = CARTESIAN_POINT ( 'NONE',  ( 26.00991137390269969, 27.57807569686057292, 8.000000000000000000 ) ) ;
#3772 = CARTESIAN_POINT ( 'NONE',  ( 40.95063064296072497, 42.86777326077406514, 7.500002139291903624 ) ) ;
#3773 = CARTESIAN_POINT ( 'NONE',  ( 16.00071815388426089, 51.77870531934784992, 2.313401144381147301 ) ) ;
#3774 = EDGE_LOOP ( 'NONE', ( #9155, #3889, #4305, #2390, #9514, #6419, #7085, #445, #9963 ) ) ;
#3775 = DIRECTION ( 'NONE',  ( -1.000000000000000000, 0.000000000000000000, 0.000000000000000000 ) ) ;
#3776 = CARTESIAN_POINT ( 'NONE',  ( 40.55418955380054058, 43.87411264340128980, 7.996551349603427283 ) ) ;
#3777 = CARTESIAN_POINT ( 'NONE',  ( 12.88548468624041732, 44.37443844176074492, 7.660946871235446487 ) ) ;
#3778 = B_SPLINE_CURVE_WITH_KNOTS ( 'NONE', 3,
 ( #1810, #4933, #1051, #7300 ),
 .UNSPECIFIED., .F., .F.,
 ( 4, 4 ),
 ( 0.0001821990108150541964, 0.001003160007888763330 ),
 .UNSPECIFIED. ) ;
#3779 = ORIENTED_EDGE ( 'NONE', *, *, #1145, .T. ) ;
#3780 = CARTESIAN_POINT ( 'NONE',  ( 47.60607157845416282, 33.51316202826912161, 6.889374276615047421 ) ) ;
#3781 = DIRECTION ( 'NONE',  ( -1.000000000000000000, 0.000000000000000000, 0.000000000000000000 ) ) ;
#3782 = ADVANCED_FACE ( 'NONE', ( #4886 ), #4174, .T. ) ;
#3783 = CARTESIAN_POINT ( 'NONE',  ( 9.994522060723506129, 14.70511306148802433, 1.999999999999927836 ) ) ;
#3784 = ORIENTED_EDGE ( 'NONE', *, *, #1072, .T. ) ;
#3785 = ORIENTED_EDGE ( 'NONE', *, *, #2157, .T. ) ;
#3786 = FACE_OUTER_BOUND ( 'NONE', #3162, .T. ) ;
#3787 = CARTESIAN_POINT ( 'NONE',  ( 34.86175249087084183, 40.90642551369658975, 9.900000000000000355 ) ) ;
#3788 = EDGE_CURVE ( 'NONE', #1484, #8705, #8533, .T. ) ;
#3789 = LINE ( 'NONE', #2249, #1466 ) ;
#3790 = CARTESIAN_POINT ( 'NONE',  ( 40.14146587037630098, 11.51949292716848028, 7.972752074943961986 ) ) ;
#3791 = CARTESIAN_POINT ( 'NONE',  ( 15.76188613066995003, 51.94168842127428576, 8.000000000000000000 ) ) ;
#3792 = EDGE_CURVE ( 'NONE', #8705, #7544, #4556, .T. ) ;
#3793 = DIRECTION ( 'NONE',  ( 0.000000000000000000, 1.000000000000000000, 0.000000000000000000 ) ) ;
#3794 = EDGE_CURVE ( 'NONE', #71, #7579, #2724, .T. ) ;
#3795 = ORIENTED_EDGE ( 'NONE', *, *, #6580, .T. ) ;
#3796 = DIRECTION ( 'NONE',  ( 1.000000000000000000, 0.000000000000000000, 0.000000000000000000 ) ) ;
#3797 = ORIENTED_EDGE ( 'NONE', *, *, #6365, .F. ) ;
#3798 = VECTOR ( 'NONE', #300, 1000.000000000000000 ) ;
#3799 = LINE ( 'NONE', #3069, #8396 ) ;
#3800 = CARTESIAN_POINT ( 'NONE',  ( 12.11094798153984442, 9.351177575508488715, 6.701383961668921252 ) ) ;
#3801 = LINE ( 'NONE', #6940, #2309 ) ;
#3802 = ORIENTED_EDGE ( 'NONE', *, *, #9364, .F. ) ;
#3803 = DIRECTION ( 'NONE',  ( -1.000000000000000000, 0.000000000000000000, 0.000000000000000000 ) ) ;
#3804 = CARTESIAN_POINT ( 'NONE',  ( 11.00291096873551311, 13.68379865304793519, 2.000000000000000000 ) ) ;
#3805 = EDGE_CURVE ( 'NONE', #4155, #943, #2426, .T. ) ;
#3806 = CARTESIAN_POINT ( 'NONE',  ( 12.42183324775304598, 11.01229301639821578, 7.780867760551745782 ) ) ;
#3807 = ORIENTED_EDGE ( 'NONE', *, *, #2142, .T. ) ;
#3808 = AXIS2_PLACEMENT_3D ( 'NONE', #1456, #1801, #699 ) ;
#3809 = CARTESIAN_POINT ( 'NONE',  ( 10.27272662462455521, 41.02069449231116494, 2.499999999999998668 ) ) ;
#3810 = ORIENTED_EDGE ( 'NONE', *, *, #3719, .T. ) ;
#3811 = CARTESIAN_POINT ( 'NONE',  ( 36.18218765000129622, 3.214462972446881395, 1.000000000000007105 ) ) ;
#3812 = CARTESIAN_POINT ( 'NONE',  ( 13.01464064550240529, 6.337038325250420989, 0.5000000000000355271 ) ) ;
#3813 = CARTESIAN_POINT ( 'NONE',  ( 41.99816947267068201, 28.20359304245179288, 4.423427823579597629 ) ) ;
#3814 = VECTOR ( 'NONE', #1467, 1000.000000000000000 ) ;
#3815 = CARTESIAN_POINT ( 'NONE',  ( 12.04897536868724472, 9.511475439595376002, 5.579128558624291578 ) ) ;
#3816 = ORIENTED_EDGE ( 'NONE', *, *, #1658, .T. ) ;
#3817 = CARTESIAN_POINT ( 'NONE',  ( 41.22477720344364371, 14.19483644979137615, 2.000000000000000444 ) ) ;
#3818 = CARTESIAN_POINT ( 'NONE',  ( 47.10249359828593896, 21.38613219576684443, 2.000000000000000000 ) ) ;
#3819 = CARTESIAN_POINT ( 'NONE',  ( 16.00991137390270325, 6.800460117891003797, 5.000000000000000888 ) ) ;
#3820 = CARTESIAN_POINT ( 'NONE',  ( 41.26150100759298311, 14.27592592760072243, 8.000000000000000000 ) ) ;
#3821 = CARTESIAN_POINT ( 'NONE',  ( 12.44569683687775985, 11.20436844143466715, 7.879178763321395884 ) ) ;
#3822 = VECTOR ( 'NONE', #6078, 1000.000000000000000 ) ;
#3823 = ORIENTED_EDGE ( 'NONE', *, *, #8446, .F. ) ;
#3824 = CARTESIAN_POINT ( 'NONE',  ( 36.41338406435708919, 3.239240823181626094, 1.929685529029823599 ) ) ;
#3825 = CARTESIAN_POINT ( 'NONE',  ( 37.95715008921491318, 48.08481036071269443, 5.172133708880501501 ) ) ;
#3826 = CARTESIAN_POINT ( 'NONE',  ( 41.94135828437465108, 14.67601187440397048, 2.255018459338842707 ) ) ;
#3827 = ADVANCED_FACE ( 'NONE', ( #5557 ), #1104, .F. ) ;
#3828 = VERTEX_POINT ( 'NONE', #3298 ) ;
#3829 = DIRECTION ( 'NONE',  ( -0.9504442985305052716, -0.3108948944432113892, -0.000000000000000000 ) ) ;
#3830 = CARTESIAN_POINT ( 'NONE',  ( 39.31147979219186794, 44.21351965622960734, 7.760826382352145281 ) ) ;
#3831 = DIRECTION ( 'NONE',  ( 1.000000000000000000, 0.000000000000000000, 0.000000000000000000 ) ) ;
#3832 = ORIENTED_EDGE ( 'NONE', *, *, #3728, .F. ) ;
#3833 = EDGE_LOOP ( 'NONE', ( #5421, #6264, #8106, #8297 ) ) ;
#3834 = CARTESIAN_POINT ( 'NONE',  ( 46.00991137371735107, 27.57807569686057292, 7.500000000000000000 ) ) ;
#3835 = FACE_OUTER_BOUND ( 'NONE', #6997, .T. ) ;
#3836 = LINE ( 'NONE', #3012, #6433 ) ;
#3837 = CARTESIAN_POINT ( 'NONE',  ( 46.50991137363070749, 27.09069615251123508, 3.139999999999991687 ) ) ;
#3838 = CARTESIAN_POINT ( 'NONE',  ( 39.98073127684407524, 11.67850252138081402, 7.990752698590572578 ) ) ;
#3839 = FACE_OUTER_BOUND ( 'NONE', #4736, .T. ) ;
#3840 = CARTESIAN_POINT ( 'NONE',  ( 41.87221082173966380, 39.76103112759084723, 8.000000000000000000 ) ) ;
#3841 = ORIENTED_EDGE ( 'NONE', *, *, #3478, .T. ) ;
#3842 = ORIENTED_EDGE ( 'NONE', *, *, #7882, .F. ) ;
#3843 = B_SPLINE_CURVE_WITH_KNOTS ( 'NONE', 3,
 ( #7630, #3874, #431, #3001 ),
 .UNSPECIFIED., .F., .F.,
 ( 4, 4 ),
 ( 0.0003816406645612041202, 0.0009173162943679003326 ),
 .UNSPECIFIED. ) ;
#3844 = DIRECTION ( 'NONE',  ( 0.7652177220739277974, -0.6437715727057145010, 0.000000000000000000 ) ) ;
#3845 = EDGE_CURVE ( 'NONE', #9725, #4091, #4750, .T. ) ;
#3846 = CARTESIAN_POINT ( 'NONE',  ( 40.95063012084261800, 12.28837702005765919, 7.500002138985899514 ) ) ;
#3847 = DIRECTION ( 'NONE',  ( -0.000000000000000000, 0.000000000000000000, 1.000000000000000000 ) ) ;
#3848 = ADVANCED_FACE ( 'NONE', ( #7153 ), #9662, .T. ) ;
#3849 = ORIENTED_EDGE ( 'NONE', *, *, #5358, .F. ) ;
#3850 = FACE_OUTER_BOUND ( 'NONE', #9575, .T. ) ;
#3851 = DIRECTION ( 'NONE',  ( -0.000000000000000000, -0.000000000000000000, 1.000000000000000000 ) ) ;
#3852 = CARTESIAN_POINT ( 'NONE',  ( 37.00991137390271035, 49.84168842127429144, 1.399999999999999911 ) ) ;
#3853 = EDGE_LOOP ( 'NONE', ( #9435, #5362, #307, #167 ) ) ;
#3854 = CARTESIAN_POINT ( 'NONE',  ( 10.08707763839172600, 39.68055879893955051, 2.000000000000000444 ) ) ;
#3855 = ORIENTED_EDGE ( 'NONE', *, *, #7620, .F. ) ;
#3856 = AXIS2_PLACEMENT_3D ( 'NONE', #6642, #5921, #9048 ) ;
#3857 = CARTESIAN_POINT ( 'NONE',  ( 48.52648137504105108, 22.14812792252778451, 6.083229198990895092 ) ) ;
#3858 = CARTESIAN_POINT ( 'NONE',  ( 40.91350816243371469, 41.65442082936250046, 8.000000000000000000 ) ) ;
#3859 = EDGE_CURVE ( 'NONE', #8116, #1325, #4836, .T. ) ;
#3860 = CARTESIAN_POINT ( 'NONE',  ( 37.00991137390271035, 5.314462972446878375, 1.400000000000005684 ) ) ;
#3861 = EDGE_LOOP ( 'NONE', ( #7235, #4398, #9233, #8452, #3682, #125 ) ) ;
#3862 = CARTESIAN_POINT ( 'NONE',  ( 11.10473820162231640, 12.20099226600763842, 7.439246316607240672 ) ) ;
#3863 = EDGE_LOOP ( 'NONE', ( #846, #9352, #8185 ) ) ;
#3864 = B_SPLINE_CURVE_WITH_KNOTS ( 'NONE', 3,
 ( #7431, #6717, #3378, #4344 ),
 .UNSPECIFIED., .F., .F.,
 ( 4, 4 ),
 ( 8.793150581048143555E-19, 0.001725877579141438158 ),
 .UNSPECIFIED. ) ;
#3865 = CARTESIAN_POINT ( 'NONE',  ( 15.60643868344835283, 51.91691057053953529, 1.000000000000003553 ) ) ;
#3866 = DIRECTION ( 'NONE',  ( 0.000000000000000000, 0.9510565162951561957, -0.3090169943749393466 ) ) ;
#3867 = CARTESIAN_POINT ( 'NONE',  ( 0.000000000000000000, 31.32807569686055160, 7.000000000000000000 ) ) ;
#3868 = CARTESIAN_POINT ( 'NONE',  ( 14.17655859908083826, 4.233031221373546593, 0.5000000000000004441 ) ) ;
#3869 = AXIS2_PLACEMENT_3D ( 'NONE', #7458, #8374, #4523 ) ;
#3870 = FACE_OUTER_BOUND ( 'NONE', #2008, .T. ) ;
#3871 = CARTESIAN_POINT ( 'NONE',  ( 47.85375235780784919, 33.53108112062418655, 2.208333333333332593 ) ) ;
#3872 = ORIENTED_EDGE ( 'NONE', *, *, #5047, .F. ) ;
#3873 = DIRECTION ( 'NONE',  ( 1.000000000000000000, 0.000000000000000000, 0.000000000000000000 ) ) ;
#3874 = CARTESIAN_POINT ( 'NONE',  ( 11.27825145514401761, 41.83499549797517147, 1.962242057353658531 ) ) ;
#3875 = EDGE_CURVE ( 'NONE', #4316, #6617, #9776, .T. ) ;
#3876 = CARTESIAN_POINT ( 'NONE',  ( 14.91220511315815855, 51.68982343572518801, 0.2553825524245701417 ) ) ;
#3877 = ORIENTED_EDGE ( 'NONE', *, *, #504, .T. ) ;
#3878 = CARTESIAN_POINT ( 'NONE',  ( 47.92806593654575664, 33.72888057599816136, 6.745302805049430361 ) ) ;
#3879 = CARTESIAN_POINT ( 'NONE',  ( 47.95406447960930052, 33.70700820886060001, 2.296159226572681344 ) ) ;
#3880 = ORIENTED_EDGE ( 'NONE', *, *, #10070, .T. ) ;
#3881 = ADVANCED_FACE ( 'NONE', ( #7356 ), #954, .T. ) ;
#3882 = ORIENTED_EDGE ( 'NONE', *, *, #5081, .T. ) ;
#3883 = CARTESIAN_POINT ( 'NONE',  ( 10.23027721907263832, 15.27902249908830257, 8.000000000000000000 ) ) ;
#3884 =( BOUNDED_SURFACE ( )  B_SPLINE_SURFACE ( 3, 2, ( 
 ( #5963, #5089, #1905 ),
 ( #7488, #3440, #4264 ),
 ( #8216, #5139, #9088 ),
 ( #8312, #1192, #1288 ) ),
 .UNSPECIFIED., .F., .F., .T. ) 
 B_SPLINE_SURFACE_WITH_KNOTS ( ( 4, 4 ),
 ( 3, 3 ),
 ( -2.168404344971008868E-19, 0.0009070783635643674863 ),
 ( 0.000000000000000000, 1.000000000000000000 ),
 .UNSPECIFIED. ) 
 GEOMETRIC_REPRESENTATION_ITEM ( )  RATIONAL_B_SPLINE_SURFACE ( (
 ( 1.000000000000000000, 0.8755196833772467269, 1.000000000000000000),
 ( 1.000000000000000000, 0.8611924933716864627, 1.000000000000000000),
 ( 1.000000000000000000, 0.8423508253691852632, 1.000000000000000000),
 ( 1.000000000000000000, 0.8164965809277493491, 1.000000000000000000) ) ) 
 REPRESENTATION_ITEM ( '' )  SURFACE ( )  );
#3885 = CARTESIAN_POINT ( 'NONE',  ( 11.52493988177088369, 13.07167707897554365, 1.888822129096485281 ) ) ;
#3886 = CARTESIAN_POINT ( 'NONE',  ( 44.94393106425292217, 36.17421236888925051, 6.833333333333735382 ) ) ;
#3887 = B_SPLINE_CURVE_WITH_KNOTS ( 'NONE', 3,
 ( #730, #3639, #6012, #7643 ),
 .UNSPECIFIED., .F., .F.,
 ( 4, 4 ),
 ( 0.001990763528399005101, 0.002245768122893128816 ),
 .UNSPECIFIED. ) ;
#3888 = CARTESIAN_POINT ( 'NONE',  ( 38.07453071405623746, 3.782609904509204757, 2.358488276147837404 ) ) ;
#3889 = ORIENTED_EDGE ( 'NONE', *, *, #6177, .T. ) ;
#3890 = CARTESIAN_POINT ( 'NONE',  ( 46.50991137363071459, 26.11339305299133784, 7.494444092413703906 ) ) ;
#3891 = B_SPLINE_CURVE_WITH_KNOTS ( 'NONE', 3,
 ( #9845, #9896, #2811, #2046, #5176, #8306, #1282, #4396, #8404, #9371, #6155, #8455, #5326, #6972, #5420, #9278, #6052, #2239 ),
 .UNSPECIFIED., .F., .F.,
 ( 4, 2, 2, 2, 2, 2, 2, 2, 4 ),
 ( 0.0002539273682458308384, 0.001244913292551199247, 0.001740406254703897627, 0.001988152735780253973, 0.002112025976318424557, 0.002173962596587511800, 0.002204930906722061060, 0.002220415061789337424, 0.002235899216856613789 ),
 .UNSPECIFIED. ) ;
#3892 = DIRECTION ( 'NONE',  ( 0.000000000000000000, 0.000000000000000000, 1.000000000000000000 ) ) ;
#3893 = TOROIDAL_SURFACE ( 'NONE', #1132, 19.99999999981464782, 0.5000000000000000000 ) ;
#3894 = LINE ( 'NONE', #9438, #2271 ) ;
#3895 = ORIENTED_EDGE ( 'NONE', *, *, #8558, .T. ) ;
#3896 = ORIENTED_EDGE ( 'NONE', *, *, #5318, .F. ) ;
#3897 = LINE ( 'NONE', #7139, #3664 ) ;
#3898 = CARTESIAN_POINT ( 'NONE',  ( 37.10761763464668661, 3.466327957996412135, 0.2553825524244443534 ) ) ;
#3899 = ORIENTED_EDGE ( 'NONE', *, *, #8015, .F. ) ;
#3900 = ADVANCED_FACE ( 'NONE', ( #6441 ), #9559, .F. ) ;
#3901 = CARTESIAN_POINT ( 'NONE',  ( 46.79712402700771179, 21.12922720848357727, 7.000000000000000888 ) ) ;
#3902 = CARTESIAN_POINT ( 'NONE',  ( 13.59753241112830047, 43.26032197974560489, 8.000000000000000000 ) ) ;
#3903 = ADVANCED_FACE ( 'NONE', ( #9769, #2734 ), #5824, .T. ) ;
#3904 = CARTESIAN_POINT ( 'NONE',  ( 41.76689738327092982, 40.21784289045490368, 1.593136348518757073 ) ) ;
#3905 = ORIENTED_EDGE ( 'NONE', *, *, #4956, .T. ) ;
#3906 = ORIENTED_EDGE ( 'NONE', *, *, #9184, .F. ) ;
#3907 = CARTESIAN_POINT ( 'NONE',  ( 40.07443843783094195, 45.29686298305270498, 0.7705300747062464595 ) ) ;
#3908 = AXIS2_PLACEMENT_3D ( 'NONE', #2075, #5936, #5987 ) ;
#3909 = CARTESIAN_POINT ( 'NONE',  ( 42.35788392518428935, 39.94714168645512586, 8.000000000000000000 ) ) ;
#3910 = CIRCLE ( 'NONE', #9167, 0.6499999999999995781 ) ;
#3911 = CARTESIAN_POINT ( 'NONE',  ( 38.62262311769561762, 48.35569127583016780, 4.336808689942017736E-16 ) ) ;
#3912 = EDGE_CURVE ( 'NONE', #1235, #7806, #8856, .T. ) ;
#3913 = ORIENTED_EDGE ( 'NONE', *, *, #1608, .T. ) ;
#3914 = CARTESIAN_POINT ( 'NONE',  ( 11.94085224988684857, 9.853203687726201920, 5.812255093952980900 ) ) ;
#3915 = ORIENTED_EDGE ( 'NONE', *, *, #1778, .F. ) ;
#3916 = DIRECTION ( 'NONE',  ( 0.6630485655402862388, -0.7485763820312318906, 0.000000000000000000 ) ) ;
#3917 = CARTESIAN_POINT ( 'NONE',  ( -13.49008862636929429, 44.37443844176073782, 7.660946871235453592 ) ) ;
#3918 = CARTESIAN_POINT ( 'NONE',  ( 11.06970476291593819, 12.28590636723490093, 7.500003568606921966 ) ) ;
#3919 = CARTESIAN_POINT ( 'NONE',  ( -13.49008862636929429, 46.71185626921564449, 0.2779446772587859660 ) ) ;
#3920 = CARTESIAN_POINT ( 'NONE',  ( 40.60754216531088900, 12.42568044054638321, 8.000000000000000000 ) ) ;
#3921 = EDGE_CURVE ( 'NONE', #693, #353, #2125, .T. ) ;
#3922 = CARTESIAN_POINT ( 'NONE',  ( 9.964911165591155751, 14.75702071195384946, 7.500000000000002665 ) ) ;
#3923 = ORIENTED_EDGE ( 'NONE', *, *, #1476, .T. ) ;
#3924 = CARTESIAN_POINT ( 'NONE',  ( 41.12469618282855777, 12.71487299145985084, 2.361027661370606712 ) ) ;
#3925 = CARTESIAN_POINT ( 'NONE',  ( 39.47495970888380867, 47.26037385741408769, 0.6667799181299715050 ) ) ;
#3926 = CIRCLE ( 'NONE', #9992, 1.000000000000000888 ) ;
#3927 = CARTESIAN_POINT ( 'NONE',  ( 15.36383651558710994, 51.83755423636436177, 0.5179019881385346080 ) ) ;
#3928 = AXIS2_PLACEMENT_3D ( 'NONE', #6085, #605, #4429 ) ;
#3929 = ORIENTED_EDGE ( 'NONE', *, *, #7561, .T. ) ;
#3930 = CARTESIAN_POINT ( 'NONE',  ( 38.12157418580818558, 3.434869831313430488, 2.732891067780229388 ) ) ;
#3931 = DIRECTION ( 'NONE',  ( -0.000000000000000000, 0.000000000000000000, 1.000000000000000000 ) ) ;
#3932 = CARTESIAN_POINT ( 'NONE',  ( 42.00550972678298933, 27.20279802188732887, 3.990000000000000657 ) ) ;
#3933 = EDGE_CURVE ( 'NONE', #4208, #3254, #5304, .T. ) ;
#3934 = EDGE_LOOP ( 'NONE', ( #5046, #3009, #9936 ) ) ;
#3935 = ORIENTED_EDGE ( 'NONE', *, *, #1487, .T. ) ;
#3936 = CARTESIAN_POINT ( 'NONE',  ( 47.37182724334457617, 21.44315614583954144, 2.019663198249263214 ) ) ;
#3937 = DIRECTION ( 'NONE',  ( 0.000000000000000000, 0.000000000000000000, -1.000000000000000000 ) ) ;
#3938 = CARTESIAN_POINT ( 'NONE',  ( 43.50644096050604048, 38.26083996541551357, 6.500000000000000888 ) ) ;
#3939 = DIRECTION ( 'NONE',  ( 1.000000000000000000, -0.000000000000000000, 0.000000000000000000 ) ) ;
#3940 = ORIENTED_EDGE ( 'NONE', *, *, #5031, .T. ) ;
#3941 = EDGE_CURVE ( 'NONE', #4661, #4392, #7860, .T. ) ;
#3942 = CARTESIAN_POINT ( 'NONE',  ( 39.33305456577829773, 10.91097133733408597, 7.747649763662415978 ) ) ;
#3943 = DIRECTION ( 'NONE',  ( -1.000000000000000000, -0.000000000000000000, 0.000000000000000000 ) ) ;
#3944 = CARTESIAN_POINT ( 'NONE',  ( 36.00991137390269614, 2.651348854441685443, 15.61622420752855511 ) ) ;
#3945 = ORIENTED_EDGE ( 'NONE', *, *, #4602, .F. ) ;
#3946 = EDGE_LOOP ( 'NONE', ( #3268, #8583 ) ) ;
#3947 =( BOUNDED_CURVE ( )  B_SPLINE_CURVE ( 3, ( #3329, #4916, #8769, #1634 ),
 .UNSPECIFIED., .F., .T. ) 
 B_SPLINE_CURVE_WITH_KNOTS ( ( 4, 4 ),
 ( 3.651166040289079540, 3.926251730777433835 ),
 .UNSPECIFIED. ) 
 CURVE ( )  GEOMETRIC_REPRESENTATION_ITEM ( )  RATIONAL_B_SPLINE_CURVE ( ( 1.000000000000000000, 0.9937039237521023693, 0.9937039237521023693, 1.000000000000000000 ) ) 
 REPRESENTATION_ITEM ( '' )  );
#3948 = DIRECTION ( 'NONE',  ( -0.000000000000000000, -0.000000000000000000, -1.000000000000000000 ) ) ;
#3949 = CARTESIAN_POINT ( 'NONE',  ( 40.04380118092557694, 43.86826649284139990, 7.807320794112973417 ) ) ;
#3950 = CARTESIAN_POINT ( 'NONE',  ( 13.76818414535436297, 3.859198065088519591, 1.783676332477233561 ) ) ;
#3951 = ORIENTED_EDGE ( 'NONE', *, *, #9555, .T. ) ;
#3952 = EDGE_CURVE ( 'NONE', #3182, #120, #4032, .T. ) ;
#3953 = VECTOR ( 'NONE', #7487, 1000.000000000000000 ) ;
#3954 = CARTESIAN_POINT ( 'NONE',  ( 46.79712402700771179, 21.12922720848357727, 7.000000000000000888 ) ) ;
#3955 = B_SPLINE_CURVE_WITH_KNOTS ( 'NONE', 3,
 ( #459, #9832, #7516, #3040, #2324, #4432, #6089, #6957, #3817, #6186, #757, #5256 ),
 .UNSPECIFIED., .F., .F.,
 ( 4, 2, 2, 2, 2, 4 ),
 ( 0.000000000000000000, 0.0002814367201543466180, 0.0005628734403086932360, 0.001125746880617386472, 0.001688620320926079599, 0.002251493761234772944 ),
 .UNSPECIFIED. ) ;
#3956 = CARTESIAN_POINT ( 'NONE',  ( 13.79819639066642800, 43.67446139866839872, 7.959378441696632223 ) ) ;
#3957 = ORIENTED_EDGE ( 'NONE', *, *, #5607, .F. ) ;
#3958 = FACE_OUTER_BOUND ( 'NONE', #869, .T. ) ;
#3959 = VERTEX_POINT ( 'NONE', #7239 ) ;
#3960 = ORIENTED_EDGE ( 'NONE', *, *, #766, .F. ) ;
#3961 = CARTESIAN_POINT ( 'NONE',  ( 48.29938110084306402, 22.00687234423384453, 6.499683805405258141 ) ) ;
#3962 = CARTESIAN_POINT ( 'NONE',  ( 42.17167411066529326, 40.20941115016529466, 8.000000000000005329 ) ) ;
#3963 = B_SPLINE_CURVE_WITH_KNOTS ( 'NONE', 3,
 ( #3901, #1553, #5395, #7802 ),
 .UNSPECIFIED., .F., .F.,
 ( 4, 4 ),
 ( 0.2249019981611525554, 1.000000000000000000 ),
 .UNSPECIFIED. ) ;
#3964 = CARTESIAN_POINT ( 'NONE',  ( 46.50991137363070749, 26.30209948433251554, 5.567050983124831376 ) ) ;
#3965 = VERTEX_POINT ( 'NONE', #886 ) ;
#3966 = AXIS2_PLACEMENT_3D ( 'NONE', #5597, #6938, #3844 ) ;
#3967 = FACE_OUTER_BOUND ( 'NONE', #6527, .T. ) ;
#3968 = CARTESIAN_POINT ( 'NONE',  ( 15.60643868344835283, 51.91691057053953529, 1.000000000000003553 ) ) ;
#3969 = DIRECTION ( 'NONE',  ( -0.000000000000000000, -0.000000000000000000, -1.000000000000000000 ) ) ;
#3970 = CARTESIAN_POINT ( 'NONE',  ( 48.22683049121000920, 33.18013237118385206, 6.563442257500017973 ) ) ;
#3971 = DIRECTION ( 'NONE',  ( 0.000000000000000000, 0.000000000000000000, 1.000000000000000000 ) ) ;
#3972 = DIRECTION ( 'NONE',  ( -0.000000000000000000, -0.000000000000000000, -1.000000000000000000 ) ) ;
#3973 = CARTESIAN_POINT ( 'NONE',  ( 12.91846435684087702, 48.49995593160814167, 0.5000000000000004441 ) ) ;
#3974 = EDGE_CURVE ( 'NONE', #2449, #1669, #8958, .T. ) ;
#3975 = ORIENTED_EDGE ( 'NONE', *, *, #879, .T. ) ;
#3976 = DIRECTION ( 'NONE',  ( 0.7652177220739277974, 0.6437715727057145010, -0.000000000000000000 ) ) ;
#3977 = CIRCLE ( 'NONE', #6770, 0.5000000000000013323 ) ;
#3978 = CARTESIAN_POINT ( 'NONE',  ( 1.086660231154066070, -17.32662178467568026, 2.000000000000000000 ) ) ;
#3979 = CIRCLE ( 'NONE', #5447, 16.49999999999999645 ) ;
#3980 = EDGE_CURVE ( 'NONE', #675, #7852, #6295, .T. ) ;
#3981 = ADVANCED_FACE ( 'NONE', ( #4717 ), #9548, .F. ) ;
#3982 = ORIENTED_EDGE ( 'NONE', *, *, #3352, .F. ) ;
#3983 = CARTESIAN_POINT ( 'NONE',  ( 38.64289106840718802, 5.139966171879797763, 3.876621754602715519 ) ) ;
#3984 = DIRECTION ( 'NONE',  ( 0.000000000000000000, -0.8090169943749442316, -0.5877852522924774670 ) ) ;
#3985 = DIRECTION ( 'NONE',  ( -0.000000000000000000, 0.000000000000000000, 1.000000000000000000 ) ) ;
#3986 = ORIENTED_EDGE ( 'NONE', *, *, #1858, .T. ) ;
#3987 = AXIS2_PLACEMENT_3D ( 'NONE', #9773, #8025, #4179 ) ;
#3988 = EDGE_LOOP ( 'NONE', ( #720, #6577 ) ) ;
#3989 = SPHERICAL_SURFACE ( 'NONE', #8201, 0.5000000000000000000 ) ;
#3990 = LINE ( 'NONE', #6521, #3064 ) ;
#3991 = DIRECTION ( 'NONE',  ( 0.000000000000000000, 0.3090169943749393466, 0.9510565162951561957 ) ) ;
#3992 = AXIS2_PLACEMENT_3D ( 'NONE', #1725, #4797, #4134 ) ;
#3993 = EDGE_CURVE ( 'NONE', #6049, #6022, #9604, .T. ) ;
#3994 = CARTESIAN_POINT ( 'NONE',  ( 37.49796499859506582, 49.60892530528501254, 4.149800256102290419 ) ) ;
#3995 = EDGE_LOOP ( 'NONE', ( #4849, #3779, #8132, #4000 ) ) ;
#3996 = CARTESIAN_POINT ( 'NONE',  ( 14.86473714059143347, 50.74326323501893654, 3.388918265900698668 ) ) ;
#3997 = DIRECTION ( 'NONE',  ( -0.000000000000000000, -0.000000000000000000, -1.000000000000000000 ) ) ;
#3998 = CARTESIAN_POINT ( 'NONE',  ( 40.85869500926798281, 12.18024084837739274, 7.999999999998469669 ) ) ;
#3999 = CIRCLE ( 'NONE', #3262, 20.49999999972800779 ) ;
#4000 = ORIENTED_EDGE ( 'NONE', *, *, #2163, .F. ) ;
#4001 = VERTEX_POINT ( 'NONE', #179 ) ;
#4002 = CARTESIAN_POINT ( 'NONE',  ( 47.09322331692970920, 31.32807569686055160, 7.000000000000000000 ) ) ;
#4003 = CARTESIAN_POINT ( 'NONE',  ( 42.32099631002323292, 39.99574489021205181, 2.000000000000000000 ) ) ;
#4004 = CARTESIAN_POINT ( 'NONE',  ( 37.94194615321463004, 3.739240823181629203, 0.4999999999999993339 ) ) ;
#4005 = ORIENTED_EDGE ( 'NONE', *, *, #4063, .F. ) ;
#4006 = CARTESIAN_POINT ( 'NONE',  ( 48.30715367990279674, 31.32807569686054805, 2.156128344575340972 ) ) ;
#4007 = AXIS2_PLACEMENT_3D ( 'NONE', #3344, #4988, #6487 ) ;
#4008 = DIRECTION ( 'NONE',  ( -0.000000000000000000, -0.000000000000000000, -1.000000000000000000 ) ) ;
#4009 =( BOUNDED_SURFACE ( )  B_SPLINE_SURFACE ( 3, 2, ( 
 ( #1920, #2685, #1006 ),
 ( #5877, #348, #9667 ),
 ( #4324, #5104, #5051 ),
 ( #8849, #5002, #8127 ) ),
 .UNSPECIFIED., .F., .F., .F. ) 
 B_SPLINE_SURFACE_WITH_KNOTS ( ( 4, 4 ),
 ( 3, 3 ),
 ( 0.000000000000000000, 0.002683109750783934516 ),
 ( 0.000000000000000000, 1.000000000000000000 ),
 .UNSPECIFIED. ) 
 GEOMETRIC_REPRESENTATION_ITEM ( )  RATIONAL_B_SPLINE_SURFACE ( (
 ( 1.000000000000000000, 0.7071067811865491270, 1.000000000000000000),
 ( 1.000000000000000000, 0.7071067811865491270, 1.000000000000000000),
 ( 1.000000000000000000, 0.7071067811865476838, 1.000000000000000000),
 ( 1.000000000000000000, 0.7071067811865476838, 1.000000000000000000) ) ) 
 REPRESENTATION_ITEM ( '' )  SURFACE ( )  );
#4010 = VERTEX_POINT ( 'NONE', #1750 ) ;
#4011 = CARTESIAN_POINT ( 'NONE',  ( 12.95087456008381821, 46.71185626921563738, 0.2779446772587827463 ) ) ;
#4012 = ORIENTED_EDGE ( 'NONE', *, *, #5285, .F. ) ;
#4013 = VERTEX_POINT ( 'NONE', #4874 ) ;
#4014 = ADVANCED_FACE ( 'NONE', ( #990 ), #4109, .F. ) ;
#4015 = CARTESIAN_POINT ( 'NONE',  ( 47.88924557536088145, 21.39461155716120544, 2.500000000000000000 ) ) ;
#4016 = CARTESIAN_POINT ( 'NONE',  ( 40.47844449436990999, 42.70071200955878510, 8.000000000000000000 ) ) ;
#4017 = DIRECTION ( 'NONE',  ( -0.000000000000000000, -0.000000000000000000, -1.000000000000000000 ) ) ;
#4018 = EDGE_LOOP ( 'NONE', ( #316, #2565, #1508 ) ) ;
#4019 = B_SPLINE_CURVE_WITH_KNOTS ( 'NONE', 3,
 ( #909, #2327, #149, #5463, #7818, #7062 ),
 .UNSPECIFIED., .F., .F.,
 ( 4, 2, 4 ),
 ( -6.360354864530450865E-06, 0.0004136816400317458627, 0.0008337236349280222406 ),
 .UNSPECIFIED. ) ;
#4020 = CARTESIAN_POINT ( 'NONE',  ( 47.37766372396106362, 33.71167063433781408, 2.020710435792696380 ) ) ;
#4021 = VERTEX_POINT ( 'NONE', #8616 ) ;
#4022 = CARTESIAN_POINT ( 'NONE',  ( 15.11638773253874390, 3.399538842634610702, 2.308526106453206328 ) ) ;
#4023 = DIRECTION ( 'NONE',  ( 1.000000000000000000, 0.000000000000000000, 0.000000000000000000 ) ) ;
#4024 = CARTESIAN_POINT ( 'NONE',  ( 16.00991137390270325, 49.94168842127428576, 1.518327244431527001 ) ) ;
#4025 = CARTESIAN_POINT ( 'NONE',  ( 26.00991137390269969, 27.57807569686057292, 8.000000000000000000 ) ) ;
#4026 = CARTESIAN_POINT ( 'NONE',  ( 36.18218765000129622, 3.214462972446881395, 1.000000000000007105 ) ) ;
#4027 = B_SPLINE_CURVE_WITH_KNOTS ( 'NONE', 3,
 ( #1242, #9851, #4455, #2922 ),
 .UNSPECIFIED., .F., .F.,
 ( 4, 4 ),
 ( 2.194270917860438266E-17, 0.002683112286354876960 ),
 .UNSPECIFIED. ) ;
#4028 = CARTESIAN_POINT ( 'NONE',  ( 13.69851161557112462, 51.06965031108115483, 0.5000000000000004441 ) ) ;
#4029 = VERTEX_POINT ( 'NONE', #9436 ) ;
#4030 = CARTESIAN_POINT ( 'NONE',  ( 36.65974097410256860, 51.76644557489984066, 2.474621605481216680 ) ) ;
#4031 = LINE ( 'NONE', #2544, #392 ) ;
#4032 = CIRCLE ( 'NONE', #1251, 0.6500000000000012434 ) ;
#4033 = ORIENTED_EDGE ( 'NONE', *, *, #5325, .F. ) ;
#4034 = DIRECTION ( 'NONE',  ( -1.000000000000000000, 0.000000000000000000, 0.000000000000000000 ) ) ;
#4035 = CARTESIAN_POINT ( 'NONE',  ( 37.17379120575293427, 4.474161356041163273, 3.430018603917430298 ) ) ;
#4036 = DIRECTION ( 'NONE',  ( 0.000000000000000000, 0.000000000000000000, -1.000000000000000000 ) ) ;
#4037 = AXIS2_PLACEMENT_3D ( 'NONE', #5441, #1452, #8577 ) ;
#4038 = DIRECTION ( 'NONE',  ( -0.000000000000000000, -0.000000000000000000, -1.000000000000000000 ) ) ;
#4039 = EDGE_LOOP ( 'NONE', ( #3237, #8234, #4198, #5569 ) ) ;
#4040 = ADVANCED_FACE ( 'NONE', ( #4511 ), #2403, .T. ) ;
#4041 = VERTEX_POINT ( 'NONE', #2251 ) ;
#4042 = ADVANCED_FACE ( 'NONE', ( #67 ), #3565, .T. ) ;
#4043 = CARTESIAN_POINT ( 'NONE',  ( 15.00991137390270502, 5.314462972446880151, 1.400000000000005684 ) ) ;
#4044 = CARTESIAN_POINT ( 'NONE',  ( 48.52574943513525341, 22.14457947988503861, 3.150211647869265441 ) ) ;
#4045 = DIRECTION ( 'NONE',  ( -1.000000000000000000, 0.000000000000000000, 0.000000000000000000 ) ) ;
#4046 = ORIENTED_EDGE ( 'NONE', *, *, #1384, .T. ) ;
#4047 = DIRECTION ( 'NONE',  ( 0.2752715691676467791, -0.9079251674888078050, -0.3160655840935577277 ) ) ;
#4048 = CARTESIAN_POINT ( 'NONE',  ( 38.77677766730410980, 5.580440680741318715, 0.5000000000000004441 ) ) ;
#4049 = CARTESIAN_POINT ( 'NONE',  ( -13.67694090607622925, 41.81210672114543314, 0.5000000000000004441 ) ) ;
#4050 = ORIENTED_EDGE ( 'NONE', *, *, #1238, .F. ) ;
#4051 = ORIENTED_EDGE ( 'NONE', *, *, #7117, .T. ) ;
#4052 = EDGE_CURVE ( 'NONE', #1784, #9696, #5024, .T. ) ;
#4053 = CARTESIAN_POINT ( 'NONE',  ( 38.27776580138128537, 51.21171469619756778, 1.840852014867115471 ) ) ;
#4054 = VECTOR ( 'NONE', #506, 1000.000000000000000 ) ;
#4055 = CARTESIAN_POINT ( 'NONE',  ( 39.24859636718456812, 10.83491847509854722, 7.696635640229147590 ) ) ;
#4056 = DIRECTION ( 'NONE',  ( -0.000000000000000000, -0.000000000000000000, -1.000000000000000000 ) ) ;
#4057 = ORIENTED_EDGE ( 'NONE', *, *, #5012, .F. ) ;
#4058 = AXIS2_PLACEMENT_3D ( 'NONE', #2962, #8510, #7077 ) ;
#4059 = LINE ( 'NONE', #8679, #2587 ) ;
#4060 = CARTESIAN_POINT ( 'NONE',  ( 26.00991137390269259, 45.07807569686058713, 3.000000000000000000 ) ) ;
#4061 = EDGE_LOOP ( 'NONE', ( #698, #6894, #151, #2456, #4522, #7197 ) ) ;
#4062 = CARTESIAN_POINT ( 'NONE',  ( 41.95915288734452986, 39.64545715012081928, 2.000000000000000000 ) ) ;
#4063 = EDGE_CURVE ( 'NONE', #6898, #1186, #6057, .T. ) ;
#4064 = ORIENTED_EDGE ( 'NONE', *, *, #7832, .T. ) ;
#4065 = DIRECTION ( 'NONE',  ( 0.7066340895174760828, -0.5944856294012776932, 0.3837383222551200568 ) ) ;
#4066 = B_SPLINE_CURVE_WITH_KNOTS ( 'NONE', 3,
 ( #10093, #9283, #1488, #7787 ),
 .UNSPECIFIED., .F., .F.,
 ( 4, 4 ),
 ( 5.005631686059006659E-16, 0.001410132390256235452 ),
 .UNSPECIFIED. ) ;
#4067 = CARTESIAN_POINT ( 'NONE',  ( 41.87205477518023855, 39.76189258589052855, 8.000000000000000000 ) ) ;
#4068 = CARTESIAN_POINT ( 'NONE',  ( 13.24462274125943040, 47.79311333576381315, 2.518506075463698645E-16 ) ) ;
#4069 = ORIENTED_EDGE ( 'NONE', *, *, #7242, .T. ) ;
#4070 = CARTESIAN_POINT ( 'NONE',  ( 47.24130982806584456, 33.74059203615186675, 1.999999999999995781 ) ) ;
#4071 = EDGE_LOOP ( 'NONE', ( #3032, #6184, #2481, #10080 ) ) ;
#4072 = EDGE_CURVE ( 'NONE', #4136, #9451, #8483, .T. ) ;
#4073 = CARTESIAN_POINT ( 'NONE',  ( 15.60643868344828888, 3.239240823181628759, 1.518327244431520118 ) ) ;
#4074 = DIRECTION ( 'NONE',  ( 0.000000000000000000, -0.8304734356177293497, 0.5570582310075716803 ) ) ;
#4075 = CARTESIAN_POINT ( 'NONE',  ( 41.54452319092757762, 14.86938682267612677, 2.000000000000000444 ) ) ;
#4076 = CARTESIAN_POINT ( 'NONE',  ( 38.14423803180950046, 51.33027900012839950, 2.274020938044889473 ) ) ;
#4077 = VECTOR ( 'NONE', #5406, 1000.000000000000000 ) ;
#4078 = CARTESIAN_POINT ( 'NONE',  ( 13.43611358168026015, 50.21359032461980121, 0.5000000000000004441 ) ) ;
#4079 = ORIENTED_EDGE ( 'NONE', *, *, #8572, .F. ) ;
#4080 = CARTESIAN_POINT ( 'NONE',  ( 35.77669975197509444, 40.50285208865746256, 1.600000000000000089 ) ) ;
#4081 = CARTESIAN_POINT ( 'NONE',  ( 46.97905548425568867, 31.32807569686055160, 7.000000000000000000 ) ) ;
#4082 = VERTEX_POINT ( 'NONE', #7692 ) ;
#4083 = CARTESIAN_POINT ( 'NONE',  ( 26.00991137390270680, 27.57807569686058358, 4.639999999999999680 ) ) ;
#4084 = CARTESIAN_POINT ( 'NONE',  ( 37.09412214358221149, 4.213998014276451265, 3.255508349018466419 ) ) ;
#4085 = B_SPLINE_CURVE_WITH_KNOTS ( 'NONE', 3,
 ( #10111, #3027, #3074, #1600, #3956, #2261, #6222, #3902 ),
 .UNSPECIFIED., .F., .F.,
 ( 4, 2, 2, 4 ),
 ( 1.370129583035264130E-16, 0.0006847663106813199271, 0.001027149466021919392, 0.001369532621362518640 ),
 .UNSPECIFIED. ) ;
#4086 = PLANE ( 'NONE',  #9117 ) ;
#4087 = AXIS2_PLACEMENT_3D ( 'NONE', #5580, #7277, #1835 ) ;
#4088 = CARTESIAN_POINT ( 'NONE',  ( 43.50644096050604759, 16.89531142830562160, 6.500000000000000888 ) ) ;
#4089 = B_SPLINE_CURVE_WITH_KNOTS ( 'NONE', 3,
 ( #4427, #1363, #2126, #3763 ),
 .UNSPECIFIED., .F., .F.,
 ( 4, 4 ),
 ( 0.000000000000000000, 0.001564592840164660131 ),
 .UNSPECIFIED. ) ;
#4090 = CARTESIAN_POINT ( 'NONE',  ( 11.25991137390270680, 27.57807569686058358, 11.30000000000000071 ) ) ;
#4091 = VERTEX_POINT ( 'NONE', #8566 ) ;
#4092 = ORIENTED_EDGE ( 'NONE', *, *, #5415, .T. ) ;
#4093 = CARTESIAN_POINT ( 'NONE',  ( 11.06919438412743339, 42.86777453929916248, 7.500002139116470623 ) ) ;
#4094 = CARTESIAN_POINT ( 'NONE',  ( 46.02305306565396137, 19.82459866764062539, 6.500000000000000888 ) ) ;
#4095 = CARTESIAN_POINT ( 'NONE',  ( 43.95213008075142369, 37.53087788043773543, 6.618648658377987104 ) ) ;
#4096 = CARTESIAN_POINT ( 'NONE',  ( 37.16278025827028131, 50.71815987798686365, 3.405756891991428503 ) ) ;
#4097 = ORIENTED_EDGE ( 'NONE', *, *, #2836, .F. ) ;
#4098 = ADVANCED_FACE ( 'NONE', ( #7029 ), #7809, .T. ) ;
#4099 = CIRCLE ( 'NONE', #2619, 0.4999999999999813483 ) ;
#4100 = CARTESIAN_POINT ( 'NONE',  ( 11.55908465698175469, 43.55002730588584114, 7.743090190880624668 ) ) ;
#4101 = VECTOR ( 'NONE', #3764, 1000.000000000000000 ) ;
#4102 = CARTESIAN_POINT ( 'NONE',  ( 46.02305306565396137, 19.82459866764062539, 8.000000000000000000 ) ) ;
#4103 = CARTESIAN_POINT ( 'NONE',  ( 11.69501957929735880, 11.08377551607988742, 0.5000000000000004441 ) ) ;
#4104 = ORIENTED_EDGE ( 'NONE', *, *, #1928, .F. ) ;
#4105 = ORIENTED_EDGE ( 'NONE', *, *, #5293, .F. ) ;
#4106 = CARTESIAN_POINT ( 'NONE',  ( 9.994522377668410229, 40.45103859324962059, 2.500000000000000444 ) ) ;
#4107 = EDGE_CURVE ( 'NONE', #9366, #2089, #2559, .T. ) ;
#4108 = CARTESIAN_POINT ( 'NONE',  ( 38.32131113223427832, 51.06965031108116193, 3.169986991982570945 ) ) ;
#4109 = PLANE ( 'NONE',  #4521 ) ;
#4110 = CARTESIAN_POINT ( 'NONE',  ( 40.06310092123679567, 11.55123742944910603, 1.359528897545548176 ) ) ;
#4111 = ORIENTED_EDGE ( 'NONE', *, *, #4662, .T. ) ;
#4112 = ADVANCED_FACE ( 'NONE', ( #4975 ), #7230, .F. ) ;
#4113 = EDGE_CURVE ( 'NONE', #3533, #404, #4866, .T. ) ;
#4114 = CARTESIAN_POINT ( 'NONE',  ( 26.00991137390270680, 27.57807569686059068, 10.30000000000000071 ) ) ;
#4115 = CARTESIAN_POINT ( 'NONE',  ( 15.00991137390270502, 4.814462972446879263, 1.400000000000005684 ) ) ;
#4116 = EDGE_LOOP ( 'NONE', ( #625, #7994, #4949, #1115 ) ) ;
#4117 = CARTESIAN_POINT ( 'NONE',  ( 36.00991137390269614, 6.800460117891003797, 5.000000000000000888 ) ) ;
#4118 = CARTESIAN_POINT ( 'NONE',  ( 11.55446680767511580, 18.82807569686041660, 2.000000000000000000 ) ) ;
#4119 = CARTESIAN_POINT ( 'NONE',  ( 48.52927689013443313, 22.16232914429893341, 3.132302993028142524 ) ) ;
#4120 = VECTOR ( 'NONE', #2085, 1000.000000000000000 ) ;
#4121 = CARTESIAN_POINT ( 'NONE',  ( 15.76188613066989497, 3.714462972446881395, 1.000000000000003553 ) ) ;
#4122 = VERTEX_POINT ( 'NONE', #1637 ) ;
#4123 = CARTESIAN_POINT ( 'NONE',  ( 48.49944618303594268, 33.09261711186685773, 6.162552257554414048 ) ) ;
#4124 = EDGE_CURVE ( 'NONE', #1798, #3413, #6503, .T. ) ;
#4125 = CARTESIAN_POINT ( 'NONE',  ( 45.11098098473836160, 34.96494099359850338, 7.641146762559912098 ) ) ;
#4126 = CARTESIAN_POINT ( 'NONE',  ( 43.50991137363070749, 27.20279802188732887, 3.990000000000000657 ) ) ;
#4127 = CARTESIAN_POINT ( 'NONE',  ( 46.75991137363070749, 31.07807569686055160, 2.000000000000000000 ) ) ;
#4128 = CARTESIAN_POINT ( 'NONE',  ( 40.28505443071933456, 43.08940458749917468, 8.000000000000000000 ) ) ;
#4129 = CARTESIAN_POINT ( 'NONE',  ( 38.29793972166972083, 51.14590642126358233, 2.020618681209854106 ) ) ;
#4130 = CARTESIAN_POINT ( 'NONE',  ( 45.88438431955822949, 27.57807569686059068, 8.500000000000000000 ) ) ;
#4131 = ORIENTED_EDGE ( 'NONE', *, *, #9244, .T. ) ;
#4132 = FACE_OUTER_BOUND ( 'NONE', #791, .T. ) ;
#4133 = CIRCLE ( 'NONE', #6759, 0.6999999999999975131 ) ;
#4134 = DIRECTION ( 'NONE',  ( -1.000000000000000000, 0.000000000000000000, 0.000000000000000000 ) ) ;
#4135 = EDGE_CURVE ( 'NONE', #4515, #4122, #930, .T. ) ;
#4136 = VERTEX_POINT ( 'NONE', #2510 ) ;
#4137 = CARTESIAN_POINT ( 'NONE',  ( 26.00991137390269969, 27.57807569686058358, 7.000000000000000000 ) ) ;
#4138 = CARTESIAN_POINT ( 'NONE',  ( 38.43467629127166418, 8.653606146429268620, 6.233472659971171836 ) ) ;
#4139 = CARTESIAN_POINT ( 'NONE',  ( 41.99229751198190996, 28.32863104680710009, 4.640000000000004121 ) ) ;
#4140 = PLANE ( 'NONE',  #1884 ) ;
#4141 = FACE_OUTER_BOUND ( 'NONE', #6583, .T. ) ;
#4142 = ORIENTED_EDGE ( 'NONE', *, *, #10038, .T. ) ;
#4143 = EDGE_LOOP ( 'NONE', ( #5172, #7372 ) ) ;
#4144 = CIRCLE ( 'NONE', #9231, 0.5000000000000004441 ) ;
#4145 = CARTESIAN_POINT ( 'NONE',  ( 11.19260988447303085, 43.11895766991845846, 7.589367643788582640 ) ) ;
#4146 = TOROIDAL_SURFACE ( 'NONE', #6448, 12.50000000000000355, 0.5000000000000000000 ) ;
#4147 = ADVANCED_FACE ( 'NONE', ( #7183 ), #5010, .T. ) ;
#4148 = CARTESIAN_POINT ( 'NONE',  ( 48.37130488423631647, 21.82824162705266957, 2.918934845095977337 ) ) ;
#4149 = CARTESIAN_POINT ( 'NONE',  ( 15.60643868344834750, 51.91691057053953529, 1.929685526428635445 ) ) ;
#4150 = AXIS2_PLACEMENT_3D ( 'NONE', #7198, #4218, #3396 ) ;
#4151 = LINE ( 'NONE', #1793, #173 ) ;
#4152 = CARTESIAN_POINT ( 'NONE',  ( 13.58514745957212710, 46.50254544686171698, 6.233472526105349409 ) ) ;
#4153 = DIRECTION ( 'NONE',  ( -1.000000000000000000, 0.000000000000000000, 0.000000000000000000 ) ) ;
#4154 = CARTESIAN_POINT ( 'NONE',  ( 40.46646233960699135, 12.42471511300296250, 8.000000000000010658 ) ) ;
#4155 = VERTEX_POINT ( 'NONE', #5953 ) ;
#4156 = ORIENTED_EDGE ( 'NONE', *, *, #3321, .T. ) ;
#4157 = CARTESIAN_POINT ( 'NONE',  ( 11.00316078735973768, 41.42694031246860931, 2.000000000000000444 ) ) ;
#4158 = CIRCLE ( 'NONE', #72, 20.49999999981464782 ) ;
#4159 = CARTESIAN_POINT ( 'NONE',  ( 38.29953846680778184, 51.14068250363936841, 1.888498417685595676 ) ) ;
#4160 = CARTESIAN_POINT ( 'NONE',  ( 39.36564310531820610, 10.89315868800799691, 7.726936726388843546 ) ) ;
#4161 = CARTESIAN_POINT ( 'NONE',  ( 9.947074174312078298, 14.78751321373240479, 7.500000000000000000 ) ) ;
#4162 = VERTEX_POINT ( 'NONE', #3631 ) ;
#4163 =( BOUNDED_SURFACE ( )  B_SPLINE_SURFACE ( 3, 2, ( 
 ( #4004, #6986, #10105 ),
 ( #9340, #1596, #4671 ),
 ( #7799, #3898, #7040 ),
 ( #3122, #9394, #2362 ),
 ( #4718, #7847, #838 ),
 ( #2411, #9549, #2521 ),
 ( #2668, #1095, #5654 ),
 ( #3498, #4265, #1043 ) ),
 .UNSPECIFIED., .F., .F., .F. ) 
 B_SPLINE_SURFACE_WITH_KNOTS ( ( 4, 2, 2, 4 ),
 ( 3, 3 ),
 ( 1.570796326794896558, 2.356194490192344837, 2.748893571891068976, 3.141592653589793116 ),
 ( 0.000000000000000000, 1.000000000000000000 ),
 .UNSPECIFIED. ) 
 GEOMETRIC_REPRESENTATION_ITEM ( )  RATIONAL_B_SPLINE_SURFACE ( (
 ( 1.000000000000000000, 0.7071067811865475727, 1.000000000000000000),
 ( 1.000000000000000000, 0.7952220605261689501, 1.000000000000000000),
 ( 1.000000000000000000, 0.8662412550754987617, 1.000000000000000000),
 ( 1.000000000000000000, 0.9384018147539872068, 1.000000000000000000),
 ( 1.000000000000000000, 0.9567619960060800288, 1.000000000000000000),
 ( 1.000000000000000000, 0.9813278028445213685, 1.000000000000000000),
 ( 1.000000000000000000, 0.9875413870266505079, 1.000000000000000000),
 ( 1.000000000000000000, 0.9875333661528877816, 1.000000000000000000) ) ) 
 REPRESENTATION_ITEM ( '' )  SURFACE ( )  );
#4164 = DIRECTION ( 'NONE',  ( 0.000000000000000000, 1.000000000000000000, -0.000000000000000000 ) ) ;
#4165 = FACE_OUTER_BOUND ( 'NONE', #3130, .T. ) ;
#4166 = ORIENTED_EDGE ( 'NONE', *, *, #6785, .F. ) ;
#4167 = CYLINDRICAL_SURFACE ( 'NONE', #5635, 20.49999999981464782 ) ;
#4168 = AXIS2_PLACEMENT_3D ( 'NONE', #6259, #1019, #2597 ) ;
#4169 = EDGE_CURVE ( 'NONE', #1197, #3533, #3343, .T. ) ;
#4170 = CARTESIAN_POINT ( 'NONE',  ( 36.50991137363070749, 27.95335337183384539, 5.290000000000002700 ) ) ;
#4171 = EDGE_CURVE ( 'NONE', #4175, #104, #109, .T. ) ;
#4172 = CARTESIAN_POINT ( 'NONE',  ( 47.55523048585733648, 31.32807569686054450, 7.000000000000000000 ) ) ;
#4173 = DIRECTION ( 'NONE',  ( 0.000000000000000000, -1.000000000000000000, 0.000000000000000000 ) ) ;
#4174 = CYLINDRICAL_SURFACE ( 'NONE', #5091, 16.49999999999999645 ) ;
#4175 = VERTEX_POINT ( 'NONE', #7829 ) ;
#4176 = AXIS2_PLACEMENT_3D ( 'NONE', #8784, #9606, #4930 ) ;
#4177 = CARTESIAN_POINT ( 'NONE',  ( 10.54583580041912150, 41.62906368152763292, 2.500000000000010214 ) ) ;
#4178 = CARTESIAN_POINT ( 'NONE',  ( 47.26307427730287003, 33.80202957868917935, 1.999999999999991784 ) ) ;
#4179 = DIRECTION ( 'NONE',  ( 1.000000000000000000, 0.000000000000000000, 0.000000000000000000 ) ) ;
#4180 = CARTESIAN_POINT ( 'NONE',  ( 37.19920118069492787, 3.937014308129043183, 3.069715466613232024 ) ) ;
#4181 = CARTESIAN_POINT ( 'NONE',  ( 42.30235225243471575, 15.13587356287587937, 2.000000000000136335 ) ) ;
#4182 = CARTESIAN_POINT ( 'NONE',  ( 14.82062156711802459, 3.937014308139559660, 3.069715466620280164 ) ) ;
#4183 = ORIENTED_EDGE ( 'NONE', *, *, #3693, .T. ) ;
#4184 = CARTESIAN_POINT ( 'NONE',  ( 36.41338406440338105, 51.91691057052435809, 1.719710159834916707 ) ) ;
#4185 = ORIENTED_EDGE ( 'NONE', *, *, #4684, .T. ) ;
#4186 = CARTESIAN_POINT ( 'NONE',  ( 26.00991137390270680, 27.57807569686059068, 8.500000000000000000 ) ) ;
#4187 = ADVANCED_FACE ( 'NONE', ( #6102 ), #6199, .F. ) ;
#4188 = CARTESIAN_POINT ( 'NONE',  ( 16.00991137390270325, 8.444295124504931138, 0.2779446772587282899 ) ) ;
#4189 = VERTEX_POINT ( 'NONE', #7730 ) ;
#4190 = FACE_BOUND ( 'NONE', #2834, .T. ) ;
#4191 = FACE_OUTER_BOUND ( 'NONE', #8134, .T. ) ;
#4192 = CARTESIAN_POINT ( 'NONE',  ( 11.35661954846544575, 42.08447431474561995, 1.888822129096488833 ) ) ;
#4193 = DIRECTION ( 'NONE',  ( -1.000000000000000000, 0.000000000000000000, 0.000000000000000000 ) ) ;
#4194 = FACE_OUTER_BOUND ( 'NONE', #2064, .T. ) ;
#4195 = CARTESIAN_POINT ( 'NONE',  ( 10.82827956303664863, 12.87519532190059657, 1.820423186609424260 ) ) ;
#4196 = CARTESIAN_POINT ( 'NONE',  ( 48.54318645688867662, 32.92316165031074604, 6.000000000000000000 ) ) ;
#4197 = EDGE_LOOP ( 'NONE', ( #4166, #4342, #1455, #1285 ) ) ;
#4198 = ORIENTED_EDGE ( 'NONE', *, *, #1231, .F. ) ;
#4199 = CARTESIAN_POINT ( 'NONE',  ( 45.02869585593409596, 19.96651463846976071, 7.626533788329632024 ) ) ;
#4200 = EDGE_CURVE ( 'NONE', #9451, #9956, #9324, .T. ) ;
#4201 = AXIS2_PLACEMENT_3D ( 'NONE', #3571, #1888, #2846 ) ;
#4202 = CARTESIAN_POINT ( 'NONE',  ( 48.49621976083445674, 22.05628926699612791, 3.047971893354848749 ) ) ;
#4203 = DIRECTION ( 'NONE',  ( 1.000000000000000000, -0.000000000000000000, 0.000000000000000000 ) ) ;
#4204 = CARTESIAN_POINT ( 'NONE',  ( 11.76745794514364363, 44.77608214608432036, 6.175618772774457810 ) ) ;
#4205 = CARTESIAN_POINT ( 'NONE',  ( 12.95087392402218995, 8.279911623843494439, 0.7501502095328553832 ) ) ;
#4206 = EDGE_CURVE ( 'NONE', #1825, #9034, #9368, .T. ) ;
#4207 = CARTESIAN_POINT ( 'NONE',  ( 40.89471200252418726, 12.22163173182132212, 8.000000000000772715 ) ) ;
#4208 = VERTEX_POINT ( 'NONE', #2957 ) ;
#4209 = CARTESIAN_POINT ( 'NONE',  ( 9.888391045228702936, 14.88330082603066273, 2.500000000000000888 ) ) ;
#4210 = CARTESIAN_POINT ( 'NONE',  ( 39.91106616558134590, 45.79841703254002283, 5.472096454395627418 ) ) ;
#4211 = CARTESIAN_POINT ( 'NONE',  ( 15.97374832345056461, 3.318562533483741639, 2.160429487779914837 ) ) ;
#4212 = CARTESIAN_POINT ( 'NONE',  ( 9.687464762807666219, 15.17507657398654253, 7.500000000000000000 ) ) ;
#4213 = VERTEX_POINT ( 'NONE', #6970 ) ;
#4214 = CARTESIAN_POINT ( 'NONE',  ( 15.68218765000136550, 51.94168842127428576, 1.518327244431527001 ) ) ;
#4215 = CARTESIAN_POINT ( 'NONE',  ( 12.91846413596947052, 6.656195374226922645, 6.266688556966216891E-14 ) ) ;
#4216 = ORIENTED_EDGE ( 'NONE', *, *, #9912, .T. ) ;
#4217 = B_SPLINE_CURVE_WITH_KNOTS ( 'NONE', 3,
 ( #3454, #4119, #9768, #6541, #2579, #2680 ),
 .UNSPECIFIED., .F., .F.,
 ( 4, 2, 4 ),
 ( -7.091361440811615405E-06, 0.0004068532073306514968, 0.0008207977761021146039 ),
 .UNSPECIFIED. ) ;
#4218 = DIRECTION ( 'NONE',  ( -0.000000000000000000, 0.000000000000000000, 1.000000000000000000 ) ) ;
#4219 = AXIS2_PLACEMENT_3D ( 'NONE', #4288, #7374, #4335 ) ;
#4220 = CARTESIAN_POINT ( 'NONE',  ( 36.38351681839525753, 3.269233488334731152, 2.055124642541231506 ) ) ;
#4221 = ADVANCED_FACE ( 'NONE', ( #2909 ), #3264, .T. ) ;
#4222 = CARTESIAN_POINT ( 'NONE',  ( 10.11259579680078602, 39.71448212006063727, 2.000000000000000000 ) ) ;
#4223 = CARTESIAN_POINT ( 'NONE',  ( 48.71624010738173638, 23.77181613649862157, 2.694892170858215419 ) ) ;
#4224 = DIRECTION ( 'NONE',  ( 1.000000000000000000, -0.000000000000000000, -0.000000000000000000 ) ) ;
#4225 = EDGE_LOOP ( 'NONE', ( #9687, #8501, #6219, #3734 ) ) ;
#4226 = CARTESIAN_POINT ( 'NONE',  ( 9.709755181550240977, 40.01070677823643251, 2.500000000000000888 ) ) ;
#4227 = CARTESIAN_POINT ( 'NONE',  ( 12.23605558569310858, 46.24183464701179958, 1.021985167651032755 ) ) ;
#4228 = ADVANCED_FACE ( 'NONE', ( #4599 ), #3379, .T. ) ;
#4229 = CARTESIAN_POINT ( 'NONE',  ( 41.10455065370442185, 13.88822155930550117, 2.000382682023844616 ) ) ;
#4230 = DIRECTION ( 'NONE',  ( -0.000000000000000000, 0.000000000000000000, -1.000000000000000000 ) ) ;
#4231 = VECTOR ( 'NONE', #8664, 1000.000000000000000 ) ;
#4232 = CARTESIAN_POINT ( 'NONE',  ( 36.00991137390269614, 51.05580488328942579, 3.179274115666989253 ) ) ;
#4233 = CIRCLE ( 'NONE', #7826, 0.4999999999999993894 ) ;
#4234 = CARTESIAN_POINT ( 'NONE',  ( 14.70333962683413809, 3.812450983067488863, 2.951820288836716433 ) ) ;
#4235 = EDGE_LOOP ( 'NONE', ( #9149, #6073, #7193, #6802, #9142, #8063, #1901, #8156, #4389 ) ) ;
#4236 = CARTESIAN_POINT ( 'NONE',  ( 14.21387907009644458, 51.46154326206174545, 2.594650041917124561 ) ) ;
#4237 = AXIS2_PLACEMENT_3D ( 'NONE', #8796, #8697, #1769 ) ;
#4238 = EDGE_LOOP ( 'NONE', ( #8633, #4637, #1552, #8736 ) ) ;
#4239 = DIRECTION ( 'NONE',  ( -1.000000000000000000, 0.000000000000000000, 0.000000000000000000 ) ) ;
#4240 = DIRECTION ( 'NONE',  ( -0.7859316827072828637, 0.000000000000000000, 0.6183133429879212883 ) ) ;
#4241 = VERTEX_POINT ( 'NONE', #9229 ) ;
#4242 = DIRECTION ( 'NONE',  ( -0.000000000000000000, -0.000000000000000000, -1.000000000000000000 ) ) ;
#4243 = LINE ( 'NONE', #6656, #2409 ) ;
#4244 = CARTESIAN_POINT ( 'NONE',  ( 47.88924557536088145, 21.39461155716120899, 2.499999999999991118 ) ) ;
#4245 = DIRECTION ( 'NONE',  ( 0.000000000000000000, 0.000000000000000000, -1.000000000000000000 ) ) ;
#4246 = EDGE_CURVE ( 'NONE', #345, #4208, #52, .T. ) ;
#4247 = CARTESIAN_POINT ( 'NONE',  ( 44.44256956329276420, 18.32885797333099376, 6.738146917244914214 ) ) ;
#4248 = CARTESIAN_POINT ( 'NONE',  ( 14.85704071815329286, 4.437997360870334695, 3.405760812744322408 ) ) ;
#4249 = CARTESIAN_POINT ( 'NONE',  ( 45.20986815777103374, 34.69491008001182308, 7.658708083053240578 ) ) ;
#4250 = EDGE_LOOP ( 'NONE', ( #8097, #3802, #2463, #32 ) ) ;
#4251 = LINE ( 'NONE', #7382, #828 ) ;
#4252 = CARTESIAN_POINT ( 'NONE',  ( -13.49008862636929429, -0.1984079448538159929, 0.2957904909125414483 ) ) ;
#4253 = CARTESIAN_POINT ( 'NONE',  ( 41.73614708968971598, 40.74534905247993777, 2.000000000000000000 ) ) ;
#4254 = VECTOR ( 'NONE', #5791, 1000.000000000000000 ) ;
#4255 = CARTESIAN_POINT ( 'NONE',  ( 48.16541779912712684, 33.52919834510864661, 6.238197518957820265 ) ) ;
#4256 = CARTESIAN_POINT ( 'NONE',  ( 11.13396428209800604, 42.99738456507163420, 7.412587907447854896 ) ) ;
#4257 = ADVANCED_FACE ( 'NONE', ( #9178 ), #1530, .F. ) ;
#4258 = CARTESIAN_POINT ( 'NONE',  ( 45.11098098473713947, 20.19121040012302615, 7.641146762559743344 ) ) ;
#4259 = ORIENTED_EDGE ( 'NONE', *, *, #2873, .T. ) ;
#4260 = ORIENTED_EDGE ( 'NONE', *, *, #1384, .F. ) ;
#4261 = CARTESIAN_POINT ( 'NONE',  ( 46.02305306565396847, 35.33155272608051689, 8.000000000000000000 ) ) ;
#4262 = CARTESIAN_POINT ( 'NONE',  ( 38.48240920397625331, 50.54297924380347951, 2.288459902909059096 ) ) ;
#4263 = CARTESIAN_POINT ( 'NONE',  ( 39.40200950127317014, 7.655166755453900684, 0.5828693252962325877 ) ) ;
#4264 = CARTESIAN_POINT ( 'NONE',  ( 45.20908380382815039, 34.69705191365259367, 7.658568789283431322 ) ) ;
#4265 = CARTESIAN_POINT ( 'NONE',  ( 36.33763509780409606, 3.214462972446882283, 1.000000000000000444 ) ) ;
#4266 = ADVANCED_FACE ( 'NONE', ( #770 ), #9915, .T. ) ;
#4267 = AXIS2_PLACEMENT_3D ( 'NONE', #3834, #6055, #8408 ) ;
#4268 = AXIS2_PLACEMENT_3D ( 'NONE', #7888, #7942, #2454 ) ;
#4269 = CYLINDRICAL_SURFACE ( 'NONE', #4007, 2.000000000000001776 ) ;
#4270 = ORIENTED_EDGE ( 'NONE', *, *, #4989, .F. ) ;
#4271 = FACE_OUTER_BOUND ( 'NONE', #5795, .T. ) ;
#4272 = CARTESIAN_POINT ( 'NONE',  ( 10.30339603324446429, 39.99330290293926282, 2.000000000000000888 ) ) ;
#4273 = EDGE_CURVE ( 'NONE', #5659, #8557, #9588, .T. ) ;
#4274 = CARTESIAN_POINT ( 'NONE',  ( 46.79712402700771179, 21.12922720848357727, 7.000000000000000888 ) ) ;
#4275 = CARTESIAN_POINT ( 'NONE',  ( 40.81078599804563822, 11.93510305719379794, 7.254245258693519993 ) ) ;
#4276 = ORIENTED_EDGE ( 'NONE', *, *, #5750, .T. ) ;
#4277 = FACE_OUTER_BOUND ( 'NONE', #2971, .T. ) ;
#4278 = DIRECTION ( 'NONE',  ( 0.000000000000000000, -1.000000000000000000, 0.000000000000000000 ) ) ;
#4279 = PLANE ( 'NONE',  #644 ) ;
#4280 = CARTESIAN_POINT ( 'NONE',  ( -13.49008862636929429, -0.1984079448538159929, 0.2957904909125414483 ) ) ;
#4281 = VERTEX_POINT ( 'NONE', #2596 ) ;
#4282 = CARTESIAN_POINT ( 'NONE',  ( 36.41338406435696129, 51.91691057053954239, 1.518327244431526779 ) ) ;
#4283 = ORIENTED_EDGE ( 'NONE', *, *, #1629, .F. ) ;
#4284 = DIRECTION ( 'NONE',  ( -0.000000000000000000, -0.000000000000000000, -1.000000000000000000 ) ) ;
#4285 =( BOUNDED_SURFACE ( )  B_SPLINE_SURFACE ( 3, 2, ( 
 ( #446, #2783, #7358 ),
 ( #8324, #1304, #4227 ),
 ( #3605, #3457, #1158 ),
 ( #4419, #2736, #7553 ),
 ( #5151, #5923, #5977 ),
 ( #398, #539, #8175 ) ),
 .UNSPECIFIED., .F., .F., .T. ) 
 B_SPLINE_SURFACE_WITH_KNOTS ( ( 4, 2, 4 ),
 ( 3, 3 ),
 ( -2.255140518769849223E-17, 0.002579656017727926381, 0.005159312035455875314 ),
 ( 0.000000000000000000, 1.000000000000000000 ),
 .UNSPECIFIED. ) 
 GEOMETRIC_REPRESENTATION_ITEM ( )  RATIONAL_B_SPLINE_SURFACE ( (
 ( 1.000000000000000000, 0.6725362189088184284, 1.000000000000000000),
 ( 1.000000000000000000, 0.6722280881879080239, 1.000000000000000000),
 ( 1.000000000000000000, 0.6713058917908368839, 1.000000000000000000),
 ( 1.000000000000000000, 0.6669017271184912721, 1.000000000000000000),
 ( 1.000000000000000000, 0.6634025250409802954, 1.000000000000000000),
 ( 1.000000000000000000, 0.6608618721601988710, 1.000000000000000000) ) ) 
 REPRESENTATION_ITEM ( '' )  SURFACE ( )  );
#4286 = CARTESIAN_POINT ( 'NONE',  ( 11.06919218370090441, 12.28837812619186565, 7.500002139297134995 ) ) ;
#4287 = CARTESIAN_POINT ( 'NONE',  ( 12.95087456008381999, 46.71185626921564449, 0.2779446772587859660 ) ) ;
#4288 = CARTESIAN_POINT ( 'NONE',  ( -13.49008862636929429, 43.26032197974560489, 6.000000000000000000 ) ) ;
#4289 = CARTESIAN_POINT ( 'NONE',  ( 36.65598623221855235, 51.83755423636436888, 0.5179019881385250601 ) ) ;
#4290 = CARTESIAN_POINT ( 'NONE',  ( 47.69733424170981095, 21.31018216241131569, 2.230805753305489247 ) ) ;
#4291 = AXIS2_PLACEMENT_3D ( 'NONE', #9148, #3652, #1250 ) ;
#4292 = ADVANCED_FACE ( 'NONE', ( #6354 ), #4086, .T. ) ;
#4293 = CARTESIAN_POINT ( 'NONE',  ( 11.88615954611817216, 43.26032197974560489, 8.000000000000000000 ) ) ;
#4294 = CARTESIAN_POINT ( 'NONE',  ( 11.20576877778226965, 11.96984506137270188, 2.098104404913814669 ) ) ;
#4295 = CARTESIAN_POINT ( 'NONE',  ( 10.06150832889771429, 39.64656855117220147, 8.000000000000000000 ) ) ;
#4296 = ORIENTED_EDGE ( 'NONE', *, *, #9939, .T. ) ;
#4297 = DIRECTION ( 'NONE',  ( 1.000000000000000000, 0.000000000000000000, 0.000000000000000000 ) ) ;
#4298 = EDGE_CURVE ( 'NONE', #7919, #8564, #1149, .T. ) ;
#4299 = EDGE_CURVE ( 'NONE', #4492, #4316, #7754, .T. ) ;
#4300 = CARTESIAN_POINT ( 'NONE',  ( 11.35661797091547243, 13.07167707897554365, 1.888822129096485281 ) ) ;
#4301 = CARTESIAN_POINT ( 'NONE',  ( 13.23574080631804151, 49.55177109870969332, 2.950199434770716778 ) ) ;
#4302 = CARTESIAN_POINT ( 'NONE',  ( 11.46563498853726060, 43.87411252255848382, 7.996551430668138671 ) ) ;
#4303 = CIRCLE ( 'NONE', #3137, 0.5000000000000001110 ) ;
#4304 = LINE ( 'NONE', #1998, #5079 ) ;
#4305 = ORIENTED_EDGE ( 'NONE', *, *, #1266, .F. ) ;
#4306 = ORIENTED_EDGE ( 'NONE', *, *, #7823, .F. ) ;
#4307 = CARTESIAN_POINT ( 'NONE',  ( 9.846258448424309861, 14.95031814521913915, 2.499999999999999556 ) ) ;
#4308 = CARTESIAN_POINT ( 'NONE',  ( 37.12024934251238051, 50.85691474108553223, 3.312684031058847456 ) ) ;
#4309 = EDGE_CURVE ( 'NONE', #4353, #4576, #7633, .T. ) ;
#4310 = AXIS2_PLACEMENT_3D ( 'NONE', #7668, #9787, #8340 ) ;
#4311 = CARTESIAN_POINT ( 'NONE',  ( 10.54583453832987772, 13.52708797353889381, 2.500000000000000444 ) ) ;
#4312 = CARTESIAN_POINT ( 'NONE',  ( 16.00073457352264228, 3.377537131606889620, 2.313586460428393110 ) ) ;
#4313 = FACE_OUTER_BOUND ( 'NONE', #3861, .T. ) ;
#4314 = CARTESIAN_POINT ( 'NONE',  ( 15.36008177210285552, 3.389705819519086116, 2.474621607343881369 ) ) ;
#4315 = AXIS2_PLACEMENT_3D ( 'NONE', #8318, #6638, #9097 ) ;
#4316 = VERTEX_POINT ( 'NONE', #5684 ) ;
#4317 = CARTESIAN_POINT ( 'NONE',  ( 48.04618467367642864, 19.70822068469206556, 7.000000000000010658 ) ) ;
#4318 = CARTESIAN_POINT ( 'NONE',  ( 37.66645943780533656, 3.828775744315855434, 2.960502998559488841 ) ) ;
#4319 = CARTESIAN_POINT ( 'NONE',  ( 12.56486850905497299, 11.68115130661218615, 8.264264830912257054 ) ) ;
#4320 = CARTESIAN_POINT ( 'NONE',  ( 48.74262172055472320, 23.74488555712663640, 2.763254706518361026 ) ) ;
#4321 = CARTESIAN_POINT ( 'NONE',  ( 40.80629161362952573, 11.92350100183052675, 7.246178670575388558 ) ) ;
#4322 = ORIENTED_EDGE ( 'NONE', *, *, #5413, .T. ) ;
#4323 = CARTESIAN_POINT ( 'NONE',  ( 40.46535594013036530, 36.32807569686066529, 2.000000000000000000 ) ) ;
#4324 = CARTESIAN_POINT ( 'NONE',  ( 38.10536902248162505, 50.06801660555124300, 6.505213034913026604E-16 ) ) ;
#4325 = CARTESIAN_POINT ( 'NONE',  ( 41.26472981548145924, 14.28373345088477642, 8.000000000000001776 ) ) ;
#4326 = EDGE_CURVE ( 'NONE', #992, #2757, #9855, .T. ) ;
#4327 = CARTESIAN_POINT ( 'NONE',  ( 47.42412493609043622, 27.57807569686057292, 8.000000000000000000 ) ) ;
#4328 = VERTEX_POINT ( 'NONE', #9480 ) ;
#4329 = CYLINDRICAL_SURFACE ( 'NONE', #1202, 0.6999999999999975131 ) ;
#4330 = B_SPLINE_CURVE_WITH_KNOTS ( 'NONE', 3,
 ( #3548, #2055, #5186, #335 ),
 .UNSPECIFIED., .F., .F.,
 ( 4, 4 ),
 ( 0.000000000000000000, 0.0006776900803166265030 ),
 .UNSPECIFIED. ) ;
#4331 = VERTEX_POINT ( 'NONE', #7981 ) ;
#4332 = CARTESIAN_POINT ( 'NONE',  ( 41.19154318477094989, 12.87519532190013649, 1.820423186609266608 ) ) ;
#4333 = DIRECTION ( 'NONE',  ( -0.000000000000000000, -0.000000000000000000, -1.000000000000000000 ) ) ;
#4334 = DIRECTION ( 'NONE',  ( -0.7652177220739277974, -0.6437715727057145010, 0.000000000000000000 ) ) ;
#4335 = DIRECTION ( 'NONE',  ( 0.000000000000000000, 0.000000000000000000, -1.000000000000000000 ) ) ;
#4336 = CARTESIAN_POINT ( 'NONE',  ( 41.09356010224515643, 41.46092630575288496, 2.007118865844238265 ) ) ;
#4337 = FACE_OUTER_BOUND ( 'NONE', #5905, .T. ) ;
#4338 = CARTESIAN_POINT ( 'NONE',  ( 36.00991137390269614, 45.47360586482152911, 8.000000000000000000 ) ) ;
#4339 =( BOUNDED_SURFACE ( )  B_SPLINE_SURFACE ( 3, 2, ( 
 ( #9881, #2031, #1222 ),
 ( #9118, #5990, #2752 ),
 ( #3572, #6707, #1320 ),
 ( #2847, #2133, #5210 ),
 ( #8338, #2895, #413 ),
 ( #558, #6811, #8194 ),
 ( #5940, #611, #4384 ),
 ( #1368, #9931, #4486 ) ),
 .UNSPECIFIED., .F., .F., .T. ) 
 B_SPLINE_SURFACE_WITH_KNOTS ( ( 4, 2, 2, 4 ),
 ( 3, 3 ),
 ( -1.528725063204561252E-17, 0.0003323901527995850040, 0.0006647803055991852953, 0.001329560611198385769 ),
 ( 0.000000000000000000, 1.000000000000000000 ),
 .UNSPECIFIED. ) 
 GEOMETRIC_REPRESENTATION_ITEM ( )  RATIONAL_B_SPLINE_SURFACE ( (
 ( 1.000000000000000000, 0.8620267822736926711, 1.000000000000000000),
 ( 1.000000000000000000, 0.8899784113013425868, 1.000000000000000000),
 ( 1.000000000000000000, 0.9116139834291753230, 1.000000000000000000),
 ( 1.000000000000000000, 0.9466212479814325453, 1.000000000000000000),
 ( 1.000000000000000000, 0.9599923558412598590, 1.000000000000000000),
 ( 1.000000000000000000, 0.9911128564878651792, 1.000000000000000000),
 ( 1.000000000000000000, 0.9998942745980037294, 1.000000000000000000),
 ( 1.000000000000000000, 1.000000000000000000, 1.000000000000000000) ) ) 
 REPRESENTATION_ITEM ( '' )  SURFACE ( )  );
#4340 = DIRECTION ( 'NONE',  ( -0.000000000000000000, -0.000000000000000000, -1.000000000000000000 ) ) ;
#4341 = CARTESIAN_POINT ( 'NONE',  ( 36.89108776526953193, 51.52747485890118639, -4.184894187790396742E-15 ) ) ;
#4342 = ORIENTED_EDGE ( 'NONE', *, *, #9377, .F. ) ;
#4343 = EDGE_LOOP ( 'NONE', ( #3055, #820, #2138, #6887 ) ) ;
#4344 = CARTESIAN_POINT ( 'NONE',  ( 12.95087392402218285, 8.444295124504931138, 0.2779446772587282899 ) ) ;
#4345 = CARTESIAN_POINT ( 'NONE',  ( 18.70494992668401579, 57.18335466381792287, 0.000000000000000000 ) ) ;
#4346 = ADVANCED_FACE ( 'NONE', ( #7879 ), #2445, .F. ) ;
#4347 = CARTESIAN_POINT ( 'NONE',  ( 48.09534471560343150, 33.23991909023489910, 6.665949145884172644 ) ) ;
#4348 = CARTESIAN_POINT ( 'NONE',  ( 11.46409941053324211, 43.86951787561848448, 6.801098385089891174 ) ) ;
#4349 = ADVANCED_FACE ( 'NONE', ( #8806 ), #918, .F. ) ;
#4350 = EDGE_CURVE ( 'NONE', #5581, #4492, #7070, .T. ) ;
#4351 = DIRECTION ( 'NONE',  ( 0.000000000000000000, 0.3287670013228997101, 0.9444110645482445276 ) ) ;
#4352 = VERTEX_POINT ( 'NONE', #7935 ) ;
#4353 = VERTEX_POINT ( 'NONE', #7172 ) ;
#4354 = DIRECTION ( 'NONE',  ( -0.000000000000000000, -0.000000000000000000, -1.000000000000000000 ) ) ;
#4355 = CARTESIAN_POINT ( 'NONE',  ( -13.49008862636929429, 51.94168842127428576, 1.000000000000007105 ) ) ;
#4356 = CARTESIAN_POINT ( 'NONE',  ( 43.50991137363070749, 28.85405190938863740, 5.567050983124850916 ) ) ;
#4357 = CARTESIAN_POINT ( 'NONE',  ( 10.64311583166286823, 13.31287796517128186, 7.999999999999512390 ) ) ;
#4358 = CARTESIAN_POINT ( 'NONE',  ( 15.76188613066989497, 3.714462972446881839, 8.000000000000000000 ) ) ;
#4359 = CARTESIAN_POINT ( 'NONE',  ( 15.60505770930473979, 15.42328157197708727, 1.600000000000000089 ) ) ;
#4360 = VECTOR ( 'NONE', #4674, 1000.000000000000000 ) ;
#4361 = EDGE_CURVE ( 'NONE', #821, #7125, #2877, .T. ) ;
#4362 = VERTEX_POINT ( 'NONE', #9018 ) ;
#4363 = CARTESIAN_POINT ( 'NONE',  ( 46.57442898051895952, 19.99793637232147958, 7.000000000000000000 ) ) ;
#4364 = CARTESIAN_POINT ( 'NONE',  ( 37.73843060901924673, 51.48348148240463473, 2.633739090743219879 ) ) ;
#4365 = CARTESIAN_POINT ( 'NONE',  ( 13.69851161557112462, 4.086501082639994564, 3.169986991982563396 ) ) ;
#4366 = CARTESIAN_POINT ( 'NONE',  ( 47.85890018771024756, 21.36908222430908566, 6.388351226967177610 ) ) ;
#4367 = ORIENTED_EDGE ( 'NONE', *, *, #2478, .T. ) ;
#4368 = FACE_OUTER_BOUND ( 'NONE', #5779, .T. ) ;
#4369 = CARTESIAN_POINT ( 'NONE',  ( 11.00267034003094047, 13.64836299085904869, 2.000000000000000000 ) ) ;
#4370 = CARTESIAN_POINT ( 'NONE',  ( 40.48681620691657201, 42.68220813572248318, 7.999999999999994671 ) ) ;
#4371 = EDGE_CURVE ( 'NONE', #9227, #5466, #8619, .T. ) ;
#4372 = CARTESIAN_POINT ( 'NONE',  ( 36.16508536812502683, 51.93643299282195613, 1.684465509385666415 ) ) ;
#4373 = EDGE_LOOP ( 'NONE', ( #3882, #5283, #8732, #2401 ) ) ;
#4374 = CARTESIAN_POINT ( 'NONE',  ( 48.79846204852487546, 31.62636164479878786, 5.999999999992516209 ) ) ;
#4375 = ORIENTED_EDGE ( 'NONE', *, *, #183, .T. ) ;
#4376 = CARTESIAN_POINT ( 'NONE',  ( 42.22915145243054269, 40.12324781046978472, 2.500000000000000444 ) ) ;
#4377 = DIRECTION ( 'NONE',  ( 1.000000000000000000, 0.000000000000000000, 0.000000000000000000 ) ) ;
#4378 = AXIS2_PLACEMENT_3D ( 'NONE', #6315, #7079, #4045 ) ;
#4379 = EDGE_CURVE ( 'NONE', #1277, #7534, #610, .T. ) ;
#4380 = FACE_OUTER_BOUND ( 'NONE', #772, .T. ) ;
#4381 = CYLINDRICAL_SURFACE ( 'NONE', #3725, 0.2500000000000002220 ) ;
#4382 = AXIS2_PLACEMENT_3D ( 'NONE', #39, #5511, #2432 ) ;
#4383 = CARTESIAN_POINT ( 'NONE',  ( 36.25793661753554886, 51.94168842127428576, 0.8690767308061815299 ) ) ;
#4384 = CARTESIAN_POINT ( 'NONE',  ( 39.30848643295313138, 44.21997173633937450, 7.764558794243680673 ) ) ;
#4385 = CARTESIAN_POINT ( 'NONE',  ( 36.15721378225590854, 42.97819590062227491, 6.500000000000000888 ) ) ;
#4386 = CARTESIAN_POINT ( 'NONE',  ( 11.67154208843912855, 12.31637965856625705, 1.625889093539937491 ) ) ;
#4387 = CARTESIAN_POINT ( 'NONE',  ( 10.75900494624195680, 40.88173965858459269, 8.000000000000000000 ) ) ;
#4388 = ORIENTED_EDGE ( 'NONE', *, *, #6874, .F. ) ;
#4389 = ORIENTED_EDGE ( 'NONE', *, *, #4135, .T. ) ;
#4390 = DIRECTION ( 'NONE',  ( 0.000000000000000000, 0.9444110645482539645, 0.3287670013228723431 ) ) ;
#4391 = CARTESIAN_POINT ( 'NONE',  ( 11.99286843388762414, 43.87955752475663473, 7.807702480217654006 ) ) ;
#4392 = VERTEX_POINT ( 'NONE', #9066 ) ;
#4393 = CARTESIAN_POINT ( 'NONE',  ( 15.53108138296521190, 45.20603626133946307, 7.103134435080056264 ) ) ;
#4394 = ORIENTED_EDGE ( 'NONE', *, *, #1666, .T. ) ;
#4395 = CARTESIAN_POINT ( 'NONE',  ( 13.61788181731341396, 50.80632403482120196, 3.346618854411794963 ) ) ;
#4396 = CARTESIAN_POINT ( 'NONE',  ( 42.20591707725450448, 40.14552898011746151, 2.416448343767660045 ) ) ;
#4397 = ORIENTED_EDGE ( 'NONE', *, *, #2927, .T. ) ;
#4398 = ORIENTED_EDGE ( 'NONE', *, *, #9895, .F. ) ;
#4399 = CARTESIAN_POINT ( 'NONE',  ( 13.43611358250777243, 4.942561066518190493, -2.908318593852195648E-12 ) ) ;
#4400 = AXIS2_PLACEMENT_3D ( 'NONE', #8847, #1818, #1611 ) ;
#4401 = CARTESIAN_POINT ( 'NONE',  ( 47.70233627930471698, 33.84557982472027504, 2.235409423450342548 ) ) ;
#4402 = CARTESIAN_POINT ( 'NONE',  ( 15.95570084122892318, 3.294111391654443999, 2.082983367462725610 ) ) ;
#4403 = CARTESIAN_POINT ( 'NONE',  ( 45.96483835719102728, 20.29200482208337775, 6.992042759867251434 ) ) ;
#4404 = DIRECTION ( 'NONE',  ( -0.000000000000000000, -0.000000000000000000, -1.000000000000000000 ) ) ;
#4405 = CARTESIAN_POINT ( 'NONE',  ( 47.64666509976611053, 21.66754135225191646, 6.877074121036399923 ) ) ;
#4406 = FACE_OUTER_BOUND ( 'NONE', #8448, .T. ) ;
#4407 = CIRCLE ( 'NONE', #6220, 0.6499999999999978018 ) ;
#4408 = EDGE_LOOP ( 'NONE', ( #7985, #9791, #3635, #5316, #882, #5145 ) ) ;
#4409 = EDGE_CURVE ( 'NONE', #8927, #8725, #5540, .T. ) ;
#4410 = DIRECTION ( 'NONE',  ( 0.000000000000000000, 0.000000000000000000, 1.000000000000000000 ) ) ;
#4411 = AXIS2_PLACEMENT_3D ( 'NONE', #7116, #102, #3098 ) ;
#4412 = DIRECTION ( 'NONE',  ( -1.000000000000000000, 0.000000000000000000, 0.000000000000000000 ) ) ;
#4413 = AXIS2_PLACEMENT_3D ( 'NONE', #9408, #10122, #704 ) ;
#4414 = ADVANCED_FACE ( 'NONE', ( #6560 ), #817, .T. ) ;
#4415 = CARTESIAN_POINT ( 'NONE',  ( 13.67331212349972702, 4.168740750686380281, 3.225151049056230068 ) ) ;
#4416 = DIRECTION ( 'NONE',  ( 1.000000000000000000, -0.000000000000000000, -0.000000000000000000 ) ) ;
#4417 = ADVANCED_FACE ( 'NONE', ( #3471 ), #437, .T. ) ;
#4418 = EDGE_LOOP ( 'NONE', ( #1548, #9836, #747, #5835 ) ) ;
#4419 = CARTESIAN_POINT ( 'NONE',  ( 11.95583758836142252, 43.60239270870162187, 1.360406593354644977 ) ) ;
#4420 = CARTESIAN_POINT ( 'NONE',  ( 40.25234512922332897, 44.77614539992994480, 6.175571408786971972 ) ) ;
#4421 = FACE_OUTER_BOUND ( 'NONE', #3401, .T. ) ;
#4422 = DIRECTION ( 'NONE',  ( 0.000000000000000000, -1.000000000000000000, 0.000000000000000000 ) ) ;
#4423 = VERTEX_POINT ( 'NONE', #7470 ) ;
#4424 = CARTESIAN_POINT ( 'NONE',  ( 37.19920119668797298, 51.21913710869981173, 3.069715451113248506 ) ) ;
#4425 = ORIENTED_EDGE ( 'NONE', *, *, #8120, .T. ) ;
#4426 = CARTESIAN_POINT ( 'NONE',  ( 39.13427878103529878, 10.78171295196041690, 7.660946871235453592 ) ) ;
#4427 = CARTESIAN_POINT ( 'NONE',  ( 12.91846435684088412, 48.49995593160816298, 0.5000000000000000000 ) ) ;
#4428 = EDGE_CURVE ( 'NONE', #1649, #2887, #9217, .T. ) ;
#4429 = DIRECTION ( 'NONE',  ( -1.000000000000000000, 0.000000000000000000, 0.000000000000000000 ) ) ;
#4430 = CARTESIAN_POINT ( 'NONE',  ( 11.00242670811828916, 41.54322531994354506, 2.000000000000000000 ) ) ;
#4431 = CARTESIAN_POINT ( 'NONE',  ( 36.48874136487627595, 9.950115132403809071, 7.103134435094883514 ) ) ;
#4432 = CARTESIAN_POINT ( 'NONE',  ( 41.54646424311658137, 14.87295276336962679, 2.000000000000000444 ) ) ;
#4433 = CYLINDRICAL_SURFACE ( 'NONE', #6710, 0.5000000000000001110 ) ;
#4434 = DIRECTION ( 'NONE',  ( 1.000000000000000000, 0.000000000000000000, 0.000000000000000000 ) ) ;
#4435 = CARTESIAN_POINT ( 'NONE',  ( 41.56969887404833486, 14.91225857686822565, 8.000000000000000000 ) ) ;
#4436 = DIRECTION ( 'NONE',  ( 0.9504442985305050495, -0.3108948944432127770, 0.000000000000000000 ) ) ;
#4437 = EDGE_CURVE ( 'NONE', #1272, #8174, #5059, .T. ) ;
#4438 = ORIENTED_EDGE ( 'NONE', *, *, #2343, .F. ) ;
#4439 = ORIENTED_EDGE ( 'NONE', *, *, #8263, .T. ) ;
#4440 = FACE_OUTER_BOUND ( 'NONE', #5785, .T. ) ;
#4441 = CARTESIAN_POINT ( 'NONE',  ( 12.08332621433789278, 11.35461543199073908, 7.931348979483441752 ) ) ;
#4442 = CIRCLE ( 'NONE', #2970, 16.50000000000000000 ) ;
#4443 = ORIENTED_EDGE ( 'NONE', *, *, #3805, .T. ) ;
#4444 = B_SPLINE_CURVE_WITH_KNOTS ( 'NONE', 3,
 ( #7405, #8226, #1055, #4320, #4223, #4885, #48, #2732 ),
 .UNSPECIFIED., .F., .F.,
 ( 4, 2, 2, 4 ),
 ( -7.071087454216663788E-06, 0.0004516463230318010615, 0.0006810050282748123310, 0.0009103637335178238173 ),
 .UNSPECIFIED. ) ;
#4445 = CARTESIAN_POINT ( 'NONE',  ( 38.33140382698085347, 4.119431439819559060, 1.958172555366793466 ) ) ;
#4446 = CARTESIAN_POINT ( 'NONE',  ( 13.74205694632813568, 51.21171469588446001, 1.840852021301801811 ) ) ;
#4447 = CARTESIAN_POINT ( 'NONE',  ( 36.41338406435711050, 3.239240823181629647, 1.000000000000003553 ) ) ;
#4448 = ORIENTED_EDGE ( 'NONE', *, *, #8572, .T. ) ;
#4449 = EDGE_CURVE ( 'NONE', #5398, #2476, #3955, .T. ) ;
#4450 = ORIENTED_EDGE ( 'NONE', *, *, #1292, .T. ) ;
#4451 = DIRECTION ( 'NONE',  ( -0.000000000000000000, -0.000000000000000000, -1.000000000000000000 ) ) ;
#4452 = B_SPLINE_CURVE_WITH_KNOTS ( 'NONE', 3,
 ( #10051, #9335, #5335, #5279, #4457, #4405, #2204, #7646, #3695, #9139 ),
 .UNSPECIFIED., .F., .F.,
 ( 4, 2, 2, 2, 4 ),
 ( -5.999999998527903847E-08, 0.0004340253049228906404, 0.0008681106098457665047, 0.001302195914768642477, 0.001736281219691518342 ),
 .UNSPECIFIED. ) ;
#4453 = CARTESIAN_POINT ( 'NONE',  ( 48.54318645688867662, 32.92316165031074604, 3.250000000000000444 ) ) ;
#4454 = DIRECTION ( 'NONE',  ( 0.000000000000000000, -1.000000000000000000, 0.000000000000000000 ) ) ;
#4455 = CARTESIAN_POINT ( 'NONE',  ( 38.36457077332807586, 49.21202535065054207, 0.000000000000000000 ) ) ;
#4456 = FACE_OUTER_BOUND ( 'NONE', #5262, .T. ) ;
#4457 = CARTESIAN_POINT ( 'NONE',  ( 47.40538484595768409, 21.51942049346998331, 6.940733739549068915 ) ) ;
#4458 = CARTESIAN_POINT ( 'NONE',  ( 15.76188613066989497, 3.214462972446881395, 1.518327244431517675 ) ) ;
#4459 = ORIENTED_EDGE ( 'NONE', *, *, #2967, .F. ) ;
#4460 = CARTESIAN_POINT ( 'NONE',  ( 26.00991137390269969, 27.57807569686057292, 7.500000000000000000 ) ) ;
#4461 = B_SPLINE_CURVE_WITH_KNOTS ( 'NONE', 3,
 ( #6777, #9899, #2863, #8881, #4980, #8107, #5809, #8938 ),
 .UNSPECIFIED., .F., .F.,
 ( 4, 2, 2, 4 ),
 ( 0.000000000000000000, 0.0001816868439607693746, 0.0003633736879215387493, 0.0007267473758430771733 ),
 .UNSPECIFIED. ) ;
#4462 = CIRCLE ( 'NONE', #7093, 16.95105410787298439 ) ;
#4463 = AXIS2_PLACEMENT_3D ( 'NONE', #86, #5504, #6335 ) ;
#4464 = CARTESIAN_POINT ( 'NONE',  ( 15.55238318680265230, 3.256922635729480042, 1.992640268902724277 ) ) ;
#4465 = CARTESIAN_POINT ( 'NONE',  ( 12.89892737461214978, 6.721102589229986712, 3.699398261600073567 ) ) ;
#4466 = FACE_OUTER_BOUND ( 'NONE', #594, .T. ) ;
#4467 = VERTEX_POINT ( 'NONE', #7006 ) ;
#4468 = EDGE_CURVE ( 'NONE', #3195, #3190, #9469, .T. ) ;
#4469 = CARTESIAN_POINT ( 'NONE',  ( 41.16535594013036103, 36.32807569686066529, 2.000000000000000000 ) ) ;
#4470 = CIRCLE ( 'NONE', #8573, 11.99999999999999645 ) ;
#4471 = CARTESIAN_POINT ( 'NONE',  ( 39.76612039415274324, 46.30435968642765232, 5.133315226466057979 ) ) ;
#4472 = DIRECTION ( 'NONE',  ( 0.6437715727057166104, 0.7652177220739260211, 0.000000000000000000 ) ) ;
#4473 = AXIS2_PLACEMENT_3D ( 'NONE', #9042, #2969, #3745 ) ;
#4474 = EDGE_CURVE ( 'NONE', #3628, #7962, #8986, .T. ) ;
#4475 = FACE_OUTER_BOUND ( 'NONE', #621, .T. ) ;
#4476 = ADVANCED_FACE ( 'NONE', ( #3671 ), #2180, .F. ) ;
#4477 = ORIENTED_EDGE ( 'NONE', *, *, #7240, .T. ) ;
#4478 = CYLINDRICAL_SURFACE ( 'NONE', #3650, 0.4999999999999997224 ) ;
#4479 = VERTEX_POINT ( 'NONE', #1419 ) ;
#4480 = CARTESIAN_POINT ( 'NONE',  ( 42.30200842236825309, 40.02074326962925710, 2.500000000000000444 ) ) ;
#4481 = CARTESIAN_POINT ( 'NONE',  ( 45.22751145774259385, 35.80481627208688877, 6.887172731171591344 ) ) ;
#4482 = CARTESIAN_POINT ( 'NONE',  ( 41.80964527886809634, 40.87971801606901323, 2.392175988366729289 ) ) ;
#4483 = CARTESIAN_POINT ( 'NONE',  ( 47.88924557536090276, 33.76153983655992619, 2.500000000000000000 ) ) ;
#4484 = CARTESIAN_POINT ( 'NONE',  ( 37.41229244190930103, 10.54177017099643088, 7.500000000000000000 ) ) ;
#4485 = CARTESIAN_POINT ( 'NONE',  ( 36.00991137390269614, 9.682545528998879547, 2.000000000000000000 ) ) ;
#4486 = CARTESIAN_POINT ( 'NONE',  ( 39.13433988609305203, 44.37443844176075203, 7.660946871235452704 ) ) ;
#4487 = VECTOR ( 'NONE', #7979, 1000.000000000000000 ) ;
#4488 = DIRECTION ( 'NONE',  ( -0.000000000000000000, -0.000000000000000000, -1.000000000000000000 ) ) ;
#4489 = CARTESIAN_POINT ( 'NONE',  ( 41.95831440556862191, 15.50958282481666295, 8.000000000000000000 ) ) ;
#4490 = EDGE_CURVE ( 'NONE', #2357, #9628, #9930, .T. ) ;
#4491 = CARTESIAN_POINT ( 'NONE',  ( 10.86976321211352747, 42.36875202068001300, 8.000000000000000000 ) ) ;
#4492 = VERTEX_POINT ( 'NONE', #2894 ) ;
#4493 = VERTEX_POINT ( 'NONE', #5310 ) ;
#4494 = CARTESIAN_POINT ( 'NONE',  ( 48.54318645688867662, 32.92316165031074604, 3.250000000000000444 ) ) ;
#4495 = LINE ( 'NONE', #7014, #5465 ) ;
#4496 = B_SPLINE_CURVE_WITH_KNOTS ( 'NONE', 3,
 ( #1832, #6561, #4960, #5017, #5685, #8142 ),
 .UNSPECIFIED., .F., .F.,
 ( 4, 2, 4 ),
 ( 0.000000000000000000, 0.5000000000000011102, 1.000000000000000000 ),
 .UNSPECIFIED. ) ;
#4497 = ORIENTED_EDGE ( 'NONE', *, *, #6832, .T. ) ;
#4498 = CARTESIAN_POINT ( 'NONE',  ( 47.02778858619094393, 33.87756698905668884, 6.999999999999944933 ) ) ;
#4499 = AXIS2_PLACEMENT_3D ( 'NONE', #2020, #9253, #6796 ) ;
#4500 = CARTESIAN_POINT ( 'NONE',  ( 42.27545555348300610, 40.05671856948032428, 7.499999999999999112 ) ) ;
#4501 = DIRECTION ( 'NONE',  ( -0.000000000000000000, 0.000000000000000000, 1.000000000000000000 ) ) ;
#4502 = EDGE_CURVE ( 'NONE', #7612, #1228, #10027, .T. ) ;
#4503 = ORIENTED_EDGE ( 'NONE', *, *, #8530, .T. ) ;
#4504 = VERTEX_POINT ( 'NONE', #8488 ) ;
#4505 = CARTESIAN_POINT ( 'NONE',  ( 11.53300661852629716, 12.47394325386309610, 8.000000000000000000 ) ) ;
#4506 = CARTESIAN_POINT ( 'NONE',  ( 37.78649870599299021, 50.94168842127428576, 0.4999999999999997780 ) ) ;
#4507 = CARTESIAN_POINT ( 'NONE',  ( 10.06066986044630163, 39.64545715010157778, 8.000000000000000000 ) ) ;
#4508 = B_SPLINE_CURVE_WITH_KNOTS ( 'NONE', 3,
 ( #5567, #3920, #7264, #7112, #4893, #1665 ),
 .UNSPECIFIED., .F., .F.,
 ( 4, 2, 4 ),
 ( 0.000000000000000000, 0.5000000000000012212, 1.000000000000000000 ),
 .UNSPECIFIED. ) ;
#4509 = LINE ( 'NONE', #7644, #2444 ) ;
#4510 = EDGE_CURVE ( 'NONE', #6358, #4870, #1464, .T. ) ;
#4511 = FACE_OUTER_BOUND ( 'NONE', #6994, .T. ) ;
#4512 = CARTESIAN_POINT ( 'NONE',  ( 14.90868560380364904, 50.88664281256858146, 3.292743276542963837 ) ) ;
#4513 = DIRECTION ( 'NONE',  ( -0.000000000000000000, -0.000000000000000000, -1.000000000000000000 ) ) ;
#4514 = B_SPLINE_CURVE_WITH_KNOTS ( 'NONE', 3,
 ( #4927, #2569, #5706, #8005, #8832, #8217, #8943, #231 ),
 .UNSPECIFIED., .F., .F.,
 ( 4, 2, 2, 4 ),
 ( 0.000000000000000000, 0.0001201871381658974443, 0.0002403742763317948887, 0.0004807485526636077209 ),
 .UNSPECIFIED. ) ;
#4515 = VERTEX_POINT ( 'NONE', #4485 ) ;
#4516 = VERTEX_POINT ( 'NONE', #9310 ) ;
#4517 = CARTESIAN_POINT ( 'NONE',  ( 47.88924557536088145, 21.39461155716120544, 2.500000000000000000 ) ) ;
#4518 = MANIFOLD_SOLID_BREP ( 'Cut-Extrude29', #2908 ) ;
#4519 = CARTESIAN_POINT ( 'NONE',  ( 13.59775305792827815, 4.415661293427316281, 3.390778406704795689 ) ) ;
#4520 = CARTESIAN_POINT ( 'NONE',  ( -13.49008862636929429, 42.08447431474561995, 1.888822129096488833 ) ) ;
#4521 = AXIS2_PLACEMENT_3D ( 'NONE', #230, #3339, #6483 ) ;
#4522 = ORIENTED_EDGE ( 'NONE', *, *, #7687, .T. ) ;
#4523 = DIRECTION ( 'NONE',  ( 0.9229828118761003175, 0.3848411737084368456, 0.000000000000000000 ) ) ;
#4524 = DIRECTION ( 'NONE',  ( 0.3995538915027013749, 0.8542772123471259471, 0.3325163638822470902 ) ) ;
#4525 = CARTESIAN_POINT ( 'NONE',  ( 26.70991137390269898, 10.07807569686058180, 3.000000000000000000 ) ) ;
#4526 = VERTEX_POINT ( 'NONE', #7567 ) ;
#4527 = CARTESIAN_POINT ( 'NONE',  ( 10.85446680767494776, 36.32807569686045923, 3.000000000000000000 ) ) ;
#4528 = ORIENTED_EDGE ( 'NONE', *, *, #5293, .T. ) ;
#4529 = CARTESIAN_POINT ( 'NONE',  ( 42.15917595569414544, 40.22813929526423493, 2.500000000000000444 ) ) ;
#4530 = CARTESIAN_POINT ( 'NONE',  ( 14.02496162273355296, 11.09702058286722526, 7.844323655252655847 ) ) ;
#4531 = LINE ( 'NONE', #6952, #8851 ) ;
#4532 = ADVANCED_FACE ( 'NONE', ( #557 ), #1516, .F. ) ;
#4533 = CARTESIAN_POINT ( 'NONE',  ( 36.47909956860876690, 43.36080476165923869, 2.500000000000000444 ) ) ;
#4534 = CARTESIAN_POINT ( 'NONE',  ( 38.64954447097480283, 49.99500397148914033, 0.5000000000000008882 ) ) ;
#4535 = CARTESIAN_POINT ( 'NONE',  ( 11.11276943201813694, 12.23599871703187070, 8.000000000000033751 ) ) ;
#4536 = CARTESIAN_POINT ( 'NONE',  ( 39.30547211478095448, 45.93173424695084606, 0.5495196169791748408 ) ) ;
#4537 = CARTESIAN_POINT ( 'NONE',  ( 41.93663884762442251, 15.48076868479347468, 8.000000000000000000 ) ) ;
#4538 = CARTESIAN_POINT ( 'NONE',  ( 15.85475885106228233, 51.93642621952201921, 1.684572763581241084 ) ) ;
#4539 = ADVANCED_FACE ( 'NONE', ( #7815 ), #4740, .T. ) ;
#4540 = EDGE_LOOP ( 'NONE', ( #5290, #4367, #5013, #8608 ) ) ;
#4541 = CYLINDRICAL_SURFACE ( 'NONE', #7699, 0.5000000000000004441 ) ;
#4542 = AXIS2_PLACEMENT_3D ( 'NONE', #7438, #4351, #2661 ) ;
#4543 = CARTESIAN_POINT ( 'NONE',  ( 46.00573162155919249, 35.31096362809110190, 7.923440287679080818 ) ) ;
#4544 = CARTESIAN_POINT ( 'NONE',  ( 42.32099629868579882, 15.16040648861696560, 2.499999999999999556 ) ) ;
#4545 = EDGE_CURVE ( 'NONE', #9227, #8033, #9800, .T. ) ;
#4546 =( BOUNDED_SURFACE ( )  B_SPLINE_SURFACE ( 3, 2, ( 
 ( #8183, #1880, #7318 ),
 ( #5674, #9778, #5007 ),
 ( #3361, #2741, #1977 ),
 ( #3306, #6451, #4895 ),
 ( #8235, #1010, #7463 ),
 ( #6849, #3760, #9970 ) ),
 .UNSPECIFIED., .F., .F., .F. ) 
 B_SPLINE_SURFACE_WITH_KNOTS ( ( 4, 2, 4 ),
 ( 3, 3 ),
 ( -3.824523163442616891E-16, 0.0003263414832402455196, 0.0006526829664808734372 ),
 ( 0.000000000000000000, 1.000000000000000000 ),
 .UNSPECIFIED. ) 
 GEOMETRIC_REPRESENTATION_ITEM ( )  RATIONAL_B_SPLINE_SURFACE ( (
 ( 1.000000000000000000, 0.9097499145500560491, 1.000000000000000000),
 ( 1.000000000000000000, 0.9391634395314428785, 1.000000000000000000),
 ( 1.000000000000000000, 0.9616698933474062683, 1.000000000000000000),
 ( 1.000000000000000000, 0.9921393379473059104, 1.000000000000000000),
 ( 1.000000000000000000, 1.000060848313677697, 1.000000000000000000),
 ( 1.000000000000000000, 1.000000000000000000, 1.000000000000000000) ) ) 
 REPRESENTATION_ITEM ( '' )  SURFACE ( )  );
#4547 = EDGE_CURVE ( 'NONE', #2765, #929, #9094, .T. ) ;
#4548 = ORIENTED_EDGE ( 'NONE', *, *, #8951, .F. ) ;
#4549 = CARTESIAN_POINT ( 'NONE',  ( 38.72286661138952013, 5.403430233693383933, 2.817202168734156853 ) ) ;
#4550 = AXIS2_PLACEMENT_3D ( 'NONE', #1982, #7467, #1317 ) ;
#4551 = CARTESIAN_POINT ( 'NONE',  ( 42.06862718830311820, 40.32332642765090469, 0.4999999999999995559 ) ) ;
#4552 = CARTESIAN_POINT ( 'NONE',  ( 9.755171101283432122, 15.08375438000282109, 1.999999999999983347 ) ) ;
#4553 = ORIENTED_EDGE ( 'NONE', *, *, #5173, .F. ) ;
#4554 = ORIENTED_EDGE ( 'NONE', *, *, #5445, .T. ) ;
#4555 = CARTESIAN_POINT ( 'NONE',  ( 11.10077959443327700, 13.51430096266495084, 7.999999999999998224 ) ) ;
#4556 = B_SPLINE_CURVE_WITH_KNOTS ( 'NONE', 3,
 ( #8019, #2630, #3244, #9457 ),
 .UNSPECIFIED., .F., .F.,
 ( 4, 4 ),
 ( 0.5354502104482093960, 1.000000000000000000 ),
 .UNSPECIFIED. ) ;
#4557 = AXIS2_PLACEMENT_3D ( 'NONE', #7622, #3718, #5067 ) ;
#4558 = CARTESIAN_POINT ( 'NONE',  ( 38.32483638989641861, 11.68580174842304231, 7.991623387037268600 ) ) ;
#4559 = DIRECTION ( 'NONE',  ( -0.9470615782840227093, -0.3210519692170977768, 0.000000000000000000 ) ) ;
#4560 = EDGE_CURVE ( 'NONE', #4761, #5668, #95, .T. ) ;
#4561 = CARTESIAN_POINT ( 'NONE',  ( 48.74213196939959403, 31.41071940612942015, 2.761885959525708145 ) ) ;
#4562 = CARTESIAN_POINT ( 'NONE',  ( 46.50991137363070038, 24.65999372699786463, 7.290391249246438221 ) ) ;
#4563 = CARTESIAN_POINT ( 'NONE',  ( 46.50991137363070749, 26.30209948433251554, 5.567050983124831376 ) ) ;
#4564 = CARTESIAN_POINT ( 'NONE',  ( -13.49008862636929429, 46.71185626921564449, 0.2779446772587859660 ) ) ;
#4565 = ORIENTED_EDGE ( 'NONE', *, *, #9939, .F. ) ;
#4566 = ORIENTED_EDGE ( 'NONE', *, *, #3805, .F. ) ;
#4567 = CARTESIAN_POINT ( 'NONE',  ( 41.99229751198190996, 26.82752034691407061, 4.640000000000003233 ) ) ;
#4568 = CARTESIAN_POINT ( 'NONE',  ( 13.37694357269588252, 5.139927115917639178, 2.640879124822237412 ) ) ;
#4569 = DIRECTION ( 'NONE',  ( 0.7652177220739277974, -0.6437715727057145010, 0.000000000000000000 ) ) ;
#4570 = VERTEX_POINT ( 'NONE', #9413 ) ;
#4571 = AXIS2_PLACEMENT_3D ( 'NONE', #7944, #2610, #5644 ) ;
#4572 = VECTOR ( 'NONE', #1519, 1000.000000000000000 ) ;
#4573 = DIRECTION ( 'NONE',  ( 0.000000000000000000, 0.000000000000000000, -1.000000000000000000 ) ) ;
#4574 = DIRECTION ( 'NONE',  ( 0.9504442985305070479, 0.3108948944432065042, 0.000000000000000000 ) ) ;
#4575 = CARTESIAN_POINT ( 'NONE',  ( 41.74196312724198066, 41.03154351421180479, 2.434844774407848078 ) ) ;
#4576 = VERTEX_POINT ( 'NONE', #1614 ) ;
#4577 = CARTESIAN_POINT ( 'NONE',  ( 10.43276918024948685, 40.20967882324809750, 2.000000000000000444 ) ) ;
#4578 = ORIENTED_EDGE ( 'NONE', *, *, #3002, .T. ) ;
#4579 = EDGE_CURVE ( 'NONE', #9623, #4910, #7250, .T. ) ;
#4580 = CARTESIAN_POINT ( 'NONE',  ( 41.54431332080612549, 40.28716568036481505, 2.000000000000000444 ) ) ;
#4581 = CYLINDRICAL_SURFACE ( 'NONE', #9380, 2.000000000000000888 ) ;
#4582 = AXIS2_PLACEMENT_3D ( 'NONE', #7225, #4703, #4858 ) ;
#4583 = AXIS2_PLACEMENT_3D ( 'NONE', #8872, #4203, #6573 ) ;
#4584 = CARTESIAN_POINT ( 'NONE',  ( 12.33312263842993062, 8.592457106623582419, 4.958232479385252134 ) ) ;
#4585 = ORIENTED_EDGE ( 'NONE', *, *, #8819, .F. ) ;
#4586 = CARTESIAN_POINT ( 'NONE',  ( 16.00991137390270325, 51.70407734673669609, 8.000000000000000000 ) ) ;
#4587 = CARTESIAN_POINT ( 'NONE',  ( 11.53135092259716998, 12.47808518466106342, 8.000000000000005329 ) ) ;
#4588 = DIRECTION ( 'NONE',  ( -1.000000000000000000, 0.000000000000000000, 0.000000000000000000 ) ) ;
#4589 = CARTESIAN_POINT ( 'NONE',  ( 42.33189658924371912, 15.17446321347948412, 7.499999999999636735 ) ) ;
#4590 = CARTESIAN_POINT ( 'NONE',  ( 11.07709971583648922, 42.88630276882792458, 7.500000000000000000 ) ) ;
#4591 = EDGE_LOOP ( 'NONE', ( #9595, #9898, #5298, #3301, #3723, #8975 ) ) ;
#4592 = CARTESIAN_POINT ( 'NONE',  ( 48.40741738382321557, 33.18351761412965573, 2.786911134016417435 ) ) ;
#4593 = CARTESIAN_POINT ( 'NONE',  ( 37.36317587876429513, 50.05786470597475102, 3.848664328507197752 ) ) ;
#4594 = CARTESIAN_POINT ( 'NONE',  ( 14.63462462838920075, 51.20422311940365034, -6.505213034913026604E-16 ) ) ;
#4595 = B_SPLINE_CURVE_WITH_KNOTS ( 'NONE', 3,
 ( #5587, #824, #6472, #8716, #8821, #1685 ),
 .UNSPECIFIED., .F., .F.,
 ( 4, 2, 4 ),
 ( 0.000000000000000000, 0.002552657681193427029, 0.005105315362386854058 ),
 .UNSPECIFIED. ) ;
#4596 = ORIENTED_EDGE ( 'NONE', *, *, #5480, .T. ) ;
#4597 = ADVANCED_FACE ( 'NONE', ( #8696 ), #7058, .T. ) ;
#4598 = CARTESIAN_POINT ( 'NONE',  ( 47.90801075801832098, 33.33817639786572329, 6.771349225752343770 ) ) ;
#4599 = FACE_OUTER_BOUND ( 'NONE', #7574, .T. ) ;
#4600 = FACE_OUTER_BOUND ( 'NONE', #9509, .T. ) ;
#4601 = ORIENTED_EDGE ( 'NONE', *, *, #9958, .F. ) ;
#4602 = EDGE_CURVE ( 'NONE', #3280, #950, #4686, .T. ) ;
#4603 = ORIENTED_EDGE ( 'NONE', *, *, #6785, .T. ) ;
#4604 = EDGE_CURVE ( 'NONE', #2089, #2241, #3167, .T. ) ;
#4605 = DIRECTION ( 'NONE',  ( 0.000000000000000000, -0.9444110645482539645, -0.3287670013228723431 ) ) ;
#4606 =( BOUNDED_SURFACE ( )  B_SPLINE_SURFACE ( 3, 2, ( 
 ( #7811, #799, #3911 ),
 ( #2530, #140, #5664 ),
 ( #344, #8123, #1815 ),
 ( #2480, #8691, #8843 ) ),
 .UNSPECIFIED., .F., .F., .T. ) 
 B_SPLINE_SURFACE_WITH_KNOTS ( ( 4, 4 ),
 ( 3, 3 ),
 ( 0.004959383810545245873, 0.006523952980753917712 ),
 ( 0.000000000000000000, 1.000000000000000000 ),
 .UNSPECIFIED. ) 
 GEOMETRIC_REPRESENTATION_ITEM ( )  RATIONAL_B_SPLINE_SURFACE ( (
 ( 1.000000000000000000, 0.7071067811865475727, 1.000000000000000000),
 ( 1.000000000000000000, 0.6957289062071735364, 1.000000000000000000),
 ( 1.000000000000000000, 0.6843005630764914526, 1.000000000000000000),
 ( 1.000000000000000000, 0.6725361828441616119, 1.000000000000000000) ) ) 
 REPRESENTATION_ITEM ( '' )  SURFACE ( )  );
#4607 = AXIS2_PLACEMENT_3D ( 'NONE', #384, #8988, #3496 ) ;
#4608 = DIRECTION ( 'NONE',  ( 1.000000000000000000, 0.000000000000000000, -0.000000000000000000 ) ) ;
#4609 = CARTESIAN_POINT ( 'NONE',  ( 26.00991137390269969, 10.07807569686058180, 3.000000000000000000 ) ) ;
#4610 = DIRECTION ( 'NONE',  ( 0.8534892481347103876, 0.5211104521293417058, 0.000000000000000000 ) ) ;
#4611 = CARTESIAN_POINT ( 'NONE',  ( 39.81973439089545508, 11.47783604314271066, 7.958471043219767616 ) ) ;
#4612 = CARTESIAN_POINT ( 'NONE',  ( -13.49008862636929429, 4.214462972446882283, 0.9999999999999997780 ) ) ;
#4613 = CARTESIAN_POINT ( 'NONE',  ( 14.02111115185925527, 3.757809072108285964, 8.000000000000000000 ) ) ;
#4614 = ORIENTED_EDGE ( 'NONE', *, *, #9570, .T. ) ;
#4615 = CARTESIAN_POINT ( 'NONE',  ( 0.000000000000000000, 0.000000000000000000, 0.000000000000000000 ) ) ;
#4616 = VERTEX_POINT ( 'NONE', #3885 ) ;
#4617 = ADVANCED_FACE ( 'NONE', ( #9236 ), #60, .T. ) ;
#4618 = VECTOR ( 'NONE', #3327, 1000.000000000000000 ) ;
#4619 = CARTESIAN_POINT ( 'NONE',  ( 40.66320477689051671, 13.07167707897554365, 1.888822129096485281 ) ) ;
#4620 = CARTESIAN_POINT ( 'NONE',  ( 42.35830239158529764, 15.20956599925976604, 2.369100306100425879 ) ) ;
#4621 = CARTESIAN_POINT ( 'NONE',  ( 47.79276821061123570, 23.82807569686055871, 6.954147624933221472 ) ) ;
#4622 = ORIENTED_EDGE ( 'NONE', *, *, #3092, .T. ) ;
#4623 = CARTESIAN_POINT ( 'NONE',  ( 46.50991137363071459, 29.91464545413452569, 7.379678971176505620 ) ) ;
#4624 = CARTESIAN_POINT ( 'NONE',  ( 40.40198902385933621, 44.33686959326704624, 6.479711283035309854 ) ) ;
#4625 = CARTESIAN_POINT ( 'NONE',  ( 15.89477402487702840, 51.91573197502189885, 0.7664702631843791636 ) ) ;
#4626 = VECTOR ( 'NONE', #3976, 1000.000000000000000 ) ;
#4627 = ORIENTED_EDGE ( 'NONE', *, *, #9061, .T. ) ;
#4628 = VECTOR ( 'NONE', #4605, 1000.000000000000114 ) ;
#4629 = CARTESIAN_POINT ( 'NONE',  ( 9.711767038550869202, 40.01268412091429383, 2.000000000000000444 ) ) ;
#4630 = ORIENTED_EDGE ( 'NONE', *, *, #4545, .F. ) ;
#4631 = CARTESIAN_POINT ( 'NONE',  ( 48.47922857442051736, 22.01218718880159031, 6.066897273644862310 ) ) ;
#4632 = CARTESIAN_POINT ( 'NONE',  ( 13.53386237786963875, 4.623660687487597620, 0.5000000000000008882 ) ) ;
#4633 = LINE ( 'NONE', #752, #6891 ) ;
#4634 = CIRCLE ( 'NONE', #723, 0.4999999999999990563 ) ;
#4635 = EDGE_LOOP ( 'NONE', ( #2489, #9501, #4901, #903, #7299, #5681, #7724, #5387 ) ) ;
#4636 = CARTESIAN_POINT ( 'NONE',  ( 11.23685425270625871, 11.86309394162019792, 7.204150203583215450 ) ) ;
#4637 = ORIENTED_EDGE ( 'NONE', *, *, #5815, .F. ) ;
#4638 = ADVANCED_FACE ( 'NONE', ( #7025 ), #6976, .T. ) ;
#4639 = CARTESIAN_POINT ( 'NONE',  ( 37.00991137390271035, 4.814462972446877487, 1.400000000000005684 ) ) ;
#4640 = CARTESIAN_POINT ( 'NONE',  ( 11.08009306774071590, 12.26057167756586175, 7.509687922331322874 ) ) ;
#4641 = DIRECTION ( 'NONE',  ( -0.000000000000000000, -0.000000000000000000, -1.000000000000000000 ) ) ;
#4642 = CARTESIAN_POINT ( 'NONE',  ( 42.27778665712126838, 15.10201998936368639, 7.999999999999905853 ) ) ;
#4643 = CARTESIAN_POINT ( 'NONE',  ( 13.65525369438799252, 49.21203079682168635, 6.505213034913026604E-16 ) ) ;
#4644 = AXIS2_PLACEMENT_3D ( 'NONE', #1257, #3560, #1212 ) ;
#4645 = ORIENTED_EDGE ( 'NONE', *, *, #8772, .T. ) ;
#4646 = CARTESIAN_POINT ( 'NONE',  ( 41.80964525157268952, 14.27643337107364374, 2.392175985433184326 ) ) ;
#4647 = CARTESIAN_POINT ( 'NONE',  ( 36.77360159264336659, 51.98783506172792812, 2.554094476946291437 ) ) ;
#4648 = CARTESIAN_POINT ( 'NONE',  ( 42.27615750615672852, 15.10171400299287114, 2.463952410684803418 ) ) ;
#4649 = VERTEX_POINT ( 'NONE', #5375 ) ;
#4650 = CARTESIAN_POINT ( 'NONE',  ( 40.88586032156911898, 12.15876682984499979, 7.412587815690228510 ) ) ;
#4651 = CARTESIAN_POINT ( 'NONE',  ( 16.24312299532616422, 14.65329930544466741, 1.600000000000000089 ) ) ;
#4652 = CIRCLE ( 'NONE', #4168, 0.6500000000000012434 ) ;
#4653 = DIRECTION ( 'NONE',  ( 1.000000000000000000, 0.000000000000000000, 0.000000000000000000 ) ) ;
#4654 = VERTEX_POINT ( 'NONE', #3787 ) ;
#4655 = EDGE_LOOP ( 'NONE', ( #8042, #7998, #8457, #4821 ) ) ;
#4656 = CARTESIAN_POINT ( 'NONE',  ( 26.00991137390269969, 27.57807569686057292, 7.500000000000000000 ) ) ;
#4657 = EDGE_CURVE ( 'NONE', #7785, #8033, #9147, .T. ) ;
#4658 = CARTESIAN_POINT ( 'NONE',  ( 10.85446680767500993, 36.32807569686057292, 3.000000000000000000 ) ) ;
#4659 = CARTESIAN_POINT ( 'NONE',  ( 0.000000000000000000, 23.82807569686055871, 2.000000000000000000 ) ) ;
#4660 = CARTESIAN_POINT ( 'NONE',  ( 37.94194615321458741, 51.41691057053953529, 0.4999999999999997780 ) ) ;
#4661 = VERTEX_POINT ( 'NONE', #9431 ) ;
#4662 = EDGE_CURVE ( 'NONE', #1674, #9250, #9474, .T. ) ;
#4663 = CARTESIAN_POINT ( 'NONE',  ( 39.93649653346977146, 11.35461543199045309, 7.931348979483045625 ) ) ;
#4664 = EDGE_CURVE ( 'NONE', #4832, #2329, #2094, .T. ) ;
#4665 = DIRECTION ( 'NONE',  ( -0.000000000000000000, -0.000000000000000000, -1.000000000000000000 ) ) ;
#4666 = LINE ( 'NONE', #7894, #9002 ) ;
#4667 = ORIENTED_EDGE ( 'NONE', *, *, #6019, .F. ) ;
#4668 = ORIENTED_EDGE ( 'NONE', *, *, #6996, .T. ) ;
#4669 =( BOUNDED_SURFACE ( )  B_SPLINE_SURFACE ( 3, 2, ( 
 ( #8825, #3279, #9491 ),
 ( #5699, #8774, #7136 ),
 ( #6422, #985, #9543 ),
 ( #1744, #3385, #1639 ),
 ( #4977, #2405, #1089 ),
 ( #881, #4868, #7232 ),
 ( #1693, #3998, #7997 ),
 ( #8049, #4207, #5538 ),
 ( #224, #1796, #4154 ),
 ( #3333, #8670, #6478 ),
 ( #123, #9594, #4818 ),
 ( #3224, #8723, #7289 ),
 ( #6526, #2562, #6368 ),
 ( #2461, #9645, #5592 ) ),
 .UNSPECIFIED., .F., .F., .F. ) 
 B_SPLINE_SURFACE_WITH_KNOTS ( ( 4, 2, 2, 2, 2, 2, 4 ),
 ( 3, 3 ),
 ( -5.228564976811345133E-17, 0.0003408787325883088346, 0.0005113180988824894083, 0.0005965377820295796139, 0.0006391476236031247166, 0.0006604525443898972680, 0.0006817574651766699278 ),
 ( 0.000000000000000000, 1.000000000000000000 ),
 .UNSPECIFIED. ) 
 GEOMETRIC_REPRESENTATION_ITEM ( )  RATIONAL_B_SPLINE_SURFACE ( (
 ( 1.000000000000000000, 0.8620267827780804248, 1.000000000000000000),
 ( 1.000000000000000000, 0.8431093846984062390, 1.000000000000000000),
 ( 1.000000000000000000, 0.8208474901794308165, 1.000000000000000000),
 ( 1.000000000000000000, 0.7816871991493967720, 1.000000000000000000),
 ( 1.000000000000000000, 0.7676790069452124055, 1.000000000000000000),
 ( 1.000000000000000000, 0.7453635262722037025, 1.000000000000000000),
 ( 1.000000000000000000, 0.7377007627688262348, 1.000000000000000000),
 ( 1.000000000000000000, 0.7259632658485650758, 1.000000000000000000),
 ( 1.000000000000000000, 0.7220103097667208703, 1.000000000000000000),
 ( 1.000000000000000000, 0.7160263047700766714, 1.000000000000000000),
 ( 1.000000000000000000, 0.7140225446407997278, 1.000000000000000000),
 ( 1.000000000000000000, 0.7099979150199322575, 1.000000000000000000),
 ( 1.000000000000000000, 0.7072286580751707685, 1.000000000000000000),
 ( 1.000000000000000000, 0.7071093014553644363, 1.000000000000000000) ) ) 
 REPRESENTATION_ITEM ( '' )  SURFACE ( )  );
#4670 = CARTESIAN_POINT ( 'NONE',  ( 46.84859786559016470, 33.76543708520232201, 7.000000000000000000 ) ) ;
#4671 = CARTESIAN_POINT ( 'NONE',  ( 37.38519811941760196, 3.951928274314377099, -6.505213034913026604E-16 ) ) ;
#4672 = ORIENTED_EDGE ( 'NONE', *, *, #7371, .F. ) ;
#4673 = ADVANCED_FACE ( 'NONE', ( #10046 ), #8560, .T. ) ;
#4674 = DIRECTION ( 'NONE',  ( 1.000000000000000000, -0.000000000000000000, -0.000000000000000000 ) ) ;
#4675 = CARTESIAN_POINT ( 'NONE',  ( 16.00991137390270325, 13.61315038535086863, 28.29475401459329120 ) ) ;
#4676 = DIRECTION ( 'NONE',  ( -0.2885294950344252651, 0.9574710076525448921, 0.000000000000000000 ) ) ;
#4677 = EDGE_LOOP ( 'NONE', ( #6848, #4477, #6364, #9327, #5825, #10, #9751 ) ) ;
#4678 = EDGE_LOOP ( 'NONE', ( #9193, #1911, #3923, #7559, #472, #5916, #6178, #2697, #3785, #7023, #7154, #5218, #876, #4051, #9291, #1591, #7390 ) ) ;
#4679 = AXIS2_PLACEMENT_3D ( 'NONE', #6871, #3931, #9943 ) ;
#4680 = DIRECTION ( 'NONE',  ( 0.000000000000000000, 1.000000000000000000, 0.000000000000000000 ) ) ;
#4681 = CARTESIAN_POINT ( 'NONE',  ( 41.37967831160382559, 40.62321762795916413, 8.000000000000000000 ) ) ;
#4682 = DIRECTION ( 'NONE',  ( 1.000000000000000000, 0.000000000000000000, 0.000000000000000000 ) ) ;
#4683 = ORIENTED_EDGE ( 'NONE', *, *, #9582, .T. ) ;
#4684 = EDGE_CURVE ( 'NONE', #1623, #9656, #3406, .T. ) ;
#4685 = DIRECTION ( 'NONE',  ( 0.000000000000000000, 0.000000000000000000, 1.000000000000000000 ) ) ;
#4686 = LINE ( 'NONE', #3917, #1131 ) ;
#4687 = CARTESIAN_POINT ( 'NONE',  ( 11.45292593221770616, 11.87864236551832597, 7.999999999999424460 ) ) ;
#4688 = DIRECTION ( 'NONE',  ( -1.000000000000000000, 0.000000000000000000, 0.000000000000000000 ) ) ;
#4689 = PLANE ( 'NONE',  #5605 ) ;
#4690 = CARTESIAN_POINT ( 'NONE',  ( 39.06894882378382761, 8.444295124504947125, 0.2779446772586612324 ) ) ;
#4691 = ORIENTED_EDGE ( 'NONE', *, *, #6048, .F. ) ;
#4692 = DIRECTION ( 'NONE',  ( -1.000000000000000000, 0.000000000000000000, 0.000000000000000000 ) ) ;
#4693 = DIRECTION ( 'NONE',  ( 1.000000000000000000, -0.000000000000000000, 0.000000000000000000 ) ) ;
#4694 = EDGE_CURVE ( 'NONE', #8678, #4479, #4066, .T. ) ;
#4695 = CARTESIAN_POINT ( 'NONE',  ( 12.88548468624592935, 44.37443844175869856, 7.660946871236821387 ) ) ;
#4696 = ORIENTED_EDGE ( 'NONE', *, *, #1849, .T. ) ;
#4697 = CARTESIAN_POINT ( 'NONE',  ( 38.23422048042814225, 3.802372310908555431, 2.979401400852477177 ) ) ;
#4698 = CARTESIAN_POINT ( 'NONE',  ( 47.96265993947271511, 23.82807569686055871, 2.000000000000000444 ) ) ;
#4699 = CARTESIAN_POINT ( 'NONE',  ( 9.838864275714188423, 14.96154684218996955, 1.999999999999963807 ) ) ;
#4700 = CIRCLE ( 'NONE', #8813, 19.99999999981464782 ) ;
#4701 = VERTEX_POINT ( 'NONE', #6205 ) ;
#4702 = EDGE_LOOP ( 'NONE', ( #181, #7762, #9837 ) ) ;
#4703 = DIRECTION ( 'NONE',  ( 0.000000000000000000, -1.000000000000000000, 0.000000000000000000 ) ) ;
#4704 = ADVANCED_FACE ( 'NONE', ( #3835 ), #2398, .T. ) ;
#4705 = PLANE ( 'NONE',  #2585 ) ;
#4706 = CARTESIAN_POINT ( 'NONE',  ( 25.30991137390270040, 10.07807569686058180, 3.000000000000000000 ) ) ;
#4707 = CARTESIAN_POINT ( 'NONE',  ( 12.47238260400044574, 8.134839032828367067, 0.7501502095328688169 ) ) ;
#4708 = EDGE_LOOP ( 'NONE', ( #9204, #3312, #7970, #9935 ) ) ;
#4709 = DIRECTION ( 'NONE',  ( 0.000000000000000000, 0.000000000000000000, 1.000000000000000000 ) ) ;
#4710 = CIRCLE ( 'NONE', #6197, 0.6999999999999992895 ) ;
#4711 = VECTOR ( 'NONE', #6327, 1000.000000000000000 ) ;
#4712 = CARTESIAN_POINT ( 'NONE',  ( 15.83763509780410494, 3.214462972446881395, 1.518327244431517675 ) ) ;
#4713 = VERTEX_POINT ( 'NONE', #2296 ) ;
#4714 = VECTOR ( 'NONE', #6958, 1000.000000000000000 ) ;
#4715 = ORIENTED_EDGE ( 'NONE', *, *, #8155, .T. ) ;
#4716 = DIRECTION ( 'NONE',  ( 0.000000000000000000, 0.000000000000000000, 1.000000000000000000 ) ) ;
#4717 = FACE_OUTER_BOUND ( 'NONE', #8407, .T. ) ;
#4718 = CARTESIAN_POINT ( 'NONE',  ( 36.60630938466577788, 3.302347621955127988, 0.7481905268331648928 ) ) ;
#4719 = B_SPLINE_CURVE_WITH_KNOTS ( 'NONE', 3,
 ( #5329, #3269, #6414, #975, #5641, #8713 ),
 .UNSPECIFIED., .F., .F.,
 ( 4, 2, 4 ),
 ( 1.834353449918744052E-18, 0.002577743726831514641, 0.005155487453663027547 ),
 .UNSPECIFIED. ) ;
#4720 = ORIENTED_EDGE ( 'NONE', *, *, #9341, .T. ) ;
#4721 = B_SPLINE_CURVE_WITH_KNOTS ( 'NONE', 3,
 ( #2942, #2891, #8978, #2710, #8205, #9160 ),
 .UNSPECIFIED., .F., .F.,
 ( 4, 2, 4 ),
 ( 0.000000000000000000, 0.5000000000000000000, 1.000000000000000000 ),
 .UNSPECIFIED. ) ;
#4722 = CYLINDRICAL_SURFACE ( 'NONE', #6857, 20.49999999981464782 ) ;
#4723 = EDGE_CURVE ( 'NONE', #861, #2241, #5427, .T. ) ;
#4724 = CARTESIAN_POINT ( 'NONE',  ( 40.39112903313218794, 44.36823487041832692, 6.458010790371868204 ) ) ;
#4725 = ORIENTED_EDGE ( 'NONE', *, *, #1739, .F. ) ;
#4726 = CARTESIAN_POINT ( 'NONE',  ( 0.000000000000000000, 0.000000000000000000, 0.000000000000000000 ) ) ;
#4727 = ORIENTED_EDGE ( 'NONE', *, *, #1895, .T. ) ;
#4728 = EDGE_CURVE ( 'NONE', #5085, #5668, #4877, .T. ) ;
#4729 = ORIENTED_EDGE ( 'NONE', *, *, #4072, .T. ) ;
#4730 = CARTESIAN_POINT ( 'NONE',  ( 39.83482136355856795, 46.07518984747112967, 0.4995800627270058913 ) ) ;
#4731 = ADVANCED_FACE ( 'NONE', ( #7642 ), #4705, .F. ) ;
#4732 = CARTESIAN_POINT ( 'NONE',  ( 41.15023771657651253, 42.36829445796183080, 7.500000000000000000 ) ) ;
#4733 = CIRCLE ( 'NONE', #2113, 16.00000000000000000 ) ;
#4734 = CARTESIAN_POINT ( 'NONE',  ( 15.00991137390270502, 4.814462972446879263, 1.400000000000005684 ) ) ;
#4735 = TOROIDAL_SURFACE ( 'NONE', #9169, 12.50000000000000355, 0.5000000000000000000 ) ;
#4736 = EDGE_LOOP ( 'NONE', ( #113, #84, #5499, #7733 ) ) ;
#4737 = DIRECTION ( 'NONE',  ( -0.000000000000000000, -0.000000000000000000, -1.000000000000000000 ) ) ;
#4738 = ORIENTED_EDGE ( 'NONE', *, *, #6138, .T. ) ;
#4739 = DIRECTION ( 'NONE',  ( 0.000000000000000000, 1.000000000000000000, 0.000000000000000000 ) ) ;
#4740 = PLANE ( 'NONE',  #2421 ) ;
#4741 = CARTESIAN_POINT ( 'NONE',  ( 11.65392302316081441, 12.22054600278282521, 7.999999999999996447 ) ) ;
#4742 = LINE ( 'NONE', #9267, #5137 ) ;
#4743 = CARTESIAN_POINT ( 'NONE',  ( 0.000000000000000000, 31.32807569686055160, 2.000000000000000000 ) ) ;
#4744 = CARTESIAN_POINT ( 'NONE',  ( 39.10135861183612604, 6.656195374226844486, 0.5000000000000655032 ) ) ;
#4745 = ORIENTED_EDGE ( 'NONE', *, *, #8218, .F. ) ;
#4746 = CARTESIAN_POINT ( 'NONE',  ( 1.408546017506923098, -17.70923064571264405, 2.500000000000000000 ) ) ;
#4747 = EDGE_CURVE ( 'NONE', #9646, #1301, #9111, .T. ) ;
#4748 = LINE ( 'NONE', #3978, #3169 ) ;
#4749 = AXIS2_PLACEMENT_3D ( 'NONE', #8546, #9984, #7672 ) ;
#4750 = CIRCLE ( 'NONE', #6406, 0.6499999999999978018 ) ;
#4751 = ORIENTED_EDGE ( 'NONE', *, *, #2105, .T. ) ;
#4752 = CARTESIAN_POINT ( 'NONE',  ( 39.90887476626668473, 9.351177575506987694, 6.701383961666202538 ) ) ;
#4753 = CARTESIAN_POINT ( 'NONE',  ( 14.36378144159825609, 44.55375050594632569, 1.029221305584947732 ) ) ;
#4754 = CARTESIAN_POINT ( 'NONE',  ( 26.00991137390269969, 27.57807569686057292, 7.000000000000000000 ) ) ;
#4755 = ORIENTED_EDGE ( 'NONE', *, *, #9567, .F. ) ;
#4756 = ORIENTED_EDGE ( 'NONE', *, *, #1663, .F. ) ;
#4757 = CARTESIAN_POINT ( 'NONE',  ( 36.00991137390269614, 3.452074046984449751, 2.463835190145033938 ) ) ;
#4758 = CARTESIAN_POINT ( 'NONE',  ( 36.41338406435711050, 3.239240823181629647, 1.518327244431517675 ) ) ;
#4759 = CARTESIAN_POINT ( 'NONE',  ( 46.50991137363070749, 28.85405190938865161, 3.712949016875166208 ) ) ;
#4760 = CARTESIAN_POINT ( 'NONE',  ( 41.01750937840223799, 13.61259635172793026, 2.000951363185729637 ) ) ;
#4761 = VERTEX_POINT ( 'NONE', #7941 ) ;
#4762 = ADVANCED_FACE ( 'NONE', ( #1789 ), #872, .T. ) ;
#4763 = CARTESIAN_POINT ( 'NONE',  ( 40.69591409206570631, 42.15878954884238539, 7.999999999999998224 ) ) ;
#4764 = CARTESIAN_POINT ( 'NONE',  ( 43.50991137363070749, 26.00088236050318002, 4.639999999999989910 ) ) ;
#4765 = ORIENTED_EDGE ( 'NONE', *, *, #5413, .F. ) ;
#4766 = ORIENTED_EDGE ( 'NONE', *, *, #2660, .T. ) ;
#4767 = CARTESIAN_POINT ( 'NONE',  ( 38.32131113223428542, 4.086501082640005222, 0.5000000000000004441 ) ) ;
#4768 = DIRECTION ( 'NONE',  ( 0.000000000000000000, 0.000000000000000000, -1.000000000000000000 ) ) ;
#4769 = DIRECTION ( 'NONE',  ( 1.000000000000000000, -8.462065736584504477E-17, 0.000000000000000000 ) ) ;
#4770 = EDGE_LOOP ( 'NONE', ( #7332, #5156, #2375, #6262 ) ) ;
#4771 = CARTESIAN_POINT ( 'NONE',  ( 42.35788392518428935, 15.20900970726603951, 2.500000000000000444 ) ) ;
#4772 = CARTESIAN_POINT ( 'NONE',  ( 10.14760300921923886, 39.76101926174642642, 8.000000000000001776 ) ) ;
#4773 = AXIS2_PLACEMENT_3D ( 'NONE', #2667, #5812, #9806 ) ;
#4774 = ORIENTED_EDGE ( 'NONE', *, *, #7779, .T. ) ;
#4775 = DIRECTION ( 'NONE',  ( 1.000000000000000000, -8.462065736584504477E-17, 0.000000000000000000 ) ) ;
#4776 = VERTEX_POINT ( 'NONE', #4758 ) ;
#4777 = ORIENTED_EDGE ( 'NONE', *, *, #3432, .F. ) ;
#4778 = CARTESIAN_POINT ( 'NONE',  ( 39.54431746574972095, 45.15088132409831445, 0.8213489967453321272 ) ) ;
#4779 = CARTESIAN_POINT ( 'NONE',  ( 35.77669975197509444, 40.50285208865746256, 1.600000000000000089 ) ) ;
#4780 = CARTESIAN_POINT ( 'NONE',  ( 26.00991137390269969, 27.57807569686058358, 1.600000000000000089 ) ) ;
#4781 = EDGE_LOOP ( 'NONE', ( #4830, #46, #5422, #136 ) ) ;
#4782 = AXIS2_PLACEMENT_3D ( 'NONE', #8756, #9524, #7066 ) ;
#4783 = CARTESIAN_POINT ( 'NONE',  ( 45.24000973689557981, 35.78939270836193032, 6.890306898275724734 ) ) ;
#4784 = VERTEX_POINT ( 'NONE', #7178 ) ;
#4785 = EDGE_CURVE ( 'NONE', #2329, #4832, #4710, .T. ) ;
#4786 = DIRECTION ( 'NONE',  ( -1.000000000000000000, 8.462065736584503245E-17, 0.000000000000000000 ) ) ;
#4787 = CARTESIAN_POINT ( 'NONE',  ( 14.17655859908082583, 50.92312017234762322, 0.5000000000000004441 ) ) ;
#4788 = DIRECTION ( 'NONE',  ( 1.000000000000000000, 0.000000000000000000, -0.000000000000000000 ) ) ;
#4789 = ADVANCED_FACE ( 'NONE', ( #270 ), #7129, .T. ) ;
#4790 = AXIS2_PLACEMENT_3D ( 'NONE', #255, #1116, #2589 ) ;
#4791 = CARTESIAN_POINT ( 'NONE',  ( 26.00991137390269969, 10.07807569686058180, 3.000000000000000000 ) ) ;
#4792 = DIRECTION ( 'NONE',  ( 0.000000000000000000, 0.000000000000000000, -1.000000000000000000 ) ) ;
#4793 = LINE ( 'NONE', #9521, #5225 ) ;
#4794 = ORIENTED_EDGE ( 'NONE', *, *, #426, .T. ) ;
#4795 = CARTESIAN_POINT ( 'NONE',  ( 43.50644096050604048, 16.89531142830562871, 6.500000000000000888 ) ) ;
#4796 = AXIS2_PLACEMENT_3D ( 'NONE', #3674, #6709, #6861 ) ;
#4797 = DIRECTION ( 'NONE',  ( -0.000000000000000000, -0.000000000000000000, -1.000000000000000000 ) ) ;
#4798 = CIRCLE ( 'NONE', #400, 0.6999999999999975131 ) ;
#4799 = ORIENTED_EDGE ( 'NONE', *, *, #735, .F. ) ;
#4800 = CARTESIAN_POINT ( 'NONE',  ( 9.951195542422849982, 40.32332643439647768, 0.5000000000000004441 ) ) ;
#4801 = CARTESIAN_POINT ( 'NONE',  ( 38.72287626723665710, 5.403462126036836288, 4.053367432194444397 ) ) ;
#4802 = CARTESIAN_POINT ( 'NONE',  ( 16.00991137395806874, 9.682545528967942516, 6.923656268101482603 ) ) ;
#4803 = ADVANCED_FACE ( 'NONE', ( #3429 ), #8091, .T. ) ;
#4804 = AXIS2_PLACEMENT_3D ( 'NONE', #7545, #5917, #1963 ) ;
#4805 = DIRECTION ( 'NONE',  ( -1.000000000000000000, 0.000000000000000000, 0.000000000000000000 ) ) ;
#4806 = ORIENTED_EDGE ( 'NONE', *, *, #6208, .T. ) ;
#4807 = VERTEX_POINT ( 'NONE', #4094 ) ;
#4808 = CARTESIAN_POINT ( 'NONE',  ( 10.54583453832987772, 13.52708797353889381, 2.500000000000000444 ) ) ;
#4809 = CARTESIAN_POINT ( 'NONE',  ( 48.36026343556921603, 21.80801429899201338, 2.747284966679040874 ) ) ;
#4810 = FACE_OUTER_BOUND ( 'NONE', #9790, .T. ) ;
#4811 = LINE ( 'NONE', #5751, #8672 ) ;
#4812 = EDGE_LOOP ( 'NONE', ( #8765, #3351, #2986, #5327 ) ) ;
#4813 = CARTESIAN_POINT ( 'NONE',  ( 43.50991137363070749, 28.85405190938863740, 5.567050983124850916 ) ) ;
#4814 = EDGE_CURVE ( 'NONE', #2887, #5659, #9689, .T. ) ;
#4815 = AXIS2_PLACEMENT_3D ( 'NONE', #4469, #6074, #3183 ) ;
#4816 = LINE ( 'NONE', #7231, #3083 ) ;
#4817 =( BOUNDED_SURFACE ( )  B_SPLINE_SURFACE ( 3, 2, ( 
 ( #6639, #7301, #288 ),
 ( #6539, #9045, #5918 ),
 ( #10009, #4464, #7601 ),
 ( #6890, #2974, #9245 ),
 ( #2011, #9957, #9145 ),
 ( #2874, #591, #6839 ) ),
 .UNSPECIFIED., .F., .F., .T. ) 
 B_SPLINE_SURFACE_WITH_KNOTS ( ( 4, 2, 4 ),
 ( 3, 3 ),
 ( 0.000000000000000000, 0.4026856005108945813, 0.8053712010217891626 ),
 ( 0.000000000000000000, 1.000000000000000000 ),
 .UNSPECIFIED. ) 
 GEOMETRIC_REPRESENTATION_ITEM ( )  RATIONAL_B_SPLINE_SURFACE ( (
 ( 1.000000000000000000, 0.9875333661528872264, 1.000000000000000000),
 ( 1.000000000000000000, 0.9875422333892605042, 1.000000000000000000),
 ( 1.000000000000000000, 0.9810070137568971393, 1.000000000000000000),
 ( 1.000000000000000000, 0.9551851352525859706, 1.000000000000000000),
 ( 1.000000000000000000, 0.9358985169986030472, 1.000000000000000000),
 ( 1.000000000000000000, 0.9106341918943700042, 1.000000000000000000) ) ) 
 REPRESENTATION_ITEM ( '' )  SURFACE ( )  );
#4818 = CARTESIAN_POINT ( 'NONE',  ( 40.47756969642336600, 12.45116444045275017, 8.000000000000053291 ) ) ;
#4819 = AXIS2_PLACEMENT_3D ( 'NONE', #1121, #105, #9576 ) ;
#4820 = VERTEX_POINT ( 'NONE', #1632 ) ;
#4821 = ORIENTED_EDGE ( 'NONE', *, *, #3993, .T. ) ;
#4822 = CARTESIAN_POINT ( 'NONE',  ( 9.776411528150621422, 40.10264972215075119, 2.000000000000000444 ) ) ;
#4823 = CARTESIAN_POINT ( 'NONE',  ( 38.30389300008170039, 51.12647606515027832, 3.131869873870983145 ) ) ;
#4824 = CARTESIAN_POINT ( 'NONE',  ( 42.27058909909406026, 40.06259649382779742, 2.000000000000000000 ) ) ;
#4825 = CARTESIAN_POINT ( 'NONE',  ( 40.66522400104658885, 11.80603528660967960, 7.673050482241913883 ) ) ;
#4826 = ADVANCED_FACE ( 'NONE', ( #4913 ), #8871, .T. ) ;
#4827 = EDGE_LOOP ( 'NONE', ( #4276, #3935 ) ) ;
#4828 = DIRECTION ( 'NONE',  ( 1.000000000000000000, -0.000000000000000000, -0.000000000000000000 ) ) ;
#4829 = CARTESIAN_POINT ( 'NONE',  ( 10.85446680767500993, 36.32807569686057292, 6.500000000000000000 ) ) ;
#4830 = ORIENTED_EDGE ( 'NONE', *, *, #1555, .T. ) ;
#4831 = DIRECTION ( 'NONE',  ( -0.000000000000000000, 0.000000000000000000, 1.000000000000000000 ) ) ;
#4832 = VERTEX_POINT ( 'NONE', #8767 ) ;
#4833 = ORIENTED_EDGE ( 'NONE', *, *, #735, .T. ) ;
#4834 = CARTESIAN_POINT ( 'NONE',  ( 40.81501977529975278, 43.18399019467325672, 2.098921778678373595 ) ) ;
#4835 = CARTESIAN_POINT ( 'NONE',  ( 42.25962118619769825, 40.07960159001044076, 7.500000000000000000 ) ) ;
#4836 = LINE ( 'NONE', #8897, #8292 ) ;
#4837 = ORIENTED_EDGE ( 'NONE', *, *, #3285, .T. ) ;
#4838 = DIRECTION ( 'NONE',  ( -0.9229828170122397202, -0.3848411613901903117, 0.000000000000000000 ) ) ;
#4839 = ORIENTED_EDGE ( 'NONE', *, *, #7800, .F. ) ;
#4840 = FACE_OUTER_BOUND ( 'NONE', #6094, .T. ) ;
#4841 = DIRECTION ( 'NONE',  ( 0.000000000000000000, 0.000000000000000000, 1.000000000000000000 ) ) ;
#4842 = CARTESIAN_POINT ( 'NONE',  ( 41.95873287196963020, 15.51013911681039126, 2.000000000000000444 ) ) ;
#4843 = CARTESIAN_POINT ( 'NONE',  ( 11.35661954846544575, 42.08447431474561995, 1.888822129096488833 ) ) ;
#4844 = CARTESIAN_POINT ( 'NONE',  ( 10.32159973706395739, 14.02901559732168479, 7.500000000000002665 ) ) ;
#4845 = ORIENTED_EDGE ( 'NONE', *, *, #9433, .T. ) ;
#4846 = CARTESIAN_POINT ( 'NONE',  ( 43.50991137363070749, 28.06545524120995339, 3.139999999999998792 ) ) ;
#4847 = EDGE_CURVE ( 'NONE', #9034, #6007, #7226, .T. ) ;
#4848 = CARTESIAN_POINT ( 'NONE',  ( 45.96483835719099886, 34.86414657163773967, 6.992042759867240775 ) ) ;
#4849 = ORIENTED_EDGE ( 'NONE', *, *, #3685, .F. ) ;
#4850 = CARTESIAN_POINT ( 'NONE',  ( 44.94952208656432902, 35.40583633363505101, 7.612473362659718745 ) ) ;
#4851 = CARTESIAN_POINT ( 'NONE',  ( 36.86882964863625745, 3.478993072244856322, 2.762487699314734257 ) ) ;
#4852 = CIRCLE ( 'NONE', #3869, 0.5000000000000000000 ) ;
#4853 = EDGE_CURVE ( 'NONE', #6519, #8210, #3990, .T. ) ;
#4854 = CARTESIAN_POINT ( 'NONE',  ( 44.63756226954466655, 19.01772663740307578, 7.109525160927205434 ) ) ;
#4855 = CARTESIAN_POINT ( 'NONE',  ( 47.11900981335622163, 20.74661834744302524, 6.500000000000000888 ) ) ;
#4856 = ORIENTED_EDGE ( 'NONE', *, *, #6806, .F. ) ;
#4857 = EDGE_LOOP ( 'NONE', ( #7961, #6936, #6761, #6371 ) ) ;
#4858 = DIRECTION ( 'NONE',  ( 0.000000000000000000, 0.000000000000000000, -1.000000000000000000 ) ) ;
#4859 = ADVANCED_FACE ( 'NONE', ( #9586 ), #2183, .T. ) ;
#4860 = B_SPLINE_CURVE_WITH_KNOTS ( 'NONE', 3,
 ( #3356, #3405, #4180, #960 ),
 .UNSPECIFIED., .F., .F.,
 ( 4, 4 ),
 ( 0.3153042859148477706, 1.000000000000000000 ),
 .UNSPECIFIED. ) ;
#4861 = EDGE_CURVE ( 'NONE', #7205, #1273, #10119, .T. ) ;
#4862 = DIRECTION ( 'NONE',  ( -1.000000000000000000, 0.000000000000000000, 0.000000000000000000 ) ) ;
#4863 = CARTESIAN_POINT ( 'NONE',  ( 26.00991137390269969, 27.57807569686057292, 2.500000000000000444 ) ) ;
#4864 = CARTESIAN_POINT ( 'NONE',  ( 38.06705445615864392, 47.72075419483536507, 5.416332349141868896 ) ) ;
#4865 = ORIENTED_EDGE ( 'NONE', *, *, #8114, .F. ) ;
#4866 = LINE ( 'NONE', #1088, #5672 ) ;
#4867 = DIRECTION ( 'NONE',  ( -0.000000000000000000, -0.000000000000000000, -1.000000000000000000 ) ) ;
#4868 = CARTESIAN_POINT ( 'NONE',  ( 40.83437924342252501, 12.15298833506664167, 8.000000000000069278 ) ) ;
#4869 = ORIENTED_EDGE ( 'NONE', *, *, #543, .T. ) ;
#4870 = VERTEX_POINT ( 'NONE', #2709 ) ;
#4871 = CARTESIAN_POINT ( 'NONE',  ( 25.35991137390269401, 45.07807569686058713, 6.500000000000000000 ) ) ;
#4872 = CARTESIAN_POINT ( 'NONE',  ( 38.64287917550297635, 50.01622428182806601, 2.640879124506859021 ) ) ;
#4873 = ADVANCED_FACE ( 'NONE', ( #5999 ), #2760, .T. ) ;
#4874 = CARTESIAN_POINT ( 'NONE',  ( 47.10249359828606686, 33.77001919795423390, 2.000000000000000000 ) ) ;
#4875 = FACE_OUTER_BOUND ( 'NONE', #3334, .T. ) ;
#4876 = EDGE_LOOP ( 'NONE', ( #8419, #3841, #9346, #65, #6192, #8607 ) ) ;
#4877 = CIRCLE ( 'NONE', #319, 0.6499999999999978018 ) ;
#4878 =( BOUNDED_SURFACE ( )  B_SPLINE_SURFACE ( 2, 3, ( 
 ( #9444, #6323, #6266, #5437 ),
 ( #6168, #3178, #8675, #9390 ),
 ( #2360, #4670, #1642, #690 ) ),
 .UNSPECIFIED., .F., .F., .T. ) 
 B_SPLINE_SURFACE_WITH_KNOTS ( ( 3, 3 ),
 ( 4, 4 ),
 ( 0.000000000000000000, 1.000000000000000000 ),
 ( -0.02550064026730756994, -0.02124212049937239041 ),
 .UNSPECIFIED. ) 
 GEOMETRIC_REPRESENTATION_ITEM ( )  RATIONAL_B_SPLINE_SURFACE ( (
 ( 1.000000000000000000, 1.000000000000000000, 1.000000000000000000, 1.000000000000000000),
 ( 0.7071067811865473507, 0.7071067811865473507, 0.7071067811865473507, 0.7071067811865473507),
 ( 1.000000000000000000, 1.000000000000000000, 1.000000000000000000, 1.000000000000000000) ) ) 
 REPRESENTATION_ITEM ( '' )  SURFACE ( )  );
#4879 = DIRECTION ( 'NONE',  ( 1.000000000000000000, 0.000000000000000000, 0.000000000000000000 ) ) ;
#4880 = DIRECTION ( 'NONE',  ( -1.000000000000000000, 0.000000000000000000, 0.000000000000000000 ) ) ;
#4881 = ORIENTED_EDGE ( 'NONE', *, *, #6991, .F. ) ;
#4882 = FACE_OUTER_BOUND ( 'NONE', #5247, .T. ) ;
#4883 = CARTESIAN_POINT ( 'NONE',  ( 10.06150991313028165, 39.64656735235001150, 2.500000000000000000 ) ) ;
#4884 = CARTESIAN_POINT ( 'NONE',  ( 41.15023771735054225, 42.36829445824886875, 7.999999999997053024 ) ) ;
#4885 = CARTESIAN_POINT ( 'NONE',  ( 48.64702456913044415, 23.81327479595872276, 2.562371552890223114 ) ) ;
#4886 = FACE_OUTER_BOUND ( 'NONE', #9471, .T. ) ;
#4887 = ORIENTED_EDGE ( 'NONE', *, *, #651, .T. ) ;
#4888 = DIRECTION ( 'NONE',  ( 0.000000000000000000, 0.4999999999999996114, -0.8660254037844389297 ) ) ;
#4889 = CARTESIAN_POINT ( 'NONE',  ( 40.83282730826110907, 13.39315038455762163, 1.978413670183032824 ) ) ;
#4890 = CARTESIAN_POINT ( 'NONE',  ( 46.50991137363070749, 31.07807569686055160, 2.000000000000000000 ) ) ;
#4891 = EDGE_CURVE ( 'NONE', #921, #9279, #8149, .T. ) ;
#4892 = CARTESIAN_POINT ( 'NONE',  ( 42.22945713888746155, 15.03335075691607514, 2.000000000000000444 ) ) ;
#4893 = CARTESIAN_POINT ( 'NONE',  ( 40.95008810739948046, 12.28821294067074454, 7.630899693899574565 ) ) ;
#4894 = VECTOR ( 'NONE', #9114, 1000.000000000000000 ) ;
#4895 = CARTESIAN_POINT ( 'NONE',  ( 48.49964902676157408, 33.06000452358494357, 3.016838092036044472 ) ) ;
#4896 = ORIENTED_EDGE ( 'NONE', *, *, #5735, .T. ) ;
#4897 = AXIS2_PLACEMENT_3D ( 'NONE', #311, #2647, #6513 ) ;
#4898 = VECTOR ( 'NONE', #7474, 1000.000000000000000 ) ;
#4899 = DIRECTION ( 'NONE',  ( -1.000000000000000000, 0.000000000000000000, -0.000000000000000000 ) ) ;
#4900 = DIRECTION ( 'NONE',  ( -0.7652177220739277974, -0.6437715727057145010, 0.000000000000000000 ) ) ;
#4901 = ORIENTED_EDGE ( 'NONE', *, *, #7738, .T. ) ;
#4902 = CARTESIAN_POINT ( 'NONE',  ( 36.18218765000138859, 51.94168842127428576, 8.000000000000000000 ) ) ;
#4903 = CARTESIAN_POINT ( 'NONE',  ( 38.96223894974269086, 6.194051598857246432, 4.583672622336695923 ) ) ;
#4904 = CARTESIAN_POINT ( 'NONE',  ( 14.97328753531415657, 3.446347604368175777, 0.4999999999999993339 ) ) ;
#4905 = CARTESIAN_POINT ( 'NONE',  ( 13.98577504126058457, 47.83026300855610913, 5.342876915849587682 ) ) ;
#4906 = CIRCLE ( 'NONE', #5558, 0.6999999999999992895 ) ;
#4907 = CARTESIAN_POINT ( 'NONE',  ( 16.24312299532616422, 14.65329930544466741, 1.600000000000000089 ) ) ;
#4908 = CARTESIAN_POINT ( 'NONE',  ( 10.47849768823441430, 13.67944478167320455, 1.999999999999672484 ) ) ;
#4909 = CARTESIAN_POINT ( 'NONE',  ( 15.00991137390270502, 4.814462972446879263, 1.400000000000005684 ) ) ;
#4910 = VERTEX_POINT ( 'NONE', #5126 ) ;
#4911 = ORIENTED_EDGE ( 'NONE', *, *, #3547, .F. ) ;
#4912 = CARTESIAN_POINT ( 'NONE',  ( 12.00200268209393073, 45.47656164735324325, 1.289632573344202449 ) ) ;
#4913 = FACE_OUTER_BOUND ( 'NONE', #2641, .T. ) ;
#4914 = CARTESIAN_POINT ( 'NONE',  ( 46.29049026781940057, 20.70300026348490618, 8.000000000000000000 ) ) ;
#4915 = ADVANCED_FACE ( 'NONE', ( #9125 ), #1133, .F. ) ;
#4916 = CARTESIAN_POINT ( 'NONE',  ( 37.65604130620713619, 10.60240088777483258, 1.029221305585021895 ) ) ;
#4917 = CARTESIAN_POINT ( 'NONE',  ( 15.24622113657044054, 51.98783500096178756, 2.554094517706512857 ) ) ;
#4918 = EDGE_CURVE ( 'NONE', #6836, #6022, #568, .T. ) ;
#4919 = CARTESIAN_POINT ( 'NONE',  ( 48.20578756748940918, 21.66091581308942793, 6.205891020875667685 ) ) ;
#4920 = EDGE_CURVE ( 'NONE', #3136, #2207, #3627, .T. ) ;
#4921 = CARTESIAN_POINT ( 'NONE',  ( 9.673386788272033243, 15.19379125335708025, 7.542083936009141176 ) ) ;
#4922 = VERTEX_POINT ( 'NONE', #4300 ) ;
#4923 = VERTEX_POINT ( 'NONE', #6619 ) ;
#4924 = CARTESIAN_POINT ( 'NONE',  ( 10.06607915080283000, 40.58650948532572755, 2.000000000000000444 ) ) ;
#4925 = CARTESIAN_POINT ( 'NONE',  ( 38.36161296727043180, 50.93809867728973018, 3.258228129222096481 ) ) ;
#4926 = CARTESIAN_POINT ( 'NONE',  ( 39.70516325075682573, 8.652820392036915109, 4.999003050935348469 ) ) ;
#4927 = CARTESIAN_POINT ( 'NONE',  ( 37.41139575840946208, 3.717565692103879105, 2.844642308047124146 ) ) ;
#4928 = ORIENTED_EDGE ( 'NONE', *, *, #7269, .F. ) ;
#4929 = LINE ( 'NONE', #1048, #5535 ) ;
#4930 = DIRECTION ( 'NONE',  ( -1.000000000000000000, 0.000000000000000000, 0.000000000000000000 ) ) ;
#4931 = EDGE_CURVE ( 'NONE', #9250, #2207, #1230, .T. ) ;
#4932 = VERTEX_POINT ( 'NONE', #3580 ) ;
#4933 = CARTESIAN_POINT ( 'NONE',  ( 41.27885217466084811, 41.25960738277357365, 2.022145552325314011 ) ) ;
#4934 = CARTESIAN_POINT ( 'NONE',  ( 37.32288093890939962, 3.536741618597390779, 2.642452182588003851 ) ) ;
#4935 = CARTESIAN_POINT ( 'NONE',  ( 48.55316943299862231, 31.32807569686055160, 6.598472951074044524 ) ) ;
#4936 = B_SPLINE_CURVE_WITH_KNOTS ( 'NONE', 3,
 ( #6477, #5591, #983, #2561, #1743, #4919 ),
 .UNSPECIFIED., .F., .F.,
 ( 4, 2, 4 ),
 ( -6.360658389545203424E-06, 0.0003501183814010280673, 0.0007065974211916013423 ),
 .UNSPECIFIED. ) ;
#4937 = DIRECTION ( 'NONE',  ( -1.000000000000000000, 8.462065736584503245E-17, 0.000000000000000000 ) ) ;
#4938 =( BOUNDED_CURVE ( )  B_SPLINE_CURVE ( 3, ( #5354, #655, #2272, #2318 ),
 .UNSPECIFIED., .F., .T. ) 
 B_SPLINE_CURVE_WITH_KNOTS ( ( 4, 4 ),
 ( -7.105427357601001859E-15, 1.570796326794896558 ),
 .UNSPECIFIED. ) 
 CURVE ( )  GEOMETRIC_REPRESENTATION_ITEM ( )  RATIONAL_B_SPLINE_CURVE ( ( 1.000000000000000000, 0.8047378541243632721, 0.8047378541243632721, 1.000000000000000000 ) ) 
 REPRESENTATION_ITEM ( '' )  );
#4939 = CIRCLE ( 'NONE', #1501, 0.6999999999999992895 ) ;
#4940 = DIRECTION ( 'NONE',  ( -0.000000000000000000, -0.000000000000000000, 1.000000000000000000 ) ) ;
#4941 = ORIENTED_EDGE ( 'NONE', *, *, #3223, .F. ) ;
#4942 = CARTESIAN_POINT ( 'NONE',  ( 48.54318645688869083, 32.92316165031073893, 5.999999999991731947 ) ) ;
#4943 = CARTESIAN_POINT ( 'NONE',  ( 10.15446680767512078, 18.82807569686041660, 3.000000000000000000 ) ) ;
#4944 = CARTESIAN_POINT ( 'NONE',  ( 14.02111115185925527, 3.757809072108285964, 0.5000000000000004441 ) ) ;
#4945 = FACE_BOUND ( 'NONE', #2613, .T. ) ;
#4946 = ADVANCED_FACE ( 'NONE', ( #7432 ), #2516, .T. ) ;
#4947 = CARTESIAN_POINT ( 'NONE',  ( 42.30235225180452119, 15.13587356332970479, 2.500000000000021316 ) ) ;
#4948 = CARTESIAN_POINT ( 'NONE',  ( 26.00991137390269969, 27.57807569686058358, 1.600000000000000089 ) ) ;
#4949 = ORIENTED_EDGE ( 'NONE', *, *, #425, .T. ) ;
#4950 = CARTESIAN_POINT ( 'NONE',  ( 18.86039737390561655, 57.65857681308317950, 8.000000000000000000 ) ) ;
#4951 = ORIENTED_EDGE ( 'NONE', *, *, #961, .T. ) ;
#4952 = CARTESIAN_POINT ( 'NONE',  ( 39.59789655310073186, 8.301258848716670968, 0.2281510977078665958 ) ) ;
#4953 = CIRCLE ( 'NONE', #7383, 0.6499999999999978018 ) ;
#4954 = CARTESIAN_POINT ( 'NONE',  ( 15.56665428217836222, 3.252254491896801714, 0.8691260408017389416 ) ) ;
#4955 = AXIS2_PLACEMENT_3D ( 'NONE', #6686, #1248, #9910 ) ;
#4956 = EDGE_CURVE ( 'NONE', #1580, #7551, #2808, .T. ) ;
#4957 = ORIENTED_EDGE ( 'NONE', *, *, #62, .F. ) ;
#4958 = DIRECTION ( 'NONE',  ( -0.3995538915023166271, 0.8542772123476797264, -0.3325163638812869138 ) ) ;
#4959 = CARTESIAN_POINT ( 'NONE',  ( -13.49008862636929429, 51.94168842127428576, 8.000000000000000000 ) ) ;
#4960 = CARTESIAN_POINT ( 'NONE',  ( 9.852519917347947853, 15.35324395946607012, 7.946113451804906802 ) ) ;
#4961 = CARTESIAN_POINT ( 'NONE',  ( -13.49008862636929429, 48.35569127583016069, 5.000000000000000888 ) ) ;
#4962 = DIRECTION ( 'NONE',  ( -1.000000000000000000, -0.000000000000000000, 0.000000000000000000 ) ) ;
#4963 = AXIS2_PLACEMENT_3D ( 'NONE', #7624, #2134, #4434 ) ;
#4964 = CARTESIAN_POINT ( 'NONE',  ( 9.948871707800973851, 40.37170016199893041, 7.500000000000000000 ) ) ;
#4965 = ORIENTED_EDGE ( 'NONE', *, *, #1091, .F. ) ;
#4966 = EDGE_LOOP ( 'NONE', ( #246, #10067, #8775 ) ) ;
#4967 = B_SPLINE_CURVE_WITH_KNOTS ( 'NONE', 3,
 ( #7065, #5570, #3148, #1620 ),
 .UNSPECIFIED., .F., .F.,
 ( 4, 4 ),
 ( 0.000000000000000000, 0.0008638146529803056436 ),
 .UNSPECIFIED. ) ;
#4968 = AXIS2_PLACEMENT_3D ( 'NONE', #4883, #8787, #9557 ) ;
#4969 = CARTESIAN_POINT ( 'NONE',  ( 45.80268872672156988, 20.08653427432860639, 6.974480095893076381 ) ) ;
#4970 = VECTOR ( 'NONE', #1165, 1000.000000000000000 ) ;
#4971 = CARTESIAN_POINT ( 'NONE',  ( 26.00991137390269969, 27.57807569686058358, 1.600000000000000089 ) ) ;
#4972 = CARTESIAN_POINT ( 'NONE',  ( 11.88615954611817216, 43.26032197974560489, 8.000000000000000000 ) ) ;
#4973 = AXIS2_PLACEMENT_3D ( 'NONE', #4117, #5713, #2626 ) ;
#4974 = DIRECTION ( 'NONE',  ( 0.000000000000000000, 0.000000000000000000, -1.000000000000000000 ) ) ;
#4975 = FACE_OUTER_BOUND ( 'NONE', #9891, .T. ) ;
#4976 = AXIS2_PLACEMENT_3D ( 'NONE', #4639, #2484, #3249 ) ;
#4977 = CARTESIAN_POINT ( 'NONE',  ( 40.82770400224497109, 12.03789805197738794, 7.589109730061432302 ) ) ;
#4978 = EDGE_LOOP ( 'NONE', ( #8507, #7331, #7464, #9522, #9024 ) ) ;
#4979 = ADVANCED_FACE ( 'NONE', ( #1477 ), #7101, .T. ) ;
#4980 = CARTESIAN_POINT ( 'NONE',  ( 15.91624096419615242, 3.255031379288504834, 0.7123466615642494171 ) ) ;
#4981 = CIRCLE ( 'NONE', #4955, 0.4999999999999977240 ) ;
#4982 = CARTESIAN_POINT ( 'NONE',  ( 41.64098513707545379, 41.25516828398835401, 8.610962677972306523 ) ) ;
#4983 = CARTESIAN_POINT ( 'NONE',  ( 37.99871159594616898, 51.39834232161285854, 0.5000000000000004441 ) ) ;
#4984 = EDGE_CURVE ( 'NONE', #9126, #2813, #6426, .T. ) ;
#4985 = CARTESIAN_POINT ( 'NONE',  ( 10.12823368423175019, 14.44524642727821551, 8.000000000000000000 ) ) ;
#4986 = ORIENTED_EDGE ( 'NONE', *, *, #2730, .T. ) ;
#4987 = CARTESIAN_POINT ( 'NONE',  ( 26.00991137390269969, 27.57807569686058358, 7.000000000000000000 ) ) ;
#4988 = DIRECTION ( 'NONE',  ( 1.000000000000000000, -0.000000000000000000, 0.000000000000000000 ) ) ;
#4989 = EDGE_CURVE ( 'NONE', #4328, #2776, #5266, .T. ) ;
#4990 = ORIENTED_EDGE ( 'NONE', *, *, #8001, .T. ) ;
#4991 = DIRECTION ( 'NONE',  ( 0.000000000000000000, 0.000000000000000000, -1.000000000000000000 ) ) ;
#4992 = CIRCLE ( 'NONE', #9090, 0.5000000000000004441 ) ;
#4993 = DIRECTION ( 'NONE',  ( -0.000000000000000000, -0.000000000000000000, -1.000000000000000000 ) ) ;
#4994 = DIRECTION ( 'NONE',  ( 0.000000000000000000, 0.000000000000000000, 1.000000000000000000 ) ) ;
#4995 = CARTESIAN_POINT ( 'NONE',  ( 47.08431918547815087, 20.78785328910374730, 6.760993329380707628 ) ) ;
#4996 = ADVANCED_FACE ( 'NONE', ( #6966, #6097 ), #9226, .T. ) ;
#4997 = DIRECTION ( 'NONE',  ( -2.253887659024902421E-14, 7.372574772901430151E-15, 1.000000000000000000 ) ) ;
#4998 = VERTEX_POINT ( 'NONE', #9661 ) ;
#4999 = AXIS2_PLACEMENT_3D ( 'NONE', #9917, #5925, #2831 ) ;
#5000 = DIRECTION ( 'NONE',  ( 1.000000000000000000, 8.410780489584520650E-16, 0.000000000000000000 ) ) ;
#5001 = CARTESIAN_POINT ( 'NONE',  ( 42.34643595953337325, 15.19379125335708380, 7.542084481388176442 ) ) ;
#5002 = CARTESIAN_POINT ( 'NONE',  ( 38.32131113223427832, 51.06965031108115483, 6.505213034913027590E-16 ) ) ;
#5003 = CARTESIAN_POINT ( 'NONE',  ( 40.66320484816658620, 42.08447431474561995, 1.888822129096488833 ) ) ;
#5004 = DIRECTION ( 'NONE',  ( 1.000000000000000000, 0.000000000000000000, 0.000000000000000000 ) ) ;
#5005 = LINE ( 'NONE', #8854, #3798 ) ;
#5006 = EDGE_LOOP ( 'NONE', ( #1129, #9923, #2714, #1436, #5856, #650, #2644, #1828, #7296 ) ) ;
#5007 = CARTESIAN_POINT ( 'NONE',  ( 48.34860337641933370, 33.23704698338506347, 2.679990873102714222 ) ) ;
#5008 = VERTEX_POINT ( 'NONE', #394 ) ;
#5009 = FACE_OUTER_BOUND ( 'NONE', #5057, .T. ) ;
#5010 =( BOUNDED_SURFACE ( )  B_SPLINE_SURFACE ( 2, 3, ( 
 ( #4917, #3220, #325, #222, #3276, #169, #1794, #273, #3331, #3996, #6475, #9591, #8771, #7134, #3435, #6420, #1844, #5646, #7893, #8823, #5752, #1032, #121, #6524, #1742, #4152, #7995, #7287, #3383, #9693, #9644, #2611 ),
 ( #5533, #8668, #5590, #2458, #6366, #9489, #8720, #1691, #7946, #8352, #9747, #7581, #3684, #9894, #9843, #8980, #8258, #4395, #6823, #5803, #7437, #5082, #8933, #5129, #6004, #6622, #2657, #4302, #424, #469, #1331, #2090 ),
 ( #2712, #5220, #5902, #8207, #519, #4446, #6669, #3582, #5853, #3537, #9796, #1899, #1233, #1946, #572, #7532, #5028, #1183, #1137, #2761, #9081, #8153, #9129, #9031, #1996, #1280, #2859, #4348, #4256, #7388, #7481, #374 ) ),
 .UNSPECIFIED., .F., .F., .T. ) 
 B_SPLINE_SURFACE_WITH_KNOTS ( ( 3, 3 ),
 ( 4, 2, 2, 2, 2, 2, 2, 2, 2, 2, 2, 2, 2, 2, 2, 4 ),
 ( 0.000000000000000000, 1.000000000000000000 ),
 ( -0.1925037745520856158, -0.05307640970892762988, -0.02757380536388064421, -0.01482250319135715137, -0.008446852105095404087, -0.002071201018833658102, 0.005314161382546433304, 0.01269952378392652514, 0.02747024858668670882, 0.05701169819220707619, 0.1160945974032478040, 0.2342603958253292595, 0.4705919926694921984, 0.9432551863578180207, 1.341197238722652285, 1.480624603565810382 ),
 .UNSPECIFIED. ) 
 GEOMETRIC_REPRESENTATION_ITEM ( )  RATIONAL_B_SPLINE_SURFACE ( (
 ( 1.000000000000000000, 1.000000000000000000, 1.000000000000000000, 1.000000000000000000, 1.000000000000000000, 1.000000000000000000, 1.000000000000000000, 1.000000000000000000, 1.000000000000000000, 1.000000000000000000, 1.000000000000000000, 1.000000000000000000, 1.000000000000000000, 1.000000000000000000, 1.000000000000000000, 1.000000000000000000, 1.000000000000000000, 1.000000000000000000, 1.000000000000000000, 1.000000000000000000, 1.000000000000000000, 1.000000000000000000, 1.000000000000000000, 1.000000000000000000, 1.000000000000000000, 1.000000000000000000, 1.000000000000000000, 1.000000000000000000, 1.000000000000000000, 1.000000000000000000, 1.000000000000000000, 1.000000000000000000),
 ( 0.7722969472648879563, 0.7722969472000340563, 0.7722969472648882894, 0.7722969472648882894, 0.7722969438653174423, 0.7722969489646731578, 0.7722969472648874012, 0.7722969472648874012, 0.7722969473130362195, 0.7722969473130322227, 0.7722969472648879563, 0.7722969472648879563, 0.7722815342701230268, 0.7722661375845012444, 0.7722585099136206610, 0.7722355378400345138, 0.7722201976886023944, 0.7721744820927767261, 0.7721442096461867965, 0.7720541983319975099, 0.7719952557934408599, 0.7718235720467719885, 0.7717156382689862593, 0.7714354141433996670, 0.7712961608585885420, 0.7714677963359365398, 0.7723290284278899742, 0.7812359522879134266, 0.7879768183995903286, 0.7934677327040156047, 0.7946337666192749838, 0.7955735236206807892),
 ( 1.000000000000000000, 1.000000000000000000, 1.000000000000000000, 1.000000000000000000, 1.000000000000000000, 1.000000000000000000, 1.000000000000000000, 1.000000000000000000, 1.000000000000000000, 1.000000000000000000, 1.000000000000000000, 1.000000000000000000, 1.000000000000000000, 1.000000000000000000, 1.000000000000000000, 1.000000000000000000, 1.000000000000000000, 1.000000000000000000, 1.000000000000000000, 1.000000000000000000, 1.000000000000000000, 1.000000000000000000, 1.000000000000000000, 1.000000000000000000, 1.000000000000000000, 1.000000000000000000, 1.000000000000000000, 1.000000000000000000, 1.000000000000000000, 1.000000000000000000, 1.000000000000000000, 1.000000000000000000) ) ) 
 REPRESENTATION_ITEM ( '' )  SURFACE ( )  );
#5011 = CARTESIAN_POINT ( 'NONE',  ( 47.98046751704240620, 21.92874201581529903, 2.762665033669141845 ) ) ;
#5012 = EDGE_CURVE ( 'NONE', #9279, #6105, #7886, .T. ) ;
#5013 = ORIENTED_EDGE ( 'NONE', *, *, #7832, .F. ) ;
#5014 = CARTESIAN_POINT ( 'NONE',  ( 9.661938822606199295, 39.94714168643540830, 7.542084481485124670 ) ) ;
#5015 = DIRECTION ( 'NONE',  ( -0.000000000000000000, 1.000000000000000000, 0.000000000000000000 ) ) ;
#5016 = CARTESIAN_POINT ( 'NONE',  ( 48.16159537509840760, 21.80798663560421602, 2.428429469621627312 ) ) ;
#5017 = CARTESIAN_POINT ( 'NONE',  ( 9.704583200572249879, 15.24195969482981816, 7.760993329381643768 ) ) ;
#5018 = CARTESIAN_POINT ( 'NONE',  ( 10.54583453832986883, 13.52708797353892933, 2.000000000000016431 ) ) ;
#5019 = CARTESIAN_POINT ( 'NONE',  ( 11.99884450102043942, 9.689566612985672123, 1.293133248534570345 ) ) ;
#5020 = CARTESIAN_POINT ( 'NONE',  ( 9.661938822606201072, 39.94714168643540830, 8.000000000000000000 ) ) ;
#5021 = EDGE_CURVE ( 'NONE', #141, #7902, #2629, .T. ) ;
#5022 = ORIENTED_EDGE ( 'NONE', *, *, #5869, .F. ) ;
#5023 = CARTESIAN_POINT ( 'NONE',  ( 40.86402028192990343, 41.70625493331264266, 1.980399793571175238 ) ) ;
#5024 = CIRCLE ( 'NONE', #1907, 16.00000000000000000 ) ;
#5025 = CARTESIAN_POINT ( 'NONE',  ( 12.66251989157362523, 10.88555625147593453, 7.730602036893420070 ) ) ;
#5026 = CARTESIAN_POINT ( 'NONE',  ( 41.12469625667271345, 42.44127839610215602, 2.361027661370611153 ) ) ;
#5027 = CARTESIAN_POINT ( 'NONE',  ( 11.06919438412743339, 42.86777453929916248, 7.500002139116470623 ) ) ;
#5028 = CARTESIAN_POINT ( 'NONE',  ( 13.64810024559238855, 50.90507533599434709, 2.046233231969454280 ) ) ;
#5029 = FACE_OUTER_BOUND ( 'NONE', #763, .T. ) ;
#5030 = VERTEX_POINT ( 'NONE', #5769 ) ;
#5031 = EDGE_CURVE ( 'NONE', #2043, #6300, #7038, .T. ) ;
#5032 = EDGE_LOOP ( 'NONE', ( #6279, #7037, #8757, #1066 ) ) ;
#5033 = LINE ( 'NONE', #4261, #718 ) ;
#5034 = CARTESIAN_POINT ( 'NONE',  ( 38.72286661245593820, 49.75272116511610676, 2.817202168348672320 ) ) ;
#5035 = CARTESIAN_POINT ( 'NONE',  ( 15.85485420446823568, 3.219771492197988749, 1.684978824229940608 ) ) ;
#5036 = CARTESIAN_POINT ( 'NONE',  ( 40.34833292309876640, 12.31650500060087694, 1.625932727426080415 ) ) ;
#5037 = DIRECTION ( 'NONE',  ( -0.000000000000000000, -0.000000000000000000, -1.000000000000000000 ) ) ;
#5038 = DIRECTION ( 'NONE',  ( 0.000000000000000000, 0.000000000000000000, -1.000000000000000000 ) ) ;
#5039 = VERTEX_POINT ( 'NONE', #3508 ) ;
#5040 =( NAMED_UNIT ( * ) PLANE_ANGLE_UNIT ( ) SI_UNIT ( $, .RADIAN. ) );
#5041 = AXIS2_PLACEMENT_3D ( 'NONE', #3642, #6496, #582 ) ;
#5042 = CARTESIAN_POINT ( 'NONE',  ( 37.82190688502694087, 3.699975402083359288, 2.599959060027498658 ) ) ;
#5043 = CARTESIAN_POINT ( 'NONE',  ( 40.66320477689052382, 12.90729357831410695, 2.361027661370612485 ) ) ;
#5044 = CARTESIAN_POINT ( 'NONE',  ( 26.70991137390269898, 10.07807569686058180, 2.000000000000000000 ) ) ;
#5045 = CARTESIAN_POINT ( 'NONE',  ( 40.91508131212059141, 12.20098419559521830, 7.439242153496528509 ) ) ;
#5046 = ORIENTED_EDGE ( 'NONE', *, *, #2917, .F. ) ;
#5047 = EDGE_CURVE ( 'NONE', #4041, #266, #4939, .T. ) ;
#5048 = CIRCLE ( 'NONE', #4550, 0.5000000000000006661 ) ;
#5049 = APPLICATION_CONTEXT ( 'automotive_design' ) ;
#5050 = CARTESIAN_POINT ( 'NONE',  ( 26.00991137390269969, 27.57807569686057292, 2.000000000000000000 ) ) ;
#5051 = CARTESIAN_POINT ( 'NONE',  ( 38.58370916529583639, 50.21359032732537742, 0.5000000000000004441 ) ) ;
#5052 = CARTESIAN_POINT ( 'NONE',  ( 45.70116727930111011, 34.94894386504355310, 6.500000000000000888 ) ) ;
#5053 = EDGE_CURVE ( 'NONE', #3164, #2254, #4217, .T. ) ;
#5054 = CARTESIAN_POINT ( 'NONE',  ( 41.75419852411837240, 14.15337810517036843, 1.999999999999918732 ) ) ;
#5055 = CARTESIAN_POINT ( 'NONE',  ( 26.00991137390269969, 27.57807569686058358, 2.000000000000000000 ) ) ;
#5056 = EDGE_CURVE ( 'NONE', #3037, #5008, #1916, .T. ) ;
#5057 = EDGE_LOOP ( 'NONE', ( #4601, #7462, #7255, #1735, #4553 ) ) ;
#5058 = CARTESIAN_POINT ( 'NONE',  ( 44.94393106425288664, 36.17421236888898051, 6.833333333333392545 ) ) ;
#5059 = B_SPLINE_CURVE_WITH_KNOTS ( 'NONE', 3,
 ( #507, #310, #9785, #4336 ),
 .UNSPECIFIED., .F., .F.,
 ( 4, 4 ),
 ( 0.0006647398315325196184, 0.001001605504807325528 ),
 .UNSPECIFIED. ) ;
#5060 = AXIS2_PLACEMENT_3D ( 'NONE', #5052, #448, #4472 ) ;
#5061 = ORIENTED_EDGE ( 'NONE', *, *, #2142, .F. ) ;
#5062 = CARTESIAN_POINT ( 'NONE',  ( 40.95063064296072497, 42.86777326077406514, 7.500002139291903624 ) ) ;
#5063 = CARTESIAN_POINT ( 'NONE',  ( 36.41338406435696839, 51.91691057053954239, 8.000000000000000000 ) ) ;
#5064 = CARTESIAN_POINT ( 'NONE',  ( 25.35991137390269756, 10.07807569686058180, 3.000000000000000000 ) ) ;
#5065 = CARTESIAN_POINT ( 'NONE',  ( 46.50991137363070749, 26.00088236050318002, 4.639999999999989910 ) ) ;
#5066 = CARTESIAN_POINT ( 'NONE',  ( 47.88390178113655082, 33.11262671959475767, 6.205891020876664221 ) ) ;
#5067 = DIRECTION ( 'NONE',  ( 0.000000000000000000, 0.4999999999999990563, 0.8660254037844391517 ) ) ;
#5068 = CARTESIAN_POINT ( 'NONE',  ( 12.03025725604969942, 43.47723545813457946, 8.000000000000000000 ) ) ;
#5069 = VECTOR ( 'NONE', #8669, 1000.000000000000000 ) ;
#5070 =( BOUNDED_SURFACE ( )  B_SPLINE_SURFACE ( 3, 2, ( 
 ( #1109, #6695, #1820 ),
 ( #3514, #5775, #1768 ),
 ( #4889, #6645, #1972 ),
 ( #7309, #8231, #297 ),
 ( #4229, #8902, #1875 ),
 ( #7359, #3458, #6595 ),
 ( #9718, #5829, #8955 ),
 ( #1255, #495, #7554 ),
 ( #9201, #9965, #8278 ),
 ( #10014, #7607, #540 ) ),
 .UNSPECIFIED., .F., .F., .T. ) 
 B_SPLINE_SURFACE_WITH_KNOTS ( ( 4, 2, 2, 2, 4 ),
 ( 3, 3 ),
 ( 0.000000000000000000, 0.0006712905975555642259, 0.001342581195111128452, 0.002013871792666692678, 0.002685162390222256903 ),
 ( 0.000000000000000000, 1.000000000000000000 ),
 .UNSPECIFIED. ) 
 GEOMETRIC_REPRESENTATION_ITEM ( )  RATIONAL_B_SPLINE_SURFACE ( (
 ( 1.000000000000000000, 0.6608619074112089820, 1.000000000000000000),
 ( 1.000000000000000000, 0.6718092761206023722, 1.000000000000000000),
 ( 1.000000000000000000, 0.6831868303551777988, 1.000000000000000000),
 ( 1.000000000000000000, 0.7064794724902430101, 1.000000000000000000),
 ( 1.000000000000000000, 0.7184887598333185021, 1.000000000000000000),
 ( 1.000000000000000000, 0.7416362435485206461, 1.000000000000000000),
 ( 1.000000000000000000, 0.7529361959666885928, 1.000000000000000000),
 ( 1.000000000000000000, 0.7816432497136182045, 1.000000000000000000),
 ( 1.000000000000000000, 0.7980436309212030066, 1.000000000000000000),
 ( 1.000000000000000000, 0.8156256132021159067, 1.000000000000000000) ) ) 
 REPRESENTATION_ITEM ( '' )  SURFACE ( )  );
#5071 = CARTESIAN_POINT ( 'NONE',  ( 11.00316078719653490, 41.42694031209935446, 2.000000000000000000 ) ) ;
#5072 = EDGE_CURVE ( 'NONE', #6617, #6956, #6590, .T. ) ;
#5073 = LINE ( 'NONE', #7330, #3255 ) ;
#5074 = EDGE_LOOP ( 'NONE', ( #5273, #8746 ) ) ;
#5075 = CARTESIAN_POINT ( 'NONE',  ( 44.87063633068041923, 19.42802888791342397, 7.135703202895547825 ) ) ;
#5076 = CARTESIAN_POINT ( 'NONE',  ( 12.88548293937817135, 10.78171295196124468, 7.660946871236010480 ) ) ;
#5077 = AXIS2_PLACEMENT_3D ( 'NONE', #2350, #5278, #6162 ) ;
#5078 = B_SPLINE_CURVE_WITH_KNOTS ( 'NONE', 3,
 ( #2980, #3706, #3656, #7505, #1453, #2214, #2166, #9152 ),
 .UNSPECIFIED., .F., .F.,
 ( 4, 2, 2, 4 ),
 ( 0.000000000000000000, 0.0003664893166381808518, 0.0007329786332763617036, 0.001465957266552722973 ),
 .UNSPECIFIED. ) ;
#5079 = VECTOR ( 'NONE', #427, 1000.000000000000000 ) ;
#5080 = CARTESIAN_POINT ( 'NONE',  ( 13.46026558229656978, 50.29238497492276139, 2.457512534385397185 ) ) ;
#5081 = EDGE_CURVE ( 'NONE', #688, #2603, #7523, .T. ) ;
#5082 = CARTESIAN_POINT ( 'NONE',  ( 13.37693171707391926, 50.01618522455894578, 3.876621752778967700 ) ) ;
#5083 = CARTESIAN_POINT ( 'NONE',  ( 48.71337018464613777, 32.05862831330279050, 6.000000000000000000 ) ) ;
#5084 = ORIENTED_EDGE ( 'NONE', *, *, #50, .F. ) ;
#5085 = VERTEX_POINT ( 'NONE', #1103 ) ;
#5086 = CARTESIAN_POINT ( 'NONE',  ( 48.22683049120708887, 21.97601902253763129, 6.563442257501865384 ) ) ;
#5087 = CARTESIAN_POINT ( 'NONE',  ( 38.37172270220202108, 50.90507468549449044, 3.280379694415096470 ) ) ;
#5088 = LINE ( 'NONE', #7589, #8053 ) ;
#5089 = CARTESIAN_POINT ( 'NONE',  ( 45.28965607483317513, 34.92783085475038263, 7.120310506838231746 ) ) ;
#5090 = CARTESIAN_POINT ( 'NONE',  ( 10.18519195060058635, 14.32541009624637773, 7.500000000000000000 ) ) ;
#5091 = AXIS2_PLACEMENT_3D ( 'NONE', #4780, #4940, #292 ) ;
#5092 = EDGE_CURVE ( 'NONE', #1324, #4175, #4444, .T. ) ;
#5093 = DIRECTION ( 'NONE',  ( 0.000000000000000000, -0.3090169943749543346, 0.9510565162951513107 ) ) ;
#5094 = FACE_OUTER_BOUND ( 'NONE', #7322, .T. ) ;
#5095 = ORIENTED_EDGE ( 'NONE', *, *, #9260, .T. ) ;
#5096 = DIRECTION ( 'NONE',  ( 1.000000000000000000, -0.000000000000000000, 0.000000000000000000 ) ) ;
#5097 = B_SPLINE_CURVE_WITH_KNOTS ( 'NONE', 3,
 ( #5108, #7364, #354, #5058 ),
 .UNSPECIFIED., .F., .F.,
 ( 4, 4 ),
 ( -1.817586049921778390E-05, 0.002539468634637669260 ),
 .UNSPECIFIED. ) ;
#5098 = CARTESIAN_POINT ( 'NONE',  ( 48.16088043875921443, 33.34858956407324371, 2.427467743950432855 ) ) ;
#5099 = CARTESIAN_POINT ( 'NONE',  ( 14.22050336761190081, 6.544799272832827697, 4.818944300411487802 ) ) ;
#5100 = CARTESIAN_POINT ( 'NONE',  ( 47.11900981335668348, 20.74661834744340183, 6.630899693899101166 ) ) ;
#5101 = CARTESIAN_POINT ( 'NONE',  ( 40.40199579346693781, 10.81930123449411418, 6.479718658213773352 ) ) ;
#5102 = VERTEX_POINT ( 'NONE', #5044 ) ;
#5103 = CARTESIAN_POINT ( 'NONE',  ( 16.00991137390270325, 45.47360586482152911, 8.000000000000000000 ) ) ;
#5104 = CARTESIAN_POINT ( 'NONE',  ( 38.58370916527457695, 50.21359032732247840, 6.505213034913456533E-16 ) ) ;
#5105 = CARTESIAN_POINT ( 'NONE',  ( 40.13366502826904991, 43.26032197974564042, 8.000000000000007105 ) ) ;
#5106 = DIRECTION ( 'NONE',  ( 0.000000000000000000, 0.5570582310075716803, -0.8304734356177293497 ) ) ;
#5107 = ORIENTED_EDGE ( 'NONE', *, *, #7160, .T. ) ;
#5108 = CARTESIAN_POINT ( 'NONE',  ( 43.50644096050604048, 38.26083996541552068, 6.500000000000000888 ) ) ;
#5109 = EDGE_CURVE ( 'NONE', #9623, #1277, #5695, .T. ) ;
#5110 = ORIENTED_EDGE ( 'NONE', *, *, #1342, .F. ) ;
#5111 = CARTESIAN_POINT ( 'NONE',  ( 40.07443838473751896, 9.859288423824038361, 0.7705300792846486724 ) ) ;
#5112 = DIRECTION ( 'NONE',  ( 0.000000000000000000, 0.000000000000000000, 1.000000000000000000 ) ) ;
#5113 = EDGE_CURVE ( 'NONE', #5959, #7938, #3349, .T. ) ;
#5114 = EDGE_CURVE ( 'NONE', #6007, #7579, #6493, .T. ) ;
#5115 = CARTESIAN_POINT ( 'NONE',  ( 12.71435155207148604, 45.93173422189164512, 0.5495196257027419318 ) ) ;
#5116 = LINE ( 'NONE', #1220, #7497 ) ;
#5117 = CARTESIAN_POINT ( 'NONE',  ( 36.29772101840545417, 51.91566108384401446, 0.7382520816037240197 ) ) ;
#5118 = CARTESIAN_POINT ( 'NONE',  ( 47.26307427730803568, 21.35412181506264062, 1.999999999999992673 ) ) ;
#5119 = CYLINDRICAL_SURFACE ( 'NONE', #1686, 20.49999999972801135 ) ;
#5120 = CARTESIAN_POINT ( 'NONE',  ( 13.24091360990165178, 9.740435975733019447, 6.962487552142738068 ) ) ;
#5121 = VECTOR ( 'NONE', #3991, 1000.000000000000114 ) ;
#5122 = CARTESIAN_POINT ( 'NONE',  ( 36.70839819969341988, 40.13961937741125752, 2.000000000000000000 ) ) ;
#5123 = ORIENTED_EDGE ( 'NONE', *, *, #6201, .T. ) ;
#5124 = EDGE_LOOP ( 'NONE', ( #6357, #3896, #9740 ) ) ;
#5125 = FACE_OUTER_BOUND ( 'NONE', #2959, .T. ) ;
#5126 = CARTESIAN_POINT ( 'NONE',  ( 46.79712402700370433, 34.02692418523932361, 7.000000000000000000 ) ) ;
#5127 = EDGE_CURVE ( 'NONE', #367, #9868, #9208, .T. ) ;
#5128 = CARTESIAN_POINT ( 'NONE',  ( 48.15969549727260102, 33.20868274423676070, 6.622441369165584568 ) ) ;
#5129 = CARTESIAN_POINT ( 'NONE',  ( 13.05758394671022415, 48.96209978185984113, 4.583672631056368019 ) ) ;
#5130 = AXIS2_PLACEMENT_3D ( 'NONE', #1559, #899, #9407 ) ;
#5131 = AXIS2_PLACEMENT_3D ( 'NONE', #3191, #4065, #190 ) ;
#5132 = PLANE ( 'NONE',  #7984 ) ;
#5133 = AXIS2_PLACEMENT_3D ( 'NONE', #7558, #2024, #9869 ) ;
#5134 = VERTEX_POINT ( 'NONE', #7303 ) ;
#5135 = ORIENTED_EDGE ( 'NONE', *, *, #9415, .T. ) ;
#5136 = CARTESIAN_POINT ( 'NONE',  ( 9.709511691315944049, 15.14576982112306247, 2.500000000000000444 ) ) ;
#5137 = VECTOR ( 'NONE', #3971, 1000.000000000000000 ) ;
#5138 = CARTESIAN_POINT ( 'NONE',  ( 48.29274374446188034, 33.42208004176845293, 6.171096906446028818 ) ) ;
#5139 = CARTESIAN_POINT ( 'NONE',  ( 45.52157452894680034, 34.45120802273996219, 7.061454941155914433 ) ) ;
#5140 = CARTESIAN_POINT ( 'NONE',  ( 10.35763169688315521, 13.94834811974050659, 8.000000000000122569 ) ) ;
#5141 = EDGE_CURVE ( 'NONE', #1556, #783, #291, .T. ) ;
#5142 = CYLINDRICAL_SURFACE ( 'NONE', #795, 16.00000000000000000 ) ;
#5143 = CARTESIAN_POINT ( 'NONE',  ( 41.16535594013036103, 36.32807569686066529, 3.000000000000000000 ) ) ;
#5144 = CIRCLE ( 'NONE', #4973, 4.999999999999929834 ) ;
#5145 = ORIENTED_EDGE ( 'NONE', *, *, #1292, .F. ) ;
#5146 = EDGE_CURVE ( 'NONE', #4122, #5814, #536, .T. ) ;
#5147 = CARTESIAN_POINT ( 'NONE',  ( 12.42251438868388291, 8.302426699414207079, 5.997911360681202453 ) ) ;
#5148 = FACE_OUTER_BOUND ( 'NONE', #1528, .T. ) ;
#5149 = CARTESIAN_POINT ( 'NONE',  ( 40.80733194477338799, 11.92618680486750016, 7.248045764704470706 ) ) ;
#5150 = ORIENTED_EDGE ( 'NONE', *, *, #7513, .T. ) ;
#5151 = CARTESIAN_POINT ( 'NONE',  ( 11.67056209100016417, 42.83741692638383824, 1.626708846132210118 ) ) ;
#5152 = CARTESIAN_POINT ( 'NONE',  ( 38.78405387083333267, 49.55186409426786298, 2.950126206421975095 ) ) ;
#5153 = CARTESIAN_POINT ( 'NONE',  ( 11.00315964061389273, 13.72921108162135795, 2.500000000000000444 ) ) ;
#5154 = DIRECTION ( 'NONE',  ( 0.000000000000000000, 0.000000000000000000, -1.000000000000000000 ) ) ;
#5155 =( BOUNDED_SURFACE ( )  B_SPLINE_SURFACE ( 3, 2, ( 
 ( #4088, #7328, #7221 ),
 ( #7377, #9633, #263 ),
 ( #5636, #1125, #4247 ),
 ( #1732, #4854, #9737 ) ),
 .UNSPECIFIED., .F., .F., .T. ) 
 B_SPLINE_SURFACE_WITH_KNOTS ( ( 4, 4 ),
 ( 3, 3 ),
 ( -0.001947519383612342182, 0.0006076525759189259140 ),
 ( 0.000000000000000000, 1.000000000000000000 ),
 .UNSPECIFIED. ) 
 GEOMETRIC_REPRESENTATION_ITEM ( )  RATIONAL_B_SPLINE_SURFACE ( (
 ( 1.000000000000000000, 1.000000000000000000, 1.000000000000000000),
 ( 1.000000000000000000, 1.000062130221536671, 1.000000000000000000),
 ( 1.000000000000000000, 0.9743819135602614923, 1.000000000000000000),
 ( 1.000000000000000000, 0.9239380341977820876, 1.000000000000000000) ) ) 
 REPRESENTATION_ITEM ( '' )  SURFACE ( )  );
#5156 = ORIENTED_EDGE ( 'NONE', *, *, #7440, .F. ) ;
#5157 = LINE ( 'NONE', #2071, #6113 ) ;
#5158 = ORIENTED_EDGE ( 'NONE', *, *, #3357, .F. ) ;
#5159 = CARTESIAN_POINT ( 'NONE',  ( 42.32463736916242425, 39.99133734018484176, 2.000000000000000444 ) ) ;
#5160 = CARTESIAN_POINT ( 'NONE',  ( 14.91220511315830599, 3.466327957996356179, 0.2553825524244809353 ) ) ;
#5161 = CARTESIAN_POINT ( 'NONE',  ( 12.47589481003483769, 45.15215721030991602, 0.8209048370996393507 ) ) ;
#5162 = DIRECTION ( 'NONE',  ( 0.000000000000000000, 0.5570582310075716803, 0.8304734356177293497 ) ) ;
#5163 = CARTESIAN_POINT ( 'NONE',  ( 48.26917597173572716, 21.87190964284417660, 2.573145880096029181 ) ) ;
#5164 = CARTESIAN_POINT ( 'NONE',  ( 47.88924557536089566, 21.39461155716121965, 2.499999999999991562 ) ) ;
#5165 = CARTESIAN_POINT ( 'NONE',  ( 41.22477727419161653, 40.96131486793828458, 2.000000000000000444 ) ) ;
#5166 = CARTESIAN_POINT ( 'NONE',  ( 13.57539068597221465, 8.673288693823343110, 6.246675159368289876 ) ) ;
#5167 = CARTESIAN_POINT ( 'NONE',  ( 12.70834303395548837, 10.94263173792448463, 7.760826382593819517 ) ) ;
#5168 = VERTEX_POINT ( 'NONE', #9248 ) ;
#5169 = ORIENTED_EDGE ( 'NONE', *, *, #818, .T. ) ;
#5170 = DIRECTION ( 'NONE',  ( -0.000000000000000000, -0.000000000000000000, -1.000000000000000000 ) ) ;
#5171 = CARTESIAN_POINT ( 'NONE',  ( 12.03909322805574078, 43.47764885948590319, 7.990752699796856540 ) ) ;
#5172 = ORIENTED_EDGE ( 'NONE', *, *, #1056, .T. ) ;
#5173 = EDGE_CURVE ( 'NONE', #404, #6333, #5560, .T. ) ;
#5174 = CARTESIAN_POINT ( 'NONE',  ( 11.61982376858279942, 44.34261048061062382, 6.475739352720336406 ) ) ;
#5175 = CARTESIAN_POINT ( 'NONE',  ( 41.80726804628952209, 40.87942730672483549, 7.500000000000001776 ) ) ;
#5176 = CARTESIAN_POINT ( 'NONE',  ( 41.94135829792105596, 40.48013950257215754, 2.255018449545326931 ) ) ;
#5177 = EDGE_LOOP ( 'NONE', ( #1755, #2437, #9988, #8349, #3899, #2320 ) ) ;
#5178 = EDGE_CURVE ( 'NONE', #3171, #1333, #443, .T. ) ;
#5179 = ORIENTED_EDGE ( 'NONE', *, *, #9391, .T. ) ;
#5180 = ADVANCED_FACE ( 'NONE', ( #5148 ), #2210, .T. ) ;
#5181 = CARTESIAN_POINT ( 'NONE',  ( 13.91445372564090199, 5.088134787171063600, 6.505213034913026604E-16 ) ) ;
#5182 = CARTESIAN_POINT ( 'NONE',  ( 11.15580260889339037, 13.44989631004212782, 1.980399772363565791 ) ) ;
#5183 = DIRECTION ( 'NONE',  ( 0.000000000000000000, -0.8090169943749517811, 0.5877852522924672529 ) ) ;
#5184 = CARTESIAN_POINT ( 'NONE',  ( 26.00991137390269969, 27.57807569686058358, -68.00000000000000000 ) ) ;
#5185 = CARTESIAN_POINT ( 'NONE',  ( 48.55316943299862231, 31.32807569686055160, 2.439604810534883761 ) ) ;
#5186 = CARTESIAN_POINT ( 'NONE',  ( 40.40212661381707449, 12.26204210493214575, 8.000000000000000000 ) ) ;
#5187 = DIRECTION ( 'NONE',  ( -0.000000000000000000, 0.000000000000000000, 1.000000000000000000 ) ) ;
#5188 = EDGE_LOOP ( 'NONE', ( #8555, #5475, #4270, #835 ) ) ;
#5189 = DIRECTION ( 'NONE',  ( 1.000000000000000000, 8.462065736548740482E-16, 0.000000000000000000 ) ) ;
#5190 = EDGE_CURVE ( 'NONE', #8739, #4910, #6911, .T. ) ;
#5191 = DIRECTION ( 'NONE',  ( 1.000000000000000000, 0.000000000000000000, 0.000000000000000000 ) ) ;
#5192 = CARTESIAN_POINT ( 'NONE',  ( 10.51213907365330513, 13.60545490907598598, 9.555033583692535970 ) ) ;
#5193 = CARTESIAN_POINT ( 'NONE',  ( 47.76728675876771035, 21.29200857646868883, 6.416196309672886677 ) ) ;
#5194 = EDGE_LOOP ( 'NONE', ( #1641, #3072, #3207, #8719, #6202, #935, #9182, #5847, #4627, #7357, #428, #4397, #5223, #3119, #4672, #7126, #1512, #3895, #1164, #6651, #9941, #4720, #2501, #638, #1962, #417 ) ) ;
#5195 = CARTESIAN_POINT ( 'NONE',  ( 43.50991137363070749, 26.00088236050318002, 4.639999999999989910 ) ) ;
#5196 = B_SPLINE_CURVE_WITH_KNOTS ( 'NONE', 3,
 ( #8802, #7168, #153, #9574, #5518, #7268 ),
 .UNSPECIFIED., .F., .F.,
 ( 4, 2, 4 ),
 ( -9.090191122834373615E-06, 0.0007690861914950219763, 0.001547262574112878318 ),
 .UNSPECIFIED. ) ;
#5197 = CARTESIAN_POINT ( 'NONE',  ( 39.66855158003340875, 46.62281244084411469, 4.918357511683443484 ) ) ;
#5198 = CARTESIAN_POINT ( 'NONE',  ( 26.00991137390269969, 27.57807569686058358, -68.00000000000000000 ) ) ;
#5199 = CARTESIAN_POINT ( 'NONE',  ( 41.46802925376929494, 41.64176629299187482, 2.005633421800426586 ) ) ;
#5200 = ORIENTED_EDGE ( 'NONE', *, *, #2715, .T. ) ;
#5201 = DIRECTION ( 'NONE',  ( -1.000000000000000000, 0.000000000000000000, -0.000000000000000000 ) ) ;
#5202 = VERTEX_POINT ( 'NONE', #2111 ) ;
#5203 = DIRECTION ( 'NONE',  ( 0.000000000000000000, 0.000000000000000000, -1.000000000000000000 ) ) ;
#5204 = CARTESIAN_POINT ( 'NONE',  ( 10.20446680767501846, 18.82807569686058358, 6.500000000000000000 ) ) ;
#5205 = DIRECTION ( 'NONE',  ( -0.000000000000000000, -0.000000000000000000, -1.000000000000000000 ) ) ;
#5206 = CARTESIAN_POINT ( 'NONE',  ( 37.84326414872457889, 50.92312017234760191, 0.000000000000000000 ) ) ;
#5207 = ADVANCED_FACE ( 'NONE', ( #4466 ), #9047, .T. ) ;
#5208 = TOROIDAL_SURFACE ( 'NONE', #8164, 19.99999999981464782, 0.5000000000000000000 ) ;
#5209 = CARTESIAN_POINT ( 'NONE',  ( 36.41338406475711764, 51.91691057040864621, 0.9345383654041569121 ) ) ;
#5210 = CARTESIAN_POINT ( 'NONE',  ( 39.81973446978796716, 43.67831535149776556, 7.958471043032443681 ) ) ;
#5211 = PLANE ( 'NONE',  #2177 ) ;
#5212 = CARTESIAN_POINT ( 'NONE',  ( 41.75106247243164148, 15.21719956103371096, 8.000000000000000000 ) ) ;
#5213 = CARTESIAN_POINT ( 'NONE',  ( 16.00991137390270325, 51.70407734673670319, 2.463835190145066800 ) ) ;
#5214 = ORIENTED_EDGE ( 'NONE', *, *, #6394, .F. ) ;
#5215 = ORIENTED_EDGE ( 'NONE', *, *, #5325, .T. ) ;
#5216 = PLANE ( 'NONE',  #9506 ) ;
#5217 = CARTESIAN_POINT ( 'NONE',  ( 10.85446680767511829, 18.82807569686041660, 3.000000000000000000 ) ) ;
#5218 = ORIENTED_EDGE ( 'NONE', *, *, #5815, .T. ) ;
#5219 = CARTESIAN_POINT ( 'NONE',  ( 11.21353290163185967, 43.23265046681164847, 7.246178646565429204 ) ) ;
#5220 = CARTESIAN_POINT ( 'NONE',  ( 13.99347659201746019, 52.03195825980703404, 1.290655743921111265 ) ) ;
#5221 = CARTESIAN_POINT ( 'NONE',  ( 48.79846204852487546, 31.62636164479878786, 5.999999999992516209 ) ) ;
#5222 = ORIENTED_EDGE ( 'NONE', *, *, #3788, .T. ) ;
#5223 = ORIENTED_EDGE ( 'NONE', *, *, #1315, .T. ) ;
#5224 = CARTESIAN_POINT ( 'NONE',  ( 36.18218765000129622, 3.214462972446881395, 1.518327244431517675 ) ) ;
#5225 = VECTOR ( 'NONE', #3096, 1000.000000000000000 ) ;
#5226 = CARTESIAN_POINT ( 'NONE',  ( 47.10249359828606686, 33.77001919795423390, 2.000000000000000000 ) ) ;
#5227 = CARTESIAN_POINT ( 'NONE',  ( -13.49008862636929429, 0.000000000000000000, 2.000000000000000000 ) ) ;
#5228 = CARTESIAN_POINT ( 'NONE',  ( 42.32099629868579882, 15.16040648861696560, 2.499999999999999556 ) ) ;
#5229 = CARTESIAN_POINT ( 'NONE',  ( 48.53180270920744022, 32.98099108850816918, 6.136121136912073837 ) ) ;
#5230 = ADVANCED_FACE ( 'NONE', ( #7653 ), #1861, .T. ) ;
#5231 = EDGE_CURVE ( 'NONE', #2885, #5969, #3473, .T. ) ;
#5232 = DIRECTION ( 'NONE',  ( 1.000000000000000000, 0.000000000000000000, 0.000000000000000000 ) ) ;
#5233 = CYLINDRICAL_SURFACE ( 'NONE', #3431, 0.6999999999999992895 ) ;
#5234 = ORIENTED_EDGE ( 'NONE', *, *, #8951, .T. ) ;
#5235 = FACE_OUTER_BOUND ( 'NONE', #9176, .T. ) ;
#5236 = CIRCLE ( 'NONE', #3100, 20.49999999972801135 ) ;
#5237 = CARTESIAN_POINT ( 'NONE',  ( 46.50991137363070749, 31.07807569686055160, 7.213491317401595104 ) ) ;
#5238 = CIRCLE ( 'NONE', #831, 14.75000000000000000 ) ;
#5239 = CARTESIAN_POINT ( 'NONE',  ( 13.05758379806278136, 6.194051598857004848, 4.583672622336156799 ) ) ;
#5240 = CARTESIAN_POINT ( 'NONE',  ( 42.32099631002324003, 39.99574489021203760, 2.500000000000012434 ) ) ;
#5241 = EDGE_LOOP ( 'NONE', ( #4990, #5150, #1260, #968, #2083, #957, #1816 ) ) ;
#5242 = EDGE_CURVE ( 'NONE', #4701, #4570, #8874, .T. ) ;
#5243 = CARTESIAN_POINT ( 'NONE',  ( 36.25793661713550620, 3.214462972446881395, 1.518327244431517675 ) ) ;
#5244 = FACE_OUTER_BOUND ( 'NONE', #9206, .T. ) ;
#5245 = CYLINDRICAL_SURFACE ( 'NONE', #7932, 2.000000000000001776 ) ;
#5246 = CARTESIAN_POINT ( 'NONE',  ( 36.10400463746606903, 51.90148679734856074, 1.925404020737628619 ) ) ;
#5247 = EDGE_LOOP ( 'NONE', ( #1657, #5650, #5454, #2878 ) ) ;
#5248 = DIRECTION ( 'NONE',  ( 1.000000000000000000, 0.000000000000000000, 0.000000000000000000 ) ) ;
#5249 = ORIENTED_EDGE ( 'NONE', *, *, #7031, .T. ) ;
#5250 = CARTESIAN_POINT ( 'NONE',  ( 41.03625029777197852, 41.52319312571058418, 2.002471195531713377 ) ) ;
#5251 = CARTESIAN_POINT ( 'NONE',  ( 13.79523762518887509, 11.47622356079445005, 7.965593096741375057 ) ) ;
#5252 = CARTESIAN_POINT ( 'NONE',  ( 16.00991137395151753, 9.682545528971603588, 2.000000000000000000 ) ) ;
#5253 = ADVANCED_FACE ( 'NONE', ( #8522 ), #1499, .F. ) ;
#5254 = CARTESIAN_POINT ( 'NONE',  ( 41.95831281926574263, 39.64656737271336340, 7.500000000000000000 ) ) ;
#5255 = CARTESIAN_POINT ( 'NONE',  ( 16.00991137390270325, 0.000000000000000000, 8.000000000000000000 ) ) ;
#5256 = CARTESIAN_POINT ( 'NONE',  ( 40.91996876236258629, 13.50895388127873353, 2.000000000000000000 ) ) ;
#5257 = FACE_OUTER_BOUND ( 'NONE', #4857, .T. ) ;
#5258 = CARTESIAN_POINT ( 'NONE',  ( 40.34833300394664946, 42.83964639853824963, 1.625932725539965373 ) ) ;
#5259 = CARTESIAN_POINT ( 'NONE',  ( 41.09356008562377838, 13.69522506990923816, 2.007118872631356687 ) ) ;
#5260 = LINE ( 'NONE', #511, #5386 ) ;
#5261 = ORIENTED_EDGE ( 'NONE', *, *, #856, .T. ) ;
#5262 = EDGE_LOOP ( 'NONE', ( #9583, #1463, #1838, #4738 ) ) ;
#5263 = CARTESIAN_POINT ( 'NONE',  ( 48.49889097262485649, 33.06148601692141398, 3.014216499793342052 ) ) ;
#5264 = CARTESIAN_POINT ( 'NONE',  ( 38.40194093323479763, 50.80632403350842452, 3.346618855292432304 ) ) ;
#5265 = EDGE_CURVE ( 'NONE', #4241, #4013, #3071, .T. ) ;
#5266 = LINE ( 'NONE', #8398, #859 ) ;
#5267 = CIRCLE ( 'NONE', #210, 0.4999999999999998890 ) ;
#5268 = ORIENTED_EDGE ( 'NONE', *, *, #9132, .T. ) ;
#5269 = CARTESIAN_POINT ( 'NONE',  ( 38.28647486734266892, 3.972849573864295269, 1.859910573309921933 ) ) ;
#5270 = CARTESIAN_POINT ( 'NONE',  ( 38.32131113223427832, 51.06965031108115483, 7.542083936066490857 ) ) ;
#5271 = CARTESIAN_POINT ( 'NONE',  ( 26.00991137390269969, 10.07807569686058180, 2.000000000000000000 ) ) ;
#5272 = EDGE_LOOP ( 'NONE', ( #9685, #3281, #997, #5550 ) ) ;
#5273 = ORIENTED_EDGE ( 'NONE', *, *, #3412, .T. ) ;
#5274 = FACE_OUTER_BOUND ( 'NONE', #2351, .T. ) ;
#5275 = DIRECTION ( 'NONE',  ( -1.000000000000000000, 0.000000000000000000, 0.000000000000000000 ) ) ;
#5276 = CARTESIAN_POINT ( 'NONE',  ( 9.705197976026738615, 39.91500756723693399, 7.760992677223613967 ) ) ;
#5277 = AXIS2_PLACEMENT_3D ( 'NONE', #4543, #6866, #2189 ) ;
#5278 = DIRECTION ( 'NONE',  ( 0.000000000000000000, 0.000000000000000000, -1.000000000000000000 ) ) ;
#5279 = CARTESIAN_POINT ( 'NONE',  ( 47.28455760745966074, 21.44300148835115749, 6.963072605327353948 ) ) ;
#5280 = EDGE_CURVE ( 'NONE', #615, #707, #3801, .T. ) ;
#5281 = DIRECTION ( 'NONE',  ( -0.000000000000000000, -0.000000000000000000, -1.000000000000000000 ) ) ;
#5282 = ORIENTED_EDGE ( 'NONE', *, *, #8651, .T. ) ;
#5283 = ORIENTED_EDGE ( 'NONE', *, *, #5680, .F. ) ;
#5284 = VECTOR ( 'NONE', #7563, 1000.000000000000114 ) ;
#5285 = EDGE_CURVE ( 'NONE', #1277, #7897, #7757, .T. ) ;
#5286 = AXIS2_PLACEMENT_3D ( 'NONE', #2778, #5340, #4412 ) ;
#5287 = DIRECTION ( 'NONE',  ( -0.000000000000000000, -0.000000000000000000, -1.000000000000000000 ) ) ;
#5288 = CARTESIAN_POINT ( 'NONE',  ( 10.64307242074380078, 13.30872235410210536, 9.355993728753919214 ) ) ;
#5289 = CARTESIAN_POINT ( 'NONE',  ( 48.07678099985036368, 21.55238361559658600, 6.651589314956180665 ) ) ;
#5290 = ORIENTED_EDGE ( 'NONE', *, *, #7311, .F. ) ;
#5291 = CARTESIAN_POINT ( 'NONE',  ( 46.50991137363070038, 30.49551901016115352, 7.290475647122439895 ) ) ;
#5292 = CIRCLE ( 'NONE', #884, 20.49999999981464782 ) ;
#5293 = EDGE_CURVE ( 'NONE', #4041, #2449, #1191, .T. ) ;
#5294 = CARTESIAN_POINT ( 'NONE',  ( 11.00310597621042596, 13.71923457410682090, 2.000000000000000000 ) ) ;
#5295 = FACE_OUTER_BOUND ( 'NONE', #5864, .T. ) ;
#5296 = CIRCLE ( 'NONE', #8108, 0.9999999999999991118 ) ;
#5297 = CARTESIAN_POINT ( 'NONE',  ( 41.19154325653745730, 42.28095606462089506, 1.820423189115758955 ) ) ;
#5298 = ORIENTED_EDGE ( 'NONE', *, *, #856, .F. ) ;
#5299 = DIRECTION ( 'NONE',  ( 0.3108948944432142758, -0.9504442985305044944, 0.000000000000000000 ) ) ;
#5300 = ORIENTED_EDGE ( 'NONE', *, *, #6942, .T. ) ;
#5301 = CARTESIAN_POINT ( 'NONE',  ( 41.89986383967937655, 39.72356017963026886, 2.000000000000000444 ) ) ;
#5302 = EDGE_CURVE ( 'NONE', #7164, #9779, #7880, .T. ) ;
#5303 = VECTOR ( 'NONE', #1883, 1000.000000000000000 ) ;
#5304 = B_SPLINE_CURVE_WITH_KNOTS ( 'NONE', 3,
 ( #1804, #2361, #279, #1594, #3949, #75, #5543, #7899 ),
 .UNSPECIFIED., .F., .F.,
 ( 4, 2, 2, 4 ),
 ( -8.485480244907313976E-06, 0.0007864634592211104062, 0.001183937928954104752, 0.001581412398687099099 ),
 .UNSPECIFIED. ) ;
#5305 = CARTESIAN_POINT ( 'NONE',  ( 13.37027827784831580, 5.161147423159078151, 0.5000000000000008882 ) ) ;
#5306 = CARTESIAN_POINT ( 'NONE',  ( 42.00257374643859976, 28.07849474179160865, 4.206751210895625093 ) ) ;
#5307 = PRODUCT ( '2035 Case', '2035 Case', '', ( #2356 ) ) ;
#5308 = CARTESIAN_POINT ( 'NONE',  ( 11.62869372667558387, 10.78791669222490057, 6.458010898570813119 ) ) ;
#5309 = LINE ( 'NONE', #9214, #10112 ) ;
#5310 = CARTESIAN_POINT ( 'NONE',  ( 11.00991137390271035, 27.57807569686058358, 9.900000000000002132 ) ) ;
#5311 = CARTESIAN_POINT ( 'NONE',  ( 11.09414779831317155, 12.22793668173216730, 7.521134499850521848 ) ) ;
#5312 = AXIS2_PLACEMENT_3D ( 'NONE', #8429, #1406, #7608 ) ;
#5313 = DIRECTION ( 'NONE',  ( 0.7652177220739277974, -0.6437715727057145010, 0.000000000000000000 ) ) ;
#5314 = CARTESIAN_POINT ( 'NONE',  ( 40.60836699760086788, 42.73078775616839664, 8.000000000000003553 ) ) ;
#5315 = CARTESIAN_POINT ( 'NONE',  ( 10.13087262870744887, 40.71627057661889637, 7.500000000000000000 ) ) ;
#5316 = ORIENTED_EDGE ( 'NONE', *, *, #8852, .T. ) ;
#5317 = FACE_BOUND ( 'NONE', #8041, .T. ) ;
#5318 = EDGE_CURVE ( 'NONE', #2508, #4013, #8013, .T. ) ;
#5319 = CARTESIAN_POINT ( 'NONE',  ( 37.20371321625137995, 50.58357846096603083, 3.496030322635647281 ) ) ;
#5320 = CARTESIAN_POINT ( 'NONE',  ( 14.46754337497170440, 51.54437244572582699, 0.1104680250866029029 ) ) ;
#5321 = EDGE_LOOP ( 'NONE', ( #1728, #8673, #1705, #8827 ) ) ;
#5322 = CARTESIAN_POINT ( 'NONE',  ( 37.93111804730086334, 2.813516365291307775, 1.082262456937314932 ) ) ;
#5323 = B_SPLINE_CURVE_WITH_KNOTS ( 'NONE', 3,
 ( #38, #1718, #1613, #7770, #6342, #5618 ),
 .UNSPECIFIED., .F., .F.,
 ( 4, 2, 4 ),
 ( 2.489553716360246364E-19, 0.0008631681774770483435, 0.001726336354954096470 ),
 .UNSPECIFIED. ) ;
#5324 = CARTESIAN_POINT ( 'NONE',  ( 47.85375235780784209, 33.53108112062417945, 2.208333333333328596 ) ) ;
#5325 = EDGE_CURVE ( 'NONE', #7457, #2156, #6676, .T. ) ;
#5326 = CARTESIAN_POINT ( 'NONE',  ( 42.29935318905664587, 40.02412628120222138, 2.480212117105283998 ) ) ;
#5327 = ORIENTED_EDGE ( 'NONE', *, *, #5544, .F. ) ;
#5328 = VERTEX_POINT ( 'NONE', #8264 ) ;
#5329 = CARTESIAN_POINT ( 'NONE',  ( 12.95087392402218285, 8.444295124504931138, 0.2779446772587282899 ) ) ;
#5330 =( BOUNDED_CURVE ( )  B_SPLINE_CURVE ( 3, ( #3865, #9412, #1661, #6232 ),
 .UNSPECIFIED., .F., .T. ) 
 B_SPLINE_CURVE_WITH_KNOTS ( ( 4, 4 ),
 ( 0.000000000000000000, 1.570796326794893449 ),
 .UNSPECIFIED. ) 
 CURVE ( )  GEOMETRIC_REPRESENTATION_ITEM ( )  RATIONAL_B_SPLINE_CURVE ( ( 1.000000000000000000, 0.8047378541243658256, 0.8047378541243658256, 1.000000000000000000 ) ) 
 REPRESENTATION_ITEM ( '' )  );
#5331 = DIRECTION ( 'NONE',  ( 0.000000000000000000, 0.000000000000000000, -1.000000000000000000 ) ) ;
#5332 = CARTESIAN_POINT ( 'NONE',  ( 46.29049026781940768, 34.45315113023625031, 8.000000000000000000 ) ) ;
#5333 = CARTESIAN_POINT ( 'NONE',  ( 38.06842914664826338, 47.71619412604762545, 5.419391115073707965 ) ) ;
#5334 = CARTESIAN_POINT ( 'NONE',  ( 39.35730285631400704, 10.88555625135976967, 7.730602036815183986 ) ) ;
#5335 = CARTESIAN_POINT ( 'NONE',  ( 47.04182488143595720, 21.28768047818592279, 6.992738603329374136 ) ) ;
#5336 = EDGE_CURVE ( 'NONE', #4922, #5489, #2744, .T. ) ;
#5337 = FACE_OUTER_BOUND ( 'NONE', #8966, .T. ) ;
#5338 = ORIENTED_EDGE ( 'NONE', *, *, #7849, .T. ) ;
#5339 = ORIENTED_EDGE ( 'NONE', *, *, #5774, .F. ) ;
#5340 = DIRECTION ( 'NONE',  ( 0.000000000000000000, 0.000000000000000000, -1.000000000000000000 ) ) ;
#5341 = CARTESIAN_POINT ( 'NONE',  ( 10.51197976078210772, 13.60580810295141241, 8.409281528856922705 ) ) ;
#5342 = CARTESIAN_POINT ( 'NONE',  ( 8.985891734802377684, -10.68106125781309323, 6.500000000000000888 ) ) ;
#5343 = AXIS2_PLACEMENT_3D ( 'NONE', #7846, #6375, #8831 ) ;
#5344 = ORIENTED_EDGE ( 'NONE', *, *, #5231, .T. ) ;
#5345 = CARTESIAN_POINT ( 'NONE',  ( 36.50991137363070749, 27.20279802188732887, 3.990000000000000657 ) ) ;
#5346 = CARTESIAN_POINT ( 'NONE',  ( 38.55953519092026482, 50.29245666587912922, 2.457464465019862931 ) ) ;
#5347 = DIRECTION ( 'NONE',  ( -0.000000000000000000, 0.000000000000000000, 1.000000000000000000 ) ) ;
#5348 = VERTEX_POINT ( 'NONE', #7445 ) ;
#5349 = CARTESIAN_POINT ( 'NONE',  ( 36.18218765000130333, 51.94168842127429997, 0.9378748184484667627 ) ) ;
#5350 = ORIENTED_EDGE ( 'NONE', *, *, #7269, .T. ) ;
#5351 = CARTESIAN_POINT ( 'NONE',  ( 41.44753174730450240, 41.68809109193892226, 2.500000000000000444 ) ) ;
#5352 = EDGE_CURVE ( 'NONE', #5855, #9945, #3364, .T. ) ;
#5353 = CARTESIAN_POINT ( 'NONE',  ( 13.39719964095686677, 6.800460117891003797, 3.556183125752454544E-14 ) ) ;
#5354 = CARTESIAN_POINT ( 'NONE',  ( 15.76188613066989497, 3.214462972446881395, 1.000000000000007105 ) ) ;
#5355 = FACE_OUTER_BOUND ( 'NONE', #5124, .T. ) ;
#5356 = ADVANCED_FACE ( 'NONE', ( #1240 ), #2099, .T. ) ;
#5357 = CARTESIAN_POINT ( 'NONE',  ( 43.50644096050604048, 38.26083996541552068, 8.000000000000000000 ) ) ;
#5358 = EDGE_CURVE ( 'NONE', #5489, #1560, #7275, .T. ) ;
#5359 = DIRECTION ( 'NONE',  ( 1.000000000000000000, -8.462065736584504477E-17, 0.000000000000000000 ) ) ;
#5360 = CARTESIAN_POINT ( 'NONE',  ( 42.35788392518428935, 15.20900970726603418, 8.000000000000001776 ) ) ;
#5361 = CARTESIAN_POINT ( 'NONE',  ( 43.50991137363070749, 27.20279802188732887, 3.990000000000000657 ) ) ;
#5362 = ORIENTED_EDGE ( 'NONE', *, *, #3491, .T. ) ;
#5363 = DIRECTION ( 'NONE',  ( 0.000000000000000000, 0.000000000000000000, 1.000000000000000000 ) ) ;
#5364 = CIRCLE ( 'NONE', #6685, 19.99999999981464782 ) ;
#5365 = CARTESIAN_POINT ( 'NONE',  ( 40.88398365743993423, 43.00178102664193602, 8.581686871638765979 ) ) ;
#5366 = CARTESIAN_POINT ( 'NONE',  ( 12.68676993728963964, 44.24518004096258750, 7.747649773451155575 ) ) ;
#5367 = VECTOR ( 'NONE', #775, 1000.000000000000000 ) ;
#5368 = ORIENTED_EDGE ( 'NONE', *, *, #1238, .T. ) ;
#5369 = CARTESIAN_POINT ( 'NONE',  ( 48.30715367990279674, 23.82807569686055871, 2.156128344575345857 ) ) ;
#5370 = EDGE_CURVE ( 'NONE', #3965, #4932, #9756, .T. ) ;
#5371 = CARTESIAN_POINT ( 'NONE',  ( 38.05600336526750738, 7.398731124390820035, 5.391737777274578036 ) ) ;
#5372 = VERTEX_POINT ( 'NONE', #4453 ) ;
#5373 = ORIENTED_EDGE ( 'NONE', *, *, #8176, .T. ) ;
#5374 = CARTESIAN_POINT ( 'NONE',  ( 10.37950983130655835, 15.03898566659166569, 7.999999999999998224 ) ) ;
#5375 = CARTESIAN_POINT ( 'NONE',  ( 41.12469618282855777, 12.71487299145985084, 2.361027661370606712 ) ) ;
#5376 = DIRECTION ( 'NONE',  ( 0.000000000000000000, 0.000000000000000000, -1.000000000000000000 ) ) ;
#5377 = EDGE_CURVE ( 'NONE', #2329, #1373, #5088, .T. ) ;
#5378 = DIRECTION ( 'NONE',  ( -0.000000000000000000, -0.000000000000000000, -1.000000000000000000 ) ) ;
#5379 = DIRECTION ( 'NONE',  ( -1.000000000000000000, 0.000000000000000000, 0.000000000000000000 ) ) ;
#5380 = CARTESIAN_POINT ( 'NONE',  ( 14.79761490451698691, 51.52113142278155067, 2.774336435733971484 ) ) ;
#5381 = FACE_BOUND ( 'NONE', #9255, .T. ) ;
#5382 = VECTOR ( 'NONE', #8536, 1000.000000000000000 ) ;
#5383 = ORIENTED_EDGE ( 'NONE', *, *, #1169, .T. ) ;
#5384 = DIRECTION ( 'NONE',  ( 0.000000000000000000, 0.000000000000000000, 1.000000000000000000 ) ) ;
#5385 = VECTOR ( 'NONE', #2947, 1000.000000000000000 ) ;
#5386 = VECTOR ( 'NONE', #1271, 1000.000000000000000 ) ;
#5387 = ORIENTED_EDGE ( 'NONE', *, *, #6820, .F. ) ;
#5388 =( BOUNDED_CURVE ( )  B_SPLINE_CURVE ( 3, ( #6139, #5306, #3813, #10071 ),
 .UNSPECIFIED., .F., .T. ) 
 B_SPLINE_CURVE_WITH_KNOTS ( ( 4, 4 ),
 ( 1.594253332550632729, 1.617723257523983493 ),
 .UNSPECIFIED. ) 
 CURVE ( )  GEOMETRIC_REPRESENTATION_ITEM ( )  RATIONAL_B_SPLINE_CURVE ( ( 1.000000000000000000, 0.9999540974119169867, 0.9999540974119169867, 1.000000000000000000 ) ) 
 REPRESENTATION_ITEM ( '' )  );
#5389 = CARTESIAN_POINT ( 'NONE',  ( 45.11098098473677709, 34.96494099359799179, 7.641146762559692718 ) ) ;
#5390 = CARTESIAN_POINT ( 'NONE',  ( 13.72028428112838938, 4.015468889655152473, 1.888498418291517655 ) ) ;
#5391 = EDGE_CURVE ( 'NONE', #4870, #5527, #4442, .T. ) ;
#5392 = CARTESIAN_POINT ( 'NONE',  ( 48.55316943299862231, 23.82807569686055871, 6.598472433999016395 ) ) ;
#5393 = ORIENTED_EDGE ( 'NONE', *, *, #5370, .T. ) ;
#5394 = AXIS2_PLACEMENT_3D ( 'NONE', #1079, #7009, #8391 ) ;
#5395 = CARTESIAN_POINT ( 'NONE',  ( 47.15130361865901421, 22.92845953406805393, 7.000000000000000000 ) ) ;
#5396 = CARTESIAN_POINT ( 'NONE',  ( 11.10078155223130558, 41.64185185219574237, 8.000000000000000000 ) ) ;
#5397 = CARTESIAN_POINT ( 'NONE',  ( 15.97553361221747892, 51.84219072479821477, 0.5504167773592616442 ) ) ;
#5398 = VERTEX_POINT ( 'NONE', #3690 ) ;
#5399 = CARTESIAN_POINT ( 'NONE',  ( 10.47849886282389775, 41.47670691070451454, 2.000000000000000444 ) ) ;
#5400 = ORIENTED_EDGE ( 'NONE', *, *, #1036, .T. ) ;
#5401 = CARTESIAN_POINT ( 'NONE',  ( 40.06398691447931526, 43.60239287772293437, 1.360406534515193666 ) ) ;
#5402 = CARTESIAN_POINT ( 'NONE',  ( 12.91846413596946519, 6.656195374226932415, 0.5000000000000355271 ) ) ;
#5403 = PLANE ( 'NONE',  #3277 ) ;
#5404 = ORIENTED_EDGE ( 'NONE', *, *, #1254, .T. ) ;
#5405 = CIRCLE ( 'NONE', #9840, 0.9999999999999981126 ) ;
#5406 = DIRECTION ( 'NONE',  ( -0.7652177220739277974, 0.6437715727057145010, -0.000000000000000000 ) ) ;
#5407 = CARTESIAN_POINT ( 'NONE',  ( 26.00991137390269969, 27.57807569686058358, 11.30000000000000071 ) ) ;
#5408 = DIRECTION ( 'NONE',  ( 0.000000000000000000, 0.000000000000000000, 1.000000000000000000 ) ) ;
#5409 = CARTESIAN_POINT ( 'NONE',  ( 42.20608469153365405, 14.99931979399342907, 7.500000000000000000 ) ) ;
#5410 = CARTESIAN_POINT ( 'NONE',  ( 14.60842700515399706, 51.43858570850283485, 2.844642300249387468 ) ) ;
#5411 = VERTEX_POINT ( 'NONE', #9949 ) ;
#5412 = CARTESIAN_POINT ( 'NONE',  ( 48.52945358709823864, 32.99292462884621102, 3.133798129674440158 ) ) ;
#5413 = EDGE_CURVE ( 'NONE', #4713, #2940, #6553, .T. ) ;
#5414 = CARTESIAN_POINT ( 'NONE',  ( 38.75339059183649937, 45.44313767179157537, 6.944093475295934681 ) ) ;
#5415 = EDGE_CURVE ( 'NONE', #7671, #9540, #1188, .T. ) ;
#5416 = CARTESIAN_POINT ( 'NONE',  ( 15.60643868304808635, 51.91691057040861068, 0.9345383654041534705 ) ) ;
#5417 = ORIENTED_EDGE ( 'NONE', *, *, #6373, .T. ) ;
#5418 = CARTESIAN_POINT ( 'NONE',  ( 48.07678099984980946, 33.60376777812376758, 6.651589314957329968 ) ) ;
#5419 = CARTESIAN_POINT ( 'NONE',  ( 39.48692244373061300, 44.04164633580169408, 7.843536712375257736 ) ) ;
#5420 = CARTESIAN_POINT ( 'NONE',  ( 42.31084733413697307, 40.00906553974285629, 2.488665934354697296 ) ) ;
#5421 = ORIENTED_EDGE ( 'NONE', *, *, #3601, .F. ) ;
#5422 = ORIENTED_EDGE ( 'NONE', *, *, #8371, .F. ) ;
#5423 = CARTESIAN_POINT ( 'NONE',  ( 43.50991137363070749, 27.20279802188732532, 5.290000000000002700 ) ) ;
#5424 = B_SPLINE_CURVE_WITH_KNOTS ( 'NONE', 3,
 ( #853, #3196, #756, #5459, #3140, #7157, #7107, #3302 ),
 .UNSPECIFIED., .F., .F.,
 ( 4, 2, 2, 4 ),
 ( 0.000000000000000000, 0.2499999999999971134, 0.4999999999999942268, 1.000000000000000000 ),
 .UNSPECIFIED. ) ;
#5425 = EDGE_CURVE ( 'NONE', #2355, #4526, #5267, .T. ) ;
#5426 = VECTOR ( 'NONE', #8842, 1000.000000000000000 ) ;
#5427 = LINE ( 'NONE', #6253, #6534 ) ;
#5428 = CARTESIAN_POINT ( 'NONE',  ( 48.77564705588160621, 23.69947345296322538, 6.271509715033763754 ) ) ;
#5429 = CARTESIAN_POINT ( 'NONE',  ( 10.85446680767501704, 18.82807569686058358, 6.500000000000000000 ) ) ;
#5430 = CARTESIAN_POINT ( 'NONE',  ( 39.13433980842955862, 10.78171295196180957, 7.660946871236387068 ) ) ;
#5431 = CARTESIAN_POINT ( 'NONE',  ( 14.69694182051184761, 51.61940977892132310, 2.642452176514724194 ) ) ;
#5432 = CARTESIAN_POINT ( 'NONE',  ( 16.84695448061886935, 13.85618730743610527, 2.000000000000000000 ) ) ;
#5433 = EDGE_LOOP ( 'NONE', ( #4777, #3697, #8845, #2283 ) ) ;
#5434 = APPLICATION_PROTOCOL_DEFINITION ( 'draft international standard', 'automotive_design', 1998, #995 ) ;
#5435 = EDGE_LOOP ( 'NONE', ( #130, #1766, #4425, #6799 ) ) ;
#5436 = AXIS2_PLACEMENT_3D ( 'NONE', #8612, #9486, #776 ) ;
#5437 = CARTESIAN_POINT ( 'NONE',  ( 48.86869132891028045, 31.26959690044095552, 6.000000000000000000 ) ) ;
#5438 = EDGE_CURVE ( 'NONE', #8012, #3660, #5932, .T. ) ;
#5439 = CARTESIAN_POINT ( 'NONE',  ( 13.64810024421509560, 4.251076059305541222, 2.046233241089864041 ) ) ;
#5440 = ORIENTED_EDGE ( 'NONE', *, *, #5924, .F. ) ;
#5441 = CARTESIAN_POINT ( 'NONE',  ( 41.95831440556862191, 15.50958282481666828, 7.500000000000000000 ) ) ;
#5442 = CARTESIAN_POINT ( 'NONE',  ( 10.75503397202732536, 40.87228715823671621, 8.000000000000000000 ) ) ;
#5443 = B_SPLINE_CURVE_WITH_KNOTS ( 'NONE', 3,
 ( #7010, #10079, #7163, #8753, #7819, #5626 ),
 .UNSPECIFIED., .F., .F.,
 ( 4, 2, 4 ),
 ( -1.337858178613541082E-05, 0.0006817846607389349773, 0.001376947903264005369 ),
 .UNSPECIFIED. ) ;
#5444 = VECTOR ( 'NONE', #4769, 1000.000000000000000 ) ;
#5445 = EDGE_CURVE ( 'NONE', #4467, #3456, #9141, .T. ) ;
#5446 = CARTESIAN_POINT ( 'NONE',  ( 12.65435291504559601, 10.88933816770999385, 7.733138839967931055 ) ) ;
#5447 = AXIS2_PLACEMENT_3D ( 'NONE', #8223, #4993, #2627 ) ;
#5448 = VERTEX_POINT ( 'NONE', #197 ) ;
#5449 = CIRCLE ( 'NONE', #7420, 16.49999999999999645 ) ;
#5450 = VERTEX_POINT ( 'NONE', #3968 ) ;
#5451 = CARTESIAN_POINT ( 'NONE',  ( 48.54318645688866951, 22.23298974341040335, 6.000000000001315392 ) ) ;
#5452 = CARTESIAN_POINT ( 'NONE',  ( 41.37165675238593820, 41.85473150324359182, 8.000000000000000000 ) ) ;
#5453 = LINE ( 'NONE', #8636, #9669 ) ;
#5454 = ORIENTED_EDGE ( 'NONE', *, *, #1056, .F. ) ;
#5455 = AXIS2_PLACEMENT_3D ( 'NONE', #2883, #8233, #7507 ) ;
#5456 = CARTESIAN_POINT ( 'NONE',  ( 12.41714908080745339, 8.316819117095278102, 4.771896541479295095 ) ) ;
#5457 = ORIENTED_EDGE ( 'NONE', *, *, #4171, .T. ) ;
#5458 = VECTOR ( 'NONE', #4278, 1000.000000000000000 ) ;
#5459 = CARTESIAN_POINT ( 'NONE',  ( 48.77543924449249602, 31.45626962120221748, 6.271910527575489169 ) ) ;
#5460 = CARTESIAN_POINT ( 'NONE',  ( 43.50991137363070749, 28.85405190938865161, 3.712949016875166208 ) ) ;
#5461 = CARTESIAN_POINT ( 'NONE',  ( 16.00991137390270325, 51.70407734673670319, 0.3528809025130998367 ) ) ;
#5462 = DIRECTION ( 'NONE',  ( -0.000000000000000000, -0.000000000000000000, -1.000000000000000000 ) ) ;
#5463 = CARTESIAN_POINT ( 'NONE',  ( 48.36877200776108054, 33.33139357349657672, 2.915885553360400451 ) ) ;
#5464 = CARTESIAN_POINT ( 'NONE',  ( 14.28135033408225851, 51.48346780788524057, 2.633714805795293490 ) ) ;
#5465 = VECTOR ( 'NONE', #1954, 1000.000000000000114 ) ;
#5466 = VERTEX_POINT ( 'NONE', #8593 ) ;
#5467 = CYLINDRICAL_SURFACE ( 'NONE', #4411, 1.000000000000000444 ) ;
#5468 = CARTESIAN_POINT ( 'NONE',  ( 46.29049026781940057, 34.45315113023624320, 7.000000000000000000 ) ) ;
#5469 = CARTESIAN_POINT ( 'NONE',  ( 15.45566444419213781, 51.74135525279484682, 0.3854532691474721329 ) ) ;
#5470 = EDGE_LOOP ( 'NONE', ( #6586, #2483, #1506 ) ) ;
#5471 = CARTESIAN_POINT ( 'NONE',  ( 40.63718644320877615, 14.35375806209947491, 10.05697429943755239 ) ) ;
#5472 = CARTESIAN_POINT ( 'NONE',  ( 48.12382617591833878, 33.56418904633276412, 2.658484758251606017 ) ) ;
#5473 = CIRCLE ( 'NONE', #9903, 20.49999999972800779 ) ;
#5474 = CARTESIAN_POINT ( 'NONE',  ( 37.11113064939945616, 4.269487398294300462, 3.292729067677202970 ) ) ;
#5475 = ORIENTED_EDGE ( 'NONE', *, *, #9844, .T. ) ;
#5476 = ORIENTED_EDGE ( 'NONE', *, *, #8663, .F. ) ;
#5477 = CARTESIAN_POINT ( 'NONE',  ( 11.35297368454792100, 43.34819634801799992, 7.672360809980462548 ) ) ;
#5478 = DIRECTION ( 'NONE',  ( -0.3108948944432114447, 0.9504442985305053826, 0.000000000000000000 ) ) ;
#5479 = CARTESIAN_POINT ( 'NONE',  ( 46.75991137363070749, 23.82807569686055871, 7.055350293284473828 ) ) ;
#5480 = EDGE_CURVE ( 'NONE', #9451, #3386, #6674, .T. ) ;
#5481 = CIRCLE ( 'NONE', #8915, 16.50000000000000000 ) ;
#5482 = CARTESIAN_POINT ( 'NONE',  ( 38.14423807936261568, 3.825872431707399546, 2.274020873387146757 ) ) ;
#5483 = VERTEX_POINT ( 'NONE', #6288 ) ;
#5484 = CARTESIAN_POINT ( 'NONE',  ( 39.13433980843240789, 10.78171295196111679, 7.660946871235921662 ) ) ;
#5485 = CARTESIAN_POINT ( 'NONE',  ( 13.13892121322695417, 45.08541915304379444, 7.184041000052165060 ) ) ;
#5486 = EDGE_CURVE ( 'NONE', #4189, #8803, #5323, .T. ) ;
#5487 = CARTESIAN_POINT ( 'NONE',  ( 43.80462696950780810, 27.57807569686059423, 10.83687549219316004 ) ) ;
#5488 = EDGE_CURVE ( 'NONE', #6750, #9504, #5424, .T. ) ;
#5489 = VERTEX_POINT ( 'NONE', #7814 ) ;
#5490 = SHAPE_DEFINITION_REPRESENTATION ( #8587, #7940 ) ;
#5491 = ORIENTED_EDGE ( 'NONE', *, *, #907, .F. ) ;
#5492 = CARTESIAN_POINT ( 'NONE',  ( -13.49008862636929429, 51.05580488328942579, 3.179274115666989253 ) ) ;
#5493 = CARTESIAN_POINT ( 'NONE',  ( 39.63651415986183935, 8.428069999610832141, 4.847125135090806225 ) ) ;
#5494 = CARTESIAN_POINT ( 'NONE',  ( 42.35788392518428935, 15.20900970726603951, 2.500000000000000444 ) ) ;
#5495 = ORIENTED_EDGE ( 'NONE', *, *, #3952, .T. ) ;
#5496 = CARTESIAN_POINT ( 'NONE',  ( 45.70116727930111011, 34.94894386504355310, 7.000000000000000000 ) ) ;
#5497 = CARTESIAN_POINT ( 'NONE',  ( 41.16535594013037525, 36.32807569686058713, 3.000000000000000000 ) ) ;
#5498 = EDGE_CURVE ( 'NONE', #3147, #6351, #43, .T. ) ;
#5499 = ORIENTED_EDGE ( 'NONE', *, *, #4510, .F. ) ;
#5500 = DIRECTION ( 'NONE',  ( 1.000000000000000000, 0.000000000000000000, 0.000000000000000000 ) ) ;
#5501 = EDGE_LOOP ( 'NONE', ( #4965, #1120 ) ) ;
#5502 = EDGE_LOOP ( 'NONE', ( #2474, #8182, #2112, #6452, #2377, #8241, #9996, #4667 ) ) ;
#5503 = VECTOR ( 'NONE', #8442, 1000.000000000000000 ) ;
#5504 = DIRECTION ( 'NONE',  ( 0.000000000000000000, 0.000000000000000000, -1.000000000000000000 ) ) ;
#5505 = CARTESIAN_POINT ( 'NONE',  ( 41.65888874305279188, 41.21510207993126329, 7.500000000000000000 ) ) ;
#5506 = DIRECTION ( 'NONE',  ( -1.000000000000000000, 0.000000000000000000, 0.000000000000000000 ) ) ;
#5507 = ORIENTED_EDGE ( 'NONE', *, *, #3595, .F. ) ;
#5508 = EDGE_CURVE ( 'NONE', #5450, #1457, #5330, .T. ) ;
#5509 = ORIENTED_EDGE ( 'NONE', *, *, #3081, .T. ) ;
#5510 = CARTESIAN_POINT ( 'NONE',  ( 46.75991137363070749, 23.82807569686055871, 7.055350293284473828 ) ) ;
#5511 = DIRECTION ( 'NONE',  ( -0.7652177220739261321, -0.6437715727057167214, -0.000000000000000000 ) ) ;
#5512 = LINE ( 'NONE', #3867, #4714 ) ;
#5513 = CARTESIAN_POINT ( 'NONE',  ( 37.84326414872457889, 4.233031221373540376, 0.5000000000000004441 ) ) ;
#5514 = CARTESIAN_POINT ( 'NONE',  ( 38.32131113223427121, 51.06965031108115483, 1.936151262264842243 ) ) ;
#5515 = CARTESIAN_POINT ( 'NONE',  ( 10.65364290700869354, 13.28840126033153268, 7.500000000000000888 ) ) ;
#5516 = ORIENTED_EDGE ( 'NONE', *, *, #9190, .F. ) ;
#5517 = CARTESIAN_POINT ( 'NONE',  ( 41.28762907839566765, 13.10099037784892317, 2.470716452208062908 ) ) ;
#5518 = CARTESIAN_POINT ( 'NONE',  ( 39.98956603224823425, 11.67891408897553163, 7.999999999999992895 ) ) ;
#5519 = CARTESIAN_POINT ( 'NONE',  ( 48.12502289547489909, 33.56318225570471725, 6.270524387656712051 ) ) ;
#5520 = EDGE_CURVE ( 'NONE', #9628, #367, #2379, .T. ) ;
#5521 = ORIENTED_EDGE ( 'NONE', *, *, #6851, .F. ) ;
#5522 = CARTESIAN_POINT ( 'NONE',  ( 37.56172827002123427, 5.755584154444392198, 4.289560988581800238 ) ) ;
#5523 = CARTESIAN_POINT ( 'NONE',  ( 26.00991137390269969, 27.57807569686057292, 7.000000000000000000 ) ) ;
#5524 = DIRECTION ( 'NONE',  ( 0.000000000000000000, 0.000000000000000000, -1.000000000000000000 ) ) ;
#5525 = AXIS2_PLACEMENT_3D ( 'NONE', #8336, #1318, #1367 ) ;
#5526 = VERTEX_POINT ( 'NONE', #2323 ) ;
#5527 = VERTEX_POINT ( 'NONE', #2431 ) ;
#5528 = DIRECTION ( 'NONE',  ( 0.1931437917529432724, 0.9811704621049778252, -0.000000000000000000 ) ) ;
#5529 = CARTESIAN_POINT ( 'NONE',  ( -13.49008862636929429, 43.26032197974560489, 6.000000000000000000 ) ) ;
#5530 = CARTESIAN_POINT ( 'NONE',  ( 43.89566128223553676, 37.62336405528120764, 6.855648289314956401 ) ) ;
#5531 = DIRECTION ( 'NONE',  ( -0.9504442985305103786, 0.3108948944431960126, 0.000000000000000000 ) ) ;
#5532 = ORIENTED_EDGE ( 'NONE', *, *, #9260, .F. ) ;
#5533 = CARTESIAN_POINT ( 'NONE',  ( 14.08870467769554580, 52.34263495401665978, 2.316104684761175037 ) ) ;
#5534 = AXIS2_PLACEMENT_3D ( 'NONE', #6471, #5642, #9485 ) ;
#5535 = VECTOR ( 'NONE', #993, 1000.000000000000114 ) ;
#5536 = DIRECTION ( 'NONE',  ( -0.7485763837474168625, -0.6630485636027274587, 0.000000000000000000 ) ) ;
#5537 =( BOUNDED_SURFACE ( )  B_SPLINE_SURFACE ( 2, 3, ( 
 ( #6492, #6640, #9767, #2731, #4319, #8997, #3553, #1965, #5099, #9815, #9046, #9610, #592, #9860, #8423, #2875, #6020, #487, #6892, #5973, #7703, #6071, #10057, #9959, #2828, #641, #9100, #9293, #1249, #2061, #2161, #6840 ),
 ( #9195, #5192, #5288, #9146, #2975, #3800, #5147, #2110, #5239, #7499, #1400, #6939, #3750, #4519, #8320, #3022, #7651, #4415, #6169, #8272, #4365, #1298, #3602, #2929, #6738, #3700, #10010, #6125, #7549, #535, #3651, #9246 ),
 ( #2209, #5341, #8471, #6792, #9911, #8370, #1349, #4465, #7602, #1448, #4568, #691, #3070, #77, #785, #5439, #5545, #7955, #1699, #3231, #941, #7192, #6325, #2257, #5390, #8677, #1644, #3950, #8521, #5599, #6376, #7142 ) ),
 .UNSPECIFIED., .F., .F., .F. ) 
 B_SPLINE_SURFACE_WITH_KNOTS ( ( 3, 3 ),
 ( 4, 2, 2, 2, 2, 2, 2, 2, 2, 2, 2, 2, 2, 2, 2, 4 ),
 ( 0.000000000000000000, 1.000000000000000000 ),
 ( -0.4806246412931778345, -0.3411972732417802301, 0.05674485423748813068, 0.5294080275725787654, 0.7657396142401240446, 0.8839054075738966842, 0.9429883042407829485, 0.9725297525742261362, 0.9873004767409476745, 0.9946858388243084992, 1.002071200907669324, 1.008446851703235225, 1.014822502498800905, 1.027573804089932485, 1.053076407272195647, 1.192503775323593196 ),
 .UNSPECIFIED. ) 
 GEOMETRIC_REPRESENTATION_ITEM ( )  RATIONAL_B_SPLINE_SURFACE ( (
 ( 1.000000000000000000, 1.000000000000000000, 1.000000000000000000, 1.000000000000000000, 1.000000000000000000, 1.000000000000000000, 1.000000000000000000, 1.000000000000000000, 1.000000000000000000, 1.000000000000000000, 1.000000000000000000, 1.000000000000000000, 1.000000000000000000, 1.000000000000000000, 1.000000000000000000, 1.000000000000000000, 1.000000000000000000, 1.000000000000000000, 1.000000000000000000, 1.000000000000000000, 1.000000000000000000, 1.000000000000000000, 1.000000000000000000, 1.000000000000000000, 1.000000000000000000, 1.000000000000000000, 1.000000000000000000, 1.000000000000000000, 1.000000000000000000, 1.000000000000000000, 1.000000000000000000, 1.000000000000000000),
 ( 0.7955734083333441120, 0.7946336642139602002, 0.7934676453250657513, 0.7879767948813405365, 0.7812359893503625363, 0.7723291102048996937, 0.7714678578343746596, 0.7712961980828522135, 0.7714354430377748928, 0.7717156556541285850, 0.7718235857335121741, 0.7719952641720527753, 0.7720542049800569462, 0.7721442137573655273, 0.7721744853681211662, 0.7722201997248117067, 0.7722355394642756998, 0.7722585109263110370, 0.7722661383950252256, 0.7722815346743002740, 0.7722969472648872902, 0.7722969472648872902, 0.7722969472648880673, 0.7722969472648880673, 0.7722969479023241712, 0.7722969459900158595, 0.7722969472648880673, 0.7722969472648880673, 0.7722969447152219225, 0.7722969612043761867, 0.7722969368264838153, 0.7722969472648872902),
 ( 1.000000000000000000, 1.000000000000000000, 1.000000000000000000, 1.000000000000000000, 1.000000000000000000, 1.000000000000000000, 1.000000000000000000, 1.000000000000000000, 1.000000000000000000, 1.000000000000000000, 1.000000000000000000, 1.000000000000000000, 1.000000000000000000, 1.000000000000000000, 1.000000000000000000, 1.000000000000000000, 1.000000000000000000, 1.000000000000000000, 1.000000000000000000, 1.000000000000000000, 1.000000000000000000, 1.000000000000000000, 1.000000000000000000, 1.000000000000000000, 1.000000000000000000, 1.000000000000000000, 1.000000000000000000, 1.000000000000000000, 1.000000000000000000, 1.000000000000000000, 1.000000000000000000, 1.000000000000000000) ) ) 
 REPRESENTATION_ITEM ( '' )  SURFACE ( )  );
#5538 = CARTESIAN_POINT ( 'NONE',  ( 40.46075559082578366, 12.41155643993081625, 7.999999999999996447 ) ) ;
#5539 = EDGE_LOOP ( 'NONE', ( #2047, #5516, #3039 ) ) ;
#5540 = B_SPLINE_CURVE_WITH_KNOTS ( 'NONE', 3,
 ( #2798, #3617, #1933, #2030 ),
 .UNSPECIFIED., .F., .F.,
 ( 4, 4 ),
 ( 1.734723475976806902E-18, 0.002683112283204155957 ),
 .UNSPECIFIED. ) ;
#5541 = AXIS2_PLACEMENT_3D ( 'NONE', #2433, #5723, #6398 ) ;
#5542 = ORIENTED_EDGE ( 'NONE', *, *, #7371, .T. ) ;
#5543 = CARTESIAN_POINT ( 'NONE',  ( 40.36317205422015775, 43.63548430346188667, 7.772522292543803779 ) ) ;
#5544 = EDGE_CURVE ( 'NONE', #7579, #787, #7035, .T. ) ;
#5545 = CARTESIAN_POINT ( 'NONE',  ( 13.65820998007259490, 4.218052064987074523, 2.024142404898402692 ) ) ;
#5546 = EDGE_CURVE ( 'NONE', #5168, #3004, #8382, .T. ) ;
#5547 = ORIENTED_EDGE ( 'NONE', *, *, #2598, .T. ) ;
#5548 = DIRECTION ( 'NONE',  ( 0.000000000000000000, 0.000000000000000000, -1.000000000000000000 ) ) ;
#5549 = CARTESIAN_POINT ( 'NONE',  ( 40.80237863871751358, 43.24276246403964308, 7.239147354549450242 ) ) ;
#5550 = ORIENTED_EDGE ( 'NONE', *, *, #2086, .F. ) ;
#5551 = CARTESIAN_POINT ( 'NONE',  ( 12.76586368050999987, 47.99355770473690797, 0.5000000036966939509 ) ) ;
#5552 = EDGE_LOOP ( 'NONE', ( #7705, #2861, #7097, #3832 ) ) ;
#5553 = ORIENTED_EDGE ( 'NONE', *, *, #1987, .F. ) ;
#5554 = VECTOR ( 'NONE', #928, 1000.000000000000000 ) ;
#5555 = CARTESIAN_POINT ( 'NONE',  ( 41.75106247563818584, 39.93895183118902992, 8.000000000000000000 ) ) ;
#5556 = ADVANCED_FACE ( 'NONE', ( #5563 ), #1515, .F. ) ;
#5557 = FACE_OUTER_BOUND ( 'NONE', #36, .T. ) ;
#5558 = AXIS2_PLACEMENT_3D ( 'NONE', #8710, #5524, #5637 ) ;
#5559 = ORIENTED_EDGE ( 'NONE', *, *, #2660, .F. ) ;
#5560 = B_SPLINE_CURVE_WITH_KNOTS ( 'NONE', 3,
 ( #2876, #2780, #6021, #5240 ),
 .UNSPECIFIED., .F., .F.,
 ( 4, 4 ),
 ( -5.999999999290536579E-08, 5.948369479236098676E-05 ),
 .UNSPECIFIED. ) ;
#5561 = DIRECTION ( 'NONE',  ( -0.000000000000000000, 0.000000000000000000, -1.000000000000000000 ) ) ;
#5562 = EDGE_LOOP ( 'NONE', ( #5771, #9887 ) ) ;
#5563 = FACE_OUTER_BOUND ( 'NONE', #5645, .T. ) ;
#5564 = CARTESIAN_POINT ( 'NONE',  ( 46.88139352880984490, 34.12709095082887956, 6.999999999999972466 ) ) ;
#5565 = PLANE ( 'NONE',  #6860 ) ;
#5566 = LINE ( 'NONE', #6959, #3814 ) ;
#5567 = CARTESIAN_POINT ( 'NONE',  ( 40.48599559934621794, 12.47427253672983483, 8.000000000000000000 ) ) ;
#5568 = CARTESIAN_POINT ( 'NONE',  ( 13.17661029677101858, 49.35660119449869399, 7.279374216450142570E-13 ) ) ;
#5569 = ORIENTED_EDGE ( 'NONE', *, *, #5190, .T. ) ;
#5570 = CARTESIAN_POINT ( 'NONE',  ( 45.20986815777079215, 20.46124131370939381, 7.658708083053492821 ) ) ;
#5571 = DIRECTION ( 'NONE',  ( -1.000000000000000000, 0.000000000000000000, 0.000000000000000000 ) ) ;
#5572 = AXIS2_PLACEMENT_3D ( 'NONE', #9074, #5170, #4297 ) ;
#5573 = ADVANCED_FACE ( 'NONE', ( #4840, #802 ), #8695, .T. ) ;
#5574 = CIRCLE ( 'NONE', #5747, 0.6499999999999978018 ) ;
#5575 = ORIENTED_EDGE ( 'NONE', *, *, #8592, .F. ) ;
#5576 = FACE_OUTER_BOUND ( 'NONE', #10032, .T. ) ;
#5577 = CARTESIAN_POINT ( 'NONE',  ( 37.24365980720864400, 4.704068053847675124, 3.584233552745534457 ) ) ;
#5578 = CARTESIAN_POINT ( 'NONE',  ( 10.72763802151385448, 14.34295834220767318, 2.000000000000000888 ) ) ;
#5579 = B_SPLINE_CURVE_WITH_KNOTS ( 'NONE', 3,
 ( #5410, #6401, #44, #3146, #8700, #3253, #5464, #1722 ),
 .UNSPECIFIED., .F., .F.,
 ( 4, 2, 2, 4 ),
 ( 0.000000000000000000, 0.0001201871389305394019, 0.0002403742778610788039, 0.0004807485557221582583 ),
 .UNSPECIFIED. ) ;
#5580 = CARTESIAN_POINT ( 'NONE',  ( 36.25991137390269614, 51.70407734673669609, 8.000000000000000000 ) ) ;
#5581 = VERTEX_POINT ( 'NONE', #4944 ) ;
#5582 = EDGE_CURVE ( 'NONE', #4922, #4616, #399, .T. ) ;
#5583 = ORIENTED_EDGE ( 'NONE', *, *, #6138, .F. ) ;
#5584 = B_SPLINE_CURVE_WITH_KNOTS ( 'NONE', 3,
 ( #268, #9638, #6569, #5023 ),
 .UNSPECIFIED., .F., .F.,
 ( 4, 4 ),
 ( 9.872790465222285426E-18, 0.0005356804362912331429 ),
 .UNSPECIFIED. ) ;
#5585 = CARTESIAN_POINT ( 'NONE',  ( 47.62760541612490073, 21.51704249521150558, 2.093357232239084542 ) ) ;
#5586 = CARTESIAN_POINT ( 'NONE',  ( 11.66608025799491521, 11.70089660450699398, 7.999999999999998224 ) ) ;
#5587 = CARTESIAN_POINT ( 'NONE',  ( 10.89512656497899101, 12.71487299146053118, 2.361027661370612485 ) ) ;
#5588 = DIRECTION ( 'NONE',  ( 0.000000000000000000, 0.000000000000000000, 1.000000000000000000 ) ) ;
#5589 = EDGE_LOOP ( 'NONE', ( #5982, #575, #7084, #8351 ) ) ;
#5590 = CARTESIAN_POINT ( 'NONE',  ( 13.89824850137039824, 51.72128154938585709, 2.732891077528159407 ) ) ;
#5591 = CARTESIAN_POINT ( 'NONE',  ( 48.52113620330526800, 22.12097445520677397, 6.032957303575430252 ) ) ;
#5592 = CARTESIAN_POINT ( 'NONE',  ( 40.48834123264624907, 12.47775854739698076, 8.000000000000005329 ) ) ;
#5593 = ORIENTED_EDGE ( 'NONE', *, *, #7056, .F. ) ;
#5594 = B_SPLINE_CURVE_WITH_KNOTS ( 'NONE', 3,
 ( #1391, #3061, #6207, #3742, #2152, #8463, #2299, #7837, #10001, #2964, #5333, #4864, #3994, #4096, #8046 ),
 .UNSPECIFIED., .F., .F.,
 ( 4, 1, 1, 1, 1, 1, 1, 1, 2, 2, 4 ),
 ( 0.000000000000000000, 0.2499999999998989142, 0.3749999999998485656, 0.4374999999998225864, 0.4687499999998095968, 0.4843749999998038236, 0.4921874999998011591, 0.4960937499998006039, 0.4980468749998011035, 0.4999999999998016031, 1.000000000000000000 ),
 .UNSPECIFIED. ) ;
#5595 = ORIENTED_EDGE ( 'NONE', *, *, #3031, .T. ) ;
#5596 = LINE ( 'NONE', #277, #2827 ) ;
#5597 = CARTESIAN_POINT ( 'NONE',  ( 36.47909956860876690, 43.36080476165923869, 8.000000000000000000 ) ) ;
#5598 = CARTESIAN_POINT ( 'NONE',  ( 39.39808703749595509, 7.643071441015212741, 4.316413562558574668 ) ) ;
#5599 = CARTESIAN_POINT ( 'NONE',  ( 13.89824850699887193, 3.434869825972176383, 1.499048908758671805 ) ) ;
#5600 = VERTEX_POINT ( 'NONE', #5722 ) ;
#5601 =( BOUNDED_SURFACE ( )  B_SPLINE_SURFACE ( 3, 2, ( 
 ( #971, #1890, #1078 ),
 ( #8923, #6659, #7425 ),
 ( #3529, #5739, #3317 ),
 ( #5844, #5018, #6466 ) ),
 .UNSPECIFIED., .F., .F., .T. ) 
 B_SPLINE_SURFACE_WITH_KNOTS ( ( 4, 4 ),
 ( 3, 3 ),
 ( -1.734723475976807094E-18, 0.0009053359463354452869 ),
 ( 0.000000000000000000, 1.000000000000000000 ),
 .UNSPECIFIED. ) 
 GEOMETRIC_REPRESENTATION_ITEM ( )  RATIONAL_B_SPLINE_SURFACE ( (
 ( 1.000000000000000000, 0.6608619074111816705, 1.000000000000000000),
 ( 1.000000000000000000, 0.6756265298393931973, 1.000000000000000000),
 ( 1.000000000000000000, 0.6911717075916781194, 1.000000000000000000),
 ( 1.000000000000000000, 0.7071067811865532349, 1.000000000000000000) ) ) 
 REPRESENTATION_ITEM ( '' )  SURFACE ( )  );
#5602 = VECTOR ( 'NONE', #2718, 1000.000000000000000 ) ;
#5603 = DIRECTION ( 'NONE',  ( 1.000000000000000000, 0.000000000000000000, 0.000000000000000000 ) ) ;
#5604 = CARTESIAN_POINT ( 'NONE',  ( 40.80734949734473105, 43.22991946676604869, 7.248077110608900142 ) ) ;
#5605 = AXIS2_PLACEMENT_3D ( 'NONE', #9417, #4792, #9357 ) ;
#5606 = ORIENTED_EDGE ( 'NONE', *, *, #522, .F. ) ;
#5607 = EDGE_CURVE ( 'NONE', #7363, #6519, #3404, .T. ) ;
#5608 = CARTESIAN_POINT ( 'NONE',  ( 42.31462476651450544, 39.91500757421149359, 2.239007322800286914 ) ) ;
#5609 = ORIENTED_EDGE ( 'NONE', *, *, #8304, .F. ) ;
#5610 = EDGE_LOOP ( 'NONE', ( #5700, #15, #3445, #338 ) ) ;
#5611 = CARTESIAN_POINT ( 'NONE',  ( 42.07167737019326381, 40.37045997123561136, 8.000000000000005329 ) ) ;
#5612 = DIRECTION ( 'NONE',  ( 1.000000000000000000, -8.462065736584503245E-17, -0.000000000000000000 ) ) ;
#5613 = ORIENTED_EDGE ( 'NONE', *, *, #2358, .F. ) ;
#5614 = EDGE_CURVE ( 'NONE', #353, #4208, #3355, .T. ) ;
#5615 = VECTOR ( 'NONE', #550, 1000.000000000000000 ) ;
#5616 = CARTESIAN_POINT ( 'NONE',  ( 47.42079836832280648, 33.83343684952719599, 2.049705096831631046 ) ) ;
#5617 = ORIENTED_EDGE ( 'NONE', *, *, #4984, .T. ) ;
#5618 = CARTESIAN_POINT ( 'NONE',  ( 39.06894885169075593, 46.71185626921564449, 0.2779446772587859660 ) ) ;
#5619 = DIRECTION ( 'NONE',  ( 1.000000000000000000, 0.000000000000000000, 0.000000000000000000 ) ) ;
#5620 = CIRCLE ( 'NONE', #2984, 0.5000000000000004441 ) ;
#5621 = B_SPLINE_CURVE_WITH_KNOTS ( 'NONE', 3,
 ( #7241, #5036, #4110, #3545, #8780, #3340 ),
 .UNSPECIFIED., .F., .F.,
 ( 4, 2, 4 ),
 ( 1.852685484479510593E-18, 0.002576740596816988298, 0.005153481193633974861 ),
 .UNSPECIFIED. ) ;
#5622 = EDGE_CURVE ( 'NONE', #4082, #4820, #5826, .T. ) ;
#5623 = CARTESIAN_POINT ( 'NONE',  ( 41.37296647942834937, 13.29688376172447306, 2.500000000000000444 ) ) ;
#5624 = CARTESIAN_POINT ( 'NONE',  ( 16.00991137390270325, 5.214462972446883171, 1.518327244431527001 ) ) ;
#5625 = EDGE_CURVE ( 'NONE', #6022, #1752, #2365, .T. ) ;
#5626 = CARTESIAN_POINT ( 'NONE',  ( 37.71639721173807658, 44.37443844176083019, 7.660946871235397637 ) ) ;
#5627 = ORIENTED_EDGE ( 'NONE', *, *, #6077, .F. ) ;
#5628 = CARTESIAN_POINT ( 'NONE',  ( 16.00991137390270325, 51.70407734673670319, 2.463835190145066800 ) ) ;
#5629 = AXIS2_PLACEMENT_3D ( 'NONE', #4961, #3372, #3474 ) ;
#5630 = DIRECTION ( 'NONE',  ( 0.000000000000000000, 7.118573178086988879E-15, -1.000000000000000000 ) ) ;
#5631 = ORIENTED_EDGE ( 'NONE', *, *, #8889, .T. ) ;
#5632 = DIRECTION ( 'NONE',  ( 1.000000000000000000, -0.000000000000000000, -0.000000000000000000 ) ) ;
#5633 = CARTESIAN_POINT ( 'NONE',  ( 37.14202200780814422, 4.370268842265505604, 3.360330426720348651 ) ) ;
#5634 = CARTESIAN_POINT ( 'NONE',  ( 48.26917597173611085, 33.28424175087673831, 2.573145880096526561 ) ) ;
#5635 = AXIS2_PLACEMENT_3D ( 'NONE', #5765, #8064, #6384 ) ;
#5636 = CARTESIAN_POINT ( 'NONE',  ( 44.25204714737154177, 18.19346540283180858, 7.214425091952264779 ) ) ;
#5637 = DIRECTION ( 'NONE',  ( -1.000000000000000000, 0.000000000000000000, 0.000000000000000000 ) ) ;
#5638 = ADVANCED_FACE ( 'NONE', ( #6546 ), #4009, .T. ) ;
#5639 = ORIENTED_EDGE ( 'NONE', *, *, #5415, .F. ) ;
#5640 = ORIENTED_EDGE ( 'NONE', *, *, #3670, .F. ) ;
#5641 = CARTESIAN_POINT ( 'NONE',  ( 11.67150752253541768, 12.31646255506636578, 1.625917951348559320 ) ) ;
#5642 = DIRECTION ( 'NONE',  ( 1.000000000000000000, -0.000000000000000000, 0.000000000000000000 ) ) ;
#5643 = CARTESIAN_POINT ( 'NONE',  ( 37.80594369339047489, 3.694608137455769992, 2.594650047161255468 ) ) ;
#5644 = DIRECTION ( 'NONE',  ( -1.000000000000000000, 0.000000000000000000, 0.000000000000000000 ) ) ;
#5645 = EDGE_LOOP ( 'NONE', ( #6886, #5807 ) ) ;
#5646 = CARTESIAN_POINT ( 'NONE',  ( 14.77616296398772100, 50.45208335713257242, 3.584233541168627912 ) ) ;
#5647 = DIRECTION ( 'NONE',  ( -0.000000000000000000, -0.000000000000000000, -1.000000000000000000 ) ) ;
#5648 = FACE_OUTER_BOUND ( 'NONE', #4197, .T. ) ;
#5649 = EDGE_LOOP ( 'NONE', ( #9123, #546, #3259, #6082, #259 ) ) ;
#5650 = ORIENTED_EDGE ( 'NONE', *, *, #3685, .T. ) ;
#5651 = CARTESIAN_POINT ( 'NONE',  ( 10.18713420176843520, 39.81745936997681667, 2.000000000000000444 ) ) ;
#5652 = FACE_OUTER_BOUND ( 'NONE', #5241, .T. ) ;
#5653 = CARTESIAN_POINT ( 'NONE',  ( 39.60267379851833169, 8.316819543543237714, 4.771904948260986323 ) ) ;
#5654 = CARTESIAN_POINT ( 'NONE',  ( 36.25793661753500885, 3.214462972446881839, 0.8690767308063567231 ) ) ;
#5655 = ORIENTED_EDGE ( 'NONE', *, *, #4728, .F. ) ;
#5656 = EDGE_CURVE ( 'NONE', #3299, #1885, #8873, .T. ) ;
#5657 = CARTESIAN_POINT ( 'NONE',  ( 43.07969633643868690, 17.15586665437030334, 2.500000000000000444 ) ) ;
#5658 = FACE_OUTER_BOUND ( 'NONE', #3503, .T. ) ;
#5659 = VERTEX_POINT ( 'NONE', #250 ) ;
#5660 = CARTESIAN_POINT ( 'NONE',  ( 12.91846435684087702, 48.49995593160813456, 0.4999999999999908962 ) ) ;
#5661 = DIRECTION ( 'NONE',  ( -1.000000000000000000, 0.000000000000000000, 0.000000000000000000 ) ) ;
#5662 = CARTESIAN_POINT ( 'NONE',  ( 42.33189658643468789, 39.98168818445731176, 7.499999999999636735 ) ) ;
#5663 =( BOUNDED_CURVE ( )  B_SPLINE_CURVE ( 3, ( #10005, #7543, #1244, #3596 ),
 .UNSPECIFIED., .F., .T. ) 
 B_SPLINE_CURVE_WITH_KNOTS ( ( 4, 4 ),
 ( 0.5722004430139463471, 0.9851107833377511502 ),
 .UNSPECIFIED. ) 
 CURVE ( )  GEOMETRIC_REPRESENTATION_ITEM ( )  RATIONAL_B_SPLINE_CURVE ( ( 1.000000000000000000, 0.9858424821176594577, 0.9858424821176594577, 1.000000000000000000 ) ) 
 REPRESENTATION_ITEM ( '' )  );
#5664 = CARTESIAN_POINT ( 'NONE',  ( 38.77367324447009622, 47.79874410499981252, -4.251185371681973729E-16 ) ) ;
#5665 = EDGE_LOOP ( 'NONE', ( #9921, #5179, #6340, #9171, #6537 ) ) ;
#5666 = CARTESIAN_POINT ( 'NONE',  ( 48.54318645688869083, 32.92316165031073893, 5.999999999983463894 ) ) ;
#5667 = DIRECTION ( 'NONE',  ( -1.000000000000000000, 0.000000000000000000, -0.000000000000000000 ) ) ;
#5668 = VERTEX_POINT ( 'NONE', #1160 ) ;
#5669 = CARTESIAN_POINT ( 'NONE',  ( 41.73614720211060103, 14.41080247885533616, 2.000000000000000000 ) ) ;
#5670 = CARTESIAN_POINT ( 'NONE',  ( 48.20578756748940918, 33.49523558063172146, 6.205891020876664221 ) ) ;
#5671 = CARTESIAN_POINT ( 'NONE',  ( 41.44755254232934760, 13.46810820682556198, 2.000000000000000444 ) ) ;
#5672 = VECTOR ( 'NONE', #5697, 1000.000000000000000 ) ;
#5673 = CARTESIAN_POINT ( 'NONE',  ( 38.25599091366937188, 51.21641218866792400, 2.105086100154864859 ) ) ;
#5674 = CARTESIAN_POINT ( 'NONE',  ( 48.29889845772049028, 33.41690213054152991, 2.839594034769082675 ) ) ;
#5675 = ADVANCED_FACE ( 'NONE', ( #9004 ), #5070, .T. ) ;
#5676 = ORIENTED_EDGE ( 'NONE', *, *, #708, .F. ) ;
#5677 = DIRECTION ( 'NONE',  ( -0.000000000000000000, -0.000000000000000000, -1.000000000000000000 ) ) ;
#5678 = DIRECTION ( 'NONE',  ( -0.000000000000000000, -0.000000000000000000, -1.000000000000000000 ) ) ;
#5679 = EDGE_CURVE ( 'NONE', #950, #6044, #9596, .T. ) ;
#5680 = EDGE_CURVE ( 'NONE', #8331, #2603, #5078, .T. ) ;
#5681 = ORIENTED_EDGE ( 'NONE', *, *, #3792, .F. ) ;
#5682 = CARTESIAN_POINT ( 'NONE',  ( 42.35788392518428935, 15.20900970726603951, 2.500000000000000444 ) ) ;
#5683 = CARTESIAN_POINT ( 'NONE',  ( 36.96405778193788194, 3.789669757965400620, 2.970880885105260383 ) ) ;
#5684 = CARTESIAN_POINT ( 'NONE',  ( 15.60643868344828888, 3.239240823181628759, 1.000000000000007105 ) ) ;
#5685 = CARTESIAN_POINT ( 'NONE',  ( 9.661520356220139050, 15.20956599925973052, 7.630899693899576341 ) ) ;
#5686 = CARTESIAN_POINT ( 'NONE',  ( 12.70794264864452749, 44.21695991856945085, 7.766579036923434209 ) ) ;
#5687 = CARTESIAN_POINT ( 'NONE',  ( 26.00991137390269969, 10.07807569686058180, 3.000000000000000000 ) ) ;
#5688 = CARTESIAN_POINT ( 'NONE',  ( 36.25793661713538540, 51.94168842127428576, 1.000000000000007105 ) ) ;
#5689 = EDGE_LOOP ( 'NONE', ( #7907, #896, #4603 ) ) ;
#5690 = ORIENTED_EDGE ( 'NONE', *, *, #7306, .T. ) ;
#5691 = CARTESIAN_POINT ( 'NONE',  ( 47.85375235780782788, 21.62507027309694863, 2.208333333333329929 ) ) ;
#5692 = CARTESIAN_POINT ( 'NONE',  ( 11.88615779806510275, 11.89582941397556404, 7.999999999999998224 ) ) ;
#5693 = DIRECTION ( 'NONE',  ( 0.000000000000000000, 0.000000000000000000, -1.000000000000000000 ) ) ;
#5694 = EDGE_CURVE ( 'NONE', #8260, #8678, #5296, .T. ) ;
#5695 = B_SPLINE_CURVE_WITH_KNOTS ( 'NONE', 3,
 ( #3154, #8172, #7355, #6299, #9423, #2388, #5519, #1001 ),
 .UNSPECIFIED., .F., .F.,
 ( 4, 2, 2, 4 ),
 ( 0.000000000000000000, 0.0007294432993762392688, 0.001094164949064365842, 0.001458886598752492198 ),
 .UNSPECIFIED. ) ;
#5696 = FACE_OUTER_BOUND ( 'NONE', #5930, .T. ) ;
#5697 = DIRECTION ( 'NONE',  ( -0.000000000000000000, -0.000000000000000000, -1.000000000000000000 ) ) ;
#5698 = CARTESIAN_POINT ( 'NONE',  ( 16.00991137390270325, 46.71185626921564449, 0.2779446772587859660 ) ) ;
#5699 = CARTESIAN_POINT ( 'NONE',  ( 40.56896934225435558, 11.70091930867963192, 7.710441908182283477 ) ) ;
#5700 = ORIENTED_EDGE ( 'NONE', *, *, #2528, .F. ) ;
#5701 = EDGE_LOOP ( 'NONE', ( #2448, #1073, #3341 ) ) ;
#5702 = CARTESIAN_POINT ( 'NONE',  ( 9.838864396647712951, 40.19460467786164770, 2.000000000000000444 ) ) ;
#5703 = CARTESIAN_POINT ( 'NONE',  ( 38.25163858980758391, 51.29695332609634306, 3.017518519998179105 ) ) ;
#5704 = CIRCLE ( 'NONE', #5525, 0.5000000000000006661 ) ;
#5705 = CARTESIAN_POINT ( 'NONE',  ( 40.46073986493296104, 11.60612410327436628, 7.743090174226727740 ) ) ;
#5706 = CARTESIAN_POINT ( 'NONE',  ( 37.46475386532881657, 3.681014022248630280, 2.796110456627747709 ) ) ;
#5707 = EDGE_CURVE ( 'NONE', #1560, #4353, #1176, .T. ) ;
#5708 = ORIENTED_EDGE ( 'NONE', *, *, #1787, .T. ) ;
#5709 = VECTOR ( 'NONE', #422, 1000.000000000000000 ) ;
#5710 = CARTESIAN_POINT ( 'NONE',  ( 26.00991137390269969, 27.57807569686057292, 7.500000000000000000 ) ) ;
#5711 = CARTESIAN_POINT ( 'NONE',  ( 11.53300661852629716, 12.47394325386309610, 8.000000000000000000 ) ) ;
#5712 = ORIENTED_EDGE ( 'NONE', *, *, #3357, .T. ) ;
#5713 = DIRECTION ( 'NONE',  ( -1.000000000000000000, 0.000000000000000000, 0.000000000000000000 ) ) ;
#5714 = EDGE_CURVE ( 'NONE', #10072, #6898, #9909, .T. ) ;
#5715 = CARTESIAN_POINT ( 'NONE',  ( 36.86595752334634568, 3.479645050271426676, 2.549091994204922162 ) ) ;
#5716 = CARTESIAN_POINT ( 'NONE',  ( 10.86637799190709686, 41.11954928486491667, 2.000000000000000000 ) ) ;
#5717 = CARTESIAN_POINT ( 'NONE',  ( 46.96514411312767834, 20.92951048749415222, 6.946113451803832106 ) ) ;
#5718 = CARTESIAN_POINT ( 'NONE',  ( 43.50991137363070749, 28.06545524120993207, 6.140000000000001457 ) ) ;
#5719 = ORIENTED_EDGE ( 'NONE', *, *, #1014, .T. ) ;
#5720 = CARTESIAN_POINT ( 'NONE',  ( 11.69501957929735880, 11.08377551607988742, 7.542083936009141176 ) ) ;
#5721 = CARTESIAN_POINT ( 'NONE',  ( 45.28965607483454647, 34.92783085475048921, 7.120310506838641196 ) ) ;
#5722 = CARTESIAN_POINT ( 'NONE',  ( 46.75991137363070749, 31.32807569686055160, 2.000000000000000000 ) ) ;
#5723 = DIRECTION ( 'NONE',  ( -0.3108948944432114447, -0.9504442985305053826, 0.000000000000000000 ) ) ;
#5724 = CARTESIAN_POINT ( 'NONE',  ( 36.00991137390269614, 50.84168842127429144, 1.399999999999999911 ) ) ;
#5725 = DIRECTION ( 'NONE',  ( 0.000000000000000000, 0.000000000000000000, -1.000000000000000000 ) ) ;
#5726 = CIRCLE ( 'NONE', #3080, 0.4999999999999992784 ) ;
#5727 = DIRECTION ( 'NONE',  ( 0.000000000000000000, -1.000000000000000000, 0.000000000000000000 ) ) ;
#5728 = VERTEX_POINT ( 'NONE', #8428 ) ;
#5729 = CIRCLE ( 'NONE', #1302, 0.4999999999999998335 ) ;
#5730 = DIRECTION ( 'NONE',  ( 1.000000000000000000, 0.000000000000000000, 0.000000000000000000 ) ) ;
#5731 =( BOUNDED_CURVE ( )  B_SPLINE_CURVE ( 3, ( #8092, #9681, #262, #7030 ),
 .UNSPECIFIED., .F., .F. ) 
 B_SPLINE_CURVE_WITH_KNOTS ( ( 4, 4 ),
 ( 4.712388980384694115, 6.283185307179586232 ),
 .UNSPECIFIED. ) 
 CURVE ( )  GEOMETRIC_REPRESENTATION_ITEM ( )  RATIONAL_B_SPLINE_CURVE ( ( 1.000000000000000000, 0.8047378541243661587, 0.8047378541243661587, 1.000000000000000000 ) ) 
 REPRESENTATION_ITEM ( '' )  );
#5732 = CARTESIAN_POINT ( 'NONE',  ( 15.48308399561495996, 3.279590733967863159, 0.6103080094928629018 ) ) ;
#5733 = ORIENTED_EDGE ( 'NONE', *, *, #9561, .T. ) ;
#5734 = CARTESIAN_POINT ( 'NONE',  ( 40.61849360805855014, 13.19510523792134116, 1.931789759632271064 ) ) ;
#5735 = EDGE_CURVE ( 'NONE', #4352, #687, #567, .T. ) ;
#5736 = DIRECTION ( 'NONE',  ( -0.000000000000000000, -0.000000000000000000, -1.000000000000000000 ) ) ;
#5737 = CARTESIAN_POINT ( 'NONE',  ( 10.86637706853498919, 14.03660210868196856, 2.000000000000000000 ) ) ;
#5738 = CARTESIAN_POINT ( 'NONE',  ( 36.50991137363070749, 27.95335337183384539, 5.290000000000002700 ) ) ;
#5739 = CARTESIAN_POINT ( 'NONE',  ( 10.64947001849750308, 13.29260163950570472, 1.976956224479520241 ) ) ;
#5740 = CARTESIAN_POINT ( 'NONE',  ( 10.86637706034858120, 14.03660212638115823, 1.999999999999997780 ) ) ;
#5741 = VERTEX_POINT ( 'NONE', #8375 ) ;
#5742 = ADVANCED_FACE ( 'NONE', ( #7655 ), #2115, .F. ) ;
#5743 = ORIENTED_EDGE ( 'NONE', *, *, #754, .F. ) ;
#5744 = CONICAL_SURFACE ( 'NONE', #7047, 19.59999999972800566, 0.5667292175235034701 ) ;
#5745 = ADVANCED_FACE ( 'NONE', ( #5244 ), #6743, .F. ) ;
#5746 = CARTESIAN_POINT ( 'NONE',  ( 45.24000973688993810, 19.36675868535122191, 6.890306898274345393 ) ) ;
#5747 = AXIS2_PLACEMENT_3D ( 'NONE', #9432, #927, #1738 ) ;
#5748 = CARTESIAN_POINT ( 'NONE',  ( 11.77387656204590272, 11.43054308633133331, 7.792260096522726442 ) ) ;
#5749 = CYLINDRICAL_SURFACE ( 'NONE', #4583, 4.999999999999929834 ) ;
#5750 = EDGE_CURVE ( 'NONE', #1279, #4761, #9729, .T. ) ;
#5751 = CARTESIAN_POINT ( 'NONE',  ( 36.00991137390269614, 0.000000000000000000, 0.000000000000000000 ) ) ;
#5752 = CARTESIAN_POINT ( 'NONE',  ( 14.65664693923164741, 50.05786474745159609, 3.848664300685701090 ) ) ;
#5753 = CARTESIAN_POINT ( 'NONE',  ( 9.673386788272033243, 15.19379125335708025, 0.5000000000000004441 ) ) ;
#5754 = EDGE_LOOP ( 'NONE', ( #6716, #221, #3880, #8345, #2164 ) ) ;
#5755 = B_SPLINE_CURVE_WITH_KNOTS ( 'NONE', 3,
 ( #4062, #1864, #1706, #5608, #7960, #3450 ),
 .UNSPECIFIED., .F., .F.,
 ( 4, 2, 4 ),
 ( 0.000000000000000000, 0.5000000000000000000, 1.000000000000000000 ),
 .UNSPECIFIED. ) ;
#5756 = EDGE_CURVE ( 'NONE', #2502, #1197, #8373, .T. ) ;
#5757 = DIRECTION ( 'NONE',  ( 0.000000000000000000, -0.000000000000000000, -1.000000000000000000 ) ) ;
#5758 = CARTESIAN_POINT ( 'NONE',  ( 36.18218765000138859, 51.94168842127428576, 1.518327244431517675 ) ) ;
#5759 = CARTESIAN_POINT ( 'NONE',  ( 48.79846204852487546, 31.62636164479878786, 3.249999999999999556 ) ) ;
#5760 = CARTESIAN_POINT ( 'NONE',  ( 9.947074176491378594, 14.78751321508678451, 8.000000000000000000 ) ) ;
#5761 = ORIENTED_EDGE ( 'NONE', *, *, #1980, .F. ) ;
#5762 = CARTESIAN_POINT ( 'NONE',  ( 46.50991137363070749, 28.85405190938863740, 5.567050983124850916 ) ) ;
#5763 = CARTESIAN_POINT ( 'NONE',  ( 26.00991137390269969, 27.57807569686058358, 1.600000000000000089 ) ) ;
#5764 = ORIENTED_EDGE ( 'NONE', *, *, #7596, .T. ) ;
#5765 = CARTESIAN_POINT ( 'NONE',  ( 26.00991137390269969, 27.57807569686057292, 8.000000000000000000 ) ) ;
#5766 = EDGE_CURVE ( 'NONE', #7902, #186, #1052, .T. ) ;
#5767 = CARTESIAN_POINT ( 'NONE',  ( 36.25793661713549909, 3.214462972446881395, 1.518327244431526779 ) ) ;
#5768 = DIRECTION ( 'NONE',  ( -1.000000000000000000, 0.000000000000000000, 0.000000000000000000 ) ) ;
#5769 = CARTESIAN_POINT ( 'NONE',  ( 41.99229751198190996, 26.82752034691407061, 4.640000000000003233 ) ) ;
#5770 = DIRECTION ( 'NONE',  ( -1.000000000000000000, 0.000000000000000000, 0.000000000000000000 ) ) ;
#5771 = ORIENTED_EDGE ( 'NONE', *, *, #8327, .T. ) ;
#5772 = CARTESIAN_POINT ( 'NONE',  ( 48.20578756748940208, 33.49523558063172146, 6.205891020876662445 ) ) ;
#5773 = DIRECTION ( 'NONE',  ( 0.000000000000000000, 0.3090169943749542236, -0.9510565162951514218 ) ) ;
#5774 = EDGE_CURVE ( 'NONE', #8365, #5328, #6381, .T. ) ;
#5775 = CARTESIAN_POINT ( 'NONE',  ( 41.25488636292060107, 13.02451153657864857, 1.890714070142659908 ) ) ;
#5776 = CARTESIAN_POINT ( 'NONE',  ( 10.20446680767501313, 36.32807569686057292, 6.500000000000000000 ) ) ;
#5777 = CARTESIAN_POINT ( 'NONE',  ( 41.37296647942834937, 13.29688376172447306, 2.000000000000000444 ) ) ;
#5778 = DIRECTION ( 'NONE',  ( 0.000000000000000000, -0.000000000000000000, -1.000000000000000000 ) ) ;
#5779 = EDGE_LOOP ( 'NONE', ( #700, #6875, #6329, #5383, #844, #4322, #1430, #3193, #7856, #9302, #1581 ) ) ;
#5780 = FACE_OUTER_BOUND ( 'NONE', #6988, .T. ) ;
#5781 = ORIENTED_EDGE ( 'NONE', *, *, #8148, .F. ) ;
#5782 = DIRECTION ( 'NONE',  ( 0.000000000000000000, -1.000000000000000000, 0.000000000000000000 ) ) ;
#5783 = LINE ( 'NONE', #8914, #5303 ) ;
#5784 = CIRCLE ( 'NONE', #6294, 0.6999999999999975131 ) ;
#5785 = EDGE_LOOP ( 'NONE', ( #4683, #3810, #518, #4450, #3609, #6715 ) ) ;
#5786 = CARTESIAN_POINT ( 'NONE',  ( 42.34566895557556165, 15.19277162989419949, 2.500000000000000444 ) ) ;
#5787 = LINE ( 'NONE', #6705, #2747 ) ;
#5788 = EDGE_CURVE ( 'NONE', #950, #5134, #4085, .T. ) ;
#5789 = CARTESIAN_POINT ( 'NONE',  ( 15.76188613066989497, 3.214462972446881395, 1.518327244431517675 ) ) ;
#5790 = DIRECTION ( 'NONE',  ( 0.000000000000000000, 0.000000000000000000, -1.000000000000000000 ) ) ;
#5791 = DIRECTION ( 'NONE',  ( -0.000000000000000000, -0.000000000000000000, -1.000000000000000000 ) ) ;
#5792 = CIRCLE ( 'NONE', #1365, 1.000000000000000888 ) ;
#5793 = CARTESIAN_POINT ( 'NONE',  ( 9.742318179969489123, 40.05452126210931141, 7.500000000000000000 ) ) ;
#5794 = ORIENTED_EDGE ( 'NONE', *, *, #1474, .T. ) ;
#5795 = EDGE_LOOP ( 'NONE', ( #6488, #2782, #5627, #2000 ) ) ;
#5796 = AXIS2_PLACEMENT_3D ( 'NONE', #8421, #2208, #6069 ) ;
#5797 = CARTESIAN_POINT ( 'NONE',  ( 36.10396606177776846, 3.254674007417464932, 1.925529827524468773 ) ) ;
#5798 = CIRCLE ( 'NONE', #68, 14.99999999999999822 ) ;
#5799 = CARTESIAN_POINT ( 'NONE',  ( 12.18468858806913602, 11.27608010619554157, 7.906448525379897951 ) ) ;
#5800 = CARTESIAN_POINT ( 'NONE',  ( 42.08210573977715541, 40.34845532951470659, 2.126966517967971537 ) ) ;
#5801 = CIRCLE ( 'NONE', #3502, 1.000000000000000000 ) ;
#5802 = CARTESIAN_POINT ( 'NONE',  ( 11.50601664146343062, 44.01809407653060902, 6.698578240501258385 ) ) ;
#5803 = CARTESIAN_POINT ( 'NONE',  ( 13.53741042722453614, 50.54296901122833674, 3.523269999743495084 ) ) ;
#5804 = AXIS2_PLACEMENT_3D ( 'NONE', #2673, #8945, #5038 ) ;
#5805 = FACE_OUTER_BOUND ( 'NONE', #4061, .T. ) ;
#5806 = VERTEX_POINT ( 'NONE', #7044 ) ;
#5807 = ORIENTED_EDGE ( 'NONE', *, *, #5438, .T. ) ;
#5808 = B_SPLINE_CURVE_WITH_KNOTS ( 'NONE', 3,
 ( #7745, #3840, #6211, #2303, #833, #8618, #6935, #781, #4763, #2354 ),
 .UNSPECIFIED., .F., .F.,
 ( 4, 2, 2, 2, 4 ),
 ( 0.000000000000000000, 0.0004216935894425174222, 0.0008433871788850348444, 0.001686774357770097661, 0.003373548715540223078 ),
 .UNSPECIFIED. ) ;
#5809 = CARTESIAN_POINT ( 'NONE',  ( 16.00991137390269969, 3.373461695873924526, 0.4454962898876839161 ) ) ;
#5810 = EDGE_CURVE ( 'NONE', #2259, #4021, #80, .T. ) ;
#5811 = DIRECTION ( 'NONE',  ( -1.000000000000000000, 0.000000000000000000, 0.000000000000000000 ) ) ;
#5812 = DIRECTION ( 'NONE',  ( 0.000000000000000000, 0.000000000000000000, 1.000000000000000000 ) ) ;
#5813 = CARTESIAN_POINT ( 'NONE',  ( 9.847395691521487748, 14.94790367162430123, 7.500000000000000000 ) ) ;
#5814 = VERTEX_POINT ( 'NONE', #2311 ) ;
#5815 = EDGE_CURVE ( 'NONE', #5855, #1050, #8010, .T. ) ;
#5816 = ADVANCED_FACE ( 'NONE', ( #7905 ), #892, .F. ) ;
#5817 = AXIS2_PLACEMENT_3D ( 'NONE', #4137, #7170, #7121 ) ;
#5818 = CARTESIAN_POINT ( 'NONE',  ( 15.60643868344834750, 51.91691057053953529, 1.518327244431527001 ) ) ;
#5819 = DIRECTION ( 'NONE',  ( 0.000000000000000000, 0.000000000000000000, -1.000000000000000000 ) ) ;
#5820 = ORIENTED_EDGE ( 'NONE', *, *, #3601, .T. ) ;
#5821 = CARTESIAN_POINT ( 'NONE',  ( 37.00991137390271035, 4.314462972446877487, 1.400000000000005684 ) ) ;
#5822 = CARTESIAN_POINT ( 'NONE',  ( 47.98894476536364806, 31.32807569686054450, 6.901879996332866085 ) ) ;
#5823 = CARTESIAN_POINT ( 'NONE',  ( 46.88139352881503896, 21.02906044289362697, 6.999999999999256595 ) ) ;
#5824 = PLANE ( 'NONE',  #3856 ) ;
#5825 = ORIENTED_EDGE ( 'NONE', *, *, #5092, .F. ) ;
#5826 = CIRCLE ( 'NONE', #3987, 16.95105410787298439 ) ;
#5827 = ADVANCED_FACE ( 'NONE', ( #2471 ), #7958, .F. ) ;
#5828 = CARTESIAN_POINT ( 'NONE',  ( 26.00991137390269969, 27.57807569686058358, 2.000000000000000000 ) ) ;
#5829 = CARTESIAN_POINT ( 'NONE',  ( 41.77423849049319671, 14.19880310575404003, 1.959647365018108323 ) ) ;
#5830 = CARTESIAN_POINT ( 'NONE',  ( 40.69591397318075110, 12.99736172900013820, 8.000000000000000000 ) ) ;
#5831 = CARTESIAN_POINT ( 'NONE',  ( 41.75419853032548190, 14.15337810224285064, 2.500000000000000444 ) ) ;
#5832 = LINE ( 'NONE', #6549, #9211 ) ;
#5833 = ORIENTED_EDGE ( 'NONE', *, *, #4437, .F. ) ;
#5834 = DIRECTION ( 'NONE',  ( 0.3108948944431959571, 0.9504442985305104896, -0.000000000000000000 ) ) ;
#5835 = ORIENTED_EDGE ( 'NONE', *, *, #4309, .F. ) ;
#5836 = CARTESIAN_POINT ( 'NONE',  ( 40.06398683970373042, 11.55375852301860462, 1.360406536959159363 ) ) ;
#5837 = DIRECTION ( 'NONE',  ( -1.000000000000000000, 0.000000000000000000, 0.000000000000000000 ) ) ;
#5838 = EDGE_CURVE ( 'NONE', #6333, #4392, #8061, .T. ) ;
#5839 = EDGE_LOOP ( 'NONE', ( #6607, #3367, #9750, #8517 ) ) ;
#5840 = LINE ( 'NONE', #8967, #4894 ) ;
#5841 = CARTESIAN_POINT ( 'NONE',  ( 15.76188613066995359, 51.94168842127428576, 2.012531222488193716 ) ) ;
#5842 = CARTESIAN_POINT ( 'NONE',  ( 36.98860965526419875, 51.46367510179273808, 0.1077731181453629311 ) ) ;
#5843 = DIRECTION ( 'NONE',  ( 0.000000000000000000, 0.000000000000000000, -1.000000000000000000 ) ) ;
#5844 = CARTESIAN_POINT ( 'NONE',  ( 10.54583453832985995, 13.52708797353893644, 2.500000000000008438 ) ) ;
#5845 = CARTESIAN_POINT ( 'NONE',  ( 12.71438783944980067, 9.224294561456678920, 0.5494769427588350741 ) ) ;
#5846 = CARTESIAN_POINT ( 'NONE',  ( 10.01121820616310742, 40.48363802728432148, 7.500000000000000000 ) ) ;
#5847 = ORIENTED_EDGE ( 'NONE', *, *, #6572, .T. ) ;
#5848 = ADVANCED_FACE ( 'NONE', ( #5094 ), #1910, .T. ) ;
#5849 = AXIS2_PLACEMENT_3D ( 'NONE', #5460, #3866, #3768 ) ;
#5850 = DIRECTION ( 'NONE',  ( 0.000000000000000000, 0.5570582310075716803, -0.8304734356177293497 ) ) ;
#5851 = CARTESIAN_POINT ( 'NONE',  ( 42.35788392518427514, 39.94714168645511876, 7.500000000000000000 ) ) ;
#5852 = CARTESIAN_POINT ( 'NONE',  ( 11.19753752137536651, 43.19138669289530696, 7.274870838454103428 ) ) ;
#5853 = CARTESIAN_POINT ( 'NONE',  ( 13.71592974787394148, 51.12647606500251385, 1.898027696151629584 ) ) ;
#5854 = DIRECTION ( 'NONE',  ( 1.000000000000000000, 0.000000000000000000, 0.000000000000000000 ) ) ;
#5855 = VERTEX_POINT ( 'NONE', #7245 ) ;
#5856 = ORIENTED_EDGE ( 'NONE', *, *, #4502, .F. ) ;
#5857 = CARTESIAN_POINT ( 'NONE',  ( 10.08213542034293830, 14.53816619152400058, 2.500000000000000444 ) ) ;
#5858 = FACE_OUTER_BOUND ( 'NONE', #4635, .T. ) ;
#5859 = CARTESIAN_POINT ( 'NONE',  ( 11.88615779806510098, 11.89582941397556581, 7.500000000000000000 ) ) ;
#5860 = DIRECTION ( 'NONE',  ( 0.000000000000000000, 0.5877852522924672529, 0.8090169943749517811 ) ) ;
#5861 = CARTESIAN_POINT ( 'NONE',  ( 10.12823368102892374, 14.44524642562741690, 7.500000000000000000 ) ) ;
#5862 = CARTESIAN_POINT ( 'NONE',  ( 42.27058909055865854, 15.09355488792280475, 2.000000000000000000 ) ) ;
#5863 = CARTESIAN_POINT ( 'NONE',  ( 45.22753649480497273, 19.35136773528930476, 6.887177484604374733 ) ) ;
#5864 = EDGE_LOOP ( 'NONE', ( #439, #3807, #1628, #2931 ) ) ;
#5865 = CARTESIAN_POINT ( 'NONE',  ( 15.60505770930473979, 15.42328157197708727, 5.750000000000000000 ) ) ;
#5866 = AXIS2_PLACEMENT_3D ( 'NONE', #4049, #1846, #2612 ) ;
#5867 = ADVANCED_FACE ( 'NONE', ( #9705 ), #8008, .F. ) ;
#5868 = CARTESIAN_POINT ( 'NONE',  ( 40.81314684515012203, 43.18848213191675001, 2.097336556458521351 ) ) ;
#5869 = EDGE_CURVE ( 'NONE', #2468, #1186, #7106, .T. ) ;
#5870 = CARTESIAN_POINT ( 'NONE',  ( 38.62262310684876354, 6.800460117891002909, 6.505213034913026604E-16 ) ) ;
#5871 = CARTESIAN_POINT ( 'NONE',  ( 48.71337018464613777, 23.09752308041835889, 5.999999999999999112 ) ) ;
#5872 = CARTESIAN_POINT ( 'NONE',  ( 40.58704460480832665, 11.34414491628080057, 6.841859586352762257 ) ) ;
#5873 = B_SPLINE_CURVE_WITH_KNOTS ( 'NONE', 3,
 ( #2033, #4536, #7569, #7472, #5258, #3573 ),
 .UNSPECIFIED., .F., .F.,
 ( 4, 2, 4 ),
 ( 6.505213034913025641E-19, 0.002577547612270858490, 0.005155095224541716981 ),
 .UNSPECIFIED. ) ;
#5874 = ORIENTED_EDGE ( 'NONE', *, *, #1663, .T. ) ;
#5875 = CIRCLE ( 'NONE', #3908, 19.99999999981464782 ) ;
#5876 = CARTESIAN_POINT ( 'NONE',  ( 40.13366502826910676, 43.26032197974560489, 8.000000000000000000 ) ) ;
#5877 = CARTESIAN_POINT ( 'NONE',  ( 38.36456914045132294, 49.21203077088554778, 6.505213034913026604E-16 ) ) ;
#5878 = CARTESIAN_POINT ( 'NONE',  ( -13.49008862636929429, 0.000000000000000000, 2.000000000000000000 ) ) ;
#5879 = CARTESIAN_POINT ( 'NONE',  ( 41.32316527059673916, 41.97294593737032642, 1.942957536421449971 ) ) ;
#5880 =( BOUNDED_CURVE ( )  B_SPLINE_CURVE ( 3, ( #4567, #8271, #1399, #534 ),
 .UNSPECIFIED., .F., .T. ) 
 B_SPLINE_CURVE_WITH_KNOTS ( ( 4, 4 ),
 ( 4.665462049655603849, 4.688931974628953725 ),
 .UNSPECIFIED. ) 
 CURVE ( )  GEOMETRIC_REPRESENTATION_ITEM ( )  RATIONAL_B_SPLINE_CURVE ( ( 1.000000000000000000, 0.9999540974119169867, 0.9999540974119169867, 1.000000000000000000 ) ) 
 REPRESENTATION_ITEM ( '' )  );
#5881 = EDGE_LOOP ( 'NONE', ( #1619, #9258, #7833, #2593 ) ) ;
#5882 = FACE_OUTER_BOUND ( 'NONE', #7017, .T. ) ;
#5883 = ORIENTED_EDGE ( 'NONE', *, *, #5114, .F. ) ;
#5884 = CARTESIAN_POINT ( 'NONE',  ( 40.34926244423726871, 12.31873431979573752, 1.626708794770270528 ) ) ;
#5885 = EDGE_CURVE ( 'NONE', #120, #3182, #3184, .T. ) ;
#5886 = DIRECTION ( 'NONE',  ( -0.000000000000000000, -0.000000000000000000, -1.000000000000000000 ) ) ;
#5887 = CARTESIAN_POINT ( 'NONE',  ( 36.00991137390269614, 0.000000000000000000, 0.000000000000000000 ) ) ;
#5888 = DIRECTION ( 'NONE',  ( 0.000000000000000000, -0.8304734356177293497, 0.5570582310075716803 ) ) ;
#5889 = CARTESIAN_POINT ( 'NONE',  ( 48.12382617591845957, 21.59196234738848830, 2.658484758251314251 ) ) ;
#5890 = CARTESIAN_POINT ( 'NONE',  ( 40.95063064296072497, 42.86777326077406514, 7.500002139291903624 ) ) ;
#5891 = CARTESIAN_POINT ( 'NONE',  ( 40.99496476771317788, 41.47517176098288871, 2.000000000000000444 ) ) ;
#5892 = VECTOR ( 'NONE', #880, 1000.000000000000000 ) ;
#5893 = CARTESIAN_POINT ( 'NONE',  ( 11.14114710075006620, 12.13480755697480440, 1.562680478504020032 ) ) ;
#5894 = DIRECTION ( 'NONE',  ( -1.000000000000000000, 0.000000000000000000, 0.000000000000000000 ) ) ;
#5895 = ORIENTED_EDGE ( 'NONE', *, *, #3980, .F. ) ;
#5896 = VERTEX_POINT ( 'NONE', #6585 ) ;
#5897 = CARTESIAN_POINT ( 'NONE',  ( 44.67741411731308432, 19.10293297913161936, 7.528563945517277922 ) ) ;
#5898 = EDGE_CURVE ( 'NONE', #5527, #6270, #5481, .T. ) ;
#5899 = CARTESIAN_POINT ( 'NONE',  ( 5.509911374088051872, 27.57807569686057292, 8.000000000000000000 ) ) ;
#5900 = VECTOR ( 'NONE', #1900, 1000.000000000000227 ) ;
#5901 = CARTESIAN_POINT ( 'NONE',  ( 11.70774859497003106, 44.59801324555579782, 6.298969915545149512 ) ) ;
#5902 = CARTESIAN_POINT ( 'NONE',  ( 13.89824849882607616, 51.72128154108565923, 1.499048882910475999 ) ) ;
#5903 = EDGE_CURVE ( 'NONE', #1885, #5483, #8086, .T. ) ;
#5904 = DIRECTION ( 'NONE',  ( -0.000000000000000000, -0.000000000000000000, -1.000000000000000000 ) ) ;
#5905 = EDGE_LOOP ( 'NONE', ( #778, #1521, #5344 ) ) ;
#5906 = EDGE_LOOP ( 'NONE', ( #2308, #8124, #8857, #7978 ) ) ;
#5907 = CARTESIAN_POINT ( 'NONE',  ( 13.17661023063241998, 5.799550168682022111, 0.5000000000000004441 ) ) ;
#5908 = CARTESIAN_POINT ( 'NONE',  ( 39.59730838130595743, 46.85372471462456190, 5.997911347054972531 ) ) ;
#5909 = CARTESIAN_POINT ( 'NONE',  ( 47.26396751762801074, 33.80221016166338899, 1.999999999999995781 ) ) ;
#5910 = CARTESIAN_POINT ( 'NONE',  ( 26.00991137390270680, 27.57807569686059068, 8.231562253903422999 ) ) ;
#5911 = CARTESIAN_POINT ( 'NONE',  ( 37.94194615321458741, 51.41691057053953529, 0.4999999999999997780 ) ) ;
#5912 = VECTOR ( 'NONE', #6046, 1000.000000000000000 ) ;
#5913 = AXIS2_PLACEMENT_3D ( 'NONE', #10023, #7716, #4682 ) ;
#5914 = CARTESIAN_POINT ( 'NONE',  ( 11.06919218370090441, 12.28837812619186565, 7.500002139297134995 ) ) ;
#5915 = CARTESIAN_POINT ( 'NONE',  ( 10.00991137390269969, 27.57807569686058358, 1.600000000000000089 ) ) ;
#5916 = ORIENTED_EDGE ( 'NONE', *, *, #6175, .T. ) ;
#5917 = DIRECTION ( 'NONE',  ( 0.000000000000000000, 0.000000000000000000, -1.000000000000000000 ) ) ;
#5918 = CARTESIAN_POINT ( 'NONE',  ( 15.60643868340264007, 3.239240823196561259, 1.719710159589848963 ) ) ;
#5919 = DIRECTION ( 'NONE',  ( 0.3663927175545109716, 0.8787370058161828590, 0.3059046438552873726 ) ) ;
#5920 = CARTESIAN_POINT ( 'NONE',  ( 47.32839341448098480, 31.32807569686055160, 7.000000000000000000 ) ) ;
#5921 = DIRECTION ( 'NONE',  ( 0.000000000000000000, 0.000000000000000000, -1.000000000000000000 ) ) ;
#5922 = ORIENTED_EDGE ( 'NONE', *, *, #6514, .T. ) ;
#5923 = CARTESIAN_POINT ( 'NONE',  ( 11.14018108194985146, 43.01905345446439100, 1.563477803079470263 ) ) ;
#5924 = EDGE_CURVE ( 'NONE', #7266, #1598, #3658, .T. ) ;
#5925 = DIRECTION ( 'NONE',  ( -0.000000000000000000, -0.000000000000000000, -1.000000000000000000 ) ) ;
#5926 = CARTESIAN_POINT ( 'NONE',  ( 40.95110813552972928, 42.86776945984998122, 7.500003566655681020 ) ) ;
#5927 = CARTESIAN_POINT ( 'NONE',  ( 41.25488643208961292, 42.13163984914846338, 1.890714072156466141 ) ) ;
#5928 = EDGE_LOOP ( 'NONE', ( #8031, #1024, #1037, #1252, #6348, #1847 ) ) ;
#5929 = DIRECTION ( 'NONE',  ( 0.000000000000000000, 0.000000000000000000, -1.000000000000000000 ) ) ;
#5930 = EDGE_LOOP ( 'NONE', ( #1541, #58, #3556, #6850 ) ) ;
#5931 = FACE_OUTER_BOUND ( 'NONE', #6766, .T. ) ;
#5932 = CIRCLE ( 'NONE', #9358, 0.5000000000000004441 ) ;
#5933 = ADVANCED_FACE ( 'NONE', ( #5658 ), #4269, .T. ) ;
#5934 = CARTESIAN_POINT ( 'NONE',  ( 14.46754337496895815, 3.611778947992397182, 0.1104680250919068824 ) ) ;
#5935 = B_SPLINE_CURVE_WITH_KNOTS ( 'NONE', 3,
 ( #703, #1459, #5251, #4530, #9305, #6853 ),
 .UNSPECIFIED., .F., .F.,
 ( 4, 2, 4 ),
 ( -1.337858178613324411E-05, 0.0006817846607389372541, 0.001376947903264007754 ),
 .UNSPECIFIED. ) ;
#5936 = DIRECTION ( 'NONE',  ( -0.000000000000000000, -0.000000000000000000, -1.000000000000000000 ) ) ;
#5937 = CARTESIAN_POINT ( 'NONE',  ( 11.12626201986563856, 41.64976370751448087, 2.000000000000064837 ) ) ;
#5938 = ADVANCED_FACE ( 'NONE', ( #8167 ), #994, .F. ) ;
#5939 = CARTESIAN_POINT ( 'NONE',  ( 48.01936263247512926, 21.72347376882575887, 2.303511102275172640 ) ) ;
#5940 = CARTESIAN_POINT ( 'NONE',  ( 39.35730293444156302, 44.27059514325109291, 7.730602036218144235 ) ) ;
#5941 = EDGE_CURVE ( 'NONE', #3335, #2355, #7165, .T. ) ;
#5942 = DIRECTION ( 'NONE',  ( -1.000000000000000000, -5.204170427930560912E-15, 0.000000000000000000 ) ) ;
#5943 = CARTESIAN_POINT ( 'NONE',  ( 12.95087392402230186, 8.444295124504575867, 0.2779446772586045000 ) ) ;
#5944 = AXIS2_PLACEMENT_3D ( 'NONE', #9999, #9186, #5376 ) ;
#5945 = CARTESIAN_POINT ( 'NONE',  ( 15.95556078484412765, 51.86219066137248745, 2.082418752434828768 ) ) ;
#5946 = ORIENTED_EDGE ( 'NONE', *, *, #4931, .F. ) ;
#5947 = ORIENTED_EDGE ( 'NONE', *, *, #1433, .T. ) ;
#5948 = CARTESIAN_POINT ( 'NONE',  ( 45.11098098473835449, 20.19121040012263890, 7.641146762559911210 ) ) ;
#5949 = CARTESIAN_POINT ( 'NONE',  ( 10.00991137390269969, 27.57807569686058358, 7.000000000000000000 ) ) ;
#5950 = CARTESIAN_POINT ( 'NONE',  ( 11.30262844719548809, 43.46527100343168115, 7.084047704488225961 ) ) ;
#5951 = ORIENTED_EDGE ( 'NONE', *, *, #8974, .T. ) ;
#5952 = B_SPLINE_CURVE_WITH_KNOTS ( 'NONE', 3,
 ( #3492, #5136, #3586, #4307, #4209, #7443, #5857, #6728, #1848, #6673, #1239, #8310 ),
 .UNSPECIFIED., .F., .F.,
 ( 4, 2, 2, 2, 2, 4 ),
 ( -5.999999998929807746E-08, 0.0002373471383027014067, 0.0004747542766053921030, 0.0009495685532107759350, 0.001424382829816160092, 0.001899197106421543924 ),
 .UNSPECIFIED. ) ;
#5953 = CARTESIAN_POINT ( 'NONE',  ( 43.50991137363070749, 26.30209948433251554, 5.567050983124831376 ) ) ;
#5954 = EDGE_CURVE ( 'NONE', #7189, #8260, #2244, .T. ) ;
#5955 = CIRCLE ( 'NONE', #1523, 0.4999999999999865663 ) ;
#5956 = AXIS2_PLACEMENT_3D ( 'NONE', #4186, #2694, #5730 ) ;
#5957 = FACE_BOUND ( 'NONE', #9350, .T. ) ;
#5958 = CIRCLE ( 'NONE', #8567, 0.6499999999999978018 ) ;
#5959 = VERTEX_POINT ( 'NONE', #1049 ) ;
#5960 = ORIENTED_EDGE ( 'NONE', *, *, #5607, .T. ) ;
#5961 = DIRECTION ( 'NONE',  ( -0.000000000000000000, -0.000000000000000000, -1.000000000000000000 ) ) ;
#5962 = DIRECTION ( 'NONE',  ( -0.000000000000000000, -0.000000000000000000, -1.000000000000000000 ) ) ;
#5963 = CARTESIAN_POINT ( 'NONE',  ( 45.80268872672048275, 35.06961711939273840, 6.974480095893026643 ) ) ;
#5964 = CARTESIAN_POINT ( 'NONE',  ( 10.63784995597079153, 14.53781177678320269, 8.000000000000000000 ) ) ;
#5965 = CARTESIAN_POINT ( 'NONE',  ( 26.00991137390269969, 27.57807569686058358, 2.000000000000000000 ) ) ;
#5966 = CARTESIAN_POINT ( 'NONE',  ( 14.17655859908084537, 50.92312017234762322, 0.000000000000000000 ) ) ;
#5967 = CARTESIAN_POINT ( 'NONE',  ( 47.58319113787141674, 31.32807569686055160, 2.000000000000000000 ) ) ;
#5968 = AXIS2_PLACEMENT_3D ( 'NONE', #4280, #5106, #6648 ) ;
#5969 = VERTEX_POINT ( 'NONE', #9654 ) ;
#5970 = FACE_OUTER_BOUND ( 'NONE', #8800, .T. ) ;
#5971 = B_SPLINE_CURVE_WITH_KNOTS ( 'NONE', 3,
 ( #5027, #1087, #3485, #9079, #5852, #2088, #1945, #5219, #517, #423, #9745, #5950, #2044, #5802, #6621, #3581, #1995, #7480, #7531, #373, #6668, #3434, #2711, #5174, #8302, #3536, #5901, #4204, #8979, #1278, #7336, #468, #6721, #324, #1898, #8152, #4301, #5080, #8206 ),
 .UNSPECIFIED., .F., .F.,
 ( 4, 2, 1, 2, 2, 1, 1, 2, 2, 2, 2, 1, 2, 2, 1, 2, 2, 2, 2, 2, 2, 4 ),
 ( 0.08691340766616634239, 0.1154473636767899269, 0.1225808526794455178, 0.1243642249301091518, 0.1252559110554408439, 0.1261475971807725638, 0.1297143416820981388, 0.1439813196874005219, 0.2010492317086127190, 0.2295831877192189563, 0.2438501657245199239, 0.2474169102258449437, 0.2492002824764995572, 0.2500919686018249211, 0.2509836547271503404, 0.2581171437297485882, 0.3151850557505371242, 0.4293208797921143627, 0.4863887918129028987, 0.5434567038336914901, 0.7717283519168458561, 1.000000000000000000 ),
 .UNSPECIFIED. ) ;
#5972 = CARTESIAN_POINT ( 'NONE',  ( 36.25793661713538540, 51.44168842127428576, 1.518327244431517675 ) ) ;
#5973 = CARTESIAN_POINT ( 'NONE',  ( 14.84603154205246689, 4.474161356041173931, 3.430018603917437403 ) ) ;
#5974 = ADVANCED_FACE ( 'NONE', ( #4165 ), #6390, .T. ) ;
#5975 = DIRECTION ( 'NONE',  ( -0.7652177220739277974, -0.6437715727057145010, 0.000000000000000000 ) ) ;
#5976 = ORIENTED_EDGE ( 'NONE', *, *, #2802, .T. ) ;
#5977 = CARTESIAN_POINT ( 'NONE',  ( 11.20480484656375531, 43.18399006484593627, 2.098921833786269175 ) ) ;
#5978 = VECTOR ( 'NONE', #585, 1000.000000000000000 ) ;
#5979 = CARTESIAN_POINT ( 'NONE',  ( 39.39668126762024514, 47.51772549522577549, 4.313479792701240711 ) ) ;
#5980 = LINE ( 'NONE', #9105, #898 ) ;
#5981 = CARTESIAN_POINT ( 'NONE',  ( 36.00991137390269614, 51.70407734673669609, 2.463835190145074794 ) ) ;
#5982 = ORIENTED_EDGE ( 'NONE', *, *, #4723, .T. ) ;
#5983 = CARTESIAN_POINT ( 'NONE',  ( 46.02305306565396847, 35.33155272608051689, 2.500000000000000444 ) ) ;
#5984 = EDGE_LOOP ( 'NONE', ( #521, #7229, #3097, #9454 ) ) ;
#5985 = CARTESIAN_POINT ( 'NONE',  ( 41.09356010224515643, 41.46092630575288496, 2.007118865844238265 ) ) ;
#5986 = CARTESIAN_POINT ( 'NONE',  ( 45.80268872672046854, 35.06961711939273840, 6.974480095893027531 ) ) ;
#5987 = DIRECTION ( 'NONE',  ( 1.000000000000000000, 0.000000000000000000, 0.000000000000000000 ) ) ;
#5988 = FACE_OUTER_BOUND ( 'NONE', #2070, .T. ) ;
#5989 = CARTESIAN_POINT ( 'NONE',  ( 48.01543761695865697, 21.50077591632185658, 2.568528709632051932 ) ) ;
#5990 = CARTESIAN_POINT ( 'NONE',  ( 40.24727706954817563, 43.54839739990130454, 7.989412237230057556 ) ) ;
#5991 = LINE ( 'NONE', #2896, #3647 ) ;
#5992 = CARTESIAN_POINT ( 'NONE',  ( 11.94575477381771478, 9.858079177798131809, 0.7701091183238096827 ) ) ;
#5993 = CARTESIAN_POINT ( 'NONE',  ( 15.83763509780404100, 51.94168842127428576, 1.518327244431517675 ) ) ;
#5994 = ORIENTED_EDGE ( 'NONE', *, *, #2378, .T. ) ;
#5995 = ORIENTED_EDGE ( 'NONE', *, *, #8024, .F. ) ;
#5996 = CARTESIAN_POINT ( 'NONE',  ( 14.17655859908082583, 50.92312017234762322, 8.000000000000000000 ) ) ;
#5997 = ADVANCED_FACE ( 'NONE', ( #9809 ), #2056, .F. ) ;
#5998 = ADVANCED_FACE ( 'NONE', ( #635 ), #530, .T. ) ;
#5999 = FACE_OUTER_BOUND ( 'NONE', #5754, .T. ) ;
#6000 =( BOUNDED_CURVE ( )  B_SPLINE_CURVE ( 3, ( #6767, #9893, #1136, #6002 ),
 .UNSPECIFIED., .F., .T. ) 
 B_SPLINE_CURVE_WITH_KNOTS ( ( 4, 4 ),
 ( 0.5722004430139724374, 0.9851107833377433787 ),
 .UNSPECIFIED. ) 
 CURVE ( )  GEOMETRIC_REPRESENTATION_ITEM ( )  RATIONAL_B_SPLINE_CURVE ( ( 1.000000000000000000, 0.9858424821176616781, 0.9858424821176616781, 1.000000000000000000 ) ) 
 REPRESENTATION_ITEM ( '' )  );
#6001 = ORIENTED_EDGE ( 'NONE', *, *, #8456, .F. ) ;
#6002 = CARTESIAN_POINT ( 'NONE',  ( 47.88924557536092408, 33.76153983655990487, 2.500000000000000444 ) ) ;
#6003 = ORIENTED_EDGE ( 'NONE', *, *, #1111, .T. ) ;
#6004 = CARTESIAN_POINT ( 'NONE',  ( 12.89893939760601604, 48.43508788578164115, 4.937177393473307419 ) ) ;
#6005 = PLANE ( 'NONE',  #4542 ) ;
#6006 = ORIENTED_EDGE ( 'NONE', *, *, #5766, .T. ) ;
#6007 = VERTEX_POINT ( 'NONE', #2870 ) ;
#6008 = VECTOR ( 'NONE', #981, 1000.000000000000114 ) ;
#6009 = CARTESIAN_POINT ( 'NONE',  ( 41.69908713641635245, 14.03092311162574113, 7.500000000000000000 ) ) ;
#6010 = EDGE_CURVE ( 'NONE', #1035, #6617, #2925, .T. ) ;
#6011 = CARTESIAN_POINT ( 'NONE',  ( 26.00991137390269969, 27.57807569686058358, 1.600000000000000089 ) ) ;
#6012 = CARTESIAN_POINT ( 'NONE',  ( 40.97839585887388836, 13.57087326568976415, 1.999999999999574563 ) ) ;
#6013 = CARTESIAN_POINT ( 'NONE',  ( 11.32405161062676413, 12.99699001337213389, 8.000000000000000000 ) ) ;
#6014 = FACE_OUTER_BOUND ( 'NONE', #1435, .T. ) ;
#6015 = DIRECTION ( 'NONE',  ( 0.7652177220739261321, 0.6437715727057166104, -0.000000000000000000 ) ) ;
#6016 = CARTESIAN_POINT ( 'NONE',  ( 25.35991137390269756, 10.07807569686058180, 6.500000000000000000 ) ) ;
#6017 = ORIENTED_EDGE ( 'NONE', *, *, #2927, .F. ) ;
#6018 = FACE_BOUND ( 'NONE', #3248, .T. ) ;
#6019 = EDGE_CURVE ( 'NONE', #1410, #10118, #3493, .T. ) ;
#6020 = CARTESIAN_POINT ( 'NONE',  ( 14.81610953187492008, 4.572572932919470645, 3.496030322745881769 ) ) ;
#6021 = CARTESIAN_POINT ( 'NONE',  ( 42.33323298315241345, 39.97951623549126765, 2.500000000000000444 ) ) ;
#6022 = VERTEX_POINT ( 'NONE', #5915 ) ;
#6023 = DIRECTION ( 'NONE',  ( 0.000000000000000000, 0.000000000000000000, 1.000000000000000000 ) ) ;
#6024 = DIRECTION ( 'NONE',  ( 0.000000000000000000, 0.000000000000000000, 1.000000000000000000 ) ) ;
#6025 = DIRECTION ( 'NONE',  ( 0.6525779272499567796, 0.5490086107783228586, -0.5222371053050580691 ) ) ;
#6026 = ADVANCED_FACE ( 'NONE', ( #4406 ), #5233, .F. ) ;
#6027 = DIRECTION ( 'NONE',  ( 0.000000000000000000, -1.000000000000000000, 0.000000000000000000 ) ) ;
#6028 = ORIENTED_EDGE ( 'NONE', *, *, #1739, .T. ) ;
#6029 = DIRECTION ( 'NONE',  ( -0.9504442985305046054, -0.3108948944432142758, -0.000000000000000000 ) ) ;
#6030 = ORIENTED_EDGE ( 'NONE', *, *, #3416, .F. ) ;
#6031 = CARTESIAN_POINT ( 'NONE',  ( 48.55316943299862231, 23.82807569686055871, 8.000000000000000000 ) ) ;
#6032 = LINE ( 'NONE', #5204, #5615 ) ;
#6033 = CARTESIAN_POINT ( 'NONE',  ( 26.00991137390269969, 27.57807569686058358, 11.30000000000000071 ) ) ;
#6034 = CARTESIAN_POINT ( 'NONE',  ( 9.307777521155234268, -11.06367011885005525, 6.500000000000000888 ) ) ;
#6035 = DIRECTION ( 'NONE',  ( 1.000000000000000000, -0.000000000000000000, 0.000000000000000000 ) ) ;
#6036 =( GEOMETRIC_REPRESENTATION_CONTEXT ( 3 ) GLOBAL_UNCERTAINTY_ASSIGNED_CONTEXT ( ( #2702 ) ) GLOBAL_UNIT_ASSIGNED_CONTEXT ( ( #6233, #7621, #8539 ) ) REPRESENTATION_CONTEXT ( 'NONE', 'WORKASPACE' ) );
#6037 = AXIS2_PLACEMENT_3D ( 'NONE', #4114, #944, #7091 ) ;
#6038 = CARTESIAN_POINT ( 'NONE',  ( 43.50644096050604048, 38.26083996541552068, 6.500000000000000888 ) ) ;
#6039 = DIRECTION ( 'NONE',  ( 0.9504442985305053826, 0.3108948944432113892, 0.000000000000000000 ) ) ;
#6040 = CIRCLE ( 'NONE', #1606, 0.2500000000000002220 ) ;
#6041 = DIRECTION ( 'NONE',  ( 0.000000000000000000, 0.000000000000000000, 1.000000000000000000 ) ) ;
#6042 = CARTESIAN_POINT ( 'NONE',  ( 41.15023764180677546, 12.78785692851971412, 8.000000000000000000 ) ) ;
#6043 = CARTESIAN_POINT ( 'NONE',  ( 10.64858708006177146, 41.85570127801050688, 8.000000000000000000 ) ) ;
#6044 = VERTEX_POINT ( 'NONE', #2205 ) ;
#6045 = ORIENTED_EDGE ( 'NONE', *, *, #2967, .T. ) ;
#6046 = DIRECTION ( 'NONE',  ( -0.000000000000000000, -0.000000000000000000, -1.000000000000000000 ) ) ;
#6047 = CARTESIAN_POINT ( 'NONE',  ( 41.31721935482433139, 13.93822976241757416, 2.025257042622782055 ) ) ;
#6048 = EDGE_CURVE ( 'NONE', #2254, #2885, #5663, .T. ) ;
#6049 = VERTEX_POINT ( 'NONE', #4359 ) ;
#6050 = CARTESIAN_POINT ( 'NONE',  ( 47.76728675876773877, 33.86414281725244990, 6.416196309676133858 ) ) ;
#6051 = EDGE_CURVE ( 'NONE', #5202, #5030, #6719, .T. ) ;
#6052 = CARTESIAN_POINT ( 'NONE',  ( 42.32099631002365214, 39.99574489021150470, 2.494816590703424986 ) ) ;
#6053 = VERTEX_POINT ( 'NONE', #6016 ) ;
#6054 = VERTEX_POINT ( 'NONE', #5967 ) ;
#6055 = DIRECTION ( 'NONE',  ( 0.000000000000000000, -1.000000000000000000, 0.000000000000000000 ) ) ;
#6056 = VECTOR ( 'NONE', #2007, 1000.000000000000000 ) ;
#6057 =( BOUNDED_CURVE ( )  B_SPLINE_CURVE ( 3, ( #6931, #1587, #10098, #3743 ),
 .UNSPECIFIED., .F., .F. ) 
 B_SPLINE_CURVE_WITH_KNOTS ( ( 4, 4 ),
 ( 1.570796326794900777, 3.141592653589800221 ),
 .UNSPECIFIED. ) 
 CURVE ( )  GEOMETRIC_REPRESENTATION_ITEM ( )  RATIONAL_B_SPLINE_CURVE ( ( 1.000000000000000000, 0.8047378541243643824, 0.8047378541243643824, 1.000000000000000000 ) ) 
 REPRESENTATION_ITEM ( '' )  );
#6058 = ADVANCED_FACE ( 'NONE', ( #5337 ), #9955, .F. ) ;
#6059 = CIRCLE ( 'NONE', #662, 0.6999999999999992895 ) ;
#6060 = CARTESIAN_POINT ( 'NONE',  ( 11.41153021641830811, 42.73057307282073225, 7.999768011556695591 ) ) ;
#6061 = FACE_BOUND ( 'NONE', #8661, .T. ) ;
#6062 = B_SPLINE_CURVE_WITH_KNOTS ( 'NONE', 3,
 ( #6791, #4364, #441, #7650, #8470, #8319, #1447, #9194 ),
 .UNSPECIFIED., .F., .F.,
 ( 4, 2, 2, 4 ),
 ( 0.000000000000000000, 0.0002384318948989726282, 0.0003576478423484586171, 0.0004768637897979446059 ),
 .UNSPECIFIED. ) ;
#6063 = CYLINDRICAL_SURFACE ( 'NONE', #8184, 0.6499999999999995781 ) ;
#6064 = CARTESIAN_POINT ( 'NONE',  ( 14.96053686825679918, 51.05580488328942579, 3.179274115666989253 ) ) ;
#6065 = CARTESIAN_POINT ( 'NONE',  ( 13.94529211227606247, 3.782609861067995904, 2.358488364290713513 ) ) ;
#6066 = EDGE_CURVE ( 'NONE', #1885, #2813, #1760, .T. ) ;
#6067 = ORIENTED_EDGE ( 'NONE', *, *, #6514, .F. ) ;
#6068 = AXIS2_PLACEMENT_3D ( 'NONE', #7575, #2139, #5363 ) ;
#6069 = DIRECTION ( 'NONE',  ( 1.000000000000000000, 0.000000000000000000, -0.000000000000000000 ) ) ;
#6070 = CIRCLE ( 'NONE', #3928, 0.6500000000000012434 ) ;
#6071 = CARTESIAN_POINT ( 'NONE',  ( 14.85602807443998863, 4.441301035688868915, 3.407976824926420178 ) ) ;
#6072 = CARTESIAN_POINT ( 'NONE',  ( 47.72503554060637754, 21.71467905006102583, 6.851659827437510231 ) ) ;
#6073 = ORIENTED_EDGE ( 'NONE', *, *, #10004, .T. ) ;
#6074 = DIRECTION ( 'NONE',  ( 0.000000000000000000, 0.000000000000000000, -1.000000000000000000 ) ) ;
#6075 = CARTESIAN_POINT ( 'NONE',  ( 11.00315964061389273, 13.72921108162135795, 2.000000000000000000 ) ) ;
#6076 = CYLINDRICAL_SURFACE ( 'NONE', #5312, 0.6499999999999978018 ) ;
#6077 = EDGE_CURVE ( 'NONE', #7525, #1035, #760, .T. ) ;
#6078 = DIRECTION ( 'NONE',  ( 0.000000000000000000, 0.000000000000000000, -1.000000000000000000 ) ) ;
#6079 = B_SPLINE_CURVE_WITH_KNOTS ( 'NONE', 3,
 ( #2854, #9271, #8346, #6818, #6914, #1473 ),
 .UNSPECIFIED., .F., .F.,
 ( 4, 2, 4 ),
 ( -9.186500711604136704E-06, 0.0004062441184701253609, 0.0008216747376518548484 ),
 .UNSPECIFIED. ) ;
#6080 = VERTEX_POINT ( 'NONE', #586 ) ;
#6081 = DIRECTION ( 'NONE',  ( -1.000000000000000000, 0.000000000000000000, -0.000000000000000000 ) ) ;
#6082 = ORIENTED_EDGE ( 'NONE', *, *, #4273, .T. ) ;
#6083 = CARTESIAN_POINT ( 'NONE',  ( 41.37296820507071260, 41.85926380550551329, 2.500000000000000444 ) ) ;
#6084 = CARTESIAN_POINT ( 'NONE',  ( 13.69851161557113706, 4.086501082639999893, 0.5000000000000004441 ) ) ;
#6085 = CARTESIAN_POINT ( 'NONE',  ( 26.00991137390269969, 10.07807569686058180, 6.500000000000000000 ) ) ;
#6086 = EDGE_CURVE ( 'NONE', #6250, #1694, #7520, .T. ) ;
#6087 = FACE_OUTER_BOUND ( 'NONE', #4250, .T. ) ;
#6088 = CARTESIAN_POINT ( 'NONE',  ( 36.95645269058208982, 10.23667711300924488, 7.295352154703639513 ) ) ;
#6089 = CARTESIAN_POINT ( 'NONE',  ( 41.46182723479103061, 14.70536322358939429, 2.000000000000000444 ) ) ;
#6090 = CARTESIAN_POINT ( 'NONE',  ( 48.12077144904461790, 33.22523560895082539, 6.656648387569347847 ) ) ;
#6091 = CARTESIAN_POINT ( 'NONE',  ( 14.17655859908083293, 4.233031221373528830, 0.5000000000000004441 ) ) ;
#6092 = CARTESIAN_POINT ( 'NONE',  ( 41.63856590388332535, 15.03601926599939631, 8.000000000000000000 ) ) ;
#6093 = CARTESIAN_POINT ( 'NONE',  ( 10.30322087831573796, 41.08734510839909149, 7.999999999999999112 ) ) ;
#6094 = EDGE_LOOP ( 'NONE', ( #5338, #33 ) ) ;
#6095 = FACE_OUTER_BOUND ( 'NONE', #3128, .T. ) ;
#6096 = CARTESIAN_POINT ( 'NONE',  ( 37.17379120582815233, 50.68199003772043199, 3.430018603890307549 ) ) ;
#6097 = FACE_BOUND ( 'NONE', #2793, .T. ) ;
#6098 = ADVANCED_FACE ( 'NONE', ( #8416 ), #1395, .T. ) ;
#6099 = AXIS2_PLACEMENT_3D ( 'NONE', #4252, #5850, #2807 ) ;
#6100 = ORIENTED_EDGE ( 'NONE', *, *, #5109, .F. ) ;
#6101 = CARTESIAN_POINT ( 'NONE',  ( 47.49222340034576462, 34.09555142912451942, 6.480908276950656521 ) ) ;
#6102 = FACE_OUTER_BOUND ( 'NONE', #9846, .T. ) ;
#6103 = AXIS2_PLACEMENT_3D ( 'NONE', #5055, #5725, #1923 ) ;
#6104 = CARTESIAN_POINT ( 'NONE',  ( 53.74831193812256203, 10.64198600275350515, 6.500000000000000888 ) ) ;
#6105 = VERTEX_POINT ( 'NONE', #6260 ) ;
#6106 = ORIENTED_EDGE ( 'NONE', *, *, #3974, .T. ) ;
#6107 = CARTESIAN_POINT ( 'NONE',  ( 42.51899916007118918, -8.369881724423240854, 8.000000000000000000 ) ) ;
#6108 = DIRECTION ( 'NONE',  ( 0.000000000000000000, 0.000000000000000000, -1.000000000000000000 ) ) ;
#6109 = DIRECTION ( 'NONE',  ( 1.000000000000000000, 0.000000000000000000, -0.000000000000000000 ) ) ;
#6110 = TOROIDAL_SURFACE ( 'NONE', #4782, 19.99999999981464427, 0.5000000000000000000 ) ;
#6111 = CARTESIAN_POINT ( 'NONE',  ( 48.79846204852487546, 31.62636164479878786, 3.249999999999999556 ) ) ;
#6112 = CARTESIAN_POINT ( 'NONE',  ( 46.50991137363070749, 24.07807569686055871, 7.213491317401589775 ) ) ;
#6113 = VECTOR ( 'NONE', #2835, 1000.000000000000000 ) ;
#6114 = CYLINDRICAL_SURFACE ( 'NONE', #2852, 16.49999999999999645 ) ;
#6115 = DIRECTION ( 'NONE',  ( -0.000000000000000000, -0.000000000000000000, -1.000000000000000000 ) ) ;
#6116 = ORIENTED_EDGE ( 'NONE', *, *, #4113, .T. ) ;
#6117 = EDGE_CURVE ( 'NONE', #2241, #160, #3016, .T. ) ;
#6118 = APPLICATION_PROTOCOL_DEFINITION ( 'draft international standard', 'automotive_design', 1998, #5049 ) ;
#6119 = ORIENTED_EDGE ( 'NONE', *, *, #8192, .T. ) ;
#6120 =( BOUNDED_CURVE ( )  B_SPLINE_CURVE ( 3, ( #3104, #6246, #6822, #9367 ),
 .UNSPECIFIED., .F., .T. ) 
 B_SPLINE_CURVE_WITH_KNOTS ( ( 4, 4 ),
 ( 2.551769926811028988, 2.632019266890506692 ),
 .UNSPECIFIED. ) 
 CURVE ( )  GEOMETRIC_REPRESENTATION_ITEM ( )  RATIONAL_B_SPLINE_CURVE ( ( 1.000000000000000000, 0.9994634089493434903, 0.9994634089493434903, 1.000000000000000000 ) ) 
 REPRESENTATION_ITEM ( '' )  );
#6121 = AXIS2_PLACEMENT_3D ( 'NONE', #6091, #6041, #2800 ) ;
#6122 = VECTOR ( 'NONE', #9924, 1000.000000000000000 ) ;
#6123 = FACE_OUTER_BOUND ( 'NONE', #2862, .T. ) ;
#6124 = EDGE_CURVE ( 'NONE', #2640, #7002, #4733, .T. ) ;
#6125 = CARTESIAN_POINT ( 'NONE',  ( 13.76818414626132991, 3.859198062129857831, 3.017518516297014397 ) ) ;
#6126 = DIRECTION ( 'NONE',  ( 0.000000000000000000, -0.9444110645482539645, -0.3287670013228723431 ) ) ;
#6127 = EDGE_CURVE ( 'NONE', #8000, #5039, #4666, .T. ) ;
#6128 = ORIENTED_EDGE ( 'NONE', *, *, #4206, .T. ) ;
#6129 = CARTESIAN_POINT ( 'NONE',  ( 37.65604130618127954, 44.55375050596587982, 1.029221305578137846 ) ) ;
#6130 = CIRCLE ( 'NONE', #9886, 0.6499999999999995781 ) ;
#6131 = CARTESIAN_POINT ( 'NONE',  ( 11.00314175247940263, 13.72588557911651286, 2.000000000000000444 ) ) ;
#6132 = CARTESIAN_POINT ( 'NONE',  ( 42.09422905788780866, 40.32881398761878700, 2.111765937974639407 ) ) ;
#6133 = VERTEX_POINT ( 'NONE', #6318 ) ;
#6134 = CYLINDRICAL_SURFACE ( 'NONE', #554, 2.000000000000001776 ) ;
#6135 = ORIENTED_EDGE ( 'NONE', *, *, #8530, .F. ) ;
#6136 = CARTESIAN_POINT ( 'NONE',  ( 41.06643037144880282, 41.31391373549703872, 2.000000000000000444 ) ) ;
#6137 = DIRECTION ( 'NONE',  ( 0.000000000000000000, 0.3287670013228723986, -0.9444110645482540756 ) ) ;
#6138 = EDGE_CURVE ( 'NONE', #5030, #8210, #2253, .T. ) ;
#6139 = CARTESIAN_POINT ( 'NONE',  ( 42.00550972678298933, 27.95335337183384183, 3.990000000000000657 ) ) ;
#6140 = B_SPLINE_SURFACE_WITH_KNOTS ( 'NONE', 3, 1, ( 
 ( #7504, #6742 ),
 ( #8901, #7410 ),
 ( #2065, #6644 ),
 ( #3654, #1874 ),
 ( #5001, #1108 ),
 ( #6594, #9003 ) ),
 .UNSPECIFIED., .F., .F., .F.,
 ( 4, 1, 1, 4 ),
 ( 2, 2 ),
 ( 0.01311306530685753084, 0.8971699018788490410, 0.9956877298161129763, 1.000000000000000000 ),
 ( 0.000000000000000000, 1.000000000000000000 ),
 .UNSPECIFIED. ) ;
#6141 = CARTESIAN_POINT ( 'NONE',  ( 11.20901980220977734, 11.93514677843975313, 7.254275567911752098 ) ) ;
#6142 = CIRCLE ( 'NONE', #9282, 0.5000000000000004441 ) ;
#6143 = FILL_AREA_STYLE ('',( #2132 ) ) ;
#6144 = DIRECTION ( 'NONE',  ( 1.000000000000000000, -0.000000000000000000, 0.000000000000000000 ) ) ;
#6145 = DIRECTION ( 'NONE',  ( 1.000000000000000000, -0.000000000000000000, 0.000000000000000000 ) ) ;
#6146 = CARTESIAN_POINT ( 'NONE',  ( 41.88971259403336944, 14.44143977111906096, 7.500000000000000000 ) ) ;
#6147 = DIRECTION ( 'NONE',  ( 0.9560939670194144036, -0.2930602774670749699, 0.000000000000000000 ) ) ;
#6148 = ORIENTED_EDGE ( 'NONE', *, *, #7853, .T. ) ;
#6149 = DIRECTION ( 'NONE',  ( -0.000000000000000000, -0.000000000000000000, -1.000000000000000000 ) ) ;
#6150 = CARTESIAN_POINT ( 'NONE',  ( 38.48241233050109145, 50.54296900968245154, 3.523270000780564182 ) ) ;
#6151 = DIRECTION ( 'NONE',  ( -0.000000000000000000, -0.000000000000000000, -1.000000000000000000 ) ) ;
#6152 = ORIENTED_EDGE ( 'NONE', *, *, #5141, .T. ) ;
#6153 = CARTESIAN_POINT ( 'NONE',  ( 38.02634617107126758, 3.124193183775168414, 1.290655513910670793 ) ) ;
#6154 = CARTESIAN_POINT ( 'NONE',  ( 42.35788392518427514, 39.94714168645511876, 7.500000000000000000 ) ) ;
#6155 = CARTESIAN_POINT ( 'NONE',  ( 42.27615751581481618, 40.05443737813622818, 2.463952414071302055 ) ) ;
#6156 = ORIENTED_EDGE ( 'NONE', *, *, #4989, .T. ) ;
#6157 = ADVANCED_FACE ( 'NONE', ( #5381, #8516 ), #9387, .F. ) ;
#6158 = VERTEX_POINT ( 'NONE', #4712 ) ;
#6159 = CARTESIAN_POINT ( 'NONE',  ( 42.19927443133237688, 14.98924123746543735, 7.500000000000001776 ) ) ;
#6160 = DIRECTION ( 'NONE',  ( -0.9504442985305106006, 0.3108948944431954020, 0.000000000000000000 ) ) ;
#6161 = LINE ( 'NONE', #6881, #2815 ) ;
#6162 = DIRECTION ( 'NONE',  ( -1.000000000000000000, 0.000000000000000000, 0.000000000000000000 ) ) ;
#6163 = CARTESIAN_POINT ( 'NONE',  ( 11.73469500026104662, 43.08931975606328280, 7.999999999999992895 ) ) ;
#6164 = CARTESIAN_POINT ( 'NONE',  ( 11.40132913974857765, 13.19510523791962164, 1.931789759631673098 ) ) ;
#6165 = CARTESIAN_POINT ( 'NONE',  ( 46.50991137363070749, 28.06545524120993207, 6.140000000000001457 ) ) ;
#6166 = ORIENTED_EDGE ( 'NONE', *, *, #4379, .T. ) ;
#6167 = ORIENTED_EDGE ( 'NONE', *, *, #2014, .T. ) ;
#6168 = CARTESIAN_POINT ( 'NONE',  ( 48.04618467367643575, 35.44793070902910159, 7.000000000000000888 ) ) ;
#6169 = CARTESIAN_POINT ( 'NONE',  ( 13.67832052944089938, 4.152390778346283007, 3.214183947306557876 ) ) ;
#6170 = CARTESIAN_POINT ( 'NONE',  ( 48.20665226076101106, 23.82807569686056226, 6.835578562418069382 ) ) ;
#6171 = ORIENTED_EDGE ( 'NONE', *, *, #7306, .F. ) ;
#6172 = EDGE_CURVE ( 'NONE', #1410, #5581, #1493, .T. ) ;
#6173 = DIRECTION ( 'NONE',  ( 0.000000000000000000, 0.000000000000000000, -1.000000000000000000 ) ) ;
#6174 = DIRECTION ( 'NONE',  ( 1.000000000000000000, -8.462065736584504477E-17, 0.000000000000000000 ) ) ;
#6175 = EDGE_CURVE ( 'NONE', #2805, #8694, #5808, .T. ) ;
#6176 = CARTESIAN_POINT ( 'NONE',  ( 41.56099813141319288, 41.43228286704260199, 2.500478352239712709 ) ) ;
#6177 = EDGE_CURVE ( 'NONE', #1598, #4213, #9490, .T. ) ;
#6178 = ORIENTED_EDGE ( 'NONE', *, *, #9642, .T. ) ;
#6179 = CARTESIAN_POINT ( 'NONE',  ( 26.00991137390270680, 27.57807569686059068, 8.000000000000000000 ) ) ;
#6180 = ORIENTED_EDGE ( 'NONE', *, *, #8208, .F. ) ;
#6181 = CARTESIAN_POINT ( 'NONE',  ( 48.29261033246225310, 21.73395911350037935, 6.171150282776189044 ) ) ;
#6182 = DIRECTION ( 'NONE',  ( 0.2885294873281413763, -0.9574710099747982817, 0.000000000000000000 ) ) ;
#6183 = DIRECTION ( 'NONE',  ( -1.000000000000000000, 8.462065736584503245E-17, 0.000000000000000000 ) ) ;
#6184 = ORIENTED_EDGE ( 'NONE', *, *, #3673, .T. ) ;
#6185 = LINE ( 'NONE', #4533, #4077 ) ;
#6186 = CARTESIAN_POINT ( 'NONE',  ( 41.07101204218297852, 13.85252136755971719, 2.000000000000000444 ) ) ;
#6187 = CARTESIAN_POINT ( 'NONE',  ( 11.14024718164019134, 12.13206281402573339, 7.555221779084312139 ) ) ;
#6188 = CARTESIAN_POINT ( 'NONE',  ( 12.65418140381406253, 44.26299269405635783, 7.726936733581217354 ) ) ;
#6189 = CARTESIAN_POINT ( 'NONE',  ( 41.20327452565219772, 14.14700380084083520, 8.000000000000000000 ) ) ;
#6190 = EDGE_CURVE ( 'NONE', #2983, #4155, #3894, .T. ) ;
#6191 = CARTESIAN_POINT ( 'NONE',  ( 39.54744014380551675, 8.134839032828242722, 0.7501502095328014263 ) ) ;
#6192 = ORIENTED_EDGE ( 'NONE', *, *, #9377, .T. ) ;
#6193 = CARTESIAN_POINT ( 'NONE',  ( 43.50644096050604048, 16.89531142830562871, 8.000000000000000000 ) ) ;
#6194 = AXIS2_PLACEMENT_3D ( 'NONE', #5965, #4404, #5000 ) ;
#6195 = CARTESIAN_POINT ( 'NONE',  ( 37.24365980790742725, 50.45208334019638130, 3.584233552528949929 ) ) ;
#6196 = CARTESIAN_POINT ( 'NONE',  ( 26.00991137390270680, 27.57807569686059068, 8.000000000000000000 ) ) ;
#6197 = AXIS2_PLACEMENT_3D ( 'NONE', #9537, #7334, #217 ) ;
#6198 = EDGE_LOOP ( 'NONE', ( #569, #7211, #205, #2255 ) ) ;
#6199 = CYLINDRICAL_SURFACE ( 'NONE', #9439, 0.6999999999999992895 ) ;
#6200 = DIRECTION ( 'NONE',  ( 0.000000000000000000, 0.000000000000000000, 1.000000000000000000 ) ) ;
#6201 = EDGE_CURVE ( 'NONE', #992, #986, #9336, .T. ) ;
#6202 = ORIENTED_EDGE ( 'NONE', *, *, #982, .T. ) ;
#6203 = VERTEX_POINT ( 'NONE', #5487 ) ;
#6204 = DIRECTION ( 'NONE',  ( 0.000000000000000000, 0.000000000000000000, -1.000000000000000000 ) ) ;
#6205 = CARTESIAN_POINT ( 'NONE',  ( 47.32839341448475778, 23.82807569686055871, 7.000000000000000000 ) ) ;
#6206 = CARTESIAN_POINT ( 'NONE',  ( 48.67344475471456633, 23.80925352438439901, 6.477550579268551267 ) ) ;
#6207 = CARTESIAN_POINT ( 'NONE',  ( 38.77890916002834132, 45.41571553626514657, 6.962487472805860556 ) ) ;
#6208 = EDGE_CURVE ( 'NONE', #6842, #1707, #7679, .T. ) ;
#6209 = CARTESIAN_POINT ( 'NONE',  ( 46.50991137363070038, 25.24046643284000879, 7.379513420170609628 ) ) ;
#6210 = DIRECTION ( 'NONE',  ( 0.000000000000000000, -0.000000000000000000, -1.000000000000000000 ) ) ;
#6211 = CARTESIAN_POINT ( 'NONE',  ( 41.78952871256566226, 39.87715331565835442, 7.999999999999998224 ) ) ;
#6212 = B_SPLINE_CURVE_WITH_KNOTS ( 'NONE', 3,
 ( #7159, #1719, #9518, #198 ),
 .UNSPECIFIED., .F., .F.,
 ( 4, 4 ),
 ( 0.000000000000000000, 0.001725877579141532050 ),
 .UNSPECIFIED. ) ;
#6213 = EDGE_LOOP ( 'NONE', ( #973, #3747, #864, #1047 ) ) ;
#6214 = AXIS2_PLACEMENT_3D ( 'NONE', #1124, #8808, #780 ) ;
#6215 = AXIS2_PLACEMENT_3D ( 'NONE', #9071, #6760, #9982 ) ;
#6216 = VERTEX_POINT ( 'NONE', #6981 ) ;
#6217 = FACE_OUTER_BOUND ( 'NONE', #8770, .T. ) ;
#6218 = CARTESIAN_POINT ( 'NONE',  ( 14.30342553606729794, 10.78171295196032986, 7.660946871235394084 ) ) ;
#6219 = ORIENTED_EDGE ( 'NONE', *, *, #2820, .F. ) ;
#6220 = AXIS2_PLACEMENT_3D ( 'NONE', #7830, #6467, #4805 ) ;
#6221 = CARTESIAN_POINT ( 'NONE',  ( 14.70333965055676551, 51.34370039748263537, 2.951820304862538880 ) ) ;
#6222 = CARTESIAN_POINT ( 'NONE',  ( 13.64507902803272898, 43.36407435252962728, 8.000000000000000000 ) ) ;
#6223 = DIRECTION ( 'NONE',  ( 1.000000000000000000, 0.000000000000000000, 0.000000000000000000 ) ) ;
#6224 = ORIENTED_EDGE ( 'NONE', *, *, #3026, .T. ) ;
#6225 = ORIENTED_EDGE ( 'NONE', *, *, #6540, .F. ) ;
#6226 = DIRECTION ( 'NONE',  ( 1.000000000000000000, -0.000000000000000000, -0.000000000000000000 ) ) ;
#6227 = CARTESIAN_POINT ( 'NONE',  ( 13.60082479576052350, 50.75095212419113722, 0.5000000000000004441 ) ) ;
#6228 = DIRECTION ( 'NONE',  ( -0.000000000000000000, -0.000000000000000000, -1.000000000000000000 ) ) ;
#6229 = ORIENTED_EDGE ( 'NONE', *, *, #4579, .T. ) ;
#6230 = DIRECTION ( 'NONE',  ( 1.000000000000000000, 0.000000000000000000, -0.000000000000000000 ) ) ;
#6231 = VERTEX_POINT ( 'NONE', #10100 ) ;
#6232 = CARTESIAN_POINT ( 'NONE',  ( 14.07787659459083152, 51.41691057053953529, 0.4999999999999997780 ) ) ;
#6233 =( LENGTH_UNIT ( ) NAMED_UNIT ( * ) SI_UNIT ( .MILLI., .METRE. ) );
#6234 = CARTESIAN_POINT ( 'NONE',  ( 11.18482343280056135, 12.15367920662269619, 7.999999999999999112 ) ) ;
#6235 = DIRECTION ( 'NONE',  ( 0.3108948944431642047, 0.9504442985305208147, 0.000000000000000000 ) ) ;
#6236 = CARTESIAN_POINT ( 'NONE',  ( 41.95831281926574263, 39.64656737271336340, 8.000000000000000000 ) ) ;
#6237 = CARTESIAN_POINT ( 'NONE',  ( 10.21255472595833957, 14.27672408603390508, 7.500000000000000000 ) ) ;
#6238 = EDGE_CURVE ( 'NONE', #71, #6274, #21, .T. ) ;
#6239 = ORIENTED_EDGE ( 'NONE', *, *, #3670, .T. ) ;
#6240 = CARTESIAN_POINT ( 'NONE',  ( 26.00991137390269969, 27.57807569686057292, 8.000000000000000000 ) ) ;
#6241 = CARTESIAN_POINT ( 'NONE',  ( 38.96223895382291857, 48.96209980350134572, 4.583672616542406431 ) ) ;
#6242 = CARTESIAN_POINT ( 'NONE',  ( 15.48308399561474857, 51.87656065975303221, 0.6103080094931007116 ) ) ;
#6243 = EDGE_CURVE ( 'NONE', #345, #3254, #7195, .T. ) ;
#6244 = EDGE_CURVE ( 'NONE', #2502, #3190, #6367, .T. ) ;
#6245 = EDGE_LOOP ( 'NONE', ( #7270, #911, #6873, #6028 ) ) ;
#6246 = CARTESIAN_POINT ( 'NONE',  ( 36.95645269058208271, 44.91947428071193116, 7.295352154703636849 ) ) ;
#6247 = CARTESIAN_POINT ( 'NONE',  ( 38.32131113223427832, 51.06965031108115483, 0.4999999999999995559 ) ) ;
#6248 = CARTESIAN_POINT ( 'NONE',  ( 10.25828858341426653, 15.23392499681021306, 2.000000000000000444 ) ) ;
#6249 = ORIENTED_EDGE ( 'NONE', *, *, #7675, .F. ) ;
#6250 = VERTEX_POINT ( 'NONE', #5432 ) ;
#6251 = FACE_OUTER_BOUND ( 'NONE', #8637, .T. ) ;
#6252 = VECTOR ( 'NONE', #8018, 1000.000000000000000 ) ;
#6253 = CARTESIAN_POINT ( 'NONE',  ( 46.50991137363070749, 28.85405190938863740, 5.567050983124850916 ) ) ;
#6254 = LINE ( 'NONE', #163, #4618 ) ;
#6255 = ADVANCED_FACE ( 'NONE', ( #122 ), #8467, .F. ) ;
#6256 = CARTESIAN_POINT ( 'NONE',  ( 48.71611505428244016, 31.38424713808400668, 2.694631945986496913 ) ) ;
#6257 = EDGE_LOOP ( 'NONE', ( #6229, #1635, #9316, #6100 ) ) ;
#6258 = CARTESIAN_POINT ( 'NONE',  ( 40.02695608872282662, 11.27659384905134132, 7.807702465697712313 ) ) ;
#6259 = CARTESIAN_POINT ( 'NONE',  ( 26.00991137390269969, 10.07807569686058180, 3.000000000000000000 ) ) ;
#6260 = CARTESIAN_POINT ( 'NONE',  ( 9.661938822621111811, 15.20900970726603063, 2.500000000000000444 ) ) ;
#6261 =( BOUNDED_CURVE ( )  B_SPLINE_CURVE ( 3, ( #4015, #8688, #1605, #951 ),
 .UNSPECIFIED., .F., .T. ) 
 B_SPLINE_CURVE_WITH_KNOTS ( ( 4, 4 ),
 ( 5.298074523841826533, 5.710984864165643771 ),
 .UNSPECIFIED. ) 
 CURVE ( )  GEOMETRIC_REPRESENTATION_ITEM ( )  RATIONAL_B_SPLINE_CURVE ( ( 1.000000000000000000, 0.9858424821176585695, 0.9858424821176585695, 1.000000000000000000 ) ) 
 REPRESENTATION_ITEM ( '' )  );
#6262 = ORIENTED_EDGE ( 'NONE', *, *, #2598, .F. ) ;
#6263 =( NAMED_UNIT ( * ) SI_UNIT ( $, .STERADIAN. ) SOLID_ANGLE_UNIT ( ) );
#6264 = ORIENTED_EDGE ( 'NONE', *, *, #8486, .F. ) ;
#6265 = CIRCLE ( 'NONE', #6103, 20.49999999972800779 ) ;
#6266 = CARTESIAN_POINT ( 'NONE',  ( 48.59452244383233221, 32.66237483663701369, 6.000000000000000000 ) ) ;
#6267 = VECTOR ( 'NONE', #4716, 1000.000000000000000 ) ;
#6268 = CARTESIAN_POINT ( 'NONE',  ( 39.76614114450427451, 8.851859491246155898, 5.133353937642613829 ) ) ;
#6269 = CARTESIAN_POINT ( 'NONE',  ( 42.31523954723317615, 15.24195969482984836, 2.239006670618358896 ) ) ;
#6270 = VERTEX_POINT ( 'NONE', #3332 ) ;
#6271 = FACE_OUTER_BOUND ( 'NONE', #1612, .T. ) ;
#6272 = CARTESIAN_POINT ( 'NONE',  ( 40.40445784167434340, 44.32974499896060649, 6.484589837225028575 ) ) ;
#6273 = AXIS2_PLACEMENT_3D ( 'NONE', #4779, #10121, #3133 ) ;
#6274 = VERTEX_POINT ( 'NONE', #5698 ) ;
#6275 = FACE_OUTER_BOUND ( 'NONE', #491, .T. ) ;
#6276 = CIRCLE ( 'NONE', #5131, 0.3500000000000025313 ) ;
#6277 = ORIENTED_EDGE ( 'NONE', *, *, #2790, .T. ) ;
#6278 = AXIS2_PLACEMENT_3D ( 'NONE', #8434, #5929, #6081 ) ;
#6279 = ORIENTED_EDGE ( 'NONE', *, *, #3311, .T. ) ;
#6280 = ADVANCED_FACE ( 'NONE', ( #7185 ), #6421, .F. ) ;
#6281 = CARTESIAN_POINT ( 'NONE',  ( 48.54318645688867662, 32.92316165031074604, 6.000000000000000000 ) ) ;
#6282 = CARTESIAN_POINT ( 'NONE',  ( 13.08056795525409122, 49.03788916217853711, 0.5000000000000004441 ) ) ;
#6283 = FACE_OUTER_BOUND ( 'NONE', #2662, .T. ) ;
#6284 = ORIENTED_EDGE ( 'NONE', *, *, #3625, .F. ) ;
#6285 = CIRCLE ( 'NONE', #8411, 20.49999999972800779 ) ;
#6286 = CARTESIAN_POINT ( 'NONE',  ( 11.21350092505454654, 11.92357902616895515, 7.246232910608823907 ) ) ;
#6287 = VERTEX_POINT ( 'NONE', #2512 ) ;
#6288 = CARTESIAN_POINT ( 'NONE',  ( 42.32099629868579882, 15.16040648861696205, 2.000000000000000444 ) ) ;
#6289 = CARTESIAN_POINT ( 'NONE',  ( 11.00242670811828916, 41.54322531994354506, 2.000000000000000000 ) ) ;
#6290 = CARTESIAN_POINT ( 'NONE',  ( 11.09485760953476330, 12.25711961858915267, 7.999999999999978684 ) ) ;
#6291 = CARTESIAN_POINT ( 'NONE',  ( 43.50991137363070749, 27.95335337183384539, 5.290000000000002700 ) ) ;
#6292 = LINE ( 'NONE', #4743, #8062 ) ;
#6293 = FACE_OUTER_BOUND ( 'NONE', #301, .T. ) ;
#6294 = AXIS2_PLACEMENT_3D ( 'NONE', #6985, #9339, #2306 ) ;
#6295 = B_SPLINE_CURVE_WITH_KNOTS ( 'NONE', 3,
 ( #5705, #940, #9497, #7141, #128, #4160, #4055, #7191 ),
 .UNSPECIFIED., .F., .F.,
 ( 4, 2, 2, 4 ),
 ( 0.000000000000000000, 0.0007859554175839776700, 0.001178933126375973986, 0.001571910835167970085 ),
 .UNSPECIFIED. ) ;
#6296 = EDGE_LOOP ( 'NONE', ( #9404, #3203, #3795, #8582 ) ) ;
#6297 = CARTESIAN_POINT ( 'NONE',  ( 41.72417595125929068, 14.08551283537867249, 2.443757129069456191 ) ) ;
#6298 = DIRECTION ( 'NONE',  ( -1.000000000000000000, 0.000000000000000000, 0.000000000000000000 ) ) ;
#6299 = CARTESIAN_POINT ( 'NONE',  ( 47.76728675921651757, 33.86414281687488170, 6.416196314341600093 ) ) ;
#6300 = VERTEX_POINT ( 'NONE', #931 ) ;
#6301 = EDGE_CURVE ( 'NONE', #6300, #8331, #4936, .T. ) ;
#6302 = CARTESIAN_POINT ( 'NONE',  ( 40.49746950078351659, 14.05494630654940913, 9.856539775210810816 ) ) ;
#6303 = B_SPLINE_CURVE_WITH_KNOTS ( 'NONE', 3,
 ( #6884, #6980, #6834, #634 ),
 .UNSPECIFIED., .F., .F.,
 ( 4, 4 ),
 ( 0.5354502356249614126, 1.000000000000000000 ),
 .UNSPECIFIED. ) ;
#6304 = CARTESIAN_POINT ( 'NONE',  ( 10.51100535840366490, 14.79798423920567174, 2.000000000000000888 ) ) ;
#6305 = CIRCLE ( 'NONE', #3177, 0.5000000000000006661 ) ;
#6306 = CARTESIAN_POINT ( 'NONE',  ( 10.51100534841674161, 14.79798424498255116, 2.000000000000000444 ) ) ;
#6307 = ORIENTED_EDGE ( 'NONE', *, *, #5625, .F. ) ;
#6308 = EDGE_CURVE ( 'NONE', #4807, #8033, #8048, .T. ) ;
#6309 = ORIENTED_EDGE ( 'NONE', *, *, #5190, .F. ) ;
#6310 = EDGE_CURVE ( 'NONE', #8228, #4713, #2122, .T. ) ;
#6311 = DIRECTION ( 'NONE',  ( 1.000000000000000000, 0.000000000000000000, 0.000000000000000000 ) ) ;
#6312 = DIRECTION ( 'NONE',  ( 1.000000000000000000, -0.000000000000000000, 0.000000000000000000 ) ) ;
#6313 = CARTESIAN_POINT ( 'NONE',  ( 37.87787020249698600, 3.718281271984878344, 2.553202211921921538 ) ) ;
#6314 = AXIS2_PLACEMENT_3D ( 'NONE', #5497, #3851, #6945 ) ;
#6315 = CARTESIAN_POINT ( 'NONE',  ( 41.16535594013036103, 36.32807569686066529, 3.000000000000000000 ) ) ;
#6316 = ORIENTED_EDGE ( 'NONE', *, *, #4694, .T. ) ;
#6317 = CARTESIAN_POINT ( 'NONE',  ( 46.50991137363072170, 26.40477683752681060, 7.529302038195724300 ) ) ;
#6318 = CARTESIAN_POINT ( 'NONE',  ( 35.17286826665129240, 41.29996408664247554, 2.000000000000000000 ) ) ;
#6319 = DIRECTION ( 'NONE',  ( 1.000000000000000000, 0.000000000000000000, 0.000000000000000000 ) ) ;
#6320 = EDGE_LOOP ( 'NONE', ( #1976, #9338, #4756, #8296, #6533, #6725 ) ) ;
#6321 = ORIENTED_EDGE ( 'NONE', *, *, #9642, .F. ) ;
#6322 = EDGE_CURVE ( 'NONE', #8260, #2170, #937, .T. ) ;
#6323 = CARTESIAN_POINT ( 'NONE',  ( 48.32035355875437688, 34.05515277283304698, 6.000000000000000000 ) ) ;
#6324 = CARTESIAN_POINT ( 'NONE',  ( 26.00991137390269259, 45.07807569686058713, 3.000000000000000000 ) ) ;
#6325 = CARTESIAN_POINT ( 'NONE',  ( 13.70722068179402875, 4.058088205446065189, 1.917086256157614965 ) ) ;
#6326 = ORIENTED_EDGE ( 'NONE', *, *, #1433, .F. ) ;
#6327 = DIRECTION ( 'NONE',  ( 1.000000000000000000, -0.000000000000000000, -0.000000000000000000 ) ) ;
#6328 = CARTESIAN_POINT ( 'NONE',  ( 40.40200864326759955, 44.33681327130398842, 6.479744192412762338 ) ) ;
#6329 = ORIENTED_EDGE ( 'NONE', *, *, #3912, .T. ) ;
#6330 = CARTESIAN_POINT ( 'NONE',  ( 26.00991137390269969, 27.57807569686057292, 7.500000000000000000 ) ) ;
#6331 = EDGE_CURVE ( 'NONE', #104, #7628, #4816, .T. ) ;
#6332 = ORIENTED_EDGE ( 'NONE', *, *, #574, .F. ) ;
#6333 = VERTEX_POINT ( 'NONE', #170 ) ;
#6334 = AXIS2_PLACEMENT_3D ( 'NONE', #7954, #8676, #6428 ) ;
#6335 = DIRECTION ( 'NONE',  ( -1.000000000000000000, 0.000000000000000000, -0.000000000000000000 ) ) ;
#6336 = CARTESIAN_POINT ( 'NONE',  ( 41.56969888529023649, 40.24389281349714764, 8.000000000000000000 ) ) ;
#6337 = CARTESIAN_POINT ( 'NONE',  ( 11.50446680767501739, 18.82807569686058358, 6.500000000000000000 ) ) ;
#6338 = ORIENTED_EDGE ( 'NONE', *, *, #3941, .F. ) ;
#6339 = FACE_OUTER_BOUND ( 'NONE', #7884, .T. ) ;
#6340 = ORIENTED_EDGE ( 'NONE', *, *, #5178, .F. ) ;
#6341 = EDGE_CURVE ( 'NONE', #2259, #4515, #3278, .T. ) ;
#6342 = CARTESIAN_POINT ( 'NONE',  ( 38.99644804391405728, 46.97755471369961811, 0.1854501225799479736 ) ) ;
#6343 = CARTESIAN_POINT ( 'NONE',  ( 46.79712402700370433, 34.02692418523932361, 7.000000000000000000 ) ) ;
#6344 = CARTESIAN_POINT ( 'NONE',  ( 40.46535594013041504, 18.82807569686061200, 2.000000000000000000 ) ) ;
#6345 = DIRECTION ( 'NONE',  ( 0.000000000000000000, 0.000000000000000000, 1.000000000000000000 ) ) ;
#6346 = CARTESIAN_POINT ( 'NONE',  ( 9.743699309702776645, 40.05556727934217776, 7.500000000000000000 ) ) ;
#6347 = CARTESIAN_POINT ( 'NONE',  ( 15.76188613066989497, 3.214462972446881395, 1.000000000000007105 ) ) ;
#6348 = ORIENTED_EDGE ( 'NONE', *, *, #4428, .F. ) ;
#6349 = CARTESIAN_POINT ( 'NONE',  ( 48.54318645688867662, 32.92316165031074604, 8.000000000000000000 ) ) ;
#6350 = FACE_OUTER_BOUND ( 'NONE', #8372, .T. ) ;
#6351 = VERTEX_POINT ( 'NONE', #1783 ) ;
#6352 = CARTESIAN_POINT ( 'NONE',  ( 11.69502289043300536, 44.07237461145982849, 0.5000000000000004441 ) ) ;
#6353 = CARTESIAN_POINT ( 'NONE',  ( 39.45495423875639318, 11.68115130661620249, 8.264264830914951787 ) ) ;
#6354 = FACE_OUTER_BOUND ( 'NONE', #5562, .T. ) ;
#6355 = DIRECTION ( 'NONE',  ( -1.000000000000000000, 0.000000000000000000, 0.000000000000000000 ) ) ;
#6356 = CIRCLE ( 'NONE', #144, 0.4999999999999988343 ) ;
#6357 = ORIENTED_EDGE ( 'NONE', *, *, #7469, .F. ) ;
#6358 = VERTEX_POINT ( 'NONE', #5122 ) ;
#6359 = DIRECTION ( 'NONE',  ( 0.000000000000000000, 1.000000000000000000, -0.000000000000000000 ) ) ;
#6360 = CARTESIAN_POINT ( 'NONE',  ( 48.54318645688867662, 22.23298974341039624, 3.250000000000000444 ) ) ;
#6361 = LINE ( 'NONE', #7026, #219 ) ;
#6362 = AXIS2_PLACEMENT_3D ( 'NONE', #5254, #9830, #3524 ) ;
#6363 = CARTESIAN_POINT ( 'NONE',  ( -13.49008862636929429, 51.94168842127428576, 1.518327244431517675 ) ) ;
#6364 = ORIENTED_EDGE ( 'NONE', *, *, #6331, .F. ) ;
#6365 = EDGE_CURVE ( 'NONE', #7510, #4923, #3910, .T. ) ;
#6366 = CARTESIAN_POINT ( 'NONE',  ( 13.76818413095051064, 51.29695332670218022, 3.017518520500709123 ) ) ;
#6367 = LINE ( 'NONE', #3173, #2767 ) ;
#6368 = CARTESIAN_POINT ( 'NONE',  ( 40.48567794072818771, 12.47109704068829572, 8.000000000000005329 ) ) ;
#6369 = ORIENTED_EDGE ( 'NONE', *, *, #2906, .F. ) ;
#6370 = VECTOR ( 'NONE', #9311, 1000.000000000000000 ) ;
#6371 = ORIENTED_EDGE ( 'NONE', *, *, #2039, .F. ) ;
#6372 = CARTESIAN_POINT ( 'NONE',  ( 9.661938822606201072, 39.94714168643540830, 2.500000000000000444 ) ) ;
#6373 = EDGE_CURVE ( 'NONE', #10007, #8006, #492, .T. ) ;
#6374 = LINE ( 'NONE', #5492, #1845 ) ;
#6375 = DIRECTION ( 'NONE',  ( -0.000000000000000000, 0.000000000000000000, 1.000000000000000000 ) ) ;
#6376 = CARTESIAN_POINT ( 'NONE',  ( 13.99347657673410339, 3.124193183775273219, 1.290655513910818675 ) ) ;
#6377 = ORIENTED_EDGE ( 'NONE', *, *, #7397, .T. ) ;
#6378 = EDGE_CURVE ( 'NONE', #3147, #9250, #5073, .T. ) ;
#6379 = EDGE_CURVE ( 'NONE', #2235, #8285, #2881, .T. ) ;
#6380 = FACE_OUTER_BOUND ( 'NONE', #3863, .T. ) ;
#6381 = LINE ( 'NONE', #4675, #6783 ) ;
#6382 = VECTOR ( 'NONE', #1589, 1000.000000000000000 ) ;
#6383 = ORIENTED_EDGE ( 'NONE', *, *, #4747, .T. ) ;
#6384 = DIRECTION ( 'NONE',  ( -1.000000000000000000, 0.000000000000000000, 0.000000000000000000 ) ) ;
#6385 = VERTEX_POINT ( 'NONE', #1023 ) ;
#6386 = ORIENTED_EDGE ( 'NONE', *, *, #1111, .F. ) ;
#6387 = CARTESIAN_POINT ( 'NONE',  ( 40.59436370125666116, 43.76830071818500301, 1.302650939253059192 ) ) ;
#6388 = VECTOR ( 'NONE', #220, 1000.000000000000114 ) ;
#6389 = CARTESIAN_POINT ( 'NONE',  ( 41.63856591149595943, 40.12013212477393154, 8.000000000000000000 ) ) ;
#6390 =( BOUNDED_SURFACE ( )  B_SPLINE_SURFACE ( 3, 2, ( 
 ( #1960, #9762, #8220 ),
 ( #1860, #8115, #1098 ),
 ( #185, #3290, #2524 ),
 ( #9552, #4215, #9095 ) ),
 .UNSPECIFIED., .F., .F., .T. ) 
 B_SPLINE_SURFACE_WITH_KNOTS ( ( 4, 4 ),
 ( 3, 3 ),
 ( 0.000000000000000000, 0.001565375135984586148 ),
 ( 0.000000000000000000, 1.000000000000000000 ),
 .UNSPECIFIED. ) 
 GEOMETRIC_REPRESENTATION_ITEM ( )  RATIONAL_B_SPLINE_SURFACE ( (
 ( 1.000000000000000000, 0.6725361843632020609, 1.000000000000000000),
 ( 1.000000000000000000, 0.6842564872771766948, 1.000000000000000000),
 ( 1.000000000000000000, 0.6956415293130869815, 1.000000000000000000),
 ( 1.000000000000000000, 0.7071067811865455743, 1.000000000000000000) ) ) 
 REPRESENTATION_ITEM ( '' )  SURFACE ( )  );
#6391 = CARTESIAN_POINT ( 'NONE',  ( 15.00991137390270502, 4.814462972446879263, 1.400000000000005684 ) ) ;
#6392 = AXIS2_PLACEMENT_3D ( 'NONE', #8554, #6200, #3831 ) ;
#6393 = ORIENTED_EDGE ( 'NONE', *, *, #5941, .F. ) ;
#6394 = EDGE_CURVE ( 'NONE', #4932, #9250, #1799, .T. ) ;
#6395 = DIRECTION ( 'NONE',  ( -0.000000000000000000, -0.000000000000000000, -1.000000000000000000 ) ) ;
#6396 = EDGE_LOOP ( 'NONE', ( #7784, #9096, #6148, #7838 ) ) ;
#6397 = CARTESIAN_POINT ( 'NONE',  ( 13.65525206136894276, 49.21202537616396455, 0.000000000000000000 ) ) ;
#6398 = DIRECTION ( 'NONE',  ( 0.9504442985305052716, -0.3108948944432113892, 0.000000000000000000 ) ) ;
#6399 = DIRECTION ( 'NONE',  ( 1.000000000000000000, 0.000000000000000000, 0.000000000000000000 ) ) ;
#6400 = FACE_OUTER_BOUND ( 'NONE', #8545, .T. ) ;
#6401 = CARTESIAN_POINT ( 'NONE',  ( 14.58594405575445840, 51.46123603980413463, 2.819149892632530463 ) ) ;
#6402 = ORIENTED_EDGE ( 'NONE', *, *, #425, .F. ) ;
#6403 = CARTESIAN_POINT ( 'NONE',  ( 26.00991137390269969, 10.07807569686058180, 3.000000000000000000 ) ) ;
#6404 = CARTESIAN_POINT ( 'NONE',  ( 39.10135862152188935, 48.49995602334737299, 0.5000000000000000000 ) ) ;
#6405 = AXIS2_PLACEMENT_3D ( 'NONE', #8609, #3110, #2554 ) ;
#6406 = AXIS2_PLACEMENT_3D ( 'NONE', #3400, #1002, #900 ) ;
#6407 = ORIENTED_EDGE ( 'NONE', *, *, #7020, .F. ) ;
#6408 = CARTESIAN_POINT ( 'NONE',  ( 9.673386789092344173, 39.96236014005038584, 7.542084481485124670 ) ) ;
#6409 = CARTESIAN_POINT ( 'NONE',  ( 38.36161296739625470, 4.218052716921936174, 3.258228129550979624 ) ) ;
#6410 = CARTESIAN_POINT ( 'NONE',  ( 10.30339594772474499, 15.16284852272772277, 2.000000000000000000 ) ) ;
#6411 = CARTESIAN_POINT ( 'NONE',  ( 11.00315963115332174, 13.72921110302690906, 2.000000000000000888 ) ) ;
#6412 = ORIENTED_EDGE ( 'NONE', *, *, #390, .F. ) ;
#6413 = VERTEX_POINT ( 'NONE', #3575 ) ;
#6414 = CARTESIAN_POINT ( 'NONE',  ( 12.47583077319288236, 10.00419177513797564, 0.8209736224432357954 ) ) ;
#6415 = EDGE_CURVE ( 'NONE', #9535, #4352, #6565, .T. ) ;
#6416 = DIRECTION ( 'NONE',  ( -1.000000000000000000, 0.000000000000000000, -0.000000000000000000 ) ) ;
#6417 = CARTESIAN_POINT ( 'NONE',  ( 42.17903964974687625, 14.95720810710079185, 2.000000000000000000 ) ) ;
#6418 = DIRECTION ( 'NONE',  ( 1.000000000000000000, -0.000000000000000000, 0.000000000000000000 ) ) ;
#6419 = ORIENTED_EDGE ( 'NONE', *, *, #4684, .F. ) ;
#6420 = CARTESIAN_POINT ( 'NONE',  ( 14.81610954295739191, 50.58357846947034631, 3.496030316931193038 ) ) ;
#6421 = CYLINDRICAL_SURFACE ( 'NONE', #6554, 0.6500000000000012434 ) ;
#6422 = CARTESIAN_POINT ( 'NONE',  ( 40.66524595994425795, 11.80588024831028982, 7.673109027683569394 ) ) ;
#6423 = ORIENTED_EDGE ( 'NONE', *, *, #939, .F. ) ;
#6424 = ORIENTED_EDGE ( 'NONE', *, *, #6876, .T. ) ;
#6425 = CARTESIAN_POINT ( 'NONE',  ( 9.878806715271965189, 40.25750474077818808, 2.000000000000000444 ) ) ;
#6426 = B_SPLINE_CURVE_WITH_KNOTS ( 'NONE', 3,
 ( #4544, #7015, #1, #7631, #8451, #8548, #2141, #4648, #7727, #9365, #3003, #8602, #7067, #3826, #2190, #2904, #6047, #2954 ),
 .UNSPECIFIED., .F., .F.,
 ( 4, 2, 2, 2, 2, 2, 2, 2, 4 ),
 ( 3.846826707511231668E-07, 1.593451740299890075E-05, 3.148435213524667395E-05, 6.258402159975754147E-05, 0.0001247833605287676213, 0.0002491820383867878082, 0.0004979793941028120815, 0.0009955741055348720121, 0.001990763528399005101 ),
 .UNSPECIFIED. ) ;
#6427 = CARTESIAN_POINT ( 'NONE',  ( 38.32131113223427832, 51.06965031108116193, 3.169986991982570945 ) ) ;
#6428 = DIRECTION ( 'NONE',  ( -1.000000000000000000, 0.000000000000000000, 0.000000000000000000 ) ) ;
#6429 = CARTESIAN_POINT ( 'NONE',  ( 14.39485048405358114, 10.69346040716012958, 7.601749545493425408 ) ) ;
#6430 = ORIENTED_EDGE ( 'NONE', *, *, #7280, .T. ) ;
#6431 = CARTESIAN_POINT ( 'NONE',  ( 43.50644096050604048, 38.26083996541552068, 2.500000000000000444 ) ) ;
#6432 = CARTESIAN_POINT ( 'NONE',  ( 26.00991137390269969, 27.57807569686058358, 2.000000000000001776 ) ) ;
#6433 = VECTOR ( 'NONE', #10094, 1000.000000000000000 ) ;
#6434 = ORIENTED_EDGE ( 'NONE', *, *, #9498, .F. ) ;
#6435 = CARTESIAN_POINT ( 'NONE',  ( 43.50991137363070749, 28.32863104680710009, 4.640000000000004121 ) ) ;
#6436 = EDGE_LOOP ( 'NONE', ( #2462, #6030, #7610, #8495 ) ) ;
#6437 = EDGE_CURVE ( 'NONE', #7897, #7534, #9616, .T. ) ;
#6438 = DIRECTION ( 'NONE',  ( 0.000000000000000000, 0.000000000000000000, -1.000000000000000000 ) ) ;
#6439 = ADVANCED_FACE ( 'NONE', ( #1178 ), #2839, .T. ) ;
#6440 = CARTESIAN_POINT ( 'NONE',  ( 41.93663884621122406, 39.67538271120674409, 8.000000000000000000 ) ) ;
#6441 = FACE_OUTER_BOUND ( 'NONE', #6518, .T. ) ;
#6442 = VERTEX_POINT ( 'NONE', #7670 ) ;
#6443 = VECTOR ( 'NONE', #1021, 1000.000000000000000 ) ;
#6444 = DIRECTION ( 'NONE',  ( -0.000000000000000000, -0.000000000000000000, -1.000000000000000000 ) ) ;
#6445 = ORIENTED_EDGE ( 'NONE', *, *, #9534, .F. ) ;
#6446 = DIRECTION ( 'NONE',  ( 0.000000000000000000, 0.000000000000000000, -1.000000000000000000 ) ) ;
#6447 = DIRECTION ( 'NONE',  ( 0.000000000000000000, 0.000000000000000000, 1.000000000000000000 ) ) ;
#6448 = AXIS2_PLACEMENT_3D ( 'NONE', #8961, #6650, #1925 ) ;
#6449 = CARTESIAN_POINT ( 'NONE',  ( 41.90817317822559573, 14.47986314754781745, 2.500000000000000444 ) ) ;
#6450 = CARTESIAN_POINT ( 'NONE',  ( 47.85375235780782788, 21.62507027309694863, 2.208333333333329929 ) ) ;
#6451 = CARTESIAN_POINT ( 'NONE',  ( 48.49621976083378172, 33.09986212672446726, 3.047971893354190609 ) ) ;
#6452 = ORIENTED_EDGE ( 'NONE', *, *, #2746, .F. ) ;
#6453 = DIRECTION ( 'NONE',  ( 1.000000000000000000, 0.000000000000000000, 0.000000000000000000 ) ) ;
#6454 =( BOUNDED_SURFACE ( )  B_SPLINE_SURFACE ( 3, 2, ( 
 ( #8846, #9852, #5772 ),
 ( #1764, #8125, #3402 ),
 ( #2102, #9092, #1872 ),
 ( #6732, #4123, #6544 ),
 ( #5229, #8022, #294 ),
 ( #7256, #4942, #5666 ) ),
 .UNSPECIFIED., .F., .F., .F. ) 
 B_SPLINE_SURFACE_WITH_KNOTS ( ( 4, 2, 4 ),
 ( 3, 3 ),
 ( -4.336808689942017736E-19, 0.0001967987237972700933, 0.0003935974475945406203 ),
 ( 0.000000000000000000, 1.000000000000000000 ),
 .UNSPECIFIED. ) 
 GEOMETRIC_REPRESENTATION_ITEM ( )  RATIONAL_B_SPLINE_SURFACE ( (
 ( 1.000000000000000000, 0.8788767125974265015, 1.000000000000000000),
 ( 1.000000000000000000, 0.9059838445847515631, 1.000000000000000000),
 ( 1.000000000000000000, 0.9328098545619049053, 1.000000000000000000),
 ( 1.000000000000000000, 0.9794392140690478810, 1.000000000000000000),
 ( 1.000000000000000000, 0.9997912402287904010, 1.000000000000000000),
 ( 1.000000000000000000, 1.000000000000000000, 1.000000000000000000) ) ) 
 REPRESENTATION_ITEM ( '' )  SURFACE ( )  );
#6455 = EDGE_CURVE ( 'NONE', #2983, #160, #6815, .T. ) ;
#6456 = VECTOR ( 'NONE', #5359, 1000.000000000000000 ) ;
#6457 = FACE_OUTER_BOUND ( 'NONE', #10017, .T. ) ;
#6458 = ORIENTED_EDGE ( 'NONE', *, *, #3557, .T. ) ;
#6459 = CARTESIAN_POINT ( 'NONE',  ( 11.69502289043300536, 44.07237461145982849, 7.542084481485124670 ) ) ;
#6460 = B_SPLINE_CURVE_WITH_KNOTS ( 'NONE', 3,
 ( #7691, #777, #9381, #5482, #3888, #10049 ),
 .UNSPECIFIED., .F., .F.,
 ( 4, 2, 4 ),
 ( 0.000000000000000000, 0.5000000000000004441, 1.000000000000000000 ),
 .UNSPECIFIED. ) ;
#6461 = CARTESIAN_POINT ( 'NONE',  ( 38.32131113223428542, 4.086501082640007887, 3.169986991982567837 ) ) ;
#6462 = CARTESIAN_POINT ( 'NONE',  ( 15.06337005724089373, 10.23667711299747296, 7.295352154695744495 ) ) ;
#6463 = CARTESIAN_POINT ( 'NONE',  ( 13.97042860272249776, 47.77934684905576290, 5.377030044082844462 ) ) ;
#6464 = AXIS2_PLACEMENT_3D ( 'NONE', #9007, #7556, #9106 ) ;
#6465 = B_SPLINE_CURVE_WITH_KNOTS ( 'NONE', 3,
 ( #3694, #8363, #2868, #8314, #1340, #7307, #7540, #1107, #1817, #2819, #4226, #2054 ),
 .UNSPECIFIED., .F., .F.,
 ( 4, 2, 2, 2, 2, 4 ),
 ( 1.482148387583608474E-17, 0.0004766711190604977521, 0.0009533422381209807591, 0.001430013357181463603, 0.001668348916711706381, 0.001906684476241949158 ),
 .UNSPECIFIED. ) ;
#6466 = CARTESIAN_POINT ( 'NONE',  ( 11.00315964061387497, 13.72921108162139170, 2.000000000000011990 ) ) ;
#6467 = DIRECTION ( 'NONE',  ( -0.000000000000000000, -0.000000000000000000, 1.000000000000000000 ) ) ;
#6468 = ORIENTED_EDGE ( 'NONE', *, *, #7013, .T. ) ;
#6469 = ORIENTED_EDGE ( 'NONE', *, *, #1376, .T. ) ;
#6470 = DIRECTION ( 'NONE',  ( 0.000000000000000000, 0.8660254037844393737, 0.4999999999999987232 ) ) ;
#6471 = CARTESIAN_POINT ( 'NONE',  ( -13.49008862636929429, 5.214462972446883171, 1.518327244431527001 ) ) ;
#6472 = CARTESIAN_POINT ( 'NONE',  ( 11.48852988696831900, 11.21095711269881789, 1.828942677810539319 ) ) ;
#6473 = LINE ( 'NONE', #2507, #6388 ) ;
#6474 = ORIENTED_EDGE ( 'NONE', *, *, #8300, .F. ) ;
#6475 = CARTESIAN_POINT ( 'NONE',  ( 14.85602807443998863, 50.71485035803228669, 3.407976824926429504 ) ) ;
#6476 = EDGE_CURVE ( 'NONE', #1279, #5085, #5260, .T. ) ;
#6477 = CARTESIAN_POINT ( 'NONE',  ( 48.54318645688867662, 22.23298974341040335, 6.000000000001329603 ) ) ;
#6478 = CARTESIAN_POINT ( 'NONE',  ( 40.47481837157183548, 12.44454110901711452, 8.000000000000010658 ) ) ;
#6479 = ORIENTED_EDGE ( 'NONE', *, *, #1394, .F. ) ;
#6480 = ORIENTED_EDGE ( 'NONE', *, *, #5377, .F. ) ;
#6481 = CARTESIAN_POINT ( 'NONE',  ( -13.49008862636929429, 11.89582941397556581, 6.000000000000000000 ) ) ;
#6482 = CARTESIAN_POINT ( 'NONE',  ( 38.02634619222808965, 52.03195832473539895, 2.524497831750584620 ) ) ;
#6483 = DIRECTION ( 'NONE',  ( -8.462065736584503245E-17, -1.000000000000000000, 0.000000000000000000 ) ) ;
#6484 = CARTESIAN_POINT ( 'NONE',  ( 9.661520356220133721, 15.20956599925972874, 8.000000000000000000 ) ) ;
#6485 = ORIENTED_EDGE ( 'NONE', *, *, #3092, .F. ) ;
#6486 = DIRECTION ( 'NONE',  ( -1.000000000000000000, 0.000000000000000000, 0.000000000000000000 ) ) ;
#6487 = DIRECTION ( 'NONE',  ( 0.000000000000000000, 0.000000000000000000, -1.000000000000000000 ) ) ;
#6488 = ORIENTED_EDGE ( 'NONE', *, *, #5445, .F. ) ;
#6489 = CARTESIAN_POINT ( 'NONE',  ( 13.09609239713504003, 47.24404615108047523, 0.09267951237130180042 ) ) ;
#6490 = CARTESIAN_POINT ( 'NONE',  ( 36.33763509785021739, 3.214462972461117563, 1.754123599401329114 ) ) ;
#6491 = ADVANCED_FACE ( 'NONE', ( #2136 ), #6961, .F. ) ;
#6492 = CARTESIAN_POINT ( 'NONE',  ( 11.38263630459730713, 14.35375806209911609, 10.05697429943731258 ) ) ;
#6493 = LINE ( 'NONE', #9611, #5426 ) ;
#6494 = DIRECTION ( 'NONE',  ( 0.000000000000000000, -7.118573178086988879E-15, 1.000000000000000000 ) ) ;
#6495 = VERTEX_POINT ( 'NONE', #712 ) ;
#6496 = DIRECTION ( 'NONE',  ( 1.000000000000000000, -0.000000000000000000, -0.000000000000000000 ) ) ;
#6497 = CARTESIAN_POINT ( 'NONE',  ( 45.08714260202084034, 35.32521885991493349, 7.142527034440531608 ) ) ;
#6498 = EDGE_CURVE ( 'NONE', #4616, #6385, #7167, .T. ) ;
#6499 = DIRECTION ( 'NONE',  ( -1.000000000000000000, 0.000000000000000000, -0.000000000000000000 ) ) ;
#6500 = DIRECTION ( 'NONE',  ( -1.000000000000000000, 0.000000000000000000, 0.000000000000000000 ) ) ;
#6501 = EDGE_CURVE ( 'NONE', #4328, #7612, #9746, .T. ) ;
#6502 = CARTESIAN_POINT ( 'NONE',  ( 26.00991137390269969, 27.57807569686058358, -68.00000000000000000 ) ) ;
#6503 = CIRCLE ( 'NONE', #6982, 0.5000000000000000000 ) ;
#6504 = DIRECTION ( 'NONE',  ( 0.3108948944431976225, 0.9504442985305098235, 0.000000000000000000 ) ) ;
#6505 = LINE ( 'NONE', #8133, #4970 ) ;
#6506 = EDGE_LOOP ( 'NONE', ( #4911, #8146, #1968, #1918 ) ) ;
#6507 = FACE_OUTER_BOUND ( 'NONE', #2926, .T. ) ;
#6508 = CARTESIAN_POINT ( 'NONE',  ( 15.30021699697046778, 3.339407407421166152, 0.6927266345739199194 ) ) ;
#6509 = ORIENTED_EDGE ( 'NONE', *, *, #5788, .F. ) ;
#6510 = CARTESIAN_POINT ( 'NONE',  ( 40.49488286603450860, 13.07167707897554365, 1.888822129096485281 ) ) ;
#6511 = CARTESIAN_POINT ( 'NONE',  ( 39.12088359071290000, 6.721063481002307327, 4.937177375404833590 ) ) ;
#6512 = CARTESIAN_POINT ( 'NONE',  ( 15.60643868344828711, 3.239240823181627871, 0.7071067811865470176 ) ) ;
#6513 = DIRECTION ( 'NONE',  ( -1.000000000000000000, 0.000000000000000000, 0.000000000000000000 ) ) ;
#6514 = EDGE_CURVE ( 'NONE', #5008, #2999, #1792, .T. ) ;
#6515 = CARTESIAN_POINT ( 'NONE',  ( 26.00991137390269969, 10.07807569686058180, 3.000000000000000000 ) ) ;
#6516 = CARTESIAN_POINT ( 'NONE',  ( 9.994522058137940590, 14.70511305994194728, 2.500000000000000444 ) ) ;
#6517 = DIRECTION ( 'NONE',  ( 1.000000000000000000, -0.000000000000000000, 0.000000000000000000 ) ) ;
#6518 = EDGE_LOOP ( 'NONE', ( #9049, #389, #7074, #3186 ) ) ;
#6519 = VERTEX_POINT ( 'NONE', #5361 ) ;
#6520 = CARTESIAN_POINT ( 'NONE',  ( 44.76929265731229179, 19.31479358638615906, 7.556973566047036073 ) ) ;
#6521 = CARTESIAN_POINT ( 'NONE',  ( 43.50991137363070749, 26.82752034691407061, 4.640000000000003233 ) ) ;
#6522 = FACE_OUTER_BOUND ( 'NONE', #8269, .T. ) ;
#6523 = DIRECTION ( 'NONE',  ( 0.9146499735547494181, -0.4042467388567237419, 1.301042606982608318E-14 ) ) ;
#6524 = CARTESIAN_POINT ( 'NONE',  ( 14.22050369740085074, 48.61135224509480679, 4.818944217097281602 ) ) ;
#6525 = EDGE_CURVE ( 'NONE', #4492, #3561, #3589, .T. ) ;
#6526 = CARTESIAN_POINT ( 'NONE',  ( 40.94994716393065204, 12.28547891556220151, 7.500003568857255942 ) ) ;
#6527 = EDGE_LOOP ( 'NONE', ( #2514, #5575, #3489, #6937 ) ) ;
#6528 = CARTESIAN_POINT ( 'NONE',  ( 10.54583580058073444, 41.62906368189328532, 2.000000000000000444 ) ) ;
#6529 = CARTESIAN_POINT ( 'NONE',  ( 40.88586040468485550, 42.99738456499143524, 7.412587811296702078 ) ) ;
#6530 = LINE ( 'NONE', #9850, #7571 ) ;
#6531 = CARTESIAN_POINT ( 'NONE',  ( 9.813081403693567850, 15.00029825110116910, 8.000000000000000000 ) ) ;
#6532 = EDGE_CURVE ( 'NONE', #10090, #787, #5729, .T. ) ;
#6533 = ORIENTED_EDGE ( 'NONE', *, *, #4135, .F. ) ;
#6534 = VECTOR ( 'NONE', #1536, 1000.000000000000114 ) ;
#6535 = AXIS2_PLACEMENT_3D ( 'NONE', #2364, #2469, #8834 ) ;
#6536 = LINE ( 'NONE', #6733, #2916 ) ;
#6537 = ORIENTED_EDGE ( 'NONE', *, *, #6177, .F. ) ;
#6538 = CARTESIAN_POINT ( 'NONE',  ( 14.60842698939693740, 3.717565692104518593, 2.844642308047737878 ) ) ;
#6539 = CARTESIAN_POINT ( 'NONE',  ( 15.76188613062413246, 3.214462972446881395, 1.786837797976060571 ) ) ;
#6540 = EDGE_CURVE ( 'NONE', #2355, #5526, #2633, .T. ) ;
#6541 = CARTESIAN_POINT ( 'NONE',  ( 48.40740383745890085, 21.97262169837524581, 2.786886871618859729 ) ) ;
#6542 = CARTESIAN_POINT ( 'NONE',  ( 37.80594369612723682, 51.46154325576399202, 2.594650048049462310 ) ) ;
#6543 = VERTEX_POINT ( 'NONE', #150 ) ;
#6544 = CARTESIAN_POINT ( 'NONE',  ( 48.47922857442389954, 33.14396420491257800, 6.066897273640113220 ) ) ;
#6545 = DIRECTION ( 'NONE',  ( -1.000000000000000000, 0.000000000000000000, 0.000000000000000000 ) ) ;
#6546 = FACE_OUTER_BOUND ( 'NONE', #9290, .T. ) ;
#6547 = FACE_BOUND ( 'NONE', #7137, .T. ) ;
#6548 = CARTESIAN_POINT ( 'NONE',  ( 41.90817318443270523, 14.47986314462029966, 2.000000000000082157 ) ) ;
#6549 = CARTESIAN_POINT ( 'NONE',  ( 15.60643868344828711, 3.239240823181628759, 8.000000000000000000 ) ) ;
#6550 = VERTEX_POINT ( 'NONE', #3871 ) ;
#6551 = CARTESIAN_POINT ( 'NONE',  ( 37.22220785634026896, 51.52113141708561272, 2.774336443297086063 ) ) ;
#6552 = ORIENTED_EDGE ( 'NONE', *, *, #8384, .F. ) ;
#6553 = B_SPLINE_CURVE_WITH_KNOTS ( 'NONE', 3,
 ( #6630, #8409, #4263, #7394 ),
 .UNSPECIFIED., .F., .F.,
 ( 4, 4 ),
 ( 0.000000000000000000, 0.001564592895808823454 ),
 .UNSPECIFIED. ) ;
#6554 = AXIS2_PLACEMENT_3D ( 'NONE', #9542, #4867, #4153 ) ;
#6555 = CARTESIAN_POINT ( 'NONE',  ( 16.00991137390270325, 4.314462972446879263, 1.400000000000005684 ) ) ;
#6556 = CARTESIAN_POINT ( 'NONE',  ( 15.68218765000129622, 3.214462972446882727, 1.000000000000001110 ) ) ;
#6557 = VERTEX_POINT ( 'NONE', #2488 ) ;
#6558 = PLANE ( 'NONE',  #4819 ) ;
#6559 = CARTESIAN_POINT ( 'NONE',  ( 43.50644096050604048, 16.89531142830562871, 6.500000000000000888 ) ) ;
#6560 = FACE_OUTER_BOUND ( 'NONE', #2494, .T. ) ;
#6561 = CARTESIAN_POINT ( 'NONE',  ( 9.956482820217186003, 15.43144925864677219, 8.000000000000003553 ) ) ;
#6562 = EDGE_CURVE ( 'NONE', #1586, #353, #5443, .T. ) ;
#6563 = DIRECTION ( 'NONE',  ( 0.000000000000000000, -0.8090169943749441206, -0.5877852522924775780 ) ) ;
#6564 = CARTESIAN_POINT ( 'NONE',  ( 11.35661797091706227, 13.07167707897614051, 1.888822129096691338 ) ) ;
#6565 = LINE ( 'NONE', #9739, #8011 ) ;
#6566 = ORIENTED_EDGE ( 'NONE', *, *, #8610, .T. ) ;
#6567 = ORIENTED_EDGE ( 'NONE', *, *, #3941, .T. ) ;
#6568 = CIRCLE ( 'NONE', #5572, 0.2500000000000002220 ) ;
#6569 = CARTESIAN_POINT ( 'NONE',  ( 40.74157350118381515, 41.83499323611864895, 1.962242606118131727 ) ) ;
#6570 = CIRCLE ( 'NONE', #8685, 1.000000000000000444 ) ;
#6571 = EDGE_CURVE ( 'NONE', #4162, #3660, #4793, .T. ) ;
#6572 = EDGE_CURVE ( 'NONE', #2804, #5448, #815, .T. ) ;
#6573 = DIRECTION ( 'NONE',  ( 0.000000000000000000, 0.000000000000000000, -1.000000000000000000 ) ) ;
#6574 = CARTESIAN_POINT ( 'NONE',  ( 16.00991137395806163, 45.47360586475321753, 6.923656268101487044 ) ) ;
#6575 = CARTESIAN_POINT ( 'NONE',  ( 36.00991137390269614, 9.682545528998879547, -68.00000000000000000 ) ) ;
#6576 = CARTESIAN_POINT ( 'NONE',  ( 40.91996876236258629, 13.50895388127873353, 2.000000000000000000 ) ) ;
#6577 = ORIENTED_EDGE ( 'NONE', *, *, #4490, .F. ) ;
#6578 = CARTESIAN_POINT ( 'NONE',  ( 48.49682322841259463, 22.14333166946322606, 6.217148487600517193 ) ) ;
#6579 = CARTESIAN_POINT ( 'NONE',  ( 38.36161276760739014, 50.93809932922360417, 2.024142404853325417 ) ) ;
#6580 = EDGE_CURVE ( 'NONE', #7734, #6250, #5449, .T. ) ;
#6581 = LINE ( 'NONE', #331, #3309 ) ;
#6582 = CARTESIAN_POINT ( 'NONE',  ( 10.14719949249109554, 15.39504666167830571, 8.000000000000000000 ) ) ;
#6583 = EDGE_LOOP ( 'NONE', ( #6864, #3391, #57, #5440 ) ) ;
#6584 = CARTESIAN_POINT ( 'NONE',  ( 15.55238318834972588, 51.89922875849843820, 1.992640266146981531 ) ) ;
#6585 = CARTESIAN_POINT ( 'NONE',  ( 11.00991137390270858, 27.57807569686058358, 10.90000000000000213 ) ) ;
#6586 = ORIENTED_EDGE ( 'NONE', *, *, #743, .F. ) ;
#6587 = CARTESIAN_POINT ( 'NONE',  ( 13.39719988831233266, 48.35569127583013227, -9.107298248878237246E-15 ) ) ;
#6588 = DIRECTION ( 'NONE',  ( 1.000000000000000000, -0.000000000000000000, -0.000000000000000000 ) ) ;
#6589 = CARTESIAN_POINT ( 'NONE',  ( 16.00991137390270325, 50.84168842127429144, 1.399999999999999911 ) ) ;
#6590 = LINE ( 'NONE', #1761, #9699 ) ;
#6591 = AXIS2_PLACEMENT_3D ( 'NONE', #3603, #8322, #1299 ) ;
#6592 = CARTESIAN_POINT ( 'NONE',  ( 40.79252648211608090, 11.88790939172984729, 7.221426378014318637 ) ) ;
#6593 = ORIENTED_EDGE ( 'NONE', *, *, #2128, .T. ) ;
#6594 = CARTESIAN_POINT ( 'NONE',  ( 42.35788392518428935, 15.20900970726603418, 7.542084481388176442 ) ) ;
#6595 = CARTESIAN_POINT ( 'NONE',  ( 41.74196308952412693, 14.12460786466341389, 2.434844774255030764 ) ) ;
#6596 = DIRECTION ( 'NONE',  ( 0.000000000000000000, 0.000000000000000000, 1.000000000000000000 ) ) ;
#6597 = B_SPLINE_CURVE_WITH_KNOTS ( 'NONE', 3,
 ( #7389, #2713, #5083, #5221 ),
 .UNSPECIFIED., .F., .F.,
 ( 4, 4 ),
 ( 0.000000000000000000, 1.000000000000000000 ),
 .UNSPECIFIED. ) ;
#6598 = EDGE_CURVE ( 'NONE', #5741, #1117, #3246, .T. ) ;
#6599 = CARTESIAN_POINT ( 'NONE',  ( 42.15944658243294185, 14.92843964517090782, 2.000000000000000444 ) ) ;
#6600 =( BOUNDED_SURFACE ( )  B_SPLINE_SURFACE ( 3, 2, ( 
 ( #4157, #6528, #7292 ),
 ( #7190, #5399, #175 ),
 ( #10066, #9647, #2614 ),
 ( #2464, #8002, #3809 ),
 ( #8726, #9494, #3336 ),
 ( #8528, #4924, #6948 ),
 ( #4577, #3282, #4106 ),
 ( #3030, #6425, #1696 ),
 ( #7236, #5702, #9546 ),
 ( #5651, #4822, #8828 ),
 ( #8777, #8052, #1507 ),
 ( #748, #4629, #7763 ),
 ( #3854, #7952, #1748 ),
 ( #6995, #3077, #6372 ) ),
 .UNSPECIFIED., .F., .F., .T. ) 
 B_SPLINE_SURFACE_WITH_KNOTS ( ( 4, 2, 2, 2, 2, 2, 4 ),
 ( 3, 3 ),
 ( 0.000000000000000000, 0.0005035147068947721464, 0.001007029413789544293, 0.001510544120684316439, 0.001762301474131702621, 0.001888180150855395603, 0.002014058827579088586 ),
 ( 0.000000000000000000, 1.000000000000000000 ),
 .UNSPECIFIED. ) 
 GEOMETRIC_REPRESENTATION_ITEM ( )  RATIONAL_B_SPLINE_SURFACE ( (
 ( 1.000000000000000000, 0.7071067811865475727, 1.000000000000000000),
 ( 1.000000000000000000, 0.7071067811865475727, 1.000000000000000000),
 ( 1.000000000000000000, 0.7071067811865469066, 1.000000000000000000),
 ( 1.000000000000000000, 0.7071067811865469066, 1.000000000000000000),
 ( 1.000000000000000000, 0.7071067811865475727, 1.000000000000000000),
 ( 1.000000000000000000, 0.7071067811865475727, 1.000000000000000000),
 ( 1.000000000000000000, 0.7071067811865475727, 1.000000000000000000),
 ( 1.000000000000000000, 0.7071067811865475727, 1.000000000000000000),
 ( 1.000000000000000000, 0.7071067811865475727, 1.000000000000000000),
 ( 1.000000000000000000, 0.7071067811865475727, 1.000000000000000000),
 ( 1.000000000000000000, 0.7071067811865475727, 1.000000000000000000),
 ( 1.000000000000000000, 0.7071067811865475727, 1.000000000000000000),
 ( 1.000000000000000000, 0.7071067811865475727, 1.000000000000000000),
 ( 1.000000000000000000, 0.7071067811865475727, 1.000000000000000000) ) ) 
 REPRESENTATION_ITEM ( '' )  SURFACE ( )  );
#6601 = FACE_OUTER_BOUND ( 'NONE', #5589, .T. ) ;
#6602 = ORIENTED_EDGE ( 'NONE', *, *, #1727, .F. ) ;
#6603 = ORIENTED_EDGE ( 'NONE', *, *, #9001, .T. ) ;
#6604 = DIRECTION ( 'NONE',  ( -1.000000000000000000, 0.000000000000000000, 0.000000000000000000 ) ) ;
#6605 = PLANE ( 'NONE',  #9372 ) ;
#6606 = AXIS2_PLACEMENT_3D ( 'NONE', #2332, #2439, #5571 ) ;
#6607 = ORIENTED_EDGE ( 'NONE', *, *, #879, .F. ) ;
#6608 = DIRECTION ( 'NONE',  ( 0.000000000000000000, 0.000000000000000000, -1.000000000000000000 ) ) ;
#6609 = DIRECTION ( 'NONE',  ( -0.000000000000000000, 0.000000000000000000, 1.000000000000000000 ) ) ;
#6610 = B_SPLINE_CURVE_WITH_KNOTS ( 'NONE', 3,
 ( #2418, #3188, #5397, #1407, #4625, #9254, #7046, #1602 ),
 .UNSPECIFIED., .F., .F.,
 ( 4, 2, 2, 4 ),
 ( 0.001640712157354339094, 0.002003720116404103004, 0.002185224095928983007, 0.002366728075453863444 ),
 .UNSPECIFIED. ) ;
#6611 = CARTESIAN_POINT ( 'NONE',  ( 48.20293145411335445, 21.65851298766188648, 2.513125766177639164 ) ) ;
#6612 = CARTESIAN_POINT ( 'NONE',  ( 14.07773547736162989, 51.41686441041617428, 2.502535983582129031 ) ) ;
#6613 = CARTESIAN_POINT ( 'NONE',  ( 37.78649870599299021, 50.94168842127428576, -2.168404344971008868E-16 ) ) ;
#6614 = CYLINDRICAL_SURFACE ( 'NONE', #6879, 1.000000000000000888 ) ;
#6615 = AXIS2_PLACEMENT_3D ( 'NONE', #6515, #8197, #414 ) ;
#6616 = CARTESIAN_POINT ( 'NONE',  ( 10.01121820292112474, 40.48363802895183738, 7.999999999999876543 ) ) ;
#6617 = VERTEX_POINT ( 'NONE', #6347 ) ;
#6618 = DIRECTION ( 'NONE',  ( 0.000000000000000000, 0.000000000000000000, 1.000000000000000000 ) ) ;
#6619 = CARTESIAN_POINT ( 'NONE',  ( 10.20446680767501846, 18.82807569686058358, 6.500000000000000000 ) ) ;
#6620 = PLANE ( 'NONE',  #8520 ) ;
#6621 = CARTESIAN_POINT ( 'NONE',  ( 11.57733075101470810, 44.22037110637224089, 6.559356895254174091 ) ) ;
#6622 = CARTESIAN_POINT ( 'NONE',  ( 12.42251500292123367, 46.85372459084656072, 5.997911430078158190 ) ) ;
#6623 = EDGE_CURVE ( 'NONE', #4516, #6693, #5579, .T. ) ;
#6624 = ADVANCED_FACE ( 'NONE', ( #6293 ), #8214, .T. ) ;
#6625 = CARTESIAN_POINT ( 'NONE',  ( 47.88924557536092408, 33.76153983655990487, 2.500000000000000444 ) ) ;
#6626 = ORIENTED_EDGE ( 'NONE', *, *, #2378, .F. ) ;
#6627 = ORIENTED_EDGE ( 'NONE', *, *, #7732, .T. ) ;
#6628 = LINE ( 'NONE', #8212, #7585 ) ;
#6629 = CARTESIAN_POINT ( 'NONE',  ( 38.34150216796511756, 51.00376077988946122, 1.980219690115297082 ) ) ;
#6630 = CARTESIAN_POINT ( 'NONE',  ( 39.10135861183612604, 6.656195374226851591, 0.5000000000000355271 ) ) ;
#6631 = CYLINDRICAL_SURFACE ( 'NONE', #4773, 1.000000000000000888 ) ;
#6632 = LINE ( 'NONE', #2618, #7739 ) ;
#6633 = AXIS2_PLACEMENT_3D ( 'NONE', #5198, #1921, #7506 ) ;
#6634 = CARTESIAN_POINT ( 'NONE',  ( 15.60643868340287632, 51.91691057052466363, 1.719710158431068336 ) ) ;
#6635 = CARTESIAN_POINT ( 'NONE',  ( 11.88615779806510453, 11.89582941397556581, 8.000000000000000000 ) ) ;
#6636 = ADVANCED_FACE ( 'NONE', ( #9315 ), #8417, .T. ) ;
#6637 = ORIENTED_EDGE ( 'NONE', *, *, #8327, .F. ) ;
#6638 = DIRECTION ( 'NONE',  ( -0.000000000000000000, -0.000000000000000000, -1.000000000000000000 ) ) ;
#6639 = CARTESIAN_POINT ( 'NONE',  ( 15.76188613066989852, 3.214462972446881395, 1.518327244431527001 ) ) ;
#6640 = CARTESIAN_POINT ( 'NONE',  ( 11.52235324702224695, 14.05494630654841792, 9.856539775210146459 ) ) ;
#6641 = CARTESIAN_POINT ( 'NONE',  ( 16.00991137390270325, 3.452074046984450639, 8.000000000000000000 ) ) ;
#6642 = CARTESIAN_POINT ( 'NONE',  ( 26.00991137390258956, 45.07807569686060845, 3.000000000000000000 ) ) ;
#6643 = ORIENTED_EDGE ( 'NONE', *, *, #1194, .F. ) ;
#6644 = CARTESIAN_POINT ( 'NONE',  ( 40.32480316850509183, 11.08377551605859423, 0.5000000000000004441 ) ) ;
#6645 = CARTESIAN_POINT ( 'NONE',  ( 41.32316520470833865, 13.18320544744241651, 1.942957534986124557 ) ) ;
#6646 = CARTESIAN_POINT ( 'NONE',  ( 41.95831282128561668, 15.50958402367703037, 8.000000000000000000 ) ) ;
#6647 = ADVANCED_FACE ( 'NONE', ( #5780 ), #1067, .T. ) ;
#6648 = DIRECTION ( 'NONE',  ( 0.000000000000000000, 0.8304734356177293497, 0.5570582310075716803 ) ) ;
#6649 = ORIENTED_EDGE ( 'NONE', *, *, #3081, .F. ) ;
#6650 = DIRECTION ( 'NONE',  ( 0.000000000000000000, 0.000000000000000000, 1.000000000000000000 ) ) ;
#6651 = ORIENTED_EDGE ( 'NONE', *, *, #135, .T. ) ;
#6652 = CARTESIAN_POINT ( 'NONE',  ( 39.54744014380549544, 8.134839032828191208, 0.7501502095328569375 ) ) ;
#6653 = CARTESIAN_POINT ( 'NONE',  ( 15.00991137390270858, 49.84168842127429144, 1.399999999999999911 ) ) ;
#6654 = EDGE_CURVE ( 'NONE', #9614, #9971, #6505, .T. ) ;
#6655 = CARTESIAN_POINT ( 'NONE',  ( 13.23362228658514006, 5.611381469948172551, 2.953420443175299503 ) ) ;
#6656 = CARTESIAN_POINT ( 'NONE',  ( 41.81535594013037382, 36.32807569686058713, 6.500000000000000000 ) ) ;
#6657 = CARTESIAN_POINT ( 'NONE',  ( 36.33763509818483328, 51.94168842115028184, 0.9009776590587085243 ) ) ;
#6658 = CARTESIAN_POINT ( 'NONE',  ( 47.75262525427056204, 21.56498193839683708, 2.150214632541091575 ) ) ;
#6659 = CARTESIAN_POINT ( 'NONE',  ( 10.74339536890473390, 13.07528926925488122, 1.914617781481888992 ) ) ;
#6660 = CARTESIAN_POINT ( 'NONE',  ( 12.23628334903061976, 8.913562590297933852, 1.021722221116827312 ) ) ;
#6661 = CARTESIAN_POINT ( 'NONE',  ( 48.22683049121000920, 33.18013237118385206, 6.563442257500017973 ) ) ;
#6662 = ORIENTED_EDGE ( 'NONE', *, *, #1106, .T. ) ;
#6663 = ORIENTED_EDGE ( 'NONE', *, *, #3579, .F. ) ;
#6664 = CARTESIAN_POINT ( 'NONE',  ( 44.57923545371726703, 18.89301938091077915, 7.499999999998157030 ) ) ;
#6665 = AXIS2_PLACEMENT_3D ( 'NONE', #9541, #7337, #8105 ) ;
#6666 = CARTESIAN_POINT ( 'NONE',  ( 11.99286665908486427, 11.27659384905225615, 7.807702465697435201 ) ) ;
#6667 = VECTOR ( 'NONE', #9716, 1000.000000000000000 ) ;
#6668 = CARTESIAN_POINT ( 'NONE',  ( 11.61826412205659587, 44.33810755263464642, 6.478853343564849432 ) ) ;
#6669 = CARTESIAN_POINT ( 'NONE',  ( 13.73334788017672103, 51.18330181892375208, 1.859910577933277631 ) ) ;
#6670 = DIRECTION ( 'NONE',  ( -0.000000000000000000, 0.000000000000000000, 1.000000000000000000 ) ) ;
#6671 = ORIENTED_EDGE ( 'NONE', *, *, #3432, .T. ) ;
#6672 = ORIENTED_EDGE ( 'NONE', *, *, #4052, .T. ) ;
#6673 = CARTESIAN_POINT ( 'NONE',  ( 10.41664671438173428, 13.81750162022686546, 2.499999999999998224 ) ) ;
#6674 = B_SPLINE_CURVE_WITH_KNOTS ( 'NONE', 3,
 ( #8641, #7005, #7206, #7057, #8748, #5510 ),
 .UNSPECIFIED., .F., .F.,
 ( 4, 2, 4 ),
 ( 0.000000000000000000, 0.0002110608355277927882, 0.0004221216710555855765 ),
 .UNSPECIFIED. ) ;
#6675 = CARTESIAN_POINT ( 'NONE',  ( 38.72287626828728690, 49.75268927283104148, 4.053367428742457257 ) ) ;
#6676 = LINE ( 'NONE', #9136, #5602 ) ;
#6677 = CARTESIAN_POINT ( 'NONE',  ( -13.49008862636929429, 3.214462972446881395, 1.518327244431517675 ) ) ;
#6678 = EDGE_CURVE ( 'NONE', #2294, #7551, #5620, .T. ) ;
#6679 = CARTESIAN_POINT ( 'NONE',  ( 36.41338406435695418, 51.91691057053957081, 0.7071067811865486830 ) ) ;
#6680 = CYLINDRICAL_SURFACE ( 'NONE', #8654, 0.5000000000000004441 ) ;
#6681 = CARTESIAN_POINT ( 'NONE',  ( 13.76383183678053435, 3.939739200650797635, 2.105086103112651319 ) ) ;
#6682 = ORIENTED_EDGE ( 'NONE', *, *, #489, .T. ) ;
#6683 = EDGE_CURVE ( 'NONE', #7962, #1688, #5097, .T. ) ;
#6684 = CARTESIAN_POINT ( 'NONE',  ( 0.000000000000000000, 0.000000000000000000, 8.000000000000000000 ) ) ;
#6685 = AXIS2_PLACEMENT_3D ( 'NONE', #2860, #7584, #2092 ) ;
#6686 = CARTESIAN_POINT ( 'NONE',  ( 40.13366494974386001, 11.89582941397553029, 7.500000000000000000 ) ) ;
#6687 = ADVANCED_FACE ( 'NONE', ( #5882 ), #378, .T. ) ;
#6688 = CARTESIAN_POINT ( 'NONE',  ( 48.00495334681556869, 31.32807569686054450, 6.896805895602170722 ) ) ;
#6689 = AXIS2_PLACEMENT_3D ( 'NONE', #5529, #3111, #1389 ) ;
#6690 = CARTESIAN_POINT ( 'NONE',  ( 47.82846986514160648, 21.34348143638482043, 6.793198054989458612 ) ) ;
#6691 = ADVANCED_FACE ( 'NONE', ( #8030 ), #3520, .T. ) ;
#6692 = CARTESIAN_POINT ( 'NONE',  ( 40.38229336200328845, 10.76230476860072649, 6.440286355789407224 ) ) ;
#6693 = VERTEX_POINT ( 'NONE', #4236 ) ;
#6694 = CARTESIAN_POINT ( 'NONE',  ( 15.00991137390270502, 4.814462972446879263, 1.400000000000005684 ) ) ;
#6695 = CARTESIAN_POINT ( 'NONE',  ( 41.19154318477093568, 12.87519532190013827, 1.820423186609259725 ) ) ;
#6696 = CARTESIAN_POINT ( 'NONE',  ( 16.00991137390270325, 45.47360586472228761, 2.000000000000000000 ) ) ;
#6697 = CARTESIAN_POINT ( 'NONE',  ( 40.66320484816659331, 42.08447431474562705, 1.888822129096487279 ) ) ;
#6698 = ORIENTED_EDGE ( 'NONE', *, *, #2843, .T. ) ;
#6699 = LINE ( 'NONE', #547, #1526 ) ;
#6700 = ORIENTED_EDGE ( 'NONE', *, *, #2946, .T. ) ;
#6701 = DIRECTION ( 'NONE',  ( -0.000000000000000000, -0.000000000000000000, -1.000000000000000000 ) ) ;
#6702 = CARTESIAN_POINT ( 'NONE',  ( 11.29060375231824409, 12.37720765887498331, 7.946113962320530355 ) ) ;
#6703 = ADVANCED_FACE ( 'NONE', ( #8799 ), #4146, .T. ) ;
#6704 = CARTESIAN_POINT ( 'NONE',  ( 25.35991137390269756, 10.07807569686058180, 6.500000000000000000 ) ) ;
#6705 = CARTESIAN_POINT ( 'NONE',  ( 43.50991137363070749, 27.95335337183384539, 5.290000000000002700 ) ) ;
#6706 = CARTESIAN_POINT ( 'NONE',  ( 37.38519811941684878, 51.20422311940394877, -7.589415207398531038E-16 ) ) ;
#6707 = CARTESIAN_POINT ( 'NONE',  ( 40.14146594981862393, 43.63665846726440378, 7.972752074829785762 ) ) ;
#6708 = AXIS2_PLACEMENT_3D ( 'NONE', #8440, #7769, #1366 ) ;
#6709 = DIRECTION ( 'NONE',  ( -0.000000000000000000, -0.000000000000000000, -1.000000000000000000 ) ) ;
#6710 = AXIS2_PLACEMENT_3D ( 'NONE', #9833, #6039, #9165 ) ;
#6711 = AXIS2_PLACEMENT_3D ( 'NONE', #2104, #6115, #2822 ) ;
#6712 = CARTESIAN_POINT ( 'NONE',  ( 13.92993644554302968, 7.511095151840922135, 5.467108407659259761 ) ) ;
#6713 = CARTESIAN_POINT ( 'NONE',  ( 9.760540775784766865, 40.08008031073262600, 7.500000000000000000 ) ) ;
#6714 = ADVANCED_FACE ( 'NONE', ( #2541 ), #4546, .T. ) ;
#6715 = ORIENTED_EDGE ( 'NONE', *, *, #10113, .T. ) ;
#6716 = ORIENTED_EDGE ( 'NONE', *, *, #7442, .F. ) ;
#6717 = CARTESIAN_POINT ( 'NONE',  ( 13.24462239080772541, 7.363038064245782444, 3.556183125752454544E-14 ) ) ;
#6718 = CARTESIAN_POINT ( 'NONE',  ( 11.66608202850970777, 43.45525479523391965, 7.999999999999998224 ) ) ;
#6719 =( BOUNDED_CURVE ( )  B_SPLINE_CURVE ( 3, ( #3696, #7494, #9854, #481 ),
 .UNSPECIFIED., .F., .F. ) 
 B_SPLINE_CURVE_WITH_KNOTS ( ( 4, 4 ),
 ( 4.735845986140425623, 4.759315911113775499 ),
 .UNSPECIFIED. ) 
 CURVE ( )  GEOMETRIC_REPRESENTATION_ITEM ( )  RATIONAL_B_SPLINE_CURVE ( ( 1.000000000000000000, 0.9999540974119169867, 0.9999540974119169867, 1.000000000000000000 ) ) 
 REPRESENTATION_ITEM ( '' )  );
#6720 = CIRCLE ( 'NONE', #8509, 0.6999999999999992895 ) ;
#6721 = CARTESIAN_POINT ( 'NONE',  ( 12.35128211818821775, 46.62284549138816203, 4.918335387202030340 ) ) ;
#6722 = B_SPLINE_CURVE_WITH_KNOTS ( 'NONE', 3,
 ( #1113, #4182, #4234, #7362 ),
 .UNSPECIFIED., .F., .F.,
 ( 4, 4 ),
 ( 0.000000000000000000, 0.6846957141157224980 ),
 .UNSPECIFIED. ) ;
#6723 = CARTESIAN_POINT ( 'NONE',  ( 40.95063064296072497, 42.86777326077406514, 7.500002139291903624 ) ) ;
#6724 = CARTESIAN_POINT ( 'NONE',  ( 45.40857109620333887, 20.46570159417114709, 7.100563071382065772 ) ) ;
#6725 = ORIENTED_EDGE ( 'NONE', *, *, #9341, .F. ) ;
#6726 = EDGE_CURVE ( 'NONE', #5168, #7671, #5157, .T. ) ;
#6727 = VERTEX_POINT ( 'NONE', #7611 ) ;
#6728 = CARTESIAN_POINT ( 'NONE',  ( 10.22026920274473838, 14.25204423330677272, 2.500000000000000888 ) ) ;
#6729 = CARTESIAN_POINT ( 'NONE',  ( 11.29189853591753767, 13.19585282768456480, 1.932050009489457709 ) ) ;
#6730 = DIRECTION ( 'NONE',  ( -0.2885293115560004229, -0.9574710629429071806, -0.000000000000000000 ) ) ;
#6731 = CARTESIAN_POINT ( 'NONE',  ( 11.06967021141240082, 12.28837348569416754, 7.999999999999999112 ) ) ;
#6732 = CARTESIAN_POINT ( 'NONE',  ( 48.48109958712748835, 33.02763616600739738, 6.250316113055697897 ) ) ;
#6733 = CARTESIAN_POINT ( 'NONE',  ( -13.49008862636929429, 10.78171295196041690, 7.660946871235453592 ) ) ;
#6734 = CARTESIAN_POINT ( 'NONE',  ( 15.76188613066989497, 3.214462972446881395, 0.000000000000000000 ) ) ;
#6735 = ORIENTED_EDGE ( 'NONE', *, *, #639, .F. ) ;
#6736 = CARTESIAN_POINT ( 'NONE',  ( 48.29651274621212309, 21.73724218309564904, 2.837622926088840369 ) ) ;
#6737 = DIRECTION ( 'NONE',  ( 0.000000000000000000, 0.000000000000000000, -1.000000000000000000 ) ) ;
#6738 = CARTESIAN_POINT ( 'NONE',  ( 13.72028428360236241, 4.015468890033023541, 3.122340594280628601 ) ) ;
#6739 = CARTESIAN_POINT ( 'NONE',  ( 48.15969549726975174, 21.94746864948521647, 6.622441369166465641 ) ) ;
#6740 = EDGE_LOOP ( 'NONE', ( #9172, #9337, #6900, #10012 ) ) ;
#6741 = ADVANCED_FACE ( 'NONE', ( #8283 ), #6899, .T. ) ;
#6742 = CARTESIAN_POINT ( 'NONE',  ( 38.32131113223428542, 4.086501082640006999, 0.5000000000000004441 ) ) ;
#6743 = CYLINDRICAL_SURFACE ( 'NONE', #4999, 0.6999999999999975131 ) ;
#6744 = CARTESIAN_POINT ( 'NONE',  ( 35.17286826665129240, 41.29996408664246843, 1.600000000000000089 ) ) ;
#6745 = EDGE_CURVE ( 'NONE', #2172, #4423, #9205, .T. ) ;
#6746 = CARTESIAN_POINT ( 'NONE',  ( 40.83282737135998985, 41.76300101056303049, 1.978413669937609365 ) ) ;
#6747 = ADVANCED_FACE ( 'NONE', ( #451 ), #6134, .T. ) ;
#6748 = EDGE_LOOP ( 'NONE', ( #2960, #7910, #7045, #668 ) ) ;
#6749 = CARTESIAN_POINT ( 'NONE',  ( 14.17655859908086313, 50.92312017234760901, 0.5000000000000004441 ) ) ;
#6750 = VERTEX_POINT ( 'NONE', #4374 ) ;
#6751 = CARTESIAN_POINT ( 'NONE',  ( 41.75408545353774770, 41.00302572552286762, 2.000000000000000444 ) ) ;
#6752 = CARTESIAN_POINT ( 'NONE',  ( 9.058857266029718858, 27.57807569686059423, 10.30000000000000071 ) ) ;
#6753 = LINE ( 'NONE', #5887, #8159 ) ;
#6754 = CARTESIAN_POINT ( 'NONE',  ( 43.50991137363070749, 28.06545524120993207, 6.140000000000001457 ) ) ;
#6755 = CARTESIAN_POINT ( 'NONE',  ( 38.32131113223428542, 4.086501082640005222, 8.000000000000000000 ) ) ;
#6756 = CARTESIAN_POINT ( 'NONE',  ( 41.84358502985884343, 39.80031186621535255, 2.000000000000000888 ) ) ;
#6757 = LINE ( 'NONE', #1937, #2446 ) ;
#6758 = ADVANCED_FACE ( 'NONE', ( #9108, #8330 ), #2939, .T. ) ;
#6759 = AXIS2_PLACEMENT_3D ( 'NONE', #1791, #3271, #117 ) ;
#6760 = DIRECTION ( 'NONE',  ( 1.000000000000000000, -8.462065736584504477E-17, 0.000000000000000000 ) ) ;
#6761 = ORIENTED_EDGE ( 'NONE', *, *, #5714, .T. ) ;
#6762 = EDGE_LOOP ( 'NONE', ( #5215, #172, #9373, #2119, #7305 ) ) ;
#6763 = PLANE ( 'NONE',  #9026 ) ;
#6764 = AXIS2_PLACEMENT_3D ( 'NONE', #967, #8704, #6298 ) ;
#6765 = CARTESIAN_POINT ( 'NONE',  ( 12.10331180509406046, 43.95066685333830492, 7.805805341726405722 ) ) ;
#6766 = EDGE_LOOP ( 'NONE', ( #3957, #5158, #7874, #3877 ) ) ;
#6767 = CARTESIAN_POINT ( 'NONE',  ( 48.20578756748940918, 33.49523558063172146, 2.762665033669120529 ) ) ;
#6768 = ORIENTED_EDGE ( 'NONE', *, *, #2413, .F. ) ;
#6769 = CARTESIAN_POINT ( 'NONE',  ( 42.05491158998373180, 40.39913067984094397, 7.500000000000000000 ) ) ;
#6770 = AXIS2_PLACEMENT_3D ( 'NONE', #5043, #5919, #8171 ) ;
#6771 = AXIS2_PLACEMENT_3D ( 'NONE', #2386, #8755, #6453 ) ;
#6772 = CARTESIAN_POINT ( 'NONE',  ( 43.50991137363070749, 0.000000000000000000, 0.000000000000000000 ) ) ;
#6773 = EDGE_CURVE ( 'NONE', #6351, #3965, #9370, .T. ) ;
#6774 = VECTOR ( 'NONE', #1092, 1000.000000000000000 ) ;
#6775 = ORIENTED_EDGE ( 'NONE', *, *, #8136, .T. ) ;
#6776 = ORIENTED_EDGE ( 'NONE', *, *, #7311, .T. ) ;
#6777 = CARTESIAN_POINT ( 'NONE',  ( 15.83763509780410850, 3.214462972446881395, 1.000000000000007105 ) ) ;
#6778 =( BOUNDED_SURFACE ( )  B_SPLINE_SURFACE ( 2, 3, ( 
 ( #6969, #2236, #9321, #4650, #7634, #10040, #2290, #8503, #9989, #4549, #7781, #622, #769, #7580, #9942, #1330, #8350, #1479, #670, #4445, #571, #2907, #9177, #2144, #3005, #5269, #8400, #6870, #9228, #2192, #6153, #5322 ),
 ( #8453, #9630, #1577, #3157, #9425, #4752, #7122, #6511, #4903, #4801, #3983, #207, #3314, #53, #7878, #7980, #6409, #1730, #1779, #865, #917, #6461, #9528, #107, #8707, #2547, #3209, #7218, #4697, #3930, #8604, #8035 ),
 ( #5471, #6302, #2391, #1676, #6353, #9478, #4138, #7171, #7934, #5522, #7828, #2443, #156, #8805, #5577, #814, #7069, #8656, #1624, #4035, #3261, #2496, #7272, #3369, #5633, #261, #8759, #4084, #9577, #5683, #4851, #970 ) ),
 .UNSPECIFIED., .F., .F., .T. ) 
 B_SPLINE_SURFACE_WITH_KNOTS ( ( 3, 3 ),
 ( 4, 2, 2, 2, 2, 2, 2, 2, 2, 2, 2, 2, 2, 2, 2, 4 ),
 ( 0.000000000000000000, 1.000000000000000000 ),
 ( -0.4806246412932165257, -0.3411972732418157017, 0.05674485423760890906, 0.5294080275726387175, 0.7657396142401535766, 0.8839054075739110061, 0.9429883042407897209, 0.9725297525742291338, 0.9873004767409487847, 0.9946858388243086102, 1.002071200907668436, 1.008446851703233893, 1.014822502498799572, 1.027573804089930487, 1.053076407272192538, 1.192503775323593418 ),
 .UNSPECIFIED. ) 
 GEOMETRIC_REPRESENTATION_ITEM ( )  RATIONAL_B_SPLINE_SURFACE ( (
 ( 1.000000000000000000, 1.000000000000000000, 1.000000000000000000, 1.000000000000000000, 1.000000000000000000, 1.000000000000000000, 1.000000000000000000, 1.000000000000000000, 1.000000000000000000, 1.000000000000000000, 1.000000000000000000, 1.000000000000000000, 1.000000000000000000, 1.000000000000000000, 1.000000000000000000, 1.000000000000000000, 1.000000000000000000, 1.000000000000000000, 1.000000000000000000, 1.000000000000000000, 1.000000000000000000, 1.000000000000000000, 1.000000000000000000, 1.000000000000000000, 1.000000000000000000, 1.000000000000000000, 1.000000000000000000, 1.000000000000000000, 1.000000000000000000, 1.000000000000000000, 1.000000000000000000, 1.000000000000000000),
 ( 0.7955734083331593709, 0.7946336642138747131, 0.7934676453248591388, 0.7879767948816279732, 0.7812359893509516207, 0.7723291102044168577, 0.7714678578348532767, 0.7712961980826771313, 0.7714354430375767180, 0.7717156556542572599, 0.7718235857336843697, 0.7719952641719798336, 0.7720542049800606099, 0.7721442137573691911, 0.7721744853681509202, 0.7722201997248006045, 0.7722355394642628212, 0.7722585109263186975, 0.7722661383950398806, 0.7722815346742853970, 0.7722969472648879563, 0.7722969472648879563, 0.7722969472648879563, 0.7722969472648879563, 0.7722969479023112926, 0.7722969459900411726, 0.7722969472648879563, 0.7722969472648879563, 0.7722969447151983857, 0.7722969612045046395, 0.7722969368263887802, 0.7722969472648879563),
 ( 1.000000000000000000, 1.000000000000000000, 1.000000000000000000, 1.000000000000000000, 1.000000000000000000, 1.000000000000000000, 1.000000000000000000, 1.000000000000000000, 1.000000000000000000, 1.000000000000000000, 1.000000000000000000, 1.000000000000000000, 1.000000000000000000, 1.000000000000000000, 1.000000000000000000, 1.000000000000000000, 1.000000000000000000, 1.000000000000000000, 1.000000000000000000, 1.000000000000000000, 1.000000000000000000, 1.000000000000000000, 1.000000000000000000, 1.000000000000000000, 1.000000000000000000, 1.000000000000000000, 1.000000000000000000, 1.000000000000000000, 1.000000000000000000, 1.000000000000000000, 1.000000000000000000, 1.000000000000000000) ) ) 
 REPRESENTATION_ITEM ( '' )  SURFACE ( )  );
#6779 = CARTESIAN_POINT ( 'NONE',  ( 11.11956162156842787, 42.84774526635870728, 7.760705097082380099 ) ) ;
#6780 = CARTESIAN_POINT ( 'NONE',  ( -13.49008862636929429, 51.05580488328942579, 3.179274115666989253 ) ) ;
#6781 = AXIS2_PLACEMENT_3D ( 'NONE', #4025, #7161, #6399 ) ;
#6782 = DIRECTION ( 'NONE',  ( -1.000000000000000000, 0.000000000000000000, -0.000000000000000000 ) ) ;
#6783 = VECTOR ( 'NONE', #841, 1000.000000000000000 ) ;
#6784 = CYLINDRICAL_SURFACE ( 'NONE', #9298, 4.999999999999929834 ) ;
#6785 = EDGE_CURVE ( 'NONE', #3630, #787, #8731, .T. ) ;
#6786 = CARTESIAN_POINT ( 'NONE',  ( 16.00991137395806874, 9.682545528967942516, 6.923656268101482603 ) ) ;
#6787 = CARTESIAN_POINT ( 'NONE',  ( 13.87558472385575747, 3.825872387292143184, 2.274020943898025671 ) ) ;
#6788 = CIRCLE ( 'NONE', #6606, 0.6499999999999995781 ) ;
#6789 = ORIENTED_EDGE ( 'NONE', *, *, #112, .F. ) ;
#6790 = CARTESIAN_POINT ( 'NONE',  ( 48.52204153636962047, 22.12557354717355551, 3.166265656070277767 ) ) ;
#6791 = CARTESIAN_POINT ( 'NONE',  ( 37.80594369612723682, 51.46154325576399202, 2.594650048049462310 ) ) ;
#6792 = CARTESIAN_POINT ( 'NONE',  ( 11.13396242623931798, 12.15876682984436030, 7.412587815689512638 ) ) ;
#6793 = CARTESIAN_POINT ( 'NONE',  ( 36.00991137390269614, 3.310354960720903073, -1.509275079030024669 ) ) ;
#6794 = ORIENTED_EDGE ( 'NONE', *, *, #6930, .T. ) ;
#6795 = CARTESIAN_POINT ( 'NONE',  ( 46.50991137363070749, 31.07807569686055160, 7.213491317401595104 ) ) ;
#6796 = DIRECTION ( 'NONE',  ( -0.3108948944432060046, 0.9504442985305072700, 0.000000000000000000 ) ) ;
#6797 = CARTESIAN_POINT ( 'NONE',  ( 40.46073994456994427, 43.55002728992128169, 7.743090173357140671 ) ) ;
#6798 = DIRECTION ( 'NONE',  ( 0.000000000000000000, 0.000000000000000000, 1.000000000000000000 ) ) ;
#6799 = ORIENTED_EDGE ( 'NONE', *, *, #1091, .T. ) ;
#6800 = CARTESIAN_POINT ( 'NONE',  ( 37.31648313551623630, 51.34370042990683913, 2.951820267415908638 ) ) ;
#6801 = ADVANCED_FACE ( 'NONE', ( #1309 ), #4478, .T. ) ;
#6802 = ORIENTED_EDGE ( 'NONE', *, *, #1970, .F. ) ;
#6803 = CARTESIAN_POINT ( 'NONE',  ( -13.49008862636929429, 8.444295124504931138, 0.2779446772587282899 ) ) ;
#6804 = CARTESIAN_POINT ( 'NONE',  ( 25.30991137390270040, 10.07807569686058180, 3.000000000000000000 ) ) ;
#6805 = DIRECTION ( 'NONE',  ( -0.9470615782840257069, 0.3210519692170883954, 0.000000000000000000 ) ) ;
#6806 = EDGE_CURVE ( 'NONE', #1992, #9279, #8906, .T. ) ;
#6807 = B_SPLINE_CURVE_WITH_KNOTS ( 'NONE', 3,
 ( #3811, #10068, #3033, #7560, #9058, #2026, #1262, #9110 ),
 .UNSPECIFIED., .F., .F.,
 ( 4, 2, 2, 4 ),
 ( 0.000000000000000000, 0.0001816868439607687512, 0.0003633736879215375025, 0.0007267473758430750049 ),
 .UNSPECIFIED. ) ;
#6808 = CARTESIAN_POINT ( 'NONE',  ( 48.55316943299862231, 23.57807569686055871, 8.000000000000000000 ) ) ;
#6809 = DIRECTION ( 'NONE',  ( 0.000000000000000000, -0.8304734356177293497, 0.5570582310075716803 ) ) ;
#6810 = PRESENTATION_STYLE_ASSIGNMENT (( #2225 ) ) ;
#6811 = CARTESIAN_POINT ( 'NONE',  ( 39.53736066827166695, 44.10283045832942150, 7.821479364921897215 ) ) ;
#6812 = DIRECTION ( 'NONE',  ( 1.000000000000000000, 0.000000000000000000, 0.000000000000000000 ) ) ;
#6813 = CARTESIAN_POINT ( 'NONE',  ( 41.37165668651895345, 13.30141988076838366, 7.500000000000000000 ) ) ;
#6814 = ADVANCED_FACE ( 'NONE', ( #9825 ), #4329, .F. ) ;
#6815 = LINE ( 'NONE', #1425, #8504 ) ;
#6816 = ORIENTED_EDGE ( 'NONE', *, *, #5622, .T. ) ;
#6817 = VERTEX_POINT ( 'NONE', #5983 ) ;
#6818 = CARTESIAN_POINT ( 'NONE',  ( 47.62763043533602314, 33.63909952311472296, 2.093368253076979268 ) ) ;
#6819 = CARTESIAN_POINT ( 'NONE',  ( 11.66514182362120522, 43.64291983513097506, 7.775083154116177120 ) ) ;
#6820 = EDGE_CURVE ( 'NONE', #1715, #6231, #2262, .T. ) ;
#6821 = ORIENTED_EDGE ( 'NONE', *, *, #3875, .T. ) ;
#6822 = CARTESIAN_POINT ( 'NONE',  ( 36.48874136487626885, 45.20603626131736519, 7.103134435094881738 ) ) ;
#6823 = CARTESIAN_POINT ( 'NONE',  ( 13.59775306235802717, 50.74049010302098139, 3.390778404875620211 ) ) ;
#6824 = CARTESIAN_POINT ( 'NONE',  ( 10.30339594318818541, 15.16284852587515353, 2.000000000000000444 ) ) ;
#6825 = ORIENTED_EDGE ( 'NONE', *, *, #1608, .F. ) ;
#6826 = ORIENTED_EDGE ( 'NONE', *, *, #5903, .F. ) ;
#6827 = COLOUR_RGB ( '',0.7921568627450980005, 0.8196078431372548767, 0.9333333333333333481 ) ;
#6828 = CARTESIAN_POINT ( 'NONE',  ( 10.15446680767495025, 36.32807569686045923, 3.000000000000000000 ) ) ;
#6829 = CARTESIAN_POINT ( 'NONE',  ( 11.29101779878924106, 42.77893685088195497, 7.945778743239936937 ) ) ;
#6830 = CARTESIAN_POINT ( 'NONE',  ( 48.79846204852487546, 23.52978974892232955, 6.000000000000000000 ) ) ;
#6831 = CARTESIAN_POINT ( 'NONE',  ( 10.86321098978803334, 12.80282737997847597, 8.000000000001461942 ) ) ;
#6832 = EDGE_CURVE ( 'NONE', #6898, #2472, #6699, .T. ) ;
#6833 = CARTESIAN_POINT ( 'NONE',  ( 44.94393106425288664, 36.17421236888898051, 6.833333333333392545 ) ) ;
#6834 = CARTESIAN_POINT ( 'NONE',  ( 14.07773548791941387, 3.739286979851476733, 2.502535995209693276 ) ) ;
#6835 = DIRECTION ( 'NONE',  ( -0.000000000000000000, -0.000000000000000000, -1.000000000000000000 ) ) ;
#6836 = VERTEX_POINT ( 'NONE', #2886 ) ;
#6837 = DIRECTION ( 'NONE',  ( -0.000000000000000000, -0.000000000000000000, -1.000000000000000000 ) ) ;
#6838 = EDGE_CURVE ( 'NONE', #664, #404, #2012, .T. ) ;
#6839 = CARTESIAN_POINT ( 'NONE',  ( 14.19791586341720091, 3.699975401874422865, 2.599959059826746799 ) ) ;
#6840 = CARTESIAN_POINT ( 'NONE',  ( 15.24622115937340006, 3.168316318309838397, 2.554094467767857868 ) ) ;
#6841 = CARTESIAN_POINT ( 'NONE',  ( 48.03713783719959451, 21.51903213871397824, 6.312425872676363348 ) ) ;
#6842 = VERTEX_POINT ( 'NONE', #4871 ) ;
#6843 = FACE_OUTER_BOUND ( 'NONE', #5435, .T. ) ;
#6844 = CARTESIAN_POINT ( 'NONE',  ( 11.00312427677632954, 13.72256007436759084, 2.000000000000000000 ) ) ;
#6845 = DIRECTION ( 'NONE',  ( -0.000000000000000000, -0.000000000000000000, -1.000000000000000000 ) ) ;
#6846 = AXIS2_PLACEMENT_3D ( 'NONE', #2595, #5162, #5888 ) ;
#6847 = DIRECTION ( 'NONE',  ( 0.000000000000000000, 0.000000000000000000, -1.000000000000000000 ) ) ;
#6848 = ORIENTED_EDGE ( 'NONE', *, *, #6048, .T. ) ;
#6849 = CARTESIAN_POINT ( 'NONE',  ( 48.54318645688868372, 32.92316165031073183, 3.250000000000000444 ) ) ;
#6850 = ORIENTED_EDGE ( 'NONE', *, *, #7542, .F. ) ;
#6851 = EDGE_CURVE ( 'NONE', #7551, #1580, #9385, .T. ) ;
#6852 = CARTESIAN_POINT ( 'NONE',  ( 40.98996588900220672, 41.48650285223371270, 2.000000000000000444 ) ) ;
#6853 = CARTESIAN_POINT ( 'NONE',  ( 14.30342553606729794, 10.78171295196032986, 7.660946871235394084 ) ) ;
#6854 = DIRECTION ( 'NONE',  ( 0.000000000000000000, 0.000000000000000000, 1.000000000000000000 ) ) ;
#6855 = CARTESIAN_POINT ( 'NONE',  ( 47.83195998103263236, 33.73990219359262710, 2.205833833530114862 ) ) ;
#6856 = CARTESIAN_POINT ( 'NONE',  ( 48.26917597173572716, 21.87190964284417305, 2.573145880096028737 ) ) ;
#6857 = AXIS2_PLACEMENT_3D ( 'NONE', #9502, #3342, #6486 ) ;
#6858 = CARTESIAN_POINT ( 'NONE',  ( 44.24387044884051789, 36.95436346159939944, 7.194937271614501029 ) ) ;
#6859 = CARTESIAN_POINT ( 'NONE',  ( 47.95406447960927920, 21.44914318486052807, 2.296159226572679568 ) ) ;
#6860 = AXIS2_PLACEMENT_3D ( 'NONE', #8749, #4788, #4230 ) ;
#6861 = DIRECTION ( 'NONE',  ( -1.000000000000000000, 0.000000000000000000, 0.000000000000000000 ) ) ;
#6862 = CARTESIAN_POINT ( 'NONE',  ( 40.72916931224538217, 42.77906823679199988, 7.946113962342509218 ) ) ;
#6863 = DIRECTION ( 'NONE',  ( 0.000000000000000000, 0.000000000000000000, 1.000000000000000000 ) ) ;
#6864 = ORIENTED_EDGE ( 'NONE', *, *, #240, .F. ) ;
#6865 = DIRECTION ( 'NONE',  ( 1.000000000000000000, -8.462065736584504477E-17, 0.000000000000000000 ) ) ;
#6866 = DIRECTION ( 'NONE',  ( -0.3075758364538284106, 0.9358133948667586299, -0.1721929000211095684 ) ) ;
#6867 = CARTESIAN_POINT ( 'NONE',  ( 15.56896081036116009, 51.81547482372712921, 0.4963810536661018014 ) ) ;
#6868 = ORIENTED_EDGE ( 'NONE', *, *, #1873, .T. ) ;
#6869 = EDGE_CURVE ( 'NONE', #186, #7902, #1683, .T. ) ;
#6870 = CARTESIAN_POINT ( 'NONE',  ( 38.25163860245104530, 3.859198065088544904, 1.783676332477235116 ) ) ;
#6871 = CARTESIAN_POINT ( 'NONE',  ( 26.00991137390269969, 27.57807569686057292, 7.500000000000000000 ) ) ;
#6872 = CARTESIAN_POINT ( 'NONE',  ( 37.82957750376777994, 6.647629739197896903, 4.887920086066089631 ) ) ;
#6873 = ORIENTED_EDGE ( 'NONE', *, *, #1169, .F. ) ;
#6874 = EDGE_CURVE ( 'NONE', #5959, #1741, #5596, .T. ) ;
#6875 = ORIENTED_EDGE ( 'NONE', *, *, #7056, .T. ) ;
#6876 = EDGE_CURVE ( 'NONE', #616, #687, #10095, .T. ) ;
#6877 = CARTESIAN_POINT ( 'NONE',  ( 42.35788392518428935, 15.20900970726603951, 7.500000000000000000 ) ) ;
#6878 = AXIS2_PLACEMENT_3D ( 'NONE', #6882, #6929, #8613 ) ;
#6879 = AXIS2_PLACEMENT_3D ( 'NONE', #3621, #2754, #2705 ) ;
#6880 = DIRECTION ( 'NONE',  ( -0.9811704621049778252, 0.1931437917529431336, 0.000000000000000000 ) ) ;
#6881 = CARTESIAN_POINT ( 'NONE',  ( 46.50991137363070749, 0.000000000000000000, 2.000000000000000000 ) ) ;
#6882 = CARTESIAN_POINT ( 'NONE',  ( 41.16535594013037525, 18.82807569686056937, 6.500000000000000000 ) ) ;
#6883 = CARTESIAN_POINT ( 'NONE',  ( 26.00991137390269969, 27.57807569686058358, 1.600000000000000089 ) ) ;
#6884 = CARTESIAN_POINT ( 'NONE',  ( 14.21387905490810155, 3.694608137448005980, 2.594650047308623364 ) ) ;
#6885 = DIRECTION ( 'NONE',  ( -1.000000000000000000, 0.000000000000000000, 0.000000000000000000 ) ) ;
#6886 = ORIENTED_EDGE ( 'NONE', *, *, #8878, .T. ) ;
#6887 = ORIENTED_EDGE ( 'NONE', *, *, #8060, .F. ) ;
#6888 = ADVANCED_FACE ( 'NONE', ( #1038 ), #10117, .T. ) ;
#6889 = AXIS2_PLACEMENT_3D ( 'NONE', #3480, #6618, #9741 ) ;
#6890 = CARTESIAN_POINT ( 'NONE',  ( 15.15386522474549835, 3.479645050146621177, 2.549091993978087167 ) ) ;
#6891 = VECTOR ( 'NONE', #3134, 1000.000000000000000 ) ;
#6892 = CARTESIAN_POINT ( 'NONE',  ( 14.83602925345079093, 4.507050560029512098, 3.452079757239413293 ) ) ;
#6893 = CARTESIAN_POINT ( 'NONE',  ( 46.97421382283033608, 33.12730802244641382, 7.000000000000000000 ) ) ;
#6894 = ORIENTED_EDGE ( 'NONE', *, *, #5680, .T. ) ;
#6895 = CARTESIAN_POINT ( 'NONE',  ( 13.59753241112827027, 11.89582941397555693, 8.000000000000000000 ) ) ;
#6896 = CARTESIAN_POINT ( 'NONE',  ( 39.20268719125740375, 48.16435412739183164, 3.878133870262663319 ) ) ;
#6897 = CARTESIAN_POINT ( 'NONE',  ( 11.76159033836166756, 11.43981113180863041, 7.790470429236002303 ) ) ;
#6898 = VERTEX_POINT ( 'NONE', #2517 ) ;
#6899 = PLANE ( 'NONE',  #3325 ) ;
#6900 = ORIENTED_EDGE ( 'NONE', *, *, #3287, .F. ) ;
#6901 = CARTESIAN_POINT ( 'NONE',  ( 41.95831440355637909, 39.64656857157949332, 2.000000000000000444 ) ) ;
#6902 = LINE ( 'NONE', #9973, #9874 ) ;
#6903 = CARTESIAN_POINT ( 'NONE',  ( 44.57923545372379692, 36.26313201279640452, 7.500000000000000000 ) ) ;
#6904 = CARTESIAN_POINT ( 'NONE',  ( 11.63752131462404549, 10.76232819990400813, 6.440301770210758114 ) ) ;
#6905 = ADVANCED_FACE ( 'NONE', ( #2566 ), #6600, .T. ) ;
#6906 = CARTESIAN_POINT ( 'NONE',  ( 36.00991137390269614, 50.34168842127429144, 1.399999999999999911 ) ) ;
#6907 = CARTESIAN_POINT ( 'NONE',  ( 48.00656218521258012, 33.28384885979681229, 6.723972163683663794 ) ) ;
#6908 = CARTESIAN_POINT ( 'NONE',  ( 12.30933454235531244, 44.07551959934736630, 7.789506738129954755 ) ) ;
#6909 = CARTESIAN_POINT ( 'NONE',  ( 42.00936308409342246, 14.67390944344607462, 8.000000000000000000 ) ) ;
#6910 = CARTESIAN_POINT ( 'NONE',  ( 14.23332404181237543, 4.214462972446882283, 0.4999999999999997780 ) ) ;
#6911 = B_SPLINE_CURVE_WITH_KNOTS ( 'NONE', 3,
 ( #5920, #9101, #6893, #1450 ),
 .UNSPECIFIED., .F., .F.,
 ( 4, 4 ),
 ( 0.000000000000000000, 0.7750980018395536852 ),
 .UNSPECIFIED. ) ;
#6912 = ORIENTED_EDGE ( 'NONE', *, *, #2196, .F. ) ;
#6913 = B_SPLINE_CURVE_WITH_KNOTS ( 'NONE', 3,
 ( #455, #8238, #6702, #1981, #7321, #4286 ),
 .UNSPECIFIED., .F., .F.,
 ( 4, 2, 4 ),
 ( 0.000000000000000000, 0.5000000000000000000, 1.000000000000000000 ),
 .UNSPECIFIED. ) ;
#6914 = CARTESIAN_POINT ( 'NONE',  ( 47.74687961816040627, 33.59458352831908456, 2.146912573415756142 ) ) ;
#6915 = CARTESIAN_POINT ( 'NONE',  ( 36.96405778375913087, 51.36648156880112737, 2.970880930016547072 ) ) ;
#6916 = CARTESIAN_POINT ( 'NONE',  ( 15.30021699697044468, 51.81674398629996858, 0.6927266345739199194 ) ) ;
#6917 = ORIENTED_EDGE ( 'NONE', *, *, #4298, .F. ) ;
#6918 = CARTESIAN_POINT ( 'NONE',  ( 47.32058890163987996, 34.23994616541183689, 6.966953793736906597 ) ) ;
#6919 = CARTESIAN_POINT ( 'NONE',  ( 42.34643595963502349, 39.96236014044102092, 7.542083936066490857 ) ) ;
#6920 = CIRCLE ( 'NONE', #1671, 19.45264220178946246 ) ;
#6921 = DIRECTION ( 'NONE',  ( 0.000000000000000000, 0.000000000000000000, -1.000000000000000000 ) ) ;
#6922 = ORIENTED_EDGE ( 'NONE', *, *, #947, .F. ) ;
#6923 = EDGE_LOOP ( 'NONE', ( #8426, #677, #1206, #1360 ) ) ;
#6924 =( BOUNDED_SURFACE ( )  B_SPLINE_SURFACE ( 3, 2, ( 
 ( #4016, #1607, #7965 ),
 ( #2373, #4884, #4732 ),
 ( #3858, #5452, #7100 ),
 ( #3082, #798, #5505 ),
 ( #7861, #8635, #9511 ),
 ( #4681, #953, #7000 ),
 ( #9558, #1759, #2479 ),
 ( #6336, #848, #9456 ),
 ( #6389, #5611, #2425 ),
 ( #5555, #3962, #8741 ),
 ( #8690, #3243, #191 ),
 ( #35, #1713, #4835 ),
 ( #4067, #3296, #1655 ),
 ( #7201, #7052, #8788 ),
 ( #6440, #2529, #5662 ),
 ( #751, #3909, #7808 ) ),
 .UNSPECIFIED., .F., .F., .T. ) 
 B_SPLINE_SURFACE_WITH_KNOTS ( ( 4, 2, 2, 2, 2, 2, 2, 4 ),
 ( 3, 3 ),
 ( -2.058858356195284313E-05, 0.001676306420429215767, 0.002100530171427007764, 0.002524753922424799978, 0.002948977673422592191, 0.003161089548921488298, 0.003267145486670936134, 0.003373201424420384405 ),
 ( 0.000000000000000000, 1.000000000000000000 ),
 .UNSPECIFIED. ) 
 GEOMETRIC_REPRESENTATION_ITEM ( )  RATIONAL_B_SPLINE_SURFACE ( (
 ( 1.000000000000000000, 0.7071067811865456854, 1.000000000000000000),
 ( 1.000000000000000000, 0.7071067811865456854, 1.000000000000000000),
 ( 1.000000000000000000, 0.7071067811865475727, 1.000000000000000000),
 ( 1.000000000000000000, 0.7071067811865475727, 1.000000000000000000),
 ( 1.000000000000000000, 0.7071067811865475727, 1.000000000000000000),
 ( 1.000000000000000000, 0.7071067811865475727, 1.000000000000000000),
 ( 1.000000000000000000, 0.7071067811865475727, 1.000000000000000000),
 ( 1.000000000000000000, 0.7071067811865475727, 1.000000000000000000),
 ( 1.000000000000000000, 0.7071067811865433539, 1.000000000000000000),
 ( 1.000000000000000000, 0.7071067811865433539, 1.000000000000000000),
 ( 1.000000000000000000, 0.7071067811865475727, 1.000000000000000000),
 ( 1.000000000000000000, 0.7071067811865475727, 1.000000000000000000),
 ( 1.000000000000000000, 0.7071067811865475727, 1.000000000000000000),
 ( 1.000000000000000000, 0.7071067811865475727, 1.000000000000000000),
 ( 1.000000000000000000, 0.7071067811865475727, 1.000000000000000000),
 ( 1.000000000000000000, 0.7071067811865475727, 1.000000000000000000) ) ) 
 REPRESENTATION_ITEM ( '' )  SURFACE ( )  );
#6925 = DIRECTION ( 'NONE',  ( -1.000000000000000000, 8.462065736584503245E-17, 0.000000000000000000 ) ) ;
#6926 = DIRECTION ( 'NONE',  ( -1.000000000000000000, 0.000000000000000000, 0.000000000000000000 ) ) ;
#6927 = CARTESIAN_POINT ( 'NONE',  ( 40.46073994456993006, 43.55002728992130301, 7.743090173357145112 ) ) ;
#6928 = CIRCLE ( 'NONE', #5130, 0.5000000000000004441 ) ;
#6929 = DIRECTION ( 'NONE',  ( -0.000000000000000000, -0.000000000000000000, -1.000000000000000000 ) ) ;
#6930 = EDGE_CURVE ( 'NONE', #6105, #7164, #5952, .T. ) ;
#6931 = CARTESIAN_POINT ( 'NONE',  ( 37.78649870599302574, 4.214462972446882283, -2.168404344971008868E-16 ) ) ;
#6932 = ADVANCED_FACE ( 'NONE', ( #9848 ), #9802, .T. ) ;
#6933 = AXIS2_PLACEMENT_3D ( 'NONE', #6179, #5757, #7712 ) ;
#6934 = CARTESIAN_POINT ( 'NONE',  ( 16.00991137390270325, 4.100346510431743141, 3.179274115666991030 ) ) ;
#6935 = CARTESIAN_POINT ( 'NONE',  ( 41.26472958332531249, 40.87241852628197591, 8.000000000000000000 ) ) ;
#6936 = ORIENTED_EDGE ( 'NONE', *, *, #2212, .F. ) ;
#6937 = ORIENTED_EDGE ( 'NONE', *, *, #9001, .F. ) ;
#6938 = DIRECTION ( 'NONE',  ( -0.6437715727057145010, -0.7652177220739277974, 0.000000000000000000 ) ) ;
#6939 = CARTESIAN_POINT ( 'NONE',  ( 13.49724646102111691, 4.744868578224364697, 3.611601397349189391 ) ) ;
#6940 = CARTESIAN_POINT ( 'NONE',  ( 42.35788392518428935, 15.20900970726603951, 8.000000000000000000 ) ) ;
#6941 = ORIENTED_EDGE ( 'NONE', *, *, #4918, .T. ) ;
#6942 = EDGE_CURVE ( 'NONE', #1117, #6105, #6628, .T. ) ;
#6943 = DIRECTION ( 'NONE',  ( -1.000000000000000000, 0.000000000000000000, 0.000000000000000000 ) ) ;
#6944 = CIRCLE ( 'NONE', #6464, 0.4999999999999977796 ) ;
#6945 = DIRECTION ( 'NONE',  ( -1.000000000000000000, 0.000000000000000000, 0.000000000000000000 ) ) ;
#6946 = PLANE ( 'NONE',  #2840 ) ;
#6947 = VERTEX_POINT ( 'NONE', #8158 ) ;
#6948 = CARTESIAN_POINT ( 'NONE',  ( 10.06607915537979814, 40.58650948309112749, 2.500000000000000444 ) ) ;
#6949 = ORIENTED_EDGE ( 'NONE', *, *, #606, .F. ) ;
#6950 = CARTESIAN_POINT ( 'NONE',  ( 40.97839593632913591, 41.58527804498811520, 1.999999999999717337 ) ) ;
#6951 = CARTESIAN_POINT ( 'NONE',  ( 13.20750573695325691, 5.698878687348059913, 0.5000000000000008882 ) ) ;
#6952 = CARTESIAN_POINT ( 'NONE',  ( 16.00991137390270325, 0.000000000000000000, 0.000000000000000000 ) ) ;
#6953 = ORIENTED_EDGE ( 'NONE', *, *, #8192, .F. ) ;
#6954 = EDGE_CURVE ( 'NONE', #6557, #9243, #2664, .T. ) ;
#6955 = CARTESIAN_POINT ( 'NONE',  ( 11.22725838229133899, 11.88800756197570152, 7.221494952609940121 ) ) ;
#6956 = VERTEX_POINT ( 'NONE', #9803 ) ;
#6957 = CARTESIAN_POINT ( 'NONE',  ( 41.30156069491435034, 14.36603958424648830, 2.000000000000000444 ) ) ;
#6958 = DIRECTION ( 'NONE',  ( -1.000000000000000000, 0.000000000000000000, 0.000000000000000000 ) ) ;
#6959 = CARTESIAN_POINT ( 'NONE',  ( 26.65991137390269472, 45.07807569686058713, 6.500000000000000000 ) ) ;
#6960 = CARTESIAN_POINT ( 'NONE',  ( 42.27778665756741816, 15.10201998903589704, 7.500000000000000000 ) ) ;
#6961 = CYLINDRICAL_SURFACE ( 'NONE', #6215, 0.5000000000000004441 ) ;
#6962 = ORIENTED_EDGE ( 'NONE', *, *, #8316, .F. ) ;
#6963 = CYLINDRICAL_SURFACE ( 'NONE', #672, 0.4999999999999813483 ) ;
#6964 = CARTESIAN_POINT ( 'NONE',  ( 37.32337902828879095, 50.18928308607767264, 3.760512574095502991 ) ) ;
#6965 = ADVANCED_FACE ( 'NONE', ( #9035 ), #7485, .F. ) ;
#6966 = FACE_OUTER_BOUND ( 'NONE', #3946, .T. ) ;
#6967 = B_SPLINE_CURVE_WITH_KNOTS ( 'NONE', 3,
 ( #9711, #4222, #1813, #8017, #4272, #1054, #2679, #442, #1915, #5716, #1000, #1203 ),
 .UNSPECIFIED., .F., .F.,
 ( 4, 2, 2, 2, 2, 4 ),
 ( 0.000000000000000000, 0.0002517573533970405490, 0.0005035147067940810980, 0.001007029413588180194, 0.001510544120382279181, 0.002014058827176378168 ),
 .UNSPECIFIED. ) ;
#6968 = ORIENTED_EDGE ( 'NONE', *, *, #6571, .F. ) ;
#6969 = CARTESIAN_POINT ( 'NONE',  ( 41.64098506982035985, 13.90098304790169337, 8.610962656569720153 ) ) ;
#6970 = CARTESIAN_POINT ( 'NONE',  ( 36.00991137390269614, 45.47360586482152911, 0.7090026006792982116 ) ) ;
#6971 = AXIS2_PLACEMENT_3D ( 'NONE', #4615, #5384, #3796 ) ;
#6972 = CARTESIAN_POINT ( 'NONE',  ( 42.30797829765431572, 40.01282688013195354, 2.486534940511272218 ) ) ;
#6973 = ORIENTED_EDGE ( 'NONE', *, *, #1266, .T. ) ;
#6974 = ORIENTED_EDGE ( 'NONE', *, *, #7582, .F. ) ;
#6975 = CARTESIAN_POINT ( 'NONE',  ( 10.64137252476523088, 14.54115711652137755, 8.000000000000001776 ) ) ;
#6976 = CYLINDRICAL_SURFACE ( 'NONE', #3570, 1.250000000000002665 ) ;
#6977 = CARTESIAN_POINT ( 'NONE',  ( 48.75296406535418470, 23.73278329240788409, 6.327930643179247028 ) ) ;
#6978 = CARTESIAN_POINT ( 'NONE',  ( 15.31142454762199989, 15.01653201672722382, 2.000000000000000000 ) ) ;
#6979 = CARTESIAN_POINT ( 'NONE',  ( 39.73698781857962814, 11.38226363704661992, 7.935346018322968931 ) ) ;
#6980 = CARTESIAN_POINT ( 'NONE',  ( 14.14195258877373540, 3.718281257767162007, 2.553202236525004665 ) ) ;
#6981 = CARTESIAN_POINT ( 'NONE',  ( 48.20578756748940918, 21.66091581308942793, 2.762665033669143178 ) ) ;
#6982 = AXIS2_PLACEMENT_3D ( 'NONE', #4205, #4047, #8876 ) ;
#6983 = ORIENTED_EDGE ( 'NONE', *, *, #8252, .F. ) ;
#6984 = ORIENTED_EDGE ( 'NONE', *, *, #4474, .T. ) ;
#6985 = CARTESIAN_POINT ( 'NONE',  ( 10.85446680767511829, 18.82807569686041660, 2.000000000000000000 ) ) ;
#6986 = CARTESIAN_POINT ( 'NONE',  ( 37.94194615321463004, 3.739240823181629203, -6.505213034913026604E-16 ) ) ;
#6987 = CARTESIAN_POINT ( 'NONE',  ( 47.94870842420910861, 23.82807569686055515, 6.914026796749787707 ) ) ;
#6988 = EDGE_LOOP ( 'NONE', ( #7820, #883, #3576, #9102, #5222, #8473 ) ) ;
#6989 = AXIS2_PLACEMENT_3D ( 'NONE', #2260, #4573, #3803 ) ;
#6990 = CARTESIAN_POINT ( 'NONE',  ( 14.60842700515399706, 51.43858570850283485, 2.844642300249387468 ) ) ;
#6991 = EDGE_CURVE ( 'NONE', #4998, #4493, #5798, .T. ) ;
#6992 = CARTESIAN_POINT ( 'NONE',  ( 40.78296857869986525, 43.29305743758000347, 7.204150213564495253 ) ) ;
#6993 = DIRECTION ( 'NONE',  ( 1.000000000000000000, 0.000000000000000000, 0.000000000000000000 ) ) ;
#6994 = EDGE_LOOP ( 'NONE', ( #3139, #2558, #1258, #6698 ) ) ;
#6995 = CARTESIAN_POINT ( 'NONE',  ( 10.06150832889771429, 39.64656855117220147, 2.000000000000000444 ) ) ;
#6996 = EDGE_CURVE ( 'NONE', #1734, #6300, #809, .T. ) ;
#6997 = EDGE_LOOP ( 'NONE', ( #3945, #2552, #3906, #6509 ) ) ;
#6998 = CARTESIAN_POINT ( 'NONE',  ( 39.06894885169074882, 46.71185626921563738, 0.2779446772587849668 ) ) ;
#6999 = EDGE_CURVE ( 'NONE', #1623, #6351, #3636, .T. ) ;
#7000 = CARTESIAN_POINT ( 'NONE',  ( 41.83244918731998041, 40.83537679611477245, 7.500000000000000000 ) ) ;
#7001 = LINE ( 'NONE', #6337, #4101 ) ;
#7002 = VERTEX_POINT ( 'NONE', #1903 ) ;
#7003 = CARTESIAN_POINT ( 'NONE',  ( 39.06894882378380629, 8.444295124504931138, 0.2779446772587282899 ) ) ;
#7004 = EDGE_LOOP ( 'NONE', ( #9016, #850, #4896 ) ) ;
#7005 = CARTESIAN_POINT ( 'NONE',  ( 46.50991137363070038, 24.00709958867343730, 7.204111890060470813 ) ) ;
#7006 = CARTESIAN_POINT ( 'NONE',  ( 15.60643868344828888, 3.239240823181628759, 1.518327244431520118 ) ) ;
#7007 = LINE ( 'NONE', #8489, #9150 ) ;
#7008 = DIRECTION ( 'NONE',  ( 0.9504442985305208147, -0.3108948944431644823, 0.000000000000000000 ) ) ;
#7009 = DIRECTION ( 'NONE',  ( -0.000000000000000000, 0.000000000000000000, 1.000000000000000000 ) ) ;
#7010 = CARTESIAN_POINT ( 'NONE',  ( 38.42229033667710780, 43.26032197974560489, 8.000000000000000000 ) ) ;
#7011 = EDGE_LOOP ( 'NONE', ( #8712, #5583, #2791, #5976 ) ) ;
#7012 = DIRECTION ( 'NONE',  ( -1.000000000000000000, 0.000000000000000000, 0.000000000000000000 ) ) ;
#7013 = EDGE_CURVE ( 'NONE', #6956, #5008, #4461, .T. ) ;
#7014 = CARTESIAN_POINT ( 'NONE',  ( 2.621055393271723766, 8.012891813901378057, 0.000000000000000000 ) ) ;
#7015 = CARTESIAN_POINT ( 'NONE',  ( 42.32099629868589830, 15.16040648861707751, 2.494816590591169891 ) ) ;
#7016 = AXIS2_PLACEMENT_3D ( 'NONE', #3626, #7578, #9940 ) ;
#7017 = EDGE_LOOP ( 'NONE', ( #2955, #5373, #7896, #532 ) ) ;
#7018 = CARTESIAN_POINT ( 'NONE',  ( 47.82846986514091725, 33.81266995733601277, 6.793198054994299184 ) ) ;
#7019 = CARTESIAN_POINT ( 'NONE',  ( 48.01543761695901225, 33.65537547739899082, 2.568528709632484031 ) ) ;
#7020 = EDGE_CURVE ( 'NONE', #8458, #6817, #5033, .T. ) ;
#7021 = CARTESIAN_POINT ( 'NONE',  ( 37.05928587869056656, 4.100346510431743141, 3.179274115666991030 ) ) ;
#7022 = ORIENTED_EDGE ( 'NONE', *, *, #9288, .F. ) ;
#7023 = ORIENTED_EDGE ( 'NONE', *, *, #9184, .T. ) ;
#7024 = CARTESIAN_POINT ( 'NONE',  ( 26.00991137390270680, 27.57807569686059068, 8.000000000000000000 ) ) ;
#7025 = FACE_OUTER_BOUND ( 'NONE', #4677, .T. ) ;
#7026 = CARTESIAN_POINT ( 'NONE',  ( 36.50991137363070749, 27.95335337183384183, 3.990000000000000657 ) ) ;
#7027 = DIRECTION ( 'NONE',  ( -0.000000000000000000, -0.000000000000000000, -1.000000000000000000 ) ) ;
#7028 = ORIENTED_EDGE ( 'NONE', *, *, #5114, .T. ) ;
#7029 = FACE_OUTER_BOUND ( 'NONE', #133, .T. ) ;
#7030 = CARTESIAN_POINT ( 'NONE',  ( 15.76188613066996069, 51.94168842127428576, 1.000000000000007105 ) ) ;
#7031 = EDGE_CURVE ( 'NONE', #8210, #10084, #379, .T. ) ;
#7032 = DIRECTION ( 'NONE',  ( 0.000000000000000000, -0.8304734356177293497, -0.5570582310075716803 ) ) ;
#7033 = VECTOR ( 'NONE', #6395, 1000.000000000000000 ) ;
#7034 = EDGE_LOOP ( 'NONE', ( #6826, #563, #8518, #4755 ) ) ;
#7035 = B_SPLINE_CURVE_WITH_KNOTS ( 'NONE', 3,
 ( #9565, #6397, #9517, #1563 ),
 .UNSPECIFIED., .F., .F.,
 ( 4, 4 ),
 ( 0.000000000000000000, 0.002683112211355239817 ),
 .UNSPECIFIED. ) ;
#7036 = AXIS2_PLACEMENT_3D ( 'NONE', #1545, #10052, #7135 ) ;
#7037 = ORIENTED_EDGE ( 'NONE', *, *, #5141, .F. ) ;
#7038 = B_SPLINE_CURVE_WITH_KNOTS ( 'NONE', 3,
 ( #3399, #5871, #8896, #8068 ),
 .UNSPECIFIED., .F., .F.,
 ( 4, 4 ),
 ( 0.000000000000000000, 1.000000000000000000 ),
 .UNSPECIFIED. ) ;
#7039 = CARTESIAN_POINT ( 'NONE',  ( 14.30342553606729794, 10.78171295196032986, 7.660946871235394084 ) ) ;
#7040 = CARTESIAN_POINT ( 'NONE',  ( 36.98860965526539246, 3.692476291929149390, 0.1077731181446365122 ) ) ;
#7041 = ORIENTED_EDGE ( 'NONE', *, *, #2470, .F. ) ;
#7042 =( BOUNDED_SURFACE ( )  B_SPLINE_SURFACE ( 3, 2, ( 
 ( #8590, #1561, #4483 ),
 ( #7618, #6855, #902 ),
 ( #956, #1061, #7918 ),
 ( #4020, #8693, #5616 ),
 ( #4070, #7155, #4178 ),
 ( #7308, #295, #3354 ) ),
 .UNSPECIFIED., .F., .F., .F. ) 
 B_SPLINE_SURFACE_WITH_KNOTS ( ( 4, 2, 4 ),
 ( 3, 3 ),
 ( -1.027959184787818891E-17, 0.0003249150397058020163, 0.0006498300794116143326 ),
 ( 0.000000000000000000, 1.000000000000000000 ),
 .UNSPECIFIED. ) 
 GEOMETRIC_REPRESENTATION_ITEM ( )  RATIONAL_B_SPLINE_SURFACE ( (
 ( 1.000000000000000000, 0.8458295859054226762, 1.000000000000000000),
 ( 1.000000000000000000, 0.8981092390624502153, 1.000000000000000000),
 ( 1.000000000000000000, 0.9359838796382826676, 1.000000000000000000),
 ( 1.000000000000000000, 0.9872607778129756095, 1.000000000000000000),
 ( 1.000000000000000000, 0.9998913944625068551, 1.000000000000000000),
 ( 1.000000000000000000, 1.000000000000000000, 1.000000000000000000) ) ) 
 REPRESENTATION_ITEM ( '' )  SURFACE ( )  );
#7043 = DIRECTION ( 'NONE',  ( -0.3663929917923799406, -0.8787369038308558977, 0.3059046083523266901 ) ) ;
#7044 = CARTESIAN_POINT ( 'NONE',  ( 41.86535594013041361, 18.82807569686061200, 2.000000000000000000 ) ) ;
#7045 = ORIENTED_EDGE ( 'NONE', *, *, #9500, .T. ) ;
#7046 = CARTESIAN_POINT ( 'NONE',  ( 15.83763509780405165, 51.94168842127426444, 0.9385413477432525964 ) ) ;
#7047 = AXIS2_PLACEMENT_3D ( 'NONE', #7024, #4451, #7588 ) ;
#7048 = ORIENTED_EDGE ( 'NONE', *, *, #5081, .F. ) ;
#7049 = VECTOR ( 'NONE', #3036, 1000.000000000000114 ) ;
#7050 = VERTEX_POINT ( 'NONE', #6828 ) ;
#7051 = EDGE_CURVE ( 'NONE', #6385, #8614, #11, .T. ) ;
#7052 = CARTESIAN_POINT ( 'NONE',  ( 42.31480773727140132, 40.00373400217267772, 8.000000000000000000 ) ) ;
#7053 = FACE_OUTER_BOUND ( 'NONE', #1653, .T. ) ;
#7054 = ORIENTED_EDGE ( 'NONE', *, *, #8218, .T. ) ;
#7055 = CARTESIAN_POINT ( 'NONE',  ( 11.50587311410968283, 11.13845514778892820, 6.698858012108787285 ) ) ;
#7056 = EDGE_CURVE ( 'NONE', #615, #1235, #584, .T. ) ;
#7057 = CARTESIAN_POINT ( 'NONE',  ( 46.63006315962194748, 23.85526919124415457, 7.110370765410354288 ) ) ;
#7058 = SPHERICAL_SURFACE ( 'NONE', #3735, 0.5000000000000000000 ) ;
#7059 = CARTESIAN_POINT ( 'NONE',  ( 11.08887660289678401, 12.26421768448761718, 8.000000000000001776 ) ) ;
#7060 = ADVANCED_FACE ( 'NONE', ( #3786 ), #9281, .T. ) ;
#7061 = CARTESIAN_POINT ( 'NONE',  ( 12.77122813487832076, 44.32123291201832416, 7.696635644658975650 ) ) ;
#7062 = CARTESIAN_POINT ( 'NONE',  ( 48.20578756748940918, 33.49523558063172146, 2.762665033669120529 ) ) ;
#7063 = CARTESIAN_POINT ( 'NONE',  ( 26.00991137390269969, 27.57807569686057292, 2.000000000000000000 ) ) ;
#7064 = EDGE_LOOP ( 'NONE', ( #256, #8603, #3634, #8576 ) ) ;
#7065 = CARTESIAN_POINT ( 'NONE',  ( 45.11098098473676998, 20.19121040012313983, 7.641146762559691830 ) ) ;
#7066 = DIRECTION ( 'NONE',  ( 1.000000000000000000, 0.000000000000000000, 0.000000000000000000 ) ) ;
#7067 = CARTESIAN_POINT ( 'NONE',  ( 42.08698742562532402, 14.85865399209171045, 2.340302641322106414 ) ) ;
#7068 = VERTEX_POINT ( 'NONE', #5224 ) ;
#7069 = CARTESIAN_POINT ( 'NONE',  ( 37.20371321593056280, 4.572572932919514166, 3.496030322745911079 ) ) ;
#7070 = LINE ( 'NONE', #54, #7313 ) ;
#7071 = EDGE_CURVE ( 'NONE', #3677, #141, #5958, .T. ) ;
#7072 = CARTESIAN_POINT ( 'NONE',  ( 10.06607871694310141, 14.56964221959515449, 2.500000000000000444 ) ) ;
#7073 = VERTEX_POINT ( 'NONE', #8460 ) ;
#7074 = ORIENTED_EDGE ( 'NONE', *, *, #1701, .F. ) ;
#7075 = CARTESIAN_POINT ( 'NONE',  ( 36.50991137363070749, 28.32863104680710009, 4.640000000000004121 ) ) ;
#7076 = AXIS2_PLACEMENT_3D ( 'NONE', #146, #94, #6446 ) ;
#7077 = DIRECTION ( 'NONE',  ( -1.000000000000000000, 0.000000000000000000, -0.000000000000000000 ) ) ;
#7078 = CARTESIAN_POINT ( 'NONE',  ( 44.57923545372373297, 36.26313201279655374, 7.500000000000690115 ) ) ;
#7079 = DIRECTION ( 'NONE',  ( -0.000000000000000000, -0.000000000000000000, -1.000000000000000000 ) ) ;
#7080 = EDGE_LOOP ( 'NONE', ( #2304, #1408, #4097, #8112 ) ) ;
#7081 = CARTESIAN_POINT ( 'NONE',  ( 37.84326414872457889, 50.92312017234762322, 8.000000000000000000 ) ) ;
#7082 = EDGE_CURVE ( 'NONE', #1117, #921, #9876, .T. ) ;
#7083 = CARTESIAN_POINT ( 'NONE',  ( 16.00991137390270325, 3.502568558698126111, 2.778301472778823555 ) ) ;
#7084 = ORIENTED_EDGE ( 'NONE', *, *, #4107, .F. ) ;
#7085 = ORIENTED_EDGE ( 'NONE', *, *, #6999, .T. ) ;
#7086 = CYLINDRICAL_SURFACE ( 'NONE', #3487, 0.5000000000000004441 ) ;
#7087 = CARTESIAN_POINT ( 'NONE',  ( 39.20473004564652797, 6.998589028179219795, 3.881877115011589385 ) ) ;
#7088 = CARTESIAN_POINT ( 'NONE',  ( 36.25793661713537830, 51.94168842127428576, 8.000000000000000000 ) ) ;
#7089 = EDGE_CURVE ( 'NONE', #6495, #1576, #8077, .T. ) ;
#7090 = VERTEX_POINT ( 'NONE', #8559 ) ;
#7091 = DIRECTION ( 'NONE',  ( 1.000000000000000000, 0.000000000000000000, 0.000000000000000000 ) ) ;
#7092 = CARTESIAN_POINT ( 'NONE',  ( 11.53370011840747011, 42.68155809396085232, 8.000000000000000000 ) ) ;
#7093 = AXIS2_PLACEMENT_3D ( 'NONE', #8224, #1154, #2578 ) ;
#7094 = ORIENTED_EDGE ( 'NONE', *, *, #3701, .T. ) ;
#7095 = CARTESIAN_POINT ( 'NONE',  ( 42.18557057283668854, 40.18890488524034765, 1.991420435648439957 ) ) ;
#7096 = CIRCLE ( 'NONE', #2010, 0.6500000000000012434 ) ;
#7097 = ORIENTED_EDGE ( 'NONE', *, *, #6525, .T. ) ;
#7098 = ORIENTED_EDGE ( 'NONE', *, *, #7402, .F. ) ;
#7099 = CARTESIAN_POINT ( 'NONE',  ( 48.54318645688867662, 22.23298974341041045, 6.000000000001321609 ) ) ;
#7100 = CARTESIAN_POINT ( 'NONE',  ( 41.37165675174976798, 41.85473150295791100, 7.500000000000000000 ) ) ;
#7101 =( BOUNDED_SURFACE ( )  B_SPLINE_SURFACE ( 3, 2, ( 
 ( #1527, #2234, #1573 ),
 ( #3729, #5320, #4594 ),
 ( #767, #3876, #7676 ),
 ( #6916, #3927, #5469 ),
 ( #1429, #6242, #6867 ),
 ( #9175, #8498, #7824 ),
 ( #5416, #9986, #812 ),
 ( #667, #10037, #9318 ) ),
 .UNSPECIFIED., .F., .F., .F. ) 
 B_SPLINE_SURFACE_WITH_KNOTS ( ( 4, 2, 2, 4 ),
 ( 3, 3 ),
 ( 4.712388980384689674, 5.497787143782137953, 5.890486225480861648, 6.283185307179586232 ),
 ( 0.000000000000000000, 1.000000000000000000 ),
 .UNSPECIFIED. ) 
 GEOMETRIC_REPRESENTATION_ITEM ( )  RATIONAL_B_SPLINE_SURFACE ( (
 ( 1.000000000000000000, 0.7071067811865471286, 1.000000000000000000),
 ( 1.000000000000000000, 0.7952220605259826547, 1.000000000000000000),
 ( 1.000000000000000000, 0.8662412550757480068, 1.000000000000000000),
 ( 1.000000000000000000, 0.9384018147538607524, 1.000000000000000000),
 ( 1.000000000000000000, 0.9567619960060100848, 1.000000000000000000),
 ( 1.000000000000000000, 0.9813278028445884260, 1.000000000000000000),
 ( 1.000000000000000000, 0.9875413870265982164, 1.000000000000000000),
 ( 1.000000000000000000, 0.9875333661528871154, 1.000000000000000000) ) ) 
 REPRESENTATION_ITEM ( '' )  SURFACE ( )  );
#7102 = DIRECTION ( 'NONE',  ( 1.000000000000000000, -0.000000000000000000, 0.000000000000000000 ) ) ;
#7103 = ORIENTED_EDGE ( 'NONE', *, *, #9686, .F. ) ;
#7104 = CIRCLE ( 'NONE', #1217, 20.49999999981464782 ) ;
#7105 = CARTESIAN_POINT ( 'NONE',  ( 40.66320484816659331, 42.24885781540707796, 2.361027661370610709 ) ) ;
#7106 = CIRCLE ( 'NONE', #7616, 0.5000000000000004441 ) ;
#7107 = CARTESIAN_POINT ( 'NONE',  ( 48.60693339509291633, 31.32807579922292618, 6.551396218419227147 ) ) ;
#7108 = CARTESIAN_POINT ( 'NONE',  ( 53.74831193812256203, 10.64198600275350515, 8.000000000000000000 ) ) ;
#7109 = CARTESIAN_POINT ( 'NONE',  ( 11.88615779806510631, 11.89582941397555338, 7.999999999999996447 ) ) ;
#7110 = ADVANCED_FACE ( 'NONE', ( #5274 ), #2243, .T. ) ;
#7111 = CARTESIAN_POINT ( 'NONE',  ( 46.50991137363070749, 24.07807569686055871, 7.213491317401589775 ) ) ;
#7112 = CARTESIAN_POINT ( 'NONE',  ( 40.90007834552091026, 12.30828241483501628, 7.760993329381642880 ) ) ;
#7113 = CARTESIAN_POINT ( 'NONE',  ( 12.91846435684087702, 48.49995593160814877, 6.505213034913025618E-16 ) ) ;
#7114 = AXIS2_PLACEMENT_3D ( 'NONE', #8368, #3121, #2408 ) ;
#7115 = ORIENTED_EDGE ( 'NONE', *, *, #8071, .F. ) ;
#7116 = CARTESIAN_POINT ( 'NONE',  ( -13.49008862636929429, 50.94168842127428576, 0.9999999999999997780 ) ) ;
#7117 = EDGE_CURVE ( 'NONE', #1590, #3335, #2040, .T. ) ;
#7118 = DIRECTION ( 'NONE',  ( 1.000000000000000000, 0.000000000000000000, -2.255140518769847329E-14 ) ) ;
#7119 = ORIENTED_EDGE ( 'NONE', *, *, #9475, .F. ) ;
#7120 = VECTOR ( 'NONE', #5632, 1000.000000000000000 ) ;
#7121 = DIRECTION ( 'NONE',  ( -1.000000000000000000, 0.000000000000000000, 0.000000000000000000 ) ) ;
#7122 = CARTESIAN_POINT ( 'NONE',  ( 39.59730835912269953, 8.302426699412611910, 5.997911360678244819 ) ) ;
#7123 = DIRECTION ( 'NONE',  ( 0.000000000000000000, -0.000000000000000000, -1.000000000000000000 ) ) ;
#7124 = DIRECTION ( 'NONE',  ( -1.000000000000000000, 3.559032108309386855E-15, 0.000000000000000000 ) ) ;
#7125 = VERTEX_POINT ( 'NONE', #2295 ) ;
#7126 = ORIENTED_EDGE ( 'NONE', *, *, #3199, .F. ) ;
#7127 = FACE_OUTER_BOUND ( 'NONE', #1398, .T. ) ;
#7128 = ADVANCED_FACE ( 'NONE', ( #2199 ), #10091, .F. ) ;
#7129 = CYLINDRICAL_SURFACE ( 'NONE', #2914, 0.2500000000000002220 ) ;
#7130 = DIRECTION ( 'NONE',  ( 1.000000000000000000, -0.000000000000000000, -0.000000000000000000 ) ) ;
#7131 = AXIS2_PLACEMENT_3D ( 'NONE', #4829, #4008, #3235 ) ;
#7132 = CARTESIAN_POINT ( 'NONE',  ( 48.79846204852487546, 23.52978974892232955, 8.000000000000000000 ) ) ;
#7133 = ORIENTED_EDGE ( 'NONE', *, *, #9771, .T. ) ;
#7134 = CARTESIAN_POINT ( 'NONE',  ( 14.83602925885510437, 50.64910083805544616, 3.452079754312300963 ) ) ;
#7135 = DIRECTION ( 'NONE',  ( 0.000000000000000000, 0.000000000000000000, 1.000000000000000000 ) ) ;
#7136 = CARTESIAN_POINT ( 'NONE',  ( 40.20983945148465466, 11.98182982282833997, 7.999999999999989342 ) ) ;
#7137 = EDGE_LOOP ( 'NONE', ( #9551, #7891 ) ) ;
#7138 = EDGE_LOOP ( 'NONE', ( #3929, #3330, #7843, #3076, #8469, #9706, #9221, #5994, #5095, #8527 ) ) ;
#7139 = CARTESIAN_POINT ( 'NONE',  ( -13.49008862636929429, 8.444295124504931138, 0.2779446772587282899 ) ) ;
#7140 = EDGE_CURVE ( 'NONE', #3630, #10090, #4099, .T. ) ;
#7141 = CARTESIAN_POINT ( 'NONE',  ( 39.71048998209609238, 11.08063177539419897, 7.789506725993420311 ) ) ;
#7142 = CARTESIAN_POINT ( 'NONE',  ( 14.08870470050453427, 2.813516365291330867, 1.082262456937314932 ) ) ;
#7143 = ORIENTED_EDGE ( 'NONE', *, *, #182, .F. ) ;
#7144 = CARTESIAN_POINT ( 'NONE',  ( 37.71639721173809789, 10.78171295196032986, 7.660946871235395861 ) ) ;
#7145 = CARTESIAN_POINT ( 'NONE',  ( 40.38230144445243042, 44.39382336428587195, 6.440301661130969357 ) ) ;
#7146 = ORIENTED_EDGE ( 'NONE', *, *, #4468, .T. ) ;
#7147 = ADVANCED_FACE ( 'NONE', ( #627 ), #5744, .T. ) ;
#7148 = CARTESIAN_POINT ( 'NONE',  ( 15.00991137390270858, 50.34168842127429144, 1.399999999999999911 ) ) ;
#7149 = ORIENTED_EDGE ( 'NONE', *, *, #7863, .F. ) ;
#7150 = ORIENTED_EDGE ( 'NONE', *, *, #3757, .T. ) ;
#7151 = CARTESIAN_POINT ( 'NONE',  ( 39.59789658131418122, 46.85489255177741086, 0.2281510953499373828 ) ) ;
#7152 = CARTESIAN_POINT ( 'NONE',  ( 37.04653521249123571, 3.446347604368174000, 0.5000000000000006661 ) ) ;
#7153 = FACE_OUTER_BOUND ( 'NONE', #3046, .T. ) ;
#7154 = ORIENTED_EDGE ( 'NONE', *, *, #3546, .T. ) ;
#7155 = CARTESIAN_POINT ( 'NONE',  ( 47.25220771339414227, 33.77131124694034980, 2.000055568315838084 ) ) ;
#7156 = ORIENTED_EDGE ( 'NONE', *, *, #257, .F. ) ;
#7157 = CARTESIAN_POINT ( 'NONE',  ( 48.67298643304174277, 31.34665996288724088, 6.477985106168350882 ) ) ;
#7158 = DIRECTION ( 'NONE',  ( 0.000000000000000000, 0.000000000000000000, -1.000000000000000000 ) ) ;
#7159 = CARTESIAN_POINT ( 'NONE',  ( 39.06894882378380629, 8.444295124504931138, 0.2779446772587282899 ) ) ;
#7160 = EDGE_CURVE ( 'NONE', #3413, #4922, #4719, .T. ) ;
#7161 = DIRECTION ( 'NONE',  ( -0.000000000000000000, 0.000000000000000000, 1.000000000000000000 ) ) ;
#7162 = CARTESIAN_POINT ( 'NONE',  ( 10.86776148804407605, 42.36465881541111855, 7.500000000000001776 ) ) ;
#7163 = CARTESIAN_POINT ( 'NONE',  ( 38.22458512261651009, 43.67992783292672954, 7.965593096741375057 ) ) ;
#7164 = VERTEX_POINT ( 'NONE', #4808 ) ;
#7165 = B_SPLINE_CURVE_WITH_KNOTS ( 'NONE', 3,
 ( #5711, #336, #7399, #6635 ),
 .UNSPECIFIED., .F., .F.,
 ( 4, 4 ),
 ( 0.000000000000000000, 0.0006777331142720712139 ),
 .UNSPECIFIED. ) ;
#7166 = DIRECTION ( 'NONE',  ( -0.000000000000000000, -0.000000000000000000, -1.000000000000000000 ) ) ;
#7167 =( BOUNDED_CURVE ( )  B_SPLINE_CURVE ( 3, ( #9885, #7626, #9220, #2850 ),
 .UNSPECIFIED., .F., .T. ) 
 B_SPLINE_CURVE_WITH_KNOTS ( ( 4, 4 ),
 ( 2.356933576402151953, 2.632019266893081522 ),
 .UNSPECIFIED. ) 
 CURVE ( )  GEOMETRIC_REPRESENTATION_ITEM ( )  RATIONAL_B_SPLINE_CURVE ( ( 1.000000000000000000, 0.9937039237519844637, 0.9937039237519844637, 1.000000000000000000 ) ) 
 REPRESENTATION_ITEM ( '' )  );
#7168 = CARTESIAN_POINT ( 'NONE',  ( 39.31162588183887152, 10.93896441315313517, 7.766426730118857868 ) ) ;
#7169 = EDGE_LOOP ( 'NONE', ( #1166, #498 ) ) ;
#7170 = DIRECTION ( 'NONE',  ( -0.000000000000000000, -0.000000000000000000, -1.000000000000000000 ) ) ;
#7171 = CARTESIAN_POINT ( 'NONE',  ( 37.95715007128352880, 7.071341035875071235, 5.172133710803338502 ) ) ;
#7172 = CARTESIAN_POINT ( 'NONE',  ( 11.00315964061389273, 13.72921108162135795, 2.000000000000000000 ) ) ;
#7173 = FACE_OUTER_BOUND ( 'NONE', #8261, .T. ) ;
#7174 = CIRCLE ( 'NONE', #8477, 0.5000000000000006661 ) ;
#7175 = VERTEX_POINT ( 'NONE', #1788 ) ;
#7176 = ORIENTED_EDGE ( 'NONE', *, *, #1476, .F. ) ;
#7177 = CARTESIAN_POINT ( 'NONE',  ( 10.89512820161709783, 42.44127854397887489, 2.361027661370610709 ) ) ;
#7178 = CARTESIAN_POINT ( 'NONE',  ( 15.76188613066996069, 51.94168842127428576, 1.518327244431517675 ) ) ;
#7179 = CARTESIAN_POINT ( 'NONE',  ( 43.50644096050604048, 38.26083996541551357, 6.500000000000000888 ) ) ;
#7180 = CIRCLE ( 'NONE', #6362, 0.5000000000000033307 ) ;
#7181 = CARTESIAN_POINT ( 'NONE',  ( 40.86402028192990343, 41.70625493331264266, 1.980399793571175238 ) ) ;
#7182 = ORIENTED_EDGE ( 'NONE', *, *, #1303, .F. ) ;
#7183 = FACE_OUTER_BOUND ( 'NONE', #3362, .T. ) ;
#7184 = EDGE_CURVE ( 'NONE', #4392, #9516, #5236, .T. ) ;
#7185 = FACE_OUTER_BOUND ( 'NONE', #9818, .T. ) ;
#7186 = ADVANCED_FACE ( 'NONE', ( #6251 ), #3324, .F. ) ;
#7187 = DIRECTION ( 'NONE',  ( 0.000000000000000000, 0.000000000000000000, 1.000000000000000000 ) ) ;
#7188 = ORIENTED_EDGE ( 'NONE', *, *, #135, .F. ) ;
#7189 = VERTEX_POINT ( 'NONE', #7834 ) ;
#7190 = CARTESIAN_POINT ( 'NONE',  ( 10.93514450204825117, 41.27304644734844885, 2.000000000000000444 ) ) ;
#7191 = CARTESIAN_POINT ( 'NONE',  ( 39.13427878103529878, 10.78171295196041690, 7.660946871235453592 ) ) ;
#7192 = CARTESIAN_POINT ( 'NONE',  ( 13.69851161557112285, 4.086501082639995452, 1.936144814141147696 ) ) ;
#7193 = ORIENTED_EDGE ( 'NONE', *, *, #1811, .F. ) ;
#7194 = DIRECTION ( 'NONE',  ( -0.000000000000000000, -0.000000000000000000, -1.000000000000000000 ) ) ;
#7195 = CIRCLE ( 'NONE', #9820, 0.5000000000000044409 ) ;
#7196 = EDGE_CURVE ( 'NONE', #1457, #1825, #8353, .T. ) ;
#7197 = ORIENTED_EDGE ( 'NONE', *, *, #7872, .T. ) ;
#7198 = CARTESIAN_POINT ( 'NONE',  ( 53.74831193812256203, 10.64198600275350515, 6.500000000000000888 ) ) ;
#7199 = ORIENTED_EDGE ( 'NONE', *, *, #5012, .T. ) ;
#7200 = CARTESIAN_POINT ( 'NONE',  ( 40.87964351358952797, 43.01905361679639839, 1.563477746576666050 ) ) ;
#7201 = CARTESIAN_POINT ( 'NONE',  ( 41.91461519988270368, 39.70395438350871586, 8.000000000000000000 ) ) ;
#7202 = CARTESIAN_POINT ( 'NONE',  ( 36.25793661713549909, 3.714462972446880951, 8.000000000000000000 ) ) ;
#7203 = EDGE_LOOP ( 'NONE', ( #3736, #358, #5733, #5640, #5282 ) ) ;
#7204 = CARTESIAN_POINT ( 'NONE',  ( 44.87063633068699886, 35.72812250579960391, 7.135703202895481212 ) ) ;
#7205 = VERTEX_POINT ( 'NONE', #215 ) ;
#7206 = CARTESIAN_POINT ( 'NONE',  ( 46.53970640799654745, 23.94386291529221467, 7.172845283563224150 ) ) ;
#7207 = CARTESIAN_POINT ( 'NONE',  ( 36.00991137390269614, 0.000000000000000000, 8.000000000000000000 ) ) ;
#7208 = DIRECTION ( 'NONE',  ( -0.000000000000000000, -0.000000000000000000, 1.000000000000000000 ) ) ;
#7209 = CARTESIAN_POINT ( 'NONE',  ( 10.32073639072762639, 41.12522831615517305, 7.500000000000000000 ) ) ;
#7210 = CARTESIAN_POINT ( 'NONE',  ( 13.69851161557112285, 51.06965031108115483, 6.505213034913025618E-16 ) ) ;
#7211 = ORIENTED_EDGE ( 'NONE', *, *, #5508, .F. ) ;
#7212 = CARTESIAN_POINT ( 'NONE',  ( 44.57923545371841101, 18.89301938091323052, 7.500000000000000000 ) ) ;
#7213 = CARTESIAN_POINT ( 'NONE',  ( 46.02305306565396847, 35.33155272608051689, 6.500000000000000888 ) ) ;
#7214 = AXIS2_PLACEMENT_3D ( 'NONE', #8099, #1894, #4390 ) ;
#7215 = EDGE_CURVE ( 'NONE', #3959, #1856, #7901, .T. ) ;
#7216 = ORIENTED_EDGE ( 'NONE', *, *, #3048, .T. ) ;
#7217 = CARTESIAN_POINT ( 'NONE',  ( 44.57923545372379692, 36.26313201279640452, 7.500000000000000000 ) ) ;
#7218 = CARTESIAN_POINT ( 'NONE',  ( 38.25163860154426487, 3.859198062129866713, 3.017518516297017506 ) ) ;
#7219 = CARTESIAN_POINT ( 'NONE',  ( 14.60753030589610368, 10.54177017099643088, 7.500000000000000000 ) ) ;
#7220 = CARTESIAN_POINT ( 'NONE',  ( 14.01617121898862095, 47.93110722220843911, 5.275233452669179535 ) ) ;
#7221 = CARTESIAN_POINT ( 'NONE',  ( 43.50644096050604759, 16.89531142830562160, 6.500000000000000888 ) ) ;
#7222 = CARTESIAN_POINT ( 'NONE',  ( 10.27272579263319940, 14.13545726858701457, 2.000000000000216271 ) ) ;
#7223 = ORIENTED_EDGE ( 'NONE', *, *, #5031, .F. ) ;
#7224 = ORIENTED_EDGE ( 'NONE', *, *, #6869, .T. ) ;
#7225 = CARTESIAN_POINT ( 'NONE',  ( -13.49008862636929429, 3.214462972446881395, 0.000000000000000000 ) ) ;
#7226 = LINE ( 'NONE', #3326, #7500 ) ;
#7227 = CARTESIAN_POINT ( 'NONE',  ( 43.92338915146735445, 37.57795057688163354, 6.736916939278948746 ) ) ;
#7228 = CARTESIAN_POINT ( 'NONE',  ( 40.66320484816658620, 42.08447431474561995, 1.888822129096488833 ) ) ;
#7229 = ORIENTED_EDGE ( 'NONE', *, *, #7548, .T. ) ;
#7230 = CYLINDRICAL_SURFACE ( 'NONE', #6665, 0.6499999999999978018 ) ;
#7231 = CARTESIAN_POINT ( 'NONE',  ( 40.78929474356683471, -10.68491798620761735, 2.000000000000000000 ) ) ;
#7232 = CARTESIAN_POINT ( 'NONE',  ( 40.43098916986397029, 12.34629190355959238, 7.999999999999994671 ) ) ;
#7233 = ORIENTED_EDGE ( 'NONE', *, *, #8280, .T. ) ;
#7234 = ADVANCED_FACE ( 'NONE', ( #2450 ), #3989, .T. ) ;
#7235 = ORIENTED_EDGE ( 'NONE', *, *, #3921, .F. ) ;
#7236 = CARTESIAN_POINT ( 'NONE',  ( 10.25828864034809840, 39.92222642598875382, 2.000000000000000444 ) ) ;
#7237 = AXIS2_PLACEMENT_3D ( 'NONE', #9274, #10083, #3050 ) ;
#7238 = CARTESIAN_POINT ( 'NONE',  ( 38.33140387727526388, 51.03671978975395973, 3.192075859813820582 ) ) ;
#7239 = CARTESIAN_POINT ( 'NONE',  ( 12.47238319721101796, 47.02131221955700369, 0.7501502095329082298 ) ) ;
#7240 = EDGE_CURVE ( 'NONE', #2885, #7628, #2526, .T. ) ;
#7241 = CARTESIAN_POINT ( 'NONE',  ( 40.66320477689051671, 13.07167707897554365, 1.888822129096485281 ) ) ;
#7242 = EDGE_CURVE ( 'NONE', #8006, #2025, #1631, .T. ) ;
#7243 = ORIENTED_EDGE ( 'NONE', *, *, #370, .F. ) ;
#7244 = CARTESIAN_POINT ( 'NONE',  ( 37.41229244190930103, 10.54177017099643088, 7.500000000000000000 ) ) ;
#7245 = CARTESIAN_POINT ( 'NONE',  ( 11.53370011840747011, 42.68155809396085232, 8.000000000000000000 ) ) ;
#7246 = AXIS2_PLACEMENT_3D ( 'NONE', #2435, #3972, #9467 ) ;
#7247 = EDGE_LOOP ( 'NONE', ( #7351, #3103, #5200, #7150 ) ) ;
#7248 = CARTESIAN_POINT ( 'NONE',  ( 14.28139214104151300, 3.672669910578773678, 2.633739090813704831 ) ) ;
#7249 = CARTESIAN_POINT ( 'NONE',  ( 11.55908465698174581, 43.55002730588581272, 7.743090190880629997 ) ) ;
#7250 = B_SPLINE_CURVE_WITH_KNOTS ( 'NONE', 3,
 ( #3197, #803, #2380, #8642, #5564, #6343 ),
 .UNSPECIFIED., .F., .F.,
 ( 4, 2, 4 ),
 ( 0.000000000000000000, 0.5000000000000000000, 1.000000000000000000 ),
 .UNSPECIFIED. ) ;
#7251 = CARTESIAN_POINT ( 'NONE',  ( 47.32839341448098480, 31.32807569686055160, 7.000000000000000000 ) ) ;
#7252 = CARTESIAN_POINT ( 'NONE',  ( 43.50991137363070749, 27.09069615251123508, 3.139999999999991687 ) ) ;
#7253 = ADVANCED_FACE ( 'NONE', ( #7127 ), #1736, .T. ) ;
#7254 = DIRECTION ( 'NONE',  ( 1.000000000000000000, 0.000000000000000000, 2.255140518769847329E-14 ) ) ;
#7255 = ORIENTED_EDGE ( 'NONE', *, *, #7823, .T. ) ;
#7256 = CARTESIAN_POINT ( 'NONE',  ( 48.54318645688869083, 32.92316165031073183, 5.999999999999999112 ) ) ;
#7257 = CIRCLE ( 'NONE', #715, 0.5000000000000004441 ) ;
#7258 = LINE ( 'NONE', #2583, #7033 ) ;
#7259 = DIRECTION ( 'NONE',  ( -1.000000000000000000, 0.000000000000000000, 0.000000000000000000 ) ) ;
#7260 = AXIS2_PLACEMENT_3D ( 'NONE', #8531, #6226, #796 ) ;
#7261 = CYLINDRICAL_SURFACE ( 'NONE', #2919, 0.6500000000000012434 ) ;
#7262 = AXIS2_PLACEMENT_3D ( 'NONE', #9156, #2120, #5248 ) ;
#7263 = CARTESIAN_POINT ( 'NONE',  ( 40.13366502826910676, 43.26032197974560489, 8.000000000000000000 ) ) ;
#7264 = CARTESIAN_POINT ( 'NONE',  ( 40.72827641068918325, 12.37722844382930276, 7.946113451804908578 ) ) ;
#7265 = CARTESIAN_POINT ( 'NONE',  ( 36.95439088626917368, 51.73994464097037849, 2.434653666977797393 ) ) ;
#7266 = VERTEX_POINT ( 'NONE', #9484 ) ;
#7267 = CARTESIAN_POINT ( 'NONE',  ( 40.46073994456993006, 43.55002728992130301, 7.743090173357145112 ) ) ;
#7268 = CARTESIAN_POINT ( 'NONE',  ( 40.13366494974386001, 11.89582941397556581, 8.000000000000000000 ) ) ;
#7269 = EDGE_CURVE ( 'NONE', #2293, #6049, #3926, .T. ) ;
#7270 = ORIENTED_EDGE ( 'NONE', *, *, #6415, .T. ) ;
#7271 = CYLINDRICAL_SURFACE ( 'NONE', #5817, 16.00000000000000000 ) ;
#7272 = CARTESIAN_POINT ( 'NONE',  ( 37.15508560714251018, 4.412888159041393976, 3.388918266128202017 ) ) ;
#7273 = CARTESIAN_POINT ( 'NONE',  ( 10.06150992651974008, 15.50958402367708722, 2.000000000000000000 ) ) ;
#7274 = TOROIDAL_SURFACE ( 'NONE', #5455, 19.87447294565551559, 0.5000000000000000000 ) ;
#7275 = B_SPLINE_CURVE_WITH_KNOTS ( 'NONE', 3,
 ( #5182, #2150, #9805, #2769 ),
 .UNSPECIFIED., .F., .F.,
 ( 4, 4 ),
 ( 0.000000000000000000, 0.0002242659814281191882 ),
 .UNSPECIFIED. ) ;
#7276 = LINE ( 'NONE', #8971, #3319 ) ;
#7277 = DIRECTION ( 'NONE',  ( -0.000000000000000000, -0.000000000000000000, -1.000000000000000000 ) ) ;
#7278 = CARTESIAN_POINT ( 'NONE',  ( 9.688015679768046340, 39.98180643867866735, 7.999999999999393374 ) ) ;
#7279 = EDGE_LOOP ( 'NONE', ( #6166, #7916, #4012 ) ) ;
#7280 = EDGE_CURVE ( 'NONE', #3164, #1324, #2396, .T. ) ;
#7281 = ORIENTED_EDGE ( 'NONE', *, *, #6773, .F. ) ;
#7282 = CARTESIAN_POINT ( 'NONE',  ( 11.23002810330425305, 43.17781453627278410, 7.610754704399757209 ) ) ;
#7283 = CARTESIAN_POINT ( 'NONE',  ( 11.77254575779130263, 11.60775399419931553, 7.989412237254266635 ) ) ;
#7284 = CARTESIAN_POINT ( 'NONE',  ( 41.72417598632477365, 41.07063855274812880, 2.443757131217186629 ) ) ;
#7285 = CARTESIAN_POINT ( 'NONE',  ( -13.49008862636929429, 41.42694031209981631, -4.336808689942017736E-16 ) ) ;
#7286 = AXIS2_PLACEMENT_3D ( 'NONE', #9735, #4245, #7327 ) ;
#7287 = CARTESIAN_POINT ( 'NONE',  ( 12.56487046860364387, 43.47500011584367030, 8.264264811637833219 ) ) ;
#7288 = CARTESIAN_POINT ( 'NONE',  ( 38.61330599487482118, 5.042921618778617443, 0.5000000000000004441 ) ) ;
#7289 = CARTESIAN_POINT ( 'NONE',  ( 40.48300442059263560, 12.46444038691570633, 8.000000000000053291 ) ) ;
#7290 = ORIENTED_EDGE ( 'NONE', *, *, #545, .F. ) ;
#7291 = EDGE_LOOP ( 'NONE', ( #9, #2037, #6671, #9389 ) ) ;
#7292 = CARTESIAN_POINT ( 'NONE',  ( 10.54583580058073444, 41.62906368189328532, 2.500000000000000444 ) ) ;
#7293 = CARTESIAN_POINT ( 'NONE',  ( 38.37172250344281821, 50.90507533502562865, 2.046233241035861017 ) ) ;
#7294 = CARTESIAN_POINT ( 'NONE',  ( 39.71124136447093633, 8.672673348547592198, 5.012406313928371659 ) ) ;
#7295 = CARTESIAN_POINT ( 'NONE',  ( 9.759668472349771307, 15.07730284562405743, 8.000000000000000000 ) ) ;
#7296 = ORIENTED_EDGE ( 'NONE', *, *, #832, .T. ) ;
#7297 = CARTESIAN_POINT ( 'NONE',  ( 26.00991137390269969, 27.57807569686057292, 7.500000000000000000 ) ) ;
#7298 = DIRECTION ( 'NONE',  ( -1.000000000000000000, 0.000000000000000000, -0.000000000000000000 ) ) ;
#7299 = ORIENTED_EDGE ( 'NONE', *, *, #2843, .F. ) ;
#7300 = CARTESIAN_POINT ( 'NONE',  ( 41.63735594369687476, 40.84581763763027595, 2.000000000000001776 ) ) ;
#7301 = CARTESIAN_POINT ( 'NONE',  ( 15.68218765000130155, 3.214462972446881839, 1.518327244431527001 ) ) ;
#7302 = CARTESIAN_POINT ( 'NONE',  ( 39.10135861183613315, 6.656195374226848038, 0.5000000000000004441 ) ) ;
#7303 = CARTESIAN_POINT ( 'NONE',  ( 13.59753241112830047, 43.26032197974560489, 8.000000000000000000 ) ) ;
#7304 = CARTESIAN_POINT ( 'NONE',  ( 26.00991137390270680, 27.57807569686058358, 10.90000000000000213 ) ) ;
#7305 = ORIENTED_EDGE ( 'NONE', *, *, #1914, .T. ) ;
#7306 = EDGE_CURVE ( 'NONE', #9945, #7945, #93, .T. ) ;
#7307 = CARTESIAN_POINT ( 'NONE',  ( 10.08218370881145276, 40.61807728374585480, 2.500000000000000888 ) ) ;
#7308 = CARTESIAN_POINT ( 'NONE',  ( 47.10249359828603133, 33.77001919795424811, 2.000000000000000000 ) ) ;
#7309 = CARTESIAN_POINT ( 'NONE',  ( 41.01149866945984712, 13.72091192430700524, 2.006735798869879517 ) ) ;
#7310 = PLANE ( 'NONE',  #3242 ) ;
#7311 = EDGE_CURVE ( 'NONE', #626, #7068, #9375, .T. ) ;
#7312 = DIRECTION ( 'NONE',  ( -1.000000000000000000, 0.000000000000000000, 0.000000000000000000 ) ) ;
#7313 = VECTOR ( 'NONE', #9426, 1000.000000000000114 ) ;
#7314 =( BOUNDED_SURFACE ( )  B_SPLINE_SURFACE ( 3, 2, ( 
 ( #9829, #2795, #9675 ),
 ( #8189, #5934, #2695 ),
 ( #2027, #5160, #409 ),
 ( #1263, #2592, #6508 ),
 ( #2745, #5732, #1168 ),
 ( #8859, #9782, #4954 ),
 ( #1827, #8964, #8085 ),
 ( #306, #6556, #2643 ) ),
 .UNSPECIFIED., .F., .F., .T. ) 
 B_SPLINE_SURFACE_WITH_KNOTS ( ( 4, 2, 2, 4 ),
 ( 3, 3 ),
 ( 4.712388980384689674, 5.497787143782137953, 5.890486225480861648, 6.283185307179586232 ),
 ( 0.000000000000000000, 1.000000000000000000 ),
 .UNSPECIFIED. ) 
 GEOMETRIC_REPRESENTATION_ITEM ( )  RATIONAL_B_SPLINE_SURFACE ( (
 ( 1.000000000000000000, 0.7071067811865471286, 1.000000000000000000),
 ( 1.000000000000000000, 0.7952220605261499653, 1.000000000000000000),
 ( 1.000000000000000000, 0.8662412550755231866, 1.000000000000000000),
 ( 1.000000000000000000, 0.9384018147539733290, 1.000000000000000000),
 ( 1.000000000000000000, 0.9567619960060781414, 1.000000000000000000),
 ( 1.000000000000000000, 0.9813278028445222567, 1.000000000000000000),
 ( 1.000000000000000000, 0.9875413870266488425, 1.000000000000000000),
 ( 1.000000000000000000, 0.9875333661528872264, 1.000000000000000000) ) ) 
 REPRESENTATION_ITEM ( '' )  SURFACE ( )  );
#7315 = CARTESIAN_POINT ( 'NONE',  ( 16.00991137390270325, 4.214462972446889388, 0.000000000000000000 ) ) ;
#7316 = EDGE_CURVE ( 'NONE', #4576, #6105, #1481, .T. ) ;
#7317 = ORIENTED_EDGE ( 'NONE', *, *, #3166, .T. ) ;
#7318 = CARTESIAN_POINT ( 'NONE',  ( 48.26917597173638796, 33.28424175087657488, 2.573145880096900928 ) ) ;
#7319 = EDGE_LOOP ( 'NONE', ( #3855, #5234, #6953, #4104, #813, #196 ) ) ;
#7320 = CARTESIAN_POINT ( 'NONE',  ( 36.50991137363070749, 27.20279802188732887, 3.990000000000000657 ) ) ;
#7321 = CARTESIAN_POINT ( 'NONE',  ( 11.06882932136087838, 12.28818006852763567, 7.630957304288118692 ) ) ;
#7322 = EDGE_LOOP ( 'NONE', ( #9590, #2621 ) ) ;
#7323 = CARTESIAN_POINT ( 'NONE',  ( 44.77702862988956412, 35.84023485987178503, 7.557545624361966752 ) ) ;
#7324 = CARTESIAN_POINT ( 'NONE',  ( -13.49008862636929429, 51.94168842127428576, 8.000000000000000000 ) ) ;
#7325 = DIRECTION ( 'NONE',  ( 0.6525779272469151016, -0.5490086107757410350, -0.5222371053115728579 ) ) ;
#7326 = B_SPLINE_CURVE_WITH_KNOTS ( 'NONE', 3,
 ( #7376, #6612, #2701, #7792 ),
 .UNSPECIFIED., .F., .F.,
 ( 4, 4 ),
 ( 0.000000000000000000, 0.4645498134700350445 ),
 .UNSPECIFIED. ) ;
#7327 = DIRECTION ( 'NONE',  ( -1.000000000000000000, 0.000000000000000000, 0.000000000000000000 ) ) ;
#7328 = CARTESIAN_POINT ( 'NONE',  ( 43.50644096050604759, 16.89531142830562160, 6.500000000000000888 ) ) ;
#7329 = ADVANCED_FACE ( 'NONE', ( #2653 ), #9085, .F. ) ;
#7330 = CARTESIAN_POINT ( 'NONE',  ( -13.49008862636929429, 50.94168842127428576, -2.168404344971008868E-16 ) ) ;
#7331 = ORIENTED_EDGE ( 'NONE', *, *, #8430, .T. ) ;
#7332 = ORIENTED_EDGE ( 'NONE', *, *, #9189, .F. ) ;
#7333 = CARTESIAN_POINT ( 'NONE',  ( -13.49008862636929429, 48.35569127583016069, 5.000000000000000888 ) ) ;
#7334 = DIRECTION ( 'NONE',  ( 0.000000000000000000, 0.000000000000000000, -1.000000000000000000 ) ) ;
#7335 = CARTESIAN_POINT ( 'NONE',  ( 42.17903965498567942, 40.19894328182088117, 2.000000000000000000 ) ) ;
#7336 = CARTESIAN_POINT ( 'NONE',  ( 12.20349798840105215, 46.14142036871995600, 5.243125549648114614 ) ) ;
#7337 = DIRECTION ( 'NONE',  ( -0.000000000000000000, -0.000000000000000000, -1.000000000000000000 ) ) ;
#7338 = VECTOR ( 'NONE', #3829, 1000.000000000000114 ) ;
#7339 = CARTESIAN_POINT ( 'NONE',  ( 15.76188613066989497, 3.714462972446881395, 1.518327244431517675 ) ) ;
#7340 = ORIENTED_EDGE ( 'NONE', *, *, #49, .F. ) ;
#7341 = CARTESIAN_POINT ( 'NONE',  ( 12.91846413596946874, 6.656195374226931527, 4.336808689942017736E-16 ) ) ;
#7342 = CARTESIAN_POINT ( 'NONE',  ( 38.32131113223427832, 51.06965031108115483, 1.936144814141156356 ) ) ;
#7343 = CARTESIAN_POINT ( 'NONE',  ( 36.00991137390269614, 50.94168842127427865, 0.000000000000000000 ) ) ;
#7344 = CARTESIAN_POINT ( 'NONE',  ( 10.00913945661196891, 14.67630926344784292, 8.000000000000000000 ) ) ;
#7345 = ORIENTED_EDGE ( 'NONE', *, *, #10004, .F. ) ;
#7346 = ADVANCED_FACE ( 'NONE', ( #5125 ), #7477, .T. ) ;
#7347 = VECTOR ( 'NONE', #9093, 1000.000000000000000 ) ;
#7348 = CARTESIAN_POINT ( 'NONE',  ( 15.76188613066995359, 51.94168842127428576, 1.518327244431527001 ) ) ;
#7349 = TOROIDAL_SURFACE ( 'NONE', #2424, 19.99999999981464782, 0.5000000000000000000 ) ;
#7350 = DIRECTION ( 'NONE',  ( 1.000000000000000000, -8.462065736584504477E-17, 0.000000000000000000 ) ) ;
#7351 = ORIENTED_EDGE ( 'NONE', *, *, #6726, .F. ) ;
#7352 = CARTESIAN_POINT ( 'NONE',  ( 11.55446680767494527, 36.32807569686045923, 3.000000000000000000 ) ) ;
#7353 = CARTESIAN_POINT ( 'NONE',  ( 43.50991137363070749, 28.06545524120995339, 3.139999999999998792 ) ) ;
#7354 = CARTESIAN_POINT ( 'NONE',  ( 47.77114365956730779, 31.32807569686054450, 6.968601598826516863 ) ) ;
#7355 = CARTESIAN_POINT ( 'NONE',  ( 47.49222339944817861, 34.09555142987963450, 6.480908267619736485 ) ) ;
#7356 = FACE_OUTER_BOUND ( 'NONE', #9545, .T. ) ;
#7357 = ORIENTED_EDGE ( 'NONE', *, *, #5265, .T. ) ;
#7358 = CARTESIAN_POINT ( 'NONE',  ( 12.47238319721101618, 47.02131221955698948, 0.7501502095329073416 ) ) ;
#7359 = CARTESIAN_POINT ( 'NONE',  ( 41.28702792940693911, 14.21149212022200459, 1.947875819029674993 ) ) ;
#7360 = CARTESIAN_POINT ( 'NONE',  ( 47.04275446641834435, 33.86786818718307046, 6.992689195728287288 ) ) ;
#7361 = CARTESIAN_POINT ( 'NONE',  ( 42.32502025826208580, 15.16530441165791387, 1.999999999999963807 ) ) ;
#7362 = CARTESIAN_POINT ( 'NONE',  ( 14.60842698939693740, 3.717565692104518593, 2.844642308047737878 ) ) ;
#7363 = VERTEX_POINT ( 'NONE', #467 ) ;
#7364 = CARTESIAN_POINT ( 'NONE',  ( 43.94649843143355383, 37.54010155292871076, 6.617149703228406565 ) ) ;
#7365 = EDGE_CURVE ( 'NONE', #8725, #3413, #3864, .T. ) ;
#7366 = ORIENTED_EDGE ( 'NONE', *, *, #2535, .F. ) ;
#7367 = DIRECTION ( 'NONE',  ( -1.000000000000000000, 0.000000000000000000, 0.000000000000000000 ) ) ;
#7368 = AXIS2_PLACEMENT_3D ( 'NONE', #1678, #3985, #7124 ) ;
#7369 = DIRECTION ( 'NONE',  ( 1.000000000000000000, 0.000000000000000000, 0.000000000000000000 ) ) ;
#7370 = ADVANCED_FACE ( 'NONE', ( #2604 ), #1993, .T. ) ;
#7371 = EDGE_CURVE ( 'NONE', #6727, #9956, #6568, .T. ) ;
#7372 = ORIENTED_EDGE ( 'NONE', *, *, #2163, .T. ) ;
#7373 = LINE ( 'NONE', #6034, #637 ) ;
#7374 = DIRECTION ( 'NONE',  ( 1.000000000000000000, -0.000000000000000000, 0.000000000000000000 ) ) ;
#7375 = DIRECTION ( 'NONE',  ( 0.6437715727057166104, 0.7652177220739260211, 0.000000000000000000 ) ) ;
#7376 = CARTESIAN_POINT ( 'NONE',  ( 14.02111115185925705, 51.39834232161285854, 2.442955767908427056 ) ) ;
#7377 = CARTESIAN_POINT ( 'NONE',  ( 43.89536591400482024, 17.53230357610484091, 6.855378453257174876 ) ) ;
#7378 = CARTESIAN_POINT ( 'NONE',  ( 2.621055393271723766, 8.012891813901378057, 0.5000000000000004441 ) ) ;
#7379 = CARTESIAN_POINT ( 'NONE',  ( 10.23029408960432640, 39.88012736462885499, 8.000000000000000000 ) ) ;
#7380 = ORIENTED_EDGE ( 'NONE', *, *, #4728, .T. ) ;
#7381 = VECTOR ( 'NONE', #6149, 1000.000000000000000 ) ;
#7382 = CARTESIAN_POINT ( 'NONE',  ( 15.00991137390270502, 4.314462972446879263, 1.400000000000005684 ) ) ;
#7383 = AXIS2_PLACEMENT_3D ( 'NONE', #9538, #7992, #7836 ) ;
#7384 = CARTESIAN_POINT ( 'NONE',  ( 12.08332798466518909, 43.80153593919483512, 7.931348985388854800 ) ) ;
#7385 = DIRECTION ( 'NONE',  ( 1.000000000000000000, 0.000000000000000000, 0.000000000000000000 ) ) ;
#7386 = ADVANCED_FACE ( 'NONE', ( #318 ), #3428, .T. ) ;
#7387 = CARTESIAN_POINT ( 'NONE',  ( 48.26780257857166845, 33.44306284591550593, 6.494147982952125808 ) ) ;
#7388 = CARTESIAN_POINT ( 'NONE',  ( 10.64284515091558703, 41.84689357287584954, 8.205811798688536385 ) ) ;
#7389 = CARTESIAN_POINT ( 'NONE',  ( 48.54318645688867662, 32.92316165031074604, 6.000000000000000000 ) ) ;
#7390 = ORIENTED_EDGE ( 'NONE', *, *, #9678, .T. ) ;
#7391 = ORIENTED_EDGE ( 'NONE', *, *, #8280, .F. ) ;
#7392 = DIRECTION ( 'NONE',  ( -0.000000000000000000, -0.000000000000000000, -1.000000000000000000 ) ) ;
#7393 = DIRECTION ( 'NONE',  ( 0.9811704621049788244, 0.1931437917529377768, 0.000000000000000000 ) ) ;
#7394 = CARTESIAN_POINT ( 'NONE',  ( 39.54744014380550965, 8.134839032828196537, 0.7501502095328553832 ) ) ;
#7395 = CARTESIAN_POINT ( 'NONE',  ( 15.91585668602762915, 3.254674007417463599, 1.925529827524466997 ) ) ;
#7396 = CARTESIAN_POINT ( 'NONE',  ( 10.16797619971197264, 15.36592813392032042, 8.000000000000000000 ) ) ;
#7397 = EDGE_CURVE ( 'NONE', #3171, #1272, #5584, .T. ) ;
#7398 = FACE_OUTER_BOUND ( 'NONE', #4655, .T. ) ;
#7399 = CARTESIAN_POINT ( 'NONE',  ( 11.73476839590144749, 12.06674680500705676, 8.000000000000000000 ) ) ;
#7400 = VERTEX_POINT ( 'NONE', #1274 ) ;
#7401 = B_SPLINE_CURVE_WITH_KNOTS ( 'NONE', 3,
 ( #1672, #4081, #8650, #2493 ),
 .UNSPECIFIED., .F., .F.,
 ( 4, 4 ),
 ( 0.000000000000000000, 0.0003378764663489200134 ),
 .UNSPECIFIED. ) ;
#7402 = EDGE_CURVE ( 'NONE', #10007, #7801, #4251, .T. ) ;
#7403 = DIRECTION ( 'NONE',  ( -1.000000000000000000, 0.000000000000000000, -0.000000000000000000 ) ) ;
#7404 = CARTESIAN_POINT ( 'NONE',  ( 39.10135861183613315, 6.656195374226848926, 6.505213034913025618E-16 ) ) ;
#7405 = CARTESIAN_POINT ( 'NONE',  ( 48.79846204852487546, 23.52978974892232955, 3.250000000000000444 ) ) ;
#7406 = AXIS2_PLACEMENT_3D ( 'NONE', #5342, #5975, #642 ) ;
#7407 = CARTESIAN_POINT ( 'NONE',  ( 40.83372560252418992, 11.99413305169541921, 7.295299900294642370 ) ) ;
#7408 = ORIENTED_EDGE ( 'NONE', *, *, #2475, .F. ) ;
#7409 = AXIS2_PLACEMENT_3D ( 'NONE', #5624, #3305, #8079 ) ;
#7410 = CARTESIAN_POINT ( 'NONE',  ( 40.06727452416620139, 9.782616162072764965, 0.5000000000000004441 ) ) ;
#7411 = CARTESIAN_POINT ( 'NONE',  ( -13.49008862636929429, 13.07167707897554365, 1.888822129096485281 ) ) ;
#7412 = DIRECTION ( 'NONE',  ( -0.6437715727057315984, 0.7652177220739133645, 0.000000000000000000 ) ) ;
#7413 = FACE_OUTER_BOUND ( 'NONE', #9533, .T. ) ;
#7414 = ORIENTED_EDGE ( 'NONE', *, *, #3980, .T. ) ;
#7415 = CARTESIAN_POINT ( 'NONE',  ( 14.17655859908083471, 50.92312017234762322, 6.505213034913026604E-16 ) ) ;
#7416 = ORIENTED_EDGE ( 'NONE', *, *, #8747, .F. ) ;
#7417 = DIRECTION ( 'NONE',  ( 0.000000000000000000, 0.000000000000000000, -1.000000000000000000 ) ) ;
#7418 = CARTESIAN_POINT ( 'NONE',  ( 45.39759204887825206, 21.00569096288050019, 7.666666666666666963 ) ) ;
#7419 = AXIS2_PLACEMENT_3D ( 'NONE', #5972, #2059, #5191 ) ;
#7420 = AXIS2_PLACEMENT_3D ( 'NONE', #10131, #7873, #8598 ) ;
#7421 = CARTESIAN_POINT ( 'NONE',  ( 11.15580576189983830, 41.70625839869146745, 1.980399304812743067 ) ) ;
#7422 = CARTESIAN_POINT ( 'NONE',  ( 15.36008177804262154, 51.76644557679261993, 2.474621600428495327 ) ) ;
#7423 = CARTESIAN_POINT ( 'NONE',  ( 36.25793661713537119, 51.94168842127428576, 1.000000000000000666 ) ) ;
#7424 = DIRECTION ( 'NONE',  ( 0.000000000000000000, -1.000000000000000000, 0.000000000000000000 ) ) ;
#7425 = CARTESIAN_POINT ( 'NONE',  ( 11.24450503630874465, 13.28678568434541063, 1.963705422824129521 ) ) ;
#7426 = CARTESIAN_POINT ( 'NONE',  ( 13.85585515163495529, 7.756055896252277648, 5.631421187690072827 ) ) ;
#7427 = AXIS2_PLACEMENT_3D ( 'NONE', #5184, #7539, #3640 ) ;
#7428 = CARTESIAN_POINT ( 'NONE',  ( 45.11098098473677709, 34.96494099359799179, 7.641146762559692718 ) ) ;
#7429 = EDGE_CURVE ( 'NONE', #3190, #3136, #1159, .T. ) ;
#7430 = ORIENTED_EDGE ( 'NONE', *, *, #5694, .T. ) ;
#7431 = CARTESIAN_POINT ( 'NONE',  ( 13.39719964095686677, 6.800460117891003797, 3.556183125752454544E-14 ) ) ;
#7432 = FACE_OUTER_BOUND ( 'NONE', #5539, .T. ) ;
#7433 =( BOUNDED_SURFACE ( )  B_SPLINE_SURFACE ( 3, 2, ( 
 ( #2656, #9030, #9128 ),
 ( #4255, #7387, #5128 ),
 ( #8257, #1232, #4347 ),
 ( #9842, #2956, #10085 ),
 ( #3731, #5418, #4598 ),
 ( #8551, #3878, #7678 ),
 ( #6050, #7018, #3780 ),
 ( #6101, #7729, #3052 ),
 ( #3683, #6918, #4498 ),
 ( #721, #9276, #1382 ) ),
 .UNSPECIFIED., .F., .F., .T. ) 
 B_SPLINE_SURFACE_WITH_KNOTS ( ( 4, 2, 2, 2, 4 ),
 ( 3, 3 ),
 ( 1.355252715606880543E-20, 0.0001832446583195351114, 0.0003664893166390702228, 0.0007329786332781404457, 0.001465957266556280891 ),
 ( 0.000000000000000000, 1.000000000000000000 ),
 .UNSPECIFIED. ) 
 GEOMETRIC_REPRESENTATION_ITEM ( )  RATIONAL_B_SPLINE_SURFACE ( (
 ( 1.000000000000000000, 0.8788767125974227268, 1.000000000000000000),
 ( 1.000000000000000000, 0.8667171859356797015, 1.000000000000000000),
 ( 1.000000000000000000, 0.8565125165536217056, 1.000000000000000000),
 ( 1.000000000000000000, 0.8379245573961594529, 1.000000000000000000),
 ( 1.000000000000000000, 0.8295643768970694110, 1.000000000000000000),
 ( 1.000000000000000000, 0.8059851379873914645, 1.000000000000000000),
 ( 1.000000000000000000, 0.7923396358795194994, 1.000000000000000000),
 ( 1.000000000000000000, 0.7538540832985599627, 1.000000000000000000),
 ( 1.000000000000000000, 0.7313548007494794501, 1.000000000000000000),
 ( 1.000000000000000000, 0.7071067811866394992, 1.000000000000000000) ) ) 
 REPRESENTATION_ITEM ( '' )  SURFACE ( )  );
#7434 = VECTOR ( 'NONE', #6837, 1000.000000000000000 ) ;
#7435 = ADVANCED_FACE ( 'NONE', ( #6095 ), #6963, .T. ) ;
#7436 = CARTESIAN_POINT ( 'NONE',  ( 15.06337005724090083, 44.91947428072369775, 7.295352154695742719 ) ) ;
#7437 = CARTESIAN_POINT ( 'NONE',  ( 13.49724647673703437, 50.41128281933302446, 3.611601394776462470 ) ) ;
#7438 = CARTESIAN_POINT ( 'NONE',  ( -13.49008862636929429, 5.135278404103235772, 14.75152227825774354 ) ) ;
#7439 = ORIENTED_EDGE ( 'NONE', *, *, #7089, .T. ) ;
#7440 = EDGE_CURVE ( 'NONE', #8479, #4776, #3446, .T. ) ;
#7441 = ORIENTED_EDGE ( 'NONE', *, *, #3048, .F. ) ;
#7442 = EDGE_CURVE ( 'NONE', #2170, #7785, #1375, .T. ) ;
#7443 = CARTESIAN_POINT ( 'NONE',  ( 10.00917038857489949, 14.67891204726983290, 2.500000000000001332 ) ) ;
#7444 = CARTESIAN_POINT ( 'NONE',  ( 37.18875431826416644, 50.63278552661737564, 3.463023606503397467 ) ) ;
#7445 = CARTESIAN_POINT ( 'NONE',  ( 11.55446680767494527, 36.32807569686045923, 2.000000000000000000 ) ) ;
#7446 = CARTESIAN_POINT ( 'NONE',  ( 15.89375944616535463, 3.239792838236046357, 1.845809627900604655 ) ) ;
#7447 = CARTESIAN_POINT ( 'NONE',  ( 9.741540676020768785, 15.10270655848388088, 8.000000000000031974 ) ) ;
#7448 = VECTOR ( 'NONE', #4828, 1000.000000000000000 ) ;
#7449 = CARTESIAN_POINT ( 'NONE',  ( 11.35297214499863827, 11.80795484440061038, 7.672360884026442562 ) ) ;
#7450 = CARTESIAN_POINT ( 'NONE',  ( 15.76188613066989852, 3.214462972446881839, 2.012531226304495657 ) ) ;
#7451 = ORIENTED_EDGE ( 'NONE', *, *, #6394, .T. ) ;
#7452 = DIRECTION ( 'NONE',  ( 0.000000000000000000, 0.000000000000000000, -1.000000000000000000 ) ) ;
#7453 = ADVANCED_FACE ( 'NONE', ( #4440, #5317 ), #5216, .F. ) ;
#7454 = FACE_OUTER_BOUND ( 'NONE', #6748, .T. ) ;
#7455 = CARTESIAN_POINT ( 'NONE',  ( 47.96956965315716559, 21.85157847961150779, 6.740689623700062860 ) ) ;
#7456 = CARTESIAN_POINT ( 'NONE',  ( 40.40265721592538739, 10.82121026969154265, 6.481027187931625022 ) ) ;
#7457 = VERTEX_POINT ( 'NONE', #10033 ) ;
#7458 = CARTESIAN_POINT ( 'NONE',  ( 11.35661797091731806, 12.90729357831409096, 2.361027661370606712 ) ) ;
#7459 = CARTESIAN_POINT ( 'NONE',  ( -13.49008862636929429, 44.37443844176073782, 7.660946871235453592 ) ) ;
#7460 = CARTESIAN_POINT ( 'NONE',  ( 41.57172838960919847, 14.91596097926579567, 8.000000000000001776 ) ) ;
#7461 = CARTESIAN_POINT ( 'NONE',  ( 41.81535594013037382, 18.82807569686056937, 6.500000000000000000 ) ) ;
#7462 = ORIENTED_EDGE ( 'NONE', *, *, #9312, .F. ) ;
#7463 = CARTESIAN_POINT ( 'NONE',  ( 48.52947377314837496, 32.99282208371148073, 3.133968922388006284 ) ) ;
#7464 = ORIENTED_EDGE ( 'NONE', *, *, #695, .F. ) ;
#7465 = CARTESIAN_POINT ( 'NONE',  ( 40.66685068267560865, 43.34819654688437396, 7.672360883032031786 ) ) ;
#7466 = FACE_OUTER_BOUND ( 'NONE', #5552, .T. ) ;
#7467 = DIRECTION ( 'NONE',  ( 1.000000000000000000, -0.000000000000000000, -0.000000000000000000 ) ) ;
#7468 = DIRECTION ( 'NONE',  ( -1.000000000000000000, -0.000000000000000000, 0.000000000000000000 ) ) ;
#7469 = EDGE_CURVE ( 'NONE', #4013, #6550, #6079, .T. ) ;
#7470 = CARTESIAN_POINT ( 'NONE',  ( 46.50991137363070749, 26.30209948433252620, 3.712949016875144892 ) ) ;
#7471 = CARTESIAN_POINT ( 'NONE',  ( 47.24130982806449452, 21.41555935757228113, 1.999999999999987566 ) ) ;
#7472 = CARTESIAN_POINT ( 'NONE',  ( 40.06310099643270206, 43.60491397000915015, 1.359528895548301808 ) ) ;
#7473 = FACE_OUTER_BOUND ( 'NONE', #9636, .T. ) ;
#7474 = DIRECTION ( 'NONE',  ( -0.000000000000000000, -0.000000000000000000, -1.000000000000000000 ) ) ;
#7475 = EDGE_LOOP ( 'NONE', ( #1533, #1870, #2048, #6167, #8050, #6407 ) ) ;
#7476 = ORIENTED_EDGE ( 'NONE', *, *, #8905, .T. ) ;
#7477 = PLANE ( 'NONE',  #7214 ) ;
#7478 = CARTESIAN_POINT ( 'NONE',  ( 12.20008835691249338, 11.47783604314272132, 7.958471043219774721 ) ) ;
#7479 = AXIS2_PLACEMENT_3D ( 'NONE', #645, #3755, #9296 ) ;
#7480 = CARTESIAN_POINT ( 'NONE',  ( 11.61446008969980426, 44.32712992935746144, 6.486374592300726327 ) ) ;
#7481 = CARTESIAN_POINT ( 'NONE',  ( 10.51198114683463380, 41.55034392234971818, 8.409281505771010856 ) ) ;
#7482 = CARTESIAN_POINT ( 'NONE',  ( 26.70991137390258885, 45.07807569686060845, 2.000000000000000000 ) ) ;
#7483 = ORIENTED_EDGE ( 'NONE', *, *, #1646, .F. ) ;
#7484 = ORIENTED_EDGE ( 'NONE', *, *, #5622, .F. ) ;
#7485 = CYLINDRICAL_SURFACE ( 'NONE', #9550, 0.6499999999999978018 ) ;
#7486 =( BOUNDED_SURFACE ( )  B_SPLINE_SURFACE ( 3, 2, ( 
 ( #7078, #61, #3886 ),
 ( #977, #1584, #7788 ),
 ( #5530, #7227, #4095 ),
 ( #2556, #7179, #3938 ) ),
 .UNSPECIFIED., .F., .F., .T. ) 
 B_SPLINE_SURFACE_WITH_KNOTS ( ( 4, 4 ),
 ( 3, 3 ),
 ( -0.0006132858745845645807, 0.001968156670888038251 ),
 ( 0.000000000000000000, 1.000000000000000000 ),
 .UNSPECIFIED. ) 
 GEOMETRIC_REPRESENTATION_ITEM ( )  RATIONAL_B_SPLINE_SURFACE ( (
 ( 1.000000000000000000, 0.9239380341970059307, 1.000000000000000000),
 ( 1.000000000000000000, 0.9744486329355198651, 1.000000000000000000),
 ( 1.000000000000000000, 1.000028313482338449, 1.000000000000000000),
 ( 1.000000000000000000, 1.000000000000000000, 1.000000000000000000) ) ) 
 REPRESENTATION_ITEM ( '' )  SURFACE ( )  );
#7487 = DIRECTION ( 'NONE',  ( -0.000000000000000000, -0.000000000000000000, -1.000000000000000000 ) ) ;
#7488 = CARTESIAN_POINT ( 'NONE',  ( 45.96350439726683845, 34.86583691769062199, 6.991898277480162349 ) ) ;
#7489 = CARTESIAN_POINT ( 'NONE',  ( 11.10121200130624963, 13.51330723483766683, 8.000000000000000000 ) ) ;
#7490 = CARTESIAN_POINT ( 'NONE',  ( 15.31142454762201055, 15.01653201672722027, 1.600000000000000089 ) ) ;
#7491 = ADVANCED_FACE ( 'NONE', ( #9937 ), #9179, .T. ) ;
#7492 = EDGE_CURVE ( 'NONE', #4021, #626, #347, .T. ) ;
#7493 = DIRECTION ( 'NONE',  ( 0.000000000000000000, 0.000000000000000000, 1.000000000000000000 ) ) ;
#7494 = CARTESIAN_POINT ( 'NONE',  ( 42.00257374643859976, 27.07765665192956916, 5.073248789104394696 ) ) ;
#7495 = ORIENTED_EDGE ( 'NONE', *, *, #9691, .F. ) ;
#7496 = CARTESIAN_POINT ( 'NONE',  ( 48.32035355875236604, 21.10099862088850386, 6.999999999985235810 ) ) ;
#7497 = VECTOR ( 'NONE', #8919, 1000.000000000000000 ) ;
#7498 = CARTESIAN_POINT ( 'NONE',  ( 47.10249359828605975, 21.38613219576691193, 2.000000000000000000 ) ) ;
#7499 = CARTESIAN_POINT ( 'NONE',  ( 13.29694648056880624, 5.403462126037029911, 4.053367432194762365 ) ) ;
#7500 = VECTOR ( 'NONE', #7887, 1000.000000000000000 ) ;
#7501 = CARTESIAN_POINT ( 'NONE',  ( 47.11900981335622163, 20.74661834744301458, 6.499999999999999112 ) ) ;
#7502 = ORIENTED_EDGE ( 'NONE', *, *, #483, .F. ) ;
#7503 = ADVANCED_FACE ( 'NONE', ( #9222 ), #4541, .F. ) ;
#7504 = CARTESIAN_POINT ( 'NONE',  ( 38.32131113223428542, 4.086501082640006999, 7.542084481388176442 ) ) ;
#7505 = CARTESIAN_POINT ( 'NONE',  ( 47.85890018397465440, 21.36908222116630895, 6.388351215040299458 ) ) ;
#7506 = DIRECTION ( 'NONE',  ( 1.000000000000000000, 0.000000000000000000, 0.000000000000000000 ) ) ;
#7507 = DIRECTION ( 'NONE',  ( 1.000000000000000000, 0.000000000000000000, 0.000000000000000000 ) ) ;
#7508 = ORIENTED_EDGE ( 'NONE', *, *, #3484, .T. ) ;
#7509 = DIRECTION ( 'NONE',  ( -0.6437715727057148341, 0.7652177220739274643, 0.000000000000000000 ) ) ;
#7510 = VERTEX_POINT ( 'NONE', #566 ) ;
#7511 = CARTESIAN_POINT ( 'NONE',  ( 42.25302803652665773, 40.08876286456936811, 2.500000000000000444 ) ) ;
#7512 = CARTESIAN_POINT ( 'NONE',  ( 25.30991137390270040, 10.07807569686058180, 2.000000000000000000 ) ) ;
#7513 = EDGE_CURVE ( 'NONE', #7400, #5372, #10097, .T. ) ;
#7514 = CARTESIAN_POINT ( 'NONE',  ( 47.58319113787141674, 23.82807569686055871, 2.000000000000000000 ) ) ;
#7515 = LINE ( 'NONE', #3525, #4054 ) ;
#7516 = CARTESIAN_POINT ( 'NONE',  ( 41.84358502405964941, 15.35583951997859486, 2.000000000000000000 ) ) ;
#7517 = CARTESIAN_POINT ( 'NONE',  ( 47.42079836832380124, 21.32271454419403511, 2.049705096832220352 ) ) ;
#7518 = CONICAL_SURFACE ( 'NONE', #3, 19.59999999972800566, 0.5667292175235034701 ) ;
#7519 = FACE_OUTER_BOUND ( 'NONE', #2023, .T. ) ;
#7520 = CIRCLE ( 'NONE', #1625, 1.000000000000000888 ) ;
#7521 = CARTESIAN_POINT ( 'NONE',  ( 14.52185598524854093, 5.547231935438738937, 4.149804178107229902 ) ) ;
#7522 = CARTESIAN_POINT ( 'NONE',  ( 11.10674056851627078, 41.65540181486251470, 8.000000000000000000 ) ) ;
#7523 = B_SPLINE_CURVE_WITH_KNOTS ( 'NONE', 3,
 ( #4274, #5823, #5717, #4995, #5100, #8122 ),
 .UNSPECIFIED., .F., .F.,
 ( 4, 2, 4 ),
 ( 0.000000000000000000, 0.5000000000000000000, 1.000000000000000000 ),
 .UNSPECIFIED. ) ;
#7524 = VERTEX_POINT ( 'NONE', #714 ) ;
#7525 = VERTEX_POINT ( 'NONE', #7629 ) ;
#7526 = DIRECTION ( 'NONE',  ( 1.000000000000000000, -8.462065736584504477E-17, 0.000000000000000000 ) ) ;
#7527 = EDGE_CURVE ( 'NONE', #8621, #5102, #1636, .T. ) ;
#7528 = CARTESIAN_POINT ( 'NONE',  ( 12.18469035675530954, 43.88007126287804738, 7.906448533194815553 ) ) ;
#7529 = ORIENTED_EDGE ( 'NONE', *, *, #9793, .F. ) ;
#7530 = AXIS2_PLACEMENT_3D ( 'NONE', #7974, #963, #9569 ) ;
#7531 = CARTESIAN_POINT ( 'NONE',  ( 11.61716715702369918, 44.33494121152253342, 6.481026946193405358 ) ) ;
#7532 = CARTESIAN_POINT ( 'NONE',  ( 13.65820998102347517, 50.93809933001959678, 2.024142397605869448 ) ) ;
#7533 = CARTESIAN_POINT ( 'NONE',  ( 46.12556905526623297, 20.49576478851678374, 7.000000000000000000 ) ) ;
#7534 = VERTEX_POINT ( 'NONE', #514 ) ;
#7535 = EDGE_LOOP ( 'NONE', ( #946, #1329, #4696, #6156 ) ) ;
#7536 = CARTESIAN_POINT ( 'NONE',  ( 13.43611358247412468, 4.942561066511398593, 0.5000000000000004441 ) ) ;
#7537 = CARTESIAN_POINT ( 'NONE',  ( 11.22492083740352520, 13.32195843856642448, 1.962355467447833401 ) ) ;
#7538 = CARTESIAN_POINT ( 'NONE',  ( 15.83763509781975820, 3.214462972446654909, 1.603617791954357497 ) ) ;
#7539 = DIRECTION ( 'NONE',  ( 0.000000000000000000, 0.000000000000000000, 1.000000000000000000 ) ) ;
#7540 = CARTESIAN_POINT ( 'NONE',  ( 10.00911579720624900, 40.47713509205301818, 2.500000000000000888 ) ) ;
#7541 = DIRECTION ( 'NONE',  ( 1.000000000000000000, -0.000000000000000000, 0.000000000000000000 ) ) ;
#7542 = EDGE_CURVE ( 'NONE', #8687, #355, #3624, .T. ) ;
#7543 = CARTESIAN_POINT ( 'NONE',  ( 48.16088043875887337, 21.80756182964767831, 2.427467743950147305 ) ) ;
#7544 = VERTEX_POINT ( 'NONE', #2952 ) ;
#7545 = CARTESIAN_POINT ( 'NONE',  ( 16.24312299532616422, 14.65329930544466741, 9.900000000000000355 ) ) ;
#7546 = ADVANCED_FACE ( 'NONE', ( #617 ), #6763, .F. ) ;
#7547 = FACE_OUTER_BOUND ( 'NONE', #7011, .T. ) ;
#7548 = EDGE_CURVE ( 'NONE', #2357, #9868, #9173, .T. ) ;
#7549 = CARTESIAN_POINT ( 'NONE',  ( 13.78560226737726602, 3.802372310908586073, 2.979401400852453197 ) ) ;
#7550 = CARTESIAN_POINT ( 'NONE',  ( 47.32839341448475778, 23.82807569686055871, 7.000000000000000000 ) ) ;
#7551 = VERTEX_POINT ( 'NONE', #3256 ) ;
#7552 = ADVANCED_FACE ( 'NONE', ( #7821 ), #5467, .T. ) ;
#7553 = CARTESIAN_POINT ( 'NONE',  ( 11.48482697536429065, 43.93481903356647678, 1.832612125630136424 ) ) ;
#7554 = CARTESIAN_POINT ( 'NONE',  ( 42.00619160246299799, 14.67156104147332840, 2.213986665159485945 ) ) ;
#7555 = CARTESIAN_POINT ( 'NONE',  ( 40.77805086094090115, 43.07660716002878587, 8.000000000003788969 ) ) ;
#7556 = DIRECTION ( 'NONE',  ( -0.2930602774670622579, 0.9560939670194184004, 0.000000000000000000 ) ) ;
#7557 = ORIENTED_EDGE ( 'NONE', *, *, #6365, .T. ) ;
#7558 = CARTESIAN_POINT ( 'NONE',  ( 26.00991137390269969, 27.57807569686057292, 2.500000000000000444 ) ) ;
#7559 = ORIENTED_EDGE ( 'NONE', *, *, #7652, .T. ) ;
#7560 = CARTESIAN_POINT ( 'NONE',  ( 36.12515205378124250, 3.240356086483027642, 0.7667404903108779868 ) ) ;
#7561 = EDGE_CURVE ( 'NONE', #7938, #8000, #8801, .T. ) ;
#7562 = AXIS2_PLACEMENT_3D ( 'NONE', #1994, #3681, #8255 ) ;
#7563 = DIRECTION ( 'NONE',  ( -0.1931437917529383319, 0.9811704621049787134, -0.000000000000000000 ) ) ;
#7564 = CARTESIAN_POINT ( 'NONE',  ( 11.53370011840747011, 42.68155809396085232, 8.000000000000000000 ) ) ;
#7565 = CARTESIAN_POINT ( 'NONE',  ( 11.05334741855922331, 41.59794666570341093, 1.994624666031073135 ) ) ;
#7566 = CYLINDRICAL_SURFACE ( 'NONE', #8154, 2.000000000000000888 ) ;
#7567 = CARTESIAN_POINT ( 'NONE',  ( 11.55908288287655061, 11.60612410327429700, 7.743090174227351241 ) ) ;
#7568 = FACE_OUTER_BOUND ( 'NONE', #768, .T. ) ;
#7569 = CARTESIAN_POINT ( 'NONE',  ( 39.54392919852558208, 45.15215728550384711, 0.8209048109232263135 ) ) ;
#7570 = CARTESIAN_POINT ( 'NONE',  ( 41.71728276987186490, 14.07031471428837577, 8.000000000000000000 ) ) ;
#7571 = VECTOR ( 'NONE', #3544, 1000.000000000000000 ) ;
#7572 = CARTESIAN_POINT ( 'NONE',  ( 10.64858708069850657, 41.85570127772459870, 7.500000000000000000 ) ) ;
#7573 = ORIENTED_EDGE ( 'NONE', *, *, #3287, .T. ) ;
#7574 = EDGE_LOOP ( 'NONE', ( #742, #6277, #2812, #3816, #7502, #2905, #6768 ) ) ;
#7575 = CARTESIAN_POINT ( 'NONE',  ( 36.00991137390269614, 5.214462972446883171, 1.518327244431527001 ) ) ;
#7576 = EDGE_CURVE ( 'NONE', #1752, #1514, #17, .T. ) ;
#7577 = AXIS2_PLACEMENT_3D ( 'NONE', #7953, #9547, #1039 ) ;
#7578 = DIRECTION ( 'NONE',  ( -0.000000000000000000, -0.000000000000000000, -1.000000000000000000 ) ) ;
#7579 = VERTEX_POINT ( 'NONE', #3204 ) ;
#7580 = CARTESIAN_POINT ( 'NONE',  ( 38.42206890833861621, 4.415658735191352768, 2.156329832529294777 ) ) ;
#7581 = CARTESIAN_POINT ( 'NONE',  ( 13.69851161557112462, 51.06965031108116193, 3.169986991982570945 ) ) ;
#7582 = EDGE_CURVE ( 'NONE', #2170, #8678, #9748, .T. ) ;
#7583 = CIRCLE ( 'NONE', #1044, 0.6500000000000012434 ) ;
#7584 = DIRECTION ( 'NONE',  ( -0.000000000000000000, 0.000000000000000000, 1.000000000000000000 ) ) ;
#7585 = VECTOR ( 'NONE', #9752, 1000.000000000000000 ) ;
#7586 = ORIENTED_EDGE ( 'NONE', *, *, #3020, .T. ) ;
#7587 = VERTEX_POINT ( 'NONE', #7976 ) ;
#7588 = DIRECTION ( 'NONE',  ( -1.000000000000000000, 0.000000000000000000, 0.000000000000000000 ) ) ;
#7589 = CARTESIAN_POINT ( 'NONE',  ( 40.46535594013041504, 18.82807569686061200, 3.000000000000000000 ) ) ;
#7590 = FACE_BOUND ( 'NONE', #5501, .T. ) ;
#7591 = AXIS2_PLACEMENT_3D ( 'NONE', #6684, #2872, #8169 ) ;
#7592 = LINE ( 'NONE', #1339, #9715 ) ;
#7593 = VECTOR ( 'NONE', #7194, 1000.000000000000000 ) ;
#7594 = CARTESIAN_POINT ( 'NONE',  ( 40.46535594013041504, 18.82807569686061200, 3.000000000000000000 ) ) ;
#7595 = CARTESIAN_POINT ( 'NONE',  ( 14.30342553606732103, 44.37443844176083019, 7.660946871235397637 ) ) ;
#7596 = EDGE_CURVE ( 'NONE', #7897, #5372, #9361, .T. ) ;
#7597 = CARTESIAN_POINT ( 'NONE',  ( 14.02111115185925527, 3.757809072108285964, 2.442955784683400022 ) ) ;
#7598 = CIRCLE ( 'NONE', #5277, 1.000000000000001776 ) ;
#7599 = ORIENTED_EDGE ( 'NONE', *, *, #9252, .F. ) ;
#7600 = CYLINDRICAL_SURFACE ( 'NONE', #4315, 20.49999999981464427 ) ;
#7601 = CARTESIAN_POINT ( 'NONE',  ( 15.48085848224921079, 3.280318710077588129, 1.920925292917365246 ) ) ;
#7602 = CARTESIAN_POINT ( 'NONE',  ( 13.05762243565975567, 6.193923983201003125, 3.346333318967307235 ) ) ;
#7603 = DIRECTION ( 'NONE',  ( 1.000000000000000000, -0.000000000000000000, 0.000000000000000000 ) ) ;
#7604 = EDGE_LOOP ( 'NONE', ( #7119, #6672, #5609, #1604 ) ) ;
#7605 = CARTESIAN_POINT ( 'NONE',  ( 40.49488286603450149, 42.08447431474561995, 1.888822129096488833 ) ) ;
#7606 = VECTOR ( 'NONE', #2301, 1000.000000000000000 ) ;
#7607 = CARTESIAN_POINT ( 'NONE',  ( 42.08157325107003288, 14.80795233292671753, 1.692069066743907557 ) ) ;
#7608 = DIRECTION ( 'NONE',  ( -1.000000000000000000, 0.000000000000000000, 0.000000000000000000 ) ) ;
#7609 = CARTESIAN_POINT ( 'NONE',  ( 41.12469625667277029, 42.44127839610204234, 2.361027661370607600 ) ) ;
#7610 = ORIENTED_EDGE ( 'NONE', *, *, #8060, .T. ) ;
#7611 = CARTESIAN_POINT ( 'NONE',  ( 46.75991137363070749, 23.82807569686055871, 2.000000000000000000 ) ) ;
#7612 = VERTEX_POINT ( 'NONE', #5628 ) ;
#7613 = CARTESIAN_POINT ( 'NONE',  ( 42.11473429440670913, 40.29998328485928738, 2.000000000000000444 ) ) ;
#7614 = EDGE_CURVE ( 'NONE', #6231, #599, #10059, .T. ) ;
#7615 = CARTESIAN_POINT ( 'NONE',  ( -13.49008862636929429, 13.72921108162135440, -4.336808689942017736E-16 ) ) ;
#7616 = AXIS2_PLACEMENT_3D ( 'NONE', #3448, #3394, #4880 ) ;
#7617 = DIRECTION ( 'NONE',  ( 1.000000000000000000, 0.000000000000000000, -0.000000000000000000 ) ) ;
#7618 = CARTESIAN_POINT ( 'NONE',  ( 47.75262525427028493, 33.59116945532500154, 2.150214632540995208 ) ) ;
#7619 = LINE ( 'NONE', #9976, #8640 ) ;
#7620 = EDGE_CURVE ( 'NONE', #4649, #3299, #942, .T. ) ;
#7621 =( NAMED_UNIT ( * ) PLANE_ANGLE_UNIT ( ) SI_UNIT ( $, .RADIAN. ) );
#7622 = CARTESIAN_POINT ( 'NONE',  ( 36.50991137363070749, 27.95335337183384183, 3.990000000000000657 ) ) ;
#7623 = EDGE_CURVE ( 'NONE', #23, #137, #7583, .T. ) ;
#7624 = CARTESIAN_POINT ( 'NONE',  ( 26.00991137390270680, 27.57807569686059068, 10.83687549219316004 ) ) ;
#7625 = CARTESIAN_POINT ( 'NONE',  ( 41.87205477543384546, 15.39425880855409723, 8.000000000000000000 ) ) ;
#7626 = CARTESIAN_POINT ( 'NONE',  ( 12.85931873230363820, 11.73926921408753721, 1.424986247961641306 ) ) ;
#7627 = EDGE_LOOP ( 'NONE', ( #10132, #3986, #6128, #7956, #7028 ) ) ;
#7628 = VERTEX_POINT ( 'NONE', #9472 ) ;
#7629 = CARTESIAN_POINT ( 'NONE',  ( 14.60842698939693740, 3.717565692104518593, 2.844642308047737878 ) ) ;
#7630 = CARTESIAN_POINT ( 'NONE',  ( 11.15580576189983830, 41.70625839869146745, 1.980399304812743067 ) ) ;
#7631 = CARTESIAN_POINT ( 'NONE',  ( 42.31084732453258113, 15.14708584138398528, 2.488665931041296187 ) ) ;
#7632 = ORIENTED_EDGE ( 'NONE', *, *, #2605, .F. ) ;
#7633 = B_SPLINE_CURVE_WITH_KNOTS ( 'NONE', 3,
 ( #3263, #1626, #5737, #5578, #9578, #6304, #2548, #6410, #3370, #8708, #8863, #7273 ),
 .UNSPECIFIED., .F., .F.,
 ( 4, 2, 2, 2, 2, 4 ),
 ( 0.000000000000000000, 0.0005035145672982011900, 0.001007029134596402380, 0.001510543701894603678, 0.001762300985543702701, 0.002014058269192802158 ),
 .UNSPECIFIED. ) ;
#7634 = CARTESIAN_POINT ( 'NONE',  ( 40.55572505286107088, 11.28663339020024381, 6.801098445003129100 ) ) ;
#7635 = ADVANCED_FACE ( 'NONE', ( #3308 ), #764, .F. ) ;
#7636 = CARTESIAN_POINT ( 'NONE',  ( 10.08707764496552706, 15.47559258291280138, 2.000000000000000444 ) ) ;
#7637 = ORIENTED_EDGE ( 'NONE', *, *, #545, .T. ) ;
#7638 = ORIENTED_EDGE ( 'NONE', *, *, #9759, .F. ) ;
#7639 = AXIS2_PLACEMENT_3D ( 'NONE', #4651, #8401, #2193 ) ;
#7640 =( BOUNDED_SURFACE ( )  B_SPLINE_SURFACE ( 3, 2, ( 
 ( #6901, #8482, #2941 ),
 ( #9259, #5159, #10020 ),
 ( #5301, #8436, #4480 ),
 ( #1411, #9207, #7511 ),
 ( #8286, #1361, #4376 ),
 ( #701, #1458, #4529 ),
 ( #9871, #7613, #603 ),
 ( #4580, #7714, #501 ),
 ( #3663, #7660, #8381 ),
 ( #2123, #6751, #1311 ),
 ( #652, #3762, #2987 ),
 ( #6136, #2221, #3712 ),
 ( #6852, #3612, #5351 ),
 ( #9972, #2838, #6083 ) ),
 .UNSPECIFIED., .F., .F., .T. ) 
 B_SPLINE_SURFACE_WITH_KNOTS ( ( 4, 2, 2, 2, 2, 2, 4 ),
 ( 3, 3 ),
 ( 0.000000000000000000, 0.0001415626605420671673, 0.0002831253210841343346, 0.0005662506421682686692, 0.001132501284336537338, 0.001698751926504806116, 0.002265002568673074677 ),
 ( 0.000000000000000000, 1.000000000000000000 ),
 .UNSPECIFIED. ) 
 GEOMETRIC_REPRESENTATION_ITEM ( )  RATIONAL_B_SPLINE_SURFACE ( (
 ( 1.000000000000000000, 0.7071067811865475727, 1.000000000000000000),
 ( 1.000000000000000000, 0.7071067811865475727, 1.000000000000000000),
 ( 1.000000000000000000, 0.7071067811865475727, 1.000000000000000000),
 ( 1.000000000000000000, 0.7071067811865475727, 1.000000000000000000),
 ( 1.000000000000000000, 0.7071067811865475727, 1.000000000000000000),
 ( 1.000000000000000000, 0.7071067811865475727, 1.000000000000000000),
 ( 1.000000000000000000, 0.7071067811865475727, 1.000000000000000000),
 ( 1.000000000000000000, 0.7071067811865475727, 1.000000000000000000),
 ( 1.000000000000000000, 0.7071067811865475727, 1.000000000000000000),
 ( 1.000000000000000000, 0.7071067811865475727, 1.000000000000000000),
 ( 1.000000000000000000, 0.7071067811865475727, 1.000000000000000000),
 ( 1.000000000000000000, 0.7071067811865475727, 1.000000000000000000),
 ( 1.000000000000000000, 0.7071067811865475727, 1.000000000000000000),
 ( 1.000000000000000000, 0.7071067811865475727, 1.000000000000000000) ) ) 
 REPRESENTATION_ITEM ( '' )  SURFACE ( )  );
#7641 = CARTESIAN_POINT ( 'NONE',  ( 43.50991137363070749, 28.06545524120995339, 3.139999999999998792 ) ) ;
#7642 = FACE_OUTER_BOUND ( 'NONE', #9476, .T. ) ;
#7643 = CARTESIAN_POINT ( 'NONE',  ( 40.91996876236258629, 13.50895388127873353, 2.000000000000000000 ) ) ;
#7644 = CARTESIAN_POINT ( 'NONE',  ( 43.50991137363070749, 28.06545524120993207, 6.140000000000001457 ) ) ;
#7645 = CARTESIAN_POINT ( 'NONE',  ( 46.50991137363071459, 27.28436583604743504, 7.594767274008266789 ) ) ;
#7646 = CARTESIAN_POINT ( 'NONE',  ( 48.00497560971026445, 21.87147947430947070, 6.724895616220344152 ) ) ;
#7647 = CARTESIAN_POINT ( 'NONE',  ( 0.000000000000000000, 0.000000000000000000, 7.000000000000000000 ) ) ;
#7648 = EDGE_LOOP ( 'NONE', ( #7115, #1630 ) ) ;
#7649 = ORIENTED_EDGE ( 'NONE', *, *, #6378, .F. ) ;
#7650 = CARTESIAN_POINT ( 'NONE',  ( 37.56573097547522622, 51.49597183343492901, 2.731578043177810944 ) ) ;
#7651 = CARTESIAN_POINT ( 'NONE',  ( 13.65820978040926015, 4.218052716921890877, 3.258228129550913010 ) ) ;
#7652 = EDGE_CURVE ( 'NONE', #6287, #1576, #877, .T. ) ;
#7653 = FACE_OUTER_BOUND ( 'NONE', #4373, .T. ) ;
#7654 = ORIENTED_EDGE ( 'NONE', *, *, #6498, .F. ) ;
#7655 = FACE_OUTER_BOUND ( 'NONE', #636, .T. ) ;
#7656 = CARTESIAN_POINT ( 'NONE',  ( 41.82981096719034042, 40.83658573644704148, 2.376965625616558331 ) ) ;
#7657 = ORIENTED_EDGE ( 'NONE', *, *, #3952, .F. ) ;
#7658 = CARTESIAN_POINT ( 'NONE',  ( 37.41139575455136423, 51.43858570342638359, 2.844642306241694119 ) ) ;
#7659 = EDGE_LOOP ( 'NONE', ( #7380, #8069 ) ) ;
#7660 = CARTESIAN_POINT ( 'NONE',  ( 41.90801064456196912, 40.67662033123949783, 2.000000000000000444 ) ) ;
#7661 = CARTESIAN_POINT ( 'NONE',  ( 47.09322331692970920, 23.82807569686055871, 7.000000000000000000 ) ) ;
#7662 = VECTOR ( 'NONE', #3468, 1000.000000000000227 ) ;
#7663 = CARTESIAN_POINT ( 'NONE',  ( 15.00991137390270858, 49.84168842127429144, 1.399999999999999911 ) ) ;
#7664 = CARTESIAN_POINT ( 'NONE',  ( 48.54318645688867662, 22.23298974341040335, 8.000000000000000000 ) ) ;
#7665 = CARTESIAN_POINT ( 'NONE',  ( 44.41522560017764931, 36.61379780147925800, 7.356849721410547716 ) ) ;
#7666 = CARTESIAN_POINT ( 'NONE',  ( 11.35378852603239253, 11.80679169614802149, 7.672781863351176845 ) ) ;
#7667 = CIRCLE ( 'NONE', #4237, 0.9999999999999995559 ) ;
#7668 = CARTESIAN_POINT ( 'NONE',  ( 26.00991137390269969, 27.57807569686058358, 2.000000000000000000 ) ) ;
#7669 = CARTESIAN_POINT ( 'NONE',  ( 42.07167735998492475, 14.78569141017456978, 7.500000000000000000 ) ) ;
#7670 = CARTESIAN_POINT ( 'NONE',  ( 43.50991137363070749, 26.00088236050318002, 4.639999999999989910 ) ) ;
#7671 = VERTEX_POINT ( 'NONE', #9573 ) ;
#7672 = DIRECTION ( 'NONE',  ( 1.000000000000000000, 0.000000000000000000, 0.000000000000000000 ) ) ;
#7673 = ADVANCED_FACE ( 'NONE', ( #7875 ), #2543, .F. ) ;
#7674 = CARTESIAN_POINT ( 'NONE',  ( 41.64098513707546090, 41.25516828398835401, 9.753265591618015762 ) ) ;
#7675 = EDGE_CURVE ( 'NONE', #4479, #8630, #4967, .T. ) ;
#7676 = CARTESIAN_POINT ( 'NONE',  ( 15.03121309254048299, 51.46367510179278071, 0.1077731181454043008 ) ) ;
#7677 = ORIENTED_EDGE ( 'NONE', *, *, #8406, .F. ) ;
#7678 = CARTESIAN_POINT ( 'NONE',  ( 47.72503554060612174, 33.44147234366112542, 6.851659827440274242 ) ) ;
#7679 = CIRCLE ( 'NONE', #9655, 0.6500000000000012434 ) ;
#7680 = CARTESIAN_POINT ( 'NONE',  ( 40.06727452416620849, 45.37353523164840396, 7.542083936066490857 ) ) ;
#7681 = CARTESIAN_POINT ( 'NONE',  ( 9.838864274651662356, 14.96154684146826064, 2.500000000000000444 ) ) ;
#7682 = ORIENTED_EDGE ( 'NONE', *, *, #112, .T. ) ;
#7683 = B_SPLINE_CURVE_WITH_KNOTS ( 'NONE', 3,
 ( #8730, #1498, #3286, #6269, #4620, #5494 ),
 .UNSPECIFIED., .F., .F.,
 ( 4, 2, 4 ),
 ( 0.000000000000000000, 0.5000000000000000000, 1.000000000000000000 ),
 .UNSPECIFIED. ) ;
#7684 = ORIENTED_EDGE ( 'NONE', *, *, #4560, .T. ) ;
#7685 = CARTESIAN_POINT ( 'NONE',  ( 14.17655859908082583, 50.92312017234762322, 0.5000000000000004441 ) ) ;
#7686 = VECTOR ( 'NONE', #272, 1000.000000000000000 ) ;
#7687 = EDGE_CURVE ( 'NONE', #8033, #5969, #2438, .T. ) ;
#7688 = AXIS2_PLACEMENT_3D ( 'NONE', #5687, #2551, #9532 ) ;
#7689 = CARTESIAN_POINT ( 'NONE',  ( 38.37474371977265264, 11.79207704119155409, 8.000000000000001776 ) ) ;
#7690 = CARTESIAN_POINT ( 'NONE',  ( 40.49488286603450149, 42.08447431474561995, 1.888822129096488833 ) ) ;
#7691 = CARTESIAN_POINT ( 'NONE',  ( 38.32131113223428542, 4.086501082640005222, 1.936151262344386392 ) ) ;
#7692 = CARTESIAN_POINT ( 'NONE',  ( 42.96096548177569474, 27.57807569686059068, 11.30000000000000071 ) ) ;
#7693 = B_SPLINE_CURVE_WITH_KNOTS ( 'NONE', 3,
 ( #3574, #1126, #5120, #5166, #9069, #7426, #3530, #6712, #314, #365, #8144, #9788, #7521, #4248, #1177 ),
 .UNSPECIFIED., .F., .F.,
 ( 4, 1, 1, 1, 1, 1, 1, 1, 2, 2, 4 ),
 ( 0.000000000000000000, 0.2499999999999950595, 0.3749999999999927836, 0.4374999999999916733, 0.4687499999999911182, 0.4843749999999907296, 0.4921874999999905076, 0.4960937499999903966, 0.4980468749999905631, 0.4999999999999906741, 1.000000000000000000 ),
 .UNSPECIFIED. ) ;
#7694 = LINE ( 'NONE', #2869, #7606 ) ;
#7695 = DIRECTION ( 'NONE',  ( 1.000000000000000000, -8.462065736584504477E-17, 0.000000000000000000 ) ) ;
#7696 = B_SPLINE_CURVE_WITH_KNOTS ( 'NONE', 3,
 ( #544, #1975, #4372, #1163, #5246, #3708, #403, #5981 ),
 .UNSPECIFIED., .F., .F.,
 ( 4, 2, 2, 4 ),
 ( 2.168404344971008868E-19, 0.0002499049818902032163, 0.0004998099637804062157, 0.0009996199275608172018 ),
 .UNSPECIFIED. ) ;
#7697 = EDGE_LOOP ( 'NONE', ( #8591, #8785, #4079, #2735 ) ) ;
#7698 = EDGE_LOOP ( 'NONE', ( #5084, #4614, #8468, #6968 ) ) ;
#7699 = AXIS2_PLACEMENT_3D ( 'NONE', #1326, #7526, #7725 ) ;
#7700 = CARTESIAN_POINT ( 'NONE',  ( 44.94393106424463724, 18.98193902482142192, 6.833333333331824022 ) ) ;
#7701 = ADVANCED_FACE ( 'NONE', ( #1570 ), #1670, .F. ) ;
#7702 = CIRCLE ( 'NONE', #2459, 0.5000000000000004441 ) ;
#7703 = CARTESIAN_POINT ( 'NONE',  ( 14.85602807443998863, 4.441301035688868915, 3.407976824926420178 ) ) ;
#7704 = CARTESIAN_POINT ( 'NONE',  ( 0.000000000000000000, 0.000000000000000000, 0.000000000000000000 ) ) ;
#7705 = ORIENTED_EDGE ( 'NONE', *, *, #3875, .F. ) ;
#7706 = B_SPLINE_CURVE_WITH_KNOTS ( 'NONE', 3,
 ( #2107, #6736, #2824, #1246, #6790, #9908 ),
 .UNSPECIFIED., .F., .F.,
 ( 4, 2, 4 ),
 ( 4.091337135425211056E-18, 0.0004134856669762630135, 0.0008269713339525220155 ),
 .UNSPECIFIED. ) ;
#7707 = CARTESIAN_POINT ( 'NONE',  ( 14.82062158541361363, 51.21913706539935163, 3.069715480157974685 ) ) ;
#7708 = CARTESIAN_POINT ( 'NONE',  ( 14.60753030589612500, 44.61438122272473805, 7.500000000000000000 ) ) ;
#7709 = ADVANCED_FACE ( 'NONE', ( #6507 ), #1027, .T. ) ;
#7710 = CARTESIAN_POINT ( 'NONE',  ( 11.97602172178322277, 11.28788485069127390, 7.807320797429792236 ) ) ;
#7711 = VERTEX_POINT ( 'NONE', #8237 ) ;
#7712 = DIRECTION ( 'NONE',  ( 1.000000000000000000, 0.000000000000000000, 0.000000000000000000 ) ) ;
#7713 = ORIENTED_EDGE ( 'NONE', *, *, #4747, .F. ) ;
#7714 = CARTESIAN_POINT ( 'NONE',  ( 41.98650180324917613, 40.52132826314849012, 2.000000000000000444 ) ) ;
#7715 = DIRECTION ( 'NONE',  ( 1.000000000000000000, -0.000000000000000000, 0.000000000000000000 ) ) ;
#7716 = DIRECTION ( 'NONE',  ( 0.000000000000000000, -0.000000000000000000, -1.000000000000000000 ) ) ;
#7717 = CARTESIAN_POINT ( 'NONE',  ( 11.70775644248196556, 10.55811120891069343, 6.298948117595697838 ) ) ;
#7718 = ORIENTED_EDGE ( 'NONE', *, *, #3665, .T. ) ;
#7719 = SURFACE_SIDE_STYLE ('',( #9265 ) ) ;
#7720 = CARTESIAN_POINT ( 'NONE',  ( 11.54487133492229667, 12.44485998592559106, 8.000000000000000000 ) ) ;
#7721 = CARTESIAN_POINT ( 'NONE',  ( 40.01782125012060476, 9.679589616692874543, 1.289632592335938854 ) ) ;
#7722 = CARTESIAN_POINT ( 'NONE',  ( 41.88971259082710219, 14.44143977276942437, 8.000000000000000000 ) ) ;
#7723 = CARTESIAN_POINT ( 'NONE',  ( 15.97361733213751123, 51.83781964743501902, 2.159778694946001831 ) ) ;
#7724 = ORIENTED_EDGE ( 'NONE', *, *, #8118, .T. ) ;
#7725 = DIRECTION ( 'NONE',  ( 0.000000000000000000, 1.000000000000000000, 0.000000000000000000 ) ) ;
#7726 = CARTESIAN_POINT ( 'NONE',  ( 38.64289106878602809, 50.01618522591934379, 3.876621751866644594 ) ) ;
#7727 = CARTESIAN_POINT ( 'NONE',  ( 42.26450141465264210, 15.08653177055297689, 2.455955868125076602 ) ) ;
#7728 = EDGE_LOOP ( 'NONE', ( #1879, #7827, #4283, #5617, #8984 ) ) ;
#7729 = CARTESIAN_POINT ( 'NONE',  ( 47.52323171305319960, 34.06946438270534827, 6.917266838152769104 ) ) ;
#7730 = CARTESIAN_POINT ( 'NONE',  ( 38.62262311769561762, 48.35569127583016069, 0.000000000000000000 ) ) ;
#7731 = AXIS2_PLACEMENT_3D ( 'NONE', #5227, #8361, #6109 ) ;
#7732 = EDGE_CURVE ( 'NONE', #6053, #4281, #7096, .T. ) ;
#7733 = ORIENTED_EDGE ( 'NONE', *, *, #8015, .T. ) ;
#7734 = VERTEX_POINT ( 'NONE', #9013 ) ;
#7735 = DIRECTION ( 'NONE',  ( -8.462065736584503245E-17, -1.000000000000000000, 0.000000000000000000 ) ) ;
#7736 = DIRECTION ( 'NONE',  ( 1.000000000000000000, -0.000000000000000000, 0.000000000000000000 ) ) ;
#7737 = DIRECTION ( 'NONE',  ( 1.000000000000000000, -0.000000000000000000, 0.000000000000000000 ) ) ;
#7738 = EDGE_CURVE ( 'NONE', #3254, #1197, #3384, .T. ) ;
#7739 = VECTOR ( 'NONE', #9650, 1000.000000000000000 ) ;
#7740 = DIRECTION ( 'NONE',  ( -1.000000000000000000, 0.000000000000000000, 0.000000000000000000 ) ) ;
#7741 = AXIS2_PLACEMENT_3D ( 'NONE', #4080, #8702, #4692 ) ;
#7742 = VECTOR ( 'NONE', #9183, 1000.000000000000000 ) ;
#7743 = FACE_OUTER_BOUND ( 'NONE', #987, .T. ) ;
#7744 = ADVANCED_FACE ( 'NONE', ( #3564 ), #2794, .T. ) ;
#7745 = CARTESIAN_POINT ( 'NONE',  ( 41.95831281926574263, 39.64656737271336340, 8.000000000000000000 ) ) ;
#7746 = EDGE_CURVE ( 'NONE', #8890, #8599, #4144, .T. ) ;
#7747 = ORIENTED_EDGE ( 'NONE', *, *, #6623, .T. ) ;
#7748 = EDGE_LOOP ( 'NONE', ( #4105, #3915, #1924, #2195 ) ) ;
#7749 = VECTOR ( 'NONE', #6145, 1000.000000000000000 ) ;
#7750 = CARTESIAN_POINT ( 'NONE',  ( 43.50991137363070749, 26.82752034691407061, 4.640000000000003233 ) ) ;
#7751 = DIRECTION ( 'NONE',  ( -0.000000000000000000, -0.000000000000000000, -1.000000000000000000 ) ) ;
#7752 = DIRECTION ( 'NONE',  ( 1.000000000000000000, 0.000000000000000000, 0.000000000000000000 ) ) ;
#7753 = ORIENTED_EDGE ( 'NONE', *, *, #3026, .F. ) ;
#7754 =( BOUNDED_CURVE ( )  B_SPLINE_CURVE ( 3, ( #157, #4904, #6512, #1731 ),
 .UNSPECIFIED., .F., .F. ) 
 B_SPLINE_CURVE_WITH_KNOTS ( ( 4, 4 ),
 ( 4.712388980384689674, 6.283185307179586232 ),
 .UNSPECIFIED. ) 
 CURVE ( )  GEOMETRIC_REPRESENTATION_ITEM ( )  RATIONAL_B_SPLINE_CURVE ( ( 1.000000000000000000, 0.8047378541243649375, 0.8047378541243649375, 1.000000000000000000 ) ) 
 REPRESENTATION_ITEM ( '' )  );
#7755 = DIRECTION ( 'NONE',  ( -0.000000000000000000, -0.000000000000000000, -1.000000000000000000 ) ) ;
#7756 = CIRCLE ( 'NONE', #6781, 19.99999999981464782 ) ;
#7757 = B_SPLINE_CURVE_WITH_KNOTS ( 'NONE', 3,
 ( #9036, #5138, #2920, #9087, #476, #8215 ),
 .UNSPECIFIED., .F., .F.,
 ( 4, 2, 4 ),
 ( 0.000000000000000000, 0.0003501522051832914231, 0.0007003044103665828461 ),
 .UNSPECIFIED. ) ;
#7758 = B_SPLINE_CURVE_WITH_KNOTS ( 'NONE', 3,
 ( #5402, #3812, #8333, #6951, #5305, #4632, #6084 ),
 .UNSPECIFIED., .F., .F.,
 ( 4, 3, 4 ),
 ( 0.000000000000000000, 0.001000000143037997266, 0.002685483687628477389 ),
 .UNSPECIFIED. ) ;
#7759 = CARTESIAN_POINT ( 'NONE',  ( 40.51394968765403348, 44.01769630277401291, 6.698857978418032211 ) ) ;
#7760 = ADVANCED_FACE ( 'NONE', ( #5931 ), #9726, .F. ) ;
#7761 = FACE_OUTER_BOUND ( 'NONE', #4876, .T. ) ;
#7762 = ORIENTED_EDGE ( 'NONE', *, *, #7429, .F. ) ;
#7763 = CARTESIAN_POINT ( 'NONE',  ( 9.711767039045795968, 40.01268412055453894, 2.500000000000000444 ) ) ;
#7764 = ORIENTED_EDGE ( 'NONE', *, *, #1646, .T. ) ;
#7765 = CARTESIAN_POINT ( 'NONE',  ( 48.48109958712172585, 22.12851522771092050, 6.250316113070759627 ) ) ;
#7766 = CARTESIAN_POINT ( 'NONE',  ( 46.97905548425569577, 23.82807569686055871, 7.000000000000000000 ) ) ;
#7767 = DIRECTION ( 'NONE',  ( 1.000000000000000000, -8.462065736584504477E-17, 0.000000000000000000 ) ) ;
#7768 = EDGE_LOOP ( 'NONE', ( #2198, #4596, #7682, #5542 ) ) ;
#7769 = DIRECTION ( 'NONE',  ( 0.000000000000000000, 0.000000000000000000, 1.000000000000000000 ) ) ;
#7770 = CARTESIAN_POINT ( 'NONE',  ( 38.92251662690843261, 47.24975930667102375, 0.1159227202137371876 ) ) ;
#7771 = CARTESIAN_POINT ( 'NONE',  ( 11.58851786763685432, 12.34695364591914668, 7.999999999999996447 ) ) ;
#7772 = LINE ( 'NONE', #8596, #2506 ) ;
#7773 = CARTESIAN_POINT ( 'NONE',  ( 42.20608469059839507, 14.99931979464169629, 7.999999999999938716 ) ) ;
#7774 = CARTESIAN_POINT ( 'NONE',  ( 13.91445373264880558, 50.06801662940311815, 6.505213034913026604E-16 ) ) ;
#7775 = VERTEX_POINT ( 'NONE', #9624 ) ;
#7776 = CARTESIAN_POINT ( 'NONE',  ( 42.17903964974687625, 14.95720810710079185, 2.000000000000000000 ) ) ;
#7777 = DIRECTION ( 'NONE',  ( -1.000000000000000000, 0.000000000000000000, 0.000000000000000000 ) ) ;
#7778 = CARTESIAN_POINT ( 'NONE',  ( 12.48246392073653332, 44.10283043325760843, 7.821479376391505589 ) ) ;
#7779 = EDGE_CURVE ( 'NONE', #5806, #1373, #232, .T. ) ;
#7780 = ORIENTED_EDGE ( 'NONE', *, *, #3673, .F. ) ;
#7781 = CARTESIAN_POINT ( 'NONE',  ( 38.64287917510950621, 5.139927115917532596, 2.640879124822494983 ) ) ;
#7782 = CARTESIAN_POINT ( 'NONE',  ( 42.06862718830311820, 40.32332642765090469, 7.542083936066490857 ) ) ;
#7783 = CARTESIAN_POINT ( 'NONE',  ( 38.00365070400461320, 7.225039831876139296, 5.275230541762972791 ) ) ;
#7784 = ORIENTED_EDGE ( 'NONE', *, *, #9561, .F. ) ;
#7785 = VERTEX_POINT ( 'NONE', #1012 ) ;
#7786 = DIRECTION ( 'NONE',  ( -1.000000000000000000, 1.387778780781497425E-14, 0.000000000000000000 ) ) ;
#7787 = CARTESIAN_POINT ( 'NONE',  ( 45.11098098473676998, 20.19121040012313983, 7.641146762559691830 ) ) ;
#7788 = CARTESIAN_POINT ( 'NONE',  ( 44.44169433444530171, 36.82843350713026354, 6.737980749582448858 ) ) ;
#7789 = DIRECTION ( 'NONE',  ( -0.000000000000000000, -0.000000000000000000, -1.000000000000000000 ) ) ;
#7790 = ORIENTED_EDGE ( 'NONE', *, *, #522, .T. ) ;
#7791 = DIRECTION ( 'NONE',  ( -1.000000000000000000, 0.000000000000000000, 0.000000000000000000 ) ) ;
#7792 = CARTESIAN_POINT ( 'NONE',  ( 14.21387907009644458, 51.46154326206174545, 2.594650041917124561 ) ) ;
#7793 = DIRECTION ( 'NONE',  ( 0.000000000000000000, -0.8090169943749441206, -0.5877852522924775780 ) ) ;
#7794 = AXIS2_PLACEMENT_3D ( 'NONE', #7202, #192, #245 ) ;
#7795 = ORIENTED_EDGE ( 'NONE', *, *, #1997, .T. ) ;
#7796 = ORIENTED_EDGE ( 'NONE', *, *, #7732, .F. ) ;
#7797 = CARTESIAN_POINT ( 'NONE',  ( 35.77669975197509444, 40.50285208865746256, 9.900000000000000355 ) ) ;
#7798 = ADVANCED_FACE ( 'NONE', ( #4132 ), #2669, .F. ) ;
#7799 = CARTESIAN_POINT ( 'NONE',  ( 37.14405710248695414, 3.478247482922864897, 0.5538865590723370813 ) ) ;
#7800 = EDGE_CURVE ( 'NONE', #1273, #7205, #9062, .T. ) ;
#7801 = VERTEX_POINT ( 'NONE', #6555 ) ;
#7802 = CARTESIAN_POINT ( 'NONE',  ( 47.32839341448475778, 23.82807569686055871, 7.000000000000000000 ) ) ;
#7803 = CARTESIAN_POINT ( 'NONE',  ( 40.40001332764901321, 44.34257384632401511, 6.475764831601775740 ) ) ;
#7804 = DIRECTION ( 'NONE',  ( 1.000000000000000000, 0.000000000000000000, 0.000000000000000000 ) ) ;
#7805 = ORIENTED_EDGE ( 'NONE', *, *, #10130, .T. ) ;
#7806 = VERTEX_POINT ( 'NONE', #1882 ) ;
#7807 = CARTESIAN_POINT ( 'NONE',  ( 48.49944618303394606, 22.06353428184829468, 6.162552257565228508 ) ) ;
#7808 = CARTESIAN_POINT ( 'NONE',  ( 42.35788392518428935, 39.94714168645512586, 7.500000000000000000 ) ) ;
#7809 =( BOUNDED_SURFACE ( )  B_SPLINE_SURFACE ( 3, 2, ( 
 ( #2203, #18, #684 ),
 ( #3115, #10050, #3014 ),
 ( #6163, #2352, #7839 ),
 ( #829, #878, #4100 ) ),
 .UNSPECIFIED., .F., .F., .F. ) 
 B_SPLINE_SURFACE_WITH_KNOTS ( ( 4, 4 ),
 ( 3, 3 ),
 ( 0.000000000000000000, 0.0006781125952286892831 ),
 ( 0.000000000000000000, 1.000000000000000000 ),
 .UNSPECIFIED. ) 
 GEOMETRIC_REPRESENTATION_ITEM ( )  RATIONAL_B_SPLINE_SURFACE ( (
 ( 1.000000000000000000, 0.7071093033692641416, 1.000000000000000000),
 ( 1.000000000000000000, 0.7720335210630361322, 1.000000000000000000),
 ( 1.000000000000000000, 0.8247959090847380992, 1.000000000000000000),
 ( 1.000000000000000000, 0.8620267924378173241, 1.000000000000000000) ) ) 
 REPRESENTATION_ITEM ( '' )  SURFACE ( )  );
#7810 = ADVANCED_FACE ( 'NONE', ( #5009 ), #7640, .T. ) ;
#7811 = CARTESIAN_POINT ( 'NONE',  ( 39.10135862152188935, 48.49995602334738010, 0.5000000000000004441 ) ) ;
#7812 = EDGE_LOOP ( 'NONE', ( #8317, #4715, #9544, #4630 ) ) ;
#7813 = CARTESIAN_POINT ( 'NONE',  ( 11.61781410060207875, 10.81933833801354261, 6.479744333178775406 ) ) ;
#7814 = CARTESIAN_POINT ( 'NONE',  ( 11.15580260889339037, 13.44989631004212782, 1.980399772363565791 ) ) ;
#7815 = FACE_OUTER_BOUND ( 'NONE', #8626, .T. ) ;
#7816 = FACE_OUTER_BOUND ( 'NONE', #9597, .T. ) ;
#7817 = CARTESIAN_POINT ( 'NONE',  ( 40.81314676281623832, 11.96766926335930137, 2.097336557271625157 ) ) ;
#7818 = CARTESIAN_POINT ( 'NONE',  ( 48.29650177164851499, 33.41891844343833640, 2.837613858813727408 ) ) ;
#7819 = CARTESIAN_POINT ( 'NONE',  ( 37.86762028189512108, 44.22846274183212500, 7.758863266492388888 ) ) ;
#7820 = ORIENTED_EDGE ( 'NONE', *, *, #289, .T. ) ;
#7821 = FACE_OUTER_BOUND ( 'NONE', #2406, .T. ) ;
#7822 = PLANE ( 'NONE',  #2349 ) ;
#7823 = EDGE_CURVE ( 'NONE', #3761, #8174, #2884, .T. ) ;
#7824 = CARTESIAN_POINT ( 'NONE',  ( 15.72210172940002160, 51.91566108384401446, 0.7382520816037154709 ) ) ;
#7825 = AXIS2_PLACEMENT_3D ( 'NONE', #681, #3937, #6926 ) ;
#7826 = AXIS2_PLACEMENT_3D ( 'NONE', #5657, #8733, #1703 ) ;
#7827 = ORIENTED_EDGE ( 'NONE', *, *, #9008, .T. ) ;
#7828 = CARTESIAN_POINT ( 'NONE',  ( 37.48241244891911350, 5.492573141413437554, 4.113140595862612159 ) ) ;
#7829 = CARTESIAN_POINT ( 'NONE',  ( 48.55316943299862231, 23.82807569686055871, 2.439604810534890866 ) ) ;
#7830 = CARTESIAN_POINT ( 'NONE',  ( 41.16535594013037525, 18.82807569686056937, 3.000000000000000000 ) ) ;
#7831 = ORIENTED_EDGE ( 'NONE', *, *, #8936, .F. ) ;
#7832 = EDGE_CURVE ( 'NONE', #2853, #6947, #6807, .T. ) ;
#7833 = ORIENTED_EDGE ( 'NONE', *, *, #7442, .T. ) ;
#7834 = CARTESIAN_POINT ( 'NONE',  ( 45.80268872672046143, 20.08653427432840743, 6.974480095893026643 ) ) ;
#7835 = DIRECTION ( 'NONE',  ( -0.000000000000000000, -0.000000000000000000, -1.000000000000000000 ) ) ;
#7836 = DIRECTION ( 'NONE',  ( -1.000000000000000000, 0.000000000000000000, 0.000000000000000000 ) ) ;
#7837 = CARTESIAN_POINT ( 'NONE',  ( 38.08988632413651487, 47.64505625245526232, 5.467108400565822812 ) ) ;
#7838 = ORIENTED_EDGE ( 'NONE', *, *, #9512, .T. ) ;
#7839 = CARTESIAN_POINT ( 'NONE',  ( 11.34389585425938307, 43.36154942080541019, 7.678176808036144330 ) ) ;
#7840 = CARTESIAN_POINT ( 'NONE',  ( 15.00991137390270858, 50.34168842127429144, 1.399999999999999911 ) ) ;
#7841 = CARTESIAN_POINT ( 'NONE',  ( 36.50991137363070749, 26.82752034691407061, 4.640000000000003233 ) ) ;
#7842 = ORIENTED_EDGE ( 'NONE', *, *, #1727, .T. ) ;
#7843 = ORIENTED_EDGE ( 'NONE', *, *, #754, .T. ) ;
#7844 = CIRCLE ( 'NONE', #1150, 21.41421356218774008 ) ;
#7845 = CARTESIAN_POINT ( 'NONE',  ( 15.76188613066995003, 51.44168842127428576, 8.000000000000000000 ) ) ;
#7846 = CARTESIAN_POINT ( 'NONE',  ( 0.000000000000000000, 0.000000000000000000, 0.000000000000000000 ) ) ;
#7847 = CARTESIAN_POINT ( 'NONE',  ( 36.53673875219037370, 3.279590733967850724, 0.6103080094928723387 ) ) ;
#7848 = ORIENTED_EDGE ( 'NONE', *, *, #7614, .T. ) ;
#7849 = EDGE_CURVE ( 'NONE', #7050, #9946, #4798, .T. ) ;
#7850 = DIRECTION ( 'NONE',  ( 0.1931437917529383319, -0.9811704621049787134, 0.000000000000000000 ) ) ;
#7851 = CARTESIAN_POINT ( 'NONE',  ( 40.71727247911645264, 43.46506924396622651, 7.084190277811899250 ) ) ;
#7852 = VERTEX_POINT ( 'NONE', #4426 ) ;
#7853 = EDGE_CURVE ( 'NONE', #3413, #8614, #549, .T. ) ;
#7854 = CARTESIAN_POINT ( 'NONE',  ( 41.10455069901062330, 41.26792983571383644, 2.000382682166264914 ) ) ;
#7855 = AXIS2_PLACEMENT_3D ( 'NONE', #6107, #1335, #9235 ) ;
#7856 = ORIENTED_EDGE ( 'NONE', *, *, #743, .T. ) ;
#7857 = AXIS2_PLACEMENT_3D ( 'NONE', #8485, #6228, #2223 ) ;
#7858 = ORIENTED_EDGE ( 'NONE', *, *, #5869, .T. ) ;
#7859 = CARTESIAN_POINT ( 'NONE',  ( 41.12469625667278450, 42.44127839610203523, 2.361027661370608488 ) ) ;
#7860 = B_SPLINE_CURVE_WITH_KNOTS ( 'NONE', 3,
 ( #3180, #8056, #4824, #4003 ),
 .UNSPECIFIED., .F., .F.,
 ( 4, 4 ),
 ( 0.9764282637714291058, 0.9953984406893463532 ),
 .UNSPECIFIED. ) ;
#7861 = CARTESIAN_POINT ( 'NONE',  ( 41.26150104132424445, 40.88022546415881919, 8.000000000000000000 ) ) ;
#7862 = LINE ( 'NONE', #7663, #9180 ) ;
#7863 = EDGE_CURVE ( 'NONE', #4570, #4175, #2889, .T. ) ;
#7864 = ORIENTED_EDGE ( 'NONE', *, *, #438, .F. ) ;
#7865 = CARTESIAN_POINT ( 'NONE',  ( -13.49008862636929429, 4.100346510431743141, 3.179274115666991030 ) ) ;
#7866 = ORIENTED_EDGE ( 'NONE', *, *, #7365, .F. ) ;
#7867 = CARTESIAN_POINT ( 'NONE',  ( 15.60643868344829421, 3.239240823181626094, 1.929685528925654925 ) ) ;
#7868 = CARTESIAN_POINT ( 'NONE',  ( 11.50446680767500851, 36.32807569686057292, 6.500000000000000000 ) ) ;
#7869 = CARTESIAN_POINT ( 'NONE',  ( 11.74242268600428218, 12.07459863676006151, 7.999999999999996447 ) ) ;
#7870 = DIRECTION ( 'NONE',  ( -0.9560939670194158468, 0.2930602774670701960, 0.000000000000000000 ) ) ;
#7871 = DIRECTION ( 'NONE',  ( -0.000000000000000000, -0.000000000000000000, -1.000000000000000000 ) ) ;
#7872 = EDGE_CURVE ( 'NONE', #5969, #6216, #6261, .T. ) ;
#7873 = DIRECTION ( 'NONE',  ( -0.000000000000000000, -0.000000000000000000, -1.000000000000000000 ) ) ;
#7874 = ORIENTED_EDGE ( 'NONE', *, *, #6124, .F. ) ;
#7875 = FACE_OUTER_BOUND ( 'NONE', #7768, .T. ) ;
#7876 = CARTESIAN_POINT ( 'NONE',  ( -13.49008862636929429, 4.100346510431743141, 3.179274115666991030 ) ) ;
#7877 = ORIENTED_EDGE ( 'NONE', *, *, #8905, .F. ) ;
#7878 = CARTESIAN_POINT ( 'NONE',  ( 38.40194093343647808, 4.349827361194961384, 3.346618855951134730 ) ) ;
#7879 = FACE_OUTER_BOUND ( 'NONE', #1999, .T. ) ;
#7880 = B_SPLINE_CURVE_WITH_KNOTS ( 'NONE', 3,
 ( #4311, #2003, #2864, #3590 ),
 .UNSPECIFIED., .F., .F.,
 ( 4, 4 ),
 ( 0.001701113046761914844, 0.002603343609250103642 ),
 .UNSPECIFIED. ) ;
#7881 = DIRECTION ( 'NONE',  ( 0.000000000000000000, -0.000000000000000000, -1.000000000000000000 ) ) ;
#7882 = EDGE_CURVE ( 'NONE', #2025, #7801, #8903, .T. ) ;
#7883 = ORIENTED_EDGE ( 'NONE', *, *, #10113, .F. ) ;
#7884 = EDGE_LOOP ( 'NONE', ( #8394, #8157, #3189, #6284 ) ) ;
#7885 = DIRECTION ( 'NONE',  ( 1.000000000000000000, 0.000000000000000000, 0.000000000000000000 ) ) ;
#7886 = CIRCLE ( 'NONE', #2155, 20.49999999981464782 ) ;
#7887 = DIRECTION ( 'NONE',  ( 0.000000000000000000, -1.000000000000000000, 0.000000000000000000 ) ) ;
#7888 = CARTESIAN_POINT ( 'NONE',  ( 39.06894885169076304, 46.87623976987709540, 0.7501502095329082298 ) ) ;
#7889 = CIRCLE ( 'NONE', #3135, 0.5000000000000017764 ) ;
#7890 = CARTESIAN_POINT ( 'NONE',  ( 40.86402013891711960, 13.44989631004750308, 1.980399772364323852 ) ) ;
#7891 = ORIENTED_EDGE ( 'NONE', *, *, #50, .T. ) ;
#7892 = ADVANCED_FACE ( 'NONE', ( #1509 ), #8358, .T. ) ;
#7893 = CARTESIAN_POINT ( 'NONE',  ( 14.75622294941139678, 50.38638706071564854, 3.628300769686948701 ) ) ;
#7894 = CARTESIAN_POINT ( 'NONE',  ( 43.50991137363070749, 28.85405190938865161, 3.712949016875166208 ) ) ;
#7895 = CARTESIAN_POINT ( 'NONE',  ( 36.00991137390269614, 49.84168842127429144, 1.399999999999999911 ) ) ;
#7896 = ORIENTED_EDGE ( 'NONE', *, *, #7614, .F. ) ;
#7897 = VERTEX_POINT ( 'NONE', #6281 ) ;
#7898 = CARTESIAN_POINT ( 'NONE',  ( 15.60505770930474512, 15.42328157197709082, 9.900000000000000355 ) ) ;
#7899 = CARTESIAN_POINT ( 'NONE',  ( 40.46073994456993006, 43.55002728992130301, 7.743090173357145112 ) ) ;
#7900 = CARTESIAN_POINT ( 'NONE',  ( 14.60753030589610368, 10.54177017099643088, 7.500000000000000000 ) ) ;
#7901 = B_SPLINE_CURVE_WITH_KNOTS ( 'NONE', 3,
 ( #2346, #9585, #4912, #871, #8816, #7177 ),
 .UNSPECIFIED., .F., .F.,
 ( 4, 2, 4 ),
 ( 0.000000000000000000, 0.002553644816055783157, 0.005107289632111566315 ),
 .UNSPECIFIED. ) ;
#7902 = VERTEX_POINT ( 'NONE', #1654 ) ;
#7903 = EDGE_CURVE ( 'NONE', #6550, #2508, #6276, .T. ) ;
#7904 = CARTESIAN_POINT ( 'NONE',  ( 47.58319113787141674, 31.32807569686055160, 2.000000000000000000 ) ) ;
#7905 = FACE_OUTER_BOUND ( 'NONE', #2305, .T. ) ;
#7906 = VECTOR ( 'NONE', #4488, 1000.000000000000000 ) ;
#7907 = ORIENTED_EDGE ( 'NONE', *, *, #6532, .F. ) ;
#7908 = CARTESIAN_POINT ( 'NONE',  ( 13.24464869173879400, 47.79320901855745518, -5.637960732706725809E-15 ) ) ;
#7909 = AXIS2_PLACEMENT_3D ( 'NONE', #6240, #9421, #3873 ) ;
#7910 = ORIENTED_EDGE ( 'NONE', *, *, #6310, .F. ) ;
#7911 = ORIENTED_EDGE ( 'NONE', *, *, #8195, .T. ) ;
#7912 = CARTESIAN_POINT ( 'NONE',  ( 40.34926252455348816, 42.83741708049840469, 1.626708792482070454 ) ) ;
#7913 = B_SPLINE_CURVE_WITH_KNOTS ( 'NONE', 3,
 ( #6510, #5734, #8861, #1074 ),
 .UNSPECIFIED., .F., .F.,
 ( 4, 4 ),
 ( 3.529906531158615134E-18, 0.0005356802277403600659 ),
 .UNSPECIFIED. ) ;
#7914 = CARTESIAN_POINT ( 'NONE',  ( 13.50350494245553534, 50.43214126758440585, 0.5000000000000004441 ) ) ;
#7915 = CARTESIAN_POINT ( 'NONE',  ( 26.00991137390269969, 10.07807569686058180, 6.500000000000000000 ) ) ;
#7916 = ORIENTED_EDGE ( 'NONE', *, *, #6437, .F. ) ;
#7917 = VECTOR ( 'NONE', #3460, 1000.000000000000000 ) ;
#7918 = CARTESIAN_POINT ( 'NONE',  ( 47.69733424171093361, 33.84596923130978041, 2.230805753306155825 ) ) ;
#7919 = VERTEX_POINT ( 'NONE', #897 ) ;
#7920 = DIRECTION ( 'NONE',  ( 0.000000000000000000, 1.000000000000000000, -0.000000000000000000 ) ) ;
#7921 = LINE ( 'NONE', #906, #1135 ) ;
#7922 = DIRECTION ( 'NONE',  ( 0.000000000000000000, 1.000000000000000000, 7.118573178086988879E-15 ) ) ;
#7923 = CYLINDRICAL_SURFACE ( 'NONE', #7246, 0.6999999999999992895 ) ;
#7924 = CARTESIAN_POINT ( 'NONE',  ( 11.06919218370090441, 12.28837812619186565, 7.500002139297134995 ) ) ;
#7925 = ADVANCED_FACE ( 'NONE', ( #847 ), #138, .F. ) ;
#7926 = ORIENTED_EDGE ( 'NONE', *, *, #5885, .F. ) ;
#7927 = CARTESIAN_POINT ( 'NONE',  ( 43.89535096758894639, 17.53227909644762406, 6.855364777527818809 ) ) ;
#7928 = DIRECTION ( 'NONE',  ( -0.000000000000000000, -0.000000000000000000, 1.000000000000000000 ) ) ;
#7929 = ADVANCED_FACE ( 'NONE', ( #2477 ), #1673, .T. ) ;
#7930 = ADVANCED_FACE ( 'NONE', ( #1558 ), #2372, .T. ) ;
#7931 = ORIENTED_EDGE ( 'NONE', *, *, #7576, .T. ) ;
#7932 = AXIS2_PLACEMENT_3D ( 'NONE', #8376, #496, #3607 ) ;
#7933 = CYLINDRICAL_SURFACE ( 'NONE', #3174, 15.00000000000000000 ) ;
#7934 = CARTESIAN_POINT ( 'NONE',  ( 37.79931938019137760, 6.544799272833443204, 4.818944300411901693 ) ) ;
#7935 = CARTESIAN_POINT ( 'NONE',  ( 37.99871159594614767, 3.757809072108289072, 0.5000000000000004441 ) ) ;
#7936 = CARTESIAN_POINT ( 'NONE',  ( 36.25793661713549199, 3.214462972446878730, 2.012531226304353993 ) ) ;
#7937 = ORIENTED_EDGE ( 'NONE', *, *, #810, .F. ) ;
#7938 = VERTEX_POINT ( 'NONE', #7353 ) ;
#7939 = CARTESIAN_POINT ( 'NONE',  ( 47.23673552474062376, 21.41458861819997139, 1.999999999999987566 ) ) ;
#7940 = ADVANCED_BREP_SHAPE_REPRESENTATION ( '2035 Case', ( #4518, #6971 ), #9918 ) ;
#7941 = CARTESIAN_POINT ( 'NONE',  ( 11.50446680767500851, 36.32807569686057292, 6.500000000000000000 ) ) ;
#7942 = DIRECTION ( 'NONE',  ( -0.2752715810682324071, 0.9079251642706840375, -0.3160655829732923472 ) ) ;
#7943 = ADVANCED_FACE ( 'NONE', ( #340 ), #8016, .T. ) ;
#7944 = CARTESIAN_POINT ( 'NONE',  ( 26.00991137390269969, 10.07807569686058180, 6.500000000000000000 ) ) ;
#7945 = VERTEX_POINT ( 'NONE', #7249 ) ;
#7946 = CARTESIAN_POINT ( 'NONE',  ( 13.71592974807449750, 51.12647606501865027, 3.131869873945921867 ) ) ;
#7947 = PRODUCT_DEFINITION_FORMATION_WITH_SPECIFIED_SOURCE ( 'ANY', '', #5307, .NOT_KNOWN. ) ;
#7948 = DIRECTION ( 'NONE',  ( -0.1931437917529432724, -0.9811704621049778252, 0.000000000000000000 ) ) ;
#7949 = CARTESIAN_POINT ( 'NONE',  ( 11.88615779806510453, 11.89582941397556581, 8.000000000000000000 ) ) ;
#7950 = VERTEX_POINT ( 'NONE', #1153 ) ;
#7951 = EDGE_LOOP ( 'NONE', ( #793, #7408, #4837, #7780, #2553 ) ) ;
#7952 = CARTESIAN_POINT ( 'NONE',  ( 9.691818188424059954, 39.98686122711807656, 1.999999999999931166 ) ) ;
#7953 = CARTESIAN_POINT ( 'NONE',  ( 41.16535594013037525, 36.32807569686058713, 6.500000000000000000 ) ) ;
#7954 = CARTESIAN_POINT ( 'NONE',  ( 26.00991137390258956, 45.07807569686060845, 2.000000000000000000 ) ) ;
#7955 = CARTESIAN_POINT ( 'NONE',  ( 13.67331217341339666, 4.168740587707329581, 1.991156595978484045 ) ) ;
#7956 = ORIENTED_EDGE ( 'NONE', *, *, #4847, .T. ) ;
#7957 = CARTESIAN_POINT ( 'NONE',  ( 48.55316943299862231, 31.32807569686055160, 2.439604810534883761 ) ) ;
#7958 = CYLINDRICAL_SURFACE ( 'NONE', #8412, 0.5000000000000004441 ) ;
#7959 = ORIENTED_EDGE ( 'NONE', *, *, #9839, .F. ) ;
#7960 = CARTESIAN_POINT ( 'NONE',  ( 42.35774042015557228, 39.94733135447630445, 2.369100637228832795 ) ) ;
#7961 = ORIENTED_EDGE ( 'NONE', *, *, #5735, .F. ) ;
#7962 = VERTEX_POINT ( 'NONE', #8893 ) ;
#7963 = EDGE_CURVE ( 'NONE', #8564, #9614, #1201, .T. ) ;
#7964 = CARTESIAN_POINT ( 'NONE',  ( 48.22683049120711019, 21.97601902253763484, 6.563442257501858279 ) ) ;
#7965 = CARTESIAN_POINT ( 'NONE',  ( 40.94258712506744047, 42.88664645598863956, 7.500000000000000000 ) ) ;
#7966 = CIRCLE ( 'NONE', #3043, 0.4999999999999995559 ) ;
#7967 = DIRECTION ( 'NONE',  ( -0.000000000000000000, -0.000000000000000000, -1.000000000000000000 ) ) ;
#7968 = EDGE_LOOP ( 'NONE', ( #90, #3410, #226, #2900, #7599 ) ) ;
#7969 = CARTESIAN_POINT ( 'NONE',  ( 44.75732710876688714, 35.93160025246130829, 7.124298226102850684 ) ) ;
#7970 = ORIENTED_EDGE ( 'NONE', *, *, #126, .T. ) ;
#7971 = CARTESIAN_POINT ( 'NONE',  ( 37.00991137390271035, 4.814462972446877487, 1.400000000000005684 ) ) ;
#7972 = CARTESIAN_POINT ( 'NONE',  ( 26.00991137390269259, 45.07807569686058713, 6.500000000000000000 ) ) ;
#7973 = CARTESIAN_POINT ( 'NONE',  ( 42.32501171839503940, 15.16531074981260652, 2.500000000000000444 ) ) ;
#7974 = CARTESIAN_POINT ( 'NONE',  ( 15.75991137390270147, 51.70407734673669609, 8.000000000000000000 ) ) ;
#7975 = ORIENTED_EDGE ( 'NONE', *, *, #1194, .T. ) ;
#7976 = CARTESIAN_POINT ( 'NONE',  ( 10.54583580041912150, 41.62906368152763292, 2.500000000000010214 ) ) ;
#7977 = CARTESIAN_POINT ( 'NONE',  ( 39.54744016982826338, 47.02131236710700080, 0.7501502095329075637 ) ) ;
#7978 = ORIENTED_EDGE ( 'NONE', *, *, #4657, .F. ) ;
#7979 = DIRECTION ( 'NONE',  ( -0.000000000000000000, -0.000000000000000000, -1.000000000000000000 ) ) ;
#7980 = CARTESIAN_POINT ( 'NONE',  ( 38.37172270234987081, 4.251076708837405960, 3.280379694824821613 ) ) ;
#7981 = CARTESIAN_POINT ( 'NONE',  ( 12.91846435684088412, 48.49995593160816298, 0.5000000000000000000 ) ) ;
#7982 = LINE ( 'NONE', #8143, #8562 ) ;
#7983 = CARTESIAN_POINT ( 'NONE',  ( 10.93514345304113533, 13.88310496325982157, 2.000000000000000888 ) ) ;
#7984 = AXIS2_PLACEMENT_3D ( 'NONE', #6772, #1184, #9694 ) ;
#7985 = ORIENTED_EDGE ( 'NONE', *, *, #8750, .F. ) ;
#7986 = ADVANCED_FACE ( 'NONE', ( #3452 ), #8840, .T. ) ;
#7987 = ORIENTED_EDGE ( 'NONE', *, *, #3757, .F. ) ;
#7988 = EDGE_CURVE ( 'NONE', #5411, #9442, #73, .T. ) ;
#7989 = CARTESIAN_POINT ( 'NONE',  ( 26.00991137390269969, 27.57807569686058358, 2.000000000000001776 ) ) ;
#7990 = AXIS2_PLACEMENT_3D ( 'NONE', #7108, #3141, #905 ) ;
#7991 = CARTESIAN_POINT ( 'NONE',  ( 48.48308974800027471, 22.02110713909610595, 3.082123425508714210 ) ) ;
#7992 = DIRECTION ( 'NONE',  ( -0.000000000000000000, -0.000000000000000000, 1.000000000000000000 ) ) ;
#7993 = CYLINDRICAL_SURFACE ( 'NONE', #2903, 2.000000000000000888 ) ;
#7994 = ORIENTED_EDGE ( 'NONE', *, *, #3443, .F. ) ;
#7995 = CARTESIAN_POINT ( 'NONE',  ( 13.26643379752612262, 45.44313786547701284, 6.944093345377190474 ) ) ;
#7996 = CARTESIAN_POINT ( 'NONE',  ( 38.32131113223428542, 4.086501082640005222, 0.5000000000000004441 ) ) ;
#7997 = CARTESIAN_POINT ( 'NONE',  ( 40.44322527922429344, 12.37225720524378580, 7.999999999999996447 ) ) ;
#7998 = ORIENTED_EDGE ( 'NONE', *, *, #9582, .F. ) ;
#7999 = B_SPLINE_CURVE_WITH_KNOTS ( 'NONE', 3,
 ( #435, #1293, #5862, #9041 ),
 .UNSPECIFIED., .F., .F.,
 ( 4, 4 ),
 ( 0.9764282632293531661, 0.9953984392757566635 ),
 .UNSPECIFIED. ) ;
#8000 = VERTEX_POINT ( 'NONE', #999 ) ;
#8001 = EDGE_CURVE ( 'NONE', #6550, #7400, #8028, .T. ) ;
#8002 = CARTESIAN_POINT ( 'NONE',  ( 10.27272662480552867, 41.02069449222921094, 1.999999999999852118 ) ) ;
#8003 = CARTESIAN_POINT ( 'NONE',  ( 38.33140382694483606, 51.03671995402305583, 1.958172555355874866 ) ) ;
#8004 = CARTESIAN_POINT ( 'NONE',  ( 37.71639721173807658, 44.37443844176083019, 7.660946871235397637 ) ) ;
#8005 = CARTESIAN_POINT ( 'NONE',  ( 37.53008280710206890, 3.663681956427154329, 2.752609306655204868 ) ) ;
#8006 = VERTEX_POINT ( 'NONE', #3397 ) ;
#8007 = DIRECTION ( 'NONE',  ( -0.7652177220739277974, 0.6437715727057145010, -0.000000000000000000 ) ) ;
#8008 = CYLINDRICAL_SURFACE ( 'NONE', #3163, 0.5000000000000004441 ) ;
#8009 = CIRCLE ( 'NONE', #978, 0.5000000000000004441 ) ;
#8010 = B_SPLINE_CURVE_WITH_KNOTS ( 'NONE', 3,
 ( #7092, #3185, #5396, #5442, #2416, #8681, #1648, #1704, #4772, #8579 ),
 .UNSPECIFIED., .F., .F.,
 ( 4, 2, 2, 2, 4 ),
 ( 0.000000000000000000, 0.001686602367923174502, 0.002529903551884770969, 0.002951554143865578201, 0.003373204735846386301 ),
 .UNSPECIFIED. ) ;
#8011 = VECTOR ( 'NONE', #2706, 1000.000000000000000 ) ;
#8012 = VERTEX_POINT ( 'NONE', #5821 ) ;
#8013 = B_SPLINE_CURVE_WITH_KNOTS ( 'NONE', 3,
 ( #3638, #3543, #4401, #1337, #5909, #5226 ),
 .UNSPECIFIED., .F., .F.,
 ( 4, 2, 4 ),
 ( 1.179739509965479003E-17, 0.0004939446701888818882, 0.0009878893403777518501 ),
 .UNSPECIFIED. ) ;
#8014 = DIRECTION ( 'NONE',  ( 0.6437715727057166104, 0.7652177220739260211, 0.000000000000000000 ) ) ;
#8015 = EDGE_CURVE ( 'NONE', #6358, #7734, #3979, .T. ) ;
#8016 = CYLINDRICAL_SURFACE ( 'NONE', #8565, 0.4999999999999865663 ) ;
#8017 = CARTESIAN_POINT ( 'NONE',  ( 10.25828863860256668, 39.92222642683626077, 2.000000000000000888 ) ) ;
#8018 = DIRECTION ( 'NONE',  ( -0.000000000000000000, -0.000000000000000000, -1.000000000000000000 ) ) ;
#8019 = CARTESIAN_POINT ( 'NONE',  ( 37.80594369612723682, 51.46154325576399202, 2.594650048049462310 ) ) ;
#8020 = AXIS2_PLACEMENT_3D ( 'NONE', #8029, #7871, #2540 ) ;
#8021 = EDGE_LOOP ( 'NONE', ( #4986, #4845, #450, #2220 ) ) ;
#8022 = CARTESIAN_POINT ( 'NONE',  ( 48.52648137517243754, 33.00802347231160638, 6.083229197824121748 ) ) ;
#8023 = CARTESIAN_POINT ( 'NONE',  ( 25.30991137390259027, 45.07807569686060845, 3.000000000000000000 ) ) ;
#8024 = EDGE_CURVE ( 'NONE', #8168, #1992, #8075, .T. ) ;
#8025 = DIRECTION ( 'NONE',  ( 0.000000000000000000, 0.000000000000000000, 1.000000000000000000 ) ) ;
#8026 = CARTESIAN_POINT ( 'NONE',  ( 36.00991137390269614, 45.47360586472228761, -68.00000000000000000 ) ) ;
#8027 = CARTESIAN_POINT ( 'NONE',  ( 40.91456924913407533, 13.49656345337721497, 2.000000000000000444 ) ) ;
#8028 =( BOUNDED_CURVE ( )  B_SPLINE_CURVE ( 3, ( #3295, #3506, #5098, #1053 ),
 .UNSPECIFIED., .F., .T. ) 
 B_SPLINE_CURVE_WITH_KNOTS ( ( 4, 4 ),
 ( 5.298074523841836303, 5.710984864166116282 ),
 .UNSPECIFIED. ) 
 CURVE ( )  GEOMETRIC_REPRESENTATION_ITEM ( )  RATIONAL_B_SPLINE_CURVE ( ( 1.000000000000000000, 0.9858424821176268171, 0.9858424821176268171, 1.000000000000000000 ) ) 
 REPRESENTATION_ITEM ( '' )  );
#8029 = CARTESIAN_POINT ( 'NONE',  ( 26.00991137390269969, 27.57807569686058358, 7.000000000000000000 ) ) ;
#8030 = FACE_OUTER_BOUND ( 'NONE', #2830, .T. ) ;
#8031 = ORIENTED_EDGE ( 'NONE', *, *, #4547, .F. ) ;
#8032 = CARTESIAN_POINT ( 'NONE',  ( 42.00550972678298933, 27.95335337183384539, 5.290000000000002700 ) ) ;
#8033 = VERTEX_POINT ( 'NONE', #1812 ) ;
#8034 = CARTESIAN_POINT ( 'NONE',  ( 43.50991137363070749, 28.06545524120995339, 3.139999999999998792 ) ) ;
#8035 = CARTESIAN_POINT ( 'NONE',  ( 37.93111804729372949, 2.813516365268045494, 2.316104634825736142 ) ) ;
#8036 = CARTESIAN_POINT ( 'NONE',  ( 41.99816947267068201, 28.20359304245178578, 4.856572176420420384 ) ) ;
#8037 = CARTESIAN_POINT ( 'NONE',  ( 13.49540039667355629, 46.20324971176767548, 6.434231690202611098 ) ) ;
#8038 = CARTESIAN_POINT ( 'NONE',  ( 43.50991137363070749, 26.30209948433252620, 3.712949016875144892 ) ) ;
#8039 = CARTESIAN_POINT ( 'NONE',  ( 10.20466146280815778, 14.28579336337354277, 2.000000000000000444 ) ) ;
#8040 = CARTESIAN_POINT ( 'NONE',  ( 45.30510240974199831, 34.42329284432467063, 7.666666666666666075 ) ) ;
#8041 = EDGE_LOOP ( 'NONE', ( #10102, #4881 ) ) ;
#8042 = ORIENTED_EDGE ( 'NONE', *, *, #4918, .F. ) ;
#8043 = DIRECTION ( 'NONE',  ( -1.000000000000000000, 0.000000000000000000, 0.000000000000000000 ) ) ;
#8044 = CARTESIAN_POINT ( 'NONE',  ( 48.34860337641954686, 21.91910441033521550, 2.679990873103123672 ) ) ;
#8045 = CARTESIAN_POINT ( 'NONE',  ( 42.17903965498567942, 40.19894328182088117, 2.000000000000000000 ) ) ;
#8046 = CARTESIAN_POINT ( 'NONE',  ( 37.05928587899730786, 51.05580488328942579, 3.179274115666989253 ) ) ;
#8047 = DIRECTION ( 'NONE',  ( -0.000000000000000000, -0.000000000000000000, -1.000000000000000000 ) ) ;
#8048 = LINE ( 'NONE', #4102, #164 ) ;
#8049 = CARTESIAN_POINT ( 'NONE',  ( 40.91815458701442054, 12.21130301254534345, 7.527007356221713685 ) ) ;
#8050 = ORIENTED_EDGE ( 'NONE', *, *, #182, .T. ) ;
#8051 = ORIENTED_EDGE ( 'NONE', *, *, #4350, .F. ) ;
#8052 = CARTESIAN_POINT ( 'NONE',  ( 9.755171141056598216, 40.07239706125190537, 2.000000000000000444 ) ) ;
#8053 = VECTOR ( 'NONE', #525, 1000.000000000000000 ) ;
#8054 = ADVANCED_FACE ( 'NONE', ( #2527 ), #3509, .T. ) ;
#8055 = CARTESIAN_POINT ( 'NONE',  ( 38.28647486755189533, 51.18330181917426813, 1.859910575886006834 ) ) ;
#8056 = CARTESIAN_POINT ( 'NONE',  ( 42.22344477929006246, 40.13045227899818457, 2.000000000000000000 ) ) ;
#8057 = CARTESIAN_POINT ( 'NONE',  ( 9.704586509892980217, 15.15298825588079801, 7.999999999999968914 ) ) ;
#8058 = ORIENTED_EDGE ( 'NONE', *, *, #2511, .F. ) ;
#8059 = ADVANCED_FACE ( 'NONE', ( #4271 ), #4817, .T. ) ;
#8060 = EDGE_CURVE ( 'NONE', #4091, #4362, #2109, .T. ) ;
#8061 = LINE ( 'NONE', #1808, #7593 ) ;
#8062 = VECTOR ( 'NONE', #3252, 1000.000000000000000 ) ;
#8063 = ORIENTED_EDGE ( 'NONE', *, *, #7492, .F. ) ;
#8064 = DIRECTION ( 'NONE',  ( -0.000000000000000000, -0.000000000000000000, -1.000000000000000000 ) ) ;
#8065 = CIRCLE ( 'NONE', #3641, 0.3500000000000010325 ) ;
#8066 = CARTESIAN_POINT ( 'NONE',  ( 37.22220785451206382, 3.635019975836604633, 2.774336442236570832 ) ) ;
#8067 = CARTESIAN_POINT ( 'NONE',  ( 15.00991137390270858, 50.84168842127429144, 1.399999999999999911 ) ) ;
#8068 = CARTESIAN_POINT ( 'NONE',  ( 48.54318645688867662, 22.23298974341040335, 6.000000000001329603 ) ) ;
#8069 = ORIENTED_EDGE ( 'NONE', *, *, #3726, .T. ) ;
#8070 = FACE_OUTER_BOUND ( 'NONE', #6396, .T. ) ;
#8071 = EDGE_CURVE ( 'NONE', #1669, #2449, #553, .T. ) ;
#8072 = AXIS2_PLACEMENT_3D ( 'NONE', #3771, #3720, #6812 ) ;
#8073 = CARTESIAN_POINT ( 'NONE',  ( 45.09443820877676501, 35.97815949006037073, 6.861907997974668660 ) ) ;
#8074 = DIRECTION ( 'NONE',  ( 1.000000000000000000, -0.000000000000000000, 0.000000000000000000 ) ) ;
#8075 = CIRCLE ( 'NONE', #4968, 0.5000000000000017764 ) ;
#8076 = CARTESIAN_POINT ( 'NONE',  ( 10.15446680767512078, 18.82807569686041660, 3.000000000000000000 ) ) ;
#8077 = CIRCLE ( 'NONE', #4267, 0.5000000000000004441 ) ;
#8078 = CARTESIAN_POINT ( 'NONE',  ( 41.73716664296408396, 15.19641700734002043, 2.000000000000000444 ) ) ;
#8079 = DIRECTION ( 'NONE',  ( 0.000000000000000000, -8.673617379884027583E-16, 1.000000000000000000 ) ) ;
#8080 = ORIENTED_EDGE ( 'NONE', *, *, #8456, .T. ) ;
#8081 = CARTESIAN_POINT ( 'NONE',  ( 36.33763509780395395, 51.94168842127427865, 1.518327244431526557 ) ) ;
#8082 = ORIENTED_EDGE ( 'NONE', *, *, #4490, .T. ) ;
#8083 = CARTESIAN_POINT ( 'NONE',  ( 39.30566384571834249, 9.225049662957280461, 0.5497398075910738813 ) ) ;
#8084 = AXIS2_PLACEMENT_3D ( 'NONE', #7148, #4775, #134 ) ;
#8085 = CARTESIAN_POINT ( 'NONE',  ( 15.60643868304799931, 3.239240823312565354, 0.9345383654041544697 ) ) ;
#8086 = CIRCLE ( 'NONE', #8939, 20.49999999972801135 ) ;
#8087 = VERTEX_POINT ( 'NONE', #3699 ) ;
#8088 = CARTESIAN_POINT ( 'NONE',  ( 11.95254822363919089, 45.37353523164840396, 7.542084481485124670 ) ) ;
#8089 = DIRECTION ( 'NONE',  ( 1.000000000000000000, 0.000000000000000000, 0.000000000000000000 ) ) ;
#8090 = DIRECTION ( 'NONE',  ( 0.000000000000000000, 0.000000000000000000, -1.000000000000000000 ) ) ;
#8091 =( BOUNDED_SURFACE ( )  B_SPLINE_SURFACE ( 3, 2, ( 
 ( #3380, #1684, #926 ),
 ( #8044, #4809, #8820 ),
 ( #162, #9640, #4148 ),
 ( #1737, #4202, #7991 ),
 ( #1085, #4044, #976 ),
 ( #321, #116, #6360 ) ),
 .UNSPECIFIED., .F., .F., .T. ) 
 B_SPLINE_SURFACE_WITH_KNOTS ( ( 4, 2, 4 ),
 ( 3, 3 ),
 ( 0.000000000000000000, 0.0003263414832408851989, 0.0006526829664817703977 ),
 ( 0.000000000000000000, 1.000000000000000000 ),
 .UNSPECIFIED. ) 
 GEOMETRIC_REPRESENTATION_ITEM ( )  RATIONAL_B_SPLINE_SURFACE ( (
 ( 1.000000000000000000, 0.9097499145498096906, 1.000000000000000000),
 ( 1.000000000000000000, 0.9391634395315170414, 1.000000000000000000),
 ( 1.000000000000000000, 0.9616698933472230815, 1.000000000000000000),
 ( 1.000000000000000000, 0.9921393379474149343, 1.000000000000000000),
 ( 1.000000000000000000, 1.000060848313584438, 1.000000000000000000),
 ( 1.000000000000000000, 1.000000000000000000, 1.000000000000000000) ) ) 
 REPRESENTATION_ITEM ( '' )  SURFACE ( )  );
#8092 = CARTESIAN_POINT ( 'NONE',  ( 14.23332404181243760, 50.94168842127428576, -2.168404344971008868E-16 ) ) ;
#8093 = AXIS2_PLACEMENT_3D ( 'NONE', #3310, #7928, #1621 ) ;
#8094 = CYLINDRICAL_SURFACE ( 'NONE', #5629, 5.000000000000000888 ) ;
#8095 = DIRECTION ( 'NONE',  ( 0.000000000000000000, 0.000000000000000000, -1.000000000000000000 ) ) ;
#8096 = CARTESIAN_POINT ( 'NONE',  ( 10.45095673672549097, 40.24542699108956612, 8.000000000000000000 ) ) ;
#8097 = ORIENTED_EDGE ( 'NONE', *, *, #8817, .F. ) ;
#8098 = ORIENTED_EDGE ( 'NONE', *, *, #370, .T. ) ;
#8099 = CARTESIAN_POINT ( 'NONE',  ( -13.49008862636929429, 0.8264254110595334879, -2.373977008300692582 ) ) ;
#8100 = ADVANCED_FACE ( 'NONE', ( #6123, #6018 ), #3748, .T. ) ;
#8101 = DIRECTION ( 'NONE',  ( -0.000000000000000000, -0.000000000000000000, -1.000000000000000000 ) ) ;
#8102 = CARTESIAN_POINT ( 'NONE',  ( 41.28762914441186638, 42.05516101136062446, 2.470716451306261163 ) ) ;
#8103 = LINE ( 'NONE', #979, #1147 ) ;
#8104 = CIRCLE ( 'NONE', #9410, 15.00000000000000000 ) ;
#8105 = DIRECTION ( 'NONE',  ( -1.000000000000000000, 0.000000000000000000, 0.000000000000000000 ) ) ;
#8106 = ORIENTED_EDGE ( 'NONE', *, *, #8709, .T. ) ;
#8107 = CARTESIAN_POINT ( 'NONE',  ( 15.97516997281075568, 3.313427913347966935, 0.5515030406689154230 ) ) ;
#8108 = AXIS2_PLACEMENT_3D ( 'NONE', #2935, #4524, #9104 ) ;
#8109 = CARTESIAN_POINT ( 'NONE',  ( 6.135438428247191212, 27.57807569686059423, 8.500000000000000000 ) ) ;
#8110 = DIRECTION ( 'NONE',  ( 1.000000000000000000, -0.000000000000000000, 0.000000000000000000 ) ) ;
#8111 = DIRECTION ( 'NONE',  ( 0.5368754921931568891, 6.574828530550093915E-17, -0.8436614877321090278 ) ) ;
#8112 = ORIENTED_EDGE ( 'NONE', *, *, #8001, .F. ) ;
#8113 = LINE ( 'NONE', #283, #9639 ) ;
#8114 = EDGE_CURVE ( 'NONE', #8917, #2871, #9719, .T. ) ;
#8115 = CARTESIAN_POINT ( 'NONE',  ( 12.58284492938305021, 7.771555702519026276, 0.06156033413643136054 ) ) ;
#8116 = VERTEX_POINT ( 'NONE', #5237 ) ;
#8117 = DIRECTION ( 'NONE',  ( -1.000000000000000000, 0.000000000000000000, 0.000000000000000000 ) ) ;
#8118 = EDGE_CURVE ( 'NONE', #8705, #6231, #6062, .T. ) ;
#8119 = CARTESIAN_POINT ( 'NONE',  ( 36.25793661718230965, 3.214462972446881395, 1.786837798040545211 ) ) ;
#8120 = EDGE_CURVE ( 'NONE', #7050, #9602, #3552, .T. ) ;
#8121 = CARTESIAN_POINT ( 'NONE',  ( 38.10536902215271482, 5.088134787174706908, 6.505213034913026604E-16 ) ) ;
#8122 = CARTESIAN_POINT ( 'NONE',  ( 47.11900981335622163, 20.74661834744302524, 6.500000000000000888 ) ) ;
#8123 = CARTESIAN_POINT ( 'NONE',  ( 39.43633848344329351, 47.38670029148249796, 0.06089843766354658544 ) ) ;
#8124 = ORIENTED_EDGE ( 'NONE', *, *, #4371, .F. ) ;
#8125 = CARTESIAN_POINT ( 'NONE',  ( 48.37601830735514596, 33.33161435828314012, 6.371484071925539894 ) ) ;
#8126 = CARTESIAN_POINT ( 'NONE',  ( 37.00991137390271035, 50.84168842127429144, 1.399999999999999911 ) ) ;
#8127 = CARTESIAN_POINT ( 'NONE',  ( 38.32131113223427832, 51.06965031108115483, 0.5000000000000004441 ) ) ;
#8128 = DIRECTION ( 'NONE',  ( -0.000000000000000000, 0.000000000000000000, 1.000000000000000000 ) ) ;
#8129 = CARTESIAN_POINT ( 'NONE',  ( 42.25334600204594437, 15.06784197107059597, 2.499999999999979572 ) ) ;
#8130 = AXIS2_PLACEMENT_3D ( 'NONE', #5523, #7123, #3210 ) ;
#8131 = DIRECTION ( 'NONE',  ( 0.000000000000000000, 0.000000000000000000, -1.000000000000000000 ) ) ;
#8132 = ORIENTED_EDGE ( 'NONE', *, *, #9006, .T. ) ;
#8133 = CARTESIAN_POINT ( 'NONE',  ( 43.50991137363070749, 28.32863104680710009, 4.640000000000004121 ) ) ;
#8134 = EDGE_LOOP ( 'NONE', ( #4941, #2693, #523, #429, #9133, #5339 ) ) ;
#8135 = CARTESIAN_POINT ( 'NONE',  ( 39.54431741278008161, 10.00527007327435136, 0.8213489980165821214 ) ) ;
#8136 = EDGE_CURVE ( 'NONE', #5030, #2640, #5880, .T. ) ;
#8137 = CARTESIAN_POINT ( 'NONE',  ( 35.77669975197509444, 40.50285208865746256, 2.000000000000000000 ) ) ;
#8138 = EDGE_LOOP ( 'NONE', ( #5135, #5719 ) ) ;
#8139 = CARTESIAN_POINT ( 'NONE',  ( 42.33323268911221504, 15.17663476860145799, 2.500000000000000444 ) ) ;
#8140 = CARTESIAN_POINT ( 'NONE',  ( 11.35661954846544219, 42.08447431474562705, 1.888822129096487279 ) ) ;
#8141 = CARTESIAN_POINT ( 'NONE',  ( 37.55227937283393658, 51.54437244572565646, 0.1104680250861361374 ) ) ;
#8142 = CARTESIAN_POINT ( 'NONE',  ( 9.661938822621111811, 15.20900970726603063, 7.500000000000000000 ) ) ;
#8143 = CARTESIAN_POINT ( 'NONE',  ( 41.00991137390271035, 27.57807569686058713, 4.639999999999999680 ) ) ;
#8144 = CARTESIAN_POINT ( 'NONE',  ( 13.95139362389616622, 7.439957272156553003, 5.419391118080784331 ) ) ;
#8145 = CARTESIAN_POINT ( 'NONE',  ( 9.814228223005402540, 40.15756022662064595, 7.500000000000000000 ) ) ;
#8146 = ORIENTED_EDGE ( 'NONE', *, *, #4246, .T. ) ;
#8147 = CARTESIAN_POINT ( 'NONE',  ( 36.16496854333718147, 3.219771492197988749, 1.684978824229940386 ) ) ;
#8148 = EDGE_CURVE ( 'NONE', #7090, #675, #4981, .T. ) ;
#8149 = LINE ( 'NONE', #5899, #5709 ) ;
#8150 = FACE_BOUND ( 'NONE', #2742, .T. ) ;
#8151 =( BOUNDED_SURFACE ( )  B_SPLINE_SURFACE ( 3, 2, ( 
 ( #5818, #4214, #7348 ),
 ( #6634, #1195, #3447 ),
 ( #3500, #6584, #2672 ),
 ( #1146, #8944, #2723 ),
 ( #8991, #5431, #5380 ),
 ( #9191, #685, #1442 ) ),
 .UNSPECIFIED., .F., .F., .F. ) 
 B_SPLINE_SURFACE_WITH_KNOTS ( ( 4, 2, 4 ),
 ( 3, 3 ),
 ( 0.000000000000000000, 0.4026855981956711794, 0.8053711963913423588 ),
 ( 0.000000000000000000, 1.000000000000000000 ),
 .UNSPECIFIED. ) 
 GEOMETRIC_REPRESENTATION_ITEM ( )  RATIONAL_B_SPLINE_SURFACE ( (
 ( 1.000000000000000000, 0.9875333661528871154, 1.000000000000000000),
 ( 1.000000000000000000, 0.9875422333890510052, 1.000000000000000000),
 ( 1.000000000000000000, 0.9810070138322214417, 1.000000000000000000),
 ( 1.000000000000000000, 0.9551851356226471745, 1.000000000000000000),
 ( 1.000000000000000000, 0.9358985175879054319, 1.000000000000000000),
 ( 1.000000000000000000, 0.9106341927656023127, 1.000000000000000000) ) ) 
 REPRESENTATION_ITEM ( '' )  SURFACE ( )  );
#8152 = CARTESIAN_POINT ( 'NONE',  ( 12.81711143832180966, 48.16427289577745086, 3.878211595817321111 ) ) ;
#8153 = CARTESIAN_POINT ( 'NONE',  ( 13.37694361073880422, 50.01622428173038770, 2.640879067987531137 ) ) ;
#8154 = AXIS2_PLACEMENT_3D ( 'NONE', #2845, #6035, #9878 ) ;
#8155 = EDGE_CURVE ( 'NONE', #7628, #5969, #565, .T. ) ;
#8156 = ORIENTED_EDGE ( 'NONE', *, *, #6341, .T. ) ;
#8157 = ORIENTED_EDGE ( 'NONE', *, *, #9091, .T. ) ;
#8158 = CARTESIAN_POINT ( 'NONE',  ( 36.00991137390269614, 3.452074046984450639, 0.3528809025131156019 ) ) ;
#8159 = VECTOR ( 'NONE', #8289, 1000.000000000000000 ) ;
#8160 = CARTESIAN_POINT ( 'NONE',  ( 38.40194013814637941, 50.80632663178544561, 2.112290107043704790 ) ) ;
#8161 = DIRECTION ( 'NONE',  ( 1.000000000000000000, -0.000000000000000000, 0.000000000000000000 ) ) ;
#8162 = DIRECTION ( 'NONE',  ( 0.000000000000000000, 0.000000000000000000, 1.000000000000000000 ) ) ;
#8163 = AXIS2_PLACEMENT_3D ( 'NONE', #3058, #7736, #5331 ) ;
#8164 = AXIS2_PLACEMENT_3D ( 'NONE', #7297, #9653, #1243 ) ;
#8165 = FACE_OUTER_BOUND ( 'NONE', #3226, .T. ) ;
#8166 = CIRCLE ( 'NONE', #3738, 2.000000000000001776 ) ;
#8167 = FACE_OUTER_BOUND ( 'NONE', #9507, .T. ) ;
#8168 = VERTEX_POINT ( 'NONE', #9859 ) ;
#8169 = DIRECTION ( 'NONE',  ( 1.000000000000000000, 0.000000000000000000, 0.000000000000000000 ) ) ;
#8170 = CARTESIAN_POINT ( 'NONE',  ( 37.76018664856734119, 3.679786416333445498, 2.817349427767497527 ) ) ;
#8171 = DIRECTION ( 'NONE',  ( -0.9229828118760805555, 0.3848411737084844741, 0.000000000000000000 ) ) ;
#8172 = CARTESIAN_POINT ( 'NONE',  ( 47.30653473088975858, 34.25176982726265607, 6.499999999999960920 ) ) ;
#8173 = CARTESIAN_POINT ( 'NONE',  ( 40.31207575455728431, 10.55813839064696857, 6.298970298345498264 ) ) ;
#8174 = VERTEX_POINT ( 'NONE', #2826 ) ;
#8175 = CARTESIAN_POINT ( 'NONE',  ( 10.89512820161709428, 42.44127854397886779, 2.361027661370611153 ) ) ;
#8176 = EDGE_CURVE ( 'NONE', #1484, #599, #542, .T. ) ;
#8177 = CARTESIAN_POINT ( 'NONE',  ( 42.10182904473132481, 14.83811753554203250, 2.000000000000000000 ) ) ;
#8178 = CARTESIAN_POINT ( 'NONE',  ( 14.02111115185925527, 3.757809072108285964, 2.442955784683400022 ) ) ;
#8179 = B_SPLINE_CURVE_WITH_KNOTS ( 'NONE', 3,
 ( #2703, #5686, #3423, #1782, #5068, #4293 ),
 .UNSPECIFIED., .F., .F.,
 ( 4, 2, 4 ),
 ( 0.001147101414978714349, 0.001926401384611404035, 0.002705701354244093720 ),
 .UNSPECIFIED. ) ;
#8180 = CARTESIAN_POINT ( 'NONE',  ( 42.35830239158529054, 15.20956599925976072, 2.000000000000000444 ) ) ;
#8181 = DIRECTION ( 'NONE',  ( 0.9504442985305104896, -0.3108948944431960681, 0.000000000000000000 ) ) ;
#8182 = ORIENTED_EDGE ( 'NONE', *, *, #9967, .T. ) ;
#8183 = CARTESIAN_POINT ( 'NONE',  ( 48.20578756749019078, 33.49523558063106776, 2.762665033669768455 ) ) ;
#8184 = AXIS2_PLACEMENT_3D ( 'NONE', #5429, #7789, #14 ) ;
#8185 = ORIENTED_EDGE ( 'NONE', *, *, #689, .T. ) ;
#8186 = CARTESIAN_POINT ( 'NONE',  ( 40.81501969485861991, 11.97216120497323288, 2.098921781043455059 ) ) ;
#8187 = CIRCLE ( 'NONE', #9014, 0.5000000000000006661 ) ;
#8188 = ADVANCED_FACE ( 'NONE', ( #7547 ), #3649, .F. ) ;
#8189 = CARTESIAN_POINT ( 'NONE',  ( 14.63462462838789691, 3.951928274315034795, -6.505213034913026604E-16 ) ) ;
#8190 = CARTESIAN_POINT ( 'NONE',  ( 46.50991137363070749, 27.09069615251121377, 6.139999999999994351 ) ) ;
#8191 = CARTESIAN_POINT ( 'NONE',  ( 10.54583580041910018, 41.62906368152758319, 2.500000000000008438 ) ) ;
#8192 = EDGE_CURVE ( 'NONE', #3056, #2156, #2509, .T. ) ;
#8193 = CARTESIAN_POINT ( 'NONE',  ( 37.54064556664006602, 51.54817791960562090, 0.5000000000078959062 ) ) ;
#8194 = CARTESIAN_POINT ( 'NONE',  ( 39.48400243611107641, 44.04982564084239982, 7.847685049082809172 ) ) ;
#8195 = EDGE_CURVE ( 'NONE', #5814, #213, #3897, .T. ) ;
#8196 = B_SPLINE_CURVE_WITH_KNOTS ( 'NONE', 3,
 ( #2182, #5891, #509, #5165, #462, #3619, #8293, #9932, #8390, #6756, #9979, #9218 ),
 .UNSPECIFIED., .F., .F.,
 ( 4, 2, 2, 2, 2, 4 ),
 ( 0.008901577688149878154, 0.009465910738473592295, 0.01003024378879730644, 0.01059457683912102058, 0.01087674336428287244, 0.01115890988944472431 ),
 .UNSPECIFIED. ) ;
#8197 = DIRECTION ( 'NONE',  ( 0.000000000000000000, 0.000000000000000000, -1.000000000000000000 ) ) ;
#8198 = CYLINDRICAL_SURFACE ( 'NONE', #337, 0.5000000000000001110 ) ;
#8199 = CARTESIAN_POINT ( 'NONE',  ( 45.39759204887825206, 34.15046043084063854, 7.666666666666666075 ) ) ;
#8200 = ORIENTED_EDGE ( 'NONE', *, *, #9061, .F. ) ;
#8201 = AXIS2_PLACEMENT_3D ( 'NONE', #822, #6359, #7885 ) ;
#8202 = CARTESIAN_POINT ( 'NONE',  ( 45.19127911675292353, 20.03210537370585698, 7.137722319240770830 ) ) ;
#8203 = TOROIDAL_SURFACE ( 'NONE', #9994, 19.99999999981464782, 0.5000000000000000000 ) ;
#8204 = DIRECTION ( 'NONE',  ( -0.000000000000000000, -0.000000000000000000, -1.000000000000000000 ) ) ;
#8205 = CARTESIAN_POINT ( 'NONE',  ( 13.94529445645831700, 51.37354229683318607, 2.358487275410186879 ) ) ;
#8206 = CARTESIAN_POINT ( 'NONE',  ( 13.69851161557113528, 51.06965031108115483, 1.936144812918941138 ) ) ;
#8207 = CARTESIAN_POINT ( 'NONE',  ( 13.78560227708508279, 51.35377908068755204, 1.745559228460995094 ) ) ;
#8208 = EDGE_CURVE ( 'NONE', #2853, #1186, #3021, .T. ) ;
#8209 = DIRECTION ( 'NONE',  ( 0.6437715727057145010, -0.7652177220739277974, 0.000000000000000000 ) ) ;
#8210 = VERTEX_POINT ( 'NONE', #7750 ) ;
#8211 = ORIENTED_EDGE ( 'NONE', *, *, #1487, .F. ) ;
#8212 = CARTESIAN_POINT ( 'NONE',  ( 9.661938822621111811, 15.20900970726603063, 8.000000000000000000 ) ) ;
#8213 = CARTESIAN_POINT ( 'NONE',  ( 39.12088359842826435, 48.43508792329441803, 4.937177368308973691 ) ) ;
#8214 =( BOUNDED_SURFACE ( )  B_SPLINE_SURFACE ( 3, 2, ( 
 ( #6191, #910, #4690 ),
 ( #9418, #2384, #8646 ),
 ( #3202, #8544, #1618 ),
 ( #4744, #1520, #860 ) ),
 .UNSPECIFIED., .F., .F., .T. ) 
 B_SPLINE_SURFACE_WITH_KNOTS ( ( 4, 4 ),
 ( 3, 3 ),
 ( -1.149254302834634700E-17, 0.001565375135984686111 ),
 ( 0.000000000000000000, 1.000000000000000000 ),
 .UNSPECIFIED. ) 
 GEOMETRIC_REPRESENTATION_ITEM ( )  RATIONAL_B_SPLINE_SURFACE ( (
 ( 1.000000000000000000, 0.6725361843631684211, 1.000000000000000000),
 ( 1.000000000000000000, 0.6842564872771574880, 1.000000000000000000),
 ( 1.000000000000000000, 0.6956415293130818744, 1.000000000000000000),
 ( 1.000000000000000000, 0.7071067811865457964, 1.000000000000000000) ) ) 
 REPRESENTATION_ITEM ( '' )  SURFACE ( )  );
#8215 = CARTESIAN_POINT ( 'NONE',  ( 48.54318645688867662, 32.92316165031074604, 6.000000000000000000 ) ) ;
#8216 = CARTESIAN_POINT ( 'NONE',  ( 46.12556905522272643, 34.66038660517363468, 6.999999999999992006 ) ) ;
#8217 = CARTESIAN_POINT ( 'NONE',  ( 37.66942430801615416, 3.659916280034568814, 2.671798480062108183 ) ) ;
#8218 = EDGE_CURVE ( 'NONE', #6956, #6158, #8623, .T. ) ;
#8219 = DIRECTION ( 'NONE',  ( 1.000000000000000000, -0.000000000000000000, -0.000000000000000000 ) ) ;
#8220 = CARTESIAN_POINT ( 'NONE',  ( 12.47238260400043508, 8.134839032828386607, 0.7501502095328023145 ) ) ;
#8221 = ORIENTED_EDGE ( 'NONE', *, *, #9626, .T. ) ;
#8222 = CARTESIAN_POINT ( 'NONE',  ( 43.50991137363070749, 27.20279802188732532, 5.290000000000002700 ) ) ;
#8223 = CARTESIAN_POINT ( 'NONE',  ( 26.00991137390269969, 27.57807569686058358, 2.000000000000000000 ) ) ;
#8224 = CARTESIAN_POINT ( 'NONE',  ( 26.00991137390270680, 27.57807569686059068, 11.30000000000000071 ) ) ;
#8225 = ADVANCED_FACE ( 'NONE', ( #6217 ), #4878, .T. ) ;
#8226 = CARTESIAN_POINT ( 'NONE',  ( 48.81051866588328636, 23.59103736510302696, 3.110416039154165535 ) ) ;
#8227 = CARTESIAN_POINT ( 'NONE',  ( 40.40156030512348906, 10.81804408766418923, 6.478853695755356412 ) ) ;
#8228 = VERTEX_POINT ( 'NONE', #4767 ) ;
#8229 = AXIS2_PLACEMENT_3D ( 'NONE', #5332, #8462, #4559 ) ;
#8230 = DIRECTION ( 'NONE',  ( -1.000000000000000000, 0.000000000000000000, 0.000000000000000000 ) ) ;
#8231 = CARTESIAN_POINT ( 'NONE',  ( 41.46802919644250096, 13.51438509038398195, 2.005633421830336438 ) ) ;
#8232 = CARTESIAN_POINT ( 'NONE',  ( 40.91894975953035640, 13.51408893301845104, 7.999999999999998224 ) ) ;
#8233 = DIRECTION ( 'NONE',  ( -0.000000000000000000, 0.000000000000000000, 1.000000000000000000 ) ) ;
#8234 = ORIENTED_EDGE ( 'NONE', *, *, #2687, .T. ) ;
#8235 = CARTESIAN_POINT ( 'NONE',  ( 48.52209030814364610, 33.03033008593550335, 3.166458763730070292 ) ) ;
#8236 = VERTEX_POINT ( 'NONE', #7898 ) ;
#8237 = CARTESIAN_POINT ( 'NONE',  ( 37.41139575840946208, 3.717565692103879105, 2.844642308047124146 ) ) ;
#8238 = CARTESIAN_POINT ( 'NONE',  ( 11.41136636304482899, 12.42558748085947151, 7.999999999999998224 ) ) ;
#8239 = TOROIDAL_SURFACE ( 'NONE', #8072, 21.41421356218774008, 1.000000000000000000 ) ;
#8240 = AXIS2_PLACEMENT_3D ( 'NONE', #7063, #807, #2281 ) ;
#8241 = ORIENTED_EDGE ( 'NONE', *, *, #766, .T. ) ;
#8242 = CARTESIAN_POINT ( 'NONE',  ( 48.20578756748940918, 33.49523558063172146, 8.000000000000000000 ) ) ;
#8243 = CARTESIAN_POINT ( 'NONE',  ( 36.41338406435696129, 51.91691057053954239, 1.000000000000000222 ) ) ;
#8244 = PRODUCT_DEFINITION_CONTEXT ( 'detailed design', #995, 'design' ) ;
#8245 = CARTESIAN_POINT ( 'NONE',  ( 37.84326414872459310, 4.233031221373535935, 0.5000000000000004441 ) ) ;
#8246 = CYLINDRICAL_SURFACE ( 'NONE', #3265, 0.2500000000000002220 ) ;
#8247 = VECTOR ( 'NONE', #1664, 1000.000000000000000 ) ;
#8248 = CARTESIAN_POINT ( 'NONE',  ( 10.85446680767501704, 18.82807569686058358, 6.500000000000000000 ) ) ;
#8249 = ORIENTED_EDGE ( 'NONE', *, *, #6942, .F. ) ;
#8250 = ORIENTED_EDGE ( 'NONE', *, *, #6208, .F. ) ;
#8251 = DIRECTION ( 'NONE',  ( -0.000000000000000000, -0.000000000000000000, -1.000000000000000000 ) ) ;
#8252 = EDGE_CURVE ( 'NONE', #4654, #7950, #1356, .T. ) ;
#8253 = B_SPLINE_CURVE_WITH_KNOTS ( 'NONE', 3,
 ( #9772, #3512, #9103, #8954, #9821, #6795 ),
 .UNSPECIFIED., .F., .F.,
 ( 4, 2, 4 ),
 ( 0.000000000000000000, 0.0002110603126341418026, 0.0004221206252682771541 ),
 .UNSPECIFIED. ) ;
#8254 = ADVANCED_FACE ( 'NONE', ( #3228 ), #7086, .T. ) ;
#8255 = DIRECTION ( 'NONE',  ( -0.3108948944432038952, -0.9504442985305079361, 0.000000000000000000 ) ) ;
#8256 = CIRCLE ( 'NONE', #9078, 20.49999999981464782 ) ;
#8257 = CARTESIAN_POINT ( 'NONE',  ( 48.12326541678685743, 33.56466080852220557, 6.264913624944757231 ) ) ;
#8258 = CARTESIAN_POINT ( 'NONE',  ( 13.64810004682749067, 50.90507468644485556, 3.280379693777651706 ) ) ;
#8259 = CARTESIAN_POINT ( 'NONE',  ( 45.62081660361353386, 20.93001828803160436, 7.000000000000004441 ) ) ;
#8260 = VERTEX_POINT ( 'NONE', #7700 ) ;
#8261 = EDGE_LOOP ( 'NONE', ( #7281, #9360, #7103, #3913 ) ) ;
#8262 = CARTESIAN_POINT ( 'NONE',  ( 48.38434398033656691, 22.05495754474042513, 6.406618749621526554 ) ) ;
#8263 = EDGE_CURVE ( 'NONE', #10103, #10090, #1550, .T. ) ;
#8264 = CARTESIAN_POINT ( 'NONE',  ( 16.00991137395806163, 45.47360586475321753, 6.923656268101487044 ) ) ;
#8265 = CARTESIAN_POINT ( 'NONE',  ( 16.00991137390270325, 3.452074046984450639, 2.463835190145036158 ) ) ;
#8266 = DIRECTION ( 'NONE',  ( -1.000000000000000000, 0.000000000000000000, 0.000000000000000000 ) ) ;
#8267 = CARTESIAN_POINT ( 'NONE',  ( 47.09322331692970920, 23.82807569686055871, 7.000000000000000000 ) ) ;
#8268 = DIRECTION ( 'NONE',  ( -1.000000000000000000, 0.000000000000000000, 0.000000000000000000 ) ) ;
#8269 = EDGE_LOOP ( 'NONE', ( #7911, #4046, #9072, #7345 ) ) ;
#8270 = CARTESIAN_POINT ( 'NONE',  ( 46.84859786559489692, 21.39071430851789657, 7.000000000000000000 ) ) ;
#8271 = CARTESIAN_POINT ( 'NONE',  ( 41.99816947267068201, 26.95255835126938138, 4.423427823579586082 ) ) ;
#8272 = CARTESIAN_POINT ( 'NONE',  ( 13.68841887049415895, 4.119431604088830134, 3.192075859895366463 ) ) ;
#8273 = B_SPLINE_CURVE_WITH_KNOTS ( 'NONE', 3,
 ( #3667, #4253, #3714, #1134, #1841, #7335 ),
 .UNSPECIFIED., .F., .F.,
 ( 4, 2, 4 ),
 ( 0.0001657919237063164449, 0.0005876068828181858078, 0.001009421841930055333 ),
 .UNSPECIFIED. ) ;
#8274 = CARTESIAN_POINT ( 'NONE',  ( 47.11900981335795535, 20.74661834744448186, 6.999999999997169375 ) ) ;
#8275 = CARTESIAN_POINT ( 'NONE',  ( 40.80234613705849966, 11.91330509892738121, 7.239088985111136410 ) ) ;
#8276 = VERTEX_POINT ( 'NONE', #7039 ) ;
#8277 = DIRECTION ( 'NONE',  ( 1.000000000000000000, 0.000000000000000000, 0.000000000000000000 ) ) ;
#8278 = CARTESIAN_POINT ( 'NONE',  ( 42.09422904833790824, 14.82733739780380766, 2.111765938538725074 ) ) ;
#8279 = CARTESIAN_POINT ( 'NONE',  ( 41.64028342810867400, 15.03893563388880672, 8.000000000000000000 ) ) ;
#8280 = EDGE_CURVE ( 'NONE', #9656, #1715, #6374, .T. ) ;
#8281 = CARTESIAN_POINT ( 'NONE',  ( 26.00991137390269969, 27.57807569686057292, 2.500000000000000444 ) ) ;
#8282 = ORIENTED_EDGE ( 'NONE', *, *, #4723, .F. ) ;
#8283 = FACE_OUTER_BOUND ( 'NONE', #1444, .T. ) ;
#8284 = B_SPLINE_CURVE_WITH_KNOTS ( 'NONE', 3,
 ( #969, #8139, #5786, #5682 ),
 .UNSPECIFIED., .F., .F.,
 ( 4, 4 ),
 ( 0.01092253347461323923, 0.01098221898498723953 ),
 .UNSPECIFIED. ) ;
#8285 = VERTEX_POINT ( 'NONE', #5389 ) ;
#8286 = CARTESIAN_POINT ( 'NONE',  ( 41.81640247371161223, 39.84098677664815824, 2.000000000000000444 ) ) ;
#8287 = CYLINDRICAL_SURFACE ( 'NONE', #8728, 0.6499999999999978018 ) ;
#8288 = B_SPLINE_CURVE_WITH_KNOTS ( 'NONE', 3,
 ( #1740, #4760, #9487, #7890 ),
 .UNSPECIFIED., .F., .F.,
 ( 4, 4 ),
 ( 3.824514519014392449E-17, 0.0003368658577720250614 ),
 .UNSPECIFIED. ) ;
#8289 = DIRECTION ( 'NONE',  ( 0.000000000000000000, -1.000000000000000000, 0.000000000000000000 ) ) ;
#8290 = CARTESIAN_POINT ( 'NONE',  ( 10.64947143011230324, 41.86354999145292766, 1.976956195676175421 ) ) ;
#8291 = CARTESIAN_POINT ( 'NONE',  ( 48.29100437939622026, 21.73260803798135399, 2.648171999298451151 ) ) ;
#8292 = VECTOR ( 'NONE', #7967, 1000.000000000000000 ) ;
#8293 = CARTESIAN_POINT ( 'NONE',  ( 41.54646427400869868, 40.28319859252789570, 2.000000000000000888 ) ) ;
#8294 = DIRECTION ( 'NONE',  ( 0.000000000000000000, 0.3090169943749393466, 0.9510565162951561957 ) ) ;
#8295 = CARTESIAN_POINT ( 'NONE',  ( 12.03026639224756522, 11.67889952244278895, 8.000000000000001776 ) ) ;
#8296 = ORIENTED_EDGE ( 'NONE', *, *, #1914, .F. ) ;
#8297 = ORIENTED_EDGE ( 'NONE', *, *, #8550, .F. ) ;
#8298 = DIRECTION ( 'NONE',  ( -1.000000000000000000, 0.000000000000000000, 0.000000000000000000 ) ) ;
#8299 = CARTESIAN_POINT ( 'NONE',  ( 11.87835864953729192, 43.63665845351358996, 7.972752077143778315 ) ) ;
#8300 = EDGE_CURVE ( 'NONE', #9888, #5450, #836, .T. ) ;
#8301 = VERTEX_POINT ( 'NONE', #4002 ) ;
#8302 = CARTESIAN_POINT ( 'NONE',  ( 11.62870571918257134, 44.36826484210932620, 6.457990303824653111 ) ) ;
#8303 = CARTESIAN_POINT ( 'NONE',  ( 41.99018403575872327, 40.51776375657819074, 7.500000000000001776 ) ) ;
#8304 = EDGE_CURVE ( 'NONE', #2211, #9696, #3799, .T. ) ;
#8305 = ADVANCED_FACE ( 'NONE', ( #9496 ), #1496, .F. ) ;
#8306 = CARTESIAN_POINT ( 'NONE',  ( 42.08698743759973837, 40.29749738648947499, 2.340302636838772710 ) ) ;
#8307 = ORIENTED_EDGE ( 'NONE', *, *, #2160, .F. ) ;
#8308 = B_SPLINE_CURVE_WITH_KNOTS ( 'NONE', 3,
 ( #8313, #1289, #4403, #9038 ),
 .UNSPECIFIED., .F., .F.,
 ( 4, 4 ),
 ( 0.000000000000000000, 0.0007865315790169085655 ),
 .UNSPECIFIED. ) ;
#8309 = ORIENTED_EDGE ( 'NONE', *, *, #982, .F. ) ;
#8310 = CARTESIAN_POINT ( 'NONE',  ( 10.54583453832987772, 13.52708797353889381, 2.500000000000000444 ) ) ;
#8311 = CARTESIAN_POINT ( 'NONE',  ( 11.35661797091547243, 13.07167707897554365, 1.888822129096485281 ) ) ;
#8312 = CARTESIAN_POINT ( 'NONE',  ( 46.29049026781959952, 34.45315113023620057, 7.000000000000001776 ) ) ;
#8313 = CARTESIAN_POINT ( 'NONE',  ( 46.29049026781940057, 20.70300026348490618, 7.000000000000000000 ) ) ;
#8314 = CARTESIAN_POINT ( 'NONE',  ( 10.28568450121359490, 41.04917122935484741, 2.499999999999999112 ) ) ;
#8315 = CARTESIAN_POINT ( 'NONE',  ( 11.45002535091143514, 11.70164457511204148, 7.710192114601959190 ) ) ;
#8316 = EDGE_CURVE ( 'NONE', #2871, #8917, #5784, .T. ) ;
#8317 = ORIENTED_EDGE ( 'NONE', *, *, #8558, .F. ) ;
#8318 = CARTESIAN_POINT ( 'NONE',  ( 26.00991137390269969, 27.57807569686057292, 8.000000000000000000 ) ) ;
#8319 = CARTESIAN_POINT ( 'NONE',  ( 37.46504087648895620, 51.47526149559197961, 2.795896515147063610 ) ) ;
#8320 = CARTESIAN_POINT ( 'NONE',  ( 13.61788181436898348, 4.349827361194984476, 3.346618855951276839 ) ) ;
#8321 = PRESENTATION_LAYER_ASSIGNMENT (  '', '', ( #8818 ) ) ;
#8322 = DIRECTION ( 'NONE',  ( -0.7066340895174693104, -0.5944856294012903497, -0.3837383222551128958 ) ) ;
#8323 = ORIENTED_EDGE ( 'NONE', *, *, #574, .T. ) ;
#8324 = CARTESIAN_POINT ( 'NONE',  ( 12.71415978051808260, 45.93110169953674671, 0.5497398184616902883 ) ) ;
#8325 = CARTESIAN_POINT ( 'NONE',  ( 39.97084734612468537, 45.64467621697627919, 5.579128391200802284 ) ) ;
#8326 = CARTESIAN_POINT ( 'NONE',  ( 40.95110482361445037, 42.86776813619272275, 7.999999999999994671 ) ) ;
#8327 = EDGE_CURVE ( 'NONE', #141, #3677, #1871, .T. ) ;
#8328 = CARTESIAN_POINT ( 'NONE',  ( 41.01149872140567965, 41.43523947101962790, 2.006735798855646902 ) ) ;
#8329 = VERTEX_POINT ( 'NONE', #5758 ) ;
#8330 = FACE_BOUND ( 'NONE', #5074, .T. ) ;
#8331 = VERTEX_POINT ( 'NONE', #2567 ) ;
#8332 = DIRECTION ( 'NONE',  ( -1.000000000000000000, 0.000000000000000000, 0.000000000000000000 ) ) ;
#8333 = CARTESIAN_POINT ( 'NONE',  ( 13.11093241237576379, 6.017915888748436970, 0.5000000000000008882 ) ) ;
#8334 = EDGE_CURVE ( 'NONE', #4001, #1580, #9223, .T. ) ;
#8335 = CARTESIAN_POINT ( 'NONE',  ( 13.69851161557113706, 4.086501082639999893, 1.936151262327276745 ) ) ;
#8336 = CARTESIAN_POINT ( 'NONE',  ( 45.70116727930111011, 34.94894386504355310, 2.500000000000000444 ) ) ;
#8337 = CARTESIAN_POINT ( 'NONE',  ( 11.15580576189983830, 41.70625839869146745, 1.980399304812743067 ) ) ;
#8338 = CARTESIAN_POINT ( 'NONE',  ( 39.91651279366467264, 43.95066687808425598, 7.805805326753688433 ) ) ;
#8339 = AXIS2_PLACEMENT_3D ( 'NONE', #5195, #9051, #5773 ) ;
#8340 = DIRECTION ( 'NONE',  ( -1.000000000000000000, 0.000000000000000000, 0.000000000000000000 ) ) ;
#8341 = VECTOR ( 'NONE', #7032, 1000.000000000000000 ) ;
#8342 = CARTESIAN_POINT ( 'NONE',  ( 41.44023628762040801, 14.66072493405688526, 8.000000000000000000 ) ) ;
#8343 = CARTESIAN_POINT ( 'NONE',  ( 16.00991137390270325, 4.214462972446882283, 0.9999999999999997780 ) ) ;
#8344 = EDGE_LOOP ( 'NONE', ( #1157, #1547, #2682, #739 ) ) ;
#8345 = ORIENTED_EDGE ( 'NONE', *, *, #5280, .T. ) ;
#8346 = CARTESIAN_POINT ( 'NONE',  ( 47.37188053831779655, 33.71298200008964585, 2.019674742224652153 ) ) ;
#8347 = CARTESIAN_POINT ( 'NONE',  ( 12.88548293937521372, 10.78171295196083257, 7.660946871235734257 ) ) ;
#8348 = ADVANCED_FACE ( 'NONE', ( #5652 ), #8883, .T. ) ;
#8349 = ORIENTED_EDGE ( 'NONE', *, *, #6580, .F. ) ;
#8350 = CARTESIAN_POINT ( 'NONE',  ( 38.36161276773283646, 4.218052064987144689, 2.024142404898451986 ) ) ;
#8351 = ORIENTED_EDGE ( 'NONE', *, *, #9288, .T. ) ;
#8352 = CARTESIAN_POINT ( 'NONE',  ( 13.70722068190746512, 51.09806318800694669, 3.150928432995137474 ) ) ;
#8353 = CIRCLE ( 'NONE', #6405, 0.4999999999999979461 ) ;
#8354 = DIRECTION ( 'NONE',  ( 0.7652177220739277974, 0.6437715727057145010, 0.000000000000000000 ) ) ;
#8355 = AXIS2_PLACEMENT_3D ( 'NONE', #3192, #1609, #1511 ) ;
#8356 = ORIENTED_EDGE ( 'NONE', *, *, #9189, .T. ) ;
#8357 = ORIENTED_EDGE ( 'NONE', *, *, #5498, .T. ) ;
#8358 =( BOUNDED_SURFACE ( )  B_SPLINE_SURFACE ( 3, 2, ( 
 ( #2267, #7151, #6998 ),
 ( #2423, #4730, #8740 ),
 ( #34, #3907, #4778 ),
 ( #10120, #6387, #5401 ),
 ( #4834, #7200, #7912 ),
 ( #7859, #3132, #8634 ) ),
 .UNSPECIFIED., .F., .F., .F. ) 
 B_SPLINE_SURFACE_WITH_KNOTS ( ( 4, 2, 4 ),
 ( 3, 3 ),
 ( 0.000000000000000000, 0.002579656126070304853, 0.005159312252140609706 ),
 ( 0.000000000000000000, 1.000000000000000000 ),
 .UNSPECIFIED. ) 
 GEOMETRIC_REPRESENTATION_ITEM ( )  RATIONAL_B_SPLINE_SURFACE ( (
 ( 1.000000000000000000, 0.6725361828441621670, 1.000000000000000000),
 ( 1.000000000000000000, 0.6722280459558104271, 1.000000000000000000),
 ( 1.000000000000000000, 0.6713058449048222576, 1.000000000000000000),
 ( 1.000000000000000000, 0.6669017030768568111, 1.000000000000000000),
 ( 1.000000000000000000, 0.6634025309145206162, 1.000000000000000000),
 ( 1.000000000000000000, 0.6608619089432421490, 1.000000000000000000) ) ) 
 REPRESENTATION_ITEM ( '' )  SURFACE ( )  );
#8359 = DIRECTION ( 'NONE',  ( -1.000000000000000000, 0.000000000000000000, 0.000000000000000000 ) ) ;
#8360 = CARTESIAN_POINT ( 'NONE',  ( 11.15580260889339037, 13.44989631004212782, 1.980399772363565791 ) ) ;
#8361 = DIRECTION ( 'NONE',  ( 0.000000000000000000, 0.000000000000000000, 1.000000000000000000 ) ) ;
#8362 = CYLINDRICAL_SURFACE ( 'NONE', #2500, 14.74999999999999467 ) ;
#8363 = CARTESIAN_POINT ( 'NONE',  ( 10.48160044833066706, 41.48372456663291530, 2.499999999999999556 ) ) ;
#8364 = CARTESIAN_POINT ( 'NONE',  ( 11.00242670811828916, 41.54322531994354506, 2.000000000000000000 ) ) ;
#8365 = VERTEX_POINT ( 'NONE', #3494 ) ;
#8366 = ADVANCED_FACE ( 'NONE', ( #5858 ), #3102, .T. ) ;
#8367 = CARTESIAN_POINT ( 'NONE',  ( 37.94194615321462294, 3.739240823181629203, 0.4999999999999997780 ) ) ;
#8368 = CARTESIAN_POINT ( 'NONE',  ( 36.50991137363070749, 27.20279802188732532, 5.290000000000002700 ) ) ;
#8369 = EDGE_CURVE ( 'NONE', #9526, #2211, #9709, .T. ) ;
#8370 = CARTESIAN_POINT ( 'NONE',  ( 12.10875661848968932, 9.357734399568425232, 5.472096466398648218 ) ) ;
#8371 = EDGE_CURVE ( 'NONE', #8420, #8285, #7598, .T. ) ;
#8372 = EDGE_LOOP ( 'NONE', ( #3872, #4528, #6106, #9907 ) ) ;
#8373 = B_SPLINE_CURVE_WITH_KNOTS ( 'NONE', 3,
 ( #9052, #5346, #5152, #6896, #5979, #2066, #5197, #4471, #696, #8325, #1305, #4420, #9398, #7145, #4724, #7803, #4624, #8734, #9503, #6328, #6272, #789, #1503, #10063, #7759, #3127, #7851, #9297, #6992, #1554, #5549, #2366, #5604, #29, #745, #9344, #8629, #9449 ),
 .UNSPECIFIED., .F., .F.,
 ( 4, 2, 2, 2, 2, 2, 2, 1, 2, 2, 1, 1, 2, 2, 2, 2, 1, 2, 2, 1, 1, 4 ),
 ( 0.000000000000000000, 0.2282728380608865515, 0.4565456761217731030, 0.5136138856369956152, 0.5706820951522182384, 0.6848185141826627076, 0.7418867236978848867, 0.7490202498872872150, 0.7499119406609620064, 0.7508036314346367979, 0.7525870129819767218, 0.7561537760766707805, 0.7704208284554758812, 0.7989549332130854165, 0.8560231427283044869, 0.8702901951071094766, 0.8738569582018115289, 0.8747486489754873196, 0.8756403397491632212, 0.8774237212965156907, 0.8845572474859242362, 0.9130913522435557539 ),
 .UNSPECIFIED. ) ;
#8374 = DIRECTION ( 'NONE',  ( 0.3663927175544606785, -0.8787370058161914077, -0.3059046438553231217 ) ) ;
#8375 = CARTESIAN_POINT ( 'NONE',  ( 11.06919218370090441, 12.28837812619186565, 7.500002139297134995 ) ) ;
#8376 = CARTESIAN_POINT ( 'NONE',  ( -13.49008862636929429, 5.214462972446883171, 1.518327244431527001 ) ) ;
#8377 = DIRECTION ( 'NONE',  ( -0.000000000000000000, -0.000000000000000000, -1.000000000000000000 ) ) ;
#8378 = ORIENTED_EDGE ( 'NONE', *, *, #4326, .F. ) ;
#8379 = CARTESIAN_POINT ( 'NONE',  ( 36.00991137390270325, 51.78359656686299672, 0.4465646973835115108 ) ) ;
#8380 = EDGE_LOOP ( 'NONE', ( #406, #516, #92, #5946 ) ) ;
#8381 = CARTESIAN_POINT ( 'NONE',  ( 41.90801063835356643, 40.67662032831176333, 2.500000000000000444 ) ) ;
#8382 = CIRCLE ( 'NONE', #101, 14.74999999999999645 ) ;
#8383 = DIRECTION ( 'NONE',  ( 0.1931437917529383319, -0.9811704621049787134, 0.000000000000000000 ) ) ;
#8384 = EDGE_CURVE ( 'NONE', #1649, #5659, #3843, .T. ) ;
#8385 = DIRECTION ( 'NONE',  ( 0.3210519692170879513, 0.9470615782840260399, 0.000000000000000000 ) ) ;
#8386 = DIRECTION ( 'NONE',  ( -0.000000000000000000, -0.000000000000000000, -1.000000000000000000 ) ) ;
#8387 = DIRECTION ( 'NONE',  ( 1.000000000000000000, 0.000000000000000000, -0.000000000000000000 ) ) ;
#8388 = DIRECTION ( 'NONE',  ( -1.000000000000000000, -0.000000000000000000, 0.000000000000000000 ) ) ;
#8389 = CARTESIAN_POINT ( 'NONE',  ( 36.25793661713550620, 3.214462972446881395, 1.000000000000007105 ) ) ;
#8390 = CARTESIAN_POINT ( 'NONE',  ( 41.73809065579897748, 39.95830440936412487, 2.000000000000000444 ) ) ;
#8391 = DIRECTION ( 'NONE',  ( -1.000000000000000000, 0.000000000000000000, 0.000000000000000000 ) ) ;
#8392 = DIRECTION ( 'NONE',  ( 1.000000000000000000, -0.000000000000000000, -0.000000000000000000 ) ) ;
#8393 = ORIENTED_EDGE ( 'NONE', *, *, #305, .T. ) ;
#8394 = ORIENTED_EDGE ( 'NONE', *, *, #2511, .T. ) ;
#8395 = DIRECTION ( 'NONE',  ( -0.000000000000000000, -0.000000000000000000, -1.000000000000000000 ) ) ;
#8396 = VECTOR ( 'NONE', #3948, 1000.000000000000000 ) ;
#8397 = CARTESIAN_POINT ( 'NONE',  ( 37.48241245306428482, 49.66357825358954869, 4.113140595002800382 ) ) ;
#8398 = CARTESIAN_POINT ( 'NONE',  ( 15.83763509780404100, 51.94168842127428576, 8.000000000000000000 ) ) ;
#8399 = ORIENTED_EDGE ( 'NONE', *, *, #3123, .T. ) ;
#8400 = CARTESIAN_POINT ( 'NONE',  ( 38.27776580111974170, 3.944436696670311715, 1.840852022440426339 ) ) ;
#8401 = DIRECTION ( 'NONE',  ( 0.000000000000000000, 0.000000000000000000, 1.000000000000000000 ) ) ;
#8402 = AXIS2_PLACEMENT_3D ( 'NONE', #1193, #8162, #332 ) ;
#8403 = AXIS2_PLACEMENT_3D ( 'NONE', #3522, #6701, #6604 ) ;
#8404 = CARTESIAN_POINT ( 'NONE',  ( 42.22943563993511162, 40.11516071850281406, 2.432113036606096124 ) ) ;
#8405 = ORIENTED_EDGE ( 'NONE', *, *, #3546, .F. ) ;
#8406 = EDGE_CURVE ( 'NONE', #3561, #8927, #4495, .T. ) ;
#8407 = EDGE_LOOP ( 'NONE', ( #6424, #9458, #4497, #3345, #7317 ) ) ;
#8408 = DIRECTION ( 'NONE',  ( 0.000000000000000000, 0.000000000000000000, -1.000000000000000000 ) ) ;
#8409 = CARTESIAN_POINT ( 'NONE',  ( 39.25379662279203075, 7.162053467484481573, 0.5000000000000354161 ) ) ;
#8410 = CARTESIAN_POINT ( 'NONE',  ( 48.60726389419515669, 23.82807546609543792, 6.551106738865219548 ) ) ;
#8411 = AXIS2_PLACEMENT_3D ( 'NONE', #287, #4991, #8117 ) ;
#8412 = AXIS2_PLACEMENT_3D ( 'NONE', #945, #6174, #1754 ) ;
#8413 = DIRECTION ( 'NONE',  ( -0.000000000000000000, -0.000000000000000000, -1.000000000000000000 ) ) ;
#8414 = CARTESIAN_POINT ( 'NONE',  ( 39.13433980843526427, 10.78171295196042223, 7.660946871235457145 ) ) ;
#8415 = CARTESIAN_POINT ( 'NONE',  ( 5.509911374088051872, 27.57807569686057292, 7.500000000000000000 ) ) ;
#8416 = FACE_OUTER_BOUND ( 'NONE', #4071, .T. ) ;
#8417 =( BOUNDED_SURFACE ( )  B_SPLINE_SURFACE ( 3, 2, ( 
 ( #3973, #7113, #964 ),
 ( #9468, #5568, #4643 ),
 ( #4078, #1668, #7774 ),
 ( #4028, #7210, #7415 ) ),
 .UNSPECIFIED., .F., .F., .T. ) 
 B_SPLINE_SURFACE_WITH_KNOTS ( ( 4, 4 ),
 ( 3, 3 ),
 ( 0.000000000000000000, 0.002683109675613443591 ),
 ( 0.000000000000000000, 1.000000000000000000 ),
 .UNSPECIFIED. ) 
 GEOMETRIC_REPRESENTATION_ITEM ( )  RATIONAL_B_SPLINE_SURFACE ( (
 ( 1.000000000000000000, 0.7071067811865476838, 1.000000000000000000),
 ( 1.000000000000000000, 0.7071067811865476838, 1.000000000000000000),
 ( 1.000000000000000000, 0.7071067811865476838, 1.000000000000000000),
 ( 1.000000000000000000, 0.7071067811865476838, 1.000000000000000000) ) ) 
 REPRESENTATION_ITEM ( '' )  SURFACE ( )  );
#8418 = AXIS2_PLACEMENT_3D ( 'NONE', #9473, #3365, #7118 ) ;
#8419 = ORIENTED_EDGE ( 'NONE', *, *, #1114, .T. ) ;
#8420 = VERTEX_POINT ( 'NONE', #3542 ) ;
#8421 = CARTESIAN_POINT ( 'NONE',  ( 26.00991137390269969, 27.57807569686058358, 11.30000000000000071 ) ) ;
#8422 = B_SPLINE_CURVE_WITH_KNOTS ( 'NONE', 3,
 ( #7021, #5474, #8606, #10087, #6872, #724, #7783, #1532, #3007, #5371, #3054, #2910, #2958, #9944, #8505 ),
 .UNSPECIFIED., .F., .F.,
 ( 4, 1, 1, 1, 1, 1, 1, 1, 2, 2, 4 ),
 ( 0.000000000000000000, 0.2499999999999592548, 0.3749999999999385492, 0.4374999999999283906, 0.4687499999999235056, 0.4843749999999208411, 0.4921874999999194533, 0.4960937499999187872, 0.4980468749999187872, 0.4999999999999187317, 1.000000000000000000 ),
 .UNSPECIFIED. ) ;
#8423 = CARTESIAN_POINT ( 'NONE',  ( 14.77616294059705382, 4.704068053847763942, 3.584233552745593521 ) ) ;
#8424 = CARTESIAN_POINT ( 'NONE',  ( 47.32058890163167320, 20.91620522832112883, 6.966953793720826127 ) ) ;
#8425 = AXIS2_PLACEMENT_3D ( 'NONE', #2167, #9202, #597 ) ;
#8426 = ORIENTED_EDGE ( 'NONE', *, *, #1303, .T. ) ;
#8427 = CARTESIAN_POINT ( 'NONE',  ( 26.00991137390269969, 27.57807569686057292, 7.500000000000000000 ) ) ;
#8428 = CARTESIAN_POINT ( 'NONE',  ( 11.88615954611817216, 43.26032197974560489, 8.000000000000000000 ) ) ;
#8429 = CARTESIAN_POINT ( 'NONE',  ( 41.16535594013037525, 36.32807569686058713, 6.500000000000000000 ) ) ;
#8430 = EDGE_CURVE ( 'NONE', #8420, #9443, #3366, .T. ) ;
#8431 = CARTESIAN_POINT ( 'NONE',  ( 41.69904825517708247, 41.12597434144111475, 1.992884762145244570 ) ) ;
#8432 = ADVANCED_FACE ( 'NONE', ( #2768 ), #7822, .F. ) ;
#8433 = EDGE_LOOP ( 'NONE', ( #9347, #4131 ) ) ;
#8434 = CARTESIAN_POINT ( 'NONE',  ( 41.16535594013041077, 18.82807569686061200, 3.000000000000000000 ) ) ;
#8435 = ORIENTED_EDGE ( 'NONE', *, *, #1785, .T. ) ;
#8436 = CARTESIAN_POINT ( 'NONE',  ( 42.30200842299871766, 40.02074327008324417, 1.999999999999729328 ) ) ;
#8437 = CARTESIAN_POINT ( 'NONE',  ( 36.41338406435710340, 3.239240823181626094, 0.7071067811865500152 ) ) ;
#8438 = AXIS2_PLACEMENT_3D ( 'NONE', #4060, #1148, #2725 ) ;
#8439 = CARTESIAN_POINT ( 'NONE',  ( 10.85446680767500993, 36.32807569686057292, 3.000000000000000000 ) ) ;
#8440 = CARTESIAN_POINT ( 'NONE',  ( 26.00991137390270680, 27.57807569686059068, 10.30000000000000071 ) ) ;
#8441 = FACE_OUTER_BOUND ( 'NONE', #5006, .T. ) ;
#8442 = DIRECTION ( 'NONE',  ( -0.000000000000000000, -0.000000000000000000, -1.000000000000000000 ) ) ;
#8443 = CARTESIAN_POINT ( 'NONE',  ( 11.19145141185452275, 12.03901988897345099, 7.588703803363401335 ) ) ;
#8444 = LINE ( 'NONE', #9020, #229 ) ;
#8445 = DIRECTION ( 'NONE',  ( 0.7859316827075262246, 0.000000000000000000, -0.6183133429876120912 ) ) ;
#8446 = EDGE_CURVE ( 'NONE', #1387, #4932, #868, .T. ) ;
#8447 = CARTESIAN_POINT ( 'NONE',  ( 10.64091186687056201, 40.62485589920188289, 8.000000000000000000 ) ) ;
#8448 = EDGE_LOOP ( 'NONE', ( #1426, #870, #8743, #4766 ) ) ;
#8449 = DIRECTION ( 'NONE',  ( -1.000000000000000000, 0.000000000000000000, 0.000000000000000000 ) ) ;
#8450 = CARTESIAN_POINT ( 'NONE',  ( 37.21372727402818015, 50.55062420001131329, 3.518135114341530922 ) ) ;
#8451 = CARTESIAN_POINT ( 'NONE',  ( 42.30797828809026129, 15.14332450105374406, 2.486534937041299020 ) ) ;
#8452 = ORIENTED_EDGE ( 'NONE', *, *, #5788, .T. ) ;
#8453 = CARTESIAN_POINT ( 'NONE',  ( 41.64098506982035985, 13.90098304790169337, 9.753265550143442653 ) ) ;
#8454 = CARTESIAN_POINT ( 'NONE',  ( 42.35788392518428935, 39.94714168645512586, 0.4999999999999995559 ) ) ;
#8455 = CARTESIAN_POINT ( 'NONE',  ( 42.29356212292247363, 40.03170205079471344, 2.476132547496007863 ) ) ;
#8456 = EDGE_CURVE ( 'NONE', #7852, #7090, #5196, .T. ) ;
#8457 = ORIENTED_EDGE ( 'NONE', *, *, #10109, .F. ) ;
#8458 = VERTEX_POINT ( 'NONE', #7213 ) ;
#8459 = VECTOR ( 'NONE', #9277, 1000.000000000000000 ) ;
#8460 = CARTESIAN_POINT ( 'NONE',  ( 37.05928587869056656, 4.100346510431743141, 3.179274115666991030 ) ) ;
#8461 = CARTESIAN_POINT ( 'NONE',  ( 37.99489867212982830, 11.09707056286492843, 7.844348845663221326 ) ) ;
#8462 = DIRECTION ( 'NONE',  ( -0.3210519692170999417, 0.9470615782840219321, -6.571559812179763759E-15 ) ) ;
#8463 = CARTESIAN_POINT ( 'NONE',  ( 38.16396761538675975, 47.40009552804728798, 5.631421167178940479 ) ) ;
#8464 = ADVANCED_FACE ( 'NONE', ( #6457 ), #204, .F. ) ;
#8465 = CARTESIAN_POINT ( 'NONE',  ( 39.91651271448054672, 11.20548451681243840, 7.805805327463565924 ) ) ;
#8466 = DIRECTION ( 'NONE',  ( -1.458397897016089071E-14, -4.770489558936214776E-15, -1.000000000000000000 ) ) ;
#8467 = CYLINDRICAL_SURFACE ( 'NONE', #1953, 0.5000000000000004441 ) ;
#8468 = ORIENTED_EDGE ( 'NONE', *, *, #8878, .F. ) ;
#8469 = ORIENTED_EDGE ( 'NONE', *, *, #1701, .T. ) ;
#8470 = CARTESIAN_POINT ( 'NONE',  ( 37.53058781807715150, 51.49255486173669283, 2.752296126345760374 ) ) ;
#8471 = CARTESIAN_POINT ( 'NONE',  ( 10.64284362470006506, 13.30925832791280072, 8.205811796723502027 ) ) ;
#8472 = CARTESIAN_POINT ( 'NONE',  ( 48.22074951605768689, 21.67350318121008712, 6.538364408044752274 ) ) ;
#8473 = ORIENTED_EDGE ( 'NONE', *, *, #3792, .T. ) ;
#8474 =( BOUNDED_SURFACE ( )  B_SPLINE_SURFACE ( 3, 2, ( 
 ( #9326, #7, #2146 ),
 ( #7636, #3686, #3107 ),
 ( #1579, #624, #3733 ),
 ( #1434, #4552, #2340 ),
 ( #2292, #9993, #573 ),
 ( #6248, #4699, #7681 ),
 ( #6824, #9232, #2194 ),
 ( #673, #3783, #6516 ),
 ( #6306, #9634, #7072 ),
 ( #9581, #8039, #158 ),
 ( #264, #7222, #2600 ),
 ( #5740, #8866, #212 ),
 ( #7983, #4908, #8811 ),
 ( #6411, #3318, #55 ) ),
 .UNSPECIFIED., .F., .F., .T. ) 
 B_SPLINE_SURFACE_WITH_KNOTS ( ( 4, 2, 2, 2, 2, 2, 4 ),
 ( 3, 3 ),
 ( -8.673617379884035472E-18, 0.0001258786403654726471, 0.0002517572807309539679, 0.0005035145614619166094, 0.001007029122923841892, 0.001510543684385767284, 0.002014058245847692458 ),
 ( 0.000000000000000000, 1.000000000000000000 ),
 .UNSPECIFIED. ) 
 GEOMETRIC_REPRESENTATION_ITEM ( )  RATIONAL_B_SPLINE_SURFACE ( (
 ( 1.000000000000000000, 0.7071067811865467956, 1.000000000000000000),
 ( 1.000000000000000000, 0.7071067811865467956, 1.000000000000000000),
 ( 1.000000000000000000, 0.7071067811865482389, 1.000000000000000000),
 ( 1.000000000000000000, 0.7071067811865482389, 1.000000000000000000),
 ( 1.000000000000000000, 0.7071067811865475727, 1.000000000000000000),
 ( 1.000000000000000000, 0.7071067811865475727, 1.000000000000000000),
 ( 1.000000000000000000, 0.7071067811865475727, 1.000000000000000000),
 ( 1.000000000000000000, 0.7071067811865475727, 1.000000000000000000),
 ( 1.000000000000000000, 0.7071067811865475727, 1.000000000000000000),
 ( 1.000000000000000000, 0.7071067811865475727, 1.000000000000000000),
 ( 1.000000000000000000, 0.7071067811865469066, 1.000000000000000000),
 ( 1.000000000000000000, 0.7071067811865469066, 1.000000000000000000),
 ( 1.000000000000000000, 0.7071067811865477948, 1.000000000000000000),
 ( 1.000000000000000000, 0.7071067811865477948, 1.000000000000000000) ) ) 
 REPRESENTATION_ITEM ( '' )  SURFACE ( )  );
#8475 = SPHERICAL_SURFACE ( 'NONE', #7479, 0.5000000000000000000 ) ;
#8476 = CARTESIAN_POINT ( 'NONE',  ( 26.00991137390269969, 27.57807569686058358, -68.00000000000000000 ) ) ;
#8477 = AXIS2_PLACEMENT_3D ( 'NONE', #9732, #7468, #1075 ) ;
#8478 = CARTESIAN_POINT ( 'NONE',  ( 26.00991137390269969, 27.57807569686058358, -68.00000000000000000 ) ) ;
#8479 = VERTEX_POINT ( 'NONE', #3257 ) ;
#8480 = DIRECTION ( 'NONE',  ( 0.7652177220739277974, 0.6437715727057145010, -0.000000000000000000 ) ) ;
#8481 = EDGE_LOOP ( 'NONE', ( #7149, #9033, #4727, #2420 ) ) ;
#8482 = CARTESIAN_POINT ( 'NONE',  ( 42.35788392518428935, 39.94714168645512586, 2.000000000000000444 ) ) ;
#8483 = B_SPLINE_CURVE_WITH_KNOTS ( 'NONE', 3,
 ( #3062, #7645, #10002, #6317, #3890, #6209, #4562, #6112 ),
 .UNSPECIFIED., .F., .F.,
 ( 4, 2, 2, 4 ),
 ( 0.003525674964458620081, 0.004407343765377532384, 0.005289012566296444687, 0.007052350168134258884 ),
 .UNSPECIFIED. ) ;
#8484 = DIRECTION ( 'NONE',  ( 0.000000000000000000, 0.9444110645482539645, 0.3287670013228723431 ) ) ;
#8485 = CARTESIAN_POINT ( 'NONE',  ( 26.00991137390270680, 27.57807569686058358, 9.900000000000002132 ) ) ;
#8486 = EDGE_CURVE ( 'NONE', #4923, #7510, #6788, .T. ) ;
#8487 = CARTESIAN_POINT ( 'NONE',  ( 11.61980943288004653, 10.81357771478541707, 6.475764938936944048 ) ) ;
#8488 = CARTESIAN_POINT ( 'NONE',  ( 12.91846413596946519, 6.656195374226932415, 0.5000000000000355271 ) ) ;
#8489 = CARTESIAN_POINT ( 'NONE',  ( -13.49008862636929429, 51.94168842127428576, 1.518327244431517675 ) ) ;
#8490 = B_SPLINE_CURVE_WITH_KNOTS ( 'NONE', 3,
 ( #8568, #2968, #6164, #9287 ),
 .UNSPECIFIED., .F., .F.,
 ( 4, 4 ),
 ( 0.0003816360666349813088, 0.0009173162943678868884 ),
 .UNSPECIFIED. ) ;
#8491 = CARTESIAN_POINT ( 'NONE',  ( 10.15446680767495025, 36.32807569686045923, 2.000000000000000000 ) ) ;
#8492 = CARTESIAN_POINT ( 'NONE',  ( 42.07167735784970120, 14.78569141150035726, 8.000000000000000000 ) ) ;
#8493 = CARTESIAN_POINT ( 'NONE',  ( 12.53290038286441899, 11.11450505862175930, 7.843536712679888723 ) ) ;
#8494 = EDGE_CURVE ( 'NONE', #4021, #7073, #8601, .T. ) ;
#8495 = ORIENTED_EDGE ( 'NONE', *, *, #2616, .F. ) ;
#8496 = CARTESIAN_POINT ( 'NONE',  ( 48.26917597173611085, 33.28424175087674541, 2.573145880096528781 ) ) ;
#8497 = CARTESIAN_POINT ( 'NONE',  ( 37.12895840868306863, 50.82850186707557327, 3.331742588087885260 ) ) ;
#8498 = CARTESIAN_POINT ( 'NONE',  ( 15.64044665808292045, 51.92803474236184513, 0.8008322364864268739 ) ) ;
#8499 = EDGE_CURVE ( 'NONE', #9442, #3195, #1404, .T. ) ;
#8500 = ADVANCED_FACE ( 'NONE', ( #9422 ), #6110, .T. ) ;
#8501 = ORIENTED_EDGE ( 'NONE', *, *, #4169, .F. ) ;
#8502 = AXIS2_PLACEMENT_3D ( 'NONE', #2429, #5561, #1659 ) ;
#8503 = CARTESIAN_POINT ( 'NONE',  ( 39.12089537319344146, 6.721102589229897895, 3.699398261600377324 ) ) ;
#8504 = VECTOR ( 'NONE', #2950, 1000.000000000000000 ) ;
#8505 = CARTESIAN_POINT ( 'NONE',  ( 39.13427878103529878, 10.78171295196041690, 7.660946871235453592 ) ) ;
#8506 = ORIENTED_EDGE ( 'NONE', *, *, #7963, .F. ) ;
#8507 = ORIENTED_EDGE ( 'NONE', *, *, #1418, .T. ) ;
#8508 = CARTESIAN_POINT ( 'NONE',  ( 10.44805950840190256, 14.91602449479846015, 7.999999999999998224 ) ) ;
#8509 = AXIS2_PLACEMENT_3D ( 'NONE', #8659, #1627, #6355 ) ;
#8510 = DIRECTION ( 'NONE',  ( 0.000000000000000000, 0.000000000000000000, -1.000000000000000000 ) ) ;
#8511 = CARTESIAN_POINT ( 'NONE',  ( 26.65991137390269472, 45.07807569686058713, 3.000000000000000000 ) ) ;
#8512 = ADVANCED_FACE ( 'NONE', ( #6350 ), #863, .F. ) ;
#8513 = CARTESIAN_POINT ( 'NONE',  ( 36.41476503802655174, 39.73286982214993657, 1.600000000000000089 ) ) ;
#8514 = CARTESIAN_POINT ( 'NONE',  ( 40.13366494974383158, 11.89582941397549476, 8.000000000000007105 ) ) ;
#8515 = CARTESIAN_POINT ( 'NONE',  ( -13.49008862636929429, 11.89582941397556581, 8.000000000000000000 ) ) ;
#8516 = FACE_OUTER_BOUND ( 'NONE', #1640, .T. ) ;
#8517 = ORIENTED_EDGE ( 'NONE', *, *, #9948, .F. ) ;
#8518 = ORIENTED_EDGE ( 'NONE', *, *, #4984, .F. ) ;
#8519 = DIRECTION ( 'NONE',  ( 1.000000000000000000, -0.000000000000000000, 0.000000000000000000 ) ) ;
#8520 = AXIS2_PLACEMENT_3D ( 'NONE', #8931, #6854, #7617 ) ;
#8521 = CARTESIAN_POINT ( 'NONE',  ( 13.78560227780017300, 3.802372310700656399, 1.745559218697431358 ) ) ;
#8522 = FACE_OUTER_BOUND ( 'NONE', #8794, .T. ) ;
#8523 = EDGE_LOOP ( 'NONE', ( #1893, #5794, #3131, #3849, #238, #6402 ) ) ;
#8524 = DIRECTION ( 'NONE',  ( 1.000000000000000000, -0.000000000000000000, 0.000000000000000000 ) ) ;
#8525 = DIRECTION ( 'NONE',  ( 0.000000000000000000, -0.8304734356177293497, -0.5570582310075716803 ) ) ;
#8526 = PLANE ( 'NONE',  #408 ) ;
#8527 = ORIENTED_EDGE ( 'NONE', *, *, #5113, .T. ) ;
#8528 = CARTESIAN_POINT ( 'NONE',  ( 10.51100565374140494, 40.35816719979778355, 2.000000000000000444 ) ) ;
#8529 = EDGE_LOOP ( 'NONE', ( #2912, #8051, #8648, #7677 ) ) ;
#8530 = EDGE_CURVE ( 'NONE', #8301, #4010, #7401, .T. ) ;
#8531 = CARTESIAN_POINT ( 'NONE',  ( 16.00991137390270325, 4.814462972446879263, 1.400000000000005684 ) ) ;
#8532 = LINE ( 'NONE', #3713, #5284 ) ;
#8533 =( BOUNDED_CURVE ( )  B_SPLINE_CURVE ( 3, ( #3350, #1762, #2580, #6542 ),
 .UNSPECIFIED., .F., .F. ) 
 B_SPLINE_CURVE_WITH_KNOTS ( ( 4, 4 ),
 ( 3.141592653589788675, 3.942160448819302498 ),
 .UNSPECIFIED. ) 
 CURVE ( )  GEOMETRIC_REPRESENTATION_ITEM ( )  RATIONAL_B_SPLINE_CURVE ( ( 1.000000000000000000, 0.9473002679653839131, 0.9473002679653839131, 1.000000000000000000 ) ) 
 REPRESENTATION_ITEM ( '' )  );
#8534 = DIRECTION ( 'NONE',  ( 0.000000000000000000, 0.000000000000000000, -1.000000000000000000 ) ) ;
#8535 = ORIENTED_EDGE ( 'NONE', *, *, #7117, .F. ) ;
#8536 = DIRECTION ( 'NONE',  ( -0.000000000000000000, -0.000000000000000000, -1.000000000000000000 ) ) ;
#8537 = VERTEX_POINT ( 'NONE', #914 ) ;
#8538 = DIRECTION ( 'NONE',  ( 1.000000000000000000, 0.000000000000000000, 0.000000000000000000 ) ) ;
#8539 =( NAMED_UNIT ( * ) SI_UNIT ( $, .STERADIAN. ) SOLID_ANGLE_UNIT ( ) );
#8540 = CARTESIAN_POINT ( 'NONE',  ( 11.06708628354975055, 12.29246519388248338, 8.000000000000007105 ) ) ;
#8541 = CARTESIAN_POINT ( 'NONE',  ( 36.41476503802655884, 39.73286982214993657, 9.900000000000000355 ) ) ;
#8542 = CARTESIAN_POINT ( 'NONE',  ( 41.65888869801500505, 13.94104929819601146, 7.500000000000000000 ) ) ;
#8543 = AXIS2_PLACEMENT_3D ( 'NONE', #6196, #2335, #719 ) ;
#8544 = CARTESIAN_POINT ( 'NONE',  ( 39.27184811730437275, 7.221956471479359152, -0.01645605510831619003 ) ) ;
#8545 = EDGE_LOOP ( 'NONE', ( #9275, #6941, #9676, #9995 ) ) ;
#8546 = CARTESIAN_POINT ( 'NONE',  ( 26.00991137390269969, 27.57807569686057292, 2.500000000000000444 ) ) ;
#8547 = DIRECTION ( 'NONE',  ( -0.000000000000000000, -0.000000000000000000, -1.000000000000000000 ) ) ;
#8548 = CARTESIAN_POINT ( 'NONE',  ( 42.29935317955179386, 15.13202510007904600, 2.480212113318816858 ) ) ;
#8549 = VERTEX_POINT ( 'NONE', #2387 ) ;
#8550 = EDGE_CURVE ( 'NONE', #782, #3746, #1680, .T. ) ;
#8551 = CARTESIAN_POINT ( 'NONE',  ( 47.85890018770972887, 33.78706916941250427, 6.388351226970170771 ) ) ;
#8552 = CARTESIAN_POINT ( 'NONE',  ( 40.06727452416620849, 45.37353523164840396, 0.4999999999999995559 ) ) ;
#8553 = VECTOR ( 'NONE', #2348, 1000.000000000000000 ) ;
#8554 = CARTESIAN_POINT ( 'NONE',  ( 26.00991137390269969, 27.57807569686057292, 2.500000000000000444 ) ) ;
#8555 = ORIENTED_EDGE ( 'NONE', *, *, #4502, .T. ) ;
#8556 = EDGE_CURVE ( 'NONE', #1694, #2293, #4031, .T. ) ;
#8557 = VERTEX_POINT ( 'NONE', #1775 ) ;
#8558 = EDGE_CURVE ( 'NONE', #7628, #9227, #4748, .T. ) ;
#8559 = CARTESIAN_POINT ( 'NONE',  ( 40.13366494974386001, 11.89582941397556581, 8.000000000000000000 ) ) ;
#8560 = PLANE ( 'NONE',  #4058 ) ;
#8561 = CARTESIAN_POINT ( 'NONE',  ( 48.80298389305141882, 23.62081260618899847, 6.145572626511357939 ) ) ;
#8562 = VECTOR ( 'NONE', #8810, 1000.000000000000000 ) ;
#8563 = CARTESIAN_POINT ( 'NONE',  ( 26.00991137390270680, 27.57807569686058358, 9.900000000000002132 ) ) ;
#8564 = VERTEX_POINT ( 'NONE', #8032 ) ;
#8565 = AXIS2_PLACEMENT_3D ( 'NONE', #9659, #1101, #5661 ) ;
#8566 = CARTESIAN_POINT ( 'NONE',  ( 40.51535594013037667, 18.82807569686056937, 6.500000000000000000 ) ) ;
#8567 = AXIS2_PLACEMENT_3D ( 'NONE', #2918, #6204, #8359 ) ;
#8568 = CARTESIAN_POINT ( 'NONE',  ( 11.15580260889339037, 13.44989631004212782, 1.980399772363565791 ) ) ;
#8569 = CARTESIAN_POINT ( 'NONE',  ( 15.00991137390270502, 4.814462972446879263, 1.400000000000005684 ) ) ;
#8570 = ORIENTED_EDGE ( 'NONE', *, *, #45, .F. ) ;
#8571 = ORIENTED_EDGE ( 'NONE', *, *, #9225, .F. ) ;
#8572 = EDGE_CURVE ( 'NONE', #8564, #5202, #56, .T. ) ;
#8573 = AXIS2_PLACEMENT_3D ( 'NONE', #9505, #4831, #339 ) ;
#8574 = DIRECTION ( 'NONE',  ( -1.000000000000000000, 0.000000000000000000, 0.000000000000000000 ) ) ;
#8575 = FACE_OUTER_BOUND ( 'NONE', #2147, .T. ) ;
#8576 = ORIENTED_EDGE ( 'NONE', *, *, #7527, .T. ) ;
#8577 = DIRECTION ( 'NONE',  ( -0.7991390392313307833, 0.6011462351012651917, 0.000000000000000000 ) ) ;
#8578 = AXIS2_PLACEMENT_3D ( 'NONE', #3758, #5347, #6993 ) ;
#8579 = CARTESIAN_POINT ( 'NONE',  ( 10.06066986044630163, 39.64545715010157778, 8.000000000000000000 ) ) ;
#8580 = CARTESIAN_POINT ( 'NONE',  ( 38.62262311769561052, 48.35569127583016069, 0.5000000000000000000 ) ) ;
#8581 = ADVANCED_FACE ( 'NONE', ( #9625 ), #8287, .F. ) ;
#8582 = ORIENTED_EDGE ( 'NONE', *, *, #9697, .F. ) ;
#8583 = ORIENTED_EDGE ( 'NONE', *, *, #4861, .T. ) ;
#8584 = CARTESIAN_POINT ( 'NONE',  ( 48.54318645688866951, 22.23298974341039980, 6.000000000001309175 ) ) ;
#8585 = CARTESIAN_POINT ( 'NONE',  ( 12.91846435684088412, 48.49995593160816298, 0.5000000000000000000 ) ) ;
#8586 = FACE_OUTER_BOUND ( 'NONE', #7291, .T. ) ;
#8587 = PRODUCT_DEFINITION_SHAPE ( 'NONE', 'NONE',  #284 ) ;
#8588 = ORIENTED_EDGE ( 'NONE', *, *, #3728, .T. ) ;
#8589 = CIRCLE ( 'NONE', #1549, 0.6999999999999992895 ) ;
#8590 = CARTESIAN_POINT ( 'NONE',  ( 47.85375235780784209, 33.53108112062419366, 2.208333333333332593 ) ) ;
#8591 = ORIENTED_EDGE ( 'NONE', *, *, #2105, .F. ) ;
#8592 = EDGE_CURVE ( 'NONE', #1387, #1484, #9015, .T. ) ;
#8593 = CARTESIAN_POINT ( 'NONE',  ( 43.07969633643868690, 17.15586665437030334, 2.000000000000000000 ) ) ;
#8594 = CARTESIAN_POINT ( 'NONE',  ( -13.49008862636929429, 3.214462972446881395, 0.000000000000000000 ) ) ;
#8595 = CARTESIAN_POINT ( 'NONE',  ( 11.57636343402945656, 12.37276649281365160, 8.000000000000000000 ) ) ;
#8596 = CARTESIAN_POINT ( 'NONE',  ( 46.50991137363070749, 27.09069615251123508, 3.139999999999991687 ) ) ;
#8597 = CYLINDRICAL_SURFACE ( 'NONE', #7530, 0.2500000000000002220 ) ;
#8598 = DIRECTION ( 'NONE',  ( 1.000000000000000000, 0.000000000000000000, 0.000000000000000000 ) ) ;
#8599 = VERTEX_POINT ( 'NONE', #6653 ) ;
#8600 = DIRECTION ( 'NONE',  ( 0.000000000000000000, 0.8090169943749420112, 0.5877852522924804646 ) ) ;
#8601 = LINE ( 'NONE', #7876, #8922 ) ;
#8602 = CARTESIAN_POINT ( 'NONE',  ( 42.13492632908279489, 14.91948873748010840, 2.370174918571172018 ) ) ;
#8603 = ORIENTED_EDGE ( 'NONE', *, *, #2674, .F. ) ;
#8604 = CARTESIAN_POINT ( 'NONE',  ( 38.02634657183812550, 3.124193013079915815, 2.524497809350843003 ) ) ;
#8605 = DIRECTION ( 'NONE',  ( -0.000000000000000000, -0.000000000000000000, -1.000000000000000000 ) ) ;
#8606 = CARTESIAN_POINT ( 'NONE',  ( 37.27570850227039045, 4.812306030480458574, 3.656836544250073207 ) ) ;
#8607 = ORIENTED_EDGE ( 'NONE', *, *, #10130, .F. ) ;
#8608 = ORIENTED_EDGE ( 'NONE', *, *, #2160, .T. ) ;
#8609 = CARTESIAN_POINT ( 'NONE',  ( 14.23332404181243760, 50.94168842127428576, 0.4999999999999997780 ) ) ;
#8610 = EDGE_CURVE ( 'NONE', #3335, #5741, #6913, .T. ) ;
#8611 = CARTESIAN_POINT ( 'NONE',  ( 43.50991137363070749, 28.06545524120993207, 6.140000000000001457 ) ) ;
#8612 = CARTESIAN_POINT ( 'NONE',  ( 43.50991137363070749, 29.15526903321798358, 4.640000000000006786 ) ) ;
#8613 = DIRECTION ( 'NONE',  ( -1.000000000000000000, 0.000000000000000000, 0.000000000000000000 ) ) ;
#8614 = VERTEX_POINT ( 'NONE', #4188 ) ;
#8615 = EDGE_CURVE ( 'NONE', #2940, #213, #4303, .T. ) ;
#8616 = CARTESIAN_POINT ( 'NONE',  ( 36.00991137390269614, 4.100346510431743141, 3.179274115666991030 ) ) ;
#8617 = CARTESIAN_POINT ( 'NONE',  ( 26.00991137390270680, 27.57807569686058358, 10.90000000000000213 ) ) ;
#8618 = CARTESIAN_POINT ( 'NONE',  ( 41.37840022257910988, 40.61509947326950964, 8.000000000000001776 ) ) ;
#8619 = CIRCLE ( 'NONE', #4201, 12.49999999999999645 ) ;
#8620 = ORIENTED_EDGE ( 'NONE', *, *, #8, .T. ) ;
#8621 = VERTEX_POINT ( 'NONE', #7512 ) ;
#8622 = EDGE_CURVE ( 'NONE', #6133, #6413, #1381, .T. ) ;
#8623 = LINE ( 'NONE', #8727, #6267 ) ;
#8624 = CARTESIAN_POINT ( 'NONE',  ( 38.32131113223428542, 4.086501082640005222, 1.936151262344386392 ) ) ;
#8625 = CARTESIAN_POINT ( 'NONE',  ( 16.00991137390270325, 50.94168842127427865, 0.000000000000000000 ) ) ;
#8626 = EDGE_LOOP ( 'NONE', ( #214, #7975, #3307, #8307 ) ) ;
#8627 = EDGE_CURVE ( 'NONE', #3577, #6385, #1070, .T. ) ;
#8628 = DIRECTION ( 'NONE',  ( -0.000000000000000000, 0.000000000000000000, 1.000000000000000000 ) ) ;
#8629 = CARTESIAN_POINT ( 'NONE',  ( 40.91508462191458761, 42.95515913081572279, 7.439246310826074016 ) ) ;
#8630 = VERTEX_POINT ( 'NONE', #7418 ) ;
#8631 = CARTESIAN_POINT ( 'NONE',  ( 41.37633678931020142, 40.78576605059723192, 1.901572502685304977 ) ) ;
#8632 = ORIENTED_EDGE ( 'NONE', *, *, #4350, .T. ) ;
#8633 = ORIENTED_EDGE ( 'NONE', *, *, #3285, .F. ) ;
#8634 = CARTESIAN_POINT ( 'NONE',  ( 40.66320484816660752, 42.08447431474561995, 1.888822129096485281 ) ) ;
#8635 = CARTESIAN_POINT ( 'NONE',  ( 41.71728281050197751, 41.08583666218702746, 8.000000000000000000 ) ) ;
#8636 = CARTESIAN_POINT ( 'NONE',  ( -13.49008862636929429, 3.214462972446881395, 1.518327244431517675 ) ) ;
#8637 = EDGE_LOOP ( 'NONE', ( #1011, #8506, #6917, #1345 ) ) ;
#8638 = ADVANCED_FACE ( 'NONE', ( #7466 ), #7314, .T. ) ;
#8639 = CARTESIAN_POINT ( 'NONE',  ( 26.00991137390270680, 27.57807569686059068, 8.000000000000000000 ) ) ;
#8640 = VECTOR ( 'NONE', #608, 1000.000000000000000 ) ;
#8641 = CARTESIAN_POINT ( 'NONE',  ( 46.50991137363070749, 24.07807569686055871, 7.213491317401589775 ) ) ;
#8642 = CARTESIAN_POINT ( 'NONE',  ( 46.96514411312311665, 34.22664090622877353, 6.946113451804865946 ) ) ;
#8643 = CARTESIAN_POINT ( 'NONE',  ( 11.06708297429096532, 12.29246387079101055, 7.500003563978935972 ) ) ;
#8644 = CARTESIAN_POINT ( 'NONE',  ( 39.78172800652220786, 8.907588095292215513, 1.019638676053335136 ) ) ;
#8645 = CARTESIAN_POINT ( 'NONE',  ( 37.99871159594616898, 51.39834232161285854, 2.442955775934911866 ) ) ;
#8646 = CARTESIAN_POINT ( 'NONE',  ( 38.92337218517623398, 7.910790885335602596, 0.09222196022484714650 ) ) ;
#8647 = VECTOR ( 'NONE', #4242, 1000.000000000000000 ) ;
#8648 = ORIENTED_EDGE ( 'NONE', *, *, #9603, .T. ) ;
#8649 = CARTESIAN_POINT ( 'NONE',  ( 41.98992888906252574, 14.64146134875852212, 2.231811679023731454 ) ) ;
#8650 = CARTESIAN_POINT ( 'NONE',  ( 46.86794766390008959, 31.32807569686055160, 7.018426978284042939 ) ) ;
#8651 = EDGE_CURVE ( 'NONE', #2999, #3561, #5783, .T. ) ;
#8652 = DIRECTION ( 'NONE',  ( 1.000000000000000000, 0.000000000000000000, 0.000000000000000000 ) ) ;
#8653 = MECHANICAL_DESIGN_GEOMETRIC_PRESENTATION_REPRESENTATION (  '', ( #8818 ), #6036 ) ;
#8654 = AXIS2_PLACEMENT_3D ( 'NONE', #4358, #7493, #8887 ) ;
#8655 = ORIENTED_EDGE ( 'NONE', *, *, #242, .F. ) ;
#8656 = CARTESIAN_POINT ( 'NONE',  ( 37.18875431806939247, 4.523365867206017299, 3.463023606571967949 ) ) ;
#8657 = AXIS2_PLACEMENT_3D ( 'NONE', #2584, #9566, #2485 ) ;
#8658 = CARTESIAN_POINT ( 'NONE',  ( 41.16535594013037525, 36.32807569686058713, 6.500000000000000000 ) ) ;
#8659 = CARTESIAN_POINT ( 'NONE',  ( 26.00991137390269969, 10.07807569686058180, 3.000000000000000000 ) ) ;
#8660 = ORIENTED_EDGE ( 'NONE', *, *, #6498, .T. ) ;
#8661 = EDGE_LOOP ( 'NONE', ( #8826, #2370 ) ) ;
#8662 = CARTESIAN_POINT ( 'NONE',  ( 11.55908465698174581, 43.55002730588581272, 7.743090190880629997 ) ) ;
#8663 = EDGE_CURVE ( 'NONE', #2254, #6216, #8065, .T. ) ;
#8664 = DIRECTION ( 'NONE',  ( 1.000000000000000000, -0.000000000000000000, 0.000000000000000000 ) ) ;
#8665 = CARTESIAN_POINT ( 'NONE',  ( 12.95087392402218285, 8.444295124504931138, 0.2779446772587282899 ) ) ;
#8666 = LINE ( 'NONE', #7132, #7686 ) ;
#8667 = ORIENTED_EDGE ( 'NONE', *, *, #6378, .T. ) ;
#8668 = CARTESIAN_POINT ( 'NONE',  ( 13.99347685044883249, 52.03195817907949561, 2.524497917382667822 ) ) ;
#8669 = DIRECTION ( 'NONE',  ( 0.000000000000000000, -1.000000000000000000, -7.118573178086988879E-15 ) ) ;
#8670 = CARTESIAN_POINT ( 'NONE',  ( 40.92467669928332441, 12.25677804160478779, 7.999999999999936939 ) ) ;
#8671 = ORIENTED_EDGE ( 'NONE', *, *, #3739, .T. ) ;
#8672 = VECTOR ( 'NONE', #9434, 1000.000000000000000 ) ;
#8673 = ORIENTED_EDGE ( 'NONE', *, *, #8772, .F. ) ;
#8674 = CIRCLE ( 'NONE', #7368, 20.47140452060577687 ) ;
#8675 = CARTESIAN_POINT ( 'NONE',  ( 48.59452244382011799, 32.66237483663459074, 6.999999999997537081 ) ) ;
#8676 = DIRECTION ( 'NONE',  ( 0.000000000000000000, 0.000000000000000000, -1.000000000000000000 ) ) ;
#8677 = CARTESIAN_POINT ( 'NONE',  ( 13.73334788046274824, 3.972849573864246420, 1.859910573309920823 ) ) ;
#8678 = VERTEX_POINT ( 'NONE', #357 ) ;
#8679 = CARTESIAN_POINT ( 'NONE',  ( 51.24177061052755988, 12.74249197576641990, 2.000000000000000000 ) ) ;
#8680 = ADVANCED_FACE ( 'NONE', ( #3466 ), #6605, .T. ) ;
#8681 = CARTESIAN_POINT ( 'NONE',  ( 10.44805996500298306, 40.24012737104406057, 8.000000000000000000 ) ) ;
#8682 = ORIENTED_EDGE ( 'NONE', *, *, #6373, .F. ) ;
#8683 = CARTESIAN_POINT ( 'NONE',  ( 12.42192683773729556, 46.85489239095790026, 0.2281511513341833164 ) ) ;
#8684 = ORIENTED_EDGE ( 'NONE', *, *, #5242, .T. ) ;
#8685 = AXIS2_PLACEMENT_3D ( 'NONE', #2399, #1633, #5693 ) ;
#8686 = EDGE_CURVE ( 'NONE', #1688, #8420, #2247, .T. ) ;
#8687 = VERTEX_POINT ( 'NONE', #9261 ) ;
#8688 = CARTESIAN_POINT ( 'NONE',  ( 48.01623992109443151, 21.50145088839892438, 2.568964401648032858 ) ) ;
#8689 = EDGE_CURVE ( 'NONE', #4331, #3959, #4089, .T. ) ;
#8690 = CARTESIAN_POINT ( 'NONE',  ( 41.79008641334513641, 39.87929817593386872, 8.000000000000000000 ) ) ;
#8691 = CARTESIAN_POINT ( 'NONE',  ( 39.59789658131418832, 46.85489255177740375, 0.2281510953499314154 ) ) ;
#8692 = ORIENTED_EDGE ( 'NONE', *, *, #8819, .T. ) ;
#8693 = CARTESIAN_POINT ( 'NONE',  ( 47.40300996146666535, 33.77250575478853278, 2.026551620528377562 ) ) ;
#8694 = VERTEX_POINT ( 'NONE', #2269 ) ;
#8695 = PLANE ( 'NONE',  #2704 ) ;
#8696 = FACE_OUTER_BOUND ( 'NONE', #5689, .T. ) ;
#8697 = DIRECTION ( 'NONE',  ( 0.3075758364538214162, 0.9358133948667600732, 0.1721929000211150085 ) ) ;
#8698 = CARTESIAN_POINT ( 'NONE',  ( 11.25991137390270858, 27.57807569686058358, 10.90000000000000213 ) ) ;
#8699 = CARTESIAN_POINT ( 'NONE',  ( 10.02799127792059330, 40.51466074023438324, 7.500000000000001776 ) ) ;
#8700 = CARTESIAN_POINT ( 'NONE',  ( 14.45526156917219218, 51.49591308167622117, 2.732262349210552888 ) ) ;
#8701 = ORIENTED_EDGE ( 'NONE', *, *, #1800, .T. ) ;
#8702 = DIRECTION ( 'NONE',  ( 0.000000000000000000, 0.000000000000000000, -1.000000000000000000 ) ) ;
#8703 = ADVANCED_FACE ( 'NONE', ( #2174 ), #1414, .F. ) ;
#8704 = DIRECTION ( 'NONE',  ( -0.000000000000000000, -0.000000000000000000, -1.000000000000000000 ) ) ;
#8705 = VERTEX_POINT ( 'NONE', #9873 ) ;
#8706 = CARTESIAN_POINT ( 'NONE',  ( 9.661938822606199295, 39.94714168643540830, 0.5000000000000004441 ) ) ;
#8707 = CARTESIAN_POINT ( 'NONE',  ( 38.29953846420306007, 4.015468890033024429, 3.122340594280629933 ) ) ;
#8708 = CARTESIAN_POINT ( 'NONE',  ( 10.16341604831000112, 15.37361438461389440, 2.000000000000000888 ) ) ;
#8709 = EDGE_CURVE ( 'NONE', #4923, #3746, #6032, .T. ) ;
#8710 = CARTESIAN_POINT ( 'NONE',  ( 41.16535594013036103, 36.32807569686066529, 2.000000000000000000 ) ) ;
#8711 = ORIENTED_EDGE ( 'NONE', *, *, #1236, .F. ) ;
#8712 = ORIENTED_EDGE ( 'NONE', *, *, #7031, .F. ) ;
#8713 = CARTESIAN_POINT ( 'NONE',  ( 11.35661797091547243, 13.07167707897554365, 1.888822129096485281 ) ) ;
#8714 = VECTOR ( 'NONE', #7603, 1000.000000000000000 ) ;
#8715 = CARTESIAN_POINT ( 'NONE',  ( 11.55908288287654173, 11.60612410327431121, 7.743090174227353906 ) ) ;
#8716 = CARTESIAN_POINT ( 'NONE',  ( 12.00194253253952859, 9.679775628869855097, 1.289697865505108787 ) ) ;
#8717 = CIRCLE ( 'NONE', #9539, 0.4999999999999991118 ) ;
#8718 = CYLINDRICAL_SURFACE ( 'NONE', #4571, 0.6500000000000012434 ) ;
#8719 = ORIENTED_EDGE ( 'NONE', *, *, #2978, .T. ) ;
#8720 = CARTESIAN_POINT ( 'NONE',  ( 13.73334788019577424, 51.18330181898577536, 3.093752755899700890 ) ) ;
#8721 = EDGE_CURVE ( 'NONE', #4504, #8725, #9892, .T. ) ;
#8722 = CARTESIAN_POINT ( 'NONE',  ( 43.94613874387168551, 17.61546073446095306, 6.617053949160033532 ) ) ;
#8723 = CARTESIAN_POINT ( 'NONE',  ( 40.94261241076642222, 12.27815086396398137, 8.000000000000065725 ) ) ;
#8724 = ORIENTED_EDGE ( 'NONE', *, *, #6598, .F. ) ;
#8725 = VERTEX_POINT ( 'NONE', #5353 ) ;
#8726 = CARTESIAN_POINT ( 'NONE',  ( 10.65835421157786556, 40.65996991319214260, 2.000000000000000444 ) ) ;
#8727 = CARTESIAN_POINT ( 'NONE',  ( 15.83763509780410494, 3.214462972446881395, 8.000000000000000000 ) ) ;
#8728 = AXIS2_PLACEMENT_3D ( 'NONE', #9059, #5886, #5837 ) ;
#8729 = CARTESIAN_POINT ( 'NONE',  ( 38.78622868727907758, 5.611474765140079590, 2.953493788294628608 ) ) ;
#8730 = CARTESIAN_POINT ( 'NONE',  ( 41.95831440556862191, 15.50958282481666828, 2.000000000000000000 ) ) ;
#8731 = CIRCLE ( 'NONE', #1855, 0.4999999999999979461 ) ;
#8732 = ORIENTED_EDGE ( 'NONE', *, *, #1449, .F. ) ;
#8733 = DIRECTION ( 'NONE',  ( -0.5211104521293468128, -0.8534892481347073900, -0.000000000000000000 ) ) ;
#8734 = CARTESIAN_POINT ( 'NONE',  ( 40.40138282293579408, 44.33861987847721764, 6.478500222574635536 ) ) ;
#8735 = CIRCLE ( 'NONE', #1040, 19.45264220178946246 ) ;
#8736 = ORIENTED_EDGE ( 'NONE', *, *, #2873, .F. ) ;
#8737 = CARTESIAN_POINT ( 'NONE',  ( 14.35020409377881556, 3.660028061685676182, 2.671706434245116224 ) ) ;
#8738 = ORIENTED_EDGE ( 'NONE', *, *, #7013, .F. ) ;
#8739 = VERTEX_POINT ( 'NONE', #604 ) ;
#8740 = CARTESIAN_POINT ( 'NONE',  ( 39.30566388431204672, 45.93110173204834012, 0.5497398071438054368 ) ) ;
#8741 = CARTESIAN_POINT ( 'NONE',  ( 42.17167410959777385, 40.20941114950245776, 7.500000000000000000 ) ) ;
#8742 = DIRECTION ( 'NONE',  ( 8.462065736584503245E-17, 1.000000000000000000, 0.000000000000000000 ) ) ;
#8743 = ORIENTED_EDGE ( 'NONE', *, *, #7542, .T. ) ;
#8744 = VECTOR ( 'NONE', #6798, 1000.000000000000000 ) ;
#8745 = CARTESIAN_POINT ( 'NONE',  ( 44.94393106425295059, 36.17421236888889524, 6.833333333333403203 ) ) ;
#8746 = ORIENTED_EDGE ( 'NONE', *, *, #2616, .T. ) ;
#8747 = EDGE_CURVE ( 'NONE', #537, #8276, #5935, .T. ) ;
#8748 = CARTESIAN_POINT ( 'NONE',  ( 46.69234191555154467, 23.82807569686056581, 7.078443351911785975 ) ) ;
#8749 = CARTESIAN_POINT ( 'NONE',  ( 46.50991137363070749, 0.000000000000000000, 8.000000000000000000 ) ) ;
#8750 = EDGE_CURVE ( 'NONE', #6413, #7950, #6902, .T. ) ;
#8751 = CARTESIAN_POINT ( 'NONE',  ( 41.84403749237569770, 15.35507819067515456, 2.000000000000000444 ) ) ;
#8752 = CARTESIAN_POINT ( 'NONE',  ( 9.963201174761262990, 40.39615593513134684, 7.500000000000000000 ) ) ;
#8753 = CARTESIAN_POINT ( 'NONE',  ( 37.99486112507182867, 44.05913081085392236, 7.844323655252659400 ) ) ;
#8754 = ORIENTED_EDGE ( 'NONE', *, *, #5438, .F. ) ;
#8755 = DIRECTION ( 'NONE',  ( -0.000000000000000000, 0.000000000000000000, 1.000000000000000000 ) ) ;
#8756 = CARTESIAN_POINT ( 'NONE',  ( 26.00991137390269969, 27.57807569686057292, 7.500000000000000000 ) ) ;
#8757 = ORIENTED_EDGE ( 'NONE', *, *, #2764, .F. ) ;
#8758 = CARTESIAN_POINT ( 'NONE',  ( 9.673386789092344173, 39.96236014005038584, 0.5000000000000004441 ) ) ;
#8759 = CARTESIAN_POINT ( 'NONE',  ( 37.12024934225087236, 4.299236651626642924, 3.312684030382042621 ) ) ;
#8760 = CARTESIAN_POINT ( 'NONE',  ( 42.00550972678298933, 27.95335337183384539, 5.290000000000002700 ) ) ;
#8761 = ADVANCED_FACE ( 'NONE', ( #1312 ), #4581, .F. ) ;
#8762 = CARTESIAN_POINT ( 'NONE',  ( 41.86535594013036388, 36.32807569686066529, 2.000000000000000000 ) ) ;
#8763 = CARTESIAN_POINT ( 'NONE',  ( 37.41139575840946208, 3.717565692103879105, 2.844642308047124146 ) ) ;
#8764 = EDGE_LOOP ( 'NONE', ( #5491, #3176, #548, #9429, #7654 ) ) ;
#8765 = ORIENTED_EDGE ( 'NONE', *, *, #3065, .F. ) ;
#8766 = DIRECTION ( 'NONE',  ( 0.000000000000000000, 0.000000000000000000, 1.000000000000000000 ) ) ;
#8767 = CARTESIAN_POINT ( 'NONE',  ( 41.86535594013041361, 18.82807569686061200, 3.000000000000000000 ) ) ;
#8768 = DIRECTION ( 'NONE',  ( 0.000000000000000000, 0.000000000000000000, 1.000000000000000000 ) ) ;
#8769 = CARTESIAN_POINT ( 'NONE',  ( 39.16050401551433424, 11.73926921410008362, 1.424986247966007813 ) ) ;
#8770 = EDGE_LOOP ( 'NONE', ( #602, #154, #5404, #6309, #7831, #9077 ) ) ;
#8771 = CARTESIAN_POINT ( 'NONE',  ( 14.84603154470835662, 50.68199003986401152, 3.430018602452459042 ) ) ;
#8772 = EDGE_CURVE ( 'NONE', #4504, #8087, #7758, .T. ) ;
#8773 = CARTESIAN_POINT ( 'NONE',  ( 38.93925491659774707, 6.118262179814983881, 0.5000000000000004441 ) ) ;
#8774 = CARTESIAN_POINT ( 'NONE',  ( 40.46362441647607966, 11.78616097070414526, 8.000000000000907718 ) ) ;
#8775 = ORIENTED_EDGE ( 'NONE', *, *, #7397, .F. ) ;
#8776 = EDGE_LOOP ( 'NONE', ( #934, #7883, #10088, #3584, #9328, #2631, #915, #5350 ) ) ;
#8777 = CARTESIAN_POINT ( 'NONE',  ( 10.16283445302174115, 39.78284463208184007, 2.000000000000000444 ) ) ;
#8778 = CARTESIAN_POINT ( 'NONE',  ( 39.59735550014853800, 46.85356831528847010, 4.760890933559824845 ) ) ;
#8779 = CARTESIAN_POINT ( 'NONE',  ( 39.69305128993468657, 8.613231668529643059, 4.972267248677526119 ) ) ;
#8780 = CARTESIAN_POINT ( 'NONE',  ( 39.30547207610268146, 9.224417147733520395, 0.5495196173146010832 ) ) ;
#8781 = EDGE_CURVE ( 'NONE', #3124, #5372, #8532, .T. ) ;
#8782 = VERTEX_POINT ( 'NONE', #6804 ) ;
#8783 = CARTESIAN_POINT ( 'NONE',  ( 37.41229244190927972, 44.61438122272473805, 7.500000000000000000 ) ) ;
#8784 = CARTESIAN_POINT ( 'NONE',  ( 53.74831193812256203, 44.51416539096764069, 8.000000000000000000 ) ) ;
#8785 = ORIENTED_EDGE ( 'NONE', *, *, #2802, .F. ) ;
#8786 = CARTESIAN_POINT ( 'NONE',  ( 12.58245608842044483, 47.38331403580487944, 0.06196339778199585341 ) ) ;
#8787 = DIRECTION ( 'NONE',  ( 0.6011462795887478894, 0.7991390057659599755, 0.000000000000000000 ) ) ;
#8788 = CARTESIAN_POINT ( 'NONE',  ( 42.31480773682531549, 40.00373400184500383, 7.500000000000000000 ) ) ;
#8789 = VECTOR ( 'NONE', #7755, 1000.000000000000000 ) ;
#8790 = CARTESIAN_POINT ( 'NONE',  ( 40.91996887106310510, 41.64719739724468894, 2.000000000000000000 ) ) ;
#8791 = VERTEX_POINT ( 'NONE', #10069 ) ;
#8792 = DIRECTION ( 'NONE',  ( 0.000000000000000000, 0.000000000000000000, -1.000000000000000000 ) ) ;
#8793 = LINE ( 'NONE', #249, #3587 ) ;
#8794 = EDGE_LOOP ( 'NONE', ( #2106, #5268, #1902, #7340, #8667 ) ) ;
#8795 = CARTESIAN_POINT ( 'NONE',  ( 41.83223354149802731, 14.51360501589583940, 2.000000000000000000 ) ) ;
#8796 = CARTESIAN_POINT ( 'NONE',  ( 46.00573162155919249, 19.84518776563003328, 7.923440287679079042 ) ) ;
#8797 = CARTESIAN_POINT ( 'NONE',  ( 41.92965864974044621, 15.47147653915914489, 2.000000000000000444 ) ) ;
#8798 = CARTESIAN_POINT ( 'NONE',  ( 40.94258704572767726, 12.26950493054031632, 7.500000000000000000 ) ) ;
#8799 = FACE_OUTER_BOUND ( 'NONE', #5906, .T. ) ;
#8800 = EDGE_LOOP ( 'NONE', ( #3109, #6984, #9157, #2515, #3294 ) ) ;
#8801 = LINE ( 'NONE', #4846, #8848 ) ;
#8802 = CARTESIAN_POINT ( 'NONE',  ( 39.13427878103529878, 10.78171295196041690, 7.660946871235453592 ) ) ;
#8803 = VERTEX_POINT ( 'NONE', #2890 ) ;
#8804 = CARTESIAN_POINT ( 'NONE',  ( 11.95254822363919089, 45.37353523164840396, 0.5000000000000004441 ) ) ;
#8805 = CARTESIAN_POINT ( 'NONE',  ( 37.26359982847896646, 4.769764354502640025, 3.628300784106613719 ) ) ;
#8806 = FACE_OUTER_BOUND ( 'NONE', #7535, .T. ) ;
#8807 =( BOUNDED_SURFACE ( )  B_SPLINE_SURFACE ( 3, 2, ( 
 ( #5926, #8326, #4370 ),
 ( #3559, #7555, #2738 ),
 ( #9720, #8956, #3459 ),
 ( #6797, #2067, #5105 ) ),
 .UNSPECIFIED., .F., .F., .T. ) 
 B_SPLINE_SURFACE_WITH_KNOTS ( ( 4, 4 ),
 ( 3, 3 ),
 ( -6.505213034913026604E-18, 0.0006777331173306920618 ),
 ( 0.000000000000000000, 1.000000000000000000 ),
 .UNSPECIFIED. ) 
 GEOMETRIC_REPRESENTATION_ITEM ( )  RATIONAL_B_SPLINE_SURFACE ( (
 ( 1.000000000000000000, 0.7071093031884717606, 1.000000000000000000),
 ( 1.000000000000000000, 0.7720324628974709613, 1.000000000000000000),
 ( 1.000000000000000000, 0.8246623219446755915, 1.000000000000000000),
 ( 1.000000000000000000, 0.8620267822736914498, 1.000000000000000000) ) ) 
 REPRESENTATION_ITEM ( '' )  SURFACE ( )  );
#8808 = DIRECTION ( 'NONE',  ( -0.2752712985249108901, -0.9079252406750608628, 0.3160656095710863145 ) ) ;
#8809 = EDGE_CURVE ( 'NONE', #3386, #821, #9113, .T. ) ;
#8810 = DIRECTION ( 'NONE',  ( -0.000000000000000000, -0.000000000000000000, -1.000000000000000000 ) ) ;
#8811 = CARTESIAN_POINT ( 'NONE',  ( 10.47849768863892983, 13.67944478185050983, 2.500000000000000444 ) ) ;
#8812 = DIRECTION ( 'NONE',  ( -1.000000000000000000, 8.462065736584503245E-17, 0.000000000000000000 ) ) ;
#8813 = AXIS2_PLACEMENT_3D ( 'NONE', #3470, #6609, #8089 ) ;
#8814 = ORIENTED_EDGE ( 'NONE', *, *, #7082, .T. ) ;
#8815 = ORIENTED_EDGE ( 'NONE', *, *, #402, .F. ) ;
#8816 = CARTESIAN_POINT ( 'NONE',  ( 11.20667781836259458, 43.18848209792611215, 2.097336577495706234 ) ) ;
#8817 = EDGE_CURVE ( 'NONE', #6080, #4820, #5792, .T. ) ;
#8818 = STYLED_ITEM ( 'NONE', ( #6810 ), #4518 ) ;
#8819 = EDGE_CURVE ( 'NONE', #2468, #10072, #9466, .T. ) ;
#8820 = CARTESIAN_POINT ( 'NONE',  ( 48.29889845772039081, 21.73924926317938144, 2.839594034769562736 ) ) ;
#8821 = CARTESIAN_POINT ( 'NONE',  ( 12.23808200083105469, 8.907630116987661495, 1.019653330697063209 ) ) ;
#8822 = CARTESIAN_POINT ( 'NONE',  ( 40.79490202859442149, 41.83419285632187723, 1.962355491294392129 ) ) ;
#8823 = CARTESIAN_POINT ( 'NONE',  ( 14.69644377278650360, 50.18928311950861598, 3.760512551670962988 ) ) ;
#8824 = CARTESIAN_POINT ( 'NONE',  ( 39.10135861183612604, 6.656195374226851591, 0.5000000000000355271 ) ) ;
#8825 = CARTESIAN_POINT ( 'NONE',  ( 40.46073986493302499, 11.60612410327442134, 7.743090174226717082 ) ) ;
#8826 = ORIENTED_EDGE ( 'NONE', *, *, #7527, .F. ) ;
#8827 = ORIENTED_EDGE ( 'NONE', *, *, #4409, .F. ) ;
#8828 = CARTESIAN_POINT ( 'NONE',  ( 9.776411528681993701, 40.10264972178985943, 2.500000000000000444 ) ) ;
#8829 = CARTESIAN_POINT ( 'NONE',  ( 38.23422047052832085, 51.35377908131393099, 1.745559232100789560 ) ) ;
#8830 = ADVANCED_FACE ( 'NONE', ( #2841 ), #6924, .T. ) ;
#8831 = DIRECTION ( 'NONE',  ( 1.000000000000000000, 0.000000000000000000, 0.000000000000000000 ) ) ;
#8832 = CARTESIAN_POINT ( 'NONE',  ( 37.56456119802700044, 3.660238321360170577, 2.732262363101368496 ) ) ;
#8833 = EDGE_LOOP ( 'NONE', ( #9388, #576, #328, #6321 ) ) ;
#8835 = CIRCLE ( 'NONE', #4400, 0.5000000000000006661 ) ;
#8834 = DIRECTION ( 'NONE',  ( 0.9560939670194180673, 0.2930602774670628685, 0.000000000000000000 ) ) ;
#8836 = DIRECTION ( 'NONE',  ( 1.000000000000000000, 0.000000000000000000, 0.000000000000000000 ) ) ;
#8837 = AXIS2_PLACEMENT_3D ( 'NONE', #8343, #8392, #6863 ) ;
#8838 = ORIENTED_EDGE ( 'NONE', *, *, #8494, .F. ) ;
#8839 = CARTESIAN_POINT ( 'NONE',  ( 15.00991137390270502, 4.314462972446879263, 1.400000000000005684 ) ) ;
#8840 = PLANE ( 'NONE',  #9875 ) ;
#8841 = CARTESIAN_POINT ( 'NONE',  ( 48.34725698808924932, 31.32807569686055871, 6.754033588614026584 ) ) ;
#8842 = DIRECTION ( 'NONE',  ( -1.000000000000000000, 0.000000000000000000, -0.000000000000000000 ) ) ;
#8843 = CARTESIAN_POINT ( 'NONE',  ( 39.06894885169074882, 46.71185626921565159, 0.2779446772587801928 ) ) ;
#8844 = CIRCLE ( 'NONE', #3433, 17.79471559560509775 ) ;
#8845 = ORIENTED_EDGE ( 'NONE', *, *, #257, .T. ) ;
#8846 = CARTESIAN_POINT ( 'NONE',  ( 48.22683049121001631, 33.18013237118385206, 6.563442257500005539 ) ) ;
#8847 = CARTESIAN_POINT ( 'NONE',  ( 36.00991137390269614, 4.814462972446877487, 1.400000000000005684 ) ) ;
#8848 = VECTOR ( 'NONE', #8600, 1000.000000000000227 ) ;
#8849 = CARTESIAN_POINT ( 'NONE',  ( 37.84326414872457178, 50.92312017234762322, 6.505213034913026604E-16 ) ) ;
#8850 = CARTESIAN_POINT ( 'NONE',  ( 46.79712402700370433, 34.02692418523932361, 7.000000000000000000 ) ) ;
#8851 = VECTOR ( 'NONE', #9306, 1000.000000000000000 ) ;
#8852 = EDGE_CURVE ( 'NONE', #4870, #1784, #8900, .T. ) ;
#8853 = DIRECTION ( 'NONE',  ( 0.000000000000000000, 0.000000000000000000, 1.000000000000000000 ) ) ;
#8854 = CARTESIAN_POINT ( 'NONE',  ( 0.000000000000000000, 23.82807569686055871, 7.000000000000000000 ) ) ;
#8855 = CARTESIAN_POINT ( 'NONE',  ( 36.25793661718217464, 51.94168842127428576, 1.786837798302927105 ) ) ;
#8856 = B_SPLINE_CURVE_WITH_KNOTS ( 'NONE', 3,
 ( #1917, #5045, #1156, #7407, #2016, #4275, #5149, #4321, #8275, #6592, #395, #3510, #5872, #9713, #8999, #9817, #2681, #1967, #7456, #5101, #8227, #1205, #8952, #444, #3555, #6692, #8173, #2781, #837, #2568, #2466, #6268, #7294, #4926, #8779, #3230, #9445, #5493, #5653, #5598, #7087, #8729, #2520, #8624 ),
 .UNSPECIFIED., .F., .F.,
 ( 4, 2, 1, 2, 2, 1, 1, 2, 2, 2, 2, 1, 2, 2, 1, 2, 2, 2, 2, 2, 2, 1, 2, 2, 4 ),
 ( 0.08691341947244073107, 0.1154473751139248328, 0.1225808640242958547, 0.1243642362518890127, 0.1252559223656858900, 0.1261476084794827812, 0.1297143529346702628, 0.1439813307554195787, 0.2010492420384160650, 0.2295831976799140306, 0.2438501755006630134, 0.2474169199558525212, 0.2492002921834445828, 0.2500919782972406136, 0.2509836644110366444, 0.2581171533214078884, 0.3151850646043748982, 0.4293208871703083629, 0.4863887984532755948, 0.4935222873636467833, 0.5006557762740178052, 0.5149227540947595161, 0.5434567097362440480, 0.7717283548681219685, 1.000000000000000000 ),
 .UNSPECIFIED. ) ;
#8857 = ORIENTED_EDGE ( 'NONE', *, *, #4545, .T. ) ;
#8858 = DIRECTION ( 'NONE',  ( 0.000000000000000000, 0.000000000000000000, -1.000000000000000000 ) ) ;
#8859 = CARTESIAN_POINT ( 'NONE',  ( 15.72210172939996653, 3.240490309877256170, 0.7382520816034707778 ) ) ;
#8860 = ORIENTED_EDGE ( 'NONE', *, *, #7242, .F. ) ;
#8861 = CARTESIAN_POINT ( 'NONE',  ( 40.74157340535716543, 13.32115805946173381, 1.962242582307565320 ) ) ;
#8862 = CARTESIAN_POINT ( 'NONE',  ( 10.82828115186975459, 42.28095623749084808, 1.820423128936530244 ) ) ;
#8863 = CARTESIAN_POINT ( 'NONE',  ( 10.11259579673563636, 15.44166926748048851, 2.000000000000000444 ) ) ;
#8864 = CARTESIAN_POINT ( 'NONE',  ( 14.40017979844130558, 49.20459146457377386, 4.421016028194467040 ) ) ;
#8865 = LINE ( 'NONE', #313, #2825 ) ;
#8866 = CARTESIAN_POINT ( 'NONE',  ( 10.41034817187093076, 13.83156680112961823, 1.999999999999779288 ) ) ;
#8867 = CARTESIAN_POINT ( 'NONE',  ( 9.848712330408545768, 40.21028410747187820, 8.000000000000000000 ) ) ;
#8868 = ORIENTED_EDGE ( 'NONE', *, *, #6415, .F. ) ;
#8869 = EDGE_LOOP ( 'NONE', ( #7094, #9054, #5676, #4443 ) ) ;
#8870 = DIRECTION ( 'NONE',  ( -0.7991390392312295310, -0.6011462351013999728, 0.000000000000000000 ) ) ;
#8871 = CYLINDRICAL_SURFACE ( 'NONE', #5534, 2.000000000000001776 ) ;
#8872 = CARTESIAN_POINT ( 'NONE',  ( -13.49008862636929429, 6.800460117891003797, 5.000000000000000888 ) ) ;
#8873 = B_SPLINE_CURVE_WITH_KNOTS ( 'NONE', 3,
 ( #1062, #8177, #2635, #8795, #5669, #447 ),
 .UNSPECIFIED., .F., .F.,
 ( 4, 2, 4 ),
 ( 2.709663057374774029E-15, 0.0004218148480490714614, 0.0008436296960954332846 ),
 .UNSPECIFIED. ) ;
#8874 = B_SPLINE_CURVE_WITH_KNOTS ( 'NONE', 3,
 ( #7550, #3023, #741, #4621, #10058, #9294, #6987, #2258, #6170, #10106, #5392 ),
 .UNSPECIFIED., .F., .F.,
 ( 4, 1, 1, 1, 2, 2, 4 ),
 ( 0.000000000000000000, 0.2499999999999350520, 0.3749999999999104605, 0.4374999999998979150, 0.4687499999998994693, 0.4999999999999010791, 1.000000000000000000 ),
 .UNSPECIFIED. ) ;
#8875 = LINE ( 'NONE', #64, #1959 ) ;
#8876 = DIRECTION ( 'NONE',  ( 0.000000000000000000, 0.3287670013228730093, -0.9444110645482538535 ) ) ;
#8877 = EDGE_CURVE ( 'NONE', #10090, #4331, #1702, .T. ) ;
#8878 = EDGE_CURVE ( 'NONE', #3660, #8012, #6928, .T. ) ;
#8879 = CARTESIAN_POINT ( 'NONE',  ( 9.951195558913452643, 14.83282496563069763, 0.5000000000000004441 ) ) ;
#8880 = ORIENTED_EDGE ( 'NONE', *, *, #1014, .F. ) ;
#8881 = CARTESIAN_POINT ( 'NONE',  ( 15.89467069402416044, 3.240356086483028974, 0.7667404903108770986 ) ) ;
#8882 = AXIS2_PLACEMENT_3D ( 'NONE', #9900, #2816, #9185 ) ;
#8883 = CYLINDRICAL_SURFACE ( 'NONE', #2981, 1.250000000000001332 ) ;
#8884 = CYLINDRICAL_SURFACE ( 'NONE', #10024, 2.000000000000000888 ) ;
#8885 = CARTESIAN_POINT ( 'NONE',  ( 10.00913945981479536, 14.67630926509864331, 7.500000000000000000 ) ) ;
#8886 = EDGE_LOOP ( 'NONE', ( #8571, #2057, #9084, #1025 ) ) ;
#8887 = DIRECTION ( 'NONE',  ( 1.000000000000000000, 0.000000000000000000, 0.000000000000000000 ) ) ;
#8888 = CARTESIAN_POINT ( 'NONE',  ( 45.51093188262812106, 19.72065061703458611, 6.943851214601989952 ) ) ;
#8889 = EDGE_CURVE ( 'NONE', #4820, #4082, #4462, .T. ) ;
#8890 = VERTEX_POINT ( 'NONE', #8067 ) ;
#8891 = CARTESIAN_POINT ( 'NONE',  ( 14.48923492770936150, 3.663596533854919901, 2.752296129448659645 ) ) ;
#8892 = AXIS2_PLACEMENT_3D ( 'NONE', #9112, #3666, #8383 ) ;
#8893 = CARTESIAN_POINT ( 'NONE',  ( 43.50644096050604048, 38.26083996541552068, 6.500000000000000888 ) ) ;
#8894 = CARTESIAN_POINT ( 'NONE',  ( 48.03331144795753715, 31.32807569686055160, 6.887438614787902758 ) ) ;
#8895 = B_SPLINE_CURVE_WITH_KNOTS ( 'NONE', 3,
 ( #4972, #322, #1943, #7564 ),
 .UNSPECIFIED., .F., .F.,
 ( 4, 4 ),
 ( 0.000000000000000000, 0.0006846689626390861042 ),
 .UNSPECIFIED. ) ;
#8896 = CARTESIAN_POINT ( 'NONE',  ( 48.62827832076740719, 22.66525641191438112, 5.999999999999999112 ) ) ;
#8897 = CARTESIAN_POINT ( 'NONE',  ( 46.50991137363070749, 31.07807569686055160, 8.000000000000000000 ) ) ;
#8898 = ORIENTED_EDGE ( 'NONE', *, *, #9334, .T. ) ;
#8899 = FACE_OUTER_BOUND ( 'NONE', #7279, .T. ) ;
#8900 = CIRCLE ( 'NONE', #6273, 1.000000000000000888 ) ;
#8901 = CARTESIAN_POINT ( 'NONE',  ( 40.06727452416620139, 9.782616162072764965, 7.542084481388176442 ) ) ;
#8902 = CARTESIAN_POINT ( 'NONE',  ( 41.54505870708288029, 13.68794969473585788, 2.016851308795416742 ) ) ;
#8903 = CIRCLE ( 'NONE', #7260, 0.5000000000000006661 ) ;
#8904 = CARTESIAN_POINT ( 'NONE',  ( 48.79846204852487546, 23.52978974892232955, 3.250000000000000444 ) ) ;
#8905 = EDGE_CURVE ( 'NONE', #4001, #2294, #8735, .T. ) ;
#8906 = CIRCLE ( 'NONE', #5133, 20.49999999981464782 ) ;
#8907 = CARTESIAN_POINT ( 'NONE',  ( 40.48640594209536658, 42.68204349435010414, 8.000000000000000000 ) ) ;
#8908 = CYLINDRICAL_SURFACE ( 'NONE', #1842, 0.5000000000000024425 ) ;
#8909 = ORIENTED_EDGE ( 'NONE', *, *, #6077, .T. ) ;
#8910 = CARTESIAN_POINT ( 'NONE',  ( 37.76018665119652695, 51.47636497652768384, 2.817349428819049262 ) ) ;
#8911 = EDGE_LOOP ( 'NONE', ( #5874, #6119, #4033 ) ) ;
#8912 = DIRECTION ( 'NONE',  ( 0.000000000000000000, 0.000000000000000000, -1.000000000000000000 ) ) ;
#8913 = AXIS2_PLACEMENT_3D ( 'NONE', #8580, #4676, #3129 ) ;
#8914 = CARTESIAN_POINT ( 'NONE',  ( -13.49008862636929429, 4.214462972446882283, -2.168404344971008868E-16 ) ) ;
#8915 = AXIS2_PLACEMENT_3D ( 'NONE', #5763, #5819, #285 ) ;
#8916 = EDGE_CURVE ( 'NONE', #8168, #2765, #6967, .T. ) ;
#8917 = VERTEX_POINT ( 'NONE', #4118 ) ;
#8918 = FACE_OUTER_BOUND ( 'NONE', #1645, .T. ) ;
#8919 = DIRECTION ( 'NONE',  ( 0.000000000000000000, 0.000000000000000000, 1.000000000000000000 ) ) ;
#8920 = CARTESIAN_POINT ( 'NONE',  ( 36.53673875219062239, 51.87656065975303221, 0.6103080094931109256 ) ) ;
#8921 = CARTESIAN_POINT ( 'NONE',  ( 41.16535594013041077, 18.82807569686061200, 2.000000000000000000 ) ) ;
#8922 = VECTOR ( 'NONE', #4693, 1000.000000000000000 ) ;
#8923 = CARTESIAN_POINT ( 'NONE',  ( 10.78454518556614872, 12.98008555052244972, 2.454622195945682428 ) ) ;
#8924 = CARTESIAN_POINT ( 'NONE',  ( 12.18523067530838233, 9.080207102989696466, 0.4993174270294579720 ) ) ;
#8925 = CARTESIAN_POINT ( 'NONE',  ( 10.38206606924695663, 40.12151463601789203, 8.000000000000000000 ) ) ;
#8926 = ORIENTED_EDGE ( 'NONE', *, *, #4664, .F. ) ;
#8927 = VERTEX_POINT ( 'NONE', #243 ) ;
#8928 = CARTESIAN_POINT ( 'NONE',  ( 36.18218764998564296, 3.214462972446654909, 1.603617791954356386 ) ) ;
#8929 = VECTOR ( 'NONE', #1886, 1000.000000000000000 ) ;
#8930 = CARTESIAN_POINT ( 'NONE',  ( 11.77387833983249976, 43.72560830082989725, 7.792260112130874994 ) ) ;
#8931 = CARTESIAN_POINT ( 'NONE',  ( 26.00991137390270325, 12.82807569686058358, 10.90000000000000213 ) ) ;
#8932 = AXIS2_PLACEMENT_3D ( 'NONE', #736, #3744, #6210 ) ;
#8933 = CARTESIAN_POINT ( 'NONE',  ( 13.29694654034638646, 49.75268926862458585, 4.053367431565293444 ) ) ;
#8934 = CARTESIAN_POINT ( 'NONE',  ( 9.307777521155234268, -11.06367011885005525, 8.000000000000000000 ) ) ;
#8935 = ORIENTED_EDGE ( 'NONE', *, *, #5021, .T. ) ;
#8936 = EDGE_CURVE ( 'NONE', #9504, #8739, #9039, .T. ) ;
#8937 = ORIENTED_EDGE ( 'NONE', *, *, #3579, .T. ) ;
#8938 = CARTESIAN_POINT ( 'NONE',  ( 16.00991137390270325, 3.452074046984450639, 0.3528809025131153243 ) ) ;
#8939 = AXIS2_PLACEMENT_3D ( 'NONE', #6432, #237, #8836 ) ;
#8940 = CARTESIAN_POINT ( 'NONE',  ( 38.30389299989307972, 51.12647606512772569, 1.898027695904021872 ) ) ;
#8941 = DIRECTION ( 'NONE',  ( -0.000000000000000000, -0.000000000000000000, -1.000000000000000000 ) ) ;
#8942 = ADVANCED_FACE ( 'NONE', ( #7454 ), #9406, .T. ) ;
#8943 = CARTESIAN_POINT ( 'NONE',  ( 37.73847243107312011, 3.672683591511181067, 2.633714814878193700 ) ) ;
#8944 = CARTESIAN_POINT ( 'NONE',  ( 15.06543187001462591, 51.73994464374485602, 2.434653660962425192 ) ) ;
#8945 = DIRECTION ( 'NONE',  ( -1.000000000000000000, -0.000000000000000000, 0.000000000000000000 ) ) ;
#8946 = VERTEX_POINT ( 'NONE', #6589 ) ;
#8947 = CARTESIAN_POINT ( 'NONE',  ( 46.75991137363070749, 31.32807569686055160, 8.000000000000000000 ) ) ;
#8948 = CARTESIAN_POINT ( 'NONE',  ( 36.46743956106696771, 3.256922635750635120, 1.992640269017534882 ) ) ;
#8949 = CARTESIAN_POINT ( 'NONE',  ( 38.32131113223428542, 4.086501082640006111, 0.5000000000000004441 ) ) ;
#8950 = CARTESIAN_POINT ( 'NONE',  ( 26.00991137390258956, 45.07807569686060845, 3.000000000000000000 ) ) ;
#8951 = EDGE_CURVE ( 'NONE', #4649, #2156, #3977, .T. ) ;
#8952 = CARTESIAN_POINT ( 'NONE',  ( 40.40197582402699794, 10.81924390378925160, 6.479685026292585803 ) ) ;
#8953 = EDGE_LOOP ( 'NONE', ( #6552, #9073, #2652 ) ) ;
#8954 = CARTESIAN_POINT ( 'NONE',  ( 46.53968423206341498, 31.21230169126501508, 7.172850261386076731 ) ) ;
#8955 = CARTESIAN_POINT ( 'NONE',  ( 41.82981093758328939, 14.31956564219603578, 2.376965625793285408 ) ) ;
#8956 = CARTESIAN_POINT ( 'NONE',  ( 40.57757008050178626, 43.28157281509707133, 7.999999999945628382 ) ) ;
#8957 = CARTESIAN_POINT ( 'NONE',  ( 41.22114954656862551, 14.18683865230543972, 2.000000000000000444 ) ) ;
#8958 = CIRCLE ( 'NONE', #6334, 0.6999999999999992895 ) ;
#8959 = FACE_OUTER_BOUND ( 'NONE', #8380, .T. ) ;
#8960 = ORIENTED_EDGE ( 'NONE', *, *, #3912, .F. ) ;
#8961 = CARTESIAN_POINT ( 'NONE',  ( 53.74831193812256203, 10.64198600275350515, 2.500000000000000444 ) ) ;
#8962 = ORIENTED_EDGE ( 'NONE', *, *, #3150, .F. ) ;
#8963 = CARTESIAN_POINT ( 'NONE',  ( 40.83077798257961888, 43.12102106826967685, 7.590219535114820282 ) ) ;
#8964 = CARTESIAN_POINT ( 'NONE',  ( 15.68218764962088585, 3.214462972571297428, 0.9009776590585186762 ) ) ;
#8965 = ADVANCED_FACE ( 'NONE', ( #3348 ), #5537, .T. ) ;
#8966 = EDGE_LOOP ( 'NONE', ( #7508, #9453, #4092, #1396 ) ) ;
#8967 = CARTESIAN_POINT ( 'NONE',  ( 43.50991137363070749, 27.95335337183384183, 3.990000000000000657 ) ) ;
#8968 = DIRECTION ( 'NONE',  ( -0.000000000000000000, -0.000000000000000000, -1.000000000000000000 ) ) ;
#8969 = CARTESIAN_POINT ( 'NONE',  ( 48.20578756748940918, 21.66091581308942793, 2.762665033669141401 ) ) ;
#8970 = CARTESIAN_POINT ( 'NONE',  ( 47.83195998103262525, 21.41624920012906585, 2.205833833531380073 ) ) ;
#8971 = CARTESIAN_POINT ( 'NONE',  ( 46.50991137363070749, 27.09069615251121377, 6.139999999999994351 ) ) ;
#8972 = CARTESIAN_POINT ( 'NONE',  ( 14.60753030589610368, 10.54177017099643088, 7.500000000000000000 ) ) ;
#8973 = CARTESIAN_POINT ( 'NONE',  ( 36.00991137390269614, 9.682545528899618503, 8.000000000000000000 ) ) ;
#8974 = EDGE_CURVE ( 'NONE', #2757, #8276, #2671, .T. ) ;
#8975 = ORIENTED_EDGE ( 'NONE', *, *, #5810, .T. ) ;
#8976 = CARTESIAN_POINT ( 'NONE',  ( 36.06412190657648864, 3.294111391654443555, 2.082983367462725166 ) ) ;
#8977 = CARTESIAN_POINT ( 'NONE',  ( 12.71133639312604302, 10.93617965800222436, 7.764558794659848218 ) ) ;
#8978 = CARTESIAN_POINT ( 'NONE',  ( 13.76383793188982274, 51.21642009522934558, 2.105081797915438813 ) ) ;
#8979 = CARTESIAN_POINT ( 'NONE',  ( 11.94080721204944240, 45.30280468970391894, 5.812354834342284171 ) ) ;
#8980 = CARTESIAN_POINT ( 'NONE',  ( 13.65820978135495878, 50.93809867806755420, 3.258228128700304982 ) ) ;
#8981 = CARTESIAN_POINT ( 'NONE',  ( 45.52157452904240387, 20.70494337094855197, 7.061454941213589187 ) ) ;
#8982 = ORIENTED_EDGE ( 'NONE', *, *, #4072, .F. ) ;
#8983 = EDGE_CURVE ( 'NONE', #1235, #675, #845, .T. ) ;
#8984 = ORIENTED_EDGE ( 'NONE', *, *, #3258, .T. ) ;
#8985 = CARTESIAN_POINT ( 'NONE',  ( 41.86535594013036388, 36.32807569686066529, 3.000000000000000000 ) ) ;
#8986 = B_SPLINE_CURVE_WITH_KNOTS ( 'NONE', 3,
 ( #609, #7665, #6858, #3090, #9929, #6038 ),
 .UNSPECIFIED., .F., .F.,
 ( 4, 2, 4 ),
 ( 0.001432378922613318636, 0.002674425627340125400, 0.003916472332066932814 ),
 .UNSPECIFIED. ) ;
#8987 = CARTESIAN_POINT ( 'NONE',  ( 38.27776580855562116, 51.21171469659869047, 3.074694196666633239 ) ) ;
#8988 = DIRECTION ( 'NONE',  ( -0.000000000000000000, -0.000000000000000000, -1.000000000000000000 ) ) ;
#8989 = FACE_OUTER_BOUND ( 'NONE', #6740, .T. ) ;
#8990 = CARTESIAN_POINT ( 'NONE',  ( 45.60991137363071601, 27.57807569686059423, 8.000000000000000000 ) ) ;
#8991 = CARTESIAN_POINT ( 'NONE',  ( 14.64220886694634594, 51.60150636696457127, 2.460321123167495294 ) ) ;
#8992 = VECTOR ( 'NONE', #1007, 1000.000000000000000 ) ;
#8993 = CARTESIAN_POINT ( 'NONE',  ( 44.94393106424463724, 18.98193902482142192, 6.833333333331824022 ) ) ;
#8994 = ORIENTED_EDGE ( 'NONE', *, *, #1984, .T. ) ;
#8995 = FACE_BOUND ( 'NONE', #1402, .T. ) ;
#8996 = CARTESIAN_POINT ( 'NONE',  ( 36.53896426561691158, 3.280318710097452239, 1.920925293013775459 ) ) ;
#8997 = CARTESIAN_POINT ( 'NONE',  ( 13.26643221405413264, 9.713013744641846969, 6.944093490530680590 ) ) ;
#8998 = DIRECTION ( 'NONE',  ( -1.000000000000000000, 0.000000000000000000, 0.000000000000000000 ) ) ;
#8999 = CARTESIAN_POINT ( 'NONE',  ( 40.44249326968784430, 10.93577928045120196, 6.559356359272388914 ) ) ;
#9000 = ORIENTED_EDGE ( 'NONE', *, *, #2287, .F. ) ;
#9001 = EDGE_CURVE ( 'NONE', #599, #4932, #1551, .T. ) ;
#9002 = VECTOR ( 'NONE', #686, 1000.000000000000000 ) ;
#9003 = CARTESIAN_POINT ( 'NONE',  ( 42.35788392518428935, 15.20900970726603418, 0.5000000000000004441 ) ) ;
#9004 = FACE_OUTER_BOUND ( 'NONE', #7319, .T. ) ;
#9005 = CYLINDRICAL_SURFACE ( 'NONE', #6633, 20.49999999972801135 ) ;
#9006 = EDGE_CURVE ( 'NONE', #8890, #8946, #2467, .T. ) ;
#9007 = CARTESIAN_POINT ( 'NONE',  ( 37.84326414872456468, 50.92312017234762322, 0.5000000000000004441 ) ) ;
#9008 = EDGE_CURVE ( 'NONE', #5398, #707, #7683, .T. ) ;
#9009 = ORIENTED_EDGE ( 'NONE', *, *, #5425, .T. ) ;
#9010 = CARTESIAN_POINT ( 'NONE',  ( 37.32288094080217888, 51.61940977450376522, 2.642452183575919822 ) ) ;
#9011 = CIRCLE ( 'NONE', #9978, 14.99999999999999822 ) ;
#9012 = ORIENTED_EDGE ( 'NONE', *, *, #6124, .T. ) ;
#9013 = CARTESIAN_POINT ( 'NONE',  ( 42.50991137390269614, 27.57807569686058358, 2.000000000000000000 ) ) ;
#9014 = AXIS2_PLACEMENT_3D ( 'NONE', #1270, #4962, #8095 ) ;
#9015 = LINE ( 'NONE', #5063, #891 ) ;
#9016 = ORIENTED_EDGE ( 'NONE', *, *, #9500, .F. ) ;
#9017 = CARTESIAN_POINT ( 'NONE',  ( 10.78454673581551937, 42.17606600701359554, 2.454622202779446649 ) ) ;
#9018 = CARTESIAN_POINT ( 'NONE',  ( 40.51535594013037667, 18.82807569686056937, 3.000000000000000000 ) ) ;
#9019 = CARTESIAN_POINT ( 'NONE',  ( 47.40300996146801538, 21.38364563893260950, 2.026551620528620479 ) ) ;
#9020 = CARTESIAN_POINT ( 'NONE',  ( -13.83238835329783711, 42.28732887041068267, 0.5000000000000004441 ) ) ;
#9021 = CARTESIAN_POINT ( 'NONE',  ( 15.83763509780404100, 51.94168842127428576, 1.000000000000007105 ) ) ;
#9022 = EDGE_CURVE ( 'NONE', #9946, #5348, #887, .T. ) ;
#9023 = CARTESIAN_POINT ( 'NONE',  ( 10.16897504048801437, 39.79163378244167859, 8.000000000000000000 ) ) ;
#9024 = ORIENTED_EDGE ( 'NONE', *, *, #9658, .F. ) ;
#9025 = ORIENTED_EDGE ( 'NONE', *, *, #8334, .T. ) ;
#9026 = AXIS2_PLACEMENT_3D ( 'NONE', #9889, #2188, #9124 ) ;
#9027 = CARTESIAN_POINT ( 'NONE',  ( 45.52445781557537430, 19.73376406280450723, 6.939302464069935894 ) ) ;
#9028 = CIRCLE ( 'NONE', #5913, 20.49999999981464782 ) ;
#9029 = CARTESIAN_POINT ( 'NONE',  ( 12.03909147096572951, 11.67850252138168266, 7.990752698590673830 ) ) ;
#9030 = CARTESIAN_POINT ( 'NONE',  ( 48.31424461028446871, 33.40399153466014326, 6.437338457057661500 ) ) ;
#9031 = CARTESIAN_POINT ( 'NONE',  ( 13.05762258588163505, 48.96222740276575536, 3.346333209716130686 ) ) ;
#9032 = FACE_OUTER_BOUND ( 'NONE', #7138, .T. ) ;
#9033 = ORIENTED_EDGE ( 'NONE', *, *, #3217, .T. ) ;
#9034 = VERTEX_POINT ( 'NONE', #8625 ) ;
#9035 = FACE_OUTER_BOUND ( 'NONE', #6436, .T. ) ;
#9036 = CARTESIAN_POINT ( 'NONE',  ( 48.20578756748940918, 33.49523558063172146, 6.205891020876664221 ) ) ;
#9037 = PLANE ( 'NONE',  #2002 ) ;
#9038 = CARTESIAN_POINT ( 'NONE',  ( 45.80268872672046143, 20.08653427432840743, 6.974480095893026643 ) ) ;
#9039 = B_SPLINE_CURVE_WITH_KNOTS ( 'NONE', 3,
 ( #4935, #3398, #8841, #1102, #2628, #8894, #6688, #5822, #7354, #4172, #7251 ),
 .UNSPECIFIED., .F., .F.,
 ( 4, 1, 1, 1, 2, 2, 4 ),
 ( 0.000000000000000000, 0.2500000000000131006, 0.3750000000000266454, 0.4375000000000264233, 0.4687500000000263678, 0.5000000000000262013, 1.000000000000000000 ),
 .UNSPECIFIED. ) ;
#9040 = ADVANCED_FACE ( 'NONE', ( #8575 ), #4163, .T. ) ;
#9041 = CARTESIAN_POINT ( 'NONE',  ( 42.32099629868579882, 15.16040648861696205, 2.000000000000000444 ) ) ;
#9042 = CARTESIAN_POINT ( 'NONE',  ( 43.50991137363070749, 26.30209948433251554, 5.567050983124831376 ) ) ;
#9043 = EDGE_LOOP ( 'NONE', ( #8058, #418, #7484, #2707 ) ) ;
#9044 = CARTESIAN_POINT ( 'NONE',  ( 13.69851161557113706, 4.086501082639999893, 1.936151262327276745 ) ) ;
#9045 = CARTESIAN_POINT ( 'NONE',  ( 15.68218764995519088, 3.214462972461247237, 1.754123599344610929 ) ) ;
#9046 = CARTESIAN_POINT ( 'NONE',  ( 14.53741029888461966, 5.492573141412737669, 4.113140595862143201 ) ) ;
#9047 = CYLINDRICAL_SURFACE ( 'NONE', #7406, 0.4999999999999995559 ) ;
#9048 = DIRECTION ( 'NONE',  ( -1.000000000000000000, 0.000000000000000000, -0.000000000000000000 ) ) ;
#9049 = ORIENTED_EDGE ( 'NONE', *, *, #6117, .T. ) ;
#9050 = AXIS2_PLACEMENT_3D ( 'NONE', #2689, #2588, #5778 ) ;
#9051 = DIRECTION ( 'NONE',  ( 0.000000000000000000, -0.9510565162951514218, -0.3090169943749542236 ) ) ;
#9052 = CARTESIAN_POINT ( 'NONE',  ( 38.32131113223427121, 51.06965031108115483, 1.936151262264842243 ) ) ;
#9053 = DIRECTION ( 'NONE',  ( 0.000000000000000000, 0.000000000000000000, 1.000000000000000000 ) ) ;
#9054 = ORIENTED_EDGE ( 'NONE', *, *, #818, .F. ) ;
#9055 = DIRECTION ( 'NONE',  ( 0.000000000000000000, 0.3090169943749542791, -0.9510565162951514218 ) ) ;
#9056 = EDGE_CURVE ( 'NONE', #7711, #8479, #4514, .T. ) ;
#9057 = ORIENTED_EDGE ( 'NONE', *, *, #3223, .T. ) ;
#9058 = CARTESIAN_POINT ( 'NONE',  ( 36.10358178360926473, 3.255031379288504390, 0.7123466615642487509 ) ) ;
#9059 = CARTESIAN_POINT ( 'NONE',  ( 10.85446680767500993, 36.32807569686057292, 6.500000000000000000 ) ) ;
#9060 = VECTOR ( 'NONE', #7751, 1000.000000000000000 ) ;
#9061 = EDGE_CURVE ( 'NONE', #5448, #4241, #2666, .T. ) ;
#9062 = CIRCLE ( 'NONE', #1525, 0.6999999999999975131 ) ;
#9063 = EDGE_CURVE ( 'NONE', #4423, #1741, #6632, .T. ) ;
#9064 = AXIS2_PLACEMENT_3D ( 'NONE', #2961, #6925, #7735 ) ;
#9065 = ORIENTED_EDGE ( 'NONE', *, *, #984, .F. ) ;
#9066 = CARTESIAN_POINT ( 'NONE',  ( 42.32099631002323292, 39.99574489021205181, 2.000000000000000000 ) ) ;
#9067 = FACE_OUTER_BOUND ( 'NONE', #9826, .T. ) ;
#9068 = FACE_OUTER_BOUND ( 'NONE', #4978, .T. ) ;
#9069 = CARTESIAN_POINT ( 'NONE',  ( 13.75954731464166692, 8.072930860789179874, 5.843972004639701900 ) ) ;
#9070 = CIRCLE ( 'NONE', #3328, 16.00000000000000000 ) ;
#9071 = CARTESIAN_POINT ( 'NONE',  ( 15.00991137390270858, 50.34168842127429144, 1.399999999999999911 ) ) ;
#9072 = ORIENTED_EDGE ( 'NONE', *, *, #3166, .F. ) ;
#9073 = ORIENTED_EDGE ( 'NONE', *, *, #4428, .T. ) ;
#9074 = CARTESIAN_POINT ( 'NONE',  ( 46.75991137363070749, 24.07807569686055871, 2.000000000000000000 ) ) ;
#9075 = CARTESIAN_POINT ( 'NONE',  ( 11.96076253808609380, 43.37262347217344427, 7.999999999999998224 ) ) ;
#9076 = EDGE_CURVE ( 'NONE', #2156, #213, #5621, .T. ) ;
#9077 = ORIENTED_EDGE ( 'NONE', *, *, #5488, .F. ) ;
#9078 = AXIS2_PLACEMENT_3D ( 'NONE', #6330, #9401, #6223 ) ;
#9079 = CARTESIAN_POINT ( 'NONE',  ( 11.18609893924731047, 43.16201849499326215, 7.295299838307601092 ) ) ;
#9080 = ORIENTED_EDGE ( 'NONE', *, *, #6201, .F. ) ;
#9081 = CARTESIAN_POINT ( 'NONE',  ( 13.49724944948447458, 50.41129258145583236, 2.376558197391621441 ) ) ;
#9082 = CARTESIAN_POINT ( 'NONE',  ( 46.50991137363070749, 28.06545524120995339, 3.139999999999998792 ) ) ;
#9083 = EDGE_LOOP ( 'NONE', ( #6386, #377, #2017, #2690 ) ) ;
#9084 = ORIENTED_EDGE ( 'NONE', *, *, #810, .T. ) ;
#9085 =( BOUNDED_SURFACE ( )  B_SPLINE_SURFACE ( 3, 2, ( 
 ( #6664, #2759, #1940 ),
 ( #5897, #3534, #1839 ),
 ( #6520, #5075, #5746 ),
 ( #2038, #2806, #9027 ),
 ( #4199, #8202, #1180 ),
 ( #5948, #9838, #4969 ) ),
 .UNSPECIFIED., .F., .F., .T. ) 
 B_SPLINE_SURFACE_WITH_KNOTS ( ( 4, 2, 4 ),
 ( 3, 3 ),
 ( 0.000000000000000000, 0.0007630012613183805850, 0.001526002522636761170 ),
 ( 0.000000000000000000, 1.000000000000000000 ),
 .UNSPECIFIED. ) 
 GEOMETRIC_REPRESENTATION_ITEM ( )  RATIONAL_B_SPLINE_SURFACE ( (
 ( 1.000000000000000000, 0.9239380341973858490, 1.000000000000000000),
 ( 1.000000000000000000, 0.9190930893260053081, 1.000000000000000000),
 ( 1.000000000000000000, 0.9131719485018671145, 1.000000000000000000),
 ( 1.000000000000000000, 0.8977355221216721803, 1.000000000000000000),
 ( 1.000000000000000000, 0.8882275008506292924, 1.000000000000000000),
 ( 1.000000000000000000, 0.8755196833773303267, 1.000000000000000000) ) ) 
 REPRESENTATION_ITEM ( '' )  SURFACE ( )  );
#9086 = CARTESIAN_POINT ( 'NONE',  ( 48.53417352820778774, 22.18720406571146953, 6.107762867229595827 ) ) ;
#9087 = CARTESIAN_POINT ( 'NONE',  ( 48.47946113536338686, 33.14347757500346603, 6.066733791429822276 ) ) ;
#9088 = CARTESIAN_POINT ( 'NONE',  ( 45.30446090580525720, 34.42518519722513304, 7.666666666966426291 ) ) ;
#9089 = CARTESIAN_POINT ( 'NONE',  ( 10.75536770896020045, 14.28245738109542273, 8.000000000000000000 ) ) ;
#9090 = AXIS2_PLACEMENT_3D ( 'NONE', #1393, #8466, #2924 ) ;
#9091 = EDGE_CURVE ( 'NONE', #6203, #2294, #991, .T. ) ;
#9092 = CARTESIAN_POINT ( 'NONE',  ( 48.42463933372046370, 33.25405900725481700, 6.304813616223015948 ) ) ;
#9093 = DIRECTION ( 'NONE',  ( -0.000000000000000000, -0.000000000000000000, -1.000000000000000000 ) ) ;
#9094 = B_SPLINE_CURVE_WITH_KNOTS ( 'NONE', 3,
 ( #9463, #854, #1564, #6289 ),
 .UNSPECIFIED., .F., .F.,
 ( 4, 4 ),
 ( -9.976654872519021458E-06, 0.0001062735966694240372 ),
 .UNSPECIFIED. ) ;
#9095 = CARTESIAN_POINT ( 'NONE',  ( 12.91846413596947230, 6.656195374226925310, 0.5000000000000655032 ) ) ;
#9096 = ORIENTED_EDGE ( 'NONE', *, *, #7365, .T. ) ;
#9097 = DIRECTION ( 'NONE',  ( -1.000000000000000000, 0.000000000000000000, 0.000000000000000000 ) ) ;
#9098 = ADVANCED_FACE ( 'NONE', ( #4875 ), #1412, .T. ) ;
#9099 = DIRECTION ( 'NONE',  ( -0.000000000000000000, -0.000000000000000000, -1.000000000000000000 ) ) ;
#9100 = CARTESIAN_POINT ( 'NONE',  ( 14.89957340555452880, 4.299236651626645589, 3.312684030382044398 ) ) ;
#9101 = CARTESIAN_POINT ( 'NONE',  ( 47.15130361865548991, 32.22769185965321981, 7.000000000000000000 ) ) ;
#9102 = ORIENTED_EDGE ( 'NONE', *, *, #8592, .T. ) ;
#9103 = CARTESIAN_POINT ( 'NONE',  ( 46.63022607886623661, 31.30100693239881693, 7.110268490876078928 ) ) ;
#9104 = DIRECTION ( 'NONE',  ( -0.9058206868284714997, 0.4236612837085731997, 0.000000000000000000 ) ) ;
#9105 = CARTESIAN_POINT ( 'NONE',  ( 41.81535594013037382, 18.82807569686056937, 6.500000000000000000 ) ) ;
#9106 = DIRECTION ( 'NONE',  ( -0.9560939670194182893, -0.2930602774670622579, 0.000000000000000000 ) ) ;
#9107 = ORIENTED_EDGE ( 'NONE', *, *, #7988, .T. ) ;
#9108 = FACE_OUTER_BOUND ( 'NONE', #2344, .T. ) ;
#9109 = ORIENTED_EDGE ( 'NONE', *, *, #913, .T. ) ;
#9110 = CARTESIAN_POINT ( 'NONE',  ( 36.00991137390269614, 3.452074046984450639, 0.3528809025131156019 ) ) ;
#9111 = B_SPLINE_CURVE_WITH_KNOTS ( 'NONE', 3,
 ( #9998, #2200, #8461, #823, #1438, #4558, #7689, #3270 ),
 .UNSPECIFIED., .F., .F.,
 ( 4, 2, 2, 4 ),
 ( 1.356998457775445175E-16, 0.0006847663106813255650, 0.001027149466021927198, 0.001369532621362528832 ),
 .UNSPECIFIED. ) ;
#9112 = CARTESIAN_POINT ( 'NONE',  ( 52.97147502703187172, 10.42745571398210025, 8.000000000000000000 ) ) ;
#9113 = B_SPLINE_CURVE_WITH_KNOTS ( 'NONE', 3,
 ( #9159, #1510, #7766, #7661 ),
 .UNSPECIFIED., .F., .F.,
 ( 4, 4 ),
 ( 0.000000000000000000, 0.0003378764663489176282 ),
 .UNSPECIFIED. ) ;
#9114 = DIRECTION ( 'NONE',  ( 0.000000000000000000, -0.4999999999999990563, -0.8660254037844391517 ) ) ;
#9115 = CARTESIAN_POINT ( 'NONE',  ( -13.49008862636929429, 17.31412688890281260, 25.81224303272701093 ) ) ;
#9116 = CARTESIAN_POINT ( 'NONE',  ( 37.10761763464649476, 51.68982343572513116, 0.2553825524246000067 ) ) ;
#9117 = AXIS2_PLACEMENT_3D ( 'NONE', #8658, #4036, #9631 ) ;
#9118 = CARTESIAN_POINT ( 'NONE',  ( 40.35468278156888999, 43.64291983195577984, 7.775083136713827336 ) ) ;
#9119 = DIRECTION ( 'NONE',  ( 1.000000000000000000, 0.000000000000000000, 0.000000000000000000 ) ) ;
#9120 = LINE ( 'NONE', #9884, #4254 ) ;
#9121 = CARTESIAN_POINT ( 'NONE',  ( 10.18810685453918197, 40.83694158316525602, 7.999999999999999112 ) ) ;
#9122 = ORIENTED_EDGE ( 'NONE', *, *, #3526, .F. ) ;
#9123 = ORIENTED_EDGE ( 'NONE', *, *, #2978, .F. ) ;
#9124 = DIRECTION ( 'NONE',  ( 0.000000000000000000, 0.8090169943749515591, -0.5877852522924675860 ) ) ;
#9125 = FACE_OUTER_BOUND ( 'NONE', #4591, .T. ) ;
#9126 = VERTEX_POINT ( 'NONE', #5228 ) ;
#9127 = ADVANCED_FACE ( 'NONE', ( #2771 ), #8362, .F. ) ;
#9128 = CARTESIAN_POINT ( 'NONE',  ( 48.22683049121002341, 33.18013237118385916, 6.563442257500018862 ) ) ;
#9129 = CARTESIAN_POINT ( 'NONE',  ( 13.29695619658627415, 49.75272116227783670, 2.817202098373448926 ) ) ;
#9130 = CARTESIAN_POINT ( 'NONE',  ( 46.50991137363070749, 28.06545524120995339, 3.139999999999998792 ) ) ;
#9131 = ORIENTED_EDGE ( 'NONE', *, *, #4361, .T. ) ;
#9132 = EDGE_CURVE ( 'NONE', #2207, #4189, #4027, .T. ) ;
#9133 = ORIENTED_EDGE ( 'NONE', *, *, #1997, .F. ) ;
#9134 = EDGE_CURVE ( 'NONE', #1674, #1387, #2452, .T. ) ;
#9135 = CARTESIAN_POINT ( 'NONE',  ( 42.31731368832673468, 15.15507860682630437, 7.500000000000000888 ) ) ;
#9136 = CARTESIAN_POINT ( 'NONE',  ( -13.49008862636929429, 13.07167707897554365, 1.888822129096485281 ) ) ;
#9137 = CARTESIAN_POINT ( 'NONE',  ( 12.88554571406187321, 44.37443844176073782, 7.660946871235453592 ) ) ;
#9138 = DIRECTION ( 'NONE',  ( -0.000000000000000000, -0.000000000000000000, -1.000000000000000000 ) ) ;
#9139 = CARTESIAN_POINT ( 'NONE',  ( 48.22683049120708887, 21.97601902253763129, 6.563442257501865384 ) ) ;
#9140 = CARTESIAN_POINT ( 'NONE',  ( 13.69851161557113706, 4.086501082639999893, 1.936151262327276745 ) ) ;
#9141 =( BOUNDED_CURVE ( )  B_SPLINE_CURVE ( 3, ( #4073, #7867, #4022, #3089 ),
 .UNSPECIFIED., .F., .T. ) 
 B_SPLINE_CURVE_WITH_KNOTS ( ( 4, 4 ),
 ( -4.440892098500626162E-15, 0.8005677942562507976 ),
 .UNSPECIFIED. ) 
 CURVE ( )  GEOMETRIC_REPRESENTATION_ITEM ( )  RATIONAL_B_SPLINE_CURVE ( ( 1.000000000000000000, 0.9473002680918036766, 0.9473002680918036766, 1.000000000000000000 ) ) 
 REPRESENTATION_ITEM ( '' )  );
#9142 = ORIENTED_EDGE ( 'NONE', *, *, #2478, .F. ) ;
#9143 = CARTESIAN_POINT ( 'NONE',  ( 48.86869132891028045, 23.88655449328015834, 6.000000000000000000 ) ) ;
#9144 = EDGE_CURVE ( 'NONE', #7125, #7189, #8308, .T. ) ;
#9145 = CARTESIAN_POINT ( 'NONE',  ( 14.64220885617128864, 3.554645030281155638, 2.460321127847998834 ) ) ;
#9146 = CARTESIAN_POINT ( 'NONE',  ( 11.13583917453985173, 12.15437036592847164, 8.581686870867287098 ) ) ;
#9147 = CIRCLE ( 'NONE', #1284, 11.99999999999999645 ) ;
#9148 = CARTESIAN_POINT ( 'NONE',  ( 26.00991137390269969, 27.57807569686057292, 8.000000000000000000 ) ) ;
#9149 = ORIENTED_EDGE ( 'NONE', *, *, #5146, .T. ) ;
#9150 = VECTOR ( 'NONE', #6144, 1000.000000000000000 ) ;
#9151 = CARTESIAN_POINT ( 'NONE',  ( 26.65991137390270183, 10.07807569686058180, 6.500000000000000000 ) ) ;
#9152 = CARTESIAN_POINT ( 'NONE',  ( 47.11900981335622163, 20.74661834744302524, 6.500000000000000888 ) ) ;
#9153 = FACE_OUTER_BOUND ( 'NONE', #8833, .T. ) ;
#9154 = CARTESIAN_POINT ( 'NONE',  ( 10.89512656497899101, 12.71487299146053118, 2.361027661370612485 ) ) ;
#9155 = ORIENTED_EDGE ( 'NONE', *, *, #5924, .T. ) ;
#9156 = CARTESIAN_POINT ( 'NONE',  ( 26.00991137390269969, 27.57807569686057292, 2.500000000000000444 ) ) ;
#9157 = ORIENTED_EDGE ( 'NONE', *, *, #1236, .T. ) ;
#9158 = DIRECTION ( 'NONE',  ( -0.000000000000000000, -0.000000000000000000, -1.000000000000000000 ) ) ;
#9159 = CARTESIAN_POINT ( 'NONE',  ( 46.75991137363070749, 23.82807569686055871, 7.055350293284473828 ) ) ;
#9160 = CARTESIAN_POINT ( 'NONE',  ( 14.02111115185925705, 51.39834232161285854, 2.442955767908427056 ) ) ;
#9161 = CARTESIAN_POINT ( 'NONE',  ( 11.95672351619269946, 43.60491383071184401, 1.359528944040293785 ) ) ;
#9162 = CARTESIAN_POINT ( 'NONE',  ( 36.00991137390269614, 9.682545528998877771, 6.923656268122231339 ) ) ;
#9163 = ADVANCED_FACE ( 'NONE', ( #2005 ), #527, .F. ) ;
#9164 = CARTESIAN_POINT ( 'NONE',  ( 38.48596036984991287, 50.53249070651362018, 0.5000000000000008882 ) ) ;
#9165 = DIRECTION ( 'NONE',  ( -0.3108948944432112227, 0.9504442985305056046, 0.000000000000000000 ) ) ;
#9166 = FACE_BOUND ( 'NONE', #3988, .T. ) ;
#9167 = AXIS2_PLACEMENT_3D ( 'NONE', #8248, #3477, #5894 ) ;
#9168 = CARTESIAN_POINT ( 'NONE',  ( 41.15023764104822135, 12.78785692880038027, 7.500000000000000000 ) ) ;
#9169 = AXIS2_PLACEMENT_3D ( 'NONE', #110, #9427, #2499 ) ;
#9170 = CARTESIAN_POINT ( 'NONE',  ( 10.86976321292467063, 42.36875202037815313, 7.500000000000000000 ) ) ;
#9171 = ORIENTED_EDGE ( 'NONE', *, *, #456, .F. ) ;
#9172 = ORIENTED_EDGE ( 'NONE', *, *, #8371, .T. ) ;
#9173 = LINE ( 'NONE', #3724, #2784 ) ;
#9174 = CARTESIAN_POINT ( 'NONE',  ( 37.15508560719485587, 50.74326323494757673, 3.388918265948562158 ) ) ;
#9175 = CARTESIAN_POINT ( 'NONE',  ( 15.56665428217848124, 51.90389690182438187, 0.8691260408017389416 ) ) ;
#9176 = EDGE_LOOP ( 'NONE', ( #9109, #4668, #7223, #1374, #9914, #7290 ) ) ;
#9177 = CARTESIAN_POINT ( 'NONE',  ( 38.31260206601137952, 4.058088205446066965, 1.917086256157614077 ) ) ;
#9178 = FACE_OUTER_BOUND ( 'NONE', #8776, .T. ) ;
#9179 = TOROIDAL_SURFACE ( 'NONE', #4749, 19.99999999981464427, 0.5000000000000000000 ) ;
#9180 = VECTOR ( 'NONE', #7767, 1000.000000000000000 ) ;
#9181 = ORIENTED_EDGE ( 'NONE', *, *, #9056, .T. ) ;
#9182 = ORIENTED_EDGE ( 'NONE', *, *, #9312, .T. ) ;
#9183 = DIRECTION ( 'NONE',  ( 0.000000000000000000, 0.4999999999999981126, 0.8660254037844397068 ) ) ;
#9184 = EDGE_CURVE ( 'NONE', #5134, #5728, #7592, .T. ) ;
#9185 = DIRECTION ( 'NONE',  ( -1.000000000000000000, 0.000000000000000000, 0.000000000000000000 ) ) ;
#9186 = DIRECTION ( 'NONE',  ( -1.000000000000000000, -0.000000000000000000, 0.000000000000000000 ) ) ;
#9187 = CARTESIAN_POINT ( 'NONE',  ( 37.04653521249113624, 51.70980378935298916, 0.4999999999999963918 ) ) ;
#9188 = CYLINDRICAL_SURFACE ( 'NONE', #6878, 0.6499999999999978018 ) ;
#9189 = EDGE_CURVE ( 'NONE', #4776, #588, #7257, .T. ) ;
#9190 = EDGE_CURVE ( 'NONE', #3280, #5728, #8179, .T. ) ;
#9191 = CARTESIAN_POINT ( 'NONE',  ( 14.19791587872867389, 51.45617599685517973, 2.599959055014483322 ) ) ;
#9192 = CARTESIAN_POINT ( 'NONE',  ( 41.63735608274128452, 14.31033391986472836, 2.000000000000001776 ) ) ;
#9193 = ORIENTED_EDGE ( 'NONE', *, *, #947, .T. ) ;
#9194 = CARTESIAN_POINT ( 'NONE',  ( 37.41139575455136423, 51.43858570342638359, 2.844642306241694119 ) ) ;
#9195 = CARTESIAN_POINT ( 'NONE',  ( 10.37883767798701129, 13.90098304790062400, 9.753265550142725004 ) ) ;
#9196 = CARTESIAN_POINT ( 'NONE',  ( 47.25548019544065426, 21.42644847495724392, 6.976207047278456308 ) ) ;
#9197 = ORIENTED_EDGE ( 'NONE', *, *, #3933, .F. ) ;
#9198 =( BOUNDED_SURFACE ( )  B_SPLINE_SURFACE ( 3, 2, ( 
 ( #8140, #8862, #9831 ),
 ( #1122, #2797, #9017 ),
 ( #5937, #8290, #1932 ),
 ( #3420, #1265, #8191 ) ),
 .UNSPECIFIED., .F., .F., .T. ) 
 B_SPLINE_SURFACE_WITH_KNOTS ( ( 4, 4 ),
 ( 3, 3 ),
 ( 0.000000000000000000, 0.0009053361142815044733 ),
 ( 0.000000000000000000, 1.000000000000000000 ),
 .UNSPECIFIED. ) 
 GEOMETRIC_REPRESENTATION_ITEM ( )  RATIONAL_B_SPLINE_SURFACE ( (
 ( 1.000000000000000000, 0.6608618721601989821, 1.000000000000000000),
 ( 1.000000000000000000, 0.6756264976287992274, 1.000000000000000000),
 ( 1.000000000000000000, 0.6911716881168171733, 1.000000000000000000),
 ( 1.000000000000000000, 0.7071067811865850983, 1.000000000000000000) ) ) 
 REPRESENTATION_ITEM ( '' )  SURFACE ( )  );
#9199 = ADVANCED_FACE ( 'NONE', ( #1834 ), #5601, .T. ) ;
#9200 = CARTESIAN_POINT ( 'NONE',  ( 48.20578756748940918, 33.49523558063172146, 2.762665033669120529 ) ) ;
#9201 = CARTESIAN_POINT ( 'NONE',  ( 41.66338175298382396, 14.81146341341658612, 1.689404361760122653 ) ) ;
#9202 = DIRECTION ( 'NONE',  ( -0.000000000000000000, -0.000000000000000000, -1.000000000000000000 ) ) ;
#9203 = FACE_OUTER_BOUND ( 'NONE', #6296, .T. ) ;
#9204 = ORIENTED_EDGE ( 'NONE', *, *, #3374, .F. ) ;
#9205 = LINE ( 'NONE', #600, #2334 ) ;
#9206 = EDGE_LOOP ( 'NONE', ( #8655, #4839, #8393, #1610 ) ) ;
#9207 = CARTESIAN_POINT ( 'NONE',  ( 42.25302803589619316, 40.08876286411537393, 2.000000000000271783 ) ) ;
#9208 = CIRCLE ( 'NONE', #1344, 0.5000000000000004441 ) ;
#9209 = CARTESIAN_POINT ( 'NONE',  ( 36.41338406435711050, 3.239240823181629647, 1.000000000000003553 ) ) ;
#9210 = CARTESIAN_POINT ( 'NONE',  ( 15.11638773817891135, 51.75661255293146468, 2.308526102025461491 ) ) ;
#9211 = VECTOR ( 'NONE', #1065, 1000.000000000000000 ) ;
#9212 = EDGE_CURVE ( 'NONE', #160, #943, #7276, .T. ) ;
#9213 = CARTESIAN_POINT ( 'NONE',  ( 11.21247331497830935, 11.92623196166043620, 7.248077135623153033 ) ) ;
#9214 = CARTESIAN_POINT ( 'NONE',  ( 2.562401074558693814, -7.833578278036370968, 0.5000000000000004441 ) ) ;
#9215 = CARTESIAN_POINT ( 'NONE',  ( 39.10135862152188935, 48.49995602334737299, 0.5000000000000000000 ) ) ;
#9216 = CARTESIAN_POINT ( 'NONE',  ( 11.55321375441839216, 12.42505687385948399, 8.000000000000000000 ) ) ;
#9217 = B_SPLINE_CURVE_WITH_KNOTS ( 'NONE', 3,
 ( #8337, #2751, #1221, #4192 ),
 .UNSPECIFIED., .F., .F.,
 ( 4, 4 ),
 ( 0.000000000000000000, 0.0004379039108567845404 ),
 .UNSPECIFIED. ) ;
#9218 = CARTESIAN_POINT ( 'NONE',  ( 41.95915288734452986, 39.64545715012081928, 2.000000000000000000 ) ) ;
#9219 = CARTESIAN_POINT ( 'NONE',  ( 41.95915288734452986, 39.64545715012081928, 2.000000000000000000 ) ) ;
#9220 = CARTESIAN_POINT ( 'NONE',  ( 14.36378144162646464, 10.60240088775351985, 1.029221305577601830 ) ) ;
#9221 = ORIENTED_EDGE ( 'NONE', *, *, #708, .T. ) ;
#9222 = FACE_OUTER_BOUND ( 'NONE', #5984, .T. ) ;
#9223 = CIRCLE ( 'NONE', #2168, 0.5000000000000004441 ) ;
#9224 = CARTESIAN_POINT ( 'NONE',  ( 37.07670401165960072, 50.99897913549087036, 3.217391229576596512 ) ) ;
#9225 = EDGE_CURVE ( 'NONE', #2563, #4998, #7982, .T. ) ;
#9226 = PLANE ( 'NONE',  #7237 ) ;
#9227 = VERTEX_POINT ( 'NONE', #9580 ) ;
#9228 = CARTESIAN_POINT ( 'NONE',  ( 38.23422047000521928, 3.802372310700625757, 1.745559218697429582 ) ) ;
#9229 = CARTESIAN_POINT ( 'NONE',  ( 45.70116727930111011, 34.94894386504355310, 2.000000000000000000 ) ) ;
#9230 = CIRCLE ( 'NONE', #4963, 17.79471559560509775 ) ;
#9231 = AXIS2_PLACEMENT_3D ( 'NONE', #2642, #9827, #5782 ) ;
#9232 = CARTESIAN_POINT ( 'NONE',  ( 9.878806547892647671, 14.89864681539638624, 2.000000000000036859 ) ) ;
#9233 = ORIENTED_EDGE ( 'NONE', *, *, #5679, .F. ) ;
#9234 = ORIENTED_EDGE ( 'NONE', *, *, #7402, .T. ) ;
#9235 = DIRECTION ( 'NONE',  ( 0.1931437917529432724, 0.9811704621049778252, 0.000000000000000000 ) ) ;
#9236 = FACE_OUTER_BOUND ( 'NONE', #159, .T. ) ;
#9237 = CARTESIAN_POINT ( 'NONE',  ( 9.661938822606197519, 39.94714168643540120, 7.500000000000000000 ) ) ;
#9238 = CIRCLE ( 'NONE', #4804, 1.000000000000000888 ) ;
#9239 = CARTESIAN_POINT ( 'NONE',  ( 37.05928587899730786, 51.05580488328942579, 3.179274115666989253 ) ) ;
#9240 = PLANE ( 'NONE',  #8932 ) ;
#9241 = DIRECTION ( 'NONE',  ( 1.000000000000000000, 0.000000000000000000, 0.000000000000000000 ) ) ;
#9242 = ORIENTED_EDGE ( 'NONE', *, *, #8747, .T. ) ;
#9243 = VERTEX_POINT ( 'NONE', #8762 ) ;
#9244 = EDGE_CURVE ( 'NONE', #9847, #8782, #874, .T. ) ;
#9245 = CARTESIAN_POINT ( 'NONE',  ( 14.99841777752390826, 3.438127381456417275, 2.291400806591444628 ) ) ;
#9246 = CARTESIAN_POINT ( 'NONE',  ( 14.08870470051166812, 2.813516365268060593, 2.316104634825750352 ) ) ;
#9247 = AXIS2_PLACEMENT_3D ( 'NONE', #3025, #8524, #6173 ) ;
#9248 = CARTESIAN_POINT ( 'NONE',  ( 40.75991137390269614, 27.57807569686058713, 11.30000000000000071 ) ) ;
#9249 = AXIS2_PLACEMENT_3D ( 'NONE', #2786, #6025, #7412 ) ;
#9250 = VERTEX_POINT ( 'NONE', #6613 ) ;
#9251 = DIRECTION ( 'NONE',  ( 0.000000000000000000, -0.000000000000000000, -1.000000000000000000 ) ) ;
#9252 = EDGE_CURVE ( 'NONE', #9696, #6270, #2331, .T. ) ;
#9253 = DIRECTION ( 'NONE',  ( 0.9504442985305071590, 0.3108948944432065042, 0.000000000000000000 ) ) ;
#9254 = CARTESIAN_POINT ( 'NONE',  ( 15.85566877680182785, 51.93606039804084418, 0.8794954175318947520 ) ) ;
#9255 = EDGE_LOOP ( 'NONE', ( #3842, #4438 ) ) ;
#9256 = CARTESIAN_POINT ( 'NONE',  ( 36.00991137390269614, 51.70407734673669609, 0.3528809025130907884 ) ) ;
#9257 = ADVANCED_FACE ( 'NONE', ( #4194 ), #5155, .F. ) ;
#9258 = ORIENTED_EDGE ( 'NONE', *, *, #9948, .T. ) ;
#9259 = CARTESIAN_POINT ( 'NONE',  ( 41.92924138312408644, 39.68521643951326183, 2.000000000000000444 ) ) ;
#9260 = EDGE_CURVE ( 'NONE', #10061, #5959, #211, .T. ) ;
#9261 = CARTESIAN_POINT ( 'NONE',  ( 40.46535594013036530, 36.32807569686066529, 3.000000000000000000 ) ) ;
#9262 =( BOUNDED_CURVE ( )  B_SPLINE_CURVE ( 3, ( #1022, #7936, #3161, #8763 ),
 .UNSPECIFIED., .F., .T. ) 
 B_SPLINE_CURVE_WITH_KNOTS ( ( 4, 4 ),
 ( 3.141592653589789119, 3.866556962123445462 ),
 .UNSPECIFIED. ) 
 CURVE ( )  GEOMETRIC_REPRESENTATION_ITEM ( )  RATIONAL_B_SPLINE_CURVE ( ( 1.000000000000000000, 0.9566796950092555374, 0.9566796950092555374, 1.000000000000000000 ) ) 
 REPRESENTATION_ITEM ( '' )  );
#9263 = CARTESIAN_POINT ( 'NONE',  ( 41.81535594013037382, 36.32807569686058713, 6.500000000000000000 ) ) ;
#9264 = FACE_OUTER_BOUND ( 'NONE', #1334, .T. ) ;
#9265 = SURFACE_STYLE_FILL_AREA ( #6143 ) ;
#9266 = CARTESIAN_POINT ( 'NONE',  ( 47.40785139444950858, 33.63518377827698913, 6.940221464900429460 ) ) ;
#9267 = CARTESIAN_POINT ( 'NONE',  ( 42.32099629868579882, 15.16040648861696560, 2.499999999999999556 ) ) ;
#9268 = CARTESIAN_POINT ( 'NONE',  ( 41.37967828749501109, 14.53293376275202853, 8.000000000000000000 ) ) ;
#9269 = CARTESIAN_POINT ( 'NONE',  ( 12.19157671298404821, 11.48234540719169239, 7.966406717946679983 ) ) ;
#9270 = ORIENTED_EDGE ( 'NONE', *, *, #3632, .F. ) ;
#9271 = CARTESIAN_POINT ( 'NONE',  ( 47.23796097456573051, 33.74130300632172208, 1.999999999999997780 ) ) ;
#9272 = ADVANCED_FACE ( 'NONE', ( #4141 ), #8094, .T. ) ;
#9273 = CARTESIAN_POINT ( 'NONE',  ( 39.90887480278881583, 45.80497385555323575, 6.701383936624519144 ) ) ;
#9274 = CARTESIAN_POINT ( 'NONE',  ( 10.85446680767511829, 18.82807569686041660, 3.000000000000000000 ) ) ;
#9275 = ORIENTED_EDGE ( 'NONE', *, *, #3719, .F. ) ;
#9276 = CARTESIAN_POINT ( 'NONE',  ( 47.11900981335422500, 34.40953304627975484, 6.999999999999869438 ) ) ;
#9277 = DIRECTION ( 'NONE',  ( 1.000000000000000000, -0.000000000000000000, 0.000000000000000000 ) ) ;
#9278 = CARTESIAN_POINT ( 'NONE',  ( 42.31649057219157584, 40.00166199484370821, 2.493244927297749935 ) ) ;
#9279 = VERTEX_POINT ( 'NONE', #2599 ) ;
#9280 = EDGE_LOOP ( 'NONE', ( #10043, #8082, #974, #6649 ) ) ;
#9281 = PLANE ( 'NONE',  #9064 ) ;
#9282 = AXIS2_PLACEMENT_3D ( 'NONE', #28, #5548, #3289 ) ;
#9283 = CARTESIAN_POINT ( 'NONE',  ( 44.77702478430025224, 19.31590831167921962, 7.557544505529395273 ) ) ;
#9284 = LINE ( 'NONE', #6780, #3637 ) ;
#9285 = DIRECTION ( 'NONE',  ( -1.000000000000000000, 0.000000000000000000, 0.000000000000000000 ) ) ;
#9286 = CARTESIAN_POINT ( 'NONE',  ( 39.48400235745875619, 11.10632575384638088, 7.847685049495029652 ) ) ;
#9287 = CARTESIAN_POINT ( 'NONE',  ( 11.52493988177088369, 13.07167707897554365, 1.888822129096485281 ) ) ;
#9288 = EDGE_CURVE ( 'NONE', #9366, #861, #8865, .T. ) ;
#9289 = CARTESIAN_POINT ( 'NONE',  ( 26.00991137390269969, 27.57807569686058358, 3.990000000000000657 ) ) ;
#9290 = EDGE_LOOP ( 'NONE', ( #7529, #3611, #4216, #1472 ) ) ;
#9291 = ORIENTED_EDGE ( 'NONE', *, *, #5941, .T. ) ;
#9292 = DIRECTION ( 'NONE',  ( 0.000000000000000000, 0.000000000000000000, -1.000000000000000000 ) ) ;
#9293 = CARTESIAN_POINT ( 'NONE',  ( 14.92570060422319500, 4.213998014276439719, 3.255508349018457981 ) ) ;
#9294 = CARTESIAN_POINT ( 'NONE',  ( 47.92292781921147338, 23.82807569686055160, 6.921343665111508336 ) ) ;
#9295 = ORIENTED_EDGE ( 'NONE', *, *, #8651, .F. ) ;
#9296 = DIRECTION ( 'NONE',  ( 1.000000000000000000, 0.000000000000000000, 0.000000000000000000 ) ) ;
#9297 = CARTESIAN_POINT ( 'NONE',  ( 40.74526495457880060, 43.39123674533712460, 7.135755666968303323 ) ) ;
#9298 = AXIS2_PLACEMENT_3D ( 'NONE', #1060, #1290, #8792 ) ;
#9299 = CARTESIAN_POINT ( 'NONE',  ( 41.66338175787852549, 40.34468797971379672, 1.689404361306140245 ) ) ;
#9300 = ORIENTED_EDGE ( 'NONE', *, *, #8550, .T. ) ;
#9301 = CARTESIAN_POINT ( 'NONE',  ( 38.10536869212160838, 5.088133710309285185, 0.000000000000000000 ) ) ;
#9302 = ORIENTED_EDGE ( 'NONE', *, *, #9567, .T. ) ;
#9303 = AXIS2_PLACEMENT_3D ( 'NONE', #9330, #4608, #6108 ) ;
#9304 = CARTESIAN_POINT ( 'NONE',  ( 48.20578756748940918, 21.66091581308943148, 6.205891020875663244 ) ) ;
#9305 = CARTESIAN_POINT ( 'NONE',  ( 14.15220246591025699, 10.92768865188903504, 7.758863266492386224 ) ) ;
#9306 = DIRECTION ( 'NONE',  ( 0.000000000000000000, 1.000000000000000000, -0.000000000000000000 ) ) ;
#9307 = ORIENTED_EDGE ( 'NONE', *, *, #3665, .F. ) ;
#9308 = CARTESIAN_POINT ( 'NONE',  ( 11.59443977439252116, 10.88664024133393049, 6.525753812758511962 ) ) ;
#9309 = ADVANCED_FACE ( 'NONE', ( #7519 ), #8239, .F. ) ;
#9310 = CARTESIAN_POINT ( 'NONE',  ( 14.60842700515399706, 51.43858570850283485, 2.844642300249387468 ) ) ;
#9311 = DIRECTION ( 'NONE',  ( -0.000000000000000000, -0.000000000000000000, -1.000000000000000000 ) ) ;
#9312 = EDGE_CURVE ( 'NONE', #3761, #2804, #8196, .T. ) ;
#9313 = LINE ( 'NONE', #10029, #7749 ) ;
#9314 = CARTESIAN_POINT ( 'NONE',  ( 42.35788392518428935, 15.20900970726603241, 7.500000000000000000 ) ) ;
#9315 = FACE_OUTER_BOUND ( 'NONE', #4812, .T. ) ;
#9316 = ORIENTED_EDGE ( 'NONE', *, *, #4379, .F. ) ;
#9317 = CARTESIAN_POINT ( 'NONE',  ( 26.00991137390270680, 27.57807569686058358, 9.900000000000002132 ) ) ;
#9318 = CARTESIAN_POINT ( 'NONE',  ( 15.76188613066995003, 51.94168842127428576, 1.000000000000001554 ) ) ;
#9319 = ORIENTED_EDGE ( 'NONE', *, *, #3921, .T. ) ;
#9320 = VECTOR ( 'NONE', #4737, 1000.000000000000000 ) ;
#9321 = CARTESIAN_POINT ( 'NONE',  ( 41.37697912310760984, 13.30925832791306895, 8.205811796723162743 ) ) ;
#9322 = CIRCLE ( 'NONE', #4897, 0.6999999999999975131 ) ;
#9323 = AXIS2_PLACEMENT_3D ( 'NONE', #4909, #8812, #464 ) ;
#9324 = LINE ( 'NONE', #671, #2555 ) ;
#9325 = ADVANCED_FACE ( 'NONE', ( #9166, #660 ), #5211, .F. ) ;
#9326 = CARTESIAN_POINT ( 'NONE',  ( 10.06150834223673485, 15.50958282481671979, 2.000000000000000444 ) ) ;
#9327 = ORIENTED_EDGE ( 'NONE', *, *, #4171, .F. ) ;
#9328 = ORIENTED_EDGE ( 'NONE', *, *, #9697, .T. ) ;
#9329 = CARTESIAN_POINT ( 'NONE',  ( 10.06150834223673129, 15.50958282481672690, 8.000000000000000000 ) ) ;
#9330 = CARTESIAN_POINT ( 'NONE',  ( 36.00991137390269614, 49.94168842127428576, 1.518327244431527001 ) ) ;
#9331 = DIRECTION ( 'NONE',  ( -1.000000000000000000, 0.000000000000000000, 0.000000000000000000 ) ) ;
#9332 = DIRECTION ( 'NONE',  ( 0.000000000000000000, 0.000000000000000000, -1.000000000000000000 ) ) ;
#9333 = CARTESIAN_POINT ( 'NONE',  ( 40.46073986493294683, 11.60612410327436095, 7.743090174226739286 ) ) ;
#9334 = EDGE_CURVE ( 'NONE', #7524, #8537, #1321, .T. ) ;
#9335 = CARTESIAN_POINT ( 'NONE',  ( 46.91858081757570886, 21.20787147377949111, 6.999999999999245048 ) ) ;
#9336 = LINE ( 'NONE', #7083, #8341 ) ;
#9337 = ORIENTED_EDGE ( 'NONE', *, *, #6379, .F. ) ;
#9338 = ORIENTED_EDGE ( 'NONE', *, *, #1928, .T. ) ;
#9339 = DIRECTION ( 'NONE',  ( 0.000000000000000000, 0.000000000000000000, -1.000000000000000000 ) ) ;
#9340 = CARTESIAN_POINT ( 'NONE',  ( 37.54064556663929864, 3.607973474115266477, 0.5000000000078960172 ) ) ;
#9341 = EDGE_CURVE ( 'NONE', #2476, #4515, #3495, .T. ) ;
#9342 = ORIENTED_EDGE ( 'NONE', *, *, #2175, .F. ) ;
#9343 = CARTESIAN_POINT ( 'NONE',  ( 46.50991137363070749, 27.57807569686057292, 7.594767274008265900 ) ) ;
#9344 = CARTESIAN_POINT ( 'NONE',  ( 40.87033646015110122, 43.06802192724128986, 7.360685860641767775 ) ) ;
#9345 = FACE_OUTER_BOUND ( 'NONE', #5610, .T. ) ;
#9346 = ORIENTED_EDGE ( 'NONE', *, *, #8300, .T. ) ;
#9347 = ORIENTED_EDGE ( 'NONE', *, *, #2674, .T. ) ;
#9348 = CARTESIAN_POINT ( 'NONE',  ( 48.36446528608715312, 21.81892218085839730, 6.136318652519439532 ) ) ;
#9349 = CARTESIAN_POINT ( 'NONE',  ( 13.40651678257779267, 50.11322976585512379, 0.5000000000000004441 ) ) ;
#9350 = EDGE_LOOP ( 'NONE', ( #5960, #1978, #5249, #4751, #334, #1003 ) ) ;
#9351 = CARTESIAN_POINT ( 'NONE',  ( 11.61536490890940598, 10.82640659109855186, 6.484589964803778805 ) ) ;
#9352 = ORIENTED_EDGE ( 'NONE', *, *, #9433, .F. ) ;
#9353 = CARTESIAN_POINT ( 'NONE',  ( 15.00991137390270858, 50.84168842127429144, 1.399999999999999911 ) ) ;
#9354 = CARTESIAN_POINT ( 'NONE',  ( 11.62652692040349933, 12.27040145151551620, 7.999999999999996447 ) ) ;
#9355 = EDGE_CURVE ( 'NONE', #5527, #7734, #5991, .T. ) ;
#9356 = CARTESIAN_POINT ( 'NONE',  ( 47.11900981335418237, 34.40953304627984721, 6.500000000000000888 ) ) ;
#9357 = DIRECTION ( 'NONE',  ( -1.000000000000000000, 0.000000000000000000, -0.000000000000000000 ) ) ;
#9358 = AXIS2_PLACEMENT_3D ( 'NONE', #7971, #4786, #4739 ) ;
#9359 = CARTESIAN_POINT ( 'NONE',  ( 10.02963872360973774, 14.63838763535065368, 7.500000000000002665 ) ) ;
#9360 = ORIENTED_EDGE ( 'NONE', *, *, #6999, .F. ) ;
#9361 = LINE ( 'NONE', #6349, #3323 ) ;
#9362 = ADVANCED_FACE ( 'NONE', ( #9068 ), #2948, .T. ) ;
#9363 = CARTESIAN_POINT ( 'NONE',  ( 39.40105891535587546, 47.50525788059409393, 0.6042183720898527399 ) ) ;
#9364 = EDGE_CURVE ( 'NONE', #6203, #6080, #9230, .T. ) ;
#9365 = CARTESIAN_POINT ( 'NONE',  ( 42.22943562972931630, 15.04099066201358426, 2.432113035019764169 ) ) ;
#9366 = VERTEX_POINT ( 'NONE', #2753 ) ;
#9367 = CARTESIAN_POINT ( 'NONE',  ( 36.00991137390269614, 45.47360586472228050, 6.923656268122233115 ) ) ;
#9368 = LINE ( 'NONE', #3006, #8459 ) ;
#9369 = CIRCLE ( 'NONE', #538, 11.99999999999999645 ) ;
#9370 = B_SPLINE_CURVE_WITH_KNOTS ( 'NONE', 3,
 ( #9256, #8379, #1359, #2171, #649, #2219, #5349, #1259 ),
 .UNSPECIFIED., .F., .F.,
 ( 4, 2, 2, 4 ),
 ( 9.215718466126787689E-19, 0.0003635026044095118910, 0.0005452539066142709535, 0.0007270052088190299619 ),
 .UNSPECIFIED. ) ;
#9371 = CARTESIAN_POINT ( 'NONE',  ( 42.26450142444623737, 40.06961961042396325, 2.455955871071371366 ) ) ;
#9372 = AXIS2_PLACEMENT_3D ( 'NONE', #9728, #6137, #8484 ) ;
#9373 = ORIENTED_EDGE ( 'NONE', *, *, #8195, .F. ) ;
#9374 = ORIENTED_EDGE ( 'NONE', *, *, #177, .T. ) ;
#9375 = B_SPLINE_CURVE_WITH_KNOTS ( 'NONE', 3,
 ( #4757, #115, #3214, #3578, #8976, #5797, #1084, #8147, #8928, #2708 ),
 .UNSPECIFIED., .F., .F.,
 ( 4, 2, 2, 2, 4 ),
 ( 0.002106568750812129551, 0.002356564760846200507, 0.002606560770880271029, 0.002856556780914341551, 0.003106552790948411639 ),
 .UNSPECIFIED. ) ;
#9376 = DIRECTION ( 'NONE',  ( 0.000000000000000000, -0.4999999999999987232, 0.8660254037844393737 ) ) ;
#9377 = EDGE_CURVE ( 'NONE', #1457, #3630, #8444, .T. ) ;
#9378 = DIRECTION ( 'NONE',  ( -0.000000000000000000, -0.000000000000000000, 1.000000000000000000 ) ) ;
#9379 = LINE ( 'NONE', #4759, #5121 ) ;
#9380 = AXIS2_PLACEMENT_3D ( 'NONE', #7615, #7715, #3614 ) ;
#9381 = CARTESIAN_POINT ( 'NONE',  ( 38.25599092969919468, 3.939739231724253887, 2.105086067865766797 ) ) ;
#9382 = ORIENTED_EDGE ( 'NONE', *, *, #9717, .F. ) ;
#9383 = VECTOR ( 'NONE', #6588, 1000.000000000000000 ) ;
#9384 = CARTESIAN_POINT ( 'NONE',  ( 40.35468270184608031, 11.51323156179709528, 7.775083137562607938 ) ) ;
#9385 = CIRCLE ( 'NONE', #6933, 19.87447294565551914 ) ;
#9386 = FACE_OUTER_BOUND ( 'NONE', #4408, .T. ) ;
#9387 = PLANE ( 'NONE',  #7036 ) ;
#9388 = ORIENTED_EDGE ( 'NONE', *, *, #2820, .T. ) ;
#9389 = ORIENTED_EDGE ( 'NONE', *, *, #5486, .F. ) ;
#9390 = CARTESIAN_POINT ( 'NONE',  ( 48.86869132891028755, 31.26959690044095552, 7.000000000000000888 ) ) ;
#9391 = EDGE_CURVE ( 'NONE', #8803, #1333, #5873, .T. ) ;
#9392 = DIRECTION ( 'NONE',  ( -1.000000000000000000, 0.000000000000000000, 0.000000000000000000 ) ) ;
#9393 = VECTOR ( 'NONE', #8525, 1000.000000000000000 ) ;
#9394 = CARTESIAN_POINT ( 'NONE',  ( 36.65598623221867314, 3.318597157356633076, 0.5179019881385625856 ) ) ;
#9395 = ORIENTED_EDGE ( 'NONE', *, *, #9570, .F. ) ;
#9396 = CARTESIAN_POINT ( 'NONE',  ( 38.62262310684876354, 6.800460117891003797, 3.556183125752454544E-14 ) ) ;
#9397 = VECTOR ( 'NONE', #740, 1000.000000000000000 ) ;
#9398 = CARTESIAN_POINT ( 'NONE',  ( 40.31206631067426116, 44.59804036775010161, 6.298948001347796755 ) ) ;
#9399 = ORIENTED_EDGE ( 'NONE', *, *, #296, .F. ) ;
#9400 = ADVANCED_FACE ( 'NONE', ( #1423 ), #5119, .F. ) ;
#9401 = DIRECTION ( 'NONE',  ( 0.000000000000000000, -0.000000000000000000, -1.000000000000000000 ) ) ;
#9402 = ORIENTED_EDGE ( 'NONE', *, *, #3859, .F. ) ;
#9403 = B_SPLINE_CURVE_WITH_KNOTS ( 'NONE', 3,
 ( #8645, #1771, #4076, #5673, #4129, #5514 ),
 .UNSPECIFIED., .F., .F.,
 ( 4, 2, 4 ),
 ( 0.000000000000000000, 0.5000000000000000000, 1.000000000000000000 ),
 .UNSPECIFIED. ) ;
#9404 = ORIENTED_EDGE ( 'NONE', *, *, #5898, .F. ) ;
#9405 = CARTESIAN_POINT ( 'NONE',  ( 48.36532188210271244, 22.04337800326899099, 6.429515401965150367 ) ) ;
#9406 =( BOUNDED_SURFACE ( )  B_SPLINE_SURFACE ( 3, 2, ( 
 ( #7302, #7404, #5870 ),
 ( #3453, #2779, #290 ),
 ( #1867, #9660, #8121 ),
 ( #8949, #341, #3507 ) ),
 .UNSPECIFIED., .F., .F., .T. ) 
 B_SPLINE_SURFACE_WITH_KNOTS ( ( 4, 4 ),
 ( 3, 3 ),
 ( -8.673617379884035472E-19, 0.002683109747626079462 ),
 ( 0.000000000000000000, 1.000000000000000000 ),
 .UNSPECIFIED. ) 
 GEOMETRIC_REPRESENTATION_ITEM ( )  RATIONAL_B_SPLINE_SURFACE ( (
 ( 1.000000000000000000, 0.7071067811865476838, 1.000000000000000000),
 ( 1.000000000000000000, 0.7071067811865476838, 1.000000000000000000),
 ( 1.000000000000000000, 0.7071067811865476838, 1.000000000000000000),
 ( 1.000000000000000000, 0.7071067811865476838, 1.000000000000000000) ) ) 
 REPRESENTATION_ITEM ( '' )  SURFACE ( )  );
#9407 = DIRECTION ( 'NONE',  ( 0.000000000000000000, 1.000000000000000000, 0.000000000000000000 ) ) ;
#9408 = CARTESIAN_POINT ( 'NONE',  ( 38.62262310684876354, 6.800460117891003797, 0.5000000000000355271 ) ) ;
#9409 = ORIENTED_EDGE ( 'NONE', *, *, #5480, .F. ) ;
#9410 = AXIS2_PLACEMENT_3D ( 'NONE', #8617, #4665, #3316 ) ;
#9411 = CARTESIAN_POINT ( 'NONE',  ( 11.06919218370090441, 12.28837812619186565, 7.500002139297134995 ) ) ;
#9412 = CARTESIAN_POINT ( 'NONE',  ( 15.60643868344834395, 51.91691057053953529, 0.7071067811865477948 ) ) ;
#9413 = CARTESIAN_POINT ( 'NONE',  ( 48.55316943299862231, 23.82807569686055871, 6.598472433999016395 ) ) ;
#9414 = CARTESIAN_POINT ( 'NONE',  ( 11.81014694735904413, 11.98164504923423479, 7.999999999999996447 ) ) ;
#9415 = EDGE_CURVE ( 'NONE', #5896, #2563, #1208, .T. ) ;
#9416 = CARTESIAN_POINT ( 'NONE',  ( 10.85446680767501704, 18.82807569686058358, 3.000000000000000000 ) ) ;
#9417 = CARTESIAN_POINT ( 'NONE',  ( 26.00991137390269969, 27.57807569686058358, 1.600000000000000089 ) ) ;
#9418 = CARTESIAN_POINT ( 'NONE',  ( 39.40212019470936866, 7.655531854388404334, 0.5829966544591121957 ) ) ;
#9419 = EDGE_LOOP ( 'NONE', ( #1179, #2534, #2716, #1237 ) ) ;
#9420 = VECTOR ( 'NONE', #9618, 1000.000000000000000 ) ;
#9421 = DIRECTION ( 'NONE',  ( -0.000000000000000000, 0.000000000000000000, 1.000000000000000000 ) ) ;
#9422 = FACE_OUTER_BOUND ( 'NONE', #965, .T. ) ;
#9423 = CARTESIAN_POINT ( 'NONE',  ( 47.85890018397424228, 33.78706917255515663, 6.388351215043154063 ) ) ;
#9424 = ORIENTED_EDGE ( 'NONE', *, *, #6773, .T. ) ;
#9425 = CARTESIAN_POINT ( 'NONE',  ( 40.55418948071412899, 11.28203876532975514, 7.996551359675216020 ) ) ;
#9426 = DIRECTION ( 'NONE',  ( 0.9504442985305052716, -0.3108948944432113892, 0.000000000000000000 ) ) ;
#9427 = DIRECTION ( 'NONE',  ( 0.000000000000000000, 0.000000000000000000, 1.000000000000000000 ) ) ;
#9428 = ORIENTED_EDGE ( 'NONE', *, *, #6572, .F. ) ;
#9429 = ORIENTED_EDGE ( 'NONE', *, *, #8627, .T. ) ;
#9430 = DIRECTION ( 'NONE',  ( 0.000000000000000000, 0.000000000000000000, -1.000000000000000000 ) ) ;
#9431 = CARTESIAN_POINT ( 'NONE',  ( 42.17903965498567942, 40.19894328182088117, 2.000000000000000000 ) ) ;
#9432 = CARTESIAN_POINT ( 'NONE',  ( 41.16535594013037525, 18.82807569686056937, 6.500000000000000000 ) ) ;
#9433 = EDGE_CURVE ( 'NONE', #8087, #5581, #397, .T. ) ;
#9434 = DIRECTION ( 'NONE',  ( 0.000000000000000000, 1.000000000000000000, -0.000000000000000000 ) ) ;
#9435 = ORIENTED_EDGE ( 'NONE', *, *, #9244, .F. ) ;
#9436 = CARTESIAN_POINT ( 'NONE',  ( 36.00991137390269614, 6.800460117890989586, 0.000000000000000000 ) ) ;
#9437 = EDGE_CURVE ( 'NONE', #4352, #8228, #5955, .T. ) ;
#9438 = CARTESIAN_POINT ( 'NONE',  ( 43.50991137363070749, 27.09069615251121377, 6.139999999999994351 ) ) ;
#9439 = AXIS2_PLACEMENT_3D ( 'NONE', #2145, #1480, #3781 ) ;
#9440 = EDGE_CURVE ( 'NONE', #2940, #4649, #2302, .T. ) ;
#9441 = DIRECTION ( 'NONE',  ( 0.000000000000000000, 0.3090169943749542791, -0.9510565162951514218 ) ) ;
#9442 = VERTEX_POINT ( 'NONE', #3200 ) ;
#9443 = VERTEX_POINT ( 'NONE', #2434 ) ;
#9444 = CARTESIAN_POINT ( 'NONE',  ( 48.04618467367643575, 35.44793070902910159, 6.000000000000000000 ) ) ;
#9445 = CARTESIAN_POINT ( 'NONE',  ( 39.67000394428350063, 8.537811637002892695, 4.921302755739754176 ) ) ;
#9446 = CARTESIAN_POINT ( 'NONE',  ( 40.56972663573054660, 11.70158259736539641, 7.710213460262183460 ) ) ;
#9447 = ORIENTED_EDGE ( 'NONE', *, *, #1941, .F. ) ;
#9448 = LINE ( 'NONE', #890, #7448 ) ;
#9449 = CARTESIAN_POINT ( 'NONE',  ( 40.95063064296072497, 42.86777326077406514, 7.500002139291903624 ) ) ;
#9450 = ADVANCED_FACE ( 'NONE', ( #908 ), #1566, .F. ) ;
#9451 = VERTEX_POINT ( 'NONE', #7111 ) ;
#9452 = CARTESIAN_POINT ( 'NONE',  ( 42.08157325654463676, 40.34819905920197414, 1.692069065529545391 ) ) ;
#9453 = ORIENTED_EDGE ( 'NONE', *, *, #6726, .T. ) ;
#9454 = ORIENTED_EDGE ( 'NONE', *, *, #5520, .F. ) ;
#9455 = CARTESIAN_POINT ( 'NONE',  ( 48.42463933371805496, 21.90209238646315626, 6.304813616229583140 ) ) ;
#9456 = CARTESIAN_POINT ( 'NONE',  ( 42.00936309756747988, 40.48224193530890602, 7.500000000000000000 ) ) ;
#9457 = CARTESIAN_POINT ( 'NONE',  ( 37.99871159594616898, 51.39834232161285854, 2.442955775934911866 ) ) ;
#9458 = ORIENTED_EDGE ( 'NONE', *, *, #2039, .T. ) ;
#9459 = DIRECTION ( 'NONE',  ( -0.000000000000000000, -0.000000000000000000, -1.000000000000000000 ) ) ;
#9460 = ORIENTED_EDGE ( 'NONE', *, *, #8974, .F. ) ;
#9461 = CIRCLE ( 'NONE', #5041, 0.5000000000000006661 ) ;
#9462 = DIRECTION ( 'NONE',  ( 1.000000000000000000, -8.462065736584504477E-17, 0.000000000000000000 ) ) ;
#9463 = CARTESIAN_POINT ( 'NONE',  ( 11.00316078719653490, 41.42694031209935446, 2.000000000000000000 ) ) ;
#9464 = CARTESIAN_POINT ( 'NONE',  ( 38.42229033667713622, 11.89582941397556581, 8.000000000000000000 ) ) ;
#9465 = CARTESIAN_POINT ( 'NONE',  ( 40.53124275701716783, 11.21081783975837354, 1.828893393536975331 ) ) ;
#9466 =( BOUNDED_CURVE ( )  B_SPLINE_CURVE ( 3, ( #9209, #8437, #7152, #139 ),
 .UNSPECIFIED., .F., .F. ) 
 B_SPLINE_CURVE_WITH_KNOTS ( ( 4, 4 ),
 ( 3.141592653589786455, 4.712388980384685233 ),
 .UNSPECIFIED. ) 
 CURVE ( )  GEOMETRIC_REPRESENTATION_ITEM ( )  RATIONAL_B_SPLINE_CURVE ( ( 1.000000000000000000, 0.8047378541243644934, 0.8047378541243644934, 1.000000000000000000 ) ) 
 REPRESENTATION_ITEM ( '' )  );
#9467 = DIRECTION ( 'NONE',  ( -1.000000000000000000, 0.000000000000000000, 0.000000000000000000 ) ) ;
#9468 = CARTESIAN_POINT ( 'NONE',  ( 13.17661029720274968, 49.35660119437101656, 0.5000000000000004441 ) ) ;
#9469 = B_SPLINE_CURVE_WITH_KNOTS ( 'NONE', 3,
 ( #9215, #10075, #657, #10126, #4534, #9164, #3717 ),
 .UNSPECIFIED., .F., .F.,
 ( 4, 3, 4 ),
 ( 0.000000000000000000, 0.001000000143037137060, 0.002685483686743751503 ),
 .UNSPECIFIED. ) ;
#9470 = AXIS2_PLACEMENT_3D ( 'NONE', #9783, #2892, #3615 ) ;
#9471 = EDGE_LOOP ( 'NONE', ( #6332, #7753, #2740, #293 ) ) ;
#9472 = CARTESIAN_POINT ( 'NONE',  ( 47.10249359828605975, 21.38613219576691193, 2.000000000000000000 ) ) ;
#9473 = CARTESIAN_POINT ( 'NONE',  ( 36.25793661713538540, 51.44168842127428576, 1.000000000000003553 ) ) ;
#9474 = CIRCLE ( 'NONE', #2750, 0.5000000000000013323 ) ;
#9475 = EDGE_CURVE ( 'NONE', #1784, #9526, #2326, .T. ) ;
#9476 = EDGE_LOOP ( 'NONE', ( #4156, #2837, #7133, #8692, #3018, #8868 ) ) ;
#9477 = CARTESIAN_POINT ( 'NONE',  ( 9.951195542422849982, 40.32332643439647768, 7.542084481485124670 ) ) ;
#9478 = CARTESIAN_POINT ( 'NONE',  ( 38.75339053374874965, 9.713013744636867841, 6.944093490527339263 ) ) ;
#9479 = CIRCLE ( 'NONE', #5060, 0.5000000000000006661 ) ;
#9480 = CARTESIAN_POINT ( 'NONE',  ( 15.83763509780404100, 51.94168842127428576, 1.518327244431517675 ) ) ;
#9481 = CARTESIAN_POINT ( 'NONE',  ( 46.50991137363070749, 29.15526903321798358, 4.640000000000006786 ) ) ;
#9482 = ORIENTED_EDGE ( 'NONE', *, *, #8663, .T. ) ;
#9483 = EDGE_LOOP ( 'NONE', ( #3320, #8632, #3267, #6045, #4554, #1797 ) ) ;
#9484 = CARTESIAN_POINT ( 'NONE',  ( 36.00991137390269614, 48.35569127583017490, 0.000000000000000000 ) ) ;
#9485 = DIRECTION ( 'NONE',  ( 0.000000000000000000, 0.000000000000000000, -1.000000000000000000 ) ) ;
#9486 = DIRECTION ( 'NONE',  ( 0.000000000000000000, 0.9510565162951513107, 0.3090169943749543346 ) ) ;
#9487 = CARTESIAN_POINT ( 'NONE',  ( 40.94100923707829054, 13.53084123624752344, 1.991816211553380178 ) ) ;
#9488 = ORIENTED_EDGE ( 'NONE', *, *, #9134, .F. ) ;
#9489 = CARTESIAN_POINT ( 'NONE',  ( 13.74205695329320775, 51.21171469607696025, 3.074694196544800473 ) ) ;
#9490 = LINE ( 'NONE', #3944, #1460 ) ;
#9491 = CARTESIAN_POINT ( 'NONE',  ( 40.13366494974390264, 11.89582941397556759, 7.999999999999989342 ) ) ;
#9492 = ORIENTED_EDGE ( 'NONE', *, *, #9212, .F. ) ;
#9493 = ORIENTED_EDGE ( 'NONE', *, *, #1114, .F. ) ;
#9494 = CARTESIAN_POINT ( 'NONE',  ( 10.20466215622430717, 40.87035839555376526, 2.000000000000000444 ) ) ;
#9495 = CIRCLE ( 'NONE', #5394, 20.47140452060577687 ) ;
#9496 = FACE_OUTER_BOUND ( 'NONE', #7475, .T. ) ;
#9497 = CARTESIAN_POINT ( 'NONE',  ( 40.04950619162075753, 11.28683897773821165, 7.815104318086516955 ) ) ;
#9498 = EDGE_CURVE ( 'NONE', #1741, #2407, #7772, .T. ) ;
#9499 = CARTESIAN_POINT ( 'NONE',  ( 14.49807821680638220, 10.61502633710979104, 7.549138176557264934 ) ) ;
#9500 = EDGE_CURVE ( 'NONE', #8228, #687, #4634, .T. ) ;
#9501 = ORIENTED_EDGE ( 'NONE', *, *, #3933, .T. ) ;
#9502 = CARTESIAN_POINT ( 'NONE',  ( 26.00991137390269969, 27.57807569686057292, 8.000000000000000000 ) ) ;
#9503 = CARTESIAN_POINT ( 'NONE',  ( 40.40156635946372177, 44.33809003252014236, 6.478865656560460096 ) ) ;
#9504 = VERTEX_POINT ( 'NONE', #10128 ) ;
#9505 = CARTESIAN_POINT ( 'NONE',  ( 53.74831193812256203, 44.51416539096764069, 6.500000000000000888 ) ) ;
#9506 = AXIS2_PLACEMENT_3D ( 'NONE', #3000, #2084, #1522 ) ;
#9507 = EDGE_LOOP ( 'NONE', ( #8711, #4296, #10054, #7216 ) ) ;
#9508 = AXIS2_PLACEMENT_3D ( 'NONE', #7915, #1869, #5770 ) ;
#9509 = EDGE_LOOP ( 'NONE', ( #2581, #9428, #1926, #2137 ) ) ;
#9510 = DIRECTION ( 'NONE',  ( 1.000000000000000000, -8.462065736584504477E-17, 0.000000000000000000 ) ) ;
#9511 = CARTESIAN_POINT ( 'NONE',  ( 41.71728281622357315, 41.08583666481793273, 7.500000000000000000 ) ) ;
#9512 = EDGE_CURVE ( 'NONE', #8614, #8549, #2018, .T. ) ;
#9513 = CARTESIAN_POINT ( 'NONE',  ( 13.09634794074679220, 47.24498265866008495, 0.09235349671962617135 ) ) ;
#9514 = ORIENTED_EDGE ( 'NONE', *, *, #1376, .F. ) ;
#9515 = LINE ( 'NONE', #4943, #9320 ) ;
#9516 = VERTEX_POINT ( 'NONE', #805 ) ;
#9517 = CARTESIAN_POINT ( 'NONE',  ( 13.91445406270249308, 50.06801770631000181, 0.000000000000000000 ) ) ;
#9518 = CARTESIAN_POINT ( 'NONE',  ( 38.77520035699799905, 7.363038064245780667, 7.005904049071614143E-14 ) ) ;
#9519 = CARTESIAN_POINT ( 'NONE',  ( 41.81675105438328899, 15.31567457938014876, 2.000000000000000444 ) ) ;
#9520 = CARTESIAN_POINT ( 'NONE',  ( 39.54744014380550965, 8.134839032828196537, 0.7501502095328553832 ) ) ;
#9521 = CARTESIAN_POINT ( 'NONE',  ( 15.00991137390270502, 5.314462972446880151, 1.400000000000005684 ) ) ;
#9522 = ORIENTED_EDGE ( 'NONE', *, *, #4579, .F. ) ;
#9523 = DIRECTION ( 'NONE',  ( -1.000000000000000000, 0.000000000000000000, 0.000000000000000000 ) ) ;
#9524 = DIRECTION ( 'NONE',  ( -0.000000000000000000, 0.000000000000000000, 1.000000000000000000 ) ) ;
#9525 = EDGE_CURVE ( 'NONE', #1598, #8803, #710, .T. ) ;
#9526 = VERTEX_POINT ( 'NONE', #8541 ) ;
#9527 = CARTESIAN_POINT ( 'NONE',  ( 36.00991137390269614, 46.71185626921564449, 0.2779446772587859660 ) ) ;
#9528 = CARTESIAN_POINT ( 'NONE',  ( 38.31260206613973196, 4.058088205864825326, 3.150928433152861530 ) ) ;
#9529 = CARTESIAN_POINT ( 'NONE',  ( 42.00257374643859976, 28.07849474179160154, 5.073248789104392920 ) ) ;
#9530 =( BOUNDED_SURFACE ( )  B_SPLINE_SURFACE ( 3, 2, ( 
 ( #6564, #4195, #3424 ),
 ( #4386, #5893, #4294 ),
 ( #1224, #463, #2801 ),
 ( #415, #5992, #5019 ),
 ( #5845, #8924, #6660 ),
 ( #5943, #510, #1891 ) ),
 .UNSPECIFIED., .F., .F., .F. ) 
 B_SPLINE_SURFACE_WITH_KNOTS ( ( 4, 2, 4 ),
 ( 3, 3 ),
 ( 0.005503016232788517960, 0.008054635293170943344, 0.01060625435355336960 ),
 ( 0.000000000000000000, 1.000000000000000000 ),
 .UNSPECIFIED. ) 
 GEOMETRIC_REPRESENTATION_ITEM ( )  RATIONAL_B_SPLINE_SURFACE ( (
 ( 1.000000000000000000, 0.6608619074111840019, 1.000000000000000000),
 ( 1.000000000000000000, 0.6634123091501750169, 1.000000000000000000),
 ( 1.000000000000000000, 0.6669105130254480152, 1.000000000000000000),
 ( 1.000000000000000000, 0.6713074460818848621, 1.000000000000000000),
 ( 1.000000000000000000, 0.6722283180895057830, 1.000000000000000000),
 ( 1.000000000000000000, 0.6725361843631922909, 1.000000000000000000) ) ) 
 REPRESENTATION_ITEM ( '' )  SURFACE ( )  );
#9531 = B_SPLINE_CURVE_WITH_KNOTS ( 'NONE', 3,
 ( #2151, #8410, #6206, #6977, #5428, #8561, #10047, #6830 ),
 .UNSPECIFIED., .F., .F.,
 ( 4, 2, 2, 4 ),
 ( 0.000000000000000000, 0.4999999999999982236, 0.7499999999999991118, 1.000000000000000000 ),
 .UNSPECIFIED. ) ;
#9532 = DIRECTION ( 'NONE',  ( -1.000000000000000000, 0.000000000000000000, 0.000000000000000000 ) ) ;
#9533 = EDGE_LOOP ( 'NONE', ( #3240, #1881, #3292, #9560 ) ) ;
#9534 = EDGE_CURVE ( 'NONE', #1707, #3182, #5566, .T. ) ;
#9535 = VERTEX_POINT ( 'NONE', #857 ) ;
#9536 = DIRECTION ( 'NONE',  ( 1.000000000000000000, -8.462065736584504477E-17, 0.000000000000000000 ) ) ;
#9537 = CARTESIAN_POINT ( 'NONE',  ( 41.16535594013041077, 18.82807569686061200, 3.000000000000000000 ) ) ;
#9538 = CARTESIAN_POINT ( 'NONE',  ( 41.16535594013037525, 18.82807569686056937, 3.000000000000000000 ) ) ;
#9539 = AXIS2_PLACEMENT_3D ( 'NONE', #3389, #6730, #2052 ) ;
#9540 = VERTEX_POINT ( 'NONE', #8698 ) ;
#9541 = CARTESIAN_POINT ( 'NONE',  ( 41.16535594013037525, 36.32807569686058713, 6.500000000000000000 ) ) ;
#9542 = CARTESIAN_POINT ( 'NONE',  ( 26.00991137390269259, 45.07807569686058713, 6.500000000000000000 ) ) ;
#9543 = CARTESIAN_POINT ( 'NONE',  ( 40.27684878260097889, 12.07380774782181376, 7.999999999999991118 ) ) ;
#9544 = ORIENTED_EDGE ( 'NONE', *, *, #7687, .F. ) ;
#9545 = EDGE_LOOP ( 'NONE', ( #5022, #2395, #8356, #6643 ) ) ;
#9546 = CARTESIAN_POINT ( 'NONE',  ( 9.838864395584964839, 40.19460467858342412, 2.500000000000000444 ) ) ;
#9547 = DIRECTION ( 'NONE',  ( 0.000000000000000000, 0.000000000000000000, -1.000000000000000000 ) ) ;
#9548 = PLANE ( 'NONE',  #5343 ) ;
#9549 = CARTESIAN_POINT ( 'NONE',  ( 36.37937608972285375, 3.228116651359597356, 0.8008322364866675702 ) ) ;
#9550 = AXIS2_PLACEMENT_3D ( 'NONE', #1187, #524, #1952 ) ;
#9551 = ORIENTED_EDGE ( 'NONE', *, *, #296, .T. ) ;
#9552 = CARTESIAN_POINT ( 'NONE',  ( 13.39719964095687033, 6.800460117890996692, 6.245004513516505540E-14 ) ) ;
#9553 = AXIS2_PLACEMENT_3D ( 'NONE', #3819, #4588, #6345 ) ;
#9554 = ORIENTED_EDGE ( 'NONE', *, *, #7623, .T. ) ;
#9555 = EDGE_CURVE ( 'NONE', #7945, #3280, #3155, .T. ) ;
#9556 = FACE_OUTER_BOUND ( 'NONE', #9083, .T. ) ;
#9557 = DIRECTION ( 'NONE',  ( -0.7991390057659585322, 0.6011462795887496657, 0.000000000000000000 ) ) ;
#9558 = CARTESIAN_POINT ( 'NONE',  ( 41.44023630710769623, 40.49542645627528259, 8.000000000000000000 ) ) ;
#9559 = PLANE ( 'NONE',  #3703 ) ;
#9560 = ORIENTED_EDGE ( 'NONE', *, *, #4956, .F. ) ;
#9561 = EDGE_CURVE ( 'NONE', #8725, #8549, #9313, .T. ) ;
#9562 = CARTESIAN_POINT ( 'NONE',  ( 10.66764922087751266, 41.90467911905962950, 2.500000000000075939 ) ) ;
#9563 = CARTESIAN_POINT ( 'NONE',  ( 44.63756226954963324, 36.13842475630738704, 7.109525160929086596 ) ) ;
#9564 = ORIENTED_EDGE ( 'NONE', *, *, #7853, .F. ) ;
#9565 = CARTESIAN_POINT ( 'NONE',  ( 13.39719988831233621, 48.35569127583016069, 0.000000000000000000 ) ) ;
#9566 = DIRECTION ( 'NONE',  ( 0.000000000000000000, 0.000000000000000000, -1.000000000000000000 ) ) ;
#9567 = EDGE_CURVE ( 'NONE', #5483, #9126, #4742, .T. ) ;
#9568 = CARTESIAN_POINT ( 'NONE',  ( 41.06647482637354329, 13.84233812795113927, 2.000000000000000444 ) ) ;
#9569 = DIRECTION ( 'NONE',  ( -1.000000000000000000, 0.000000000000000000, 0.000000000000000000 ) ) ;
#9570 = EDGE_CURVE ( 'NONE', #2901, #8012, #1518, .T. ) ;
#9571 = CARTESIAN_POINT ( 'NONE',  ( 36.86595752450970309, 51.67650634294193424, 2.549091995127862109 ) ) ;
#9572 = ORIENTED_EDGE ( 'NONE', *, *, #4814, .F. ) ;
#9573 = CARTESIAN_POINT ( 'NONE',  ( 40.75991137390271035, 27.57807569686058713, 10.90000000000000213 ) ) ;
#9574 = CARTESIAN_POINT ( 'NONE',  ( 39.82826757501797488, 11.48237193650167320, 7.966411060185285109 ) ) ;
#9575 = EDGE_LOOP ( 'NONE', ( #2036, #2266, #6180, #4064, #1557 ) ) ;
#9576 = DIRECTION ( 'NONE',  ( 0.000000000000000000, -0.9444110645482444166, 0.3287670013228996546 ) ) ;
#9577 = CARTESIAN_POINT ( 'NONE',  ( 37.07670401113632863, 4.157172267563714385, 3.217391235837192554 ) ) ;
#9578 = CARTESIAN_POINT ( 'NONE',  ( 10.65835366932988215, 14.49618150669192218, 2.000000000000000888 ) ) ;
#9579 = CARTESIAN_POINT ( 'NONE',  ( 14.19024070360887713, 48.50850555436897338, 4.887930885596931674 ) ) ;
#9580 = CARTESIAN_POINT ( 'NONE',  ( 45.70116727930110301, 20.20720752867758918, 2.000000000000000000 ) ) ;
#9581 = CARTESIAN_POINT ( 'NONE',  ( 10.65835366902677883, 14.49618152199134613, 2.000000000000000444 ) ) ;
#9582 = EDGE_CURVE ( 'NONE', #8236, #6836, #9070, .T. ) ;
#9583 = ORIENTED_EDGE ( 'NONE', *, *, #4853, .F. ) ;
#9584 = ORIENTED_EDGE ( 'NONE', *, *, #5072, .F. ) ;
#9585 = CARTESIAN_POINT ( 'NONE',  ( 12.23809558898835981, 46.24856317444228182, 1.019638661421194303 ) ) ;
#9586 = FACE_OUTER_BOUND ( 'NONE', #30, .T. ) ;
#9587 = CARTESIAN_POINT ( 'NONE',  ( 14.02111115185925705, 51.39834232161285854, 2.442955767908427056 ) ) ;
#9588 =( BOUNDED_CURVE ( )  B_SPLINE_CURVE ( 3, ( #1076, #3158, #4753, #108 ),
 .UNSPECIFIED., .F., .F. ) 
 B_SPLINE_CURVE_WITH_KNOTS ( ( 4, 4 ),
 ( 2.356933576402151509, 2.632019266890506692 ),
 .UNSPECIFIED. ) 
 CURVE ( )  GEOMETRIC_REPRESENTATION_ITEM ( )  RATIONAL_B_SPLINE_CURVE ( ( 1.000000000000000000, 0.9937039237521023693, 0.9937039237521023693, 1.000000000000000000 ) ) 
 REPRESENTATION_ITEM ( '' )  );
#9589 = DIRECTION ( 'NONE',  ( 0.000000000000000000, 0.000000000000000000, -1.000000000000000000 ) ) ;
#9590 = ORIENTED_EDGE ( 'NONE', *, *, #3416, .T. ) ;
#9591 = CARTESIAN_POINT ( 'NONE',  ( 14.85602807443998863, 50.71485035803228669, 3.407976824926429504 ) ) ;
#9592 = CARTESIAN_POINT ( 'NONE',  ( 38.51631781486256756, 4.724010123184737786, 0.5000000000000004441 ) ) ;
#9593 = B_SPLINE_CURVE_WITH_KNOTS ( 'NONE', 3,
 ( #10110, #5291, #4623, #3073, #1502, #9343 ),
 .UNSPECIFIED., .F., .F.,
 ( 4, 2, 4 ),
 ( 0.000000000000000000, 0.001762837482229310040, 0.003525674964458620081 ),
 .UNSPECIFIED. ) ;
#9594 = CARTESIAN_POINT ( 'NONE',  ( 40.93066179294230977, 12.26387953512526785, 8.000000000000040856 ) ) ;
#9595 = ORIENTED_EDGE ( 'NONE', *, *, #8494, .T. ) ;
#9596 = B_SPLINE_CURVE_WITH_KNOTS ( 'NONE', 3,
 ( #596, #1405, #2880, #7708 ),
 .UNSPECIFIED., .F., .F.,
 ( 4, 4 ),
 ( 9.611563714287651430E-05, 0.0005154584329342601617 ),
 .UNSPECIFIED. ) ;
#9597 = EDGE_LOOP ( 'NONE', ( #1652, #6393, #6566, #3960 ) ) ;
#9598 = DIRECTION ( 'NONE',  ( 1.000000000000000000, -0.000000000000000000, 0.000000000000000000 ) ) ;
#9599 = CARTESIAN_POINT ( 'NONE',  ( 38.29953846693485531, 51.14068250322451092, 3.122340594688757243 ) ) ;
#9600 = DIRECTION ( 'NONE',  ( -1.000000000000000000, 0.000000000000000000, 0.000000000000000000 ) ) ;
#9601 = CARTESIAN_POINT ( 'NONE',  ( 9.687458117521879686, 15.17507162106146623, 8.000000000000000000 ) ) ;
#9602 = VERTEX_POINT ( 'NONE', #8491 ) ;
#9603 = EDGE_CURVE ( 'NONE', #5581, #8927, #3160, .T. ) ;
#9604 = CIRCLE ( 'NONE', #2721, 16.00000000000000000 ) ;
#9605 = LINE ( 'NONE', #840, #4711 ) ;
#9606 = DIRECTION ( 'NONE',  ( -0.000000000000000000, -0.000000000000000000, -1.000000000000000000 ) ) ;
#9607 = ORIENTED_EDGE ( 'NONE', *, *, #4124, .T. ) ;
#9608 = FACE_OUTER_BOUND ( 'NONE', #3024, .T. ) ;
#9609 = CARTESIAN_POINT ( 'NONE',  ( 37.02140497056790025, 3.438127381550101447, 2.291400806761603182 ) ) ;
#9610 = CARTESIAN_POINT ( 'NONE',  ( 14.65664687122101739, 5.098286688547795542, 3.848664329044746424 ) ) ;
#9611 = CARTESIAN_POINT ( 'NONE',  ( -13.49008862636929429, 48.35569127583016069, 0.000000000000000000 ) ) ;
#9612 = CIRCLE ( 'NONE', #1746, 20.49999999981464782 ) ;
#9613 = DIRECTION ( 'NONE',  ( 0.000000000000000000, -1.000000000000000000, -7.118573178086988879E-15 ) ) ;
#9614 = VERTEX_POINT ( 'NONE', #6291 ) ;
#9615 = CARTESIAN_POINT ( 'NONE',  ( 11.95254822363918734, 9.782616162072748978, 0.5000000000000004441 ) ) ;
#9616 = B_SPLINE_CURVE_WITH_KNOTS ( 'NONE', 3,
 ( #4196, #416, #3531, #315, #1938, #6661 ),
 .UNSPECIFIED., .F., .F.,
 ( 4, 2, 4 ),
 ( -5.414000242687971162E-06, 0.0003546225671315625448, 0.0007146591345058130387 ),
 .UNSPECIFIED. ) ;
#9617 = CARTESIAN_POINT ( 'NONE',  ( 45.19127911675270326, 35.12404602001267051, 7.137722319238321234 ) ) ;
#9618 = DIRECTION ( 'NONE',  ( 1.000000000000000000, -0.000000000000000000, 0.000000000000000000 ) ) ;
#9619 = PLANE ( 'NONE',  #5541 ) ;
#9620 = CARTESIAN_POINT ( 'NONE',  ( 42.25334600141575692, 15.06784197152442317, 1.999999999999864553 ) ) ;
#9621 = FACE_OUTER_BOUND ( 'NONE', #2663, .T. ) ;
#9622 = CARTESIAN_POINT ( 'NONE',  ( 37.66645944040409688, 51.32737564827186816, 2.960502999648538580 ) ) ;
#9623 = VERTEX_POINT ( 'NONE', #9356 ) ;
#9624 = CARTESIAN_POINT ( 'NONE',  ( 9.661938822606197519, 39.94714168643540120, 7.500000000000000000 ) ) ;
#9625 = FACE_OUTER_BOUND ( 'NONE', #6213, .T. ) ;
#9626 = EDGE_CURVE ( 'NONE', #3746, #782, #6130, .T. ) ;
#9627 = ADVANCED_FACE ( 'NONE', ( #299 ), #2722, .T. ) ;
#9628 = VERTEX_POINT ( 'NONE', #5724 ) ;
#9629 = CARTESIAN_POINT ( 'NONE',  ( 46.00991137371735107, 27.57807569686057292, 8.000000000000000000 ) ) ;
#9630 = CARTESIAN_POINT ( 'NONE',  ( 41.50768367415084725, 13.60545490907783162, 9.555033583694449106 ) ) ;
#9631 = DIRECTION ( 'NONE',  ( -1.000000000000000000, 0.000000000000000000, -0.000000000000000000 ) ) ;
#9632 = CARTESIAN_POINT ( 'NONE',  ( 14.07577677705211983, 48.12884322811974869, 5.142597699452683635 ) ) ;
#9633 = CARTESIAN_POINT ( 'NONE',  ( 43.92307182447488145, 17.57768108984768318, 6.736736665622546916 ) ) ;
#9634 = CARTESIAN_POINT ( 'NONE',  ( 10.06607871236581708, 14.56964221736040166, 2.000000000000000444 ) ) ;
#9635 = CARTESIAN_POINT ( 'NONE',  ( 9.661938822606201072, 39.94714168643540830, 7.500000000000000000 ) ) ;
#9636 = EDGE_LOOP ( 'NONE', ( #6602, #2385, #6868, #4394 ) ) ;
#9637 = ORIENTED_EDGE ( 'NONE', *, *, #5352, .F. ) ;
#9638 = CARTESIAN_POINT ( 'NONE',  ( 40.61849365618265040, 41.96104610774681021, 1.931789776360416599 ) ) ;
#9639 = VECTOR ( 'NONE', #8219, 1000.000000000000000 ) ;
#9640 = CARTESIAN_POINT ( 'NONE',  ( 48.41430987720791990, 21.88951382131014967, 2.848314868471424344 ) ) ;
#9641 = CARTESIAN_POINT ( 'NONE',  ( 41.45913980631773654, 41.66145542823298342, 2.507767462304772987 ) ) ;
#9642 = EDGE_CURVE ( 'NONE', #8694, #345, #254, .T. ) ;
#9643 = CARTESIAN_POINT ( 'NONE',  ( 26.00991137390269259, 45.07807569686058713, 6.500000000000000000 ) ) ;
#9644 = CARTESIAN_POINT ( 'NONE',  ( 11.52235392201072806, 41.10120531934048671, 9.856539619478558834 ) ) ;
#9645 = CARTESIAN_POINT ( 'NONE',  ( 40.95260776291833338, 12.29214328754522967, 8.000000000000007105 ) ) ;
#9646 = VERTEX_POINT ( 'NONE', #252 ) ;
#9647 = CARTESIAN_POINT ( 'NONE',  ( 10.41034923867728779, 41.32458491155606595, 2.000000000000143885 ) ) ;
#9648 = CARTESIAN_POINT ( 'NONE',  ( 38.34150221829634120, 51.00376061561702556, 3.214183947144100273 ) ) ;
#9649 = DIRECTION ( 'NONE',  ( 0.000000000000000000, 0.000000000000000000, 1.000000000000000000 ) ) ;
#9650 = DIRECTION ( 'NONE',  ( 0.000000000000000000, 0.8090169943749515591, -0.5877852522924674750 ) ) ;
#9651 = ADVANCED_FACE ( 'NONE', ( #3358 ), #3251, .F. ) ;
#9652 = ORIENTED_EDGE ( 'NONE', *, *, #3566, .T. ) ;
#9653 = DIRECTION ( 'NONE',  ( -0.000000000000000000, 0.000000000000000000, 1.000000000000000000 ) ) ;
#9654 = CARTESIAN_POINT ( 'NONE',  ( 47.88924557536088145, 21.39461155716120544, 2.500000000000000000 ) ) ;
#9655 = AXIS2_PLACEMENT_3D ( 'NONE', #1443, #3222, #2404 ) ;
#9656 = VERTEX_POINT ( 'NONE', #4232 ) ;
#9657 = CYLINDRICAL_SURFACE ( 'NONE', #8084, 0.5000000000000004441 ) ;
#9658 = EDGE_CURVE ( 'NONE', #8458, #9623, #1922, .T. ) ;
#9659 = CARTESIAN_POINT ( 'NONE',  ( 14.17655859908083293, 4.233031221373528830, 8.000000000000000000 ) ) ;
#9660 = CARTESIAN_POINT ( 'NONE',  ( 38.58370916529207051, 4.942561066519926882, -2.908318593876509022E-12 ) ) ;
#9661 = CARTESIAN_POINT ( 'NONE',  ( 41.00991137390270325, 27.57807569686058713, 9.900000000000002132 ) ) ;
#9662 = PLANE ( 'NONE',  #1974 ) ;
#9663 = EDGE_LOOP ( 'NONE', ( #5368, #6603, #26, #6825 ) ) ;
#9664 = CARTESIAN_POINT ( 'NONE',  ( 36.50991137363070749, 26.82752034691407061, 4.640000000000003233 ) ) ;
#9665 = DIRECTION ( 'NONE',  ( -0.3663927056359250756, 0.8787370102485292378, -0.3059046453983049751 ) ) ;
#9666 = AXIS2_PLACEMENT_3D ( 'NONE', #7333, #1229, #1130 ) ;
#9667 = CARTESIAN_POINT ( 'NONE',  ( 38.84321252009407743, 49.35660122638343950, 0.5000000000000004441 ) ) ;
#9668 = FACE_OUTER_BOUND ( 'NONE', #3219, .T. ) ;
#9669 = VECTOR ( 'NONE', #7102, 1000.000000000000000 ) ;
#9670 = CARTESIAN_POINT ( 'NONE',  ( 41.29841480527482389, 14.35912209009184615, 2.000000000000000444 ) ) ;
#9671 = CARTESIAN_POINT ( 'NONE',  ( 18.70494992668401579, 57.18335466381792287, 0.5000000000000004441 ) ) ;
#9672 = ORIENTED_EDGE ( 'NONE', *, *, #145, .F. ) ;
#9673 = ORIENTED_EDGE ( 'NONE', *, *, #7623, .F. ) ;
#9674 = CARTESIAN_POINT ( 'NONE',  ( 41.16535594013041077, 18.82807569686061200, 2.000000000000000000 ) ) ;
#9675 = CARTESIAN_POINT ( 'NONE',  ( 14.07787659459076934, 3.739240823181629203, 0.4999999999999993339 ) ) ;
#9676 = ORIENTED_EDGE ( 'NONE', *, *, #5625, .T. ) ;
#9677 = CARTESIAN_POINT ( 'NONE',  ( 43.50991137363070749, 29.15526903321798358, 4.640000000000006786 ) ) ;
#9678 = EDGE_CURVE ( 'NONE', #537, #1301, #7756, .T. ) ;
#9679 = DIRECTION ( 'NONE',  ( -0.000000000000000000, -0.000000000000000000, -1.000000000000000000 ) ) ;
#9680 = CARTESIAN_POINT ( 'NONE',  ( 47.95406447960926499, 21.44914318486051741, 2.296159226572674239 ) ) ;
#9681 = CARTESIAN_POINT ( 'NONE',  ( 15.12873498253582127, 51.52747485890120771, 1.843285835901283032E-15 ) ) ;
#9682 = DIRECTION ( 'NONE',  ( 1.000000000000000000, -0.000000000000000000, -0.000000000000000000 ) ) ;
#9683 = DIRECTION ( 'NONE',  ( -0.9504442985305053826, 0.3108948944432113892, -0.000000000000000000 ) ) ;
#9684 = CARTESIAN_POINT ( 'NONE',  ( 9.705166939815944360, 40.00393504628505070, 8.000000000000000000 ) ) ;
#9685 = ORIENTED_EDGE ( 'NONE', *, *, #961, .F. ) ;
#9686 = EDGE_CURVE ( 'NONE', #8329, #1623, #7696, .T. ) ;
#9687 = ORIENTED_EDGE ( 'NONE', *, *, #114, .T. ) ;
#9688 = CARTESIAN_POINT ( 'NONE',  ( 47.56201599478369957, 22.42613353516335195, 8.000000000000000000 ) ) ;
#9689 = LINE ( 'NONE', #2654, #4231 ) ;
#9690 = DIRECTION ( 'NONE',  ( -0.000000000000000000, -0.000000000000000000, -1.000000000000000000 ) ) ;
#9691 = EDGE_CURVE ( 'NONE', #707, #7785, #4158, .T. ) ;
#9692 = DIRECTION ( 'NONE',  ( -1.000000000000000000, 0.000000000000000000, 0.000000000000000000 ) ) ;
#9693 = CARTESIAN_POINT ( 'NONE',  ( 11.66130379394215488, 41.40230105543459160, 9.654573065319306480 ) ) ;
#9694 = DIRECTION ( 'NONE',  ( -0.000000000000000000, 0.000000000000000000, -1.000000000000000000 ) ) ;
#9695 = ORIENTED_EDGE ( 'NONE', *, *, #7140, .T. ) ;
#9696 = VERTEX_POINT ( 'NONE', #9968 ) ;
#9697 = EDGE_CURVE ( 'NONE', #6270, #6250, #9920, .T. ) ;
#9698 = CARTESIAN_POINT ( 'NONE',  ( 36.00991137390269614, 51.70407734673669609, 8.000000000000000000 ) ) ;
#9699 = VECTOR ( 'NONE', #1155, 1000.000000000000000 ) ;
#9700 = CARTESIAN_POINT ( 'NONE',  ( 38.32131113223427832, 51.06965031108115483, 1.936144814141156356 ) ) ;
#9701 = DIRECTION ( 'NONE',  ( -0.000000000000000000, -0.000000000000000000, -1.000000000000000000 ) ) ;
#9702 = CARTESIAN_POINT ( 'NONE',  ( 9.759668472832652597, 15.07730284595900017, 7.500000000000000000 ) ) ;
#9703 = ORIENTED_EDGE ( 'NONE', *, *, #9225, .T. ) ;
#9704 = DIRECTION ( 'NONE',  ( -0.000000000000000000, -0.000000000000000000, -1.000000000000000000 ) ) ;
#9705 = FACE_OUTER_BOUND ( 'NONE', #7698, .T. ) ;
#9706 = ORIENTED_EDGE ( 'NONE', *, *, #6190, .T. ) ;
#9707 = CARTESIAN_POINT ( 'NONE',  ( 12.91846435684087702, 48.49995593160813456, -9.107298248878237246E-15 ) ) ;
#9708 = ADVANCED_FACE ( 'NONE', ( #2833 ), #2118, .F. ) ;
#9709 = CIRCLE ( 'NONE', #1059, 16.00000000000000000 ) ;
#9710 = CARTESIAN_POINT ( 'NONE',  ( 36.41338406435710340, 3.239240823181628759, 1.518327244431526779 ) ) ;
#9711 = CARTESIAN_POINT ( 'NONE',  ( 10.06150991313028165, 39.64656735235001150, 2.000000000000000000 ) ) ;
#9712 = CARTESIAN_POINT ( 'NONE',  ( 26.00991137390269969, 27.57807569686057292, 2.500000000000000444 ) ) ;
#9713 = CARTESIAN_POINT ( 'NONE',  ( 40.51380730375445438, 11.13805598326974078, 6.698577437276023616 ) ) ;
#9714 = ORIENTED_EDGE ( 'NONE', *, *, #9498, .T. ) ;
#9715 = VECTOR ( 'NONE', #6782, 1000.000000000000000 ) ;
#9716 = DIRECTION ( 'NONE',  ( -0.000000000000000000, -0.000000000000000000, -1.000000000000000000 ) ) ;
#9717 = EDGE_CURVE ( 'NONE', #6495, #4136, #5801, .T. ) ;
#9718 = CARTESIAN_POINT ( 'NONE',  ( 41.37633676651189063, 14.37038534264911149, 1.901572502825457089 ) ) ;
#9719 = CIRCLE ( 'NONE', #5286, 0.6999999999999975131 ) ;
#9720 = CARTESIAN_POINT ( 'NONE',  ( 40.67652464355778363, 43.36102744157426514, 7.677997033418927586 ) ) ;
#9721 = CARTESIAN_POINT ( 'NONE',  ( 41.67660630632981622, 13.98053335364971161, 2.500000000000000444 ) ) ;
#9722 = PLANE ( 'NONE',  #9050 ) ;
#9723 = ORIENTED_EDGE ( 'NONE', *, *, #9144, .T. ) ;
#9724 = CARTESIAN_POINT ( 'NONE',  ( 37.82190688762569408, 51.45617599078772741, 2.599959060844286629 ) ) ;
#9725 = VERTEX_POINT ( 'NONE', #7461 ) ;
#9726 = PLANE ( 'NONE',  #3152 ) ;
#9727 = AXIS2_PLACEMENT_3D ( 'NONE', #3346, #998, #8014 ) ;
#9728 = CARTESIAN_POINT ( 'NONE',  ( -13.49008862636929429, 0.8264254110595334879, -2.373977008300692582 ) ) ;
#9729 = CIRCLE ( 'NONE', #590, 0.6499999999999978018 ) ;
#9730 = EDGE_LOOP ( 'NONE', ( #3823, #9488, #4111, #5214 ) ) ;
#9731 = CARTESIAN_POINT ( 'NONE',  ( 40.51535594013037667, 36.32807569686058713, 6.500000000000000000 ) ) ;
#9732 = CARTESIAN_POINT ( 'NONE',  ( 16.00991137390270325, 50.34168842127429144, 1.399999999999999911 ) ) ;
#9733 = ADVANCED_FACE ( 'NONE', ( #7413 ), #7274, .F. ) ;
#9734 = CARTESIAN_POINT ( 'NONE',  ( 36.37937608972239190, 51.92803474236184513, 0.8008322364864258747 ) ) ;
#9735 = CARTESIAN_POINT ( 'NONE',  ( 41.16535594013036103, 36.32807569686066529, 3.000000000000000000 ) ) ;
#9736 = VECTOR ( 'NONE', #4333, 1000.000000000000000 ) ;
#9737 = CARTESIAN_POINT ( 'NONE',  ( 44.94393106424554674, 18.98193902482260853, 6.833333333331998993 ) ) ;
#9738 = DIRECTION ( 'NONE',  ( -0.000000000000000000, -0.000000000000000000, -1.000000000000000000 ) ) ;
#9739 = CARTESIAN_POINT ( 'NONE',  ( 37.99871159594614767, 3.757809072108289072, 8.000000000000000000 ) ) ;
#9740 = ORIENTED_EDGE ( 'NONE', *, *, #7903, .F. ) ;
#9741 = DIRECTION ( 'NONE',  ( -1.000000000000000000, -1.387778780781482910E-14, 0.000000000000000000 ) ) ;
#9742 = AXIS2_PLACEMENT_3D ( 'NONE', #3707, #4958, #1016 ) ;
#9743 = CARTESIAN_POINT ( 'NONE',  ( 12.10331003332958133, 11.20548451681306013, 7.805805327464433674 ) ) ;
#9744 = CARTESIAN_POINT ( 'NONE',  ( 26.70991137390269898, 10.07807569686058180, 3.000000000000000000 ) ) ;
#9745 = CARTESIAN_POINT ( 'NONE',  ( 11.26762113365093576, 43.37293441754171397, 7.148537352643433707 ) ) ;
#9746 = B_SPLINE_CURVE_WITH_KNOTS ( 'NONE', 3,
 ( #5993, #1323, #4538, #9934, #2035, #5945, #7723, #3773, #663, #5213 ),
 .UNSPECIFIED., .F., .F.,
 ( 4, 2, 2, 2, 4 ),
 ( 2.168404344971008627E-19, 0.0002500692730115094031, 0.0005001385460230185894, 0.0007502078190345289142, 0.001000277092046039347 ),
 .UNSPECIFIED. ) ;
#9747 = CARTESIAN_POINT ( 'NONE',  ( 13.69851161557112462, 51.06965031108116193, 3.169986991982570945 ) ) ;
#9748 = B_SPLINE_CURVE_WITH_KNOTS ( 'NONE', 3,
 ( #4795, #7927, #2490, #7212 ),
 .UNSPECIFIED., .F., .F.,
 ( 4, 4 ),
 ( -1.639709720161484216E-05, 0.002463394367255556956 ),
 .UNSPECIFIED. ) ;
#9749 = CARTESIAN_POINT ( 'NONE',  ( 46.29049026781940768, 20.70300026348490618, 7.000000000000000000 ) ) ;
#9750 = ORIENTED_EDGE ( 'NONE', *, *, #6322, .T. ) ;
#9751 = ORIENTED_EDGE ( 'NONE', *, *, #5053, .T. ) ;
#9752 = DIRECTION ( 'NONE',  ( -0.000000000000000000, -0.000000000000000000, -1.000000000000000000 ) ) ;
#9753 = EDGE_CURVE ( 'NONE', #6203, #4082, #1372, .T. ) ;
#9754 = VECTOR ( 'NONE', #8074, 1000.000000000000000 ) ;
#9755 = CARTESIAN_POINT ( 'NONE',  ( 41.50784305778091721, 41.55034324465471940, 8.409281542034493739 ) ) ;
#9756 = LINE ( 'NONE', #4355, #3125 ) ;
#9757 = CARTESIAN_POINT ( 'NONE',  ( 53.74831193812256203, 44.51416539096764069, 2.500000000000000444 ) ) ;
#9758 = CARTESIAN_POINT ( 'NONE',  ( 9.704586510356149276, 15.15298825622123502, 7.500000000000000000 ) ) ;
#9759 = EDGE_CURVE ( 'NONE', #7175, #2757, #7104, .T. ) ;
#9760 = EDGE_CURVE ( 'NONE', #6413, #6358, #2518, .T. ) ;
#9761 = CARTESIAN_POINT ( 'NONE',  ( 46.50991137363070749, 29.15526903321798358, 4.640000000000006786 ) ) ;
#9762 = CARTESIAN_POINT ( 'NONE',  ( 12.42192619470526438, 8.301258848716834393, 0.2281510977078629876 ) ) ;
#9763 = ORIENTED_EDGE ( 'NONE', *, *, #8686, .T. ) ;
#9764 = CARTESIAN_POINT ( 'NONE',  ( 48.32035355875437688, 21.10099862088810241, 6.000000000000000000 ) ) ;
#9765 = B_SPLINE_CURVE_WITH_KNOTS ( 'NONE', 3,
 ( #7228, #875, #8822, #7181 ),
 .UNSPECIFIED., .F., .F.,
 ( 4, 4 ),
 ( 6.505213034913026604E-19, 0.0004379077614746391695 ),
 .UNSPECIFIED. ) ;
#9766 = CARTESIAN_POINT ( 'NONE',  ( 10.85446680767500993, 36.32807569686057292, 6.500000000000000000 ) ) ;
#9767 = CARTESIAN_POINT ( 'NONE',  ( 11.66130287077534256, 13.75385050111895069, 9.654573174542687042 ) ) ;
#9768 = CARTESIAN_POINT ( 'NONE',  ( 48.49887401235911710, 22.09463676222480544, 3.014164958518307902 ) ) ;
#9769 = FACE_OUTER_BOUND ( 'NONE', #7169, .T. ) ;
#9770 = ORIENTED_EDGE ( 'NONE', *, *, #4326, .T. ) ;
#9771 = EDGE_CURVE ( 'NONE', #4776, #2468, #598, .T. ) ;
#9772 = CARTESIAN_POINT ( 'NONE',  ( 46.75991137363070749, 31.32807569686055160, 7.055350293284475605 ) ) ;
#9773 = CARTESIAN_POINT ( 'NONE',  ( 26.00991137390270680, 27.57807569686059068, 11.30000000000000071 ) ) ;
#9774 = FACE_OUTER_BOUND ( 'NONE', #7034, .T. ) ;
#9775 = DIRECTION ( 'NONE',  ( 1.000000000000000000, 0.000000000000000000, 0.000000000000000000 ) ) ;
#9776 = CIRCLE ( 'NONE', #1575, 0.5000000000000004441 ) ;
#9777 = ORIENTED_EDGE ( 'NONE', *, *, #8983, .F. ) ;
#9778 = CARTESIAN_POINT ( 'NONE',  ( 48.36026343557070106, 33.34813709472821586, 2.747284966676853291 ) ) ;
#9779 = VERTEX_POINT ( 'NONE', #9154 ) ;
#9780 = CIRCLE ( 'NONE', #6989, 0.6999999999999992895 ) ;
#9781 = CARTESIAN_POINT ( 'NONE',  ( 10.85446680767511829, 18.82807569686041660, 3.000000000000000000 ) ) ;
#9782 = CARTESIAN_POINT ( 'NONE',  ( 15.64044665808260071, 3.228116651359584477, 0.8008322364866803378 ) ) ;
#9783 = CARTESIAN_POINT ( 'NONE',  ( 41.16535594013041077, 18.82807569686061200, 3.000000000000000000 ) ) ;
#9784 = DIRECTION ( 'NONE',  ( 0.000000000000000000, 0.000000000000000000, -1.000000000000000000 ) ) ;
#9785 = CARTESIAN_POINT ( 'NONE',  ( 41.01750943676452010, 41.54355497878145798, 2.000951362335019468 ) ) ;
#9786 = CARTESIAN_POINT ( 'NONE',  ( 47.63504657316036628, 21.51957243278433296, 2.096169085049826908 ) ) ;
#9787 = DIRECTION ( 'NONE',  ( 0.000000000000000000, 0.000000000000000000, -1.000000000000000000 ) ) ;
#9788 = CARTESIAN_POINT ( 'NONE',  ( 13.95276832151447088, 7.435397179510473187, 5.416332336145431192 ) ) ;
#9789 = CARTESIAN_POINT ( 'NONE',  ( 9.705166940282017762, 40.00393504594276095, 7.500000000000000000 ) ) ;
#9790 = EDGE_LOOP ( 'NONE', ( #2, #4057, #4856, #5995, #10116 ) ) ;
#9791 = ORIENTED_EDGE ( 'NONE', *, *, #9760, .T. ) ;
#9792 = CARTESIAN_POINT ( 'NONE',  ( 10.06150834223673129, 15.50958282481672690, 2.500000000000000000 ) ) ;
#9793 = EDGE_CURVE ( 'NONE', #3190, #2207, #6944, .T. ) ;
#9794 = DIRECTION ( 'NONE',  ( 0.000000000000000000, 0.000000000000000000, -1.000000000000000000 ) ) ;
#9795 = CARTESIAN_POINT ( 'NONE',  ( 14.60753030589612500, 44.61438122272473805, 7.500000000000000000 ) ) ;
#9796 = CARTESIAN_POINT ( 'NONE',  ( 13.69851161557112462, 51.06965031108115483, 1.936144814141156356 ) ) ;
#9797 = VECTOR ( 'NONE', #9441, 1000.000000000000000 ) ;
#9798 = CARTESIAN_POINT ( 'NONE',  ( 45.28965607483348066, 20.22832053897072413, 7.120310506838328557 ) ) ;
#9799 = ORIENTED_EDGE ( 'NONE', *, *, #5053, .F. ) ;
#9800 = CIRCLE ( 'NONE', #4382, 0.5000000000000006661 ) ;
#9801 = ORIENTED_EDGE ( 'NONE', *, *, #1042, .T. ) ;
#9802 =( BOUNDED_SURFACE ( )  B_SPLINE_SURFACE ( 3, 2, ( 
 ( #430, #7341, #329 ),
 ( #1286, #2766, #5907 ),
 ( #5181, #4399, #7536 ),
 ( #3541, #1141, #3438 ) ),
 .UNSPECIFIED., .F., .F., .T. ) 
 B_SPLINE_SURFACE_WITH_KNOTS ( ( 4, 4 ),
 ( 3, 3 ),
 ( -8.673617379884035472E-19, 0.002683109747626023084 ),
 ( 0.000000000000000000, 1.000000000000000000 ),
 .UNSPECIFIED. ) 
 GEOMETRIC_REPRESENTATION_ITEM ( )  RATIONAL_B_SPLINE_SURFACE ( (
 ( 1.000000000000000000, 0.7071067811865474617, 1.000000000000000000),
 ( 1.000000000000000000, 0.7071067811865474617, 1.000000000000000000),
 ( 1.000000000000000000, 0.7071067811865476838, 1.000000000000000000),
 ( 1.000000000000000000, 0.7071067811865476838, 1.000000000000000000) ) ) 
 REPRESENTATION_ITEM ( '' )  SURFACE ( )  );
#9803 = CARTESIAN_POINT ( 'NONE',  ( 15.83763509780410850, 3.214462972446881395, 1.000000000000007105 ) ) ;
#9804 = CARTESIAN_POINT ( 'NONE',  ( 38.52257628666228584, 50.41128281799093713, 3.611601395676593995 ) ) ;
#9805 = CARTESIAN_POINT ( 'NONE',  ( 11.05327189399292820, 13.55828588007932645, 1.994632565980803074 ) ) ;
#9806 = DIRECTION ( 'NONE',  ( 1.000000000000000000, 0.000000000000000000, 0.000000000000000000 ) ) ;
#9807 = CARTESIAN_POINT ( 'NONE',  ( 36.41338406435697550, 51.91691057053954239, 1.000000000000007105 ) ) ;
#9808 = DIRECTION ( 'NONE',  ( -1.000000000000000000, 0.000000000000000000, 0.000000000000000000 ) ) ;
#9809 = FACE_OUTER_BOUND ( 'NONE', #8869, .T. ) ;
#9810 = ORIENTED_EDGE ( 'NONE', *, *, #9063, .T. ) ;
#9811 = LINE ( 'NONE', #589, #7434 ) ;
#9812 = ADVANCED_FACE ( 'NONE', ( #9203 ), #2069, .T. ) ;
#9813 = CARTESIAN_POINT ( 'NONE',  ( 47.26436011434862650, 21.35386296513628324, 1.999999999999986233 ) ) ;
#9814 = ADVANCED_FACE ( 'NONE', ( #4475 ), #3769, .T. ) ;
#9815 = CARTESIAN_POINT ( 'NONE',  ( 14.45809447778547963, 5.755584154444752798, 4.289560988582041823 ) ) ;
#9816 = CARTESIAN_POINT ( 'NONE',  ( 47.49222340034820888, 21.06059996459870121, 6.480908276949513436 ) ) ;
#9817 = CARTESIAN_POINT ( 'NONE',  ( 40.42528893424475456, 10.88637028817664110, 6.525566357539758222 ) ) ;
#9818 = EDGE_LOOP ( 'NONE', ( #6445, #8250, #2441, #7657 ) ) ;
#9819 = AXIS2_PLACEMENT_3D ( 'NONE', #1588, #4709, #1781 ) ;
#9820 = AXIS2_PLACEMENT_3D ( 'NONE', #3066, #69, #5536 ) ;
#9821 = CARTESIAN_POINT ( 'NONE',  ( 46.50991137363075012, 31.14903939726036342, 7.204113529738658706 ) ) ;
#9822 = CARTESIAN_POINT ( 'NONE',  ( 11.00242549341960618, 13.61292737913947271, 2.000000000000000000 ) ) ;
#9823 = CARTESIAN_POINT ( 'NONE',  ( 36.41338406435697550, 51.91691057053954239, 1.518327244431520118 ) ) ;
#9824 = ORIENTED_EDGE ( 'NONE', *, *, #9063, .F. ) ;
#9825 = FACE_OUTER_BOUND ( 'NONE', #4708, .T. ) ;
#9826 = EDGE_LOOP ( 'NONE', ( #9672, #6949, #9307, #5712 ) ) ;
#9827 = DIRECTION ( 'NONE',  ( -1.000000000000000000, 8.462065736584503245E-17, 0.000000000000000000 ) ) ;
#9828 = ADVANCED_FACE ( 'NONE', ( #9345 ), #2312, .F. ) ;
#9829 = CARTESIAN_POINT ( 'NONE',  ( 14.23332404181237543, 4.214462972446882283, -6.505213034913026604E-16 ) ) ;
#9830 = DIRECTION ( 'NONE',  ( -0.6011462388141013413, 0.7991390364383782474, 0.000000000000000000 ) ) ;
#9831 = CARTESIAN_POINT ( 'NONE',  ( 10.89512820161709783, 42.44127854397888200, 2.361027661370607600 ) ) ;
#9832 = CARTESIAN_POINT ( 'NONE',  ( 41.90060693662402969, 15.43286889300425280, 2.000000000000000000 ) ) ;
#9833 = CARTESIAN_POINT ( 'NONE',  ( 2.406953627337088619, -7.358356128771117888, 0.5000000000000004441 ) ) ;
#9834 = DIRECTION ( 'NONE',  ( -0.3108948944432112227, -0.9504442985305056046, 0.000000000000000000 ) ) ;
#9835 = CARTESIAN_POINT ( 'NONE',  ( 9.814228223977561782, 40.15756022594701591, 8.000000000000000000 ) ) ;
#9836 = ORIENTED_EDGE ( 'NONE', *, *, #6930, .F. ) ;
#9837 = ORIENTED_EDGE ( 'NONE', *, *, #9793, .T. ) ;
#9838 = CARTESIAN_POINT ( 'NONE',  ( 45.28965607483453226, 20.22832053897065308, 7.120310506838642084 ) ) ;
#9839 = EDGE_CURVE ( 'NONE', #5526, #4526, #1712, .T. ) ;
#9840 = AXIS2_PLACEMENT_3D ( 'NONE', #4914, #8385, #6805 ) ;
#9841 = CARTESIAN_POINT ( 'NONE',  ( 11.55908465698175291, 43.55002730588582693, 7.743090190880625556 ) ) ;
#9842 = CARTESIAN_POINT ( 'NONE',  ( 48.03713783719963004, 33.63711925500713562, 6.312425872678844918 ) ) ;
#9843 = CARTESIAN_POINT ( 'NONE',  ( 13.67331212397530571, 50.98741064386069866, 3.225151048502171491 ) ) ;
#9844 = EDGE_CURVE ( 'NONE', #1228, #2776, #6610, .T. ) ;
#9845 = CARTESIAN_POINT ( 'NONE',  ( 41.09356010224515643, 41.46092630575288496, 2.007118865844238265 ) ) ;
#9846 = EDGE_LOOP ( 'NONE', ( #286, #474, #22, #9801 ) ) ;
#9847 = VERTEX_POINT ( 'NONE', #4525 ) ;
#9848 = FACE_OUTER_BOUND ( 'NONE', #5321, .T. ) ;
#9849 = CARTESIAN_POINT ( 'NONE',  ( 11.06966896521729993, 42.86776807733637895, 7.630755303672327905 ) ) ;
#9850 = CARTESIAN_POINT ( 'NONE',  ( 16.00991137390270325, 9.682545528899618503, 8.000000000000000000 ) ) ;
#9851 = CARTESIAN_POINT ( 'NONE',  ( 38.10536869242937996, 50.06801768240777051, 0.000000000000000000 ) ) ;
#9852 = CARTESIAN_POINT ( 'NONE',  ( 48.31424461028446871, 33.40399153466013615, 6.437338457057654395 ) ) ;
#9853 = CARTESIAN_POINT ( 'NONE',  ( 43.50991137363070749, 29.15526903321798358, 4.640000000000006786 ) ) ;
#9854 = CARTESIAN_POINT ( 'NONE',  ( 41.99816947267068201, 26.95255835126938493, 4.856572176420430154 ) ) ;
#9855 =( BOUNDED_CURVE ( )  B_SPLINE_CURVE ( 3, ( #4802, #1780, #6462, #7219 ),
 .UNSPECIFIED., .F., .T. ) 
 B_SPLINE_CURVE_WITH_KNOTS ( ( 4, 4 ),
 ( 3.651166040285985570, 3.731415380368558132 ),
 .UNSPECIFIED. ) 
 CURVE ( )  GEOMETRIC_REPRESENTATION_ITEM ( )  RATIONAL_B_SPLINE_CURVE ( ( 1.000000000000000000, 0.9994634089493021900, 0.9994634089493021900, 1.000000000000000000 ) ) 
 REPRESENTATION_ITEM ( '' )  );
#9856 = VECTOR ( 'NONE', #244, 1000.000000000000000 ) ;
#9857 = EDGE_LOOP ( 'NONE', ( #4806, #8994 ) ) ;
#9858 = CARTESIAN_POINT ( 'NONE',  ( 48.04618467367642864, 19.70822068469206556, 6.000000000000000000 ) ) ;
#9859 = CARTESIAN_POINT ( 'NONE',  ( 10.06150991313028165, 39.64656735235001150, 2.000000000000000000 ) ) ;
#9860 = CARTESIAN_POINT ( 'NONE',  ( 14.75622291932688945, 4.769764354502663117, 3.628300784106628818 ) ) ;
#9861 = CARTESIAN_POINT ( 'NONE',  ( 47.30649120324314794, 20.90434494699621126, 6.499999998464741857 ) ) ;
#9862 = ORIENTED_EDGE ( 'NONE', *, *, #2696, .T. ) ;
#9863 = CIRCLE ( 'NONE', #8229, 1.000000000000001332 ) ;
#9864 = CYLINDRICAL_SURFACE ( 'NONE', #3549, 0.5000000000000004441 ) ;
#9865 = CARTESIAN_POINT ( 'NONE',  ( 10.85446680767500993, 36.32807569686057292, 6.500000000000000000 ) ) ;
#9866 = DIRECTION ( 'NONE',  ( 0.9146502045680287019, 0.4042462161649301722, 0.000000000000000000 ) ) ;
#9867 = CARTESIAN_POINT ( 'NONE',  ( 41.46883482761731443, 41.63942726996079813, 2.508419748335500632 ) ) ;
#9868 = VERTEX_POINT ( 'NONE', #3852 ) ;
#9869 = DIRECTION ( 'NONE',  ( 1.000000000000000000, 0.000000000000000000, 0.000000000000000000 ) ) ;
#9870 = ORIENTED_EDGE ( 'NONE', *, *, #8750, .T. ) ;
#9871 = CARTESIAN_POINT ( 'NONE',  ( 41.68686740738200314, 40.04109987840651996, 2.000000000000000444 ) ) ;
#9872 = ADVANCED_FACE ( 'NONE', ( #10016 ), #6946, .F. ) ;
#9873 = CARTESIAN_POINT ( 'NONE',  ( 37.80594369612723682, 51.46154325576399202, 2.594650048049462310 ) ) ;
#9874 = VECTOR ( 'NONE', #2222, 1000.000000000000000 ) ;
#9875 = AXIS2_PLACEMENT_3D ( 'NONE', #9766, #6438, #7403 ) ;
#9876 = CIRCLE ( 'NONE', #1046, 20.49999999981464782 ) ;
#9877 = CARTESIAN_POINT ( 'NONE',  ( 11.67149162348528080, 42.83964627082528409, 1.625932769999218985 ) ) ;
#9878 = DIRECTION ( 'NONE',  ( 0.000000000000000000, 0.000000000000000000, -1.000000000000000000 ) ) ;
#9879 = ADVANCED_FACE ( 'NONE', ( #7761 ), #8526, .F. ) ;
#9880 = CARTESIAN_POINT ( 'NONE',  ( 36.71960575083517853, 51.81674398629988332, 0.6927266345739119258 ) ) ;
#9881 = CARTESIAN_POINT ( 'NONE',  ( 40.46073994457000822, 43.55002728992124617, 7.743090173357131789 ) ) ;
#9882 = ADVANCED_FACE ( 'NONE', ( #3958 ), #2339, .F. ) ;
#9883 = CARTESIAN_POINT ( 'NONE',  ( 36.00991137390269614, 0.000000000000000000, 8.000000000000000000 ) ) ;
#9884 = CARTESIAN_POINT ( 'NONE',  ( 13.69851161557113706, 4.086501082639999893, 8.000000000000000000 ) ) ;
#9885 = CARTESIAN_POINT ( 'NONE',  ( 11.52493988177088369, 13.07167707897554365, 1.888822129096485281 ) ) ;
#9886 = AXIS2_PLACEMENT_3D ( 'NONE', #9416, #7208, #7312 ) ;
#9887 = ORIENTED_EDGE ( 'NONE', *, *, #7071, .T. ) ;
#9888 = VERTEX_POINT ( 'NONE', #10114 ) ;
#9889 = CARTESIAN_POINT ( 'NONE',  ( 43.50991137363070749, 26.30209948433252620, 3.712949016875144892 ) ) ;
#9890 = CARTESIAN_POINT ( 'NONE',  ( 12.53582215378204268, 44.04982561812202135, 7.847685058733899766 ) ) ;
#9891 = EDGE_LOOP ( 'NONE', ( #5061, #6637, #8935, #2951 ) ) ;
#9892 = CIRCLE ( 'NONE', #1851, 0.4999999999999992228 ) ;
#9893 = CARTESIAN_POINT ( 'NONE',  ( 48.12326918721971936, 33.56465763648710521, 2.657776775644097089 ) ) ;
#9894 = CARTESIAN_POINT ( 'NONE',  ( 13.67832052978742929, 51.00376061605074085, 3.214183946853245377 ) ) ;
#9895 = EDGE_CURVE ( 'NONE', #6044, #693, #8256, .T. ) ;
#9896 = CARTESIAN_POINT ( 'NONE',  ( 41.31721937123202792, 41.21792161289284451, 2.025257028313026009 ) ) ;
#9897 = ORIENTED_EDGE ( 'NONE', *, *, #8499, .T. ) ;
#9898 = ORIENTED_EDGE ( 'NONE', *, *, #2535, .T. ) ;
#9899 = CARTESIAN_POINT ( 'NONE',  ( 15.83763509780410850, 3.214462972446881395, 0.9384875707736611838 ) ) ;
#9900 = CARTESIAN_POINT ( 'NONE',  ( 15.75991137390270147, 3.452074046984450639, 8.000000000000000000 ) ) ;
#9901 = FACE_OUTER_BOUND ( 'NONE', #5194, .T. ) ;
#9902 = CARTESIAN_POINT ( 'NONE',  ( 10.29960917778602791, 14.07679280356695273, 7.500000000000000000 ) ) ;
#9903 = AXIS2_PLACEMENT_3D ( 'NONE', #529, #3015, #1492 ) ;
#9904 = CARTESIAN_POINT ( 'NONE',  ( 41.81535594013037382, 18.82807569686056937, 3.000000000000000000 ) ) ;
#9905 = DIRECTION ( 'NONE',  ( -0.6437715727057166104, 0.7652177220739260211, 0.000000000000000000 ) ) ;
#9906 = CARTESIAN_POINT ( 'NONE',  ( 13.72188302686343420, 4.010244970075809157, 2.020618682719963921 ) ) ;
#9907 = ORIENTED_EDGE ( 'NONE', *, *, #2659, .F. ) ;
#9908 = CARTESIAN_POINT ( 'NONE',  ( 48.54318645688867662, 22.23298974341040335, 3.249999999999999556 ) ) ;
#9909 = CIRCLE ( 'NONE', #1865, 0.5000000000000001110 ) ;
#9910 = DIRECTION ( 'NONE',  ( -0.7485763820318825923, 0.6630485655395516043, 0.000000000000000000 ) ) ;
#9911 = CARTESIAN_POINT ( 'NONE',  ( 11.46409769494627717, 11.28663339020078027, 6.801098444999171377 ) ) ;
#9912 = EDGE_CURVE ( 'NONE', #3195, #4189, #247, .T. ) ;
#9913 = CARTESIAN_POINT ( 'NONE',  ( 47.92806593654491110, 21.42727081772488162, 6.745302805044962824 ) ) ;
#9914 = ORIENTED_EDGE ( 'NONE', *, *, #5242, .F. ) ;
#9915 =( BOUNDED_SURFACE ( )  B_SPLINE_SURFACE ( 3, 2, ( 
 ( #623, #3879, #5324 ),
 ( #7019, #1432, #3105 ),
 ( #5472, #1677, #3315 ),
 ( #2497, #2392, #5634 ) ),
 .UNSPECIFIED., .F., .F., .T. ) 
 B_SPLINE_SURFACE_WITH_KNOTS ( ( 4, 4 ),
 ( 3, 3 ),
 ( 5.298074523841834527, 5.710984864166114505 ),
 ( 0.000000000000000000, 1.000000000000000000 ),
 .UNSPECIFIED. ) 
 GEOMETRIC_REPRESENTATION_ITEM ( )  RATIONAL_B_SPLINE_SURFACE ( (
 ( 1.000000000000000000, 0.8458295859054240085, 1.000000000000000000),
 ( 1.000000000000000000, 0.8722607097302796930, 1.000000000000000000),
 ( 1.000000000000000000, 0.8937935812815405168, 1.000000000000000000),
 ( 1.000000000000000000, 0.9097499145498652018, 1.000000000000000000) ) ) 
 REPRESENTATION_ITEM ( '' )  SURFACE ( )  );
#9916 = PLANE ( 'NONE',  #8339 ) ;
#9917 = CARTESIAN_POINT ( 'NONE',  ( 10.85446680767511829, 18.82807569686041660, 3.000000000000000000 ) ) ;
#9918 =( GEOMETRIC_REPRESENTATION_CONTEXT ( 3 ) GLOBAL_UNCERTAINTY_ASSIGNED_CONTEXT ( ( #461 ) ) GLOBAL_UNIT_ASSIGNED_CONTEXT ( ( #2777, #5040, #6263 ) ) REPRESENTATION_CONTEXT ( 'NONE', 'WORKASPACE' ) );
#9919 = DIRECTION ( 'NONE',  ( 0.000000000000000000, 0.000000000000000000, -1.000000000000000000 ) ) ;
#9920 = LINE ( 'NONE', #3659, #8744 ) ;
#9921 = ORIENTED_EDGE ( 'NONE', *, *, #9525, .T. ) ;
#9922 = DIRECTION ( 'NONE',  ( -1.000000000000000000, 0.000000000000000000, -0.000000000000000000 ) ) ;
#9923 = ORIENTED_EDGE ( 'NONE', *, *, #3179, .F. ) ;
#9924 = DIRECTION ( 'NONE',  ( 1.000000000000000000, -0.000000000000000000, 0.000000000000000000 ) ) ;
#9925 = CARTESIAN_POINT ( 'NONE',  ( 13.39719964095687033, 6.800460117891003797, 0.5000000000000355271 ) ) ;
#9926 = LINE ( 'NONE', #9744, #2787 ) ;
#9927 = CARTESIAN_POINT ( 'NONE',  ( 26.65991137390270183, 10.07807569686058180, 3.000000000000000000 ) ) ;
#9928 = DIRECTION ( 'NONE',  ( 0.9504442985305052716, 0.3108948944432113892, 0.000000000000000000 ) ) ;
#9929 = CARTESIAN_POINT ( 'NONE',  ( 43.70123330841737896, 37.94180361931672252, 6.677990617809233420 ) ) ;
#9930 = CIRCLE ( 'NONE', #1420, 0.5000000000000006661 ) ;
#9931 = CARTESIAN_POINT ( 'NONE',  ( 39.13433988609027381, 44.37443844175982832, 7.660946871236076205 ) ) ;
#9932 = CARTESIAN_POINT ( 'NONE',  ( 41.68834418392854957, 40.03868138315068137, 2.000000000000000888 ) ) ;
#9933 = CARTESIAN_POINT ( 'NONE',  ( 40.68931182010759784, 12.98182139937413737, 8.000000000000000000 ) ) ;
#9934 = CARTESIAN_POINT ( 'NONE',  ( 15.89380526898892576, 51.91633772331883279, 1.846010918621419972 ) ) ;
#9935 = ORIENTED_EDGE ( 'NONE', *, *, #8120, .F. ) ;
#9936 = ORIENTED_EDGE ( 'NONE', *, *, #2836, .T. ) ;
#9937 = FACE_OUTER_BOUND ( 'NONE', #3730, .T. ) ;
#9938 = ADVANCED_FACE ( 'NONE', ( #6275 ), #4167, .T. ) ;
#9939 = EDGE_CURVE ( 'NONE', #7962, #8458, #4470, .T. ) ;
#9940 = DIRECTION ( 'NONE',  ( -1.000000000000000000, 0.000000000000000000, 0.000000000000000000 ) ) ;
#9941 = ORIENTED_EDGE ( 'NONE', *, *, #4449, .T. ) ;
#9942 = CARTESIAN_POINT ( 'NONE',  ( 38.40194013834737774, 4.349824762914680676, 2.112290107129041417 ) ) ;
#9943 = DIRECTION ( 'NONE',  ( 1.000000000000000000, 0.000000000000000000, 0.000000000000000000 ) ) ;
#9944 = CARTESIAN_POINT ( 'NONE',  ( 38.88090204025684216, 10.07072920761172341, 7.184038965557023815 ) ) ;
#9945 = VERTEX_POINT ( 'NONE', #2473 ) ;
#9946 = VERTEX_POINT ( 'NONE', #7352 ) ;
#9947 = CARTESIAN_POINT ( 'NONE',  ( 41.15206288596359485, 12.79149263474798737, 7.500000000000000888 ) ) ;
#9948 = EDGE_CURVE ( 'NONE', #4807, #2170, #2675, .T. ) ;
#9949 = CARTESIAN_POINT ( 'NONE',  ( 41.12469625667271345, 42.44127839610215602, 2.361027661370611153 ) ) ;
#9950 = DIRECTION ( 'NONE',  ( 0.000000000000000000, 0.000000000000000000, -1.000000000000000000 ) ) ;
#9951 = CARTESIAN_POINT ( 'NONE',  ( 26.00991137390269969, 27.57807569686058358, 11.30000000000000071 ) ) ;
#9952 = AXIS2_PLACEMENT_3D ( 'NONE', #5255, #8387, #1417 ) ;
#9953 = CARTESIAN_POINT ( 'NONE',  ( 34.86175249087083472, 40.90642551369658975, 5.750000000000000000 ) ) ;
#9954 = DIRECTION ( 'NONE',  ( 1.000000000000000000, -0.000000000000000000, 0.000000000000000000 ) ) ;
#9955 = CYLINDRICAL_SURFACE ( 'NONE', #6711, 14.74999999999999467 ) ;
#9956 = VERTEX_POINT ( 'NONE', #894 ) ;
#9957 = CARTESIAN_POINT ( 'NONE',  ( 14.69694180935996464, 3.536741618444441126, 2.642452182343244527 ) ) ;
#9958 = EDGE_CURVE ( 'NONE', #2804, #404, #5755, .T. ) ;
#9959 = CARTESIAN_POINT ( 'NONE',  ( 14.87344620688578622, 4.384475280853056489, 3.369859706296416402 ) ) ;
#9960 = AXIS2_PLACEMENT_3D ( 'NONE', #5217, #9794, #515 ) ;
#9961 = TOROIDAL_SURFACE ( 'NONE', #6037, 16.95105410787298794, 1.000000000000000000 ) ;
#9962 = CARTESIAN_POINT ( 'NONE',  ( 47.90801075801758202, 21.81797499585528399, 6.771349225750240564 ) ) ;
#9963 = ORIENTED_EDGE ( 'NONE', *, *, #49, .T. ) ;
#9964 = CARTESIAN_POINT ( 'NONE',  ( 14.96053686825679918, 51.05580488328942579, 3.179274115666989253 ) ) ;
#9965 = CARTESIAN_POINT ( 'NONE',  ( 41.99890612121006939, 14.66546686647357056, 1.783476977356083237 ) ) ;
#9966 = FACE_OUTER_BOUND ( 'NONE', #8886, .T. ) ;
#9967 = EDGE_CURVE ( 'NONE', #3456, #7525, #1950, .T. ) ;
#9968 = CARTESIAN_POINT ( 'NONE',  ( 17.15807025641468542, 14.24972588036985321, 1.600000000000000089 ) ) ;
#9969 = ORIENTED_EDGE ( 'NONE', *, *, #3557, .F. ) ;
#9970 = CARTESIAN_POINT ( 'NONE',  ( 48.54318645688868372, 32.92316165031073183, 3.250000000000000444 ) ) ;
#9971 = VERTEX_POINT ( 'NONE', #6435 ) ;
#9972 = CARTESIAN_POINT ( 'NONE',  ( 40.91457098884339416, 41.65958408155977111, 2.000000000000000444 ) ) ;
#9973 = CARTESIAN_POINT ( 'NONE',  ( 36.77669975197509444, 40.50285208865746256, 1.600000000000000089 ) ) ;
#9974 = DIRECTION ( 'NONE',  ( 1.000000000000000000, 0.000000000000000000, 0.000000000000000000 ) ) ;
#9975 = CARTESIAN_POINT ( 'NONE',  ( 12.38330617948994572, 8.428077921491032853, 4.847125423810324740 ) ) ;
#9976 = CARTESIAN_POINT ( 'NONE',  ( 41.86535594013041361, 18.82807569686061200, 3.000000000000000000 ) ) ;
#9977 = CARTESIAN_POINT ( 'NONE',  ( 47.85375235780782788, 21.62507027309694863, 2.208333333333329485 ) ) ;
#9978 = AXIS2_PLACEMENT_3D ( 'NONE', #8563, #7027, #9285 ) ;
#9979 = CARTESIAN_POINT ( 'NONE',  ( 41.90060693906222156, 39.72328249854475501, 2.000000000000000444 ) ) ;
#9980 = CARTESIAN_POINT ( 'NONE',  ( 42.17167410429881613, 14.94674023717725397, 8.000000000000000000 ) ) ;
#9981 = AXIS2_PLACEMENT_3D ( 'NONE', #3436, #6670, #5854 ) ;
#9982 = DIRECTION ( 'NONE',  ( 0.000000000000000000, 1.000000000000000000, 0.000000000000000000 ) ) ;
#9983 = EDGE_LOOP ( 'NONE', ( #5261, #8080, #6922, #7713 ) ) ;
#9984 = DIRECTION ( 'NONE',  ( 0.000000000000000000, 0.000000000000000000, 1.000000000000000000 ) ) ;
#9985 = CARTESIAN_POINT ( 'NONE',  ( 37.09412214400072827, 50.94215337792407183, 3.255508350038472276 ) ) ;
#9986 = CARTESIAN_POINT ( 'NONE',  ( 15.68218764962083611, 51.94168842115029605, 0.9009776590586940914 ) ) ;
#9987 = ADVANCED_FACE ( 'NONE', ( #9556 ), #2124, .T. ) ;
#9988 = ORIENTED_EDGE ( 'NONE', *, *, #6086, .F. ) ;
#9989 = CARTESIAN_POINT ( 'NONE',  ( 38.96220031214595991, 6.193923983201574224, 3.346333318967538606 ) ) ;
#9990 = CARTESIAN_POINT ( 'NONE',  ( 47.58319113787141674, 23.82807569686055871, 2.000000000000000000 ) ) ;
#9991 = ADVANCED_FACE ( 'NONE', ( #4882 ), #9657, .F. ) ;
#9992 = AXIS2_PLACEMENT_3D ( 'NONE', #161, #9430, #8043 ) ;
#9993 = CARTESIAN_POINT ( 'NONE',  ( 9.776411469065422466, 15.05350173934935221, 2.000000000000018652 ) ) ;
#9994 = AXIS2_PLACEMENT_3D ( 'NONE', #4863, #8768, #7385 ) ;
#9995 = ORIENTED_EDGE ( 'NONE', *, *, #1785, .F. ) ;
#9996 = ORIENTED_EDGE ( 'NONE', *, *, #177, .F. ) ;
#9997 = CARTESIAN_POINT ( 'NONE',  ( 16.00991137390270325, 3.310354960720903073, -1.509275079030024669 ) ) ;
#9998 = CARTESIAN_POINT ( 'NONE',  ( 37.71639721173809789, 10.78171295196032986, 7.660946871235395861 ) ) ;
#9999 = CARTESIAN_POINT ( 'NONE',  ( 16.00991137390270325, 48.35569127583016069, 5.000000000000000888 ) ) ;
#10000 = ADVANCED_FACE ( 'NONE', ( #9608 ), #239, .T. ) ;
#10001 = CARTESIAN_POINT ( 'NONE',  ( 38.07738524097043609, 47.68649174974107297, 5.439314633987632597 ) ) ;
#10002 = CARTESIAN_POINT ( 'NONE',  ( 46.50991137363070749, 26.98981995575069348, 7.579774977933230851 ) ) ;
#10003 = DIRECTION ( 'NONE',  ( 0.000000000000000000, 0.000000000000000000, -1.000000000000000000 ) ) ;
#10004 = EDGE_CURVE ( 'NONE', #5814, #4029, #5144, .T. ) ;
#10005 = CARTESIAN_POINT ( 'NONE',  ( 48.26917597173572716, 21.87190964284417305, 2.573145880096028737 ) ) ;
#10006 = EDGE_CURVE ( 'NONE', #8174, #9516, #3778, .T. ) ;
#10007 = VERTEX_POINT ( 'NONE', #8839 ) ;
#10008 = ORIENTED_EDGE ( 'NONE', *, *, #6238, .T. ) ;
#10009 = CARTESIAN_POINT ( 'NONE',  ( 15.63630592947083287, 3.269233488308138647, 2.055124642412640590 ) ) ;
#10010 = CARTESIAN_POINT ( 'NONE',  ( 13.74205694623757701, 3.944436698132004704, 3.074694197328304401 ) ) ;
#10011 = CARTESIAN_POINT ( 'NONE',  ( 48.20578756748940918, 21.66091581308943148, 6.205891020875663244 ) ) ;
#10012 = ORIENTED_EDGE ( 'NONE', *, *, #8430, .F. ) ;
#10013 = CYLINDRICAL_SURFACE ( 'NONE', #9247, 1.000000000000000444 ) ;
#10014 = CARTESIAN_POINT ( 'NONE',  ( 41.76689738136150964, 14.93830850331110405, 1.593136348484711196 ) ) ;
#10015 = EDGE_CURVE ( 'NONE', #4515, #3577, #6285, .T. ) ;
#10016 = FACE_OUTER_BOUND ( 'NONE', #7203, .T. ) ;
#10017 = EDGE_LOOP ( 'NONE', ( #3797, #5820, #1446, #3019 ) ) ;
#10018 = CARTESIAN_POINT ( 'NONE',  ( 10.85446680767501704, 18.82807569686058358, 6.500000000000000000 ) ) ;
#10019 = ORIENTED_EDGE ( 'NONE', *, *, #9144, .F. ) ;
#10020 = CARTESIAN_POINT ( 'NONE',  ( 42.32463782716801859, 39.99133768011827073, 2.500000000000000444 ) ) ;
#10021 = VECTOR ( 'NONE', #4569, 1000.000000000000000 ) ;
#10022 = CARTESIAN_POINT ( 'NONE',  ( 45.51099287052253572, 35.43542429356608636, 6.943857617162941587 ) ) ;
#10023 = CARTESIAN_POINT ( 'NONE',  ( 26.00991137390269969, 27.57807569686057292, 7.500000000000000000 ) ) ;
#10024 = AXIS2_PLACEMENT_3D ( 'NONE', #1852, #8110, #1094 ) ;
#10025 = EDGE_CURVE ( 'NONE', #4010, #5600, #1100, .T. ) ;
#10026 = CARTESIAN_POINT ( 'NONE',  ( 11.57721752777114865, 10.93609908179913681, 6.559579116930946086 ) ) ;
#10027 = LINE ( 'NONE', #4586, #5503 ) ;
#10028 = CARTESIAN_POINT ( 'NONE',  ( 47.77097657832183586, 33.41461717860016023, 6.834389990467630405 ) ) ;
#10029 = CARTESIAN_POINT ( 'NONE',  ( -13.49008862636929429, 6.800460117891003797, 3.556183125752454544E-14 ) ) ;
#10030 = CARTESIAN_POINT ( 'NONE',  ( 42.25962118445040971, 15.07654980189736449, 7.500000000000000000 ) ) ;
#10031 = CARTESIAN_POINT ( 'NONE',  ( 11.07709971583648922, 42.88630276882792458, 8.000000000000000000 ) ) ;
#10032 = EDGE_LOOP ( 'NONE', ( #2676, #3704, #3982, #4259, #1681, #4439, #2242, #1534, #3709 ) ) ;
#10033 = CARTESIAN_POINT ( 'NONE',  ( 40.49488286603450860, 13.07167707897554365, 1.888822129096485281 ) ) ;
#10034 = AXIS2_PLACEMENT_3D ( 'NONE', #8137, #503, #7369 ) ;
#10035 = CARTESIAN_POINT ( 'NONE',  ( 37.79931939223132531, 48.61135212349957158, 4.818944298659951997 ) ) ;
#10036 = VECTOR ( 'NONE', #5961, 1000.000000000000000 ) ;
#10037 = CARTESIAN_POINT ( 'NONE',  ( 15.68218765000136194, 51.94168842127428576, 1.000000000000001110 ) ) ;
#10038 = EDGE_CURVE ( 'NONE', #6216, #3164, #7706, .T. ) ;
#10039 = EDGE_LOOP ( 'NONE', ( #6224, #396, #6307, #2430, #4928 ) ) ;
#10040 = CARTESIAN_POINT ( 'NONE',  ( 39.91106612931657338, 9.357734399567894101, 5.472096466394019920 ) ) ;
#10041 = CARTESIAN_POINT ( 'NONE',  ( 39.98955643454644360, 43.47725187171759842, 8.000000000000000000 ) ) ;
#10042 = FACE_OUTER_BOUND ( 'NONE', #4418, .T. ) ;
#10043 = ORIENTED_EDGE ( 'NONE', *, *, #7548, .F. ) ;
#10044 = EDGE_LOOP ( 'NONE', ( #6962, #4865 ) ) ;
#10045 = CARTESIAN_POINT ( 'NONE',  ( 42.16252678514400998, 14.93257388573777433, 7.500000000000003553 ) ) ;
#10046 = FACE_OUTER_BOUND ( 'NONE', #9857, .T. ) ;
#10047 = CARTESIAN_POINT ( 'NONE',  ( 48.80744352930954477, 23.57541567130846971, 6.076056466134438061 ) ) ;
#10048 = AXIS2_PLACEMENT_3D ( 'NONE', #3646, #5096, #7452 ) ;
#10049 = CARTESIAN_POINT ( 'NONE',  ( 37.99871159594614767, 3.757809072108289072, 2.442955678908611539 ) ) ;
#10050 = CARTESIAN_POINT ( 'NONE',  ( 11.24173844296861802, 43.07656466384089100, 8.000000000003248957 ) ) ;
#10051 = CARTESIAN_POINT ( 'NONE',  ( 46.79712402700771179, 21.12922720848357727, 7.000000000000000888 ) ) ;
#10052 = DIRECTION ( 'NONE',  ( -1.000000000000000000, 0.000000000000000000, 0.000000000000000000 ) ) ;
#10053 = ORIENTED_EDGE ( 'NONE', *, *, #6851, .T. ) ;
#10054 = ORIENTED_EDGE ( 'NONE', *, *, #7020, .T. ) ;
#10055 = DIRECTION ( 'NONE',  ( 1.000000000000000000, -0.000000000000000000, 0.000000000000000000 ) ) ;
#10056 = ADVANCED_FACE ( 'NONE', ( #1346, #8995 ), #2728, .T. ) ;
#10057 = CARTESIAN_POINT ( 'NONE',  ( 14.86473714066289808, 4.412888159041409963, 3.388918266128212231 ) ) ;
#10058 = CARTESIAN_POINT ( 'NONE',  ( 47.88413530684933761, 23.82807569686055871, 6.931953124236002850 ) ) ;
#10059 =( BOUNDED_CURVE ( )  B_SPLINE_CURVE ( 3, ( #912, #4030, #47, #966 ),
 .UNSPECIFIED., .F., .F. ) 
 B_SPLINE_CURVE_WITH_KNOTS ( ( 4, 4 ),
 ( 2.416628346498380875, 3.141592653589797557 ),
 .UNSPECIFIED. ) 
 CURVE ( )  GEOMETRIC_REPRESENTATION_ITEM ( )  RATIONAL_B_SPLINE_CURVE ( ( 1.000000000000000000, 0.9566796951797265081, 0.9566796951797265081, 1.000000000000000000 ) ) 
 REPRESENTATION_ITEM ( '' )  );
#10060 = ADVANCED_FACE ( 'NONE', ( #5235 ), #702, .T. ) ;
#10061 = VERTEX_POINT ( 'NONE', #3504 ) ;
#10062 = CARTESIAN_POINT ( 'NONE',  ( 35.17286826665129240, 41.29996408664247554, 5.750000000000000000 ) ) ;
#10063 = CARTESIAN_POINT ( 'NONE',  ( 40.44260525068372658, 44.22005243043634692, 6.559579041989337611 ) ) ;
#10064 = CARTESIAN_POINT ( 'NONE',  ( -13.83238835329783711, 42.28732887041068267, 8.000000000000000000 ) ) ;
#10065 = EDGE_LOOP ( 'NONE', ( #1562, #2363 ) ) ;
#10066 = CARTESIAN_POINT ( 'NONE',  ( 10.86637799186466680, 41.11954928526660780, 1.999999999999997780 ) ) ;
#10067 = ORIENTED_EDGE ( 'NONE', *, *, #1941, .T. ) ;
#10068 = CARTESIAN_POINT ( 'NONE',  ( 36.18218765000128911, 3.214462972446881395, 0.9384875707736617390 ) ) ;
#10069 = CARTESIAN_POINT ( 'NONE',  ( 16.00991137390270325, 49.84168842127429144, 1.399999999999999911 ) ) ;
#10070 = EDGE_CURVE ( 'NONE', #8678, #615, #5292, .T. ) ;
#10071 = CARTESIAN_POINT ( 'NONE',  ( 41.99229751198190996, 28.32863104680710009, 4.640000000000004121 ) ) ;
#10072 = VERTEX_POINT ( 'NONE', #8367 ) ;
#10073 = CARTESIAN_POINT ( 'NONE',  ( 11.21744419384093838, 11.91338891215519169, 7.239147343097116050 ) ) ;
#10074 = B_SPLINE_CURVE_WITH_KNOTS ( 'NONE', 3,
 ( #4430, #7565, #555, #7421 ),
 .UNSPECIFIED., .F., .F.,
 ( 4, 4 ),
 ( 8.762070933341343709E-17, 0.0002246089367610097740 ),
 .UNSPECIFIED. ) ;
#10075 = CARTESIAN_POINT ( 'NONE',  ( 39.00518210942027508, 48.81911307154953050, 0.5000000000000000000 ) ) ;
#10076 = CARTESIAN_POINT ( 'NONE',  ( 40.95063012084261800, 12.28837702005765919, 7.500002138985899514 ) ) ;
#10077 = CARTESIAN_POINT ( 'NONE',  ( 11.55908465698174581, 43.55002730588581272, 7.743090190880629997 ) ) ;
#10078 = CARTESIAN_POINT ( 'NONE',  ( 42.17167410323119725, 14.94674023784014771, 7.500000000000000000 ) ) ;
#10079 = CARTESIAN_POINT ( 'NONE',  ( 38.32575328494763056, 43.47097730772883750, 8.000000000000000000 ) ) ;
#10080 = ORIENTED_EDGE ( 'NONE', *, *, #6806, .T. ) ;
#10081 = CARTESIAN_POINT ( 'NONE',  ( 36.41338406435711050, 3.239240823181629647, 1.518327244431517675 ) ) ;
#10082 = CARTESIAN_POINT ( 'NONE',  ( 39.45495432297171590, 43.47500009580360825, 8.264264825080147148 ) ) ;
#10083 = DIRECTION ( 'NONE',  ( 0.000000000000000000, 0.000000000000000000, -1.000000000000000000 ) ) ;
#10084 = VERTEX_POINT ( 'NONE', #8222 ) ;
#10085 = CARTESIAN_POINT ( 'NONE',  ( 47.96956965315875721, 33.30457291411001819, 6.740689623701435984 ) ) ;
#10086 = CARTESIAN_POINT ( 'NONE',  ( 39.22198122516230967, 44.29670121025899476, 7.713090820465544617 ) ) ;
#10087 = CARTESIAN_POINT ( 'NONE',  ( 37.61963471669974979, 5.951532207492874704, 4.420997433288033740 ) ) ;
#10088 = ORIENTED_EDGE ( 'NONE', *, *, #8304, .T. ) ;
#10089 = ADVANCED_FACE ( 'NONE', ( #5970 ), #7600, .T. ) ;
#10090 = VERTEX_POINT ( 'NONE', #440 ) ;
#10091 = PLANE ( 'NONE',  #3765 ) ;
#10092 = CIRCLE ( 'NONE', #4037, 0.5000000000000000000 ) ;
#10093 = CARTESIAN_POINT ( 'NONE',  ( 44.57923545371841101, 18.89301938091323052, 7.500000000000000000 ) ) ;
#10094 = DIRECTION ( 'NONE',  ( 1.000000000000000000, -0.000000000000000000, 0.000000000000000000 ) ) ;
#10095 = B_SPLINE_CURVE_WITH_KNOTS ( 'NONE', 3,
 ( #936, #988, #9301, #3387 ),
 .UNSPECIFIED., .F., .F.,
 ( 4, 4 ),
 ( 0.000000000000000000, 0.002683112283204211468 ),
 .UNSPECIFIED. ) ;
#10096 = FACE_OUTER_BOUND ( 'NONE', #4343, .T. ) ;
#10097 = B_SPLINE_CURVE_WITH_KNOTS ( 'NONE', 3,
 ( #8496, #3680, #4592, #5263, #5412, #4494 ),
 .UNSPECIFIED., .F., .F.,
 ( 4, 2, 4 ),
 ( 4.336808689942017736E-19, 0.0004086861198386583754, 0.0008173722396773163172 ),
 .UNSPECIFIED. ) ;
#10098 = CARTESIAN_POINT ( 'NONE',  ( 36.25793661713550620, 3.214462972446877842, 0.4142135623731003635 ) ) ;
#10099 = FACE_OUTER_BOUND ( 'NONE', #889, .T. ) ;
#10100 = CARTESIAN_POINT ( 'NONE',  ( 37.41139575455136423, 51.43858570342638359, 2.844642306241694119 ) ) ;
#10101 = B_SPLINE_CURVE_WITH_KNOTS ( 'NONE', 3,
 ( #8045, #5800, #1364, #4482, #7284, #3381, #9641, #8102, #1086, #5026 ),
 .UNSPECIFIED., .F., .F.,
 ( 4, 2, 2, 2, 4 ),
 ( 2.394818429721598383E-15, 0.0006508358952103395585, 0.001301671790418284331, 0.001952507685626228996, 0.002603343580834173877 ),
 .UNSPECIFIED. ) ;
#10102 = ORIENTED_EDGE ( 'NONE', *, *, #1689, .F. ) ;
#10103 = VERTEX_POINT ( 'NONE', #2058 ) ;
#10104 = CARTESIAN_POINT ( 'NONE',  ( 40.79490191040592606, 13.32195843856970541, 1.962355467448652524 ) ) ;
#10105 = CARTESIAN_POINT ( 'NONE',  ( 37.78649870599303284, 4.214462972446882283, -6.505213034913026604E-16 ) ) ;
#10106 = CARTESIAN_POINT ( 'NONE',  ( 48.39958661914759119, 23.82807569686055871, 6.732954678761163159 ) ) ;
#10107 = B_SPLINE_CURVE_WITH_KNOTS ( 'NONE', 3,
 ( #2698, #9877, #9161, #5161, #5115, #4287 ),
 .UNSPECIFIED., .F., .F.,
 ( 4, 2, 4 ),
 ( 6.505213034913026604E-19, 0.002576740451096829268, 0.005153480902193658536 ),
 .UNSPECIFIED. ) ;
#10108 = ORIENTED_EDGE ( 'NONE', *, *, #6010, .T. ) ;
#10109 = EDGE_CURVE ( 'NONE', #6049, #8236, #1296, .T. ) ;
#10110 = CARTESIAN_POINT ( 'NONE',  ( 46.50991137363070749, 31.07807569686055160, 7.213491317401595104 ) ) ;
#10111 = CARTESIAN_POINT ( 'NONE',  ( 14.30342553606732103, 44.37443844176083019, 7.660946871235397637 ) ) ;
#10112 = VECTOR ( 'NONE', #9928, 1000.000000000000114 ) ;
#10113 = EDGE_CURVE ( 'NONE', #2211, #8236, #9238, .T. ) ;
#10114 = CARTESIAN_POINT ( 'NONE',  ( 15.60643868344835283, 51.91691057053953529, 1.518327244431517675 ) ) ;
#10115 = ADVANCED_FACE ( 'NONE', ( #2677 ), #533, .T. ) ;
#10116 = ORIENTED_EDGE ( 'NONE', *, *, #363, .F. ) ;
#10117 = CYLINDRICAL_SURFACE ( 'NONE', #233, 1.999999999999999112 ) ;
#10118 = VERTEX_POINT ( 'NONE', #9044 ) ;
#10119 = CIRCLE ( 'NONE', #9960, 0.6999999999999975131 ) ;
#10120 = CARTESIAN_POINT ( 'NONE',  ( 40.53499749175679057, 43.93481929996772806, 1.832612066789330640 ) ) ;
#10121 = DIRECTION ( 'NONE',  ( 0.000000000000000000, 0.000000000000000000, -1.000000000000000000 ) ) ;
#10122 = DIRECTION ( 'NONE',  ( 0.2885294873283020256, 0.9574710099747497649, 0.000000000000000000 ) ) ;
#10123 = ORIENTED_EDGE ( 'NONE', *, *, #4891, .T. ) ;
#10124 = PLANE ( 'NONE',  #490 ) ;
#10125 = ORIENTED_EDGE ( 'NONE', *, *, #1909, .F. ) ;
#10126 = CARTESIAN_POINT ( 'NONE',  ( 38.81231701438588999, 49.45727270836781742, 0.5000000000000008882 ) ) ;
#10127 = LINE ( 'NONE', #5357, #6370 ) ;
#10128 = CARTESIAN_POINT ( 'NONE',  ( 48.55316943299862231, 31.32807569686055160, 6.598472951074044524 ) ) ;
#10129 = CARTESIAN_POINT ( 'NONE',  ( 42.31480773766531200, 15.15241739312107327, 7.500000000000000000 ) ) ;
#10130 = EDGE_CURVE ( 'NONE', #3427, #3630, #9811, .T. ) ;
#10131 = CARTESIAN_POINT ( 'NONE',  ( 26.00991137390269969, 27.57807569686058358, 2.000000000000000000 ) ) ;
#10132 = ORIENTED_EDGE ( 'NONE', *, *, #5544, .T. ) ;
#10133 = CARTESIAN_POINT ( 'NONE',  ( 41.54856513629127335, 13.69598733508665411, 2.502062884134878207 ) ) ;
#10134 = CARTESIAN_POINT ( 'NONE',  ( 41.37675040012978656, 41.84742900782868702, 9.355993750078148707 ) ) ;
ENDSEC;
END-ISO-10303-21;
