ISO-10303-21;
HEADER;
FILE_DESCRIPTION (( 'STEP AP214' ),
    '1' );
FILE_NAME ('crown - with insert_1.2.STEP',
    '2024-02-02T14:03:26',
    ( '' ),
    ( '' ),
    'SwSTEP 2.0',
    'SolidWorks 2023',
    '' );
FILE_SCHEMA (( 'AUTOMOTIVE_DESIGN' ));
ENDSEC;

DATA;
#1 = CARTESIAN_POINT ( 'NONE',  ( 2.250000000000098144, -3.250000000000000000, -2.269462870248036996E-14 ) ) ;
#2 = MECHANICAL_DESIGN_GEOMETRIC_PRESENTATION_REPRESENTATION (  '', ( #119 ), #155 ) ;
#3 = DIRECTION ( 'NONE',  ( 0.000000000000000000, 0.000000000000000000, -1.000000000000000000 ) ) ;
#4 = ADVANCED_FACE ( 'NONE', ( #147 ), #641, .T. ) ;
#5 = CARTESIAN_POINT ( 'NONE',  ( 0.2090076513063497399, 3.218890687196956257, 0.1161015359695246191 ) ) ;
#6 = CARTESIAN_POINT ( 'NONE',  ( 0.2265249566965120975, 3.227564615503358603, -0.08372999482882170774 ) ) ;
#7 = EDGE_CURVE ( 'NONE', #33, #839, #243, .T. ) ;
#8 = ORIENTED_EDGE ( 'NONE', *, *, #588, .F. ) ;
#9 = CARTESIAN_POINT ( 'NONE',  ( 2.319999999999999840, 0.000000000000000000, 0.000000000000000000 ) ) ;
#10 = DIRECTION ( 'NONE',  ( 1.000000000000000000, 0.000000000000000000, 0.000000000000000000 ) ) ;
#11 = EDGE_CURVE ( 'NONE', #41, #208, #690, .T. ) ;
#12 = CARTESIAN_POINT ( 'NONE',  ( 2.250000000000098144, -3.250000000000000000, -2.269462870248036996E-14 ) ) ;
#13 = DIRECTION ( 'NONE',  ( -1.000000000000000000, 0.000000000000000000, 0.000000000000000000 ) ) ;
#14 = ORIENTED_EDGE ( 'NONE', *, *, #11, .T. ) ;
#15 = CARTESIAN_POINT ( 'NONE',  ( 2.642215848455081062, -2.338239874561959919, 2.101342687737471238 ) ) ;
#16 = CARTESIAN_POINT ( 'NONE',  ( 0.09452563665116518743, -2.992408431350799258, -0.9613448218001754420 ) ) ;
#17 = CARTESIAN_POINT ( 'NONE',  ( -7.000000000000000000, 2.814582562299429380, 1.625000000000000222 ) ) ;
#18 = ORIENTED_EDGE ( 'NONE', *, *, #671, .T. ) ;
#19 = CARTESIAN_POINT ( 'NONE',  ( 2.250000000000098144, 1.625000000000002665, 2.814582562299428936 ) ) ;
#20 = CARTESIAN_POINT ( 'NONE',  ( -7.000000000000000000, -3.250000000000000000, -2.269462870248036996E-14 ) ) ;
#21 = ORIENTED_EDGE ( 'NONE', *, *, #7, .F. ) ;
#22 = FACE_OUTER_BOUND ( 'NONE', #1009, .T. ) ;
#23 = CARTESIAN_POINT ( 'NONE',  ( 2.404344524238049452, -0.05831393154404679313, -3.234374829135279850 ) ) ;
#24 = VERTEX_POINT ( 'NONE', #410 ) ;
#25 = CARTESIAN_POINT ( 'NONE',  ( 0.1034495987654638904, 2.438402530746677233, -2.001180031552742378 ) ) ;
#26 = CARTESIAN_POINT ( 'NONE',  ( 0.3500000000000000333, 0.000000000000000000, 0.000000000000000000 ) ) ;
#27 = VECTOR ( 'NONE', #491, 1000.000000000000000 ) ;
#28 = EDGE_CURVE ( 'NONE', #269, #991, #225, .T. ) ;
#29 = CARTESIAN_POINT ( 'NONE',  ( -7.000000000000000000, 2.814582562299446700, -1.624999999999964029 ) ) ;
#30 = EDGE_LOOP ( 'NONE', ( #931, #717 ) ) ;
#31 = CARTESIAN_POINT ( 'NONE',  ( 2.292596401429011888, -2.814582562301442881, 1.624999999997985833 ) ) ;
#32 = TOROIDAL_SURFACE ( 'NONE', #670, 2.900000000000000355, 0.3499999999999999778 ) ;
#33 = VERTEX_POINT ( 'NONE', #920 ) ;
#34 = CARTESIAN_POINT ( 'NONE',  ( 2.333598374288314847, 1.610944161322537926, 2.818348812921997570 ) ) ;
#35 = CARTESIAN_POINT ( 'NONE',  ( 0.3500000000000000333, 3.250000000000000444, -2.138579006401847791E-14 ) ) ;
#36 = CARTESIAN_POINT ( 'NONE',  ( 0.3103297122007424580, -3.250000000000011546, -6.733086073548112228E-14 ) ) ;
#37 = ORIENTED_EDGE ( 'NONE', *, *, #94, .F. ) ;
#38 = ORIENTED_EDGE ( 'NONE', *, *, #1132, .T. ) ;
#39 = DIRECTION ( 'NONE',  ( 1.000000000000000000, -0.000000000000000000, -0.000000000000000000 ) ) ;
#40 = CARTESIAN_POINT ( 'NONE',  ( -7.000000000000000000, 3.384293794885910560E-14, -3.250000000000000000 ) ) ;
#41 = VERTEX_POINT ( 'NONE', #1019 ) ;
#42 = CARTESIAN_POINT ( 'NONE',  ( 2.250000000000000444, 2.814582562299430268, 1.624999999999992450 ) ) ;
#43 = EDGE_CURVE ( 'NONE', #739, #174, #430, .T. ) ;
#44 = EDGE_LOOP ( 'NONE', ( #693, #71, #466, #994 ) ) ;
#45 = CARTESIAN_POINT ( 'NONE',  ( 0.000000000000000000, 2.755455298081544285E-16, 2.250000000000000000 ) ) ;
#46 = CARTESIAN_POINT ( 'NONE',  ( 2.333598374288230026, 2.804292974244563474, 1.635289588054866128 ) ) ;
#47 = EDGE_CURVE ( 'NONE', #997, #1150, #698, .T. ) ;
#48 = CARTESIAN_POINT ( 'NONE',  ( 2.404344524237990832, 2.830207733164139317, 1.566686068455957814 ) ) ;
#49 = EDGE_CURVE ( 'NONE', #839, #33, #942, .T. ) ;
#50 = CARTESIAN_POINT ( 'NONE',  ( 0.000000000000000000, 0.000000000000000000, 0.000000000000000000 ) ) ;
#51 = CARTESIAN_POINT ( 'NONE',  ( 2.642253408915633095, 0.6511139340243770057, -3.075534547197518176 ) ) ;
#52 = DIRECTION ( 'NONE',  ( 0.000000000000000000, 0.000000000000000000, -1.000000000000000000 ) ) ;
#53 = PLANE ( 'NONE',  #790 ) ;
#54 = CARTESIAN_POINT ( 'NONE',  ( 2.642253408915622881, 3.075534547197546598, 0.6511139340242856344 ) ) ;
#55 = CARTESIAN_POINT ( 'NONE',  ( 0.1444865106122394660, 1.330490116981584592, -2.893496247617187489 ) ) ;
#56 = CARTESIAN_POINT ( 'NONE',  ( 2.510869641661744645, -2.679402919882930778, -1.760179642416502599 ) ) ;
#57 = CARTESIAN_POINT ( 'NONE',  ( -7.000000000000000000, 3.384293794885910560E-14, -3.250000000000000000 ) ) ;
#58 = AXIS2_PLACEMENT_3D ( 'NONE', #553, #381, #104 ) ;
#59 = ORIENTED_EDGE ( 'NONE', *, *, #7, .T. ) ;
#60 = CARTESIAN_POINT ( 'NONE',  ( 0.1034806664603604154, 1.112332081213993851, 2.951951517123485136 ) ) ;
#61 = DIRECTION ( 'NONE',  ( -1.000000000000000000, -0.000000000000000000, -0.000000000000000000 ) ) ;
#62 = CARTESIAN_POINT ( 'NONE',  ( 0.3500000000001028400, 3.384293794885910560E-14, -3.250000000000000000 ) ) ;
#63 = AXIS2_PLACEMENT_3D ( 'NONE', #256, #176, #186 ) ;
#64 = CARTESIAN_POINT ( 'NONE',  ( 2.623589216932466162, 0.4909514526678887547, -3.118449954734755281 ) ) ;
#65 = CARTESIAN_POINT ( 'NONE',  ( 2.642215848455085503, 2.101342687737503212, 2.338239874561928389 ) ) ;
#66 = CARTESIAN_POINT ( 'NONE',  ( 0.2090076513063860442, -2.845691875102454027, 1.508898464030551390 ) ) ;
#67 = EDGE_CURVE ( 'NONE', #125, #280, #731, .T. ) ;
#68 = CARTESIAN_POINT ( 'NONE',  ( 0.2265249566965607808, -1.541270005171260005, 2.837017946796049905 ) ) ;
#69 = CARTESIAN_POINT ( 'NONE',  ( 2.545111420634202481, 0.2592389353580900058, -3.180537136624101091 ) ) ;
#70 = CARTESIAN_POINT ( 'NONE',  ( -0.4000000000000000222, 0.000000000000000000, 0.000000000000000000 ) ) ;
#71 = ORIENTED_EDGE ( 'NONE', *, *, #806, .F. ) ;
#72 = CARTESIAN_POINT ( 'NONE',  ( 0.2274428142158207433, -2.836657065215902218, 1.542616833563891454 ) ) ;
#73 = DIRECTION ( 'NONE',  ( 0.000000000000000000, 0.000000000000000000, 1.000000000000000000 ) ) ;
#74 = CARTESIAN_POINT ( 'NONE',  ( 2.642215848455089944, -3.075646475381130340, 0.6506962123563232447 ) ) ;
#75 = CARTESIAN_POINT ( 'NONE',  ( 2.404395517410418570, 1.667726832715321628, -2.771855729584117078 ) ) ;
#76 = CARTESIAN_POINT ( 'NONE',  ( 0.1450241414352516911, 1.332834806597580357, 2.892867989928090466 ) ) ;
#77 = CARTESIAN_POINT ( 'NONE',  ( 2.250000000000098144, -2.814582562299428492, 1.625000000000000444 ) ) ;
#78 = CARTESIAN_POINT ( 'NONE',  ( 0.3103297122007454556, -1.625000000000034861, 2.814582562299419166 ) ) ;
#79 = EDGE_CURVE ( 'NONE', #331, #366, #443, .T. ) ;
#80 = CARTESIAN_POINT ( 'NONE',  ( 0.1034806664603562798, -1.112332081213968982, -2.951951517123489577 ) ) ;
#81 = CARTESIAN_POINT ( 'NONE',  ( 2.642253408915632651, 2.101648481221896958, -2.337934081077530646 ) ) ;
#82 = EDGE_LOOP ( 'NONE', ( #398, #1087 ) ) ;
#83 = DIRECTION ( 'NONE',  ( -1.000000000000000000, 0.000000000000000000, 0.000000000000000000 ) ) ;
#84 = AXIS2_PLACEMENT_3D ( 'NONE', #870, #505, #860 ) ;
#85 = CARTESIAN_POINT ( 'NONE',  ( 2.292596401428840025, 3.250000000000750067, 2.785972255165856601E-12 ) ) ;
#86 = CARTESIAN_POINT ( 'NONE',  ( 0.3500000000001028400, -2.814582562299428492, 1.625000000000000444 ) ) ;
#87 = VERTEX_POINT ( 'NONE', #982 ) ;
#88 = CARTESIAN_POINT ( 'NONE',  ( 2.642253408915632207, -3.075534547197519508, -0.6511139340243660145 ) ) ;
#89 = CARTESIAN_POINT ( 'NONE',  ( 0.3500000000001028400, -1.624999999999973799, -2.814582562299440482 ) ) ;
#90 = CARTESIAN_POINT ( 'NONE',  ( 0.2082785754461039529, -2.846062527267073872, -1.507515171320222391 ) ) ;
#91 = DIRECTION ( 'NONE',  ( 1.000000000000000000, -0.000000000000000000, -0.000000000000000000 ) ) ;
#92 = VERTEX_POINT ( 'NONE', #543 ) ;
#93 = DIRECTION ( 'NONE',  ( 0.000000000000000000, 0.7071067811865561215, -0.7071067811865390240 ) ) ;
#94 = EDGE_CURVE ( 'NONE', #301, #331, #1098, .T. ) ;
#95 = VECTOR ( 'NONE', #596, 1000.000000000000000 ) ;
#96 = AXIS2_PLACEMENT_3D ( 'NONE', #105, #1065, #266 ) ;
#97 = DIRECTION ( 'NONE',  ( -1.000000000000000000, 0.000000000000000000, 0.000000000000000000 ) ) ;
#98 = CARTESIAN_POINT ( 'NONE',  ( 2.250000000000098144, -8.673617379884035472E-16, 3.250000000000003553 ) ) ;
#99 = AXIS2_PLACEMENT_3D ( 'NONE', #148, #490, #329 ) ;
#100 = AXIS2_PLACEMENT_3D ( 'NONE', #509, #584, #593 ) ;
#101 = CARTESIAN_POINT ( 'NONE',  ( 2.510869641661745089, -1.440341174384564216, -2.864061745498367006 ) ) ;
#102 = B_SPLINE_CURVE_WITH_KNOTS ( 'NONE', 3,
 ( #1074, #191, #274, #895, #1082, #101, #629, #724, #621, #198, #545, #533, #112, #461, #23, #450, #888, #538 ),
 .UNSPECIFIED., .F., .F.,
 ( 4, 2, 2, 2, 2, 2, 2, 2, 4 ),
 ( 1.964820373084648361E-07, 0.0001259139889132022613, 0.0002516314957890960200, 0.0005030665095408828327, 0.001005936537044457109, 0.001508806564548031276, 0.001760241578299818685, 0.001885959085175712389, 0.002011676592051605660 ),
 .UNSPECIFIED. ) ;
#103 = EDGE_LOOP ( 'NONE', ( #8, #822, #546, #783 ) ) ;
#104 = DIRECTION ( 'NONE',  ( 0.000000000000000000, 0.000000000000000000, -1.000000000000000000 ) ) ;
#105 = CARTESIAN_POINT ( 'NONE',  ( 3.000000000000000000, 0.000000000000000000, 0.000000000000000000 ) ) ;
#106 = CARTESIAN_POINT ( 'NONE',  ( 0.1633608479823309700, -3.191267145834950192, -0.2191939958175171121 ) ) ;
#107 = CARTESIAN_POINT ( 'NONE',  ( 0.3500000000001028400, 2.814582562299446700, -1.624999999999964029 ) ) ;
#108 = ORIENTED_EDGE ( 'NONE', *, *, #416, .T. ) ;
#109 = CARTESIAN_POINT ( 'NONE',  ( -2.680000000000000160, 7.347880794884117764E-17, -0.5999999999999999778 ) ) ;
#110 = FACE_OUTER_BOUND ( 'NONE', #769, .T. ) ;
#111 = CARTESIAN_POINT ( 'NONE',  ( 2.250000000000098144, -1.625000000000002442, 2.814582562299428048 ) ) ;
#112 = CARTESIAN_POINT ( 'NONE',  ( 2.510548382794808298, -0.1842257001184379184, -3.200636872428198831 ) ) ;
#113 = ADVANCED_FACE ( 'NONE', ( #22 ), #387, .T. ) ;
#114 = ORIENTED_EDGE ( 'NONE', *, *, #328, .T. ) ;
#115 = APPLICATION_CONTEXT ( 'automotive_design' ) ;
#116 = PRESENTATION_STYLE_ASSIGNMENT (( #1004 ) ) ;
#117 = CARTESIAN_POINT ( 'NONE',  ( 2.333455903717987390, -1.611013182991083204, 2.818330318621649511 ) ) ;
#118 = ORIENTED_EDGE ( 'NONE', *, *, #806, .T. ) ;
#119 = STYLED_ITEM ( 'NONE', ( #116 ), #959 ) ;
#120 = ORIENTED_EDGE ( 'NONE', *, *, #658, .F. ) ;
#121 = CARTESIAN_POINT ( 'NONE',  ( 2.250000000000098144, -8.673617379884035472E-16, 3.250000000000003553 ) ) ;
#122 = DIRECTION ( 'NONE',  ( -1.000000000000000000, 0.000000000000000000, 0.000000000000000000 ) ) ;
#123 = FACE_OUTER_BOUND ( 'NONE', #276, .T. ) ;
#124 = ORIENTED_EDGE ( 'NONE', *, *, #508, .T. ) ;
#125 = VERTEX_POINT ( 'NONE', #209 ) ;
#126 = FACE_OUTER_BOUND ( 'NONE', #876, .T. ) ;
#127 = CARTESIAN_POINT ( 'NONE',  ( 0.09452563665116864300, -2.328753253150963154, 2.110829309148466226 ) ) ;
#128 = CARTESIAN_POINT ( 'NONE',  ( 0.09452563665116432701, -3.072174130948620352, 0.6636551781998296651 ) ) ;
#129 = ORIENTED_EDGE ( 'NONE', *, *, #611, .F. ) ;
#130 = CARTESIAN_POINT ( 'NONE',  ( 0.3107285234182364797, -2.814582562299446256, -1.624999999999990452 ) ) ;
#131 = ADVANCED_FACE ( 'NONE', ( #537 ), #778, .T. ) ;
#132 = ADVANCED_FACE ( 'NONE', ( #614 ), #976, .T. ) ;
#133 = VERTEX_POINT ( 'NONE', #309 ) ;
#134 = CARTESIAN_POINT ( 'NONE',  ( 0.2090076513063862385, 1.709992223166446612, -2.729590339132990984 ) ) ;
#135 = LINE ( 'NONE', #144, #1142 ) ;
#136 = CARTESIAN_POINT ( 'NONE',  ( 2.249999999999921396, 3.250000000000003109, 4.336808689942017736E-16 ) ) ;
#137 = AXIS2_PLACEMENT_3D ( 'NONE', #934, #146, #238 ) ;
#138 = ORIENTED_EDGE ( 'NONE', *, *, #955, .T. ) ;
#139 = CARTESIAN_POINT ( 'NONE',  ( 2.333598374288318400, 0.01405583867748479848, -3.246233749377434918 ) ) ;
#140 = CARTESIAN_POINT ( 'NONE',  ( 2.545111420634169175, 2.624806490317312946, 1.814776071982116434 ) ) ;
#141 = CARTESIAN_POINT ( 'NONE',  ( 2.510869641661678919, 3.200520816801103674, 0.1846588256153021967 ) ) ;
#142 = CARTESIAN_POINT ( 'NONE',  ( 0.3103297122007430686, 1.625000000000077272, -2.814582562299395185 ) ) ;
#143 = CARTESIAN_POINT ( 'NONE',  ( 2.249999999999921396, 3.250000000000003109, 4.336808689942017736E-16 ) ) ;
#144 = CARTESIAN_POINT ( 'NONE',  ( -7.000000000000000000, 1.625000000000032641, -2.814582562299406732 ) ) ;
#145 = DIRECTION ( 'NONE',  ( 0.000000000000000000, -0.7071067811865480168, 0.7071067811865470176 ) ) ;
#146 = DIRECTION ( 'NONE',  ( -1.000000000000000000, 0.000000000000000000, 0.000000000000000000 ) ) ;
#147 = FACE_OUTER_BOUND ( 'NONE', #534, .T. ) ;
#148 = CARTESIAN_POINT ( 'NONE',  ( 0.3500000000000000333, 0.000000000000000000, -2.900000000000000355 ) ) ;
#149 = CARTESIAN_POINT ( 'NONE',  ( 2.623589216932450618, 2.455181154896858065, 1.984401407402572870 ) ) ;
#150 = AXIS2_PLACEMENT_3D ( 'NONE', #231, #207, #653 ) ;
#151 = EDGE_CURVE ( 'NONE', #985, #746, #347, .T. ) ;
#152 = AXIS2_PLACEMENT_3D ( 'NONE', #928, #403, #754 ) ;
#153 = CARTESIAN_POINT ( 'NONE',  ( 0.2090076513063887642, 1.508898464030551612, 2.845691875102456248 ) ) ;
#154 = CARTESIAN_POINT ( 'NONE',  ( 2.250000000000098144, -1.624999999999973799, -2.814582562299440482 ) ) ;
#155 =( GEOMETRIC_REPRESENTATION_CONTEXT ( 3 ) GLOBAL_UNCERTAINTY_ASSIGNED_CONTEXT ( ( #677 ) ) GLOBAL_UNIT_ASSIGNED_CONTEXT ( ( #192, #637, #212 ) ) REPRESENTATION_CONTEXT ( 'NONE', 'WORKASPACE' ) );
#156 = CARTESIAN_POINT ( 'NONE',  ( 0.3500000000001028400, -3.250000000000000000, -2.269462870248036996E-14 ) ) ;
#157 = CARTESIAN_POINT ( 'NONE',  ( 2.642215848455087279, 2.338239874561982568, -2.101342687737439263 ) ) ;
#158 =( GEOMETRIC_REPRESENTATION_CONTEXT ( 3 ) GLOBAL_UNCERTAINTY_ASSIGNED_CONTEXT ( ( #492 ) ) GLOBAL_UNIT_ASSIGNED_CONTEXT ( ( #190, #898, #977 ) ) REPRESENTATION_CONTEXT ( 'NONE', 'WORKASPACE' ) );
#159 = CARTESIAN_POINT ( 'NONE',  ( 0.2762134967503991345, 0.02559169321556294466, 3.243142726469948389 ) ) ;
#160 = PLANE ( 'NONE',  #592 ) ;
#161 = CARTESIAN_POINT ( 'NONE',  ( 0.1444865106122392717, -0.2945098830184162408, -3.171086314682223684 ) ) ;
#162 = CARTESIAN_POINT ( 'NONE',  ( 2.404344524238053449, 1.667688760679375548, 2.771893801620056053 ) ) ;
#163 = CARTESIAN_POINT ( 'NONE',  ( 0.2265249566965607253, 1.686294610332122579, 2.753287951967308356 ) ) ;
#164 = ADVANCED_FACE ( 'NONE', ( #728 ), #1018, .T. ) ;
#165 = CARTESIAN_POINT ( 'NONE',  ( 2.510869641661750418, 2.864061745498378553, -1.440341174384535128 ) ) ;
#166 = CARTESIAN_POINT ( 'NONE',  ( 0.000000000000000000, 0.000000000000000000, -2.250000000000000000 ) ) ;
#167 = CYLINDRICAL_SURFACE ( 'NONE', #84, 0.5999999999999999778 ) ;
#168 = ORIENTED_EDGE ( 'NONE', *, *, #967, .F. ) ;
#169 = CARTESIAN_POINT ( 'NONE',  ( 0.1633608479823347726, 2.654121420646977203, 1.785461141652451955 ) ) ;
#170 = CARTESIAN_POINT ( 'NONE',  ( 2.434290920228463939, 3.226453598876821705, -0.08787636532711289028 ) ) ;
#171 = B_SPLINE_CURVE_WITH_KNOTS ( 'NONE', 3,
 ( #236, #580, #46, #937, #224, #569, #140, #149, #854, #65, #417, #246, #775, #1145, #162, #685, #952, #511 ),
 .UNSPECIFIED., .F., .F.,
 ( 4, 2, 2, 2, 2, 2, 2, 2, 4 ),
 ( 1.964820372077819207E-07, 0.0001259139889131058758, 0.0002516314957890039713, 0.0005030665095407995660, 0.001005936537044390972, 0.001508806564547982270, 0.001760241578299778353, 0.001885959085175676394, 0.002011676592051574435 ),
 .UNSPECIFIED. ) ;
#172 = CARTESIAN_POINT ( 'NONE',  ( 0.1450241414352474445, -1.332834806597560595, -2.892867989928094907 ) ) ;
#173 = B_SPLINE_CURVE_WITH_KNOTS ( 'NONE', 3,
 ( #1, #1146, #352, #257, #1064, #613, #604, #877, #88, #435, #346, #183, #700, #262, #970, #180, #529, #1137 ),
 .UNSPECIFIED., .F., .F.,
 ( 4, 2, 2, 2, 2, 2, 2, 2, 4 ),
 ( 1.964820373080042354E-07, 0.0001259139889132009874, 0.0002516314957890939600, 0.0005030665095408808811, 0.001005936537044454723, 0.001508806564548028891, 0.001760241578299815866, 0.001885959085175709137, 0.002011676592051602624 ),
 .UNSPECIFIED. ) ;
#174 = VERTEX_POINT ( 'NONE', #1091 ) ;
#175 = CARTESIAN_POINT ( 'NONE',  ( 0.09457264275828165812, 2.329473832738245598, 2.110108729561186447 ) ) ;
#176 = DIRECTION ( 'NONE',  ( -1.000000000000000000, 0.000000000000000000, 0.000000000000000000 ) ) ;
#177 = ADVANCED_FACE ( 'NONE', ( #646 ), #296, .T. ) ;
#178 = ORIENTED_EDGE ( 'NONE', *, *, #867, .F. ) ;
#179 = VECTOR ( 'NONE', #213, 1000.000000000000000 ) ;
#180 = CARTESIAN_POINT ( 'NONE',  ( 2.333455903717991387, -2.818330318621630859, -1.611013182991116288 ) ) ;
#181 = CARTESIAN_POINT ( 'NONE',  ( 0.1444865106122393550, -2.893496247617191930, -1.330490116981573712 ) ) ;
#182 = CARTESIAN_POINT ( 'NONE',  ( 2.250000000000098144, -2.814582562299428492, 1.625000000000000444 ) ) ;
#183 = CARTESIAN_POINT ( 'NONE',  ( 2.545274989956985756, -2.884143915326002006, -1.365393496261562367 ) ) ;
#184 = CARTESIAN_POINT ( 'NONE',  ( -2.680000000000000160, 0.000000000000000000, 0.000000000000000000 ) ) ;
#185 = CARTESIAN_POINT ( 'NONE',  ( 0.2265249566965570616, -2.837017946796034362, -1.541270005171290647 ) ) ;
#186 = DIRECTION ( 'NONE',  ( 0.000000000000000000, 0.000000000000000000, 1.000000000000000000 ) ) ;
#187 = VERTEX_POINT ( 'NONE', #375 ) ;
#188 = CARTESIAN_POINT ( 'NONE',  ( 2.333598374288315291, -0.01405583867746409109, 3.246233749377435363 ) ) ;
#189 = CARTESIAN_POINT ( 'NONE',  ( 2.250000000000000444, 3.061616997868383634E-16, 2.500000000000000444 ) ) ;
#190 =( LENGTH_UNIT ( ) NAMED_UNIT ( * ) SI_UNIT ( .MILLI., .METRE. ) );
#191 = CARTESIAN_POINT ( 'NONE',  ( 2.292651984123961206, -1.624999999999956479, -2.814582562299446256 ) ) ;
#192 =( LENGTH_UNIT ( ) NAMED_UNIT ( * ) SI_UNIT ( .MILLI., .METRE. ) );
#193 = FACE_OUTER_BOUND ( 'NONE', #830, .T. ) ;
#194 = EDGE_LOOP ( 'NONE', ( #271, #539, #434, #902 ) ) ;
#195 = CARTESIAN_POINT ( 'NONE',  ( 2.333455903717989166, -2.804343501612732492, 1.635239060686695112 ) ) ;
#196 = EDGE_CURVE ( 'NONE', #757, #1058, #749, .T. ) ;
#197 = CARTESIAN_POINT ( 'NONE',  ( -2.680000000000000160, 0.000000000000000000, 0.5999999999999999778 ) ) ;
#198 = CARTESIAN_POINT ( 'NONE',  ( 2.642215848455088612, -0.6506962123563089229, -3.075646475381133893 ) ) ;
#199 = ORIENTED_EDGE ( 'NONE', *, *, #469, .T. ) ;
#200 = CARTESIAN_POINT ( 'NONE',  ( 0.1034806664603567100, 2.000298963961978149, -2.439283598337452563 ) ) ;
#201 = FACE_BOUND ( 'NONE', #1000, .T. ) ;
#202 = VERTEX_POINT ( 'NONE', #640 ) ;
#203 = CARTESIAN_POINT ( 'NONE',  ( 2.642253408915627322, -2.101648481221873421, 2.337934081077556847 ) ) ;
#204 = AXIS2_PLACEMENT_3D ( 'NONE', #295, #548, #913 ) ;
#205 = EDGE_LOOP ( 'NONE', ( #1108, #555 ) ) ;
#206 = CARTESIAN_POINT ( 'NONE',  ( 2.250000000000098144, 1.625000000000002665, 2.814582562299428936 ) ) ;
#207 = DIRECTION ( 'NONE',  ( 0.000000000000000000, -0.2588190451025113581, -0.9659258262890708657 ) ) ;
#208 = VERTEX_POINT ( 'NONE', #487 ) ;
#209 = CARTESIAN_POINT ( 'NONE',  ( 2.250000000000098144, -1.625000000000002442, 2.814582562299428048 ) ) ;
#210 = AXIS2_PLACEMENT_3D ( 'NONE', #774, #97, #968 ) ;
#211 = ORIENTED_EDGE ( 'NONE', *, *, #79, .T. ) ;
#212 =( NAMED_UNIT ( * ) SI_UNIT ( $, .STERADIAN. ) SOLID_ANGLE_UNIT ( ) );
#213 = DIRECTION ( 'NONE',  ( 1.000000000000000000, -0.000000000000000000, -0.000000000000000000 ) ) ;
#214 = ADVANCED_FACE ( 'NONE', ( #1106 ), #480, .T. ) ;
#215 = CARTESIAN_POINT ( 'NONE',  ( -0.4000000000000000222, 0.000000000000000000, 0.000000000000000000 ) ) ;
#216 = CARTESIAN_POINT ( 'NONE',  ( 2.333455903717908342, 2.818330318621641073, 1.611013182991116954 ) ) ;
#217 = ADVANCED_FACE ( 'NONE', ( #226, #842 ), #575, .T. ) ;
#218 = ORIENTED_EDGE ( 'NONE', *, *, #867, .T. ) ;
#219 = CARTESIAN_POINT ( 'NONE',  ( 0.1444865106122392162, 2.598986364598776966, -1.840596197700638204 ) ) ;
#220 = CARTESIAN_POINT ( 'NONE',  ( -2.680000000000000160, 0.000000000000000000, -1.439999999999999947 ) ) ;
#221 = ADVANCED_FACE ( 'NONE', ( #123 ), #53, .T. ) ;
#222 = ORIENTED_EDGE ( 'NONE', *, *, #1093, .T. ) ;
#223 = DIRECTION ( 'NONE',  ( 1.000000000000000000, -0.000000000000000000, -0.000000000000000000 ) ) ;
#224 = CARTESIAN_POINT ( 'NONE',  ( 2.434221791946309388, 2.750326483287918400, 1.689256079011511424 ) ) ;
#225 = B_SPLINE_CURVE_WITH_KNOTS ( 'NONE', 3,
 ( #228, #571, #323, #750, #488, #664, #1013, #227, #472, #925, #1107, #648, #823, #659, #384, #397, #130, #565 ),
 .UNSPECIFIED., .F., .F.,
 ( 4, 2, 2, 2, 2, 2, 2, 2, 4 ),
 ( 1.963226743117233570E-07, 0.0001170439130561114823, 0.0002338915034379112463, 0.0004675866842015116145, 0.0009349770457287114294, 0.001402367407255911353, 0.001636062588019511098, 0.001752910178401310970, 0.001869757768783110409 ),
 .UNSPECIFIED. ) ;
#226 = FACE_BOUND ( 'NONE', #205, .T. ) ;
#227 = CARTESIAN_POINT ( 'NONE',  ( 0.1034495987654640570, -2.001180031552750371, -2.438402530746670127 ) ) ;
#228 = CARTESIAN_POINT ( 'NONE',  ( 0.3500000000001028400, -1.624999999999973799, -2.814582562299440482 ) ) ;
#229 = CARTESIAN_POINT ( 'NONE',  ( 2.510869641661745089, 0.1846588256154427232, -3.200520816801070811 ) ) ;
#230 = CARTESIAN_POINT ( 'NONE',  ( 0.3107285234182388112, -1.624999999999978462, 2.814582562299452029 ) ) ;
#231 = CARTESIAN_POINT ( 'NONE',  ( -7.000000000000000000, -1.624999999999973799, -2.814582562299440482 ) ) ;
#232 = AXIS2_PLACEMENT_3D ( 'NONE', #391, #756, #1034 ) ;
#233 = CYLINDRICAL_SURFACE ( 'NONE', #337, 0.5999999999999999778 ) ;
#234 = DIRECTION ( 'NONE',  ( -1.000000000000000000, -0.000000000000000000, -0.000000000000000000 ) ) ;
#235 = CARTESIAN_POINT ( 'NONE',  ( 2.333455903717990498, -1.635239060686662471, -2.804343501612752476 ) ) ;
#236 = CARTESIAN_POINT ( 'NONE',  ( 2.250000000000000444, 2.814582562299430268, 1.624999999999992450 ) ) ;
#237 = ORIENTED_EDGE ( 'NONE', *, *, #28, .T. ) ;
#238 = DIRECTION ( 'NONE',  ( 0.000000000000000000, 0.000000000000000000, 1.000000000000000000 ) ) ;
#239 = CARTESIAN_POINT ( 'NONE',  ( -7.000000000000000000, -2.814582562299428492, 1.625000000000000444 ) ) ;
#240 = CARTESIAN_POINT ( 'NONE',  ( 2.250000000000098144, 3.384293794885910560E-14, -3.250000000000000000 ) ) ;
#241 = AXIS2_PLACEMENT_3D ( 'NONE', #980, #468, #1097 ) ;
#242 = VERTEX_POINT ( 'NONE', #908 ) ;
#243 = CIRCLE ( 'NONE', #792, 2.900000000000000355 ) ;
#244 = CARTESIAN_POINT ( 'NONE',  ( 0.2768386111045134657, -0.02514182717781556289, 3.243263267711466113 ) ) ;
#245 = CARTESIAN_POINT ( 'NONE',  ( 0.1627329900326311418, -0.2211571087529319857, -3.190741131309242640 ) ) ;
#246 = CARTESIAN_POINT ( 'NONE',  ( 2.545274989956987977, 1.815045150711896316, 2.624537411587533953 ) ) ;
#247 = CARTESIAN_POINT ( 'NONE',  ( 0.09452563665116955893, 0.6636551781998494270, 3.072174130948621684 ) ) ;
#248 = CARTESIAN_POINT ( 'NONE',  ( 0.1450241414352514968, 2.600702796525670824, 1.838879765773758113 ) ) ;
#249 = EDGE_CURVE ( 'NONE', #793, #834, #576, .T. ) ;
#250 = FACE_OUTER_BOUND ( 'NONE', #30, .T. ) ;
#251 = CARTESIAN_POINT ( 'NONE',  ( 2.292651984123959430, -2.814582562299436042, 1.624999999999973355 ) ) ;
#252 = CARTESIAN_POINT ( 'NONE',  ( 2.545274989956984868, 2.624537411587574365, -1.815045150711839250 ) ) ;
#253 = CARTESIAN_POINT ( 'NONE',  ( 0.2265249566965610584, 0.08372999482874279864, 3.227564615503380363 ) ) ;
#254 = CARTESIAN_POINT ( 'NONE',  ( 0.3107285234182388667, 2.814582562299454249, 1.624999999999976019 ) ) ;
#255 = CARTESIAN_POINT ( 'NONE',  ( 2.623717214039857470, 3.118286586708550523, -0.4915611504420269728 ) ) ;
#256 = CARTESIAN_POINT ( 'NONE',  ( -0.4000000000000001887, 0.000000000000000000, 0.000000000000000000 ) ) ;
#257 = CARTESIAN_POINT ( 'NONE',  ( 2.404395517410417682, -3.234360893802953996, -0.05836593891235569015 ) ) ;
#258 = CARTESIAN_POINT ( 'NONE',  ( 0.1627329900326308920, -2.873841430990172530, -1.403842891247057745 ) ) ;
#259 = CARTESIAN_POINT ( 'NONE',  ( 0.2274428142158298194, 2.836657065215915097, -1.542616833563871914 ) ) ;
#260 = CIRCLE ( 'NONE', #210, 1.439999999999999947 ) ;
#261 = VERTEX_POINT ( 'NONE', #581 ) ;
#262 = CARTESIAN_POINT ( 'NONE',  ( 2.434290920228576294, -2.838128963422624107, -1.537123634672806327 ) ) ;
#263 = EDGE_CURVE ( 'NONE', #363, #626, #983, .T. ) ;
#264 = CARTESIAN_POINT ( 'NONE',  ( 0.1627329900326123513, 3.190741131309221768, -0.2211571087530503910 ) ) ;
#265 = CARTESIAN_POINT ( 'NONE',  ( 0.3500000000001028400, 1.625000000000002665, 2.814582562299428936 ) ) ;
#266 = DIRECTION ( 'NONE',  ( 0.000000000000000000, 0.000000000000000000, -1.000000000000000000 ) ) ;
#267 = SHAPE_DEFINITION_REPRESENTATION ( #933, #1040 ) ;
#268 = CARTESIAN_POINT ( 'NONE',  ( 2.404395517410417682, -2.830221668496474496, 1.566634061087657459 ) ) ;
#269 = VERTEX_POINT ( 'NONE', #89 ) ;
#270 = CARTESIAN_POINT ( 'NONE',  ( -7.000000000000000000, 1.625000000000002665, 2.814582562299428936 ) ) ;
#271 = ORIENTED_EDGE ( 'NONE', *, *, #196, .F. ) ;
#272 = CARTESIAN_POINT ( 'NONE',  ( 2.404344524238047232, -2.771893801620061826, 1.667688760679366888 ) ) ;
#273 = CARTESIAN_POINT ( 'NONE',  ( 0.3107285234182365352, -3.250000000000011990, 2.166013829764321147E-14 ) ) ;
#274 = CARTESIAN_POINT ( 'NONE',  ( 2.333598374288318400, -1.610944161322524160, -2.818348812922005564 ) ) ;
#275 = B_SPLINE_CURVE_WITH_KNOTS ( 'NONE', 3,
 ( #350, #603, #978, #6, #863, #264, #1057, #519, #606, #438, #433, #780, #874, #879, #259, #692, #343, #1052 ),
 .UNSPECIFIED., .F., .F.,
 ( 4, 2, 2, 2, 2, 2, 2, 2, 4 ),
 ( 1.963226744143873237E-07, 0.0001170439130562054013, 0.0002338915034379963561, 0.0004675866842015786182, 0.0009349770457287433049, 0.001402367407255907883, 0.001636062588019490281, 0.001752910178401281046, 0.001869757768783072245 ),
 .UNSPECIFIED. ) ;
#276 = EDGE_LOOP ( 'NONE', ( #1136, #462, #1035, #896 ) ) ;
#277 = CARTESIAN_POINT ( 'NONE',  ( 0.2768386111045096909, 1.643405094889300200, -2.796177467410138728 ) ) ;
#278 = CARTESIAN_POINT ( 'NONE',  ( 2.404344524238045011, -1.566686068455910741, 2.830207733164150419 ) ) ;
#279 = EDGE_CURVE ( 'NONE', #33, #363, #941, .T. ) ;
#280 = VERTEX_POINT ( 'NONE', #77 ) ;
#281 = CARTESIAN_POINT ( 'NONE',  ( 0.1444865106122474041, 2.893496247617203920, 1.330490116981564386 ) ) ;
#282 = DIRECTION ( 'NONE',  ( 0.000000000000000000, -0.7071067811865414665, -0.7071067811865536790 ) ) ;
#283 = VECTOR ( 'NONE', #747, 1000.000000000000000 ) ;
#284 = ORIENTED_EDGE ( 'NONE', *, *, #652, .T. ) ;
#285 = LINE ( 'NONE', #270, #371 ) ;
#286 = ORIENTED_EDGE ( 'NONE', *, *, #861, .F. ) ;
#287 = FILL_AREA_STYLE ('',( #819 ) ) ;
#288 = CARTESIAN_POINT ( 'NONE',  ( 2.510548382794804745, -1.440774299881522724, 2.863945689871234102 ) ) ;
#289 = CARTESIAN_POINT ( 'NONE',  ( -7.000000000000000000, -1.625000000000002442, 2.814582562299428048 ) ) ;
#290 = AXIS2_PLACEMENT_3D ( 'NONE', #1141, #954, #512 ) ;
#291 = CLOSED_SHELL ( 'NONE', ( #688, #132, #1020, #566, #113, #482, #292, #386, #360, #635, #214, #927, #221, #502, #177, #436, #1078, #907, #981, #131, #4, #164, #217, #449, #615, #1111, #1032 ) ) ;
#292 = ADVANCED_FACE ( 'NONE', ( #341, #338 ), #961, .F. ) ;
#293 = ORIENTED_EDGE ( 'NONE', *, *, #671, .F. ) ;
#294 = DIRECTION ( 'NONE',  ( 0.000000000000000000, 0.9659258262890683122, 0.2588190451025206840 ) ) ;
#295 = CARTESIAN_POINT ( 'NONE',  ( -7.000000000000000000, -8.673617379884035472E-16, 3.250000000000003553 ) ) ;
#296 = PLANE ( 'NONE',  #441 ) ;
#297 = ORIENTED_EDGE ( 'NONE', *, *, #518, .T. ) ;
#298 = CARTESIAN_POINT ( 'NONE',  ( 2.333598374288165633, 3.246233749377452238, 0.01405583867739590605 ) ) ;
#299 = AXIS2_PLACEMENT_3D ( 'NONE', #714, #294, #1076 ) ;
#300 = CIRCLE ( 'NONE', #137, 0.5999999999999999778 ) ;
#301 = VERTEX_POINT ( 'NONE', #98 ) ;
#302 = CARTESIAN_POINT ( 'NONE',  ( 2.623717214039879675, 0.4915611504421449340, 3.118286586708518104 ) ) ;
#303 = DIRECTION ( 'NONE',  ( 0.000000000000000000, 0.2588190451025314531, -0.9659258262890655367 ) ) ;
#304 = DIRECTION ( 'NONE',  ( 0.000000000000000000, -0.9659258262890663138, -0.2588190451025280114 ) ) ;
#305 = DIRECTION ( 'NONE',  ( -1.000000000000000000, -0.000000000000000000, -0.000000000000000000 ) ) ;
#306 = ORIENTED_EDGE ( 'NONE', *, *, #824, .T. ) ;
#307 = CARTESIAN_POINT ( 'NONE',  ( 0.2082785754461044248, -0.1174848286797666036, -3.218520035032339965 ) ) ;
#308 = CARTESIAN_POINT ( 'NONE',  ( 3.000000000000000000, 0.000000000000000000, 0.000000000000000000 ) ) ;
#309 = CARTESIAN_POINT ( 'NONE',  ( -2.680000000000000160, 0.000000000000000000, -1.439999999999999947 ) ) ;
#310 = CARTESIAN_POINT ( 'NONE',  ( 0.2274428142158204380, 0.08238316643613372015, -3.227925497083527606 ) ) ;
#311 = CARTESIAN_POINT ( 'NONE',  ( 2.434290920228575406, 1.537123634672816541, -2.838128963422616557 ) ) ;
#312 = DIRECTION ( 'NONE',  ( 0.000000000000000000, 0.000000000000000000, -1.000000000000000000 ) ) ;
#313 = CARTESIAN_POINT ( 'NONE',  ( 0.2265249566965566175, -3.227564615503378587, 0.08372999482870929766 ) ) ;
#314 = CARTESIAN_POINT ( 'NONE',  ( 2.434221791946268532, 3.226480642734220972, 0.08777543627726318298 ) ) ;
#315 = EDGE_CURVE ( 'NONE', #626, #383, #1042, .T. ) ;
#316 = CARTESIAN_POINT ( 'NONE',  ( 0.2274428142158248789, -0.08238316643611184875, 3.227925497083528938 ) ) ;
#317 = ORIENTED_EDGE ( 'NONE', *, *, #745, .F. ) ;
#318 = CARTESIAN_POINT ( 'NONE',  ( 2.545274989956987532, -1.815045150711849908, -2.624537411587569036 ) ) ;
#319 = CARTESIAN_POINT ( 'NONE',  ( -2.680000000000000160, 0.000000000000000000, 0.000000000000000000 ) ) ;
#320 = ORIENTED_EDGE ( 'NONE', *, *, #263, .T. ) ;
#321 = VECTOR ( 'NONE', #1023, 1000.000000000000000 ) ;
#322 = DIRECTION ( 'NONE',  ( -1.000000000000000000, -0.000000000000000000, -0.000000000000000000 ) ) ;
#323 = CARTESIAN_POINT ( 'NONE',  ( 0.2762134967503957483, -1.643734419685472847, -2.795848142613940990 ) ) ;
#324 = LINE ( 'NONE', #845, #446 ) ;
#325 = CARTESIAN_POINT ( 'NONE',  ( 2.250000000000000444, 0.000000000000000000, 0.000000000000000000 ) ) ;
#326 = ORIENTED_EDGE ( 'NONE', *, *, #967, .T. ) ;
#327 = DIRECTION ( 'NONE',  ( 1.000000000000000000, -0.000000000000000000, -0.000000000000000000 ) ) ;
#328 = EDGE_CURVE ( 'NONE', #764, #24, #735, .T. ) ;
#329 = DIRECTION ( 'NONE',  ( 0.000000000000000000, 0.000000000000000000, -1.000000000000000000 ) ) ;
#330 = CARTESIAN_POINT ( 'NONE',  ( 2.292596401429012776, 2.814582562301466861, -1.624999999997943423 ) ) ;
#331 = VERTEX_POINT ( 'NONE', #1151 ) ;
#332 = CARTESIAN_POINT ( 'NONE',  ( 0.3500000000001028400, 2.814582562299429380, 1.625000000000000222 ) ) ;
#333 = APPLICATION_CONTEXT ( 'automotive_design' ) ;
#334 = CARTESIAN_POINT ( 'NONE',  ( 2.319999999999999840, 0.000000000000000000, 0.000000000000000000 ) ) ;
#335 = CARTESIAN_POINT ( 'NONE',  ( 0.09452563665116534009, -0.6636551781998165644, -3.072174130948624793 ) ) ;
#336 = CARTESIAN_POINT ( 'NONE',  ( 2.434221791946371560, 1.689256079011582035, -2.750326483287856227 ) ) ;
#337 = AXIS2_PLACEMENT_3D ( 'NONE', #513, #322, #73 ) ;
#338 = FACE_OUTER_BOUND ( 'NONE', #376, .T. ) ;
#339 = CARTESIAN_POINT ( 'NONE',  ( 2.333598374288322841, 2.818348812922010449, -1.610944161322510615 ) ) ;
#340 = LINE ( 'NONE', #697, #702 ) ;
#341 = FACE_BOUND ( 'NONE', #82, .T. ) ;
#342 = CARTESIAN_POINT ( 'NONE',  ( 0.000000000000000000, 0.000000000000000000, 0.000000000000000000 ) ) ;
#343 = CARTESIAN_POINT ( 'NONE',  ( 0.3107285234182395883, 2.814582562299435153, -1.625000000000008660 ) ) ;
#344 = EDGE_LOOP ( 'NONE', ( #178, #559, #199, #120 ) ) ;
#345 = CIRCLE ( 'NONE', #996, 0.5999999999999999778 ) ;
#346 = CARTESIAN_POINT ( 'NONE',  ( 2.623717214039885892, -2.946295975590901506, -1.133438849557882655 ) ) ;
#347 = CIRCLE ( 'NONE', #493, 0.5999999999999999778 ) ;
#348 = EDGE_CURVE ( 'NONE', #418, #739, #694, .T. ) ;
#349 = CARTESIAN_POINT ( 'NONE',  ( 0.2762134967504012439, 2.821439835829482767, 1.599408306784441791 ) ) ;
#350 = CARTESIAN_POINT ( 'NONE',  ( 0.3500000000000000333, 3.250000000000000444, -2.138579006401847791E-14 ) ) ;
#351 = ORIENTED_EDGE ( 'NONE', *, *, #825, .F. ) ;
#352 = CARTESIAN_POINT ( 'NONE',  ( 2.333598374288318844, -3.246233749377434474, -0.01405583867747253919 ) ) ;
#353 = CARTESIAN_POINT ( 'NONE',  ( 2.434221791946366675, -1.689256079011559608, 2.750326483287870438 ) ) ;
#354 = CARTESIAN_POINT ( 'NONE',  ( 0.1633608479823125681, 3.191267145834932872, 0.2191939958175781189 ) ) ;
#355 = CARTESIAN_POINT ( 'NONE',  ( 2.434290920228577182, -3.226453598876790618, 0.08787636532719390881 ) ) ;
#356 = ORIENTED_EDGE ( 'NONE', *, *, #1147, .T. ) ;
#357 = FACE_OUTER_BOUND ( 'NONE', #647, .T. ) ;
#358 = CARTESIAN_POINT ( 'NONE',  ( 0.2768386111044429665, 3.243263267711449682, 0.02514182717787381838 ) ) ;
#359 = PLANE ( 'NONE',  #1102 ) ;
#360 = ADVANCED_FACE ( 'NONE', ( #429 ), #784, .T. ) ;
#361 = CARTESIAN_POINT ( 'NONE',  ( 2.642215848455079286, 0.6506962123563431177, 3.075646475381131228 ) ) ;
#362 = CARTESIAN_POINT ( 'NONE',  ( 2.545111420634197152, -0.2592389353580651368, 3.180537136624105532 ) ) ;
#363 = VERTEX_POINT ( 'NONE', #442 ) ;
#364 = CARTESIAN_POINT ( 'NONE',  ( 2.434290920228572741, -2.750252598095414669, 1.689329964204012491 ) ) ;
#365 = FACE_OUTER_BOUND ( 'NONE', #379, .T. ) ;
#366 = VERTEX_POINT ( 'NONE', #1059 ) ;
#367 = CARTESIAN_POINT ( 'NONE',  ( 2.404344524238045899, 0.05831393154409151430, 3.234374829135280294 ) ) ;
#368 = PLANE ( 'NONE',  #484 ) ;
#369 = ORIENTED_EDGE ( 'NONE', *, *, #263, .F. ) ;
#370 = FACE_OUTER_BOUND ( 'NONE', #344, .T. ) ;
#371 = VECTOR ( 'NONE', #624, 1000.000000000000000 ) ;
#372 = ORIENTED_EDGE ( 'NONE', *, *, #881, .T. ) ;
#373 = CARTESIAN_POINT ( 'NONE',  ( 2.545111420634197152, 1.365761064641936473, 2.884045425675326513 ) ) ;
#374 = PLANE ( 'NONE',  #204 ) ;
#375 = CARTESIAN_POINT ( 'NONE',  ( 0.3500000000001028400, -1.625000000000002442, 2.814582562299428048 ) ) ;
#376 = EDGE_LOOP ( 'NONE', ( #904, #59 ) ) ;
#377 = CARTESIAN_POINT ( 'NONE',  ( 2.250000000000098144, -2.814582562299428492, 1.625000000000000444 ) ) ;
#378 = EDGE_CURVE ( 'NONE', #261, #855, #173, .T. ) ;
#379 = EDGE_LOOP ( 'NONE', ( #457, #909, #124, #633 ) ) ;
#380 = CARTESIAN_POINT ( 'NONE',  ( 2.545274989956979983, 0.2596065037384687746, 3.180438646973413164 ) ) ;
#381 = DIRECTION ( 'NONE',  ( 0.000000000000000000, -1.000000000000000000, 0.000000000000000000 ) ) ;
#382 = DIRECTION ( 'NONE',  ( 1.000000000000000000, -0.000000000000000000, -0.000000000000000000 ) ) ;
#383 = VERTEX_POINT ( 'NONE', #332 ) ;
#384 = CARTESIAN_POINT ( 'NONE',  ( 0.2274428142158205490, -2.754273898779783014, -1.685308663519650807 ) ) ;
#385 = AXIS2_PLACEMENT_3D ( 'NONE', #608, #93, #1054 ) ;
#386 = ADVANCED_FACE ( 'NONE', ( #682 ), #1044, .T. ) ;
#387 = TOROIDAL_SURFACE ( 'NONE', #585, 2.900000000000000355, 0.3499999999999999778 ) ;
#388 = B_SPLINE_CURVE_WITH_KNOTS ( 'NONE', 3,
 ( #182, #251, #791, #268, #704, #1062, #610, #884, #973, #74, #527, #957, #1047, #355, #1144, #710, #869, #12 ),
 .UNSPECIFIED., .F., .F.,
 ( 4, 2, 2, 2, 2, 2, 2, 2, 4 ),
 ( 1.964820373066824405E-07, 0.0001259139889132009874, 0.0002516314957890952611, 0.0005030665095408837001, 0.001005936537044459927, 0.001508806564548036263, 0.001760241578299824973, 0.001885959085175719111, 0.002011676592051613466 ),
 .UNSPECIFIED. ) ;
#389 = ORIENTED_EDGE ( 'NONE', *, *, #861, .T. ) ;
#390 = CARTESIAN_POINT ( 'NONE',  ( 0.2082785754461042305, 2.728577698587307587, -1.711004863712103585 ) ) ;
#391 = CARTESIAN_POINT ( 'NONE',  ( 0.000000000000000000, 0.000000000000000000, 0.000000000000000000 ) ) ;
#392 = DIRECTION ( 'NONE',  ( -1.000000000000000000, 0.000000000000000000, 0.000000000000000000 ) ) ;
#393 = ORIENTED_EDGE ( 'NONE', *, *, #279, .F. ) ;
#394 = CARTESIAN_POINT ( 'NONE',  ( 0.1034495987654640986, -0.5138714794974883482, -3.112308552055258470 ) ) ;
#395 = CARTESIAN_POINT ( 'NONE',  ( 0.3500000000001028400, -1.625000000000002442, 2.814582562299428048 ) ) ;
#396 = DIRECTION ( 'NONE',  ( -1.000000000000000000, 0.000000000000000000, 0.000000000000000000 ) ) ;
#397 = CARTESIAN_POINT ( 'NONE',  ( 0.2768386111045091358, -2.796177467410145834, -1.643405094889291096 ) ) ;
#398 = ORIENTED_EDGE ( 'NONE', *, *, #1069, .F. ) ;
#399 = CARTESIAN_POINT ( 'NONE',  ( 2.545111420634202926, -2.624806490317249885, -1.814776071982182826 ) ) ;
#400 = FACE_OUTER_BOUND ( 'NONE', #1015, .T. ) ;
#401 = EDGE_CURVE ( 'NONE', #985, #997, #1071, .T. ) ;
#402 = CARTESIAN_POINT ( 'NONE',  ( 2.510548382794780764, 2.863945689871221667, 1.440774299881565579 ) ) ;
#403 = DIRECTION ( 'NONE',  ( 1.000000000000000000, 0.000000000000000000, 0.000000000000000000 ) ) ;
#404 = CARTESIAN_POINT ( 'NONE',  ( 2.250000000000098144, -2.814582562299412061, -1.625000000000022871 ) ) ;
#405 = CARTESIAN_POINT ( 'NONE',  ( 0.1034806664603600407, -2.000298963961955057, 2.439283598337474324 ) ) ;
#406 = VERTEX_POINT ( 'NONE', #206 ) ;
#407 = CARTESIAN_POINT ( 'NONE',  ( 0.2274428142158241573, 1.542616833563890344, 2.836657065215903994 ) ) ;
#408 = CIRCLE ( 'NONE', #63, 1.439999999999999947 ) ;
#409 = CARTESIAN_POINT ( 'NONE',  ( 2.250000000000098144, 2.814582562299446700, -1.624999999999964029 ) ) ;
#410 = CARTESIAN_POINT ( 'NONE',  ( -0.4000000000000000222, 2.755455298081544285E-16, 2.250000000000000000 ) ) ;
#411 = DIRECTION ( 'NONE',  ( -1.000000000000000000, -0.000000000000000000, -0.000000000000000000 ) ) ;
#412 = ORIENTED_EDGE ( 'NONE', *, *, #709, .T. ) ;
#413 = EDGE_CURVE ( 'NONE', #301, #125, #832, .T. ) ;
#414 = CARTESIAN_POINT ( 'NONE',  ( 0.1633608479823342730, -0.2191939958175037062, 3.191267145834952412 ) ) ;
#415 = CARTESIAN_POINT ( 'NONE',  ( 2.250000000000098144, 1.625000000000032641, -2.814582562299406732 ) ) ;
#416 = EDGE_CURVE ( 'NONE', #202, #133, #1036, .T. ) ;
#417 = CARTESIAN_POINT ( 'NONE',  ( 2.623717214039886336, 1.984847737150685187, 2.454734825148745525 ) ) ;
#418 = VERTEX_POINT ( 'NONE', #35 ) ;
#419 = CARTESIAN_POINT ( 'NONE',  ( 0.2082785754461078942, 0.1174848286798097774, 3.218520035032339965 ) ) ;
#420 = EDGE_CURVE ( 'NONE', #520, #366, #528, .T. ) ;
#421 = CARTESIAN_POINT ( 'NONE',  ( 0.2090076513063889863, -0.1161015359694498317, 3.218890687196976685 ) ) ;
#422 = CARTESIAN_POINT ( 'NONE',  ( 0.09457264275827806377, -0.9623291518217995666, -2.992144680916422939 ) ) ;
#423 = CARTESIAN_POINT ( 'NONE',  ( 2.404344524238049452, 2.771893801620085807, -1.667688760679324922 ) ) ;
#424 = CARTESIAN_POINT ( 'NONE',  ( 0.3103297122007455111, 1.624999999999980016, 2.814582562299451585 ) ) ;
#425 = CARTESIAN_POINT ( 'NONE',  ( 2.333598374288315291, -1.635289588054896104, 2.804292974244534609 ) ) ;
#426 = CARTESIAN_POINT ( 'NONE',  ( 2.292651984123962539, 2.814582562299451141, -1.624999999999945821 ) ) ;
#427 = CARTESIAN_POINT ( 'NONE',  ( 0.3500000000001028400, -1.624999999999973799, -2.814582562299440482 ) ) ;
#428 = FACE_OUTER_BOUND ( 'NONE', #460, .T. ) ;
#429 = FACE_OUTER_BOUND ( 'NONE', #1063, .T. ) ;
#430 = B_SPLINE_CURVE_WITH_KNOTS ( 'NONE', 3,
 ( #136, #1101, #298, #1008, #314, #141, #481, #843, #54, #1113, #654, #838, #402, #1118, #48, #216, #560, #42 ),
 .UNSPECIFIED., .F., .F.,
 ( 4, 2, 2, 2, 2, 2, 2, 2, 4 ),
 ( 1.964820371314425998E-07, 0.0001259139889130397936, 0.0002516314957889481349, 0.0005030665095407641126, 0.001005936537044395743, 0.001508806564548027807, 0.001760241578299844055, 0.001885959085175751854, 0.002011676592051659870 ),
 .UNSPECIFIED. ) ;
#431 = VECTOR ( 'NONE', #223, 1000.000000000000000 ) ;
#432 = CARTESIAN_POINT ( 'NONE',  ( 0.1034495987654674293, -1.111128520502478567, 2.952274010244176239 ) ) ;
#433 = CARTESIAN_POINT ( 'NONE',  ( 0.1034806664603677429, 2.951951517123485136, -1.112332081214008284 ) ) ;
#434 = ORIENTED_EDGE ( 'NONE', *, *, #348, .T. ) ;
#435 = CARTESIAN_POINT ( 'NONE',  ( 2.642215848455087279, -2.988936086918289714, -0.9743037876436821954 ) ) ;
#436 = ADVANCED_FACE ( 'NONE', ( #110 ), #374, .T. ) ;
#437 = CARTESIAN_POINT ( 'NONE',  ( 0.2762134967503952487, -2.821439835829464560, -1.599408306784471989 ) ) ;
#438 = CARTESIAN_POINT ( 'NONE',  ( 0.09457264275828775046, 2.992144680916415833, -0.9623291518218520801 ) ) ;
#439 = CARTESIAN_POINT ( 'NONE',  ( 0.3107285234182394218, 1.625000000000032641, 2.814582562299420943 ) ) ;
#440 = EDGE_LOOP ( 'NONE', ( #556, #369, #655, #168 ) ) ;
#441 = AXIS2_PLACEMENT_3D ( 'NONE', #289, #145, #821 ) ;
#442 = CARTESIAN_POINT ( 'NONE',  ( 0.3500000000001028400, -8.673617379884035472E-16, 3.250000000000003553 ) ) ;
#443 = CIRCLE ( 'NONE', #1153, 2.500000000000000444 ) ;
#444 = CARTESIAN_POINT ( 'NONE',  ( 0.09452563665117177938, 2.992408431350800591, 0.9613448218001912071 ) ) ;
#445 = CARTESIAN_POINT ( 'NONE',  ( 0.2090076513063860442, -1.508898464030535180, -2.845691875102463353 ) ) ;
#446 = VECTOR ( 'NONE', #944, 1000.000000000000000 ) ;
#447 = EDGE_LOOP ( 'NONE', ( #889, #885, #218, #471 ) ) ;
#448 = CARTESIAN_POINT ( 'NONE',  ( 2.250000000000098144, -1.625000000000002442, 2.814582562299428048 ) ) ;
#449 = ADVANCED_FACE ( 'NONE', ( #201, #452 ), #820, .T. ) ;
#450 = CARTESIAN_POINT ( 'NONE',  ( 2.333455903717989166, -0.01398681700887352899, -3.246252243677780758 ) ) ;
#451 = ORIENTED_EDGE ( 'NONE', *, *, #773, .T. ) ;
#452 = FACE_OUTER_BOUND ( 'NONE', #706, .T. ) ;
#453 = ORIENTED_EDGE ( 'NONE', *, *, #1055, .F. ) ;
#454 = DIRECTION ( 'NONE',  ( 0.000000000000000000, 0.000000000000000000, -1.000000000000000000 ) ) ;
#455 = EDGE_CURVE ( 'NONE', #746, #985, #345, .T. ) ;
#456 = CARTESIAN_POINT ( 'NONE',  ( 0.3103297122007430686, 2.814582562299478674, -1.624999999999931610 ) ) ;
#457 = ORIENTED_EDGE ( 'NONE', *, *, #893, .F. ) ;
#458 = CARTESIAN_POINT ( 'NONE',  ( 0.2265249566965577555, 2.753287951967335445, -1.686294610332076171 ) ) ;
#459 = DIRECTION ( 'NONE',  ( 0.000000000000000000, 0.000000000000000000, 1.000000000000000000 ) ) ;
#460 = EDGE_LOOP ( 'NONE', ( #1092, #483, #974, #617 ) ) ;
#461 = CARTESIAN_POINT ( 'NONE',  ( 2.434290920228575406, -0.08787636532718266780, -3.226453598876791951 ) ) ;
#462 = ORIENTED_EDGE ( 'NONE', *, *, #1147, .F. ) ;
#463 = CARTESIAN_POINT ( 'NONE',  ( 0.2762134967503962479, 2.795848142613948095, -1.643734419685463299 ) ) ;
#464 = DIRECTION ( 'NONE',  ( 1.000000000000000000, 0.000000000000000000, 0.000000000000000000 ) ) ;
#465 = CARTESIAN_POINT ( 'NONE',  ( 2.545274989956981759, -2.624537411587550828, 1.815045150711878330 ) ) ;
#466 = ORIENTED_EDGE ( 'NONE', *, *, #588, .T. ) ;
#467 = CARTESIAN_POINT ( 'NONE',  ( 0.09457264275827789723, 2.110108729561211316, -2.329473832738215844 ) ) ;
#468 = DIRECTION ( 'NONE',  ( 0.000000000000000000, 0.9659258262890695335, -0.2588190451025162431 ) ) ;
#469 = EDGE_CURVE ( 'NONE', #626, #406, #285, .T. ) ;
#470 = CARTESIAN_POINT ( 'NONE',  ( 0.3500000000001028400, -3.250000000000000000, -2.269462870248036996E-14 ) ) ;
#471 = ORIENTED_EDGE ( 'NONE', *, *, #43, .F. ) ;
#472 = CARTESIAN_POINT ( 'NONE',  ( 0.09452563665116525682, -2.110829309148443578, -2.328753253150978697 ) ) ;
#473 = ORIENTED_EDGE ( 'NONE', *, *, #530, .F. ) ;
#474 = CYLINDRICAL_SURFACE ( 'NONE', #742, 2.250000000000000000 ) ;
#475 = CARTESIAN_POINT ( 'NONE',  ( 0.2274428142158234079, -1.685308663519637928, 2.754273898779792340 ) ) ;
#476 = ORIENTED_EDGE ( 'NONE', *, *, #1093, .F. ) ;
#477 = DIRECTION ( 'NONE',  ( -1.000000000000000000, 0.000000000000000000, 0.000000000000000000 ) ) ;
#478 = ORIENTED_EDGE ( 'NONE', *, *, #67, .T. ) ;
#479 = DIRECTION ( 'NONE',  ( 0.000000000000000000, 0.000000000000000000, -1.000000000000000000 ) ) ;
#480 = PLANE ( 'NONE',  #150 ) ;
#481 = CARTESIAN_POINT ( 'NONE',  ( 2.545111420634154520, 3.180537136624135286, 0.2592389353579583333 ) ) ;
#482 = ADVANCED_FACE ( 'NONE', ( #193 ), #32, .T. ) ;
#483 = ORIENTED_EDGE ( 'NONE', *, *, #401, .T. ) ;
#484 = AXIS2_PLACEMENT_3D ( 'NONE', #998, #906, #719 ) ;
#485 = CARTESIAN_POINT ( 'NONE',  ( 2.545274989956984868, 1.365393496261573025, -2.884143915325997121 ) ) ;
#486 = CARTESIAN_POINT ( 'NONE',  ( 0.09457264275828143607, -2.110108729561189111, 2.329473832738240269 ) ) ;
#487 = CARTESIAN_POINT ( 'NONE',  ( 0.3500000000001028400, 3.384293794885910560E-14, -3.250000000000000000 ) ) ;
#488 = CARTESIAN_POINT ( 'NONE',  ( 0.2082785754461040362, -1.711004863712113133, -2.728577698587303146 ) ) ;
#489 = CARTESIAN_POINT ( 'NONE',  ( 0.1034806664603561688, 0.5126679187860366804, -3.112631045175940692 ) ) ;
#490 = DIRECTION ( 'NONE',  ( 0.000000000000000000, -1.000000000000000000, 0.000000000000000000 ) ) ;
#491 = DIRECTION ( 'NONE',  ( 1.000000000000000000, -0.000000000000000000, -0.000000000000000000 ) ) ;
#492 = UNCERTAINTY_MEASURE_WITH_UNIT (LENGTH_MEASURE( 1.000000000000000082E-05 ), #190, 'distance_accuracy_value', 'NONE');
#493 = AXIS2_PLACEMENT_3D ( 'NONE', #815, #396, #743 ) ;
#494 = CARTESIAN_POINT ( 'NONE',  ( 0.1444865106122422693, -1.330490116981547066, 2.893496247617208361 ) ) ;
#495 = AXIS2_PLACEMENT_3D ( 'NONE', #744, #305, #634 ) ;
#496 = CARTESIAN_POINT ( 'NONE',  ( 0.2082785754461042582, 1.507515171320234160, -2.846062527267068987 ) ) ;
#497 = CARTESIAN_POINT ( 'NONE',  ( 2.319999999999999840, 0.000000000000000000, 0.5999999999999999778 ) ) ;
#498 = CARTESIAN_POINT ( 'NONE',  ( 0.2768386111045119113, -1.643405094889277995, 2.796177467410152939 ) ) ;
#499 = CARTESIAN_POINT ( 'NONE',  ( 0.1633608479823342452, 1.405806004182498015, 2.873315416464480077 ) ) ;
#500 = EDGE_CURVE ( 'NONE', #793, #261, #644, .T. ) ;
#501 = CIRCLE ( 'NONE', #591, 1.439999999999999947 ) ;
#502 = ADVANCED_FACE ( 'NONE', ( #357 ), #368, .T. ) ;
#503 = DIRECTION ( 'NONE',  ( 0.000000000000000000, 0.000000000000000000, -1.000000000000000000 ) ) ;
#504 = CARTESIAN_POINT ( 'NONE',  ( 0.3103297122007425690, 7.843800377282676263E-14, -3.250000000000011546 ) ) ;
#505 = DIRECTION ( 'NONE',  ( -1.000000000000000000, -0.000000000000000000, -0.000000000000000000 ) ) ;
#506 = CARTESIAN_POINT ( 'NONE',  ( 0.3500000000001028400, 1.625000000000002665, 2.814582562299428936 ) ) ;
#507 = ORIENTED_EDGE ( 'NONE', *, *, #833, .T. ) ;
#508 = EDGE_CURVE ( 'NONE', #269, #1072, #1085, .T. ) ;
#509 = CARTESIAN_POINT ( 'NONE',  ( -7.000000000000000000, 1.625000000000002665, 2.814582562299428936 ) ) ;
#510 = CARTESIAN_POINT ( 'NONE',  ( 2.434221791946371560, -2.750326483287862445, -1.689256079011572043 ) ) ;
#511 = CARTESIAN_POINT ( 'NONE',  ( 2.250000000000098144, 1.625000000000002665, 2.814582562299428936 ) ) ;
#512 = DIRECTION ( 'NONE',  ( 0.000000000000000000, 1.224646799147353454E-16, 1.000000000000000000 ) ) ;
#513 = CARTESIAN_POINT ( 'NONE',  ( 2.319999999999999840, 0.000000000000000000, 0.000000000000000000 ) ) ;
#514 = CARTESIAN_POINT ( 'NONE',  ( 0.1633608479823309700, -1.405806004182478697, -2.873315416464485850 ) ) ;
#515 = CARTESIAN_POINT ( 'NONE',  ( 2.333455903717990498, 2.804343501612757805, -1.635239060686653367 ) ) ;
#516 = CARTESIAN_POINT ( 'NONE',  ( 0.1627329900326343615, 1.786898240062215315, 2.652684322237214953 ) ) ;
#517 = CARTESIAN_POINT ( 'NONE',  ( 0.09457264275828183853, -0.6626708481781755644, 3.072437881383014435 ) ) ;
#518 = EDGE_CURVE ( 'NONE', #366, #331, #971, .T. ) ;
#519 = CARTESIAN_POINT ( 'NONE',  ( 0.1034495987654661664, 3.112308552055242927, -0.5138714794975813849 ) ) ;
#520 = VERTEX_POINT ( 'NONE', #240 ) ;
#521 = CARTESIAN_POINT ( 'NONE',  ( 0.1034495987654677762, 2.001180031552779681, 2.438402530746651031 ) ) ;
#522 = AXIS2_PLACEMENT_3D ( 'NONE', #57, #303, #1110 ) ;
#523 = CARTESIAN_POINT ( 'NONE',  ( 2.250000000000098144, -2.814582562299412061, -1.625000000000022871 ) ) ;
#524 = ORIENTED_EDGE ( 'NONE', *, *, #420, .T. ) ;
#525 = DIRECTION ( 'NONE',  ( 1.000000000000000000, 0.000000000000000000, 0.000000000000000000 ) ) ;
#526 = CARTESIAN_POINT ( 'NONE',  ( 0.1034495987654641125, -2.952274010244162472, -1.111128520502502770 ) ) ;
#527 = CARTESIAN_POINT ( 'NONE',  ( 2.623717214039887669, -3.118286586708515884, 0.4915611504421215083 ) ) ;
#528 = CIRCLE ( 'NONE', #58, 0.7499999999999997780 ) ;
#529 = CARTESIAN_POINT ( 'NONE',  ( 2.292596401429012332, -2.814582562298672208, -1.625000000002782885 ) ) ;
#530 = EDGE_CURVE ( 'NONE', #133, #242, #1122, .T. ) ;
#531 = CARTESIAN_POINT ( 'NONE',  ( 2.623717214039879675, -2.454734825148770838, 1.984847737150658320 ) ) ;
#532 = CARTESIAN_POINT ( 'NONE',  ( 0.3103297122007419029, -2.814582562299400070, -1.625000000000067724 ) ) ;
#533 = CARTESIAN_POINT ( 'NONE',  ( 2.545274989956983980, -0.2596065037384271967, -3.180438646973414940 ) ) ;
#534 = EDGE_LOOP ( 'NONE', ( #37, #536, #478, #372, #686, #551, #676, #524, #721 ) ) ;
#535 = CARTESIAN_POINT ( 'NONE',  ( 2.642253408915625990, -0.6511139340243473628, 3.075534547197528390 ) ) ;
#536 = ORIENTED_EDGE ( 'NONE', *, *, #413, .T. ) ;
#537 = FACE_OUTER_BOUND ( 'NONE', #636, .T. ) ;
#538 = CARTESIAN_POINT ( 'NONE',  ( 2.250000000000098144, 3.384293794885910560E-14, -3.250000000000000000 ) ) ;
#539 = ORIENTED_EDGE ( 'NONE', *, *, #833, .F. ) ;
#540 = CARTESIAN_POINT ( 'NONE',  ( 2.319999999999999840, 7.347880794884117764E-17, -0.5999999999999999778 ) ) ;
#541 = CARTESIAN_POINT ( 'NONE',  ( 2.623589216932461277, -0.4909514526678604440, 3.118449954734763718 ) ) ;
#542 = ORIENTED_EDGE ( 'NONE', *, *, #745, .T. ) ;
#543 = CARTESIAN_POINT ( 'NONE',  ( -0.4000000000000001887, 1.763491390772188658E-16, 1.439999999999999947 ) ) ;
#544 = CARTESIAN_POINT ( 'NONE',  ( 0.2274428142157776944, 3.227925497083509399, 0.08238316643618527613 ) ) ;
#545 = CARTESIAN_POINT ( 'NONE',  ( 2.623717214039884560, -0.4915611504421085742, -3.118286586708519437 ) ) ;
#546 = ORIENTED_EDGE ( 'NONE', *, *, #611, .T. ) ;
#547 = CARTESIAN_POINT ( 'NONE',  ( 0.3107285234182372569, 1.625000000000000444, -2.814582562299440038 ) ) ;
#548 = DIRECTION ( 'NONE',  ( 0.000000000000000000, -0.2588190451025213501, 0.9659258262890682012 ) ) ;
#549 = ORIENTED_EDGE ( 'NONE', *, *, #455, .F. ) ;
#550 = EDGE_CURVE ( 'NONE', #834, #187, #787, .T. ) ;
#551 = ORIENTED_EDGE ( 'NONE', *, *, #738, .T. ) ;
#552 = CARTESIAN_POINT ( 'NONE',  ( 2.434221791946367119, 1.537224563722632276, 2.838101919565239051 ) ) ;
#553 = CARTESIAN_POINT ( 'NONE',  ( 2.250000000000000444, 0.000000000000000000, -2.500000000000000444 ) ) ;
#554 = CARTESIAN_POINT ( 'NONE',  ( -7.000000000000000000, -3.250000000000000000, -2.269462870248036996E-14 ) ) ;
#555 = ORIENTED_EDGE ( 'NONE', *, *, #847, .F. ) ;
#556 = ORIENTED_EDGE ( 'NONE', *, *, #469, .F. ) ;
#557 = CARTESIAN_POINT ( 'NONE',  ( 2.292596401429010111, -2.747332917924027479E-12, 3.250000000000738964 ) ) ;
#558 = DIRECTION ( 'NONE',  ( 0.000000000000000000, 0.000000000000000000, 1.000000000000000000 ) ) ;
#559 = ORIENTED_EDGE ( 'NONE', *, *, #315, .F. ) ;
#560 = CARTESIAN_POINT ( 'NONE',  ( 2.292596401428920405, 2.814582562298688195, 1.625000000002770006 ) ) ;
#561 = PRODUCT ( 'crown - with insert_1.2', 'crown - with insert_1.2', '', ( #708 ) ) ;
#562 = ORIENTED_EDGE ( 'NONE', *, *, #43, .T. ) ;
#563 = CARTESIAN_POINT ( 'NONE',  ( 0.3500000000001028400, -2.814582562299428492, 1.625000000000000444 ) ) ;
#564 = CARTESIAN_POINT ( 'NONE',  ( 0.1450241414352472780, -2.892867989928087802, 1.332834806597576360 ) ) ;
#565 = CARTESIAN_POINT ( 'NONE',  ( 0.3500000000001028400, -2.814582562299412061, -1.625000000000022871 ) ) ;
#566 = ADVANCED_FACE ( 'NONE', ( #1029 ), #572, .T. ) ;
#567 = ORIENTED_EDGE ( 'NONE', *, *, #420, .F. ) ;
#568 = CARTESIAN_POINT ( 'NONE',  ( 2.642215848455088612, 0.9743037876436931866, -2.988936086918286605 ) ) ;
#569 = CARTESIAN_POINT ( 'NONE',  ( 2.510869641661701124, 2.679402919882995615, 1.760179642416433765 ) ) ;
#570 = DIRECTION ( 'NONE',  ( 0.000000000000000000, 0.000000000000000000, 1.000000000000000000 ) ) ;
#571 = CARTESIAN_POINT ( 'NONE',  ( 0.3103297122007425690, -1.624999999999940048, -2.814582562299473789 ) ) ;
#572 = TOROIDAL_SURFACE ( 'NONE', #723, 2.500000000000000444, 0.7500000000000000000 ) ;
#573 = CARTESIAN_POINT ( 'NONE',  ( 2.434221791946371116, 0.08777543627739123333, -3.226480642734191662 ) ) ;
#574 = CARTESIAN_POINT ( 'NONE',  ( 0.1034495987654669574, -2.438402530746653696, 2.001180031552775240 ) ) ;
#575 = PLANE ( 'NONE',  #696 ) ;
#576 = B_SPLINE_CURVE_WITH_KNOTS ( 'NONE', 3,
 ( #470, #36, #1117, #313, #736, #1099, #1012, #663, #128, #829, #837, #564, #919, #66, #72, #765, #1049, #1131 ),
 .UNSPECIFIED., .F., .F.,
 ( 4, 2, 2, 2, 2, 2, 2, 2, 4 ),
 ( 1.963226743118471562E-07, 0.0001170439130561128104, 0.0002338915034379137128, 0.0004675866842015154634, 0.0009349770457287188020, 0.001402367407255922195, 0.001636062588019524325, 0.001752910178401325065, 0.001869757768783125804 ),
 .UNSPECIFIED. ) ;
#577 = CARTESIAN_POINT ( 'NONE',  ( 2.404395517410423899, 2.830221668496492704, -1.566634061087621932 ) ) ;
#578 = CARTESIAN_POINT ( 'NONE',  ( 0.09452563665116554825, 0.9613448218001868772, -2.992408431350796150 ) ) ;
#579 = CARTESIAN_POINT ( 'NONE',  ( 2.292651984123960762, 5.230823731337337458E-14, -3.249999999999995115 ) ) ;
#580 = CARTESIAN_POINT ( 'NONE',  ( 2.292651984123864839, 2.814582562299423163, 1.625000000000006217 ) ) ;
#581 = CARTESIAN_POINT ( 'NONE',  ( 2.250000000000098144, -3.250000000000000000, -2.269462870248036996E-14 ) ) ;
#582 = PRODUCT_DEFINITION_CONTEXT ( 'detailed design', #333, 'design' ) ;
#583 = AXIS2_PLACEMENT_3D ( 'NONE', #975, #83, #886 ) ;
#584 = DIRECTION ( 'NONE',  ( 0.000000000000000000, 0.2588190451025205729, 0.9659258262890683122 ) ) ;
#585 = AXIS2_PLACEMENT_3D ( 'NONE', #1001, #892, #3 ) ;
#586 = CARTESIAN_POINT ( 'NONE',  ( 2.404395517410417238, -2.771855729584121519, -1.667726832715312080 ) ) ;
#587 = CARTESIAN_POINT ( 'NONE',  ( 0.3103297122007455111, -2.814582562299455137, 1.624999999999973577 ) ) ;
#588 = EDGE_CURVE ( 'NONE', #208, #520, #828, .T. ) ;
#589 = ORIENTED_EDGE ( 'NONE', *, *, #1069, .T. ) ;
#590 = B_SPLINE_CURVE_WITH_KNOTS ( 'NONE', 3,
 ( #1046, #426, #339, #577, #691, #165, #868, #1126, #779, #1051, #255, #1030, #602, #170, #873, #851, #85, #665 ),
 .UNSPECIFIED., .F., .F.,
 ( 4, 2, 2, 2, 2, 2, 2, 2, 4 ),
 ( 1.964820373084648361E-07, 0.0001259139889132088479, 0.0002516314957891091931, 0.0005030665095409098293, 0.001005936537044511102, 0.001508806564548111941, 0.001760241578299912360, 0.001885959085175813003, 0.002011676592051713213 ),
 .UNSPECIFIED. ) ;
#591 = AXIS2_PLACEMENT_3D ( 'NONE', #1149, #797, #598 ) ;
#592 = AXIS2_PLACEMENT_3D ( 'NONE', #334, #1119, #956 ) ;
#593 = DIRECTION ( 'NONE',  ( 0.000000000000000000, -0.9659258262890683122, 0.2588190451025205729 ) ) ;
#594 = CARTESIAN_POINT ( 'NONE',  ( 0.3500000000001028400, 3.384293794885910560E-14, -3.250000000000000000 ) ) ;
#595 = CARTESIAN_POINT ( 'NONE',  ( 2.623717214039885448, 2.454734825148794819, -1.984847737150624569 ) ) ;
#596 = DIRECTION ( 'NONE',  ( 1.000000000000000000, -0.000000000000000000, -0.000000000000000000 ) ) ;
#597 = CARTESIAN_POINT ( 'NONE',  ( 0.3107285234182402545, 3.017112535165441812E-14, 3.250000000000012434 ) ) ;
#598 = DIRECTION ( 'NONE',  ( 0.000000000000000000, 0.000000000000000000, 1.000000000000000000 ) ) ;
#599 = CARTESIAN_POINT ( 'NONE',  ( 2.545111420634202481, 1.814776071982192374, -2.624806490317242336 ) ) ;
#600 = CARTESIAN_POINT ( 'NONE',  ( 0.3500000000001028400, 2.814582562299429380, 1.625000000000000222 ) ) ;
#601 = EDGE_CURVE ( 'NONE', #761, #818, #1025, .T. ) ;
#602 = CARTESIAN_POINT ( 'NONE',  ( 2.510548382794732358, 3.200636872428234803, -0.1842257001183512655 ) ) ;
#603 = CARTESIAN_POINT ( 'NONE',  ( 0.3103297122006504205, 3.250000000000000888, -1.191902411728888722E-14 ) ) ;
#604 = CARTESIAN_POINT ( 'NONE',  ( 2.545111420634202926, -3.180537136624103312, -0.2592389353580789035 ) ) ;
#605 = CARTESIAN_POINT ( 'NONE',  ( 0.3500000000001028400, -3.250000000000000000, -2.269462870248036996E-14 ) ) ;
#606 = CARTESIAN_POINT ( 'NONE',  ( 0.09452563665117044711, 3.072174130948611470, -0.6636551781998960564 ) ) ;
#607 = ORIENTED_EDGE ( 'NONE', *, *, #759, .T. ) ;
#608 = CARTESIAN_POINT ( 'NONE',  ( -7.000000000000000000, 1.625000000000032641, -2.814582562299406732 ) ) ;
#609 = CARTESIAN_POINT ( 'NONE',  ( 0.1450241414352346214, 3.171714572371322927, 0.2921651934024921959 ) ) ;
#610 = CARTESIAN_POINT ( 'NONE',  ( 2.545111420634204258, -2.884045425675324292, 1.365761064641932920 ) ) ;
#611 = EDGE_CURVE ( 'NONE', #41, #87, #135, .T. ) ;
#612 = ORIENTED_EDGE ( 'NONE', *, *, #196, .T. ) ;
#613 = CARTESIAN_POINT ( 'NONE',  ( 2.510869641661745089, -3.200520816801070811, -0.1846588256154315377 ) ) ;
#614 = FACE_OUTER_BOUND ( 'NONE', #1075, .T. ) ;
#615 = ADVANCED_FACE ( 'NONE', ( #400 ), #740, .T. ) ;
#616 = CARTESIAN_POINT ( 'NONE',  ( 0.3107285234182372013, -1.625000000000018874, -2.814582562299429824 ) ) ;
#617 = ORIENTED_EDGE ( 'NONE', *, *, #759, .F. ) ;
#618 = CARTESIAN_POINT ( 'NONE',  ( 2.434221791946367119, -0.08777543627736944520, 3.226480642734194326 ) ) ;
#619 = DIRECTION ( 'NONE',  ( 1.000000000000000000, 0.000000000000000000, 0.000000000000000000 ) ) ;
#620 = CARTESIAN_POINT ( 'NONE',  ( 0.3103297122007478981, 2.814582562299420054, 1.625000000000032641 ) ) ;
#621 = CARTESIAN_POINT ( 'NONE',  ( 2.642253408915632651, -0.9738860659756274352, -2.989048015101908984 ) ) ;
#622 = ORIENTED_EDGE ( 'NONE', *, *, #49, .F. ) ;
#623 = SURFACE_STYLE_FILL_AREA ( #287 ) ;
#624 = DIRECTION ( 'NONE',  ( 1.000000000000000000, -0.000000000000000000, -0.000000000000000000 ) ) ;
#625 = CIRCLE ( 'NONE', #1103, 2.250000000000000000 ) ;
#626 = VERTEX_POINT ( 'NONE', #836 ) ;
#627 = CARTESIAN_POINT ( 'NONE',  ( 2.404395517410414129, -1.667726832715299423, 2.771855729584130401 ) ) ;
#628 = CARTESIAN_POINT ( 'NONE',  ( 0.1034495987654710930, 2.952274010244168245, 1.111128520502508321 ) ) ;
#629 = CARTESIAN_POINT ( 'NONE',  ( 2.545111420634202926, -1.365761064641916489, -2.884045425675333618 ) ) ;
#630 = ORIENTED_EDGE ( 'NONE', *, *, #1125, .T. ) ;
#631 = CARTESIAN_POINT ( 'NONE',  ( 0.09452563665116554825, 2.328753253150986691, -2.110829309148436472 ) ) ;
#632 = CARTESIAN_POINT ( 'NONE',  ( -7.000000000000000000, -1.624999999999973799, -2.814582562299440482 ) ) ;
#633 = ORIENTED_EDGE ( 'NONE', *, *, #738, .F. ) ;
#634 = DIRECTION ( 'NONE',  ( 0.000000000000000000, 0.000000000000000000, -1.000000000000000000 ) ) ;
#635 = ADVANCED_FACE ( 'NONE', ( #753 ), #1105, .T. ) ;
#636 = EDGE_LOOP ( 'NONE', ( #297, #211 ) ) ;
#637 =( NAMED_UNIT ( * ) PLANE_ANGLE_UNIT ( ) SI_UNIT ( $, .RADIAN. ) );
#638 = CARTESIAN_POINT ( 'NONE',  ( -2.680000000000000160, 0.000000000000000000, 0.000000000000000000 ) ) ;
#639 = VECTOR ( 'NONE', #382, 1000.000000000000000 ) ;
#640 = CARTESIAN_POINT ( 'NONE',  ( -2.680000000000000160, 1.763491390772188658E-16, 1.439999999999999947 ) ) ;
#641 = TOROIDAL_SURFACE ( 'NONE', #152, 2.500000000000000444, 0.7500000000000000000 ) ;
#642 = ORIENTED_EDGE ( 'NONE', *, *, #825, .T. ) ;
#643 = CARTESIAN_POINT ( 'NONE',  ( 2.510869641661740204, 1.440341174384583089, 2.864061745498359457 ) ) ;
#644 = LINE ( 'NONE', #20, #179 ) ;
#645 = B_SPLINE_CURVE_WITH_KNOTS ( 'NONE', 3,
 ( #894, #532, #437, #185, #90, #258, #181, #526, #16, #801, #789, #1081, #106, #1148, #989, #703, #273, #605 ),
 .UNSPECIFIED., .F., .F.,
 ( 4, 2, 2, 2, 2, 2, 2, 2, 4 ),
 ( 1.963226743117829140E-07, 0.0001170439130561132035, 0.0002338915034379145531, 0.0004675866842015176860, 0.0009349770457287237893, 0.001402367407255930001, 0.001636062588019532998, 0.001752910178401334389, 0.001869757768783136213 ),
 .UNSPECIFIED. ) ;
#646 = FACE_OUTER_BOUND ( 'NONE', #725, .T. ) ;
#647 = EDGE_LOOP ( 'NONE', ( #1003, #732, #1123, #964 ) ) ;
#648 = CARTESIAN_POINT ( 'NONE',  ( 0.1450241414352477498, -2.600702796525656169, -1.838879765773775210 ) ) ;
#649 = ORIENTED_EDGE ( 'NONE', *, *, #1129, .F. ) ;
#650 = CARTESIAN_POINT ( 'NONE',  ( 2.434290920228571853, 0.08787636532722790939, 3.226453598876790174 ) ) ;
#651 = DIRECTION ( 'NONE',  ( 1.000000000000000000, -0.000000000000000000, -0.000000000000000000 ) ) ;
#652 = EDGE_CURVE ( 'NONE', #187, #125, #669, .T. ) ;
#653 = DIRECTION ( 'NONE',  ( 0.000000000000000000, 0.9659258262890707547, -0.2588190451025113026 ) ) ;
#654 = CARTESIAN_POINT ( 'NONE',  ( 2.623717214039881451, 2.946295975590913052, 1.133438849557862227 ) ) ;
#655 = ORIENTED_EDGE ( 'NONE', *, *, #1055, .T. ) ;
#656 = CARTESIAN_POINT ( 'NONE',  ( 2.404395517410417238, 0.05836593891236791648, -3.234360893802955328 ) ) ;
#657 = CARTESIAN_POINT ( 'NONE',  ( 0.1444865106122421028, -2.598986364598754761, 1.840596197700674619 ) ) ;
#658 = EDGE_CURVE ( 'NONE', #174, #406, #171, .T. ) ;
#659 = CARTESIAN_POINT ( 'NONE',  ( 0.2090076513063860442, -2.729590339132995425, -1.709992223166437286 ) ) ;
#660 = CARTESIAN_POINT ( 'NONE',  ( 0.2768386111045089137, 0.02514182717783590426, -3.243263267711465225 ) ) ;
#661 = LINE ( 'NONE', #239, #431 ) ;
#662 = CARTESIAN_POINT ( 'NONE',  ( -7.000000000000000000, -1.625000000000002442, 2.814582562299428048 ) ) ;
#663 = CARTESIAN_POINT ( 'NONE',  ( 0.1034495987654626692, -3.112308552055255806, 0.5138714794975011158 ) ) ;
#664 = CARTESIAN_POINT ( 'NONE',  ( 0.1627329900326308365, -1.786898240062180676, -2.652684322237234937 ) ) ;
#665 = CARTESIAN_POINT ( 'NONE',  ( 2.249999999999921396, 3.250000000000003109, 4.336808689942017736E-16 ) ) ;
#666 = CARTESIAN_POINT ( 'NONE',  ( 0.1034495987654640986, 1.111128520502514094, -2.952274010244159363 ) ) ;
#667 = VECTOR ( 'NONE', #651, 1000.000000000000000 ) ;
#668 = CARTESIAN_POINT ( 'NONE',  ( 2.434290920228576294, -1.689329964203981849, -2.750252598095434653 ) ) ;
#669 = LINE ( 'NONE', #662, #27 ) ;
#670 = AXIS2_PLACEMENT_3D ( 'NONE', #26, #464, #814 ) ;
#671 = EDGE_CURVE ( 'NONE', #87, #1058, #689, .T. ) ;
#672 = FACE_OUTER_BOUND ( 'NONE', #440, .T. ) ;
#673 = CARTESIAN_POINT ( 'NONE',  ( 0.2090076513063856833, 0.1161015359694730908, -3.218890687196974021 ) ) ;
#674 = CARTESIAN_POINT ( 'NONE',  ( 2.404344524238050784, 1.566686068455953595, -2.830207733164126882 ) ) ;
#675 = CARTESIAN_POINT ( 'NONE',  ( 0.2265249566965607253, -2.753287951967311908, 1.686294610332116584 ) ) ;
#676 = ORIENTED_EDGE ( 'NONE', *, *, #947, .T. ) ;
#677 = UNCERTAINTY_MEASURE_WITH_UNIT (LENGTH_MEASURE( 1.000000000000000082E-05 ), #192, 'distance_accuracy_value', 'NONE');
#678 = AXIS2_PLACEMENT_3D ( 'NONE', #890, #13, #715 ) ;
#679 = CARTESIAN_POINT ( 'NONE',  ( 0.2762134967503988014, -1.599408306784440237, 2.821439835829482767 ) ) ;
#680 = CARTESIAN_POINT ( 'NONE',  ( 0.2762134967503956928, -0.02559169321551698836, -3.243142726469947501 ) ) ;
#681 = DIRECTION ( 'NONE',  ( -1.000000000000000000, 0.000000000000000000, 0.000000000000000000 ) ) ;
#682 = FACE_OUTER_BOUND ( 'NONE', #194, .T. ) ;
#683 = FACE_OUTER_BOUND ( 'NONE', #1041, .T. ) ;
#684 = CARTESIAN_POINT ( 'NONE',  ( 0.000000000000000000, 0.000000000000000000, -2.900000000000000355 ) ) ;
#685 = CARTESIAN_POINT ( 'NONE',  ( 2.333455903717992275, 1.635239060686701773, 2.804343501612728939 ) ) ;
#686 = ORIENTED_EDGE ( 'NONE', *, *, #378, .T. ) ;
#687 = CARTESIAN_POINT ( 'NONE',  ( 0.2762134967503986904, 1.643734419685511039, 2.795848142613919673 ) ) ;
#688 = ADVANCED_FACE ( 'NONE', ( #428 ), #167, .F. ) ;
#689 = B_SPLINE_CURVE_WITH_KNOTS ( 'NONE', 3,
 ( #1048, #768, #1135, #75, #336, #945, #599, #1140, #81, #157, #595, #252, #864, #781, #423, #515, #330, #958 ),
 .UNSPECIFIED., .F., .F.,
 ( 4, 2, 2, 2, 2, 2, 2, 2, 4 ),
 ( 1.964820373075628783E-07, 0.0001259139889132003098, 0.0002516314957890930927, 0.0005030665095408790380, 0.001005936537044451688, 0.001508806564548024337, 0.001760241578299811096, 0.001885959085175704583, 0.002011676592051598721 ),
 .UNSPECIFIED. ) ;
#690 = B_SPLINE_CURVE_WITH_KNOTS ( 'NONE', 3,
 ( #751, #142, #1114, #1027, #496, #1021, #55, #666, #578, #1127, #489, #1120, #844, #673, #310, #660, #852, #62 ),
 .UNSPECIFIED., .F., .F.,
 ( 4, 2, 2, 2, 2, 2, 2, 2, 4 ),
 ( 1.963226743114635826E-07, 0.0001170439130561115636, 0.0002338915034379116800, 0.0004675866842015112892, 0.0009349770457287108873, 0.001402367407255910052, 0.001636062588019509580, 0.001752910178401309452, 0.001869757768783108891 ),
 .UNSPECIFIED. ) ;
#691 = CARTESIAN_POINT ( 'NONE',  ( 2.434221791946378222, 2.838101919565257258, -1.537224563722596082 ) ) ;
#692 = CARTESIAN_POINT ( 'NONE',  ( 0.2768386111045156306, 2.821319294587981474, -1.599858172822163915 ) ) ;
#693 = ORIENTED_EDGE ( 'NONE', *, *, #508, .F. ) ;
#694 = LINE ( 'NONE', #770, #95 ) ;
#695 = CARTESIAN_POINT ( 'NONE',  ( 0.3107285234181510480, 3.250000000000001332, 9.375901807929768299E-15 ) ) ;
#696 = AXIS2_PLACEMENT_3D ( 'NONE', #215, #392, #570 ) ;
#697 = CARTESIAN_POINT ( 'NONE',  ( -0.4000000000000000222, 2.755455298081544285E-16, 2.250000000000000000 ) ) ;
#698 = CIRCLE ( 'NONE', #1056, 0.5999999999999999778 ) ;
#699 = ORIENTED_EDGE ( 'NONE', *, *, #47, .F. ) ;
#700 = CARTESIAN_POINT ( 'NONE',  ( 2.510548382794808742, -2.863945689871216338, -1.440774299881550924 ) ) ;
#701 = EDGE_CURVE ( 'NONE', #24, #764, #926, .T. ) ;
#702 = VECTOR ( 'NONE', #1155, 1000.000000000000000 ) ;
#703 = CARTESIAN_POINT ( 'NONE',  ( 0.2768386111045097464, -3.243263267711466113, -0.02514182717782478121 ) ) ;
#704 = CARTESIAN_POINT ( 'NONE',  ( 2.434221791946371560, -2.838101919565237274, 1.537224563722634052 ) ) ;
#705 = EDGE_CURVE ( 'NONE', #202, #92, #1031, .T. ) ;
#706 = EDGE_LOOP ( 'NONE', ( #389, #108 ) ) ;
#707 = DIRECTION ( 'NONE',  ( 0.000000000000000000, 0.000000000000000000, -1.000000000000000000 ) ) ;
#708 = PRODUCT_CONTEXT ( 'NONE', #115, 'mechanical' ) ;
#709 = EDGE_CURVE ( 'NONE', #520, #87, #1068, .T. ) ;
#710 = CARTESIAN_POINT ( 'NONE',  ( 2.333455903717990498, -3.246252243677781202, 0.01398681700888472663 ) ) ;
#711 = CARTESIAN_POINT ( 'NONE',  ( 2.545274989956981759, -1.365393496261534168, 2.884143915326018881 ) ) ;
#712 = ORIENTED_EDGE ( 'NONE', *, *, #401, .F. ) ;
#713 = DIRECTION ( 'NONE',  ( 0.000000000000000000, -0.7071067811865469066, 0.7071067811865482389 ) ) ;
#714 = CARTESIAN_POINT ( 'NONE',  ( -7.000000000000000000, 3.250000000000003109, 4.336808689942017736E-16 ) ) ;
#715 = DIRECTION ( 'NONE',  ( 0.000000000000000000, 0.000000000000000000, 1.000000000000000000 ) ) ;
#716 = DIRECTION ( 'NONE',  ( 1.000000000000000000, -0.000000000000000000, -0.000000000000000000 ) ) ;
#717 = ORIENTED_EDGE ( 'NONE', *, *, #151, .T. ) ;
#718 = FACE_OUTER_BOUND ( 'NONE', #447, .T. ) ;
#719 = DIRECTION ( 'NONE',  ( 0.000000000000000000, -0.2588190451025157990, -0.9659258262890696445 ) ) ;
#720 = EDGE_CURVE ( 'NONE', #834, #280, #661, .T. ) ;
#721 = ORIENTED_EDGE ( 'NONE', *, *, #79, .F. ) ;
#722 = CARTESIAN_POINT ( 'NONE',  ( 2.292651984123957654, -1.625000000000024869, 2.814582562299405399 ) ) ;
#723 = AXIS2_PLACEMENT_3D ( 'NONE', #325, #748, #52 ) ;
#724 = CARTESIAN_POINT ( 'NONE',  ( 2.623589216932466606, -1.134048547332116241, -2.946132607564675432 ) ) ;
#725 = EDGE_LOOP ( 'NONE', ( #807, #812, #826, #1104 ) ) ;
#726 = CARTESIAN_POINT ( 'NONE',  ( 0.1633608479823313309, 1.785461141652477268, -2.654121420646958551 ) ) ;
#727 = CARTESIAN_POINT ( 'NONE',  ( 2.292596401429010111, -1.625000000002750467, 2.814582562298691304 ) ) ;
#728 = FACE_OUTER_BOUND ( 'NONE', #1095, .T. ) ;
#729 = ORIENTED_EDGE ( 'NONE', *, *, #701, .T. ) ;
#730 = DIRECTION ( 'NONE',  ( 0.000000000000000000, 1.224646799147353454E-16, 1.000000000000000000 ) ) ;
#731 = B_SPLINE_CURVE_WITH_KNOTS ( 'NONE', 3,
 ( #111, #722, #425, #627, #353, #988, #910, #995, #203, #15, #531, #465, #816, #364, #272, #195, #31, #377 ),
 .UNSPECIFIED., .F., .F.,
 ( 4, 2, 2, 2, 2, 2, 2, 2, 4 ),
 ( 1.964820373049206384E-07, 0.0001259139889131963795, 0.0002516314957890878343, 0.0005030665095408702559, 0.001005936537044436942, 0.001508806564548003520, 0.001760241578299786376, 0.001885959085175678562, 0.002011676592051570532 ),
 .UNSPECIFIED. ) ;
#732 = ORIENTED_EDGE ( 'NONE', *, *, #249, .F. ) ;
#733 = PLANE ( 'NONE',  #299 ) ;
#734 = CARTESIAN_POINT ( 'NONE',  ( 2.510869641661738871, -0.1846588256154192142, 3.200520816801072588 ) ) ;
#735 = CIRCLE ( 'NONE', #583, 2.250000000000000000 ) ;
#736 = CARTESIAN_POINT ( 'NONE',  ( 0.2082785754461038974, -3.218520035032340409, 0.1174848286797778030 ) ) ;
#737 = ORIENTED_EDGE ( 'NONE', *, *, #705, .T. ) ;
#738 = EDGE_CURVE ( 'NONE', #855, #1072, #940, .T. ) ;
#739 = VERTEX_POINT ( 'NONE', #143 ) ;
#740 = CYLINDRICAL_SURFACE ( 'NONE', #875, 1.439999999999999947 ) ;
#741 = VECTOR ( 'NONE', #716, 1000.000000000000000 ) ;
#742 = AXIS2_PLACEMENT_3D ( 'NONE', #827, #39, #1133 ) ;
#743 = DIRECTION ( 'NONE',  ( 0.000000000000000000, 0.000000000000000000, 1.000000000000000000 ) ) ;
#744 = CARTESIAN_POINT ( 'NONE',  ( 0.000000000000000000, 0.000000000000000000, 0.000000000000000000 ) ) ;
#745 = EDGE_CURVE ( 'NONE', #839, #208, #903, .T. ) ;
#746 = VERTEX_POINT ( 'NONE', #497 ) ;
#747 = DIRECTION ( 'NONE',  ( 1.000000000000000000, -0.000000000000000000, -0.000000000000000000 ) ) ;
#748 = DIRECTION ( 'NONE',  ( 1.000000000000000000, 0.000000000000000000, 0.000000000000000000 ) ) ;
#749 = LINE ( 'NONE', #29, #639 ) ;
#750 = CARTESIAN_POINT ( 'NONE',  ( 0.2265249566965574501, -1.686294610332085497, -2.753287951967329672 ) ) ;
#751 = CARTESIAN_POINT ( 'NONE',  ( 0.3500000000001028400, 1.625000000000032641, -2.814582562299406732 ) ) ;
#752 = CARTESIAN_POINT ( 'NONE',  ( -2.680000000000000160, 1.763491390772188658E-16, 1.439999999999999947 ) ) ;
#753 = FACE_OUTER_BOUND ( 'NONE', #103, .T. ) ;
#754 = DIRECTION ( 'NONE',  ( 0.000000000000000000, 0.000000000000000000, -1.000000000000000000 ) ) ;
#755 = CARTESIAN_POINT ( 'NONE',  ( 2.642253408915632207, -2.337934081077539084, -2.101648481221888964 ) ) ;
#756 = DIRECTION ( 'NONE',  ( -1.000000000000000000, -0.000000000000000000, -0.000000000000000000 ) ) ;
#757 = VERTEX_POINT ( 'NONE', #1134 ) ;
#758 = AXIS2_PLACEMENT_3D ( 'NONE', #17, #899, #713 ) ;
#759 = EDGE_CURVE ( 'NONE', #746, #1150, #853, .T. ) ;
#760 = CARTESIAN_POINT ( 'NONE',  ( 0.1450241414352517189, -0.2921651934024209751, 3.171714572371342022 ) ) ;
#761 = VERTEX_POINT ( 'NONE', #45 ) ;
#762 = CARTESIAN_POINT ( 'NONE',  ( 2.623717214039884560, 1.133438849557893535, -2.946295975590897065 ) ) ;
#763 = CARTESIAN_POINT ( 'NONE',  ( 0.2090076513063882924, -1.709992223166425296, 2.729590339133006083 ) ) ;
#764 = VERTEX_POINT ( 'NONE', #1128 ) ;
#765 = CARTESIAN_POINT ( 'NONE',  ( 0.2768386111045099129, -2.821319294587964599, 1.599858172822189228 ) ) ;
#766 = CARTESIAN_POINT ( 'NONE',  ( 0.3500000000001028400, -8.673617379884035472E-16, 3.250000000000003553 ) ) ;
#767 = CARTESIAN_POINT ( 'NONE',  ( 2.333598374288317512, -2.804292974244525727, -1.635289588054908538 ) ) ;
#768 = CARTESIAN_POINT ( 'NONE',  ( 2.292651984123961206, 1.625000000000047740, -2.814582562299392965 ) ) ;
#769 = EDGE_LOOP ( 'NONE', ( #453, #476, #284, #921 ) ) ;
#770 = CARTESIAN_POINT ( 'NONE',  ( -7.000000000000000000, 3.250000000000003109, 4.336808689942017736E-16 ) ) ;
#771 = B_SPLINE_CURVE_WITH_KNOTS ( 'NONE', 3,
 ( #1026, #78, #679, #68, #1143, #857, #494, #432, #772, #517, #862, #760, #414, #421, #316, #244, #597, #766 ),
 .UNSPECIFIED., .F., .F.,
 ( 4, 2, 2, 2, 2, 2, 2, 2, 4 ),
 ( 1.963226743090421801E-07, 0.0001170439130561076876, 0.0002338915034379063132, 0.0004675866842015041877, 0.0009349770457287000453, 0.001402367407255895740, 0.001636062588019493750, 0.001752910178401292539, 0.001869757768783091760 ),
 .UNSPECIFIED. ) ;
#772 = CARTESIAN_POINT ( 'NONE',  ( 0.09452563665116904545, -0.9613448218001526824, 2.992408431350810805 ) ) ;
#773 = EDGE_CURVE ( 'NONE', #764, #818, #324, .T. ) ;
#774 = CARTESIAN_POINT ( 'NONE',  ( -0.4000000000000001887, 0.000000000000000000, 0.000000000000000000 ) ) ;
#775 = CARTESIAN_POINT ( 'NONE',  ( 2.510548382794811850, 1.759862572546689208, 2.679719989752741505 ) ) ;
#776 = ORIENTED_EDGE ( 'NONE', *, *, #601, .T. ) ;
#777 = CARTESIAN_POINT ( 'NONE',  ( 0.09452563665116894831, 2.110829309148471111, 2.328753253150960045 ) ) ;
#778 = PLANE ( 'NONE',  #96 ) ;
#779 = CARTESIAN_POINT ( 'NONE',  ( 2.642253408915628210, 2.989048015101931632, -0.9738860659755683713 ) ) ;
#780 = CARTESIAN_POINT ( 'NONE',  ( 0.1450241414352592406, 2.892867989928096684, -1.332834806597579025 ) ) ;
#781 = CARTESIAN_POINT ( 'NONE',  ( 2.434290920228574961, 2.750252598095439538, -1.689329964203971635 ) ) ;
#782 = AXIS2_PLACEMENT_3D ( 'NONE', #70, #681, #1039 ) ;
#783 = ORIENTED_EDGE ( 'NONE', *, *, #709, .F. ) ;
#784 = PLANE ( 'NONE',  #385 ) ;
#785 = CARTESIAN_POINT ( 'NONE',  ( -7.000000000000000000, 2.814582562299429380, 1.625000000000000222 ) ) ;
#786 = ORIENTED_EDGE ( 'NONE', *, *, #249, .T. ) ;
#787 = B_SPLINE_CURVE_WITH_KNOTS ( 'NONE', 3,
 ( #563, #587, #930, #675, #1116, #918, #657, #574, #127, #486, #405, #923, #841, #763, #475, #498, #230, #395 ),
 .UNSPECIFIED., .F., .F.,
 ( 4, 2, 2, 2, 2, 2, 2, 2, 4 ),
 ( 1.963226743094538117E-07, 0.0001170439130561067525, 0.0002338915034379039821, 0.0004675866842014989293, 0.0009349770457286894201, 0.001402367407255879911, 0.001636062588019474668, 0.001752910178401272156, 0.001869757768783069426 ),
 .UNSPECIFIED. ) ;
#788 = CARTESIAN_POINT ( 'NONE',  ( 0.2768386111045117448, 2.796177467410153827, 1.643405094889274665 ) ) ;
#789 = CARTESIAN_POINT ( 'NONE',  ( 0.1034806664603561688, -3.112631045175942468, -0.5126679187860253561 ) ) ;
#790 = AXIS2_PLACEMENT_3D ( 'NONE', #554, #304, #924 ) ;
#791 = CARTESIAN_POINT ( 'NONE',  ( 2.333598374288317512, -2.818348812921995350, 1.610944161322540591 ) ) ;
#792 = AXIS2_PLACEMENT_3D ( 'NONE', #50, #234, #935 ) ;
#793 = VERTEX_POINT ( 'NONE', #156 ) ;
#794 = CARTESIAN_POINT ( 'NONE',  ( 0.2274428142158235744, 2.754273898779795449, 1.685308663519635264 ) ) ;
#795 = VECTOR ( 'NONE', #91, 1000.000000000000000 ) ;
#796 = PRODUCT_DEFINITION_FORMATION_WITH_SPECIFIED_SOURCE ( 'ANY', '', #561, .NOT_KNOWN. ) ;
#797 = DIRECTION ( 'NONE',  ( -1.000000000000000000, 0.000000000000000000, 0.000000000000000000 ) ) ;
#798 = ORIENTED_EDGE ( 'NONE', *, *, #279, .T. ) ;
#799 = DIRECTION ( 'NONE',  ( -1.000000000000000000, 0.000000000000000000, 0.000000000000000000 ) ) ;
#800 = B_SPLINE_CURVE_WITH_KNOTS ( 'NONE', 3,
 ( #943, #620, #349, #882, #878, #804, #281, #628, #444, #1061, #887, #609, #354, #5, #544, #358, #695, #972 ),
 .UNSPECIFIED., .F., .F.,
 ( 4, 2, 2, 2, 2, 2, 2, 2, 4 ),
 ( 1.963226743090954109E-07, 0.0001170439130561015076, 0.0002338915034378938719, 0.0004675866842014788716, 0.0009349770457286484373, 0.001402367407255818328, 0.001636062588019403111, 0.001752910178401195394, 0.001869757768782987894 ),
 .UNSPECIFIED. ) ;
#801 = CARTESIAN_POINT ( 'NONE',  ( 0.09457264275827799438, -3.072437881383005553, -0.6626708481781942162 ) ) ;
#802 = LINE ( 'NONE', #811, #741 ) ;
#803 = DIRECTION ( 'NONE',  ( -1.000000000000000000, -0.000000000000000000, -0.000000000000000000 ) ) ;
#804 = CARTESIAN_POINT ( 'NONE',  ( 0.1627329900326392464, 2.873841430990185408, 1.403842891247044200 ) ) ;
#805 = PLANE ( 'NONE',  #758 ) ;
#806 = EDGE_CURVE ( 'NONE', #208, #269, #1014, .T. ) ;
#807 = ORIENTED_EDGE ( 'NONE', *, *, #652, .F. ) ;
#808 = CARTESIAN_POINT ( 'NONE',  ( 2.642215848455080618, -0.9743037876436593248, 2.988936086918300372 ) ) ;
#809 = EDGE_LOOP ( 'NONE', ( #114, #729 ) ) ;
#810 = DIRECTION ( 'NONE',  ( 0.000000000000000000, 1.000000000000000000, -1.224646799147353207E-16 ) ) ;
#811 = CARTESIAN_POINT ( 'NONE',  ( -7.000000000000000000, -2.814582562299412061, -1.625000000000022871 ) ) ;
#812 = ORIENTED_EDGE ( 'NONE', *, *, #550, .F. ) ;
#813 = CARTESIAN_POINT ( 'NONE',  ( 2.292651984123957654, 1.624999999999969136, 2.814582562299436930 ) ) ;
#814 = DIRECTION ( 'NONE',  ( 0.000000000000000000, 0.000000000000000000, -1.000000000000000000 ) ) ;
#815 = CARTESIAN_POINT ( 'NONE',  ( 2.319999999999999840, 0.000000000000000000, 0.000000000000000000 ) ) ;
#816 = CARTESIAN_POINT ( 'NONE',  ( 2.510548382794805189, -2.679719989752754827, 1.759862572546674553 ) ) ;
#817 = VECTOR ( 'NONE', #1011, 1000.000000000000000 ) ;
#818 = VERTEX_POINT ( 'NONE', #166 ) ;
#819 = FILL_AREA_STYLE_COLOUR ( '', #856 ) ;
#820 = PLANE ( 'NONE',  #849 ) ;
#821 = DIRECTION ( 'NONE',  ( 0.000000000000000000, -0.7071067811865470176, -0.7071067811865480168 ) ) ;
#822 = ORIENTED_EDGE ( 'NONE', *, *, #11, .F. ) ;
#823 = CARTESIAN_POINT ( 'NONE',  ( 0.1633608479823311643, -2.654121420646964324, -1.785461141652468386 ) ) ;
#824 = EDGE_CURVE ( 'NONE', #242, #92, #408, .T. ) ;
#825 = EDGE_CURVE ( 'NONE', #24, #761, #340, .T. ) ;
#826 = ORIENTED_EDGE ( 'NONE', *, *, #720, .T. ) ;
#827 = CARTESIAN_POINT ( 'NONE',  ( -0.4000000000000000222, 0.000000000000000000, 0.000000000000000000 ) ) ;
#828 = LINE ( 'NONE', #40, #321 ) ;
#829 = CARTESIAN_POINT ( 'NONE',  ( 0.09457264275827710620, -2.992144680916416721, 0.9623291518218135554 ) ) ;
#830 = EDGE_LOOP ( 'NONE', ( #393, #622, #542, #118, #237, #356, #786, #1083, #222 ) ) ;
#831 = DIRECTION ( 'NONE',  ( 0.000000000000000000, 0.000000000000000000, 1.000000000000000000 ) ) ;
#832 = B_SPLINE_CURVE_WITH_KNOTS ( 'NONE', 3,
 ( #1090, #987, #188, #993, #618, #734, #362, #541, #535, #808, #901, #711, #288, #1005, #278, #117, #727, #448 ),
 .UNSPECIFIED., .F., .F.,
 ( 4, 2, 2, 2, 2, 2, 2, 2, 4 ),
 ( 1.964820373053361610E-07, 0.0001259139889131963795, 0.0002516314957890874548, 0.0005030665095408691717, 0.001005936537044433039, 0.001508806564547997015, 0.001760241578299779003, 0.001885959085175670539, 0.002011676592051562292 ),
 .UNSPECIFIED. ) ;
#833 = EDGE_CURVE ( 'NONE', #418, #757, #275, .T. ) ;
#834 = VERTEX_POINT ( 'NONE', #86 ) ;
#835 = CARTESIAN_POINT ( 'NONE',  ( 2.404395517410413685, 1.566634061087656127, 2.830221668496476717 ) ) ;
#836 = CARTESIAN_POINT ( 'NONE',  ( 0.3500000000001028400, 1.625000000000002665, 2.814582562299428936 ) ) ;
#837 = CARTESIAN_POINT ( 'NONE',  ( 0.1034806664603556969, -2.951951517123483359, 1.112332081213984303 ) ) ;
#838 = CARTESIAN_POINT ( 'NONE',  ( 2.545274989956964884, 2.884143915326008223, 1.365393496261568584 ) ) ;
#839 = VERTEX_POINT ( 'NONE', #684 ) ;
#840 = CARTESIAN_POINT ( 'NONE',  ( 2.250000000000098144, 3.384293794885910560E-14, -3.250000000000000000 ) ) ;
#841 = CARTESIAN_POINT ( 'NONE',  ( 0.1633608479823337734, -1.785461141652455508, 2.654121420646977203 ) ) ;
#842 = FACE_OUTER_BOUND ( 'NONE', #809, .T. ) ;
#843 = CARTESIAN_POINT ( 'NONE',  ( 2.623589216932449286, 3.118449954734787255, 0.4909514526677744573 ) ) ;
#844 = CARTESIAN_POINT ( 'NONE',  ( 0.1633608479823309700, 0.2191939958175284364, -3.191267145834949304 ) ) ;
#845 = CARTESIAN_POINT ( 'NONE',  ( -0.4000000000000000222, 0.000000000000000000, -2.250000000000000000 ) ) ;
#846 = DIRECTION ( 'NONE',  ( 1.000000000000000000, -0.000000000000000000, -0.000000000000000000 ) ) ;
#847 = EDGE_CURVE ( 'NONE', #92, #242, #260, .T. ) ;
#848 = CARTESIAN_POINT ( 'NONE',  ( 0.1627329900326349166, 0.2211571087529730084, 3.190741131309242196 ) ) ;
#849 = AXIS2_PLACEMENT_3D ( 'NONE', #638, #799, #459 ) ;
#850 = AXIS2_PLACEMENT_3D ( 'NONE', #189, #810, #730 ) ;
#851 = CARTESIAN_POINT ( 'NONE',  ( 2.333455903717831070, 3.246252243677800298, -0.01398681700884787070 ) ) ;
#852 = CARTESIAN_POINT ( 'NONE',  ( 0.3107285234182363687, -1.046688024399314463E-14, -3.250000000000011990 ) ) ;
#853 = LINE ( 'NONE', #922, #1002 ) ;
#854 = CARTESIAN_POINT ( 'NONE',  ( 2.642253408915621993, 2.337934081077599924, 2.101648481221829901 ) ) ;
#855 = VERTEX_POINT ( 'NONE', #523 ) ;
#856 = COLOUR_RGB ( '',0.7921568627450980005, 0.8196078431372548767, 0.9333333333333333481 ) ;
#857 = CARTESIAN_POINT ( 'NONE',  ( 0.1627329900326345280, -1.403842891247029989, 2.873841430990188961 ) ) ;
#858 = B_SPLINE_CURVE_WITH_KNOTS ( 'NONE', 3,
 ( #19, #813, #34, #835, #552, #643, #373, #905, #917, #361, #302, #380, #992, #650, #367, #912, #557, #121 ),
 .UNSPECIFIED., .F., .F.,
 ( 4, 2, 2, 2, 2, 2, 2, 2, 4 ),
 ( 1.964820373057703713E-07, 0.0001259139889131972469, 0.0002516314957890887559, 0.0005030665095408718823, 0.001005936537044438027, 0.001508806564548004605, 0.001760241578299787894, 0.001885959085175679213, 0.002011676592051570966 ),
 .UNSPECIFIED. ) ;
#859 = CARTESIAN_POINT ( 'NONE',  ( 2.250000000000098144, -1.624999999999973799, -2.814582562299440482 ) ) ;
#860 = DIRECTION ( 'NONE',  ( 0.000000000000000000, 0.000000000000000000, 1.000000000000000000 ) ) ;
#861 = EDGE_CURVE ( 'NONE', #133, #202, #501, .T. ) ;
#862 = CARTESIAN_POINT ( 'NONE',  ( 0.1034806664603603599, -0.5126679187860083697, 3.112631045175947797 ) ) ;
#863 = CARTESIAN_POINT ( 'NONE',  ( 0.2082785754460666494, 3.218520035032319093, -0.1174848286798871322 ) ) ;
#864 = CARTESIAN_POINT ( 'NONE',  ( 2.510548382794807853, 2.679719989752777920, -1.759862572546635251 ) ) ;
#865 = CARTESIAN_POINT ( 'NONE',  ( 0.09457264275828222710, 0.9623291518218269891, 2.992144680916418942 ) ) ;
#866 = CARTESIAN_POINT ( 'NONE',  ( 0.2082785754461072558, 1.711004863712149771, 2.728577698587280942 ) ) ;
#867 = EDGE_CURVE ( 'NONE', #383, #174, #1139, .T. ) ;
#868 = CARTESIAN_POINT ( 'NONE',  ( 2.545111420634207366, 2.884045425675347385, -1.365761064641882516 ) ) ;
#869 = CARTESIAN_POINT ( 'NONE',  ( 2.292596401429012776, -3.250000000000740297, -2.783516283135293565E-12 ) ) ;
#870 = CARTESIAN_POINT ( 'NONE',  ( 2.319999999999999840, 0.000000000000000000, 0.000000000000000000 ) ) ;
#871 = CARTESIAN_POINT ( 'NONE',  ( 0.2090076513063892361, 2.729590339133007859, 1.709992223166422853 ) ) ;
#872 = B_SPLINE_CURVE_WITH_KNOTS ( 'NONE', 3,
 ( #107, #456, #463, #458, #390, #1010, #219, #25, #631, #467, #200, #1089, #726, #134, #1096, #277, #547, #986 ),
 .UNSPECIFIED., .F., .F.,
 ( 4, 2, 2, 2, 2, 2, 2, 2, 4 ),
 ( 1.963226743116168956E-07, 0.0001170439130561116585, 0.0002338915034379117342, 0.0004675866842015118856, 0.0009349770457287125136, 0.001402367407255913304, 0.001636062588019512832, 0.001752910178401312922, 0.001869757768783113011 ),
 .UNSPECIFIED. ) ;
#873 = CARTESIAN_POINT ( 'NONE',  ( 2.404344524237924663, 3.234374829135308715, -0.05831393154398550188 ) ) ;
#874 = CARTESIAN_POINT ( 'NONE',  ( 0.1633608479823418780, 2.873315416464488070, -1.405806004182490243 ) ) ;
#875 = AXIS2_PLACEMENT_3D ( 'NONE', #319, #1017, #479 ) ;
#876 = EDGE_LOOP ( 'NONE', ( #1007, #642, #776, #891 ) ) ;
#877 = CARTESIAN_POINT ( 'NONE',  ( 2.623589216932466162, -3.118449954734756613, -0.4909514526678772639 ) ) ;
#878 = CARTESIAN_POINT ( 'NONE',  ( 0.2082785754461118077, 2.846062527267089415, 1.507515171320200631 ) ) ;
#879 = CARTESIAN_POINT ( 'NONE',  ( 0.2090076513063951202, 2.845691875102466906, -1.508898464030536068 ) ) ;
#880 = CARTESIAN_POINT ( 'NONE',  ( 0.1444865106122426857, 1.840596197700680170, 2.598986364598751209 ) ) ;
#881 = EDGE_CURVE ( 'NONE', #280, #261, #388, .T. ) ;
#882 = CARTESIAN_POINT ( 'NONE',  ( 0.2265249566965645556, 2.837017946796050349, 1.541270005171266222 ) ) ;
#883 = VECTOR ( 'NONE', #803, 1000.000000000000000 ) ;
#884 = CARTESIAN_POINT ( 'NONE',  ( 2.623589216932468382, -2.946132607564667882, 1.134048547332132673 ) ) ;
#885 = ORIENTED_EDGE ( 'NONE', *, *, #1132, .F. ) ;
#886 = DIRECTION ( 'NONE',  ( 0.000000000000000000, 0.000000000000000000, 1.000000000000000000 ) ) ;
#887 = CARTESIAN_POINT ( 'NONE',  ( 0.1034806664603555720, 3.112631045175932698, 0.5126679187860698761 ) ) ;
#888 = CARTESIAN_POINT ( 'NONE',  ( 2.292596401429011888, 2.794503335723671403E-12, -3.250000000000738520 ) ) ;
#889 = ORIENTED_EDGE ( 'NONE', *, *, #348, .F. ) ;
#890 = CARTESIAN_POINT ( 'NONE',  ( -2.680000000000000160, 0.000000000000000000, 0.000000000000000000 ) ) ;
#891 = ORIENTED_EDGE ( 'NONE', *, *, #773, .F. ) ;
#892 = DIRECTION ( 'NONE',  ( 1.000000000000000000, 0.000000000000000000, 0.000000000000000000 ) ) ;
#893 = EDGE_CURVE ( 'NONE', #991, #855, #802, .T. ) ;
#894 = CARTESIAN_POINT ( 'NONE',  ( 0.3500000000001028400, -2.814582562299412061, -1.625000000000022871 ) ) ;
#895 = CARTESIAN_POINT ( 'NONE',  ( 2.404395517410418126, -1.566634061087640362, -2.830221668496483822 ) ) ;
#896 = ORIENTED_EDGE ( 'NONE', *, *, #378, .F. ) ;
#897 = CARTESIAN_POINT ( 'NONE',  ( 0.3500000000001028400, -2.814582562299412061, -1.625000000000022871 ) ) ;
#898 =( NAMED_UNIT ( * ) PLANE_ANGLE_UNIT ( ) SI_UNIT ( $, .RADIAN. ) );
#899 = DIRECTION ( 'NONE',  ( 0.000000000000000000, 0.7071067811865482389, 0.7071067811865469066 ) ) ;
#900 = ORIENTED_EDGE ( 'NONE', *, *, #658, .T. ) ;
#901 = CARTESIAN_POINT ( 'NONE',  ( 2.623717214039878787, -1.133438849557857342, 2.946295975590914829 ) ) ;
#902 = ORIENTED_EDGE ( 'NONE', *, *, #1125, .F. ) ;
#903 = CIRCLE ( 'NONE', #99, 0.3500000000000000333 ) ;
#904 = ORIENTED_EDGE ( 'NONE', *, *, #49, .T. ) ;
#905 = CARTESIAN_POINT ( 'NONE',  ( 2.623589216932460833, 1.134048547332141332, 2.946132607564668771 ) ) ;
#906 = DIRECTION ( 'NONE',  ( 0.000000000000000000, -0.9659258262890696445, 0.2588190451025157990 ) ) ;
#907 = ADVANCED_FACE ( 'NONE', ( #370 ), #805, .T. ) ;
#908 = CARTESIAN_POINT ( 'NONE',  ( -0.4000000000000001887, 0.000000000000000000, -1.439999999999999947 ) ) ;
#909 = ORIENTED_EDGE ( 'NONE', *, *, #28, .F. ) ;
#910 = CARTESIAN_POINT ( 'NONE',  ( 2.545111420634198041, -1.814776071982169281, 2.624806490317261431 ) ) ;
#911 = ORIENTED_EDGE ( 'NONE', *, *, #530, .T. ) ;
#912 = CARTESIAN_POINT ( 'NONE',  ( 2.333455903717988722, 0.01398681700891926151, 3.246252243677782090 ) ) ;
#913 = DIRECTION ( 'NONE',  ( 0.000000000000000000, -0.9659258262890680902, -0.2588190451025212946 ) ) ;
#914 = DIRECTION ( 'NONE',  ( 0.000000000000000000, 0.000000000000000000, -1.000000000000000000 ) ) ;
#915 = CARTESIAN_POINT ( 'NONE',  ( -2.680000000000000160, 0.000000000000000000, 0.000000000000000000 ) ) ;
#916 = ORIENTED_EDGE ( 'NONE', *, *, #518, .F. ) ;
#917 = CARTESIAN_POINT ( 'NONE',  ( 2.642253408915625545, 0.9738860659756549687, 2.989048015101904543 ) ) ;
#918 = CARTESIAN_POINT ( 'NONE',  ( 0.1627329900326334455, -2.652684322237219394, 1.786898240062209986 ) ) ;
#919 = CARTESIAN_POINT ( 'NONE',  ( 0.1633608479823308590, -2.873315416464479188, 1.405806004182495794 ) ) ;
#920 = CARTESIAN_POINT ( 'NONE',  ( 0.000000000000000000, 3.765779389109759167E-16, 2.900000000000000355 ) ) ;
#921 = ORIENTED_EDGE ( 'NONE', *, *, #413, .F. ) ;
#922 = CARTESIAN_POINT ( 'NONE',  ( 2.319999999999999840, 0.000000000000000000, 0.5999999999999999778 ) ) ;
#923 = CARTESIAN_POINT ( 'NONE',  ( 0.1450241414352512193, -1.838879765773761887, 2.600702796525668603 ) ) ;
#924 = DIRECTION ( 'NONE',  ( 0.000000000000000000, 0.2588190451025280114, -0.9659258262890663138 ) ) ;
#925 = CARTESIAN_POINT ( 'NONE',  ( 0.09457264275827811928, -2.329473832738223393, -2.110108729561204211 ) ) ;
#926 = CIRCLE ( 'NONE', #782, 2.250000000000000000 ) ;
#927 = ADVANCED_FACE ( 'NONE', ( #365 ), #359, .T. ) ;
#928 = CARTESIAN_POINT ( 'NONE',  ( 2.250000000000000444, 0.000000000000000000, 0.000000000000000000 ) ) ;
#929 = CARTESIAN_POINT ( 'NONE',  ( 2.510548382794809186, -1.759862572546644577, -2.679719989752772591 ) ) ;
#930 = CARTESIAN_POINT ( 'NONE',  ( 0.2762134967503989680, -2.795848142613923226, 1.643734419685505266 ) ) ;
#931 = ORIENTED_EDGE ( 'NONE', *, *, #455, .T. ) ;
#932 = DIRECTION ( 'NONE',  ( 0.000000000000000000, 0.000000000000000000, -1.000000000000000000 ) ) ;
#933 = PRODUCT_DEFINITION_SHAPE ( 'NONE', 'NONE',  #1073 ) ;
#934 = CARTESIAN_POINT ( 'NONE',  ( -2.680000000000000160, 0.000000000000000000, 0.000000000000000000 ) ) ;
#935 = DIRECTION ( 'NONE',  ( 0.000000000000000000, 0.000000000000000000, -1.000000000000000000 ) ) ;
#936 = CARTESIAN_POINT ( 'NONE',  ( 2.292596401429012332, -1.624999999997953193, -2.814582562301461977 ) ) ;
#937 = CARTESIAN_POINT ( 'NONE',  ( 2.404395517410345295, 2.771855729584175254, 1.667726832715253904 ) ) ;
#938 = ORIENTED_EDGE ( 'NONE', *, *, #328, .F. ) ;
#939 = CARTESIAN_POINT ( 'NONE',  ( 0.1034495987654679289, 0.5138714794975242084, 3.112308552055255806 ) ) ;
#940 = B_SPLINE_CURVE_WITH_KNOTS ( 'NONE', 3,
 ( #404, #1033, #767, #586, #510, #56, #399, #951, #755, #1022, #1121, #318, #929, #668, #1028, #235, #936, #859 ),
 .UNSPECIFIED., .F., .F.,
 ( 4, 2, 2, 2, 2, 2, 2, 2, 4 ),
 ( 1.964820373075628783E-07, 0.0001259139889132007977, 0.0002516314957890940685, 0.0005030665095408809896, 0.001005936537044453422, 0.001508806564548025855, 0.001760241578299811963, 0.001885959085175705234, 0.002011676592051598288 ),
 .UNSPECIFIED. ) ;
#941 = CIRCLE ( 'NONE', #290, 0.3500000000000000333 ) ;
#942 = CIRCLE ( 'NONE', #495, 2.900000000000000355 ) ;
#943 = CARTESIAN_POINT ( 'NONE',  ( 0.3500000000001028400, 2.814582562299429380, 1.625000000000000222 ) ) ;
#944 = DIRECTION ( 'NONE',  ( 1.000000000000000000, -0.000000000000000000, -0.000000000000000000 ) ) ;
#945 = CARTESIAN_POINT ( 'NONE',  ( 2.510869641661744200, 1.760179642416512147, -2.679402919882923673 ) ) ;
#946 = CARTESIAN_POINT ( 'NONE',  ( 0.3500000000001028400, -8.673617379884035472E-16, 3.250000000000003553 ) ) ;
#947 = EDGE_CURVE ( 'NONE', #1072, #520, #102, .T. ) ;
#948 = AXIS2_PLACEMENT_3D ( 'NONE', #342, #1154, #10 ) ;
#949 = PRODUCT_RELATED_PRODUCT_CATEGORY ( 'part', '', ( #561 ) ) ;
#950 = CARTESIAN_POINT ( 'NONE',  ( 0.000000000000000000, 0.000000000000000000, 0.000000000000000000 ) ) ;
#951 = CARTESIAN_POINT ( 'NONE',  ( 2.623589216932466606, -2.455181154896791895, -1.984401407402636597 ) ) ;
#952 = CARTESIAN_POINT ( 'NONE',  ( 2.292596401429012332, 1.624999999997992717, 2.814582562301438884 ) ) ;
#953 = CARTESIAN_POINT ( 'NONE',  ( 0.2768386111045124665, 1.599858172822186786, 2.821319294587966819 ) ) ;
#954 = DIRECTION ( 'NONE',  ( 0.000000000000000000, 1.000000000000000000, -1.224646799147353207E-16 ) ) ;
#955 = EDGE_CURVE ( 'NONE', #757, #41, #872, .T. ) ;
#956 = DIRECTION ( 'NONE',  ( 0.000000000000000000, 0.000000000000000000, 1.000000000000000000 ) ) ;
#957 = CARTESIAN_POINT ( 'NONE',  ( 2.545274989956986200, -3.180438646973412720, 0.2596065037384392982 ) ) ;
#958 = CARTESIAN_POINT ( 'NONE',  ( 2.250000000000098144, 2.814582562299446700, -1.624999999999964029 ) ) ;
#959 = MANIFOLD_SOLID_BREP ( 'Cut-Extrude1', #291 ) ;
#960 = EDGE_LOOP ( 'NONE', ( #326, #979, #916, #567, #412, #18, #630, #562, #900 ) ) ;
#961 = PLANE ( 'NONE',  #1094 ) ;
#962 = CARTESIAN_POINT ( 'NONE',  ( -7.000000000000000000, -8.673617379884035472E-16, 3.250000000000003553 ) ) ;
#963 = CARTESIAN_POINT ( 'NONE',  ( 0.2274428142158212429, -1.542616833563873691, -2.836657065215910656 ) ) ;
#964 = ORIENTED_EDGE ( 'NONE', *, *, #881, .F. ) ;
#965 = CARTESIAN_POINT ( 'NONE',  ( 0.000000000000000000, 0.000000000000000000, 0.000000000000000000 ) ) ;
#966 = APPLICATION_PROTOCOL_DEFINITION ( 'draft international standard', 'automotive_design', 1998, #115 ) ;
#967 = EDGE_CURVE ( 'NONE', #406, #301, #858, .T. ) ;
#968 = DIRECTION ( 'NONE',  ( 0.000000000000000000, 0.000000000000000000, 1.000000000000000000 ) ) ;
#969 = ORIENTED_EDGE ( 'NONE', *, *, #847, .T. ) ;
#970 = CARTESIAN_POINT ( 'NONE',  ( 2.404344524238050340, -2.830207733164133099, -1.566686068455942937 ) ) ;
#971 = CIRCLE ( 'NONE', #1086, 2.500000000000000444 ) ;
#972 = CARTESIAN_POINT ( 'NONE',  ( 0.3500000000000000333, 3.250000000000000444, -2.138579006401847791E-14 ) ) ;
#973 = CARTESIAN_POINT ( 'NONE',  ( 2.642253408915634871, -2.989048015101903211, 0.9738860659756426452 ) ) ;
#974 = ORIENTED_EDGE ( 'NONE', *, *, #47, .T. ) ;
#975 = CARTESIAN_POINT ( 'NONE',  ( -0.4000000000000000222, 0.000000000000000000, 0.000000000000000000 ) ) ;
#976 = CYLINDRICAL_SURFACE ( 'NONE', #999, 1.439999999999999947 ) ;
#977 =( NAMED_UNIT ( * ) SI_UNIT ( $, .STERADIAN. ) SOLID_ANGLE_UNIT ( ) );
#978 = CARTESIAN_POINT ( 'NONE',  ( 0.2762134967503245275, 3.243142726469931514, -0.02559169321562624125 ) ) ;
#979 = ORIENTED_EDGE ( 'NONE', *, *, #94, .T. ) ;
#980 = CARTESIAN_POINT ( 'NONE',  ( -7.000000000000000000, 2.814582562299446700, -1.624999999999964029 ) ) ;
#981 = ADVANCED_FACE ( 'NONE', ( #718 ), #733, .T. ) ;
#982 = CARTESIAN_POINT ( 'NONE',  ( 2.250000000000098144, 1.625000000000032641, -2.814582562299406732 ) ) ;
#983 = B_SPLINE_CURVE_WITH_KNOTS ( 'NONE', 3,
 ( #946, #1124, #159, #253, #419, #848, #1043, #939, #247, #865, #60, #76, #499, #153, #407, #953, #439, #506 ),
 .UNSPECIFIED., .F., .F.,
 ( 4, 2, 2, 2, 2, 2, 2, 2, 4 ),
 ( 1.963226743090377861E-07, 0.0001170439130561087718, 0.0002338915034379085087, 0.0004675866842015076030, 0.0009349770457287057916, 0.001402367407255903980, 0.001636062588019503074, 0.001752910178401302513, 0.001869757768783101952 ),
 .UNSPECIFIED. ) ;
#984 = DIRECTION ( 'NONE',  ( 0.000000000000000000, 0.7071067811865536790, -0.7071067811865414665 ) ) ;
#985 = VERTEX_POINT ( 'NONE', #540 ) ;
#986 = CARTESIAN_POINT ( 'NONE',  ( 0.3500000000001028400, 1.625000000000032641, -2.814582562299406732 ) ) ;
#987 = CARTESIAN_POINT ( 'NONE',  ( 2.292651984123957654, -3.334811064987541888E-14, 3.249999999999995115 ) ) ;
#988 = CARTESIAN_POINT ( 'NONE',  ( 2.510869641661740648, -1.760179642416489054, 2.679402919882940992 ) ) ;
#989 = CARTESIAN_POINT ( 'NONE',  ( 0.2274428142158210764, -3.227925497083527606, -0.08238316643612249301 ) ) ;
#990 = CARTESIAN_POINT ( 'NONE',  ( -7.000000000000000000, -2.814582562299412061, -1.625000000000022871 ) ) ;
#991 = VERTEX_POINT ( 'NONE', #897 ) ;
#992 = CARTESIAN_POINT ( 'NONE',  ( 2.510548382794802524, 0.1842257001184811060, 3.200636872428198387 ) ) ;
#993 = CARTESIAN_POINT ( 'NONE',  ( 2.404395517410413241, -0.05836593891234598958, 3.234360893802957548 ) ) ;
#994 = ORIENTED_EDGE ( 'NONE', *, *, #947, .F. ) ;
#995 = CARTESIAN_POINT ( 'NONE',  ( 2.623589216932459500, -1.984401407402621942, 2.455181154896806994 ) ) ;
#996 = AXIS2_PLACEMENT_3D ( 'NONE', #9, #122, #558 ) ;
#997 = VERTEX_POINT ( 'NONE', #109 ) ;
#998 = CARTESIAN_POINT ( 'NONE',  ( -7.000000000000000000, -2.814582562299428492, 1.625000000000000444 ) ) ;
#999 = AXIS2_PLACEMENT_3D ( 'NONE', #184, #1112, #914 ) ;
#1000 = EDGE_LOOP ( 'NONE', ( #649, #699 ) ) ;
#1001 = CARTESIAN_POINT ( 'NONE',  ( 0.3500000000000000333, 0.000000000000000000, 0.000000000000000000 ) ) ;
#1002 = VECTOR ( 'NONE', #411, 1000.000000000000000 ) ;
#1003 = ORIENTED_EDGE ( 'NONE', *, *, #720, .F. ) ;
#1004 = SURFACE_STYLE_USAGE ( .BOTH. , #1084 ) ;
#1005 = CARTESIAN_POINT ( 'NONE',  ( 2.434290920228572741, -1.537123634672775907, 2.838128963422640538 ) ) ;
#1006 = DIRECTION ( 'NONE',  ( 1.000000000000000000, -0.000000000000000000, -0.000000000000000000 ) ) ;
#1007 = ORIENTED_EDGE ( 'NONE', *, *, #701, .F. ) ;
#1008 = CARTESIAN_POINT ( 'NONE',  ( 2.404395517410297778, 3.234360893802983306, 0.05836593891224356456 ) ) ;
#1009 = EDGE_LOOP ( 'NONE', ( #21, #798, #320, #1088, #38, #507, #138, #14, #317 ) ) ;
#1010 = CARTESIAN_POINT ( 'NONE',  ( 0.1627329900326310308, 2.652684322237243375, -1.786898240062172682 ) ) ;
#1011 = DIRECTION ( 'NONE',  ( 1.000000000000000000, -0.000000000000000000, -0.000000000000000000 ) ) ;
#1012 = CARTESIAN_POINT ( 'NONE',  ( 0.1444865106122379117, -3.171086314682223684, 0.2945098830184280647 ) ) ;
#1013 = CARTESIAN_POINT ( 'NONE',  ( 0.1444865106122390497, -1.840596197700647307, -2.598986364598771637 ) ) ;
#1014 = B_SPLINE_CURVE_WITH_KNOTS ( 'NONE', 3,
 ( #594, #504, #680, #1038, #307, #245, #161, #394, #335, #422, #80, #172, #514, #445, #963, #1067, #616, #427 ),
 .UNSPECIFIED., .F., .F.,
 ( 4, 2, 2, 2, 2, 2, 2, 2, 4 ),
 ( 1.963226743118471562E-07, 0.0001170439130561121735, 0.0002338915034379124931, 0.0004675866842015132950, 0.0009349770457287151157, 0.001402367407255916774, 0.001636062588019518036, 0.001752910178401318776, 0.001869757768783119299 ),
 .UNSPECIFIED. ) ;
#1015 = EDGE_LOOP ( 'NONE', ( #1100, #286, #911, #306 ) ) ;
#1016 = CARTESIAN_POINT ( 'NONE',  ( 2.333455903717990498, 1.611013182991127168, -2.818330318621625086 ) ) ;
#1017 = DIRECTION ( 'NONE',  ( 1.000000000000000000, -0.000000000000000000, -0.000000000000000000 ) ) ;
#1018 = CYLINDRICAL_SURFACE ( 'NONE', #1152, 2.250000000000000000 ) ;
#1019 = CARTESIAN_POINT ( 'NONE',  ( 0.3500000000001028400, 1.625000000000032641, -2.814582562299406732 ) ) ;
#1020 = ADVANCED_FACE ( 'NONE', ( #126 ), #474, .T. ) ;
#1021 = CARTESIAN_POINT ( 'NONE',  ( 0.1627329900326310030, 1.403842891247068403, -2.873841430990166756 ) ) ;
#1022 = CARTESIAN_POINT ( 'NONE',  ( 2.642215848455086835, -2.101342687737447701, -2.338239874561974130 ) ) ;
#1023 = DIRECTION ( 'NONE',  ( 1.000000000000000000, -0.000000000000000000, -0.000000000000000000 ) ) ;
#1024 = CARTESIAN_POINT ( 'NONE',  ( -0.4000000000000000222, 0.000000000000000000, 0.000000000000000000 ) ) ;
#1025 = CIRCLE ( 'NONE', #232, 2.250000000000000000 ) ;
#1026 = CARTESIAN_POINT ( 'NONE',  ( 0.3500000000001028400, -1.625000000000002442, 2.814582562299428048 ) ) ;
#1027 = CARTESIAN_POINT ( 'NONE',  ( 0.2265249566965567285, 1.541270005171302637, -2.837017946796027701 ) ) ;
#1028 = CARTESIAN_POINT ( 'NONE',  ( 2.404344524238050340, -1.667688760679334248, -2.771893801620080477 ) ) ;
#1029 = FACE_OUTER_BOUND ( 'NONE', #960, .T. ) ;
#1030 = CARTESIAN_POINT ( 'NONE',  ( 2.545274989956923584, 3.180438646973449579, -0.2596065037383383789 ) ) ;
#1031 = LINE ( 'NONE', #752, #283 ) ;
#1032 = ADVANCED_FACE ( 'NONE', ( #250 ), #160, .T. ) ;
#1033 = CARTESIAN_POINT ( 'NONE',  ( 2.292651984123959874, -2.814582562299397850, -1.625000000000036859 ) ) ;
#1034 = DIRECTION ( 'NONE',  ( 0.000000000000000000, 0.000000000000000000, -1.000000000000000000 ) ) ;
#1035 = ORIENTED_EDGE ( 'NONE', *, *, #893, .T. ) ;
#1036 = CIRCLE ( 'NONE', #678, 1.439999999999999947 ) ;
#1037 = LINE ( 'NONE', #962, #1045 ) ;
#1038 = CARTESIAN_POINT ( 'NONE',  ( 0.2265249566965573391, -0.08372999482869854238, -3.227564615503379475 ) ) ;
#1039 = DIRECTION ( 'NONE',  ( 0.000000000000000000, 0.000000000000000000, 1.000000000000000000 ) ) ;
#1040 = ADVANCED_BREP_SHAPE_REPRESENTATION ( 'crown - with insert_1.2', ( #959, #948 ), #158 ) ;
#1041 = EDGE_LOOP ( 'NONE', ( #712, #549, #607, #1079 ) ) ;
#1042 = B_SPLINE_CURVE_WITH_KNOTS ( 'NONE', 3,
 ( #265, #424, #687, #163, #866, #516, #880, #521, #777, #175, #1050, #248, #169, #871, #794, #788, #254, #600 ),
 .UNSPECIFIED., .F., .F.,
 ( 4, 2, 2, 2, 2, 2, 2, 2, 4 ),
 ( 1.963226743088392363E-07, 0.0001170439130561078773, 0.0002338915034379068553, 0.0004675866842015052177, 0.0009349770457287018884, 0.001402367407255898559, 0.001636062588019497003, 0.001752910178401296442, 0.001869757768783095664 ),
 .UNSPECIFIED. ) ;
#1043 = CARTESIAN_POINT ( 'NONE',  ( 0.1444865106122428799, 0.2945098830184557648, 3.171086314682223239 ) ) ;
#1044 = PLANE ( 'NONE',  #241 ) ;
#1045 = VECTOR ( 'NONE', #327, 1000.000000000000000 ) ;
#1046 = CARTESIAN_POINT ( 'NONE',  ( 2.250000000000098144, 2.814582562299446700, -1.624999999999964029 ) ) ;
#1047 = CARTESIAN_POINT ( 'NONE',  ( 2.510548382794809186, -3.200636872428197499, 0.1842257001184496312 ) ) ;
#1048 = CARTESIAN_POINT ( 'NONE',  ( 2.250000000000098144, 1.625000000000032641, -2.814582562299406732 ) ) ;
#1049 = CARTESIAN_POINT ( 'NONE',  ( 0.3107285234182371458, -2.814582562299418278, 1.625000000000037748 ) ) ;
#1050 = CARTESIAN_POINT ( 'NONE',  ( 0.1034806664603602072, 2.439283598337476988, 2.000298963961951504 ) ) ;
#1051 = CARTESIAN_POINT ( 'NONE',  ( 2.642215848455069516, 3.075646475381163647, -0.6506962123562349820 ) ) ;
#1052 = CARTESIAN_POINT ( 'NONE',  ( 0.3500000000001028400, 2.814582562299446700, -1.624999999999964029 ) ) ;
#1053 = ORIENTED_EDGE ( 'NONE', *, *, #955, .F. ) ;
#1054 = DIRECTION ( 'NONE',  ( 0.000000000000000000, 0.7071067811865390240, 0.7071067811865561215 ) ) ;
#1055 = EDGE_CURVE ( 'NONE', #363, #301, #1037, .T. ) ;
#1056 = AXIS2_PLACEMENT_3D ( 'NONE', #915, #477, #831 ) ;
#1057 = CARTESIAN_POINT ( 'NONE',  ( 0.1444865106122279752, 3.171086314682206364, -0.2945098830185274852 ) ) ;
#1058 = VERTEX_POINT ( 'NONE', #409 ) ;
#1059 = CARTESIAN_POINT ( 'NONE',  ( 3.000000000000000000, 0.000000000000000000, -2.500000000000000444 ) ) ;
#1060 = PRESENTATION_LAYER_ASSIGNMENT (  '', '', ( #119 ) ) ;
#1061 = CARTESIAN_POINT ( 'NONE',  ( 0.09457264275827999278, 3.072437881383000224, 0.6626708481782290772 ) ) ;
#1062 = CARTESIAN_POINT ( 'NONE',  ( 2.510869641661745977, -2.864061745498357237, 1.440341174384581313 ) ) ;
#1063 = EDGE_LOOP ( 'NONE', ( #129, #1053, #612, #293 ) ) ;
#1064 = CARTESIAN_POINT ( 'NONE',  ( 2.434221791946371560, -3.226480642734192550, -0.08777543627737997844 ) ) ;
#1065 = DIRECTION ( 'NONE',  ( 1.000000000000000000, 0.000000000000000000, 0.000000000000000000 ) ) ;
#1066 = APPLICATION_PROTOCOL_DEFINITION ( 'draft international standard', 'automotive_design', 1998, #333 ) ;
#1067 = CARTESIAN_POINT ( 'NONE',  ( 0.2768386111045100795, -1.599858172822172131, -2.821319294587975257 ) ) ;
#1068 = B_SPLINE_CURVE_WITH_KNOTS ( 'NONE', 3,
 ( #840, #579, #139, #656, #573, #229, #69, #64, #51, #568, #762, #485, #1115, #311, #674, #1016, #1109, #415 ),
 .UNSPECIFIED., .F., .F.,
 ( 4, 2, 2, 2, 2, 2, 2, 2, 4 ),
 ( 1.964820373080041295E-07, 0.0001259139889132011500, 0.0002516314957890942853, 0.0005030665095408809896, 0.001005936537044454506, 0.001508806564548028023, 0.001760241578299814782, 0.001885959085175708269, 0.002011676592051601757 ),
 .UNSPECIFIED. ) ;
#1069 = EDGE_CURVE ( 'NONE', #818, #761, #625, .T. ) ;
#1070 = ORIENTED_EDGE ( 'NONE', *, *, #416, .F. ) ;
#1071 = LINE ( 'NONE', #1077, #883 ) ;
#1072 = VERTEX_POINT ( 'NONE', #154 ) ;
#1073 = PRODUCT_DEFINITION ( 'UNKNOWN', '', #796, #582 ) ;
#1074 = CARTESIAN_POINT ( 'NONE',  ( 2.250000000000098144, -1.624999999999973799, -2.814582562299440482 ) ) ;
#1075 = EDGE_LOOP ( 'NONE', ( #1070, #737, #969, #473 ) ) ;
#1076 = DIRECTION ( 'NONE',  ( 0.000000000000000000, -0.2588190451025206840, 0.9659258262890683122 ) ) ;
#1077 = CARTESIAN_POINT ( 'NONE',  ( 2.319999999999999840, 7.347880794884117764E-17, -0.5999999999999999778 ) ) ;
#1078 = ADVANCED_FACE ( 'NONE', ( #672 ), #1138, .T. ) ;
#1079 = ORIENTED_EDGE ( 'NONE', *, *, #1129, .T. ) ;
#1080 = CARTESIAN_POINT ( 'NONE',  ( 3.000000000000000000, 0.000000000000000000, 0.000000000000000000 ) ) ;
#1081 = CARTESIAN_POINT ( 'NONE',  ( 0.1450241414352475833, -3.171714572371338470, -0.2921651934024350195 ) ) ;
#1082 = CARTESIAN_POINT ( 'NONE',  ( 2.434221791946371560, -1.537224563722616510, -2.838101919565247044 ) ) ;
#1083 = ORIENTED_EDGE ( 'NONE', *, *, #550, .T. ) ;
#1084 = SURFACE_SIDE_STYLE ('',( #623 ) ) ;
#1085 = LINE ( 'NONE', #632, #817 ) ;
#1086 = AXIS2_PLACEMENT_3D ( 'NONE', #308, #1130, #312 ) ;
#1087 = ORIENTED_EDGE ( 'NONE', *, *, #601, .F. ) ;
#1088 = ORIENTED_EDGE ( 'NONE', *, *, #315, .T. ) ;
#1089 = CARTESIAN_POINT ( 'NONE',  ( 0.1450241414352480274, 1.838879765773783870, -2.600702796525650395 ) ) ;
#1090 = CARTESIAN_POINT ( 'NONE',  ( 2.250000000000098144, -8.673617379884035472E-16, 3.250000000000003553 ) ) ;
#1091 = CARTESIAN_POINT ( 'NONE',  ( 2.250000000000000444, 2.814582562299430268, 1.624999999999992450 ) ) ;
#1092 = ORIENTED_EDGE ( 'NONE', *, *, #151, .F. ) ;
#1093 = EDGE_CURVE ( 'NONE', #187, #363, #771, .T. ) ;
#1094 = AXIS2_PLACEMENT_3D ( 'NONE', #965, #525, #707 ) ;
#1095 = EDGE_LOOP ( 'NONE', ( #351, #938, #451, #589 ) ) ;
#1096 = CARTESIAN_POINT ( 'NONE',  ( 0.2274428142158210764, 1.685308663519660133, -2.754273898779777241 ) ) ;
#1097 = DIRECTION ( 'NONE',  ( 0.000000000000000000, 0.2588190451025162431, 0.9659258262890695335 ) ) ;
#1098 = CIRCLE ( 'NONE', #850, 0.7499999999999997780 ) ;
#1099 = CARTESIAN_POINT ( 'NONE',  ( 0.1627329900326304202, -3.190741131309242196, 0.2211571087529436153 ) ) ;
#1100 = ORIENTED_EDGE ( 'NONE', *, *, #705, .F. ) ;
#1101 = CARTESIAN_POINT ( 'NONE',  ( 2.292651984123793785, 3.250000000000005329, -6.254914798999378487E-15 ) ) ;
#1102 = AXIS2_PLACEMENT_3D ( 'NONE', #990, #282, #984 ) ;
#1103 = AXIS2_PLACEMENT_3D ( 'NONE', #950, #61, #503 ) ;
#1104 = ORIENTED_EDGE ( 'NONE', *, *, #67, .F. ) ;
#1105 = PLANE ( 'NONE',  #522 ) ;
#1106 = FACE_OUTER_BOUND ( 'NONE', #44, .T. ) ;
#1107 = CARTESIAN_POINT ( 'NONE',  ( 0.1034806664603565712, -2.439283598337458780, -2.000298963961969712 ) ) ;
#1108 = ORIENTED_EDGE ( 'NONE', *, *, #824, .F. ) ;
#1109 = CARTESIAN_POINT ( 'NONE',  ( 2.292596401429012776, 1.625000000002793543, -2.814582562298668211 ) ) ;
#1110 = DIRECTION ( 'NONE',  ( 0.000000000000000000, 0.9659258262890654256, 0.2588190451025313976 ) ) ;
#1111 = ADVANCED_FACE ( 'NONE', ( #683 ), #233, .F. ) ;
#1112 = DIRECTION ( 'NONE',  ( 1.000000000000000000, -0.000000000000000000, -0.000000000000000000 ) ) ;
#1113 = CARTESIAN_POINT ( 'NONE',  ( 2.642215848455084171, 2.988936086918305701, 0.9743037876436426714 ) ) ;
#1114 = CARTESIAN_POINT ( 'NONE',  ( 0.2762134967503948046, 1.599408306784483313, -2.821439835829458342 ) ) ;
#1115 = CARTESIAN_POINT ( 'NONE',  ( 2.510548382794808298, 1.440774299881561804, -2.863945689871211009 ) ) ;
#1116 = CARTESIAN_POINT ( 'NONE',  ( 0.2082785754461063399, -2.728577698587284939, 1.711004863712143331 ) ) ;
#1117 = CARTESIAN_POINT ( 'NONE',  ( 0.2762134967503951377, -3.243142726469947945, 0.02559169321552751467 ) ) ;
#1118 = CARTESIAN_POINT ( 'NONE',  ( 2.434290920228525668, 2.838128963422628992, 1.537123634672823203 ) ) ;
#1119 = DIRECTION ( 'NONE',  ( -1.000000000000000000, 0.000000000000000000, 0.000000000000000000 ) ) ;
#1120 = CARTESIAN_POINT ( 'NONE',  ( 0.1450241414352474723, 0.2921651934024466213, -3.171714572371338026 ) ) ;
#1121 = CARTESIAN_POINT ( 'NONE',  ( 2.623717214039886336, -1.984847737150633229, -2.454734825148787269 ) ) ;
#1122 = LINE ( 'NONE', #220, #667 ) ;
#1123 = ORIENTED_EDGE ( 'NONE', *, *, #500, .T. ) ;
#1124 = CARTESIAN_POINT ( 'NONE',  ( 0.3103297122007455666, -3.234084730343228945E-14, 3.250000000000012434 ) ) ;
#1125 = EDGE_CURVE ( 'NONE', #1058, #739, #590, .T. ) ;
#1126 = CARTESIAN_POINT ( 'NONE',  ( 2.623589216932467050, 2.946132607564693640, -1.134048547332066725 ) ) ;
#1127 = CARTESIAN_POINT ( 'NONE',  ( 0.09457264275827807765, 0.6626708481782053184, -3.072437881383003333 ) ) ;
#1128 = CARTESIAN_POINT ( 'NONE',  ( -0.4000000000000000222, 0.000000000000000000, -2.250000000000000000 ) ) ;
#1129 = EDGE_CURVE ( 'NONE', #1150, #997, #300, .T. ) ;
#1130 = DIRECTION ( 'NONE',  ( 1.000000000000000000, 0.000000000000000000, 0.000000000000000000 ) ) ;
#1131 = CARTESIAN_POINT ( 'NONE',  ( 0.3500000000001028400, -2.814582562299428492, 1.625000000000000444 ) ) ;
#1132 = EDGE_CURVE ( 'NONE', #383, #418, #800, .T. ) ;
#1133 = DIRECTION ( 'NONE',  ( 0.000000000000000000, 0.000000000000000000, -1.000000000000000000 ) ) ;
#1134 = CARTESIAN_POINT ( 'NONE',  ( 0.3500000000001028400, 2.814582562299446700, -1.624999999999964029 ) ) ;
#1135 = CARTESIAN_POINT ( 'NONE',  ( 2.333598374288318844, 1.635289588054917864, -2.804292974244521286 ) ) ;
#1136 = ORIENTED_EDGE ( 'NONE', *, *, #500, .F. ) ;
#1137 = CARTESIAN_POINT ( 'NONE',  ( 2.250000000000098144, -2.814582562299412061, -1.625000000000022871 ) ) ;
#1138 = PLANE ( 'NONE',  #100 ) ;
#1139 = LINE ( 'NONE', #785, #795 ) ;
#1140 = CARTESIAN_POINT ( 'NONE',  ( 2.623589216932467050, 1.984401407402646145, -2.455181154896784790 ) ) ;
#1141 = CARTESIAN_POINT ( 'NONE',  ( 0.3500000000000000333, 3.551475717527324325E-16, 2.900000000000000355 ) ) ;
#1142 = VECTOR ( 'NONE', #846, 1000.000000000000000 ) ;
#1143 = CARTESIAN_POINT ( 'NONE',  ( 0.2082785754461072836, -1.507515171320193081, 2.846062527267091191 ) ) ;
#1144 = CARTESIAN_POINT ( 'NONE',  ( 2.404344524238050340, -3.234374829135280294, 0.05831393154405807577 ) ) ;
#1145 = CARTESIAN_POINT ( 'NONE',  ( 2.434290920228579402, 1.689329964204024037, 2.750252598095408008 ) ) ;
#1146 = CARTESIAN_POINT ( 'NONE',  ( 2.292651984123961206, -3.249999999999995559, -4.116008376416502995E-14 ) ) ;
#1147 = EDGE_CURVE ( 'NONE', #991, #793, #645, .T. ) ;
#1148 = CARTESIAN_POINT ( 'NONE',  ( 0.2090076513063860164, -3.218890687196975797, -0.1161015359694616417 ) ) ;
#1149 = CARTESIAN_POINT ( 'NONE',  ( -2.680000000000000160, 0.000000000000000000, 0.000000000000000000 ) ) ;
#1150 = VERTEX_POINT ( 'NONE', #197 ) ;
#1151 = CARTESIAN_POINT ( 'NONE',  ( 3.000000000000000000, 3.520839151259316142E-16, 2.500000000000000444 ) ) ;
#1152 = AXIS2_PLACEMENT_3D ( 'NONE', #1024, #1006, #932 ) ;
#1153 = AXIS2_PLACEMENT_3D ( 'NONE', #1080, #619, #454 ) ;
#1154 = DIRECTION ( 'NONE',  ( 0.000000000000000000, 0.000000000000000000, 1.000000000000000000 ) ) ;
#1155 = DIRECTION ( 'NONE',  ( 1.000000000000000000, -0.000000000000000000, -0.000000000000000000 ) ) ;
ENDSEC;
END-ISO-10303-21;
