ISO-10303-21;
HEADER;
FILE_DESCRIPTION (( 'STEP AP214' ),
    '1' );
FILE_NAME ('TPW_01_CaseBack.STEP',
    '2024-02-05T18:00:53',
    ( '' ),
    ( '' ),
    'SwSTEP 2.0',
    'SolidWorks 2023',
    '' );
FILE_SCHEMA (( 'AUTOMOTIVE_DESIGN' ));
ENDSEC;

DATA;
#1 = CARTESIAN_POINT ( 'NONE',  ( 16.25763009072447218, 2.373292553270783589, 9.770931535198746687 ) ) ;
#3 = VERTEX_POINT ( 'NONE', #859 ) ;
#2 = CARTESIAN_POINT ( 'NONE',  ( 16.45029142804419564, 2.988369408955549922, 7.972377509254447325 ) ) ;
#4 = VERTEX_POINT ( 'NONE', #2323 ) ;
#5 = CARTESIAN_POINT ( 'NONE',  ( 0.000000000000000000, 1.500000000000000000, 0.000000000000000000 ) ) ;
#6 = CARTESIAN_POINT ( 'NONE',  ( 1.874384494993369899E-12, 0.3571897008005361918, -16.60000000000000142 ) ) ;
#7 = CARTESIAN_POINT ( 'NONE',  ( 1.983090264432757922E-12, 2.799999999999999822, -15.80000000000000071 ) ) ;
#8 = PRESENTATION_LAYER_ASSIGNMENT (  '', '', ( #313 ) ) ;
#9 = DIRECTION ( 'NONE',  ( 0.000000000000000000, 0.000000000000000000, 1.000000000000000000 ) ) ;
#10 = CARTESIAN_POINT ( 'NONE',  ( -16.89197153123792106, 2.812870754572488696, -8.377983951098311621 ) ) ;
#11 = PLANE ( 'NONE',  #273 ) ;
#12 = EDGE_CURVE ( 'NONE', #1654, #2095, #2125, .T. ) ;
#13 = CARTESIAN_POINT ( 'NONE',  ( -1.155878151994215175, 2.687328645823555462, 18.46992632743138785 ) ) ;
#14 = DIRECTION ( 'NONE',  ( 0.000000000000000000, 0.000000000000000000, 1.000000000000000000 ) ) ;
#16 = VERTEX_POINT ( 'NONE', #464 ) ;
#15 = CARTESIAN_POINT ( 'NONE',  ( 16.59129827578632543, 2.373741821289736542, 9.191978647703344052 ) ) ;
#17 = CARTESIAN_POINT ( 'NONE',  ( 16.54830463917280170, 2.706624781224590937, 8.173366733418106378 ) ) ;
#18 = B_SPLINE_CURVE_WITH_KNOTS ( 'NONE', 3,
 ( #1710, #1889, #2121, #13, #654, #491, #1098, #1740, #2302, #2582 ),
 .UNSPECIFIED., .F., .F.,
 ( 4, 2, 2, 2, 4 ),
 ( 0.000000000000000000, 0.0005104067411740751629, 0.001020813482348150326, 0.001531220223522225489, 0.002041626964696300651 ),
 .UNSPECIFIED. ) ;
#19 = FACE_OUTER_BOUND ( 'NONE', #1396, .T. ) ;
#20 =( NAMED_UNIT ( * ) SI_UNIT ( $, .STERADIAN. ) SOLID_ANGLE_UNIT ( ) );
#21 = CARTESIAN_POINT ( 'NONE',  ( -16.20610977432752264, 2.799999999999999822, 7.679438175304791336 ) ) ;
#22 = AXIS2_PLACEMENT_3D ( 'NONE', #1438, #1243, #2495 ) ;
#23 = CARTESIAN_POINT ( 'NONE',  ( 0.000000000000000000, 0.000000000000000000, 0.000000000000000000 ) ) ;
#24 = CARTESIAN_POINT ( 'NONE',  ( -16.01299384771695955, 2.457597665154217736, -9.991605544180931275 ) ) ;
#25 = EDGE_CURVE ( 'NONE', #391, #739, #1911, .T. ) ;
#26 = CARTESIAN_POINT ( 'NONE',  ( 15.15544456622916591, 10.50000000000000000, -8.749999999999140243 ) ) ;
#27 = ADVANCED_FACE ( 'NONE', ( #238 ), #32, .F. ) ;
#28 = FACE_OUTER_BOUND ( 'NONE', #354, .T. ) ;
#29 = EDGE_CURVE ( 'NONE', #169, #1827, #2274, .T. ) ;
#30 = DIRECTION ( 'NONE',  ( -0.000000000000000000, 1.000000000000000000, -0.000000000000000000 ) ) ;
#31 = ORIENTED_EDGE ( 'NONE', *, *, #1839, .F. ) ;
#32 = CYLINDRICAL_SURFACE ( 'NONE', #2580, 1.500000000000001332 ) ;
#33 = CARTESIAN_POINT ( 'NONE',  ( -15.15544456622658309, 1.800000000000000266, -10.25000000000189537 ) ) ;
#34 = DIRECTION ( 'NONE',  ( 0.000000000000000000, 0.000000000000000000, 1.000000000000000000 ) ) ;
#35 = DIRECTION ( 'NONE',  ( 0.000000000000000000, 0.000000000000000000, -1.000000000000000000 ) ) ;
#36 = CARTESIAN_POINT ( 'NONE',  ( -16.03137439752266857, 2.694159953568092458, 10.31760599434693759 ) ) ;
#37 = CARTESIAN_POINT ( 'NONE',  ( -16.30696639430725270, 2.789690403732640434, -9.716157409950884727 ) ) ;
#38 = DIRECTION ( 'NONE',  ( -0.000000000000000000, -1.000000000000000000, -0.000000000000000000 ) ) ;
#39 = VECTOR ( 'NONE', #119, 1000.000000000000000 ) ;
#40 = DIRECTION ( 'NONE',  ( 0.000000000000000000, 0.000000000000000000, 1.000000000000000000 ) ) ;
#41 = EDGE_CURVE ( 'NONE', #995, #2715, #439, .T. ) ;
#42 = CARTESIAN_POINT ( 'NONE',  ( 1.102182119232616555E-16, 0.000000000000000000, 18.40000000000000213 ) ) ;
#43 = ORIENTED_EDGE ( 'NONE', *, *, #1216, .T. ) ;
#44 = CARTESIAN_POINT ( 'NONE',  ( 16.60215734550686761, 2.373220562539716472, 9.174715408060251320 ) ) ;
#45 = DIRECTION ( 'NONE',  ( -0.000000000000000000, -1.000000000000000000, -0.000000000000000000 ) ) ;
#46 = FACE_OUTER_BOUND ( 'NONE', #2599, .T. ) ;
#47 = CARTESIAN_POINT ( 'NONE',  ( 14.70006994944218093, 3.000000000000000000, 10.38787482989215682 ) ) ;
#48 = CARTESIAN_POINT ( 'NONE',  ( -14.32779057901274022, 0.05846855033993268030, -9.145921810625369019 ) ) ;
#49 = CARTESIAN_POINT ( 'NONE',  ( -16.64472662430949157, 2.811191089068571181, -8.971594989188561797 ) ) ;
#50 = CARTESIAN_POINT ( 'NONE',  ( 14.75364343377214738, 2.799999999999999822, -10.19518367343102128 ) ) ;
#51 = VERTEX_POINT ( 'NONE', #663 ) ;
#52 = AXIS2_PLACEMENT_3D ( 'NONE', #1638, #606, #1437 ) ;
#53 = B_SPLINE_CURVE_WITH_KNOTS ( 'NONE', 3,
 ( #1346, #301, #1698, #50 ),
 .UNSPECIFIED., .F., .F.,
 ( 4, 4 ),
 ( 0.003673346454422991500, 0.004085032528418963693 ),
 .UNSPECIFIED. ) ;
#54 = CARTESIAN_POINT ( 'NONE',  ( -15.08519740862145575, 2.772721794525412786, 10.25745410886156073 ) ) ;
#55 = CIRCLE ( 'NONE', #2514, 1.500000000000001332 ) ;
#56 = CARTESIAN_POINT ( 'NONE',  ( 0.3351621179378312387, 2.373741821289919951, 18.96447511244759809 ) ) ;
#57 = DIRECTION ( 'NONE',  ( 0.000000000000000000, 0.000000000000000000, 1.000000000000000000 ) ) ;
#58 = VERTEX_POINT ( 'NONE', #457 ) ;
#59 = EDGE_CURVE ( 'NONE', #1795, #79, #1299, .T. ) ;
#60 = CIRCLE ( 'NONE', #759, 0.1999999999999999556 ) ;
#61 = CARTESIAN_POINT ( 'NONE',  ( -16.10142361617050000, 2.425208995406287649, 9.923128124202889921 ) ) ;
#62 = DIRECTION ( 'NONE',  ( 0.7137078831287348990, -0.000000000000000000, 0.7004434720660192015 ) ) ;
#63 = CARTESIAN_POINT ( 'NONE',  ( 1.646128519294200565, 2.799999999999999822, 17.92457142857162822 ) ) ;
#64 = CARTESIAN_POINT ( 'NONE',  ( -14.97206386405032319, 0.1061622218021453651, -7.864463462465256072 ) ) ;
#65 = CARTESIAN_POINT ( 'NONE',  ( -16.42581454073800984, 2.772721794525412342, -7.935437122538864685 ) ) ;
#66 = CIRCLE ( 'NONE', #1980, 0.8999999999999998002 ) ;
#67 = VERTEX_POINT ( 'NONE', #1313 ) ;
#68 = CARTESIAN_POINT ( 'NONE',  ( -16.19825236731512419, 2.391925645320263083, 9.831341579661446062 ) ) ;
#69 = CIRCLE ( 'NONE', #1512, 20.00000000000000000 ) ;
#70 = CARTESIAN_POINT ( 'NONE',  ( 1.110073267788415752, 2.933108794771238870, 18.52869333302080079 ) ) ;
#71 = CARTESIAN_POINT ( 'NONE',  ( 0.6483128299568861053, 2.458281537921958027, -18.86256798317472771 ) ) ;
#72 = B_SPLINE_CURVE_WITH_KNOTS ( 'NONE', 3,
 ( #304, #737, #1582, #1119, #954, #1792, #1971, #926, #1777, #1947, #715, #333, #545, #1376 ),
 .UNSPECIFIED., .F., .F.,
 ( 4, 2, 2, 2, 2, 2, 4 ),
 ( 0.0003160084365220198121, 0.0008906657837349583450, 0.001177994457341427666, 0.001465323130947896769, 0.001752651804554366307, 0.002039980478160835411, 0.002614637825373774919 ),
 .UNSPECIFIED. ) ;
#73 = ORIENTED_EDGE ( 'NONE', *, *, #768, .T. ) ;
#74 = AXIS2_PLACEMENT_3D ( 'NONE', #1498, #1291, #40 ) ;
#75 = DIRECTION ( 'NONE',  ( -0.000000000000000000, -1.000000000000000000, -0.000000000000000000 ) ) ;
#76 = EDGE_CURVE ( 'NONE', #1572, #1339, #1431, .T. ) ;
#77 = CARTESIAN_POINT ( 'NONE',  ( 0.000000000000000000, 0.5000000000000000000, 0.000000000000000000 ) ) ;
#78 = CARTESIAN_POINT ( 'NONE',  ( 0.000000000000000000, 0.000000000000000000, 0.000000000000000000 ) ) ;
#79 = VERTEX_POINT ( 'NONE', #1117 ) ;
#80 = CARTESIAN_POINT ( 'NONE',  ( -15.96996421905683050, 2.717128330482438958, 10.34468556914995929 ) ) ;
#81 = AXIS2_PLACEMENT_3D ( 'NONE', #268, #1091, #1103 ) ;
#82 = B_SPLINE_CURVE_WITH_KNOTS ( 'NONE', 3,
 ( #1005, #1863, #2063, #2500, #1632, #586, #1445, #598, #1430, #2037 ),
 .UNSPECIFIED., .F., .F.,
 ( 4, 2, 2, 2, 4 ),
 ( 8.091703390104853735E-21, 0.0003267205681609317296, 0.0006534411363218634592, 0.0009801617044827948093, 0.001306882272643726268 ),
 .UNSPECIFIED. ) ;
#83 = CARTESIAN_POINT ( 'NONE',  ( 0.08463271900882604615, 2.341678199089486156, 18.99995950791281984 ) ) ;
#84 = DIRECTION ( 'NONE',  ( 0.000000000000000000, 1.000000000000000000, 0.000000000000000000 ) ) ;
#85 = B_SPLINE_CURVE_WITH_KNOTS ( 'NONE', 3,
 ( #2560, #266, #685, #2352 ),
 .UNSPECIFIED., .F., .F.,
 ( 4, 4 ),
 ( 0.000000000000000000, 0.0004086430266532811283 ),
 .UNSPECIFIED. ) ;
#86 = AXIS2_PLACEMENT_3D ( 'NONE', #23, #863, #1696 ) ;
#87 = ORIENTED_EDGE ( 'NONE', *, *, #601, .F. ) ;
#88 = LINE ( 'NONE', #2189, #856 ) ;
#89 = DIRECTION ( 'NONE',  ( 0.000000000000000000, 0.000000000000000000, 1.000000000000000000 ) ) ;
#90 = DIRECTION ( 'NONE',  ( 0.000000000000000000, 0.000000000000000000, 1.000000000000000000 ) ) ;
#91 = CARTESIAN_POINT ( 'NONE',  ( -1.452466340557758029, 2.799999999999999822, 17.87462184873933069 ) ) ;
#92 = VERTEX_POINT ( 'NONE', #1946 ) ;
#93 = EDGE_CURVE ( 'NONE', #2345, #1938, #1129, .T. ) ;
#94 = CARTESIAN_POINT ( 'NONE',  ( -16.38772746558530713, 2.788352425393881173, 9.608886711924657931 ) ) ;
#95 = CARTESIAN_POINT ( 'NONE',  ( -15.85762226085779858, 2.521035023122998542, -10.08352778423961027 ) ) ;
#96 = CARTESIAN_POINT ( 'NONE',  ( -0.09493815861234086717, 2.490670770922728039, 19.33338346857770418 ) ) ;
#97 = CARTESIAN_POINT ( 'NONE',  ( 16.95099609610442215, 2.694159953568095123, 8.724774488660541394 ) ) ;
#98 = AXIS2_PLACEMENT_3D ( 'NONE', #203, #1041, #1013 ) ;
#99 = EDGE_CURVE ( 'NONE', #2218, #220, #1788, .T. ) ;
#100 = PRODUCT_DEFINITION_SHAPE ( 'NONE', 'NONE',  #1383 ) ;
#101 = CARTESIAN_POINT ( 'NONE',  ( 0.000000000000000000, 1.000000000000000000, -20.00000000000000000 ) ) ;
#102 = CARTESIAN_POINT ( 'NONE',  ( -1.599972698284364503, 3.000000000000000000, -18.13066896017787144 ) ) ;
#103 = ORIENTED_EDGE ( 'NONE', *, *, #1333, .F. ) ;
#104 = CARTESIAN_POINT ( 'NONE',  ( -16.94021985205964143, 2.726042455497148076, 8.632013027544950035 ) ) ;
#105 = DIRECTION ( 'NONE',  ( 0.000000000000000000, 0.000000000000000000, 1.000000000000000000 ) ) ;
#106 = ORIENTED_EDGE ( 'NONE', *, *, #570, .T. ) ;
#107 = FACE_OUTER_BOUND ( 'NONE', #763, .T. ) ;
#108 = DIRECTION ( 'NONE',  ( 0.000000000000000000, -1.000000000000000000, 0.000000000000000000 ) ) ;
#109 = EDGE_CURVE ( 'NONE', #79, #2544, #2088, .T. ) ;
#110 = AXIS2_PLACEMENT_3D ( 'NONE', #2711, #1493, #2325 ) ;
#111 = CARTESIAN_POINT ( 'NONE',  ( 1.045547687807277359, 2.631583668497130546, 18.58754680194294906 ) ) ;
#112 = DIRECTION ( 'NONE',  ( 0.000000000000000000, 1.000000000000000000, 0.000000000000000000 ) ) ;
#113 = AXIS2_PLACEMENT_3D ( 'NONE', #1815, #1389, #1006 ) ;
#114 = EDGE_CURVE ( 'NONE', #846, #3, #1264, .T. ) ;
#115 = ORIENTED_EDGE ( 'NONE', *, *, #2559, .T. ) ;
#116 = DIRECTION ( 'NONE',  ( 0.000000000000000000, 0.000000000000000000, 1.000000000000000000 ) ) ;
#117 = CARTESIAN_POINT ( 'NONE',  ( 0.4719999345942902935, 2.546216698564940373, -19.26358793998979024 ) ) ;
#118 = ORIENTED_EDGE ( 'NONE', *, *, #1360, .F. ) ;
#119 = DIRECTION ( 'NONE',  ( -0.000000000000000000, 1.000000000000000000, -0.000000000000000000 ) ) ;
#120 = CIRCLE ( 'NONE', #1782, 0.1999999999999996503 ) ;
#121 = CARTESIAN_POINT ( 'NONE',  ( 1.086761238497965554E-13, 0.3571897008005363583, 16.60000000000000142 ) ) ;
#122 = ORIENTED_EDGE ( 'NONE', *, *, #2532, .T. ) ;
#123 = CARTESIAN_POINT ( 'NONE',  ( 16.48598796158800539, 2.788855722972961804, -9.445472501805381782 ) ) ;
#124 = CARTESIAN_POINT ( 'NONE',  ( 0.6517352912174941837, 0.1203850931729330692, 16.87134002140284039 ) ) ;
#125 = CARTESIAN_POINT ( 'NONE',  ( -1.646128519298512449, 3.000000000000000000, 17.92457142857123742 ) ) ;
#126 = CARTESIAN_POINT ( 'NONE',  ( 16.03262390302111839, 2.693695232010443252, 10.31705224479195415 ) ) ;
#127 = ORIENTED_EDGE ( 'NONE', *, *, #59, .T. ) ;
#128 = EDGE_CURVE ( 'NONE', #306, #659, #482, .T. ) ;
#129 = AXIS2_PLACEMENT_3D ( 'NONE', #675, #1482, #634 ) ;
#130 = CARTESIAN_POINT ( 'NONE',  ( 16.90830689451918190, 2.524551347211075214, -9.301811310904415819 ) ) ;
#131 = CARTESIAN_POINT ( 'NONE',  ( -0.2627731488844841645, 2.789736423356603101, -18.98000603398137542 ) ) ;
#132 = ORIENTED_EDGE ( 'NONE', *, *, #748, .T. ) ;
#133 = CARTESIAN_POINT ( 'NONE',  ( -16.63303240684325601, 2.499097134316197177, 9.837305894048736121 ) ) ;
#134 = FACE_OUTER_BOUND ( 'NONE', #422, .T. ) ;
#135 = ORIENTED_EDGE ( 'NONE', *, *, #363, .F. ) ;
#136 = CARTESIAN_POINT ( 'NONE',  ( 16.96107548250283159, 2.684940482415256735, -8.752208765788775935 ) ) ;
#137 = FACE_OUTER_BOUND ( 'NONE', #2371, .T. ) ;
#138 = CARTESIAN_POINT ( 'NONE',  ( -16.35819308178840714, 2.349674171549216872, 9.649512296237263698 ) ) ;
#139 = CARTESIAN_POINT ( 'NONE',  ( -2.142296421122137935E-12, 2.341640786499874949, 19.00000000000000355 ) ) ;
#140 = EDGE_LOOP ( 'NONE', ( #2482, #271 ) ) ;
#141 = CIRCLE ( 'NONE', #1814, 2.000000000000001776 ) ;
#142 = CARTESIAN_POINT ( 'NONE',  ( 15.48330588825702137, 2.882942067383043039, -10.47736374264713533 ) ) ;
#143 = CARTESIAN_POINT ( 'NONE',  ( 0.9776960380447163868, 2.895186646248388396, -18.65183196758938067 ) ) ;
#144 = ORIENTED_EDGE ( 'NONE', *, *, #1517, .T. ) ;
#145 = CARTESIAN_POINT ( 'NONE',  ( -1.366482903048964026, 2.799999999999999378, -18.20799281800075065 ) ) ;
#146 = CARTESIAN_POINT ( 'NONE',  ( 15.15544456622817293, 0.04550266720457175895, 7.850000000000866507 ) ) ;
#147 = VERTEX_POINT ( 'NONE', #47 ) ;
#148 = ORIENTED_EDGE ( 'NONE', *, *, #363, .T. ) ;
#149 = ADVANCED_FACE ( 'NONE', ( #481 ), #2447, .T. ) ;
#150 = CARTESIAN_POINT ( 'NONE',  ( 16.49611306259761889, 2.341603693873854475, -9.427974339740634591 ) ) ;
#151 = DIRECTION ( 'NONE',  ( 0.000000000000000000, 0.000000000000000000, 1.000000000000000000 ) ) ;
#152 = CARTESIAN_POINT ( 'NONE',  ( -1.316468110553058679, 2.875460743298233091, 18.66898002323690520 ) ) ;
#153 = CARTESIAN_POINT ( 'NONE',  ( -0.8862702709748744301, 0.000000000000000000, -17.34339538071114362 ) ) ;
#154 = B_SPLINE_CURVE_WITH_KNOTS ( 'NONE', 3,
 ( #934, #552, #1799, #2615, #745, #2398, #97, #1149, #1812, #1590, #721, #1576, #1386, #975, #2186, #732, #2428, #126, #2646, #2385, #2211, #513, #1539, #1562, #2412, #1343 ),
 .UNSPECIFIED., .F., .F.,
 ( 4, 2, 2, 2, 2, 2, 2, 2, 2, 2, 2, 2, 4 ),
 ( 0.000000000000000000, 0.0005979573827312000120, 0.001195914765462400024, 0.001494893456827999867, 0.001793872148193600144, 0.002092850839559200204, 0.002391829530924800048, 0.002989786913655994964, 0.003288765605021590471, 0.003587744296387185977, 0.004185701679118370051, 0.004484680370483959053, 0.004783659061849548054 ),
 .UNSPECIFIED. ) ;
#155 = ORIENTED_EDGE ( 'NONE', *, *, #871, .T. ) ;
#156 = FACE_OUTER_BOUND ( 'NONE', #1822, .T. ) ;
#157 = VECTOR ( 'NONE', #2100, 1000.000000000000000 ) ;
#158 = CARTESIAN_POINT ( 'NONE',  ( 16.84221206591180930, 2.490546274112888536, -9.495502818681398338 ) ) ;
#159 = CARTESIAN_POINT ( 'NONE',  ( -1.157456082049506785, 2.688131153950847896, -18.46832224574418291 ) ) ;
#160 = EDGE_LOOP ( 'NONE', ( #1612, #1724, #608, #760 ) ) ;
#161 = CARTESIAN_POINT ( 'NONE',  ( -14.70006994944210987, 3.000000000000000000, -10.38787482989226163 ) ) ;
#162 = DIRECTION ( 'NONE',  ( 0.000000000000000000, 0.000000000000000000, 1.000000000000000000 ) ) ;
#163 = ORIENTED_EDGE ( 'NONE', *, *, #684, .F. ) ;
#164 = ADVANCED_FACE ( 'NONE', ( #1934 ), #902, .F. ) ;
#165 = EDGE_LOOP ( 'NONE', ( #724, #1915 ) ) ;
#166 = DIRECTION ( 'NONE',  ( -0.2678674216379218209, 0.000000000000000000, 0.9634557822884514122 ) ) ;
#167 = CIRCLE ( 'NONE', #2127, 1.500000000000001332 ) ;
#168 = DIRECTION ( 'NONE',  ( 0.000000000000000000, 0.000000000000000000, 1.000000000000000000 ) ) ;
#169 = VERTEX_POINT ( 'NONE', #2575 ) ;
#170 = CARTESIAN_POINT ( 'NONE',  ( 14.90142839978785894, 2.999999999999999556, 10.45088728470352279 ) ) ;
#171 = DIRECTION ( 'NONE',  ( 0.000000000000000000, 0.000000000000000000, -1.000000000000000000 ) ) ;
#172 = CARTESIAN_POINT ( 'NONE',  ( 16.65289252133452536, 2.462068582714049381, 8.869004920741543785 ) ) ;
#173 = EDGE_LOOP ( 'NONE', ( #2257, #1800, #706, #979, #1034 ) ) ;
#174 = DIRECTION ( 'NONE',  ( 0.000000000000000000, 1.000000000000000000, 0.000000000000000000 ) ) ;
#175 = DIRECTION ( 'NONE',  ( -0.000000000000000000, -1.000000000000000000, -0.000000000000000000 ) ) ;
#176 = CARTESIAN_POINT ( 'NONE',  ( 0.6703312308996431934, 2.601892128665195258, 19.18671285437185148 ) ) ;
#177 = DIRECTION ( 'NONE',  ( 0.000000000000000000, 0.000000000000000000, 1.000000000000000000 ) ) ;
#178 = CYLINDRICAL_SURFACE ( 'NONE', #1040, 1.500000000000001332 ) ;
#179 = ORIENTED_EDGE ( 'NONE', *, *, #2540, .F. ) ;
#180 = CARTESIAN_POINT ( 'NONE',  ( -15.15544456622658309, 2.799999999999999822, -7.250000000001895373 ) ) ;
#181 = EDGE_CURVE ( 'NONE', #1339, #1416, #2137, .T. ) ;
#182 = CYLINDRICAL_SURFACE ( 'NONE', #1598, 20.00000000000000000 ) ;
#183 = CARTESIAN_POINT ( 'NONE',  ( 16.65701694560540247, 2.516662051579875214, 8.707656890717405673 ) ) ;
#184 = EDGE_LOOP ( 'NONE', ( #1754, #971, #2032, #728, #1359 ) ) ;
#185 = AXIS2_PLACEMENT_3D ( 'NONE', #393, #1227, #823 ) ;
#186 = CARTESIAN_POINT ( 'NONE',  ( -0.08442470168608290360, 2.341640786499882054, -19.00000000000000711 ) ) ;
#187 = CIRCLE ( 'NONE', #2157, 1.700000000000000178 ) ;
#188 = CARTESIAN_POINT ( 'NONE',  ( 1.601816273391952983, 2.999999999999999556, 18.12243699766407801 ) ) ;
#189 = CARTESIAN_POINT ( 'NONE',  ( 15.57451388061078212, 2.631583668497336159, -10.19924425948086899 ) ) ;
#190 = DIRECTION ( 'NONE',  ( -0.9683108937037122610, 0.000000000000000000, -0.2497478991597689435 ) ) ;
#191 = EDGE_CURVE ( 'NONE', #341, #529, #1336, .T. ) ;
#192 = EDGE_LOOP ( 'NONE', ( #1239, #828, #1586, #2504, #1187 ) ) ;
#193 = DIRECTION ( 'NONE',  ( 1.224646799147351482E-16, 0.000000000000000000, -1.000000000000000000 ) ) ;
#194 = ADVANCED_FACE ( 'NONE', ( #2114, #2326 ), #1286, .F. ) ;
#195 = CARTESIAN_POINT ( 'NONE',  ( 0.000000000000000000, 10.50000000000000000, 16.60000000000000142 ) ) ;
#196 = AXIS2_PLACEMENT_3D ( 'NONE', #504, #2164, #290 ) ;
#198 = ORIENTED_EDGE ( 'NONE', *, *, #295, .F. ) ;
#197 = CARTESIAN_POINT ( 'NONE',  ( 16.57276427111661121, 2.688131153951014873, 8.231774752052821498 ) ) ;
#199 = ORIENTED_EDGE ( 'NONE', *, *, #2662, .F. ) ;
#200 = CARTESIAN_POINT ( 'NONE',  ( 2.019973393585796232E-12, 2.341640786499874949, -19.00000000000000355 ) ) ;
#201 = CARTESIAN_POINT ( 'NONE',  ( 0.000000000000000000, 1.799999999999999600, 17.50000000000000000 ) ) ;
#202 = DIRECTION ( 'NONE',  ( 0.000000000000000000, -1.000000000000000000, 0.000000000000000000 ) ) ;
#203 = CARTESIAN_POINT ( 'NONE',  ( -2.105292111292268057E-12, 3.000000000000000000, 17.50000000000000000 ) ) ;
#204 = CARTESIAN_POINT ( 'NONE',  ( 16.35819308178834675, 2.349674171549213764, -9.649512296237372055 ) ) ;
#205 = AXIS2_PLACEMENT_3D ( 'NONE', #358, #1027, #1400 ) ;
#206 = ORIENTED_EDGE ( 'NONE', *, *, #840, .T. ) ;
#207 = CARTESIAN_POINT ( 'NONE',  ( 16.22682952376451126, 2.619552970156103555, 10.21988067143542445 ) ) ;
#208 = SHAPE_DEFINITION_REPRESENTATION ( #100, #1773 ) ;
#210 = ORIENTED_EDGE ( 'NONE', *, *, #2198, .F. ) ;
#209 = CARTESIAN_POINT ( 'NONE',  ( 16.95586771141498872, 2.624520642716427155, 8.939320799940526641 ) ) ;
#211 = VERTEX_POINT ( 'NONE', #1751 ) ;
#212 = CARTESIAN_POINT ( 'NONE',  ( 14.70006994944218448, 2.799999999999999822, 10.38787482989215860 ) ) ;
#213 = TOROIDAL_SURFACE ( 'NONE', #2708, 1.700000000000001066, 0.2000000000000000111 ) ;
#214 = CARTESIAN_POINT ( 'NONE',  ( 1.171205376967880296, 2.688251286738115642, 18.49040038558868204 ) ) ;
#215 = CARTESIAN_POINT ( 'NONE',  ( -2.105292111292268057E-12, 1.800000000000000266, 19.00000000000000355 ) ) ;
#216 = AXIS2_PLACEMENT_3D ( 'NONE', #809, #2234, #408 ) ;
#217 = CARTESIAN_POINT ( 'NONE',  ( -16.64180833007413085, 2.895186646248705031, 8.479206377668935701 ) ) ;
#218 = EDGE_CURVE ( 'NONE', #1827, #276, #914, .T. ) ;
#219 = DIRECTION ( 'NONE',  ( 0.000000000000000000, -0.000000000000000000, 1.000000000000000000 ) ) ;
#220 = VERTEX_POINT ( 'NONE', #2570 ) ;
#221 = DIRECTION ( 'NONE',  ( 0.000000000000000000, 0.000000000000000000, 1.000000000000000000 ) ) ;
#222 = PRODUCT_DEFINITION_CONTEXT ( 'detailed design', #2273, 'design' ) ;
#223 = DIRECTION ( 'NONE',  ( 0.000000000000000000, -1.000000000000000000, 0.000000000000000000 ) ) ;
#225 = EDGE_LOOP ( 'NONE', ( #812, #929, #2291, #2182, #2376, #835, #321, #2252, #2503, #103 ) ) ;
#224 = CARTESIAN_POINT ( 'NONE',  ( 16.62006156841841431, 2.631583668497256667, 8.388302542461996580 ) ) ;
#226 = CARTESIAN_POINT ( 'NONE',  ( 16.66252183719135260, 2.504368307662888427, 8.738030460706342595 ) ) ;
#227 = CARTESIAN_POINT ( 'NONE',  ( 1.983090264432757922E-12, 1.799999999999999600, -17.50000000000000000 ) ) ;
#228 = CARTESIAN_POINT ( 'NONE',  ( -2.142296421122137935E-12, 2.341640786499874949, 19.00000000000000355 ) ) ;
#229 = CARTESIAN_POINT ( 'NONE',  ( 14.25239641613445585, 0.2106091338178936179, 8.798896223977109798 ) ) ;
#230 = AXIS2_PLACEMENT_3D ( 'NONE', #2294, #1451, #410 ) ;
#231 = CARTESIAN_POINT ( 'NONE',  ( 15.15544456622817293, 1.799999999999999600, 7.850000000000866507 ) ) ;
#232 = CARTESIAN_POINT ( 'NONE',  ( -16.19926155034718107, 2.391595032701538948, -9.830365622391637359 ) ) ;
#233 = DIRECTION ( 'NONE',  ( 0.000000000000000000, 0.000000000000000000, 1.000000000000000000 ) ) ;
#234 = CARTESIAN_POINT ( 'NONE',  ( 14.75364343377214738, 2.799999999999999822, -10.19518367343102128 ) ) ;
#235 = LINE ( 'NONE', #195, #1379 ) ;
#237 = ORIENTED_EDGE ( 'NONE', *, *, #1847, .T. ) ;
#236 = CARTESIAN_POINT ( 'NONE',  ( 16.42301311810503606, 2.788855722973053286, 9.554548130317312982 ) ) ;
#238 = FACE_OUTER_BOUND ( 'NONE', #2080, .T. ) ;
#239 = DIRECTION ( 'NONE',  ( -0.000000000000000000, 1.000000000000000000, -0.000000000000000000 ) ) ;
#240 = AXIS2_PLACEMENT_3D ( 'NONE', #394, #2070, #162 ) ;
#241 = DIRECTION ( 'NONE',  ( -1.000000000000000000, 0.000000000000000000, 0.000000000000000000 ) ) ;
#242 = CARTESIAN_POINT ( 'NONE',  ( 0.000000000000000000, 0.000000000000000000, 0.000000000000000000 ) ) ;
#243 = CARTESIAN_POINT ( 'NONE',  ( -15.67399127938697312, 2.822068029376375353, 10.44617255471051998 ) ) ;
#244 = CARTESIAN_POINT ( 'NONE',  ( -16.51540372740612739, 2.788352425393865186, -9.387744939530504595 ) ) ;
#245 = EDGE_CURVE ( 'NONE', #2687, #1229, #254, .T. ) ;
#246 = FACE_OUTER_BOUND ( 'NONE', #722, .T. ) ;
#247 = CARTESIAN_POINT ( 'NONE',  ( 15.15544456622817293, 10.50000000000000000, 8.750000000000866862 ) ) ;
#248 = LINE ( 'NONE', #855, #2569 ) ;
#249 = EDGE_LOOP ( 'NONE', ( #897, #1930, #1807, #1742 ) ) ;
#250 = CARTESIAN_POINT ( 'NONE',  ( 16.10177935079239830, 2.425064150024270226, 9.922945157156391360 ) ) ;
#251 = DIRECTION ( 'NONE',  ( 0.000000000000000000, 0.000000000000000000, -1.000000000000000000 ) ) ;
#252 = DIRECTION ( 'NONE',  ( -0.000000000000000000, -1.000000000000000000, -0.000000000000000000 ) ) ;
#253 = CARTESIAN_POINT ( 'NONE',  ( 0.000000000000000000, 1.500000000000000000, -15.00000000000000000 ) ) ;
#254 = CIRCLE ( 'NONE', #957, 0.8999999999999998002 ) ;
#255 = CARTESIAN_POINT ( 'NONE',  ( -14.39024490924126454, 0.3622304522618164380, -8.266782046912318549 ) ) ;
#256 = CARTESIAN_POINT ( 'NONE',  ( -16.62006156841838589, 2.631583668497255779, -8.388302542462321654 ) ) ;
#257 = CARTESIAN_POINT ( 'NONE',  ( 0.000000000000000000, 0.5000000000000000000, 0.000000000000000000 ) ) ;
#258 = ORIENTED_EDGE ( 'NONE', *, *, #2656, .T. ) ;
#259 = VECTOR ( 'NONE', #1198, 1000.000000000000000 ) ;
#260 = CARTESIAN_POINT ( 'NONE',  ( -16.65948114971264360, 2.457597665154257705, 8.871856690676072077 ) ) ;
#261 = EDGE_CURVE ( 'NONE', #391, #1200, #908, .T. ) ;
#262 = CARTESIAN_POINT ( 'NONE',  ( 0.6503718326330740762, 2.595589908293363113, 19.19570106557834421 ) ) ;
#263 = CARTESIAN_POINT ( 'NONE',  ( 2.019973393585796232E-12, 2.341640786499874949, -19.00000000000000355 ) ) ;
#264 = ORIENTED_EDGE ( 'NONE', *, *, #1951, .T. ) ;
#265 = EDGE_CURVE ( 'NONE', #302, #841, #1218, .T. ) ;
#266 = CARTESIAN_POINT ( 'NONE',  ( 14.88640230247676932, 2.799999999999999822, 10.23209431999848817 ) ) ;
#267 = CARTESIAN_POINT ( 'NONE',  ( 14.75364343376976706, 2.799999999999999822, 10.19518367343446741 ) ) ;
#268 = CARTESIAN_POINT ( 'NONE',  ( -15.15544456622658309, 2.799999999999999822, -8.750000000001895373 ) ) ;
#269 = CARTESIAN_POINT ( 'NONE',  ( -16.50144808053520507, 2.999999999999999112, 7.679571904539125526 ) ) ;
#270 = CARTESIAN_POINT ( 'NONE',  ( -16.95586771141479332, 2.624520642716500429, -8.939320799940663420 ) ) ;
#271 = ORIENTED_EDGE ( 'NONE', *, *, #25, .T. ) ;
#272 = CARTESIAN_POINT ( 'NONE',  ( -14.91700581479124565, 2.799999967012387625, 10.24060294497467183 ) ) ;
#273 = AXIS2_PLACEMENT_3D ( 'NONE', #1469, #1484, #219 ) ;
#274 = DIRECTION ( 'NONE',  ( -0.000000000000000000, 1.000000000000000000, -0.000000000000000000 ) ) ;
#275 = DIRECTION ( 'NONE',  ( -0.000000000000000000, 1.000000000000000000, -0.000000000000000000 ) ) ;
#276 = VERTEX_POINT ( 'NONE', #1561 ) ;
#277 = ADVANCED_FACE ( 'NONE', ( #1739 ), #2493, .T. ) ;
#278 = AXIS2_PLACEMENT_3D ( 'NONE', #1910, #2359, #1140 ) ;
#279 = DIRECTION ( 'NONE',  ( 0.000000000000000000, 1.000000000000000000, 0.000000000000000000 ) ) ;
#280 = CARTESIAN_POINT ( 'NONE',  ( -0.9952088797486456917, 2.726320093793974664, 18.98615822784410412 ) ) ;
#281 = CARTESIAN_POINT ( 'NONE',  ( -14.57587077758485350, 0.2960515036711165449, 8.055738529147443927 ) ) ;
#282 = CARTESIAN_POINT ( 'NONE',  ( -15.25768728919173078, 0.01713754623704363128, 7.849999999999135447 ) ) ;
#283 = CARTESIAN_POINT ( 'NONE',  ( -0.1104917568190106059, 0.3571897008005421315, 16.59999999999999432 ) ) ;
#284 = AXIS2_PLACEMENT_3D ( 'NONE', #1011, #862, #2507 ) ;
#285 = ORIENTED_EDGE ( 'NONE', *, *, #2138, .T. ) ;
#286 = CARTESIAN_POINT ( 'NONE',  ( -16.49611306259764731, 2.341603693874128478, 9.427974339740572418 ) ) ;
#287 = CARTESIAN_POINT ( 'NONE',  ( 0.7362549503801840700, 2.624520642716426710, 19.15387258126396119 ) ) ;
#288 = DIRECTION ( 'NONE',  ( -0.000000000000000000, -1.000000000000000000, -0.000000000000000000 ) ) ;
#289 = ORIENTED_EDGE ( 'NONE', *, *, #1113, .F. ) ;
#290 = DIRECTION ( 'NONE',  ( 0.000000000000000000, 0.000000000000000000, 1.000000000000000000 ) ) ;
#291 = ADVANCED_FACE ( 'NONE', ( #1330 ), #1851, .T. ) ;
#292 = DIRECTION ( 'NONE',  ( -0.000000000000000000, -1.000000000000000000, -0.000000000000000000 ) ) ;
#293 = CARTESIAN_POINT ( 'NONE',  ( -16.42082868829747611, 2.999999999999999556, 7.605378343331067548 ) ) ;
#294 = ORIENTED_EDGE ( 'NONE', *, *, #2402, .F. ) ;
#295 = EDGE_CURVE ( 'NONE', #1233, #2530, #449, .T. ) ;
#296 = CARTESIAN_POINT ( 'NONE',  ( -16.30578081496766885, 2.789736423356518280, 9.717571239356914248 ) ) ;
#297 = FACE_BOUND ( 'NONE', #526, .T. ) ;
#298 = CARTESIAN_POINT ( 'NONE',  ( 0.2627731488843332297, 2.789736423356723893, 18.98000603398138253 ) ) ;
#299 = FACE_OUTER_BOUND ( 'NONE', #2387, .T. ) ;
#300 = CARTESIAN_POINT ( 'NONE',  ( 1.983090264432757922E-12, 10.50000000000000000, -17.50000000000000000 ) ) ;
#301 = CARTESIAN_POINT ( 'NONE',  ( 15.02103477105443119, 2.782183816539169907, -10.24999999999825029 ) ) ;
#302 = VERTEX_POINT ( 'NONE', #2630 ) ;
#303 = EDGE_CURVE ( 'NONE', #2199, #4, #2169, .T. ) ;
#304 = CARTESIAN_POINT ( 'NONE',  ( 15.15544456622919611, 0.04550266720453532976, -7.849999999999142553 ) ) ;
#305 = DIRECTION ( 'NONE',  ( 0.000000000000000000, 0.000000000000000000, 1.000000000000000000 ) ) ;
#306 = VERTEX_POINT ( 'NONE', #1076 ) ;
#307 = ADVANCED_FACE ( 'NONE', ( #2112 ), #1308, .T. ) ;
#308 = CARTESIAN_POINT ( 'NONE',  ( -16.89529980276462595, 2.525880617796018690, 9.315693849618886802 ) ) ;
#309 = DIRECTION ( 'NONE',  ( 0.000000000000000000, -0.000000000000000000, 1.000000000000000000 ) ) ;
#310 = EDGE_CURVE ( 'NONE', #739, #391, #1994, .T. ) ;
#311 = DIRECTION ( 'NONE',  ( 0.000000000000000000, 0.000000000000000000, 1.000000000000000000 ) ) ;
#312 = DIRECTION ( 'NONE',  ( 0.000000000000000000, 0.000000000000000000, -1.000000000000000000 ) ) ;
#313 = STYLED_ITEM ( 'NONE', ( #649 ), #433 ) ;
#314 = ORIENTED_EDGE ( 'NONE', *, *, #265, .F. ) ;
#315 = PRODUCT ( 'TPW_01_CaseBack', 'TPW_01_CaseBack', '', ( #1664 ) ) ;
#316 = CARTESIAN_POINT ( 'NONE',  ( 0.000000000000000000, 0.000000000000000000, 0.000000000000000000 ) ) ;
#317 = CARTESIAN_POINT ( 'NONE',  ( -0.5527341390524863618, 2.811191089068509008, -18.90055359029359394 ) ) ;
#318 = ORIENTED_EDGE ( 'NONE', *, *, #1401, .T. ) ;
#319 = CARTESIAN_POINT ( 'NONE',  ( -15.15544456622722080, 0.04550266720508575058, 7.849999999999131894 ) ) ;
#320 = CARTESIAN_POINT ( 'NONE',  ( -0.4107846617750007256, 0.2544508266612336977, 16.69267251980540934 ) ) ;
#321 = ORIENTED_EDGE ( 'NONE', *, *, #1404, .T. ) ;
#322 = CARTESIAN_POINT ( 'NONE',  ( 16.26020221488035489, 2.791726793965139120, -9.771047179483183243 ) ) ;
#323 = DIRECTION ( 'NONE',  ( 0.000000000000000000, -0.000000000000000000, 1.000000000000000000 ) ) ;
#324 = ADVANCED_FACE ( 'NONE', ( #2573 ), #213, .T. ) ;
#325 = VECTOR ( 'NONE', #1139, 1000.000000000000000 ) ;
#326 = CARTESIAN_POINT ( 'NONE',  ( -15.15544456622643921, 2.752925400380064502, -10.25000000000189537 ) ) ;
#327 = CARTESIAN_POINT ( 'NONE',  ( 0.000000000000000000, 10.50000000000000000, 17.50000000000000000 ) ) ;
#328 = VECTOR ( 'NONE', #2690, 1000.000000000000000 ) ;
#329 = VERTEX_POINT ( 'NONE', #1693 ) ;
#330 = CARTESIAN_POINT ( 'NONE',  ( -0.7571676289400904869, 2.631887217613776198, -19.14281850779950744 ) ) ;
#331 = CARTESIAN_POINT ( 'NONE',  ( -0.9737783875179597537, 2.717128330482511345, -19.00273749580656357 ) ) ;
#332 = ORIENTED_EDGE ( 'NONE', *, *, #2709, .T. ) ;
#333 = CARTESIAN_POINT ( 'NONE',  ( 14.32749134536453006, 0.05885903598200530051, -9.144985009507205831 ) ) ;
#334 = AXIS2_PLACEMENT_3D ( 'NONE', #2270, #1192, #190 ) ;
#335 = CARTESIAN_POINT ( 'NONE',  ( -15.57490566532681697, 2.631443243764516549, -10.19914675593472531 ) ) ;
#336 = ORIENTED_EDGE ( 'NONE', *, *, #2047, .T. ) ;
#337 = CARTESIAN_POINT ( 'NONE',  ( 16.66349558238349360, 2.516446444577274733, -8.708094552100742902 ) ) ;
#338 = CARTESIAN_POINT ( 'NONE',  ( 0.8862702709768397469, 0.000000000000000000, 17.34339538071104414 ) ) ;
#339 = CARTESIAN_POINT ( 'NONE',  ( -0.1902692429809409447, 2.497916581428607063, 19.32470384542967068 ) ) ;
#340 = CARTESIAN_POINT ( 'NONE',  ( 0.000000000000000000, 0.000000000000000000, 0.000000000000000000 ) ) ;
#341 = VERTEX_POINT ( 'NONE', #1101 ) ;
#342 = AXIS2_PLACEMENT_3D ( 'NONE', #1297, #45, #899 ) ;
#343 = EDGE_CURVE ( 'NONE', #2450, #51, #1527, .T. ) ;
#344 = B_SPLINE_CURVE_WITH_KNOTS ( 'NONE', 3,
 ( #2266, #188, #621, #1819, #798, #1597, #2236, #2468, #176, #1228, #1408, #1024, #766, #1393 ),
 .UNSPECIFIED., .F., .F.,
 ( 4, 2, 2, 2, 2, 2, 4 ),
 ( 0.000000000000000000, 0.0005983543753923542974, 0.001196708750784708595, 0.001495885938480885635, 0.001795063126177062892, 0.002094240313873240149, 0.002393417501569417190 ),
 .UNSPECIFIED. ) ;
#345 = ORIENTED_EDGE ( 'NONE', *, *, #2377, .T. ) ;
#346 = AXIS2_PLACEMENT_3D ( 'NONE', #227, #1064, #1894 ) ;
#347 = CARTESIAN_POINT ( 'NONE',  ( -0.9947888227355883295, 2.726138508047262210, -18.98649018419921575 ) ) ;
#348 = EDGE_CURVE ( 'NONE', #92, #995, #1871, .T. ) ;
#349 = CARTESIAN_POINT ( 'NONE',  ( -0.6456626930158960720, 2.462068582714027620, -18.85633043033841005 ) ) ;
#350 = VERTEX_POINT ( 'NONE', #2126 ) ;
#351 = DIRECTION ( 'NONE',  ( 0.000000000000000000, 0.000000000000000000, 1.000000000000000000 ) ) ;
#352 = DIRECTION ( 'NONE',  ( 0.000000000000000000, 0.000000000000000000, 1.000000000000000000 ) ) ;
#353 = ORIENTED_EDGE ( 'NONE', *, *, #1633, .F. ) ;
#354 = EDGE_LOOP ( 'NONE', ( #2684, #1558, #2413, #2159 ) ) ;
#355 = CARTESIAN_POINT ( 'NONE',  ( 16.63826882486549152, 2.498321068153698477, -9.830088770754910499 ) ) ;
#356 = CARTESIAN_POINT ( 'NONE',  ( 0.4980712230202127278, 0.2075046342410211409, 16.74376107260517088 ) ) ;
#357 = CARTESIAN_POINT ( 'NONE',  ( -0.3330598827583626242, 2.373292553270922589, 18.96498643149708485 ) ) ;
#358 = CARTESIAN_POINT ( 'NONE',  ( 0.000000000000000000, 10.50000000000000000, 17.50000000000000000 ) ) ;
#359 = EDGE_LOOP ( 'NONE', ( #510, #976, #1677, #1154, #1448 ) ) ;
#360 = VECTOR ( 'NONE', #2250, 1000.000000000000000 ) ;
#361 = CYLINDRICAL_SURFACE ( 'NONE', #2509, 0.8999999999999998002 ) ;
#362 = CARTESIAN_POINT ( 'NONE',  ( 0.000000000000000000, 0.000000000000000000, 0.000000000000000000 ) ) ;
#363 = EDGE_CURVE ( 'NONE', #1813, #329, #1418, .T. ) ;
#364 = CARTESIAN_POINT ( 'NONE',  ( 0.3330598827582355592, 2.373292553270905714, -18.96498643149708485 ) ) ;
#365 = ORIENTED_EDGE ( 'NONE', *, *, #1081, .T. ) ;
#366 = CARTESIAN_POINT ( 'NONE',  ( -0.4163615874223824953, 2.392246418679730535, -18.94339313951235226 ) ) ;
#367 = DIRECTION ( 'NONE',  ( 0.000000000000000000, 0.000000000000000000, 1.000000000000000000 ) ) ;
#368 = ORIENTED_EDGE ( 'NONE', *, *, #932, .T. ) ;
#369 = VERTEX_POINT ( 'NONE', #1088 ) ;
#370 = CARTESIAN_POINT ( 'NONE',  ( 15.96996421905678609, 2.717128330482444731, -10.34468556915000192 ) ) ;
#371 = CARTESIAN_POINT ( 'NONE',  ( -15.15544456622719061, 1.799999999999999600, 8.749999999999131362 ) ) ;
#372 = CARTESIAN_POINT ( 'NONE',  ( -0.1251174518503017363, 2.788355583575675922, 18.99684345572462618 ) ) ;
#373 = CARTESIAN_POINT ( 'NONE',  ( 16.65449811776332822, 2.557328747963975690, -8.595275712107497412 ) ) ;
#374 = ORIENTED_EDGE ( 'NONE', *, *, #768, .F. ) ;
#375 = DIRECTION ( 'NONE',  ( 0.000000000000000000, 1.000000000000000000, 0.000000000000000000 ) ) ;
#376 = AXIS2_PLACEMENT_3D ( 'NONE', #300, #516, #950 ) ;
#377 = DIRECTION ( 'NONE',  ( 0.000000000000000000, 0.000000000000000000, 1.000000000000000000 ) ) ;
#378 = CARTESIAN_POINT ( 'NONE',  ( -1.316911337702273199, 2.875701266815328783, -18.66872419195295763 ) ) ;
#379 = ORIENTED_EDGE ( 'NONE', *, *, #2689, .T. ) ;
#380 = FACE_OUTER_BOUND ( 'NONE', #603, .T. ) ;
#381 = CARTESIAN_POINT ( 'NONE',  ( 0.7911554545600976152, 2.516823246330676778, 18.78441690522232932 ) ) ;
#382 = ORIENTED_EDGE ( 'NONE', *, *, #1384, .T. ) ;
#383 = CARTESIAN_POINT ( 'NONE',  ( 14.93832400879168709, 3.006894317763382674, -10.24652997231864759 ) ) ;
#384 = DIRECTION ( 'NONE',  ( 0.000000000000000000, 1.000000000000000000, 0.000000000000000000 ) ) ;
#385 = EDGE_CURVE ( 'NONE', #2464, #169, #85, .T. ) ;
#386 = ORIENTED_EDGE ( 'NONE', *, *, #1455, .F. ) ;
#387 = CARTESIAN_POINT ( 'NONE',  ( 15.15544456622663994, 1.800000000000000266, 7.250000000001787015 ) ) ;
#388 = CARTESIAN_POINT ( 'NONE',  ( -0.3962271303684926083, 2.528978626623244352, -19.28565529701398162 ) ) ;
#389 = CARTESIAN_POINT ( 'NONE',  ( 16.56855396385181223, 2.789736423356382389, 9.262434794624313739 ) ) ;
#390 = CIRCLE ( 'NONE', #216, 0.8999999999999998002 ) ;
#391 = VERTEX_POINT ( 'NONE', #872 ) ;
#392 = CARTESIAN_POINT ( 'NONE',  ( 2.019973393585796232E-12, 2.341640786499874949, -19.00000000000000355 ) ) ;
#393 = CARTESIAN_POINT ( 'NONE',  ( 15.15544456622869340, 2.799999999999999822, -8.749999999998248512 ) ) ;
#394 = CARTESIAN_POINT ( 'NONE',  ( -2.105292111292268057E-12, 2.799999999999999822, 17.50000000000000000 ) ) ;
#395 = EDGE_CURVE ( 'NONE', #2641, #1924, #1760, .T. ) ;
#396 = VERTEX_POINT ( 'NONE', #479 ) ;
#397 = DIRECTION ( 'NONE',  ( 0.000000000000000000, 1.000000000000000000, 0.000000000000000000 ) ) ;
#398 = EDGE_CURVE ( 'NONE', #1791, #2530, #1492, .T. ) ;
#399 = CARTESIAN_POINT ( 'NONE',  ( 16.51504724719790929, 2.344907709451008238, -9.388163414618002633 ) ) ;
#400 = EDGE_CURVE ( 'NONE', #2478, #1702, #2188, .T. ) ;
#401 = ORIENTED_EDGE ( 'NONE', *, *, #1216, .F. ) ;
#402 = CARTESIAN_POINT ( 'NONE',  ( 14.75364343376976883, 3.000000000000000000, 10.19518367343446741 ) ) ;
#403 = DIRECTION ( 'NONE',  ( 1.000000000000000000, 0.000000000000000000, 0.000000000000000000 ) ) ;
#405 = ORIENTED_EDGE ( 'NONE', *, *, #837, .F. ) ;
#404 = CARTESIAN_POINT ( 'NONE',  ( 16.20610977432566813, 3.000000000000000000, 7.679438175308685999 ) ) ;
#406 = ORIENTED_EDGE ( 'NONE', *, *, #684, .T. ) ;
#407 = AXIS2_PLACEMENT_3D ( 'NONE', #1037, #1869, #944 ) ;
#408 = DIRECTION ( 'NONE',  ( 0.000000000000000000, 0.000000000000000000, -1.000000000000000000 ) ) ;
#409 = AXIS2_PLACEMENT_3D ( 'NONE', #1497, #2330, #678 ) ;
#410 = DIRECTION ( 'NONE',  ( 0.000000000000000000, 0.000000000000000000, 1.000000000000000000 ) ) ;
#411 = CARTESIAN_POINT ( 'NONE',  ( 15.15544456622663994, 1.800000000000000266, 10.25000000000178879 ) ) ;
#412 = PLANE ( 'NONE',  #1967 ) ;
#413 = CARTESIAN_POINT ( 'NONE',  ( 15.72848676744715846, 2.574139783795881709, -10.14380243327290643 ) ) ;
#414 = CIRCLE ( 'NONE', #1459, 1.700000000000000178 ) ;
#415 = EDGE_CURVE ( 'NONE', #1416, #1950, #2375, .T. ) ;
#416 = ORIENTED_EDGE ( 'NONE', *, *, #711, .T. ) ;
#417 = CARTESIAN_POINT ( 'NONE',  ( 16.44675655676952175, 2.546216698564892411, 10.04055790393831593 ) ) ;
#418 =( NAMED_UNIT ( * ) PLANE_ANGLE_UNIT ( ) SI_UNIT ( $, .RADIAN. ) );
#419 = CIRCLE ( 'NONE', #1427, 17.36602540378444104 ) ;
#421 = ORIENTED_EDGE ( 'NONE', *, *, #2619, .T. ) ;
#420 = CARTESIAN_POINT ( 'NONE',  ( 1.522240160246560059, 2.967870995156048242, -18.30517776361568494 ) ) ;
#422 = EDGE_LOOP ( 'NONE', ( #2096, #2008, #2187, #816, #289 ) ) ;
#423 = DIRECTION ( 'NONE',  ( 0.2678674216379137718, 0.000000000000000000, -0.9634557822884536327 ) ) ;
#424 = AXIS2_PLACEMENT_3D ( 'NONE', #668, #223, #1293 ) ;
#425 = LINE ( 'NONE', #1256, #360 ) ;
#426 = CARTESIAN_POINT ( 'NONE',  ( 15.06278758638045190, 0.07120842274074876133, 7.850000000000870060 ) ) ;
#427 = PLANE ( 'NONE',  #1793 ) ;
#428 = CARTESIAN_POINT ( 'NONE',  ( -16.48649400802085907, 2.788853029612804679, -9.444513123983268699 ) ) ;
#429 = PLANE ( 'NONE',  #278 ) ;
#430 = VECTOR ( 'NONE', #1752, 1000.000000000000000 ) ;
#431 = ORIENTED_EDGE ( 'NONE', *, *, #114, .T. ) ;
#432 = DIRECTION ( 'NONE',  ( 0.000000000000000000, 0.000000000000000000, -1.000000000000000000 ) ) ;
#433 = MANIFOLD_SOLID_BREP ( 'Fillet4', #740 ) ;
#434 = CARTESIAN_POINT ( 'NONE',  ( 0.000000000000000000, 0.000000000000000000, 0.000000000000000000 ) ) ;
#436 = ORIENTED_EDGE ( 'NONE', *, *, #1290, .T. ) ;
#435 = CARTESIAN_POINT ( 'NONE',  ( 16.42581454073786063, 2.772721794525371486, 7.935437122538349541 ) ) ;
#437 = VERTEX_POINT ( 'NONE', #2710 ) ;
#438 = CARTESIAN_POINT ( 'NONE',  ( -15.15544456622619052, 10.50000000000000000, -8.750000000000865086 ) ) ;
#439 = CIRCLE ( 'NONE', #2314, 0.1999999999999996780 ) ;
#440 = DIRECTION ( 'NONE',  ( 0.000000000000000000, -1.000000000000000000, 0.000000000000000000 ) ) ;
#441 = EDGE_CURVE ( 'NONE', #1938, #2345, #585, .T. ) ;
#442 = DIRECTION ( 'NONE',  ( 0.000000000000000000, 1.000000000000000000, 0.000000000000000000 ) ) ;
#443 = VECTOR ( 'NONE', #2156, 1000.000000000000000 ) ;
#444 = CARTESIAN_POINT ( 'NONE',  ( -14.72410069920958087, 0.2219052025219367674, -7.955066276592875241 ) ) ;
#445 = CARTESIAN_POINT ( 'NONE',  ( -16.65289252133446851, 2.462068582714068921, -8.869004920741666353 ) ) ;
#446 = CARTESIAN_POINT ( 'NONE',  ( -2.105292111292268057E-12, 2.799999999999999822, 17.50000000000000000 ) ) ;
#447 = CARTESIAN_POINT ( 'NONE',  ( 0.000000000000000000, 1.500000000000000000, 0.000000000000000000 ) ) ;
#448 = UNCERTAINTY_MEASURE_WITH_UNIT (LENGTH_MEASURE( 1.000000000000000082E-05 ), #2123, 'distance_accuracy_value', 'NONE');
#449 = B_SPLINE_CURVE_WITH_KNOTS ( 'NONE', 3,
 ( #536, #2427, #1369, #326 ),
 .UNSPECIFIED., .F., .F.,
 ( 4, 4 ),
 ( 0.000000000000000000, 0.0004086430266532955482 ),
 .UNSPECIFIED. ) ;
#451 = ORIENTED_EDGE ( 'NONE', *, *, #1003, .T. ) ;
#450 = CARTESIAN_POINT ( 'NONE',  ( 16.49676396423261693, 2.341678199089613166, 9.426685669303363824 ) ) ;
#452 = CARTESIAN_POINT ( 'NONE',  ( 16.48676079352217272, 2.335578187658124527, 9.457783968818969100 ) ) ;
#453 = EDGE_CURVE ( 'NONE', #437, #1594, #927, .T. ) ;
#454 = DIRECTION ( 'NONE',  ( 0.000000000000000000, 0.000000000000000000, 1.000000000000000000 ) ) ;
#455 = CARTESIAN_POINT ( 'NONE',  ( 15.15544456622869340, 1.800000000000000266, -8.749999999998248512 ) ) ;
#456 = AXIS2_PLACEMENT_3D ( 'NONE', #1658, #1245, #166 ) ;
#457 = CARTESIAN_POINT ( 'NONE',  ( 1.983090264432757922E-12, 2.799999999999999822, -16.00000000000000000 ) ) ;
#458 = CARTESIAN_POINT ( 'NONE',  ( -15.48330588825709242, 2.882942067383044371, 10.47736374264702341 ) ) ;
#459 = CARTESIAN_POINT ( 'NONE',  ( -16.59129827578624017, 2.373741821289922616, -9.191978647703534122 ) ) ;
#460 = FACE_OUTER_BOUND ( 'NONE', #1599, .T. ) ;
#461 = FACE_OUTER_BOUND ( 'NONE', #1866, .T. ) ;
#462 = CARTESIAN_POINT ( 'NONE',  ( -14.88729878395159467, 2.800000000000000266, 10.23234356670136158 ) ) ;
#463 = VERTEX_POINT ( 'NONE', #1424 ) ;
#464 = CARTESIAN_POINT ( 'NONE',  ( 15.15544456622817293, 0.000000000000000000, 9.650000000000865441 ) ) ;
#465 = DIRECTION ( 'NONE',  ( 0.000000000000000000, 0.000000000000000000, 1.000000000000000000 ) ) ;
#466 = AXIS2_PLACEMENT_3D ( 'NONE', #811, #607, #352 ) ;
#467 = CARTESIAN_POINT ( 'NONE',  ( -0.8862702709748744301, 0.000000000000000000, -17.34339538071114362 ) ) ;
#468 = DIRECTION ( 'NONE',  ( -0.7137078831287327896, 0.000000000000000000, -0.7004434720660213110 ) ) ;
#469 = AXIS2_PLACEMENT_3D ( 'NONE', #2703, #2501, #2541 ) ;
#470 = CARTESIAN_POINT ( 'NONE',  ( -16.20610977432752264, 3.000000000000000000, 7.679438175304792225 ) ) ;
#471 = CARTESIAN_POINT ( 'NONE',  ( -16.50160625626208244, 3.000000000000000000, -7.679717478013433407 ) ) ;
#472 = DIRECTION ( 'NONE',  ( -0.000000000000000000, 1.000000000000000000, -0.000000000000000000 ) ) ;
#473 = ORIENTED_EDGE ( 'NONE', *, *, #1420, .F. ) ;
#474 = EDGE_CURVE ( 'NONE', #302, #16, #425, .T. ) ;
#475 = CARTESIAN_POINT ( 'NONE',  ( 0.5527341390523188291, 2.811191089068446392, 18.90055359029376802 ) ) ;
#476 = CARTESIAN_POINT ( 'NONE',  ( 0.3385379451646600146, 2.370114362790190388, -18.97047376513218353 ) ) ;
#477 = CIRCLE ( 'NONE', #1990, 17.36602540378444104 ) ;
#478 = EDGE_LOOP ( 'NONE', ( #2278, #332, #2292, #1035 ) ) ;
#479 = CARTESIAN_POINT ( 'NONE',  ( -0.8862702709768398579, 0.000000000000000000, 17.34339538071104414 ) ) ;
#480 = CARTESIAN_POINT ( 'NONE',  ( 14.32779057901421105, 0.05846855033974064642, 9.145921810624251691 ) ) ;
#481 = FACE_OUTER_BOUND ( 'NONE', #160, .T. ) ;
#482 = CIRCLE ( 'NONE', #1659, 0.2000000000000000944 ) ;
#483 = CARTESIAN_POINT ( 'NONE',  ( -16.45203271107653009, 2.987888903789512884, 7.975615355493171243 ) ) ;
#484 = CARTESIAN_POINT ( 'NONE',  ( -16.95306703832949324, 2.685180062054524974, -8.751465127265534605 ) ) ;
#485 = CARTESIAN_POINT ( 'NONE',  ( -15.15544456622619052, 1.799999999999999600, -9.650000000000863665 ) ) ;
#486 = ORIENTED_EDGE ( 'NONE', *, *, #1001, .T. ) ;
#487 = AXIS2_PLACEMENT_3D ( 'NONE', #1450, #2638, #765 ) ;
#488 = CARTESIAN_POINT ( 'NONE',  ( -16.36316810284147749, 2.348488963719528755, 9.643546226777727881 ) ) ;
#489 = EDGE_CURVE ( 'NONE', #1320, #2445, #538, .T. ) ;
#490 = CARTESIAN_POINT ( 'NONE',  ( 1.410119393022248868, 2.799999967012387625, 18.03880745649662387 ) ) ;
#491 = CARTESIAN_POINT ( 'NONE',  ( -0.7911227042250332797, 2.516808861919861862, 18.78444019729117898 ) ) ;
#492 = ORIENTED_EDGE ( 'NONE', *, *, #1038, .T. ) ;
#493 = CARTESIAN_POINT ( 'NONE',  ( 15.15544456622869340, 2.799999999999999822, -8.749999999998248512 ) ) ;
#494 = DIRECTION ( 'NONE',  ( 0.000000000000000000, 0.000000000000000000, 1.000000000000000000 ) ) ;
#495 = CARTESIAN_POINT ( 'NONE',  ( -14.50729840600206799, 0.3291297340658697057, 8.118417052354065078 ) ) ;
#496 = CARTESIAN_POINT ( 'NONE',  ( -16.28011405770445563, 2.602216458436652946, 10.17450572999110747 ) ) ;
#497 = AXIS2_PLACEMENT_3D ( 'NONE', #1764, #1975, #1810 ) ;
#498 = CARTESIAN_POINT ( 'NONE',  ( -15.15544456622875025, 1.800000000000000266, 8.749999999998145483 ) ) ;
#499 = ORIENTED_EDGE ( 'NONE', *, *, #882, .F. ) ;
#500 = CARTESIAN_POINT ( 'NONE',  ( -16.26020221488008843, 2.791726793965226605, 9.771047179483062450 ) ) ;
#501 = CARTESIAN_POINT ( 'NONE',  ( 0.1276762618208688860, 2.788352425393670675, 18.99663165145519272 ) ) ;
#502 = CARTESIAN_POINT ( 'NONE',  ( 16.20610977432746935, 2.799999999999999822, -7.679438175304897918 ) ) ;
#503 = ORIENTED_EDGE ( 'NONE', *, *, #1770, .T. ) ;
#504 = CARTESIAN_POINT ( 'NONE',  ( 15.15544456622663994, 1.800000000000000266, 8.750000000001787015 ) ) ;
#505 = EDGE_CURVE ( 'NONE', #1938, #2647, #1856, .T. ) ;
#506 = DIRECTION ( 'NONE',  ( 0.000000000000000000, 0.000000000000000000, -1.000000000000000000 ) ) ;
#507 = DIRECTION ( 'NONE',  ( -0.000000000000000000, 1.000000000000000000, -0.000000000000000000 ) ) ;
#508 = CARTESIAN_POINT ( 'NONE',  ( 0.000000000000000000, 1.000000000000000000, 0.000000000000000000 ) ) ;
#509 = AXIS2_PLACEMENT_3D ( 'NONE', #1833, #2639, #2697 ) ;
#510 = ORIENTED_EDGE ( 'NONE', *, *, #2475, .F. ) ;
#511 = CARTESIAN_POINT ( 'NONE',  ( -15.10753889055392740, 2.969690898158455550, 10.48056665569492196 ) ) ;
#512 = CARTESIAN_POINT ( 'NONE',  ( 0.7874563980029476440, 2.516662051579792170, 18.77922827152076479 ) ) ;
#513 = CARTESIAN_POINT ( 'NONE',  ( 15.19192523794149707, 2.949337904941009558, 10.47827486311269318 ) ) ;
#514 = EDGE_CURVE ( 'NONE', #1471, #659, #796, .T. ) ;
#515 = AXIS2_PLACEMENT_3D ( 'NONE', #2332, #1307, #854 ) ;
#516 = DIRECTION ( 'NONE',  ( -0.000000000000000000, -1.000000000000000000, -0.000000000000000000 ) ) ;
#517 = EDGE_CURVE ( 'NONE', #1555, #1086, #1845, .T. ) ;
#518 = ORIENTED_EDGE ( 'NONE', *, *, #2213, .T. ) ;
#519 = CARTESIAN_POINT ( 'NONE',  ( -16.84221206591187325, 2.490546274112892089, 9.495502818681277546 ) ) ;
#520 = DIRECTION ( 'NONE',  ( -0.000000000000000000, 1.000000000000000000, -0.000000000000000000 ) ) ;
#521 = ORIENTED_EDGE ( 'NONE', *, *, #1287, .F. ) ;
#522 = CARTESIAN_POINT ( 'NONE',  ( -15.66367584988414130, 2.895280287009013964, 10.17276598118756148 ) ) ;
#523 = CARTESIAN_POINT ( 'NONE',  ( 15.15544456622869340, 1.800000000000000266, -8.749999999998248512 ) ) ;
#524 = CARTESIAN_POINT ( 'NONE',  ( 1.646128519294200565, 3.000000000000000000, 17.92457142857162822 ) ) ;
#525 = DIRECTION ( 'NONE',  ( 0.000000000000000000, 0.000000000000000000, 1.000000000000000000 ) ) ;
#526 = EDGE_LOOP ( 'NONE', ( #1100, #285 ) ) ;
#527 = CARTESIAN_POINT ( 'NONE',  ( 1.983090264432757922E-12, 2.799999999999999822, -17.50000000000000000 ) ) ;
#528 = CARTESIAN_POINT ( 'NONE',  ( 0.08319124685555356891, 2.341603693873964609, -19.00004014578017220 ) ) ;
#529 = VERTEX_POINT ( 'NONE', #6 ) ;
#530 = ADVANCED_FACE ( 'NONE', ( #848 ), #810, .T. ) ;
#531 = CARTESIAN_POINT ( 'NONE',  ( -16.95114128767170669, 2.693695232010440144, 8.726133466941858430 ) ) ;
#532 = CARTESIAN_POINT ( 'NONE',  ( 15.15544456622916591, 10.50000000000000000, -8.749999999999140243 ) ) ;
#533 = ORIENTED_EDGE ( 'NONE', *, *, #920, .F. ) ;
#534 = CARTESIAN_POINT ( 'NONE',  ( 16.25613615784829591, 2.373741821289961695, -9.772496464744376610 ) ) ;
#535 = CARTESIAN_POINT ( 'NONE',  ( -16.20610977432561839, 2.799999999999999822, -7.679438175308797909 ) ) ;
#536 = CARTESIAN_POINT ( 'NONE',  ( -14.75364343376969600, 2.799999999999999822, -10.19518367343457044 ) ) ;
#537 = FACE_OUTER_BOUND ( 'NONE', #2556, .T. ) ;
#538 = CIRCLE ( 'NONE', #230, 15.50000000000000000 ) ;
#539 = AXIS2_PLACEMENT_3D ( 'NONE', #774, #2241, #168 ) ;
#540 = ORIENTED_EDGE ( 'NONE', *, *, #655, .F. ) ;
#541 = LINE ( 'NONE', #1344, #2649 ) ;
#542 = CARTESIAN_POINT ( 'NONE',  ( 1.109700569935254899, 2.932981985113045198, -18.52876340056906912 ) ) ;
#543 = ORIENTED_EDGE ( 'NONE', *, *, #1563, .F. ) ;
#544 = CIRCLE ( 'NONE', #1111, 1.700000000000000178 ) ;
#545 = CARTESIAN_POINT ( 'NONE',  ( 14.42735474431171383, 1.052014920489840627E-15, -9.313834314367921863 ) ) ;
#546 = CARTESIAN_POINT ( 'NONE',  ( -15.41568070039888028, 2.687914681769768332, -10.23631291694435319 ) ) ;
#547 = ORIENTED_EDGE ( 'NONE', *, *, #265, .T. ) ;
#548 = EDGE_CURVE ( 'NONE', #2618, #869, #1583, .T. ) ;
#549 = CARTESIAN_POINT ( 'NONE',  ( 16.91875649136381199, 2.546216698564964798, -9.223030036051646618 ) ) ;
#550 = CARTESIAN_POINT ( 'NONE',  ( 0.7200467198504427735, 0.07870298929479120631, 16.94992735617990931 ) ) ;
#551 = CARTESIAN_POINT ( 'NONE',  ( -0.7903166905157092970, 2.516446444577441710, 18.78505776624423973 ) ) ;
#552 = CARTESIAN_POINT ( 'NONE',  ( 16.49529996449002311, 3.000000000000000000, 7.673913813361409986 ) ) ;
#553 = ORIENTED_EDGE ( 'NONE', *, *, #2343, .F. ) ;
#554 = CIRCLE ( 'NONE', #1644, 18.00000000000000355 ) ;
#555 = EDGE_CURVE ( 'NONE', #1690, #2647, #1711, .T. ) ;
#556 = EDGE_LOOP ( 'NONE', ( #2394, #1057, #736, #1141, #1606 ) ) ;
#557 = FACE_OUTER_BOUND ( 'NONE', #1477, .T. ) ;
#558 = CARTESIAN_POINT ( 'NONE',  ( 0.6952620333186921853, 2.831213902603386234, -18.84530736116447969 ) ) ;
#559 = ORIENTED_EDGE ( 'NONE', *, *, #2167, .T. ) ;
#560 = CARTESIAN_POINT ( 'NONE',  ( -0.1704386277772087233, 2.348520042078009684, -18.99266063617088562 ) ) ;
#561 = AXIS2_PLACEMENT_3D ( 'NONE', #2603, #1138, #962 ) ;
#562 = FACE_OUTER_BOUND ( 'NONE', #184, .T. ) ;
#563 = ORIENTED_EDGE ( 'NONE', *, *, #1770, .F. ) ;
#564 = ORIENTED_EDGE ( 'NONE', *, *, #2532, .F. ) ;
#565 = CARTESIAN_POINT ( 'NONE',  ( 16.64180833007312543, 2.895186646248947060, -8.479206377668683459 ) ) ;
#566 = FACE_OUTER_BOUND ( 'NONE', #1449, .T. ) ;
#567 = CARTESIAN_POINT ( 'NONE',  ( -16.59695318027042532, 2.659210410967831173, 8.310507029319960992 ) ) ;
#568 = DIRECTION ( 'NONE',  ( 0.000000000000000000, 1.000000000000000000, 0.000000000000000000 ) ) ;
#569 = AXIS2_PLACEMENT_3D ( 'NONE', #2336, #671, #2545 ) ;
#570 = EDGE_CURVE ( 'NONE', #1667, #341, #716, .T. ) ;
#571 = EDGE_LOOP ( 'NONE', ( #2002, #2222, #1993, #1126, #2308 ) ) ;
#572 = AXIS2_PLACEMENT_3D ( 'NONE', #860, #1692, #2293 ) ;
#573 = CARTESIAN_POINT ( 'NONE',  ( 16.43217018328501666, 2.550738497480498967, -10.05398326183544100 ) ) ;
#574 = CARTESIAN_POINT ( 'NONE',  ( -1.404593252271036707, 3.006894317763384450, -18.06023306773565906 ) ) ;
#575 = ORIENTED_EDGE ( 'NONE', *, *, #1821, .T. ) ;
#576 = CARTESIAN_POINT ( 'NONE',  ( -16.34619846873882310, 3.000000000000000000, -7.536696598683051640 ) ) ;
#577 = DIRECTION ( 'NONE',  ( 0.000000000000000000, 0.000000000000000000, -1.000000000000000000 ) ) ;
#578 = ORIENTED_EDGE ( 'NONE', *, *, #570, .F. ) ;
#579 = B_SPLINE_CURVE_WITH_KNOTS ( 'NONE', 3,
 ( #1882, #662, #480, #1694, #229, #1919, #2337, #1311, #2295, #1717, #1480, #1670, #633, #1466, #426, #2143 ),
 .UNSPECIFIED., .F., .F.,
 ( 4, 2, 2, 2, 2, 2, 2, 4 ),
 ( 0.000000000000000000, 0.0005748385706294062902, 0.0008622578559441116579, 0.001149677141258817134, 0.001437096426573522719, 0.001724515711888228086, 0.002011934997202933454, 0.002299354282517639039 ),
 .UNSPECIFIED. ) ;
#580 = CARTESIAN_POINT ( 'NONE',  ( 16.82604501814357789, 2.875460743298317023, -8.194395184607371263 ) ) ;
#581 = CARTESIAN_POINT ( 'NONE',  ( -15.15544456622875025, 3.000000000000000000, 8.749999999998145483 ) ) ;
#582 = CARTESIAN_POINT ( 'NONE',  ( -0.4137155823066597238, 2.391595032701416379, 18.94415483634498898 ) ) ;
#583 = FACE_OUTER_BOUND ( 'NONE', #556, .T. ) ;
#584 = ORIENTED_EDGE ( 'NONE', *, *, #348, .F. ) ;
#585 = CIRCLE ( 'NONE', #2465, 0.9000000000000014655 ) ;
#586 = CARTESIAN_POINT ( 'NONE',  ( 0.4982364216524060030, 0.2074229033362594843, -16.74381710431778458 ) ) ;
#587 = ADVANCED_FACE ( 'NONE', ( #566, #2004 ), #1190, .T. ) ;
#588 = CARTESIAN_POINT ( 'NONE',  ( -0.9189041218127022015, 2.693863353303825203, -19.04288788192019055 ) ) ;
#589 = CARTESIAN_POINT ( 'NONE',  ( -0.8545572056519024073, 2.545415502743303193, -18.73540033419940798 ) ) ;
#590 = ORIENTED_EDGE ( 'NONE', *, *, #2045, .T. ) ;
#591 = DIRECTION ( 'NONE',  ( 0.000000000000000000, 1.000000000000000000, 0.000000000000000000 ) ) ;
#592 = EDGE_CURVE ( 'NONE', #2445, #1813, #1059, .T. ) ;
#593 = CARTESIAN_POINT ( 'NONE',  ( -15.15544456622619052, 1.799999999999999600, -8.750000000000865086 ) ) ;
#594 = FACE_OUTER_BOUND ( 'NONE', #2671, .T. ) ;
#595 = DIRECTION ( 'NONE',  ( -0.9634557822885168044, 0.000000000000000000, 0.2678674216376865092 ) ) ;
#596 = CIRCLE ( 'NONE', #22, 15.50000000000000000 ) ;
#597 = ORIENTED_EDGE ( 'NONE', *, *, #837, .T. ) ;
#598 = CARTESIAN_POINT ( 'NONE',  ( 0.2185829246536676040, 0.3296160242939379925, -16.62094186558699604 ) ) ;
#599 = AXIS2_PLACEMENT_3D ( 'NONE', #1432, #1995, #1195 ) ;
#600 = CARTESIAN_POINT ( 'NONE',  ( -0.2013824057989126726, 2.498937513595244742, -19.32347659944808171 ) ) ;
#601 = EDGE_CURVE ( 'NONE', #3, #1107, #1279, .T. ) ;
#602 = CARTESIAN_POINT ( 'NONE',  ( 16.89594549499773279, 2.526379804078773716, 9.313298250444342230 ) ) ;
#603 = EDGE_LOOP ( 'NONE', ( #2271, #1201, #1522, #2214, #1281 ) ) ;
#604 = CARTESIAN_POINT ( 'NONE',  ( -16.88364644438856743, 2.822068029376376685, -8.350988349289659496 ) ) ;
#605 = ADVANCED_FACE ( 'NONE', ( #1602, #1797 ), #1382, .T. ) ;
#606 = DIRECTION ( 'NONE',  ( 0.000000000000000000, -1.000000000000000000, 0.000000000000000000 ) ) ;
#607 = DIRECTION ( 'NONE',  ( 0.000000000000000000, 1.000000000000000000, 0.000000000000000000 ) ) ;
#608 = ORIENTED_EDGE ( 'NONE', *, *, #689, .F. ) ;
#609 = CIRCLE ( 'NONE', #1521, 0.1999999999999999278 ) ;
#610 = DIRECTION ( 'NONE',  ( 0.000000000000000000, -1.000000000000000000, 0.000000000000000000 ) ) ;
#611 = CARTESIAN_POINT ( 'NONE',  ( 16.34619846874063853, 2.799999999999999822, -7.536696598679117010 ) ) ;
#612 = ORIENTED_EDGE ( 'NONE', *, *, #592, .T. ) ;
#613 = CARTESIAN_POINT ( 'NONE',  ( 14.75364343376976883, 2.799999999999999822, 10.19518367343446741 ) ) ;
#614 = CARTESIAN_POINT ( 'NONE',  ( 16.67041483826224280, 2.949337904941009114, -7.917455756894977270 ) ) ;
#616 = ORIENTED_EDGE ( 'NONE', *, *, #1835, .T. ) ;
#615 = CARTESIAN_POINT ( 'NONE',  ( 1.623978209117059368, 2.999999999999998668, -18.02347825760617539 ) ) ;
#617 = CIRCLE ( 'NONE', #2140, 18.00000000000000355 ) ;
#618 = ORIENTED_EDGE ( 'NONE', *, *, #441, .T. ) ;
#619 = CARTESIAN_POINT ( 'NONE',  ( -16.50975834371215001, 2.524551347211081875, -9.992117650185125655 ) ) ;
#620 =( NAMED_UNIT ( * ) PLANE_ANGLE_UNIT ( ) SI_UNIT ( $, .RADIAN. ) );
#621 = CARTESIAN_POINT ( 'NONE',  ( 1.529453875908686200, 2.972415055219027824, 18.30780929147373470 ) ) ;
#622 = ADVANCED_FACE ( 'NONE', ( #2410 ), #758, .T. ) ;
#623 = DIRECTION ( 'NONE',  ( 0.000000000000000000, 1.000000000000000000, 0.000000000000000000 ) ) ;
#624 = CARTESIAN_POINT ( 'NONE',  ( 16.54836149035163118, 2.706355630337268448, -8.173960478009014707 ) ) ;
#625 = ORIENTED_EDGE ( 'NONE', *, *, #1566, .T. ) ;
#626 = CARTESIAN_POINT ( 'NONE',  ( 16.20610977432566813, 2.799999999999999822, 7.679438175308684222 ) ) ;
#628 = ORIENTED_EDGE ( 'NONE', *, *, #1038, .F. ) ;
#627 = CARTESIAN_POINT ( 'NONE',  ( 0.1992061111266997253, 2.490711984999633977, -19.33333333333358439 ) ) ;
#629 = EDGE_LOOP ( 'NONE', ( #639, #612, #148, #953 ) ) ;
#630 = CARTESIAN_POINT ( 'NONE',  ( -16.34619846874068472, 3.000000000000000000, 7.536696598679007764 ) ) ;
#631 = AXIS2_PLACEMENT_3D ( 'NONE', #1261, #877, #2089 ) ;
#632 = SURFACE_SIDE_STYLE ('',( #1273 ) ) ;
#633 = CARTESIAN_POINT ( 'NONE',  ( 14.80338727579375302, 0.1812041521962282076, 7.917017944075873004 ) ) ;
#634 = DIRECTION ( 'NONE',  ( 0.000000000000000000, 0.000000000000000000, 1.000000000000000000 ) ) ;
#635 = CARTESIAN_POINT ( 'NONE',  ( -16.64417613077771918, 2.436030913322240643, -8.951062305331541680 ) ) ;
#636 = EDGE_CURVE ( 'NONE', #2652, #16, #843, .T. ) ;
#637 = CYLINDRICAL_SURFACE ( 'NONE', #631, 1.500000000000001332 ) ;
#638 = CIRCLE ( 'NONE', #1372, 16.50000000000000000 ) ;
#639 = ORIENTED_EDGE ( 'NONE', *, *, #2045, .F. ) ;
#640 = CARTESIAN_POINT ( 'NONE',  ( 14.91681978368841577, 2.799999970237993185, 10.24055122317419020 ) ) ;
#641 = EDGE_CURVE ( 'NONE', #2530, #2715, #2389, .T. ) ;
#642 = UNCERTAINTY_MEASURE_WITH_UNIT (LENGTH_MEASURE( 1.000000000000000082E-05 ), #1465, 'distance_accuracy_value', 'NONE');
#643 = LINE ( 'NONE', #1474, #2348 ) ;
#644 = AXIS2_PLACEMENT_3D ( 'NONE', #2085, #2561, #2311 ) ;
#646 = ORIENTED_EDGE ( 'NONE', *, *, #932, .F. ) ;
#645 = CARTESIAN_POINT ( 'NONE',  ( 0.6700805846610770056, 2.601818638828793606, -19.18681565769412956 ) ) ;
#647 = VERTEX_POINT ( 'NONE', #2225 ) ;
#648 = CYLINDRICAL_SURFACE ( 'NONE', #961, 0.8999999999999998002 ) ;
#649 = PRESENTATION_STYLE_ASSIGNMENT (( #2310 ) ) ;
#650 = CARTESIAN_POINT ( 'NONE',  ( -15.36241033584850690, -3.664804176034573475E-16, -7.867610715088787288 ) ) ;
#651 = CARTESIAN_POINT ( 'NONE',  ( -16.64054982926232640, 2.497916581428644811, -9.827129920695291787 ) ) ;
#652 = DIRECTION ( 'NONE',  ( -0.000000000000000000, -1.000000000000000000, -0.000000000000000000 ) ) ;
#653 = CIRCLE ( 'NONE', #2170, 1.500000000000001332 ) ;
#654 = CARTESIAN_POINT ( 'NONE',  ( -1.044530868869070206, 2.631112187551575055, 18.58840112896782060 ) ) ;
#655 = EDGE_CURVE ( 'NONE', #1107, #1690, #2616, .T. ) ;
#656 = CARTESIAN_POINT ( 'NONE',  ( -15.15544456622658309, 1.800000000000000266, -8.750000000001895373 ) ) ;
#658 = ORIENTED_EDGE ( 'NONE', *, *, #1927, .T. ) ;
#657 = CARTESIAN_POINT ( 'NONE',  ( 0.9192374520555250950, 2.693992835370824235, -19.04267674653613085 ) ) ;
#659 = VERTEX_POINT ( 'NONE', #1177 ) ;
#660 = DIRECTION ( 'NONE',  ( 0.9634557822884536327, -0.000000000000000000, 0.2678674216379137718 ) ) ;
#661 = DIRECTION ( 'NONE',  ( 0.000000000000000000, -1.000000000000000000, 0.000000000000000000 ) ) ;
#662 = CARTESIAN_POINT ( 'NONE',  ( 14.42734897855205389, -7.623296525288699970E-18, 9.313829472761133488 ) ) ;
#663 = CARTESIAN_POINT ( 'NONE',  ( 14.70006994944460743, 3.000000000000000000, -10.38787482988872313 ) ) ;
#664 = CARTESIAN_POINT ( 'NONE',  ( -14.42734897855094189, 9.035018104045980703E-18, -9.313829472762337858 ) ) ;
#665 = CARTESIAN_POINT ( 'NONE',  ( -16.65701694560534563, 2.516662051579853898, -8.707656890717519360 ) ) ;
#666 = CARTESIAN_POINT ( 'NONE',  ( -15.15544456622619052, 1.799999999999999600, -7.850000000000864731 ) ) ;
#667 = DIRECTION ( 'NONE',  ( 0.000000000000000000, -1.000000000000000000, 0.000000000000000000 ) ) ;
#668 = CARTESIAN_POINT ( 'NONE',  ( 0.000000000000000000, 1.500000000000000000, 0.000000000000000000 ) ) ;
#669 = ORIENTED_EDGE ( 'NONE', *, *, #29, .T. ) ;
#670 = CARTESIAN_POINT ( 'NONE',  ( 16.21340310726488099, 2.383716921746647177, 9.824240937925589279 ) ) ;
#671 = DIRECTION ( 'NONE',  ( 0.000000000000000000, 1.000000000000000000, 0.000000000000000000 ) ) ;
#672 = DIRECTION ( 'NONE',  ( 0.000000000000000000, 1.000000000000000000, 0.000000000000000000 ) ) ;
#673 = MECHANICAL_DESIGN_GEOMETRIC_PRESENTATION_REPRESENTATION (  '', ( #313 ), #1541 ) ;
#674 = DIRECTION ( 'NONE',  ( 0.9683108937037078201, 0.000000000000000000, 0.2497478991597862630 ) ) ;
#675 = CARTESIAN_POINT ( 'NONE',  ( 0.000000000000000000, 3.000000000000000000, 0.000000000000000000 ) ) ;
#676 = ADVANCED_FACE ( 'NONE', ( #137, #297 ), #1136, .T. ) ;
#677 = CARTESIAN_POINT ( 'NONE',  ( -16.25763009072455390, 2.373292553270842209, -9.770931535198682738 ) ) ;
#678 = DIRECTION ( 'NONE',  ( -0.2678674216376967787, 0.000000000000000000, -0.9634557822885139178 ) ) ;
#679 = CARTESIAN_POINT ( 'NONE',  ( -15.50913373762559822, 2.875701266815302581, 10.47484076895803540 ) ) ;
#680 = CARTESIAN_POINT ( 'NONE',  ( 0.9737783875178027682, 2.717128330482525111, 19.00273749580654936 ) ) ;
#681 = DIRECTION ( 'NONE',  ( 0.000000000000000000, 0.000000000000000000, -1.000000000000000000 ) ) ;
#682 = VERTEX_POINT ( 'NONE', #730 ) ;
#683 = CARTESIAN_POINT ( 'NONE',  ( 16.59689216849841031, 2.659300151229579523, 8.310254005872458549 ) ) ;
#684 = EDGE_CURVE ( 'NONE', #1962, #306, #1755, .T. ) ;
#685 = CARTESIAN_POINT ( 'NONE',  ( 15.02210146301474047, 2.781951618303255103, 10.25000000000180833 ) ) ;
#686 = AXIS2_PLACEMENT_3D ( 'NONE', #527, #1335, #494 ) ;
#687 = DIRECTION ( 'NONE',  ( 0.000000000000000000, 0.000000000000000000, 1.000000000000000000 ) ) ;
#688 = DIRECTION ( 'NONE',  ( -0.7004434720660213110, 0.000000000000000000, 0.7137078831287327896 ) ) ;
#689 = EDGE_CURVE ( 'NONE', #1233, #2434, #1628, .T. ) ;
#690 = CARTESIAN_POINT ( 'NONE',  ( -16.63247303231831609, 2.968840824838236525, 7.846781665618887125 ) ) ;
#691 = CARTESIAN_POINT ( 'NONE',  ( -16.22682952376444732, 2.619552970156101335, -10.21988067143554169 ) ) ;
#692 = FACE_OUTER_BOUND ( 'NONE', #983, .T. ) ;
#693 = ORIENTED_EDGE ( 'NONE', *, *, #947, .F. ) ;
#694 = CARTESIAN_POINT ( 'NONE',  ( -14.75364343377221843, 2.799999999999999822, 10.19518367343091825 ) ) ;
#695 = CARTESIAN_POINT ( 'NONE',  ( 1.599972698284317651, 3.000000000000000000, 18.13066896017789986 ) ) ;
#696 = CARTESIAN_POINT ( 'NONE',  ( -14.75364343376969600, 2.799999999999999822, -10.19518367343457044 ) ) ;
#697 = AXIS2_PLACEMENT_3D ( 'NONE', #5, #847, #432 ) ;
#698 = ORIENTED_EDGE ( 'NONE', *, *, #1070, .T. ) ;
#699 = CARTESIAN_POINT ( 'NONE',  ( 1.983090264432757922E-12, 0.000000000000000000, -17.50000000000000000 ) ) ;
#700 = CARTESIAN_POINT ( 'NONE',  ( -1.478637115181146378, 2.949401441100423238, 18.39543734343040882 ) ) ;
#701 = CARTESIAN_POINT ( 'NONE',  ( -15.15544456622719061, 0.000000000000000000, 8.749999999999131362 ) ) ;
#702 = AXIS2_PLACEMENT_3D ( 'NONE', #2591, #2362, #1354 ) ;
#703 = CARTESIAN_POINT ( 'NONE',  ( -16.34619846873882310, 3.000000000000000000, -7.536696598683051640 ) ) ;
#704 = DIRECTION ( 'NONE',  ( 0.000000000000000000, -0.000000000000000000, 1.000000000000000000 ) ) ;
#705 = ADVANCED_FACE ( 'NONE', ( #2497, #594 ), #412, .T. ) ;
#706 = ORIENTED_EDGE ( 'NONE', *, *, #2475, .T. ) ;
#707 = AXIS2_PLACEMENT_3D ( 'NONE', #1337, #2576, #2586 ) ;
#708 = CARTESIAN_POINT ( 'NONE',  ( 16.32698739986889080, 2.799999970237993185, -7.798069264761445574 ) ) ;
#709 = CARTESIAN_POINT ( 'NONE',  ( 0.8545572056517564130, 2.545415502743364478, 18.73540033419942219 ) ) ;
#710 = CARTESIAN_POINT ( 'NONE',  ( 0.000000000000000000, 3.000000000000000000, 0.000000000000000000 ) ) ;
#711 = EDGE_CURVE ( 'NONE', #2199, #1171, #2331, .T. ) ;
#712 = VERTEX_POINT ( 'NONE', #2713 ) ;
#713 = CARTESIAN_POINT ( 'NONE',  ( -0.7569646496206109409, 2.631807686386138823, 19.14294910031103214 ) ) ;
#714 = DIRECTION ( 'NONE',  ( 0.000000000000000000, 0.000000000000000000, -1.000000000000000000 ) ) ;
#715 = CARTESIAN_POINT ( 'NONE',  ( 14.26151163453040205, 0.1697374267621379051, -8.886981155796261689 ) ) ;
#716 = CIRCLE ( 'NONE', #407, 0.9000000000000014655 ) ;
#717 = CARTESIAN_POINT ( 'NONE',  ( -15.08864980274780621, 2.771956729553094245, -10.25744399304799082 ) ) ;
#718 = ORIENTED_EDGE ( 'NONE', *, *, #1720, .T. ) ;
#719 = CARTESIAN_POINT ( 'NONE',  ( -15.41530818906726630, 2.688131153950973129, 10.23654749369161721 ) ) ;
#720 = DIRECTION ( 'NONE',  ( -0.000000000000000000, -1.000000000000000000, -0.000000000000000000 ) ) ;
#721 = CARTESIAN_POINT ( 'NONE',  ( 16.90032057582477165, 2.529238404831041453, 9.298430585347045252 ) ) ;
#722 = EDGE_LOOP ( 'NONE', ( #2351, #2204, #616, #1356, #942 ) ) ;
#723 = CARTESIAN_POINT ( 'NONE',  ( -1.209549978221146294, 2.822015500551200429, 18.79728933631052001 ) ) ;
#724 = ORIENTED_EDGE ( 'NONE', *, *, #245, .T. ) ;
#725 = CYLINDRICAL_SURFACE ( 'NONE', #1220, 1.500000000000001332 ) ;
#726 = DIRECTION ( 'NONE',  ( -0.000000000000000000, -1.000000000000000000, -0.000000000000000000 ) ) ;
#727 = CIRCLE ( 'NONE', #2691, 0.8999999999999998002 ) ;
#728 = ORIENTED_EDGE ( 'NONE', *, *, #1181, .F. ) ;
#729 = CARTESIAN_POINT ( 'NONE',  ( -16.53186136752294288, 2.348124926031387449, 9.352155228396288322 ) ) ;
#730 = CARTESIAN_POINT ( 'NONE',  ( 2.449293598294706513E-15, 0.000000000000000000, 20.00000000000000000 ) ) ;
#731 = CARTESIAN_POINT ( 'NONE',  ( 1.404593252270689874, 3.006894317763616709, 18.06023306773585801 ) ) ;
#732 = CARTESIAN_POINT ( 'NONE',  ( 16.28212555955417784, 2.601496205604379330, 10.17309192432176168 ) ) ;
#733 = EDGE_CURVE ( 'NONE', #1167, #2407, #2680, .T. ) ;
#734 = CARTESIAN_POINT ( 'NONE',  ( -1.646128519298511783, 3.000000000000000000, 17.92457142857123387 ) ) ;
#735 = CARTESIAN_POINT ( 'NONE',  ( 0.2609559470318849050, 2.789690403732768331, -18.98032586110469566 ) ) ;
#736 = ORIENTED_EDGE ( 'NONE', *, *, #1099, .T. ) ;
#737 = CARTESIAN_POINT ( 'NONE',  ( 14.96951746694993091, 0.09708428112618501526, -7.849999999999137223 ) ) ;
#738 = CARTESIAN_POINT ( 'NONE',  ( -15.66411229202887512, 2.895186646248957718, -10.17262558992099919 ) ) ;
#739 = VERTEX_POINT ( 'NONE', #826 ) ;
#740 = CLOSED_SHELL ( 'NONE', ( #2235, #2010, #1231, #2419, #277, #324, #2408, #1714, #1489, #2696, #1269, #1524, #622, #1351, #1503, #2084, #1808, #164, #1899, #1345, #2543, #1605, #2339, #1130, #1166, #1453, #2546, #1650, #194, #2510, #1671, #1266, #1880, #1996, #676, #1619, #879, #27, #605, #2179, #587, #1015, #1321, #805, #2245, #1802, #2253, #291, #2061, #819, #149, #1886, #2120, #1753, #705, #530, #1436, #1917, #307, #2035 ) ) ;
#741 = CARTESIAN_POINT ( 'NONE',  ( 16.89529980276459042, 2.525880617796025351, -9.315693849618931210 ) ) ;
#742 = CARTESIAN_POINT ( 'NONE',  ( -16.48676079352211232, 2.335578187658123639, -9.457783968819077458 ) ) ;
#743 = CARTESIAN_POINT ( 'NONE',  ( -1.157066676961050256, 2.687914681769933534, 18.46852756164713583 ) ) ;
#744 = CIRCLE ( 'NONE', #487, 20.00000000000000000 ) ;
#745 = CARTESIAN_POINT ( 'NONE',  ( 16.88364644438861717, 2.822068029376377574, 8.350988349289538704 ) ) ;
#746 = ORIENTED_EDGE ( 'NONE', *, *, #2213, .F. ) ;
#747 = CARTESIAN_POINT ( 'NONE',  ( -1.594747225509261623, 2.993069939411737934, 18.11932523484770385 ) ) ;
#748 = EDGE_CURVE ( 'NONE', #1171, #211, #1744, .T. ) ;
#749 = CARTESIAN_POINT ( 'NONE',  ( 1.045267354901460832, 2.631443243764183926, -18.58783734568660506 ) ) ;
#750 = ORIENTED_EDGE ( 'NONE', *, *, #2167, .F. ) ;
#751 = CARTESIAN_POINT ( 'NONE',  ( -15.36220704405261372, 0.000000000000000000, 7.867536806362665835 ) ) ;
#752 = CARTESIAN_POINT ( 'NONE',  ( -0.8669844619703199751, 0.000000000000000000, 17.23425147900609034 ) ) ;
#753 = ORIENTED_EDGE ( 'NONE', *, *, #99, .F. ) ;
#754 = CARTESIAN_POINT ( 'NONE',  ( 16.56792234133933306, 2.789690403732557389, -9.264168451153881989 ) ) ;
#755 = CARTESIAN_POINT ( 'NONE',  ( -16.59689216849834636, 2.659300151229580855, -8.310254005872574012 ) ) ;
#756 = CARTESIAN_POINT ( 'NONE',  ( -16.40842276576487890, 2.777047490333246049, 7.912095041253487615 ) ) ;
#757 = CARTESIAN_POINT ( 'NONE',  ( -1.646128519298512005, 2.799999999999999822, 17.92457142857123742 ) ) ;
#758 = TOROIDAL_SURFACE ( 'NONE', #2013, 18.00000000000000355, 2.000000000000000000 ) ;
#759 = AXIS2_PLACEMENT_3D ( 'NONE', #1461, #1007, #1487 ) ;
#760 = ORIENTED_EDGE ( 'NONE', *, *, #1066, .F. ) ;
#761 = CARTESIAN_POINT ( 'NONE',  ( 14.89345429106828433, 3.000000000000000444, -10.44839190561224740 ) ) ;
#762 = CARTESIAN_POINT ( 'NONE',  ( 0.3306672403426047513, 2.791672380190828751, -18.96753030453291800 ) ) ;
#763 = EDGE_LOOP ( 'NONE', ( #416, #991, #1737, #956, #1074 ) ) ;
#764 = VECTOR ( 'NONE', #472, 1000.000000000000000 ) ;
#765 = DIRECTION ( 'NONE',  ( 0.000000000000000000, 0.000000000000000000, 1.000000000000000000 ) ) ;
#766 = CARTESIAN_POINT ( 'NONE',  ( 0.09973539928201627380, 2.490711984999980366, 19.33333333333320070 ) ) ;
#767 = ORIENTED_EDGE ( 'NONE', *, *, #1251, .T. ) ;
#768 = EDGE_CURVE ( 'NONE', #1347, #2618, #2268, .T. ) ;
#769 = ORIENTED_EDGE ( 'NONE', *, *, #1442, .F. ) ;
#770 = CARTESIAN_POINT ( 'NONE',  ( 16.69482242758782675, 2.490753554592240793, -9.750284863314519157 ) ) ;
#771 = DIRECTION ( 'NONE',  ( 0.000000000000000000, 0.000000000000000000, -1.000000000000000000 ) ) ;
#772 = VECTOR ( 'NONE', #726, 1000.000000000000000 ) ;
#773 = CARTESIAN_POINT ( 'NONE',  ( -1.452466340557758473, 2.799999999999999822, 17.87462184873933069 ) ) ;
#774 = CARTESIAN_POINT ( 'NONE',  ( 15.15544456622916591, 1.799999999999999600, -8.749999999999140243 ) ) ;
#775 = VECTOR ( 'NONE', #880, 1000.000000000000000 ) ;
#776 = ORIENTED_EDGE ( 'NONE', *, *, #2446, .F. ) ;
#777 = CARTESIAN_POINT ( 'NONE',  ( -1.646128519294326464, 3.000000000000000000, -17.92457142857161756 ) ) ;
#778 = CARTESIAN_POINT ( 'NONE',  ( 1.410167616180403982, 2.799999970237993185, -18.03862048793540751 ) ) ;
#779 = ORIENTED_EDGE ( 'NONE', *, *, #1550, .F. ) ;
#780 = CARTESIAN_POINT ( 'NONE',  ( 1.086761238497965554E-13, 0.3571897008005363583, 16.60000000000000142 ) ) ;
#781 = AXIS2_PLACEMENT_3D ( 'NONE', #2539, #288, #2592 ) ;
#782 = CARTESIAN_POINT ( 'NONE',  ( 15.36241033584935600, -3.221832409325542853E-16, 7.867610715088599882 ) ) ;
#783 = ORIENTED_EDGE ( 'NONE', *, *, #398, .T. ) ;
#784 = CARTESIAN_POINT ( 'NONE',  ( 16.60123009057153709, 2.932981985112589118, -8.303352816126308156 ) ) ;
#785 = DIRECTION ( 'NONE',  ( 0.000000000000000000, 0.000000000000000000, 1.000000000000000000 ) ) ;
#786 = CARTESIAN_POINT ( 'NONE',  ( -0.9776960380447973220, 2.895186646248545603, 18.65183196758968620 ) ) ;
#787 = EDGE_CURVE ( 'NONE', #1229, #2687, #1570, .T. ) ;
#788 = CARTESIAN_POINT ( 'NONE',  ( 15.15544456622916591, 1.799999999999999600, -9.649999999999138822 ) ) ;
#789 = AXIS2_PLACEMENT_3D ( 'NONE', #1548, #720, #2185 ) ;
#790 = ORIENTED_EDGE ( 'NONE', *, *, #733, .F. ) ;
#791 = CARTESIAN_POINT ( 'NONE',  ( 14.70006994944218626, 3.000000000000000000, 10.38787482989215860 ) ) ;
#792 = AXIS2_PLACEMENT_3D ( 'NONE', #77, #1172, #1734 ) ;
#793 = CARTESIAN_POINT ( 'NONE',  ( -15.15544456622643921, 2.752925400380064502, -10.25000000000189537 ) ) ;
#794 = CARTESIAN_POINT ( 'NONE',  ( -0.06405871226563485121, 2.788853029613016510, -18.99997919227759979 ) ) ;
#795 = ORIENTED_EDGE ( 'NONE', *, *, #181, .F. ) ;
#796 = B_SPLINE_CURVE_WITH_KNOTS ( 'NONE', 3,
 ( #228, #2083, #2265, #1881, #1895, #1010, #381, #214, #1214, #1052 ),
 .UNSPECIFIED., .F., .F.,
 ( 4, 2, 2, 2, 4 ),
 ( 0.002041626964696300651, 0.002297052660161633206, 0.002552478355626965328, 0.003063329746557630004, 0.004085032528418953285 ),
 .UNSPECIFIED. ) ;
#797 = CARTESIAN_POINT ( 'NONE',  ( -15.67479008884633096, 2.821807842104763431, -10.44602034755939890 ) ) ;
#798 = CARTESIAN_POINT ( 'NONE',  ( 1.209228298904897692, 2.821860022358413378, 18.79764884040708495 ) ) ;
#799 = ORIENTED_EDGE ( 'NONE', *, *, #1581, .F. ) ;
#800 = DIRECTION ( 'NONE',  ( 0.000000000000000000, 0.000000000000000000, 1.000000000000000000 ) ) ;
#801 = DIRECTION ( 'NONE',  ( 0.7137078831289024317, 0.000000000000000000, -0.7004434720658483382 ) ) ;
#802 = EDGE_CURVE ( 'NONE', #276, #2464, #1312, .T. ) ;
#803 = ORIENTED_EDGE ( 'NONE', *, *, #2138, .F. ) ;
#804 = CARTESIAN_POINT ( 'NONE',  ( 14.93811695009430807, 3.006886590911513668, 10.24647240863177977 ) ) ;
#805 = ADVANCED_FACE ( 'NONE', ( #1643 ), #2229, .T. ) ;
#806 = CARTESIAN_POINT ( 'NONE',  ( 16.19871522678530695, 2.632207497716432254, -10.22766412371946920 ) ) ;
#807 = CARTESIAN_POINT ( 'NONE',  ( 16.94915068255934898, 2.595589908293374659, 9.034612003823143667 ) ) ;
#808 = ORIENTED_EDGE ( 'NONE', *, *, #1700, .T. ) ;
#809 = CARTESIAN_POINT ( 'NONE',  ( -15.15544456622619052, 0.000000000000000000, -8.750000000000865086 ) ) ;
#810 = PLANE ( 'NONE',  #52 ) ;
#811 = CARTESIAN_POINT ( 'NONE',  ( -15.15544456622875025, 2.799999999999999822, 8.749999999998145483 ) ) ;
#812 = ORIENTED_EDGE ( 'NONE', *, *, #964, .F. ) ;
#813 = CARTESIAN_POINT ( 'NONE',  ( 15.41530818906718814, 2.688131153950846564, -10.23654749369172556 ) ) ;
#814 = CARTESIAN_POINT ( 'NONE',  ( 15.45064973998585423, 2.674344888869282233, -10.22780800267202395 ) ) ;
#815 = CIRCLE ( 'NONE', #2430, 1.500000000000001332 ) ;
#816 = ORIENTED_EDGE ( 'NONE', *, *, #453, .T. ) ;
#817 = CARTESIAN_POINT ( 'NONE',  ( 16.10437745762343908, 2.807423960199403545, 9.924904088093086330 ) ) ;
#818 = CARTESIAN_POINT ( 'NONE',  ( 15.94462844706186821, 2.726415546063574613, -10.35505781128195757 ) ) ;
#819 = ADVANCED_FACE ( 'NONE', ( #107 ), #2347, .T. ) ;
#820 = CARTESIAN_POINT ( 'NONE',  ( 1.452466340557634350, 3.000000000000000000, -17.87462184873933779 ) ) ;
#821 = ORIENTED_EDGE ( 'NONE', *, *, #514, .F. ) ;
#822 = CARTESIAN_POINT ( 'NONE',  ( -16.83587301246618750, 2.499097134316197621, -9.485975659271755234 ) ) ;
#823 = DIRECTION ( 'NONE',  ( 0.000000000000000000, 0.000000000000000000, 1.000000000000000000 ) ) ;
#824 = DIRECTION ( 'NONE',  ( 0.000000000000000000, 0.000000000000000000, 1.000000000000000000 ) ) ;
#825 = CIRCLE ( 'NONE', #1258, 15.00000000000000000 ) ;
#826 = CARTESIAN_POINT ( 'NONE',  ( 1.983090264432757922E-12, 1.800000000000000266, -16.00000000000000000 ) ) ;
#827 = CARTESIAN_POINT ( 'NONE',  ( 16.10142361617043960, 2.425208995406278767, -9.923128124202994726 ) ) ;
#828 = ORIENTED_EDGE ( 'NONE', *, *, #2527, .F. ) ;
#829 = CARTESIAN_POINT ( 'NONE',  ( 15.49152952063663768, 2.932981985112747214, 10.22541058444265794 ) ) ;
#830 = AXIS2_PLACEMENT_3D ( 'NONE', #1114, #884, #1918 ) ;
#831 = APPLICATION_PROTOCOL_DEFINITION ( 'draft international standard', 'automotive_design', 1998, #2315 ) ;
#833 = ORIENTED_EDGE ( 'NONE', *, *, #1162, .F. ) ;
#832 = CARTESIAN_POINT ( 'NONE',  ( 16.82604507532718685, 2.875701266815382517, 8.193883422994815646 ) ) ;
#834 = AXIS2_PLACEMENT_3D ( 'NONE', #2668, #2263, #351 ) ;
#835 = ORIENTED_EDGE ( 'NONE', *, *, #2605, .F. ) ;
#836 = CARTESIAN_POINT ( 'NONE',  ( 15.15544456622869340, 2.799999999999999822, -7.049999999998247446 ) ) ;
#837 = EDGE_CURVE ( 'NONE', #2307, #2594, #1661, .T. ) ;
#838 = CARTESIAN_POINT ( 'NONE',  ( 1.983090264432757922E-12, 10.50000000000000000, -18.40000000000000213 ) ) ;
#839 = FACE_OUTER_BOUND ( 'NONE', #1609, .T. ) ;
#840 = EDGE_CURVE ( 'NONE', #2141, #1375, #1411, .T. ) ;
#841 = VERTEX_POINT ( 'NONE', #231 ) ;
#842 = CARTESIAN_POINT ( 'NONE',  ( 16.38919029844869968, 2.788355583576108909, 9.606776619621260949 ) ) ;
#843 = CIRCLE ( 'NONE', #2593, 0.8999999999999998002 ) ;
#845 = EDGE_LOOP ( 'NONE', ( #473, #179 ) ) ;
#844 = CARTESIAN_POINT ( 'NONE',  ( 16.89197153123772210, 2.812870754572645904, 8.377983951098066484 ) ) ;
#846 = VERTEX_POINT ( 'NONE', #2523 ) ;
#847 = DIRECTION ( 'NONE',  ( -0.000000000000000000, -1.000000000000000000, -0.000000000000000000 ) ) ;
#848 = FACE_OUTER_BOUND ( 'NONE', #1112, .T. ) ;
#849 = CARTESIAN_POINT ( 'NONE',  ( 15.15544456622869340, 1.800000000000000266, -8.749999999998248512 ) ) ;
#850 = CARTESIAN_POINT ( 'NONE',  ( -15.25708430430045226, 0.01730483187699592001, -7.850000000000857625 ) ) ;
#851 = CARTESIAN_POINT ( 'NONE',  ( -16.41292181574191744, 2.341603693873903325, -9.572065806039702807 ) ) ;
#852 = EDGE_CURVE ( 'NONE', #2594, #2141, #1768, .T. ) ;
#853 = CARTESIAN_POINT ( 'NONE',  ( -15.15544456622658309, 1.800000000000000266, -8.750000000001895373 ) ) ;
#854 = DIRECTION ( 'NONE',  ( 0.000000000000000000, 0.000000000000000000, 1.000000000000000000 ) ) ;
#855 = CARTESIAN_POINT ( 'NONE',  ( 15.15544456622869340, 1.800000000000000266, -10.24999999999825029 ) ) ;
#856 = VECTOR ( 'NONE', #2584, 1000.000000000000000 ) ;
#858 = EDGE_LOOP ( 'NONE', ( #1678, #163, #2242, #1888, #1528 ) ) ;
#857 = CARTESIAN_POINT ( 'NONE',  ( 16.53314006637984335, 2.348488963719634004, 9.349146150067046079 ) ) ;
#859 = CARTESIAN_POINT ( 'NONE',  ( 0.000000000000000000, 0.5000000000000000000, 16.50000000000000000 ) ) ;
#860 = CARTESIAN_POINT ( 'NONE',  ( -15.15544456622875025, 2.799999999999999822, 8.749999999998145483 ) ) ;
#861 = DIRECTION ( 'NONE',  ( -0.000000000000000000, -1.000000000000000000, -0.000000000000000000 ) ) ;
#862 = DIRECTION ( 'NONE',  ( 0.000000000000000000, 1.000000000000000000, 0.000000000000000000 ) ) ;
#863 = DIRECTION ( 'NONE',  ( 0.000000000000000000, -1.000000000000000000, 0.000000000000000000 ) ) ;
#864 = CARTESIAN_POINT ( 'NONE',  ( -16.10437745762297368, 2.807423960200198465, -9.924904088092963761 ) ) ;
#865 = DIRECTION ( 'NONE',  ( -0.000000000000000000, -1.000000000000000000, -0.000000000000000000 ) ) ;
#866 = AXIS2_PLACEMENT_3D ( 'NONE', #2092, #1699, #221 ) ;
#867 = CARTESIAN_POINT ( 'NONE',  ( 1.409482431517127488, 2.799999999999998934, -18.04127705392008352 ) ) ;
#868 = VECTOR ( 'NONE', #292, 1000.000000000000000 ) ;
#869 = VERTEX_POINT ( 'NONE', #2508 ) ;
#870 = CARTESIAN_POINT ( 'NONE',  ( 16.40800032115232199, 2.338019752493753600, 9.589269889888061726 ) ) ;
#871 = EDGE_CURVE ( 'NONE', #995, #1171, #2317, .T. ) ;
#872 = CARTESIAN_POINT ( 'NONE',  ( 1.983273961452629962E-12, 1.800000000000000266, -19.00000000000000355 ) ) ;
#873 = DIRECTION ( 'NONE',  ( 0.000000000000000000, 0.000000000000000000, 1.000000000000000000 ) ) ;
#874 = DIRECTION ( 'NONE',  ( 0.000000000000000000, -1.000000000000000000, 0.000000000000000000 ) ) ;
#875 = CARTESIAN_POINT ( 'NONE',  ( -16.19871522678537090, 2.632207497716435807, 10.22766412371935729 ) ) ;
#876 = CARTESIAN_POINT ( 'NONE',  ( -16.65960536529082958, 2.834548508290108959, -8.809577430132161879 ) ) ;
#877 = DIRECTION ( 'NONE',  ( -0.000000000000000000, 1.000000000000000000, -0.000000000000000000 ) ) ;
#878 = CYLINDRICAL_SURFACE ( 'NONE', #74, 1.500000000000001332 ) ;
#879 = ADVANCED_FACE ( 'NONE', ( #1288, #1467 ), #427, .T. ) ;
#880 = DIRECTION ( 'NONE',  ( -0.000000000000000000, -1.000000000000000000, -0.000000000000000000 ) ) ;
#881 = ORIENTED_EDGE ( 'NONE', *, *, #181, .T. ) ;
#882 = EDGE_CURVE ( 'NONE', #2544, #79, #918, .T. ) ;
#883 = CARTESIAN_POINT ( 'NONE',  ( 16.63640488227186154, 2.411546141775717356, 9.029609929776512445 ) ) ;
#884 = DIRECTION ( 'NONE',  ( 0.000000000000000000, 1.000000000000000000, 0.000000000000000000 ) ) ;
#885 = FACE_OUTER_BOUND ( 'NONE', #2360, .T. ) ;
#886 = AXIS2_PLACEMENT_3D ( 'NONE', #2043, #175, #2682 ) ;
#887 = CARTESIAN_POINT ( 'NONE',  ( 0.000000000000000000, 0.000000000000000000, 0.000000000000000000 ) ) ;
#888 = AXIS2_PLACEMENT_3D ( 'NONE', #1428, #384, #1219 ) ;
#889 = CARTESIAN_POINT ( 'NONE',  ( -15.46295612306126444, 0.000000000000000000, -7.904165121071844879 ) ) ;
#890 = CARTESIAN_POINT ( 'NONE',  ( -16.79140559955905232, 2.490753554592331831, -9.582997902303999282 ) ) ;
#891 = CARTESIAN_POINT ( 'NONE',  ( 15.15544456622916591, 0.000000000000000000, -9.649999999999138822 ) ) ;
#892 = ORIENTED_EDGE ( 'NONE', *, *, #2709, .F. ) ;
#893 = CARTESIAN_POINT ( 'NONE',  ( -16.61297713265392062, 2.391595032701516743, 9.113789213953531032 ) ) ;
#894 = CARTESIAN_POINT ( 'NONE',  ( 0.3824198695928403557, 2.526379804078792812, 19.28896714484742958 ) ) ;
#895 = DIRECTION ( 'NONE',  ( 0.000000000000000000, 0.000000000000000000, 1.000000000000000000 ) ) ;
#896 = AXIS2_PLACEMENT_3D ( 'NONE', #1017, #1417, #2023 ) ;
#897 = ORIENTED_EDGE ( 'NONE', *, *, #592, .F. ) ;
#898 = EDGE_CURVE ( 'NONE', #211, #1171, #1769, .T. ) ;
#899 = DIRECTION ( 'NONE',  ( 0.000000000000000000, 0.000000000000000000, 1.000000000000000000 ) ) ;
#900 = CIRCLE ( 'NONE', #2119, 1.500000000000001332 ) ;
#901 = DIRECTION ( 'NONE',  ( 0.7004434720660189795, 0.000000000000000000, -0.7137078831287347880 ) ) ;
#902 = CYLINDRICAL_SURFACE ( 'NONE', #2617, 0.9000000000000014655 ) ;
#903 = AXIS2_PLACEMENT_3D ( 'NONE', #1446, #2275, #403 ) ;
#904 = CARTESIAN_POINT ( 'NONE',  ( -15.15544456622619052, 0.04550266720512196467, -7.850000000000864731 ) ) ;
#905 = CARTESIAN_POINT ( 'NONE',  ( -16.45029142804386879, 2.988369408955330542, -7.972377509254997996 ) ) ;
#906 = ORIENTED_EDGE ( 'NONE', *, *, #636, .F. ) ;
#907 = CARTESIAN_POINT ( 'NONE',  ( -14.75364343377221665, 3.000000000000000000, 10.19518367343091825 ) ) ;
#908 = LINE ( 'NONE', #2602, #1613 ) ;
#909 = CARTESIAN_POINT ( 'NONE',  ( -15.15544456622658309, 2.799999999999999822, -7.050000000001895195 ) ) ;
#910 = CIRCLE ( 'NONE', #2574, 18.00000000000000355 ) ;
#911 = VERTEX_POINT ( 'NONE', #1569 ) ;
#912 = CARTESIAN_POINT ( 'NONE',  ( -0.9192374520555948170, 2.693992835370798478, 19.04267674653617348 ) ) ;
#913 = DIRECTION ( 'NONE',  ( 0.000000000000000000, 1.000000000000000000, 0.000000000000000000 ) ) ;
#914 = CIRCLE ( 'NONE', #1955, 1.500000000000001332 ) ;
#915 = CARTESIAN_POINT ( 'NONE',  ( -15.15544456622619052, 10.50000000000000000, -7.850000000000864731 ) ) ;
#916 = CARTESIAN_POINT ( 'NONE',  ( 16.34619846874063498, 3.000000000000000000, -7.536696598679116121 ) ) ;
#917 = ORIENTED_EDGE ( 'NONE', *, *, #1420, .T. ) ;
#918 = CIRCLE ( 'NONE', #86, 15.00000000000000000 ) ;
#919 = CARTESIAN_POINT ( 'NONE',  ( -14.70006994944468026, 3.000000000000000000, 10.38787482988862187 ) ) ;
#920 = EDGE_CURVE ( 'NONE', #1086, #1757, #1361, .T. ) ;
#921 = DIRECTION ( 'NONE',  ( 0.000000000000000000, 1.000000000000000000, 0.000000000000000000 ) ) ;
#922 = DIRECTION ( 'NONE',  ( 0.2497478991595438735, 2.707772148424680198E-16, 0.9683108937037704367 ) ) ;
#923 = ORIENTED_EDGE ( 'NONE', *, *, #1287, .T. ) ;
#924 = LINE ( 'NONE', #1789, #1858 ) ;
#925 = DIRECTION ( 'NONE',  ( -0.000000000000000000, -1.000000000000000000, -0.000000000000000000 ) ) ;
#926 = CARTESIAN_POINT ( 'NONE',  ( 14.27698196317287405, 0.3202304533147413701, -8.532521969312409027 ) ) ;
#927 = CIRCLE ( 'NONE', #1362, 0.8999999999999980238 ) ;
#928 = FACE_OUTER_BOUND ( 'NONE', #249, .T. ) ;
#929 = ORIENTED_EDGE ( 'NONE', *, *, #1839, .T. ) ;
#930 = CARTESIAN_POINT ( 'NONE',  ( -16.41213124522381861, 2.341678199089320511, 9.573273838609312136 ) ) ;
#931 = DIRECTION ( 'NONE',  ( 0.000000000000000000, 1.000000000000000000, 0.000000000000000000 ) ) ;
#932 = EDGE_CURVE ( 'NONE', #1950, #1572, #2122, .T. ) ;
#933 = CARTESIAN_POINT ( 'NONE',  ( 0.9780358415201811928, 2.895280287009147191, 18.65152419323895927 ) ) ;
#934 = CARTESIAN_POINT ( 'NONE',  ( 16.34619846873887283, 3.000000000000000000, 7.536696598682937065 ) ) ;
#935 = CARTESIAN_POINT ( 'NONE',  ( 0.000000000000000000, 0.000000000000000000, 17.50000000000000000 ) ) ;
#936 = CARTESIAN_POINT ( 'NONE',  ( -0.4150653776116049465, 2.391925645320427396, -18.94376883683705870 ) ) ;
#937 = ORIENTED_EDGE ( 'NONE', *, *, #489, .T. ) ;
#938 = CARTESIAN_POINT ( 'NONE',  ( -16.67041483826229253, 2.949337904941010446, 7.917455756894866248 ) ) ;
#939 = TOROIDAL_SURFACE ( 'NONE', #1156, 1.700000000000000622, 0.2000000000000000111 ) ;
#940 = CARTESIAN_POINT ( 'NONE',  ( -15.49152952063663058, 2.932981985112867562, -10.22541058444276274 ) ) ;
#941 = AXIS2_PLACEMENT_3D ( 'NONE', #656, #1688, #14 ) ;
#942 = ORIENTED_EDGE ( 'NONE', *, *, #295, .T. ) ;
#943 = CARTESIAN_POINT ( 'NONE',  ( -15.57451388061090647, 2.631583668497256667, 10.19924425948073399 ) ) ;
#944 = DIRECTION ( 'NONE',  ( 0.000000000000000000, 0.000000000000000000, 1.000000000000000000 ) ) ;
#945 = DIRECTION ( 'NONE',  ( 0.000000000000000000, 0.000000000000000000, 1.000000000000000000 ) ) ;
#946 = DIRECTION ( 'NONE',  ( 0.9683108937037703257, 0.000000000000000000, -0.2497478991595435960 ) ) ;
#947 = EDGE_CURVE ( 'NONE', #2218, #4, #1985, .T. ) ;
#948 = ORIENTED_EDGE ( 'NONE', *, *, #1478, .T. ) ;
#949 = AXIS2_PLACEMENT_3D ( 'NONE', #340, #1179, #525 ) ;
#950 = DIRECTION ( 'NONE',  ( 0.000000000000000000, 0.000000000000000000, -1.000000000000000000 ) ) ;
#951 = EDGE_CURVE ( 'NONE', #1757, #437, #72, .T. ) ;
#952 = CARTESIAN_POINT ( 'NONE',  ( 0.5430303416010194839, 2.807423960199799673, -18.90925203448140834 ) ) ;
#953 = ORIENTED_EDGE ( 'NONE', *, *, #1787, .F. ) ;
#954 = CARTESIAN_POINT ( 'NONE',  ( 14.50729840600435772, 0.3291297340638181246, -8.118417052353766650 ) ) ;
#955 = CYLINDRICAL_SURFACE ( 'NONE', #2288, 0.8999999999999980238 ) ;
#956 = ORIENTED_EDGE ( 'NONE', *, *, #2637, .F. ) ;
#957 = AXIS2_PLACEMENT_3D ( 'NONE', #2384, #2148, #311 ) ;
#958 = CARTESIAN_POINT ( 'NONE',  ( 16.51430775029884046, 2.788355583575907293, -9.390066836103473591 ) ) ;
#959 = CARTESIAN_POINT ( 'NONE',  ( -16.63640488227180469, 2.411546141775712915, -9.029609929776624355 ) ) ;
#960 = CARTESIAN_POINT ( 'NONE',  ( -16.20610977432752264, 2.799999999999999822, 7.679438175304791336 ) ) ;
#961 = AXIS2_PLACEMENT_3D ( 'NONE', #438, #1479, #2097 ) ;
#962 = DIRECTION ( 'NONE',  ( 0.000000000000000000, 0.000000000000000000, -1.000000000000000000 ) ) ;
#963 = ORIENTED_EDGE ( 'NONE', *, *, #1099, .F. ) ;
#964 = EDGE_CURVE ( 'NONE', #2391, #1970, #2712, .T. ) ;
#965 = CARTESIAN_POINT ( 'NONE',  ( 16.42082868829743703, 3.000000000000000444, -7.605378343331176794 ) ) ;
#966 = EDGE_CURVE ( 'NONE', #329, #1813, #1134, .T. ) ;
#967 = CARTESIAN_POINT ( 'NONE',  ( -0.08463271900896136846, 2.341678199089486156, -18.99995950791281629 ) ) ;
#968 = EDGE_LOOP ( 'NONE', ( #2109, #618 ) ) ;
#969 = DIRECTION ( 'NONE',  ( 0.000000000000000000, 1.000000000000000000, 0.000000000000000000 ) ) ;
#970 = DIRECTION ( 'NONE',  ( 0.000000000000000000, 1.000000000000000000, 0.000000000000000000 ) ) ;
#971 = ORIENTED_EDGE ( 'NONE', *, *, #748, .F. ) ;
#972 = CARTESIAN_POINT ( 'NONE',  ( 16.15258347788615012, 2.802604372277965439, -9.877181929735424859 ) ) ;
#973 = CARTESIAN_POINT ( 'NONE',  ( 15.15544456622817293, 0.000000000000000000, 8.750000000000866862 ) ) ;
#974 = CARTESIAN_POINT ( 'NONE',  ( -16.21324171395257352, 2.383839484584463264, 9.824230257127430477 ) ) ;
#975 = CARTESIAN_POINT ( 'NONE',  ( 16.64445269564069818, 2.490546274112892977, 9.838032095663756138 ) ) ;
#976 = ORIENTED_EDGE ( 'NONE', *, *, #1687, .F. ) ;
#977 = CARTESIAN_POINT ( 'NONE',  ( 16.48926049095363311, 2.993060784509757877, -7.678668278800093283 ) ) ;
#978 = CARTESIAN_POINT ( 'NONE',  ( 1.316468110552928339, 2.875460743298236199, -18.66898002323690520 ) ) ;
#979 = ORIENTED_EDGE ( 'NONE', *, *, #29, .F. ) ;
#980 = AXIS2_PLACEMENT_3D ( 'NONE', #2444, #568, #2661 ) ;
#981 = CARTESIAN_POINT ( 'NONE',  ( -16.28212555955412100, 2.601496205604377554, -10.17309192432188247 ) ) ;
#982 = CARTESIAN_POINT ( 'NONE',  ( 15.25708430430185203, 0.01730483187678831178, 7.850000000000859401 ) ) ;
#983 = EDGE_LOOP ( 'NONE', ( #2223, #1862, #2333, #1225, #808, #2611, #2365, #115, #999, #155, #132, #237, #406, #1779, #2322 ) ) ;
#984 = ORIENTED_EDGE ( 'NONE', *, *, #1581, .T. ) ;
#985 = CARTESIAN_POINT ( 'NONE',  ( 16.00722982831874575, 2.462068582714170617, -9.987325509596782780 ) ) ;
#986 = CARTESIAN_POINT ( 'NONE',  ( -16.21340310726481704, 2.383716921746643624, -9.824240937925695860 ) ) ;
#987 = VECTOR ( 'NONE', #1077, 1000.000000000000000 ) ;
#988 = CARTESIAN_POINT ( 'NONE',  ( -1.318930846867406803, 2.987888903789180262, 18.23568594943051124 ) ) ;
#989 = CARTESIAN_POINT ( 'NONE',  ( 16.59695318027037203, 2.659210410967828953, -8.310507029320064021 ) ) ;
#990 = EDGE_CURVE ( 'NONE', #1702, #2478, #1090, .T. ) ;
#991 = ORIENTED_EDGE ( 'NONE', *, *, #898, .F. ) ;
#992 = CARTESIAN_POINT ( 'NONE',  ( 15.50957690759086560, 2.875460743298261956, 10.47458483862926748 ) ) ;
#993 = CARTESIAN_POINT ( 'NONE',  ( -0.6703312308996914881, 2.601892128665169501, -19.18671285437189056 ) ) ;
#994 = CARTESIAN_POINT ( 'NONE',  ( -0.7362549503803527129, 2.624520642716392516, -19.15387258126400383 ) ) ;
#995 = VERTEX_POINT ( 'NONE', #703 ) ;
#996 = CARTESIAN_POINT ( 'NONE',  ( 15.15544456622916591, 1.799999999999999600, -7.849999999999142553 ) ) ;
#997 = CIRCLE ( 'NONE', #949, 20.00000000000000000 ) ;
#998 = FACE_OUTER_BOUND ( 'NONE', #1208, .T. ) ;
#999 = ORIENTED_EDGE ( 'NONE', *, *, #348, .T. ) ;
#1000 = DIRECTION ( 'NONE',  ( 0.000000000000000000, 0.000000000000000000, 1.000000000000000000 ) ) ;
#1001 = EDGE_CURVE ( 'NONE', #1729, #2141, #1758, .T. ) ;
#1002 = CARTESIAN_POINT ( 'NONE',  ( 16.40842276576482561, 2.777047490333246049, -7.912095041253593308 ) ) ;
#1003 = EDGE_CURVE ( 'NONE', #2407, #2618, #1544, .T. ) ;
#1004 = ORIENTED_EDGE ( 'NONE', *, *, #2076, .T. ) ;
#1005 = CARTESIAN_POINT ( 'NONE',  ( 0.8862702709788052857, 0.000000000000000000, -17.34339538071094466 ) ) ;
#1006 = DIRECTION ( 'NONE',  ( 0.000000000000000000, 0.000000000000000000, 1.000000000000000000 ) ) ;
#1007 = DIRECTION ( 'NONE',  ( -0.2497478991595606934, 0.000000000000000000, -0.9683108937037661068 ) ) ;
#1008 = EDGE_LOOP ( 'NONE', ( #769, #1371, #1122, #1316, #2124 ) ) ;
#1009 = CARTESIAN_POINT ( 'NONE',  ( -16.79370043524281897, 2.490795834541909670, -9.578920266157517460 ) ) ;
#1010 = CARTESIAN_POINT ( 'NONE',  ( 0.6489334450363986040, 2.458494074785515515, 18.86229522887141385 ) ) ;
#1011 = CARTESIAN_POINT ( 'NONE',  ( -15.15544456622658309, 2.799999999999999822, -8.750000000001895373 ) ) ;
#1012 = VERTEX_POINT ( 'NONE', #1960 ) ;
#1013 = DIRECTION ( 'NONE',  ( 0.000000000000000000, 0.000000000000000000, 1.000000000000000000 ) ) ;
#1014 = CARTESIAN_POINT ( 'NONE',  ( 15.30535665207809792, 2.720292434982293894, -10.24999999999824851 ) ) ;
#1015 = ADVANCED_FACE ( 'NONE', ( #2597 ), #725, .F. ) ;
#1016 = ORIENTED_EDGE ( 'NONE', *, *, #655, .T. ) ;
#1017 = CARTESIAN_POINT ( 'NONE',  ( -15.15544456622619052, 0.000000000000000000, -8.750000000000865086 ) ) ;
#1018 = DIRECTION ( 'NONE',  ( -0.000000000000000000, -1.000000000000000000, -0.000000000000000000 ) ) ;
#1019 = CARTESIAN_POINT ( 'NONE',  ( 1.646128519298387660, 3.000000000000000000, -17.92457142857124808 ) ) ;
#1020 = EDGE_LOOP ( 'NONE', ( #210, #2232, #563, #779 ) ) ;
#1021 = CARTESIAN_POINT ( 'NONE',  ( -16.92309000561543542, 2.550738497480506517, -9.203685187116455779 ) ) ;
#1022 = B_SPLINE_CURVE_WITH_KNOTS ( 'NONE', 3,
 ( #1323, #761, #2634, #142, #2677, #818, #1829, #806, #2488, #573, #1419, #1622, #2665, #158, #130, #2244, #1649, #1634, #1223, #1592, #2230, #614, #2474, #977, #965, #2009 ),
 .UNSPECIFIED., .F., .F.,
 ( 4, 2, 2, 2, 2, 2, 2, 2, 2, 2, 2, 2, 4 ),
 ( 0.000000000000000000, 0.0005979573827311969762, 0.001195914765462393952, 0.001494893456827992712, 0.001793872148193591037, 0.002092850839559189362, 0.002391829530924787905, 0.002989786913655986290, 0.003288765605021582664, 0.003587744296387178605, 0.004185701679118371786, 0.004484680370483968594, 0.004783659061849564534 ),
 .UNSPECIFIED. ) ;
#1023 = DIRECTION ( 'NONE',  ( 0.000000000000000000, 0.000000000000000000, -1.000000000000000000 ) ) ;
#1024 = CARTESIAN_POINT ( 'NONE',  ( 0.2013824057989052896, 2.498937513595256288, 19.32347659944806395 ) ) ;
#1025 = CIRCLE ( 'NONE', #2558, 18.00000000000000355 ) ;
#1026 = CARTESIAN_POINT ( 'NONE',  ( 15.66367584988430828, 2.895280287009376785, -10.17276598118771425 ) ) ;
#1027 = DIRECTION ( 'NONE',  ( -0.000000000000000000, -1.000000000000000000, -0.000000000000000000 ) ) ;
#1028 = AXIS2_PLACEMENT_3D ( 'NONE', #1053, #442, #1515 ) ;
#1029 = VERTEX_POINT ( 'NONE', #2279 ) ;
#1030 = DIRECTION ( 'NONE',  ( 1.000000000000000000, -0.000000000000000000, 1.224646799147353207E-16 ) ) ;
#1031 = CIRCLE ( 'NONE', #424, 15.00000000000000000 ) ;
#1032 = LINE ( 'NONE', #1265, #775 ) ;
#1034 = ORIENTED_EDGE ( 'NONE', *, *, #385, .F. ) ;
#1033 = CARTESIAN_POINT ( 'NONE',  ( 0.7569646496205556518, 2.631807686386166800, -19.14294910031099661 ) ) ;
#1035 = ORIENTED_EDGE ( 'NONE', *, *, #59, .F. ) ;
#1036 = DIRECTION ( 'NONE',  ( 0.000000000000000000, 0.000000000000000000, 1.000000000000000000 ) ) ;
#1037 = CARTESIAN_POINT ( 'NONE',  ( 1.983090264432757922E-12, 1.799999999999999600, -17.50000000000000000 ) ) ;
#1038 = EDGE_CURVE ( 'NONE', #1375, #2095, #390, .T. ) ;
#1039 = FACE_OUTER_BOUND ( 'NONE', #359, .T. ) ;
#1040 = AXIS2_PLACEMENT_3D ( 'NONE', #1846, #1630, #2034 ) ;
#1041 = DIRECTION ( 'NONE',  ( -0.000000000000000000, -1.000000000000000000, -0.000000000000000000 ) ) ;
#1042 = DIRECTION ( 'NONE',  ( -0.000000000000000000, 1.000000000000000000, -0.000000000000000000 ) ) ;
#1043 = ORIENTED_EDGE ( 'NONE', *, *, #2303, .T. ) ;
#1044 = CARTESIAN_POINT ( 'NONE',  ( 0.000000000000000000, 3.000000000000000000, 0.000000000000000000 ) ) ;
#1045 = AXIS2_PLACEMENT_3D ( 'NONE', #1063, #1715, #2531 ) ;
#1047 = ORIENTED_EDGE ( 'NONE', *, *, #261, .F. ) ;
#1046 = CARTESIAN_POINT ( 'NONE',  ( 16.64417613077774760, 2.436030913322387192, 8.951062305331582536 ) ) ;
#1048 = AXIS2_PLACEMENT_3D ( 'NONE', #2309, #2519, #1679 ) ;
#1049 = ORIENTED_EDGE ( 'NONE', *, *, #1566, .F. ) ;
#1050 = FACE_OUTER_BOUND ( 'NONE', #478, .T. ) ;
#1051 = EDGE_CURVE ( 'NONE', #995, #2434, #2526, .T. ) ;
#1052 = CARTESIAN_POINT ( 'NONE',  ( 1.452466340553458579, 2.799999999999999822, 17.87462184873967175 ) ) ;
#1053 = CARTESIAN_POINT ( 'NONE',  ( 15.15544456622663994, 2.799999999999999822, 8.750000000001787015 ) ) ;
#1054 = CARTESIAN_POINT ( 'NONE',  ( -14.50803460213216844, 0.3288388284384532456, -8.117631085814920766 ) ) ;
#1055 = CARTESIAN_POINT ( 'NONE',  ( -16.42301311810480868, 2.788855722973299756, -9.554548130317524368 ) ) ;
#1056 = CARTESIAN_POINT ( 'NONE',  ( 1.983090264432757922E-12, 1.799999999999999600, -18.40000000000000213 ) ) ;
#1057 = ORIENTED_EDGE ( 'NONE', *, *, #261, .T. ) ;
#1058 = CARTESIAN_POINT ( 'NONE',  ( 0.1687024353020984413, 2.341640786499861626, -19.00000000000000355 ) ) ;
#1059 = CIRCLE ( 'NONE', #497, 0.5000000000000004441 ) ;
#1060 = DIRECTION ( 'NONE',  ( 0.000000000000000000, 0.000000000000000000, 1.000000000000000000 ) ) ;
#1062 = VERTEX_POINT ( 'NONE', #2466 ) ;
#1061 = CARTESIAN_POINT ( 'NONE',  ( 16.63018220789481560, 2.802604372277586631, 9.049956663730460704 ) ) ;
#1063 = CARTESIAN_POINT ( 'NONE',  ( 1.983090264432757922E-12, 1.800000000000000266, -17.50000000000000000 ) ) ;
#1064 = DIRECTION ( 'NONE',  ( -0.000000000000000000, -1.000000000000000000, -0.000000000000000000 ) ) ;
#1065 = CYLINDRICAL_SURFACE ( 'NONE', #1552, 1.500000000000001332 ) ;
#1066 = EDGE_CURVE ( 'NONE', #1854, #1233, #2400, .T. ) ;
#1067 = DIRECTION ( 'NONE',  ( 0.000000000000000000, 1.000000000000000000, 0.000000000000000000 ) ) ;
#1068 = CARTESIAN_POINT ( 'NONE',  ( -16.69573214558823793, 2.490670770922614796, -9.748910591435883788 ) ) ;
#1069 = DIRECTION ( 'NONE',  ( -0.000000000000000000, 1.000000000000000000, -0.000000000000000000 ) ) ;
#1070 = EDGE_CURVE ( 'NONE', #1970, #2391, #744, .T. ) ;
#1071 = CYLINDRICAL_SURFACE ( 'NONE', #781, 20.00000000000000000 ) ;
#1072 = DIRECTION ( 'NONE',  ( -0.000000000000000000, -1.000000000000000000, -0.000000000000000000 ) ) ;
#1074 = ORIENTED_EDGE ( 'NONE', *, *, #303, .F. ) ;
#1073 = CARTESIAN_POINT ( 'NONE',  ( 16.83224100936258338, 2.498321068153797064, 9.494119091950590672 ) ) ;
#1075 = CARTESIAN_POINT ( 'NONE',  ( 1.983090264432757922E-12, 1.800000000000000266, -17.50000000000000000 ) ) ;
#1076 = CARTESIAN_POINT ( 'NONE',  ( 1.646128519294200565, 3.000000000000000000, 17.92457142857162822 ) ) ;
#1077 = DIRECTION ( 'NONE',  ( -0.000000000000000000, 1.000000000000000000, -0.000000000000000000 ) ) ;
#1078 = DIRECTION ( 'NONE',  ( 0.000000000000000000, 1.000000000000000000, 0.000000000000000000 ) ) ;
#1079 = CARTESIAN_POINT ( 'NONE',  ( -16.60123009057123511, 2.932981985112551371, 8.303352816126343683 ) ) ;
#1080 = CARTESIAN_POINT ( 'NONE',  ( -16.49676396423255653, 2.341678199089548773, -9.426685669303479287 ) ) ;
#1081 = EDGE_CURVE ( 'NONE', #2081, #1791, #2620, .T. ) ;
#1082 = DIRECTION ( 'NONE',  ( 0.000000000000000000, 0.000000000000000000, 1.000000000000000000 ) ) ;
#1083 = EDGE_CURVE ( 'NONE', #2429, #1159, #2000, .T. ) ;
#1084 = CARTESIAN_POINT ( 'NONE',  ( 1.155878151994089498, 2.687328645823559015, -18.46992632743139140 ) ) ;
#1085 = AXIS2_PLACEMENT_3D ( 'NONE', #2129, #1745, #2535 ) ;
#1086 = VERTEX_POINT ( 'NONE', #996 ) ;
#1087 = DIRECTION ( 'NONE',  ( -0.000000000000000000, -1.000000000000000000, -0.000000000000000000 ) ) ;
#1088 = CARTESIAN_POINT ( 'NONE',  ( 15.15544456622817293, 0.04550266720457175895, 7.850000000000866507 ) ) ;
#1089 = DIRECTION ( 'NONE',  ( 0.000000000000000000, 0.000000000000000000, 1.000000000000000000 ) ) ;
#1090 = CIRCLE ( 'NONE', #707, 1.500000000000001332 ) ;
#1091 = DIRECTION ( 'NONE',  ( 0.000000000000000000, 1.000000000000000000, 0.000000000000000000 ) ) ;
#1092 = CARTESIAN_POINT ( 'NONE',  ( -14.80338727579156100, 0.1812041521975563396, -7.917017944075951164 ) ) ;
#1093 = CARTESIAN_POINT ( 'NONE',  ( -16.66091050328494205, 2.848865356154397510, -8.726330003778423716 ) ) ;
#1094 = CARTESIAN_POINT ( 'NONE',  ( 1.646128519298386994, 3.000000000000000000, -17.92457142857124452 ) ) ;
#1095 = VERTEX_POINT ( 'NONE', #2055 ) ;
#1096 = CARTESIAN_POINT ( 'NONE',  ( -16.64740779922399483, 2.807423960200588375, 8.984347946387934769 ) ) ;
#1097 = CARTESIAN_POINT ( 'NONE',  ( 0.4150653776114670568, 2.391925645320429616, 18.94376883683706225 ) ) ;
#1098 = CARTESIAN_POINT ( 'NONE',  ( -0.6483128299570107833, 2.458281537921958027, 18.86256798317472416 ) ) ;
#1099 = EDGE_CURVE ( 'NONE', #1200, #1062, #1673, .T. ) ;
#1100 = ORIENTED_EDGE ( 'NONE', *, *, #1150, .T. ) ;
#1101 = CARTESIAN_POINT ( 'NONE',  ( 1.983200482644680984E-12, 1.799999999999999600, -16.60000000000000142 ) ) ;
#1102 = DIRECTION ( 'NONE',  ( 0.000000000000000000, 0.000000000000000000, -1.000000000000000000 ) ) ;
#1103 = DIRECTION ( 'NONE',  ( 0.000000000000000000, 0.000000000000000000, 1.000000000000000000 ) ) ;
#1104 = VECTOR ( 'NONE', #1621, 1000.000000000000000 ) ;
#1105 = CARTESIAN_POINT ( 'NONE',  ( -14.57668585208414314, 0.000000000000000000, -9.439230259641751886 ) ) ;
#1106 = CARTESIAN_POINT ( 'NONE',  ( -16.91910841886596728, 2.546584045754046510, -9.221456222029681626 ) ) ;
#1107 = VERTEX_POINT ( 'NONE', #780 ) ;
#1108 = CARTESIAN_POINT ( 'NONE',  ( 16.20610977432746935, 3.000000000000000444, -7.679438175304896141 ) ) ;
#1109 = CARTESIAN_POINT ( 'NONE',  ( 1.452466340553458579, 2.799999999999999822, 17.87462184873967175 ) ) ;
#1110 = CARTESIAN_POINT ( 'NONE',  ( 0.000000000000000000, 0.000000000000000000, 15.50000000000000000 ) ) ;
#1111 = AXIS2_PLACEMENT_3D ( 'NONE', #2118, #2565, #2177 ) ;
#1112 = EDGE_LOOP ( 'NONE', ( #421, #1240 ) ) ;
#1113 = EDGE_CURVE ( 'NONE', #1555, #1594, #1610, .T. ) ;
#1114 = CARTESIAN_POINT ( 'NONE',  ( 1.983090264432757922E-12, 1.800000000000000266, -17.50000000000000000 ) ) ;
#1115 = TOROIDAL_SURFACE ( 'NONE', #110, 1.700000000000000400, 0.2000000000000000111 ) ;
#1116 = DIRECTION ( 'NONE',  ( 0.000000000000000000, 1.000000000000000000, 0.000000000000000000 ) ) ;
#1117 = CARTESIAN_POINT ( 'NONE',  ( 0.000000000000000000, 0.000000000000000000, -15.00000000000000000 ) ) ;
#1118 = B_SPLINE_CURVE_WITH_KNOTS ( 'NONE', 3,
 ( #777, #2462, #2202, #2260, #2039, #347, #588, #330, #993, #1403, #388, #600, #1169, #2432 ),
 .UNSPECIFIED., .F., .F.,
 ( 4, 2, 2, 2, 2, 2, 4 ),
 ( 0.000000000000000000, 0.0005983543753923859562, 0.001196708750784771912, 0.001495885938480968468, 0.001795063126177165241, 0.002094240313873362014, 0.002393417501569558570 ),
 .UNSPECIFIED. ) ;
#1119 = CARTESIAN_POINT ( 'NONE',  ( 14.57587077758708993, 0.2960515036692356050, -8.055738529147237870 ) ) ;
#1120 = EDGE_CURVE ( 'NONE', #911, #2434, #617, .T. ) ;
#1121 = CARTESIAN_POINT ( 'NONE',  ( -14.91681978368834116, 2.799999970237993185, -10.24055122317429323 ) ) ;
#1122 = ORIENTED_EDGE ( 'NONE', *, *, #802, .T. ) ;
#1123 = CARTESIAN_POINT ( 'NONE',  ( 16.50144808053501677, 2.999999999999999556, -7.679571904539107763 ) ) ;
#1124 = CARTESIAN_POINT ( 'NONE',  ( 0.4735388612692535415, 2.546584045754033632, 19.26310581113595433 ) ) ;
#1125 = DIRECTION ( 'NONE',  ( 0.000000000000000000, 0.000000000000000000, 1.000000000000000000 ) ) ;
#1126 = ORIENTED_EDGE ( 'NONE', *, *, #2115, .T. ) ;
#1127 = CARTESIAN_POINT ( 'NONE',  ( -1.522240160246679519, 2.967870995156045133, 18.30517776361569915 ) ) ;
#1128 = CARTESIAN_POINT ( 'NONE',  ( 0.000000000000000000, 1.799999999999999600, 17.50000000000000000 ) ) ;
#1129 = CIRCLE ( 'NONE', #2264, 0.9000000000000014655 ) ;
#1130 = ADVANCED_FACE ( 'NONE', ( #380 ), #648, .F. ) ;
#1131 = CARTESIAN_POINT ( 'NONE',  ( 15.15544456622916591, 10.50000000000000000, -7.849999999999142553 ) ) ;
#1132 = CARTESIAN_POINT ( 'NONE',  ( 0.000000000000000000, 0.000000000000000000, 0.000000000000000000 ) ) ;
#1133 = ORIENTED_EDGE ( 'NONE', *, *, #548, .F. ) ;
#1134 = CIRCLE ( 'NONE', #792, 16.00000000000000000 ) ;
#1135 = CARTESIAN_POINT ( 'NONE',  ( -16.51352562540489544, 2.526379804078764391, 9.975668894403019848 ) ) ;
#1136 = PLANE ( 'NONE',  #1412 ) ;
#1137 = CARTESIAN_POINT ( 'NONE',  ( -0.08319124685568919653, 2.341603693873964609, 19.00004014578016864 ) ) ;
#1138 = DIRECTION ( 'NONE',  ( 0.000000000000000000, -1.000000000000000000, 0.000000000000000000 ) ) ;
#1139 = DIRECTION ( 'NONE',  ( -0.000000000000000000, -1.000000000000000000, -0.000000000000000000 ) ) ;
#1140 = DIRECTION ( 'NONE',  ( 0.000000000000000000, -0.000000000000000000, 1.000000000000000000 ) ) ;
#1141 = ORIENTED_EDGE ( 'NONE', *, *, #1366, .T. ) ;
#1142 = CARTESIAN_POINT ( 'NONE',  ( -16.88391403385872991, 2.821807842104763431, 8.351756242149805942 ) ) ;
#1143 = AXIS2_PLACEMENT_3D ( 'NONE', #1870, #2282, #2672 ) ;
#1144 = FACE_OUTER_BOUND ( 'NONE', #2705, .T. ) ;
#1145 = ORIENTED_EDGE ( 'NONE', *, *, #2029, .T. ) ;
#1146 = CARTESIAN_POINT ( 'NONE',  ( 16.63247303231826280, 2.968840824838196113, -7.846781665619327661 ) ) ;
#1147 = CARTESIAN_POINT ( 'NONE',  ( 0.000000000000000000, 1.000000000000000000, 17.36602540378444104 ) ) ;
#1148 = CARTESIAN_POINT ( 'NONE',  ( 1.320864262447631887, 2.988369408955325657, 18.23255903097073016 ) ) ;
#1149 = CARTESIAN_POINT ( 'NONE',  ( 16.95677456590839327, 2.632207497716438915, 8.914666833206178254 ) ) ;
#1150 = EDGE_CURVE ( 'NONE', #1654, #1729, #2364, .T. ) ;
#1151 = ORIENTED_EDGE ( 'NONE', *, *, #1550, .T. ) ;
#1152 = CARTESIAN_POINT ( 'NONE',  ( -14.75364343377221843, 2.799999999999999822, 10.19518367343091647 ) ) ;
#1153 = CARTESIAN_POINT ( 'NONE',  ( -0.7732317865644231514, 2.848865356154273165, -18.79193674791288160 ) ) ;
#1154 = ORIENTED_EDGE ( 'NONE', *, *, #802, .F. ) ;
#1155 = CARTESIAN_POINT ( 'NONE',  ( -16.34619846874068472, 3.000000000000000000, 7.536696598679007764 ) ) ;
#1156 = AXIS2_PLACEMENT_3D ( 'NONE', #2453, #1626, #367 ) ;
#1157 = CARTESIAN_POINT ( 'NONE',  ( -14.90142839978789269, 2.999999999999999556, -10.45088728470350503 ) ) ;
#1158 = TOROIDAL_SURFACE ( 'NONE', #2201, 18.00000000000000355, 2.000000000000000000 ) ;
#1159 = VERTEX_POINT ( 'NONE', #1272 ) ;
#1160 = CARTESIAN_POINT ( 'NONE',  ( 16.19825236731511708, 2.391925645320363447, -9.831341579661511787 ) ) ;
#1161 = CARTESIAN_POINT ( 'NONE',  ( 15.15544456622663994, 1.800000000000000266, 8.750000000001787015 ) ) ;
#1162 = EDGE_CURVE ( 'NONE', #341, #1667, #2496, .T. ) ;
#1163 = CARTESIAN_POINT ( 'NONE',  ( -1.190121870461795517, 2.812714726853266178, 18.81823189394529550 ) ) ;
#1164 = CARTESIAN_POINT ( 'NONE',  ( 0.000000000000000000, 0.000000000000000000, 0.000000000000000000 ) ) ;
#1165 = B_SPLINE_CURVE_WITH_KNOTS ( 'NONE', 3,
 ( #2290, #627, #2692, #645, #1033, #657, #2489, #1853, #1224, #1665, #420, #1635, #615, #1689 ),
 .UNSPECIFIED., .F., .F.,
 ( 4, 2, 2, 2, 2, 2, 4 ),
 ( 0.002393417501569558570, 0.002990977891639556158, 0.003289758086674556253, 0.003588538281709556348, 0.004186098671779563477, 0.004484878866814562270, 0.004783659061849561064 ),
 .UNSPECIFIED. ) ;
#1166 = ADVANCED_FACE ( 'NONE', ( #19 ), #1255, .F. ) ;
#1167 = VERTEX_POINT ( 'NONE', #2707 ) ;
#1168 = AXIS2_PLACEMENT_3D ( 'NONE', #212, #660, #423 ) ;
#1169 = CARTESIAN_POINT ( 'NONE',  ( -0.09973539928201938243, 2.490711984999973261, -19.33333333333320780 ) ) ;
#1170 = CARTESIAN_POINT ( 'NONE',  ( -1.045547687807383275, 2.631583668497256223, -18.58754680194296327 ) ) ;
#1171 = VERTEX_POINT ( 'NONE', #630 ) ;
#1172 = DIRECTION ( 'NONE',  ( 0.000000000000000000, -1.000000000000000000, 0.000000000000000000 ) ) ;
#1173 = CARTESIAN_POINT ( 'NONE',  ( -14.75364343376969600, 2.799999999999999822, -10.19518367343457044 ) ) ;
#1174 = ORIENTED_EDGE ( 'NONE', *, *, #1070, .F. ) ;
#1175 = VECTOR ( 'NONE', #925, 1000.000000000000000 ) ;
#1176 = CARTESIAN_POINT ( 'NONE',  ( 16.61297713265389220, 2.391595032701617107, -9.113789213953486623 ) ) ;
#1177 = CARTESIAN_POINT ( 'NONE',  ( 1.452466340553458579, 2.799999999999999822, 17.87462184873967175 ) ) ;
#1178 = CARTESIAN_POINT ( 'NONE',  ( -16.48114314662281998, 2.340681632990064376, 9.455899625817339782 ) ) ;
#1179 = DIRECTION ( 'NONE',  ( 0.000000000000000000, 1.000000000000000000, 0.000000000000000000 ) ) ;
#1180 = EDGE_LOOP ( 'NONE', ( #1713, #1761, #345, #658, #1666 ) ) ;
#1181 = EDGE_CURVE ( 'NONE', #1159, #2199, #1531, .T. ) ;
#1182 = DIRECTION ( 'NONE',  ( 0.000000000000000000, 1.000000000000000000, 0.000000000000000000 ) ) ;
#1183 = CARTESIAN_POINT ( 'NONE',  ( -0.3318739715681984226, 2.791726793965674247, -18.96727177849991008 ) ) ;
#1184 = ORIENTED_EDGE ( 'NONE', *, *, #1333, .T. ) ;
#1185 = CARTESIAN_POINT ( 'NONE',  ( -0.6489334450365235041, 2.458494074785511962, -18.86229522887140675 ) ) ;
#1186 = ORIENTED_EDGE ( 'NONE', *, *, #1931, .F. ) ;
#1187 = ORIENTED_EDGE ( 'NONE', *, *, #1478, .F. ) ;
#1188 = CARTESIAN_POINT ( 'NONE',  ( 16.79067030420054252, 2.490670770922689403, -9.584472877142157898 ) ) ;
#1189 = AXIS2_PLACEMENT_3D ( 'NONE', #2142, #2324, #454 ) ;
#1190 = PLANE ( 'NONE',  #1887 ) ;
#1191 = CARTESIAN_POINT ( 'NONE',  ( -0.7372615232264623231, 2.619552970156193705, 19.16278692617701296 ) ) ;
#1192 = DIRECTION ( 'NONE',  ( 0.2497478991597694709, 0.000000000000000000, -0.9683108937037122610 ) ) ;
#1193 = ORIENTED_EDGE ( 'NONE', *, *, #2637, .T. ) ;
#1194 = CARTESIAN_POINT ( 'NONE',  ( 1.959434878635765131E-15, 0.5000000000000000000, -16.00000000000000000 ) ) ;
#1195 = DIRECTION ( 'NONE',  ( 0.000000000000000000, 0.000000000000000000, -1.000000000000000000 ) ) ;
#1196 = CARTESIAN_POINT ( 'NONE',  ( 0.7903166905155596389, 2.516446444577607799, -18.78505776624426105 ) ) ;
#1197 = ORIENTED_EDGE ( 'NONE', *, *, #517, .F. ) ;
#1198 = DIRECTION ( 'NONE',  ( -0.000000000000000000, -1.000000000000000000, -0.000000000000000000 ) ) ;
#1199 = DIRECTION ( 'NONE',  ( 1.000000000000000000, -0.000000000000000000, 1.224646799147353207E-16 ) ) ;
#1200 = VERTEX_POINT ( 'NONE', #200 ) ;
#1201 = ORIENTED_EDGE ( 'NONE', *, *, #1150, .F. ) ;
#1202 = EDGE_CURVE ( 'NONE', #2464, #147, #1736, .T. ) ;
#1203 = CARTESIAN_POINT ( 'NONE',  ( 16.42753197724945124, 2.771956729553010756, -7.938432041462744948 ) ) ;
#1204 = DIRECTION ( 'NONE',  ( -0.000000000000000000, -1.000000000000000000, -0.000000000000000000 ) ) ;
#1205 = AXIS2_PLACEMENT_3D ( 'NONE', #935, #1565, #1102 ) ;
#1206 = CARTESIAN_POINT ( 'NONE',  ( -0.2609559470320025332, 2.789690403732785207, 18.98032586110469566 ) ) ;
#1207 = CYLINDRICAL_SURFACE ( 'NONE', #1364, 1.500000000000001332 ) ;
#1208 = EDGE_LOOP ( 'NONE', ( #1776, #2460, #1636, #368, #118 ) ) ;
#1209 = DIRECTION ( 'NONE',  ( -0.000000000000000000, -1.000000000000000000, -0.000000000000000000 ) ) ;
#1210 = CYLINDRICAL_SURFACE ( 'NONE', #599, 0.8999999999999998002 ) ;
#1211 = DIRECTION ( 'NONE',  ( 0.000000000000000000, 0.000000000000000000, 1.000000000000000000 ) ) ;
#1212 = EDGE_LOOP ( 'NONE', ( #314, #1434, #2693, #559, #553 ) ) ;
#1213 = CARTESIAN_POINT ( 'NONE',  ( -16.64445269564063068, 2.490546274112891645, -9.838032095663869825 ) ) ;
#1214 = CARTESIAN_POINT ( 'NONE',  ( 1.366482903048837461, 2.799999999999999378, 18.20799281800076130 ) ) ;
#1215 = DIRECTION ( 'NONE',  ( 0.000000000000000000, 0.000000000000000000, 1.000000000000000000 ) ) ;
#1216 = EDGE_CURVE ( 'NONE', #2450, #2618, #120, .T. ) ;
#1217 = CARTESIAN_POINT ( 'NONE',  ( 14.90163355797802147, 3.000000000000000000, -10.45095148216465297 ) ) ;
#1218 = CIRCLE ( 'NONE', #789, 0.8999999999999998002 ) ;
#1219 = DIRECTION ( 'NONE',  ( 0.000000000000000000, 0.000000000000000000, 1.000000000000000000 ) ) ;
#1220 = AXIS2_PLACEMENT_3D ( 'NONE', #1556, #2392, #1855 ) ;
#1221 = VERTEX_POINT ( 'NONE', #1868 ) ;
#1222 = DIRECTION ( 'NONE',  ( 0.000000000000000000, 0.000000000000000000, -1.000000000000000000 ) ) ;
#1223 = CARTESIAN_POINT ( 'NONE',  ( 16.94021985205958813, 2.726042455497145856, -8.632013027545061945 ) ) ;
#1224 = CARTESIAN_POINT ( 'NONE',  ( 1.331667443089700642, 2.882747036778024352, -18.64773787408605799 ) ) ;
#1225 = ORIENTED_EDGE ( 'NONE', *, *, #1283, .T. ) ;
#1226 = CARTESIAN_POINT ( 'NONE',  ( -15.09189223036485217, 2.967829911744964466, -10.47091746077093788 ) ) ;
#1227 = DIRECTION ( 'NONE',  ( 0.000000000000000000, 1.000000000000000000, 0.000000000000000000 ) ) ;
#1228 = CARTESIAN_POINT ( 'NONE',  ( 0.4897557782099699053, 2.550448048015846236, 19.25805357495093517 ) ) ;
#1229 = VERTEX_POINT ( 'NONE', #1668 ) ;
#1230 = DIRECTION ( 'NONE',  ( 0.000000000000000000, -0.000000000000000000, -1.000000000000000000 ) ) ;
#1231 = ADVANCED_FACE ( 'NONE', ( #1050 ), #1879, .F. ) ;
#1232 = CARTESIAN_POINT ( 'NONE',  ( 16.40304267449756992, 2.342967670408839798, -9.586223635178734881 ) ) ;
#1233 = VERTEX_POINT ( 'NONE', #696 ) ;
#1234 = CARTESIAN_POINT ( 'NONE',  ( 15.97288390023370397, 2.831213902602884858, 10.02476826372340035 ) ) ;
#1235 = CIRCLE ( 'NONE', #980, 1.500000000000001332 ) ;
#1236 = EDGE_CURVE ( 'NONE', #712, #1795, #825, .T. ) ;
#1237 = CARTESIAN_POINT ( 'NONE',  ( 15.15544456622869340, 2.799999999999999822, -7.249999999998247624 ) ) ;
#1239 = ORIENTED_EDGE ( 'NONE', *, *, #1563, .T. ) ;
#1238 = CARTESIAN_POINT ( 'NONE',  ( 16.50160625626205047, 3.000000000000000000, 7.679717478013241561 ) ) ;
#1240 = ORIENTED_EDGE ( 'NONE', *, *, #1236, .T. ) ;
#1241 = CARTESIAN_POINT ( 'NONE',  ( -16.95677456590834353, 2.632207497716438027, -8.914666833206302599 ) ) ;
#1242 = DIRECTION ( 'NONE',  ( 0.000000000000000000, 0.000000000000000000, -1.000000000000000000 ) ) ;
#1243 = DIRECTION ( 'NONE',  ( -0.000000000000000000, -1.000000000000000000, -0.000000000000000000 ) ) ;
#1244 = CIRCLE ( 'NONE', #888, 1.499999999999997780 ) ;
#1245 = DIRECTION ( 'NONE',  ( -0.9634557822884515232, 8.356646818006879418E-15, -0.2678674216379218209 ) ) ;
#1246 = CARTESIAN_POINT ( 'NONE',  ( 15.15544456622869163, 2.752925400380110688, -10.24999999999825029 ) ) ;
#1247 = AXIS2_PLACEMENT_3D ( 'NONE', #508, #1961, #1747 ) ;
#1248 = ORIENTED_EDGE ( 'NONE', *, *, #1976, .F. ) ;
#1249 = CARTESIAN_POINT ( 'NONE',  ( 15.57490566532722909, 2.631443243764394424, 10.19914675593447484 ) ) ;
#1250 = AXIS2_PLACEMENT_3D ( 'NONE', #1933, #62, #901 ) ;
#1251 = EDGE_CURVE ( 'NONE', #92, #1854, #2659, .T. ) ;
#1253 = ORIENTED_EDGE ( 'NONE', *, *, #2287, .F. ) ;
#1252 = CARTESIAN_POINT ( 'NONE',  ( 16.32712520781355181, 2.799999967012387625, 7.798204511522094151 ) ) ;
#1254 = ORIENTED_EDGE ( 'NONE', *, *, #41, .T. ) ;
#1255 = CYLINDRICAL_SURFACE ( 'NONE', #1270, 0.8999999999999998002 ) ;
#1256 = CARTESIAN_POINT ( 'NONE',  ( 15.15544456622817293, 10.50000000000000000, 9.650000000000865441 ) ) ;
#1257 = CARTESIAN_POINT ( 'NONE',  ( -15.15544456622658309, 1.800000000000000266, -8.750000000001895373 ) ) ;
#1258 = AXIS2_PLACEMENT_3D ( 'NONE', #447, #667, #681 ) ;
#1259 = CARTESIAN_POINT ( 'NONE',  ( -16.20610977432752264, 2.799999999999999822, 7.679438175304791336 ) ) ;
#1260 = CARTESIAN_POINT ( 'NONE',  ( -16.34291726106225440, 3.006894317763373348, -7.813703095417213973 ) ) ;
#1261 = CARTESIAN_POINT ( 'NONE',  ( 15.15544456622869340, 1.800000000000000266, -8.749999999998248512 ) ) ;
#1262 = ORIENTED_EDGE ( 'NONE', *, *, #514, .T. ) ;
#1263 = DIRECTION ( 'NONE',  ( 0.000000000000000000, 0.000000000000000000, 1.000000000000000000 ) ) ;
#1264 = CIRCLE ( 'NONE', #1085, 16.50000000000000000 ) ;
#1265 = CARTESIAN_POINT ( 'NONE',  ( 1.836970198721029589E-15, 1.500000000000000000, 15.00000000000000000 ) ) ;
#1266 = ADVANCED_FACE ( 'NONE', ( #461 ), #878, .F. ) ;
#1268 = ORIENTED_EDGE ( 'NONE', *, *, #76, .T. ) ;
#1267 = CARTESIAN_POINT ( 'NONE',  ( 16.59207618644854421, 2.791726793965548570, 9.196224599016970203 ) ) ;
#1269 = ADVANCED_FACE ( 'NONE', ( #1511 ), #2350, .F. ) ;
#1270 = AXIS2_PLACEMENT_3D ( 'NONE', #1464, #2533, #2505 ) ;
#1271 = EDGE_LOOP ( 'NONE', ( #1049, #2212, #2277, #2701, #693 ) ) ;
#1272 = CARTESIAN_POINT ( 'NONE',  ( -15.15544456622875025, 2.799999999999999822, 7.249999999998146372 ) ) ;
#1273 = SURFACE_STYLE_FILL_AREA ( #2069 ) ;
#1274 = CARTESIAN_POINT ( 'NONE',  ( 0.000000000000000000, 3.000000000000000000, 0.000000000000000000 ) ) ;
#1275 = CARTESIAN_POINT ( 'NONE',  ( 1.983090264432757922E-12, 1.800000000000000266, -17.50000000000000000 ) ) ;
#1276 = CARTESIAN_POINT ( 'NONE',  ( -16.65261124231400203, 2.545415502743302749, -8.627631918018350277 ) ) ;
#1277 = FACE_BOUND ( 'NONE', #968, .T. ) ;
#1278 = CYLINDRICAL_SURFACE ( 'NONE', #2442, 0.8999999999999998002 ) ;
#1279 = CIRCLE ( 'NONE', #2281, 1.000000000000000888 ) ;
#1281 = ORIENTED_EDGE ( 'NONE', *, *, #852, .T. ) ;
#1280 = CARTESIAN_POINT ( 'NONE',  ( 16.48649400802075959, 2.788853029613054701, 9.444513123983222513 ) ) ;
#1282 = CARTESIAN_POINT ( 'NONE',  ( 16.40629761854209789, 2.777876876874953105, 7.908613199266440574 ) ) ;
#1283 = EDGE_CURVE ( 'NONE', #51, #1620, #910, .T. ) ;
#1284 = CARTESIAN_POINT ( 'NONE',  ( -15.15544456622719061, 0.000000000000000000, 8.749999999999131362 ) ) ;
#1285 = CARTESIAN_POINT ( 'NONE',  ( -15.15544456622875025, 1.800000000000000266, 10.24999999999814193 ) ) ;
#1286 = PLANE ( 'NONE',  #2399 ) ;
#1287 = EDGE_CURVE ( 'NONE', #350, #1200, #2255, .T. ) ;
#1288 = FACE_OUTER_BOUND ( 'NONE', #140, .T. ) ;
#1289 = FACE_BOUND ( 'NONE', #165, .T. ) ;
#1290 = EDGE_CURVE ( 'NONE', #2017, #1471, #18, .T. ) ;
#1291 = DIRECTION ( 'NONE',  ( -0.000000000000000000, 1.000000000000000000, -0.000000000000000000 ) ) ;
#1292 = TOROIDAL_SURFACE ( 'NONE', #644, 15.50000000000000000, 0.5000000000000000000 ) ;
#1293 = DIRECTION ( 'NONE',  ( 0.000000000000000000, 0.000000000000000000, -1.000000000000000000 ) ) ;
#1294 = VERTEX_POINT ( 'NONE', #2528 ) ;
#1295 = CARTESIAN_POINT ( 'NONE',  ( 15.44872177954025005, 2.674987530408525327, 10.22821324662670861 ) ) ;
#1296 =( BOUNDED_SURFACE ( )  B_SPLINE_SURFACE ( 3, 2, ( 
 ( #2551, #1508, #1303 ),
 ( #2134, #574, #102 ),
 ( #1816, #2449, #2246 ),
 ( #159, #1593, #378 ),
 ( #1170, #1983, #2217 ),
 ( #589, #1153, #331 ),
 ( #1405, #2190, #1969 ),
 ( #349, #317, #994 ),
 ( #1421, #1608, #1830 ),
 ( #936, #1183, #2463 ),
 ( #1997, #131, #1790 ),
 ( #1390, #2666, #1775 ),
 ( #967, #794, #2231 ),
 ( #528, #1623, #2607 ),
 ( #1803, #1358, #2433 ),
 ( #364, #735, #1567 ),
 ( #2403, #762, #117 ),
 ( #2011, #952, #2025 ),
 ( #1196, #558, #2622 ),
 ( #749, #143, #1579 ),
 ( #2417, #542, #978 ),
 ( #1374, #2203, #2651 ),
 ( #778, #2635, #2516 ),
 ( #2529, #820, #1019 ) ),
 .UNSPECIFIED., .F., .F., .T. ) 
 B_SPLINE_SURFACE_WITH_KNOTS ( ( 4, 2, 2, 2, 2, 2, 2, 2, 2, 2, 2, 4 ),
 ( 3, 3 ),
 ( 1.084202172485504434E-19, 0.0005703763139338201716, 0.001140752627867640343, 0.001425940784834550321, 0.001711128941801460515, 0.001996317098768370709, 0.002281505255735280686, 0.002566693412702190664, 0.002851881569669100641, 0.003422257883602921030, 0.003992634197536741418, 0.004563010511470561373 ),
 ( 0.000000000000000000, 1.000000000000000000 ),
 .UNSPECIFIED. ) 
 GEOMETRIC_REPRESENTATION_ITEM ( )  RATIONAL_B_SPLINE_SURFACE ( (
 ( 1.000000000000000000, 0.7071067811865475727, 1.000000000000000000),
 ( 1.000000000000000000, 0.6951570871116569128, 1.000000000000000000),
 ( 1.000000000000000000, 0.6727307808531231004, 1.000000000000000000),
 ( 1.000000000000000000, 0.6160173504136152722, 1.000000000000000000),
 ( 1.000000000000000000, 0.5821405974648927728, 1.000000000000000000),
 ( 1.000000000000000000, 0.5310013390971207725, 1.000000000000000000),
 ( 1.000000000000000000, 0.5140268755978639748, 1.000000000000000000),
 ( 1.000000000000000000, 0.4815985848990748663, 1.000000000000000000),
 ( 1.000000000000000000, 0.4660193880216774165, 1.000000000000000000),
 ( 1.000000000000000000, 0.4393352589919109485, 1.000000000000000000),
 ( 1.000000000000000000, 0.4281688281017331787, 1.000000000000000000),
 ( 1.000000000000000000, 0.4125462085626135922, 1.000000000000000000),
 ( 1.000000000000000000, 0.4082716763821234163, 1.000000000000000000),
 ( 1.000000000000000000, 0.4082251045490284391, 1.000000000000000000),
 ( 1.000000000000000000, 0.4123193861085548972, 1.000000000000000000),
 ( 1.000000000000000000, 0.4278924496687555035, 1.000000000000000000),
 ( 1.000000000000000000, 0.4391334546920874216, 1.000000000000000000),
 ( 1.000000000000000000, 0.4790710036583825104, 1.000000000000000000),
 ( 1.000000000000000000, 0.5138096317264033708, 1.000000000000000000),
 ( 1.000000000000000000, 0.5820563527525546288, 1.000000000000000000),
 ( 1.000000000000000000, 0.6159038434129788797, 1.000000000000000000),
 ( 1.000000000000000000, 0.6721865885289457498, 1.000000000000000000),
 ( 1.000000000000000000, 0.6952850087995035011, 1.000000000000000000),
 ( 1.000000000000000000, 0.7071067811865475727, 1.000000000000000000) ) ) 
 REPRESENTATION_ITEM ( '' )  SURFACE ( )  );
#1297 = CARTESIAN_POINT ( 'NONE',  ( 15.15544456622869340, 3.000000000000000000, -8.749999999998248512 ) ) ;
#1298 = DIRECTION ( 'NONE',  ( 0.000000000000000000, 1.000000000000000000, 0.000000000000000000 ) ) ;
#1299 = LINE ( 'NONE', #253, #1175 ) ;
#1300 = CARTESIAN_POINT ( 'NONE',  ( -16.89212780969410233, 2.812714726853199121, 8.378440173553487469 ) ) ;
#1301 = DIRECTION ( 'NONE',  ( 0.000000000000000000, 1.000000000000000000, 0.000000000000000000 ) ) ;
#1302 = EDGE_CURVE ( 'NONE', #1375, #1950, #2078, .T. ) ;
#1303 = CARTESIAN_POINT ( 'NONE',  ( -1.646128519294326686, 3.000000000000000000, -17.92457142857161756 ) ) ;
#1304 = ORIENTED_EDGE ( 'NONE', *, *, #1733, .F. ) ;
#1305 = CARTESIAN_POINT ( 'NONE',  ( -16.59169671094814902, 2.791672380190403313, 9.197398921930455273 ) ) ;
#1306 = CARTESIAN_POINT ( 'NONE',  ( 0.4775987300086374510, 2.802604372277463618, 18.92713859346599037 ) ) ;
#1307 = DIRECTION ( 'NONE',  ( 0.000000000000000000, 1.000000000000000000, 0.000000000000000000 ) ) ;
#1308 = TOROIDAL_SURFACE ( 'NONE', #569, 17.36602540378444104, 1.000000000000000000 ) ;
#1309 = ORIENTED_EDGE ( 'NONE', *, *, #966, .F. ) ;
#1310 = CARTESIAN_POINT ( 'NONE',  ( 0.000000000000000000, 0.5000000000000000000, 0.000000000000000000 ) ) ;
#1311 = CARTESIAN_POINT ( 'NONE',  ( 14.34184880432949072, 0.3600463628782136771, 8.353791565932887409 ) ) ;
#1312 = CIRCLE ( 'NONE', #2220, 1.500000000000001332 ) ;
#1313 = CARTESIAN_POINT ( 'NONE',  ( 14.57668585208484302, 0.000000000000000000, 9.439230259640675413 ) ) ;
#1314 = CARTESIAN_POINT ( 'NONE',  ( -14.25239641613252140, 0.2106091338187542628, -8.798896223978101006 ) ) ;
#1315 = CARTESIAN_POINT ( 'NONE',  ( -16.94915068255935608, 2.595589908293344905, -9.034612003823220050 ) ) ;
#1316 = ORIENTED_EDGE ( 'NONE', *, *, #385, .T. ) ;
#1317 = CARTESIAN_POINT ( 'NONE',  ( -16.51430775029872322, 2.788355583575931718, 9.390066836103368786 ) ) ;
#1318 = CARTESIAN_POINT ( 'NONE',  ( 15.15544456622663994, 2.799999999999999822, 8.750000000001787015 ) ) ;
#1319 = DIRECTION ( 'NONE',  ( 0.000000000000000000, 1.000000000000000000, 0.000000000000000000 ) ) ;
#1320 = VERTEX_POINT ( 'NONE', #1110 ) ;
#1321 = ADVANCED_FACE ( 'NONE', ( #2139 ), #1949, .T. ) ;
#1322 = DIRECTION ( 'NONE',  ( 0.000000000000000000, 0.000000000000000000, -1.000000000000000000 ) ) ;
#1323 = CARTESIAN_POINT ( 'NONE',  ( 14.70006994944460743, 3.000000000000000000, -10.38787482988872313 ) ) ;
#1324 = CARTESIAN_POINT ( 'NONE',  ( -14.57668585208522494, 0.000000000000000000, 9.439230259640085663 ) ) ;
#1325 = CARTESIAN_POINT ( 'NONE',  ( -16.90830689451924229, 2.524551347211080099, 9.301811310904298580 ) ) ;
#1326 = B_SPLINE_CURVE_WITH_KNOTS ( 'NONE', 3,
 ( #146, #982, #782, #2683 ),
 .UNSPECIFIED., .F., .F.,
 ( 4, 4 ),
 ( 0.002299354282517639039, 0.002614637825373777088 ),
 .UNSPECIFIED. ) ;
#1327 = CARTESIAN_POINT ( 'NONE',  ( -15.70200593923245336, 2.812714726853169367, -10.43979172039205139 ) ) ;
#1328 = ORIENTED_EDGE ( 'NONE', *, *, #1360, .T. ) ;
#1329 = CARTESIAN_POINT ( 'NONE',  ( -15.86956054760254098, 2.516662051579897863, 10.07157138080344261 ) ) ;
#1330 = FACE_OUTER_BOUND ( 'NONE', #1647, .T. ) ;
#1331 = CARTESIAN_POINT ( 'NONE',  ( 16.31661429903490657, 2.799999999999998934, -7.787888950187378256 ) ) ;
#1332 = ORIENTED_EDGE ( 'NONE', *, *, #2076, .F. ) ;
#1333 = EDGE_CURVE ( 'NONE', #1970, #463, #2305, .T. ) ;
#1334 = AXIS2_PLACEMENT_3D ( 'NONE', #1257, #672, #1705 ) ;
#1335 = DIRECTION ( 'NONE',  ( 0.000000000000000000, 1.000000000000000000, 0.000000000000000000 ) ) ;
#1336 = LINE ( 'NONE', #2165, #868 ) ;
#1337 = CARTESIAN_POINT ( 'NONE',  ( -2.105292111292268057E-12, 1.800000000000000266, 17.50000000000000000 ) ) ;
#1338 = CARTESIAN_POINT ( 'NONE',  ( -14.93811695009433294, 3.006886590911498569, -10.24647240863176556 ) ) ;
#1339 = VERTEX_POINT ( 'NONE', #1727 ) ;
#1340 = CARTESIAN_POINT ( 'NONE',  ( -16.21961276103471761, 2.624520642716431595, 10.21455178132326580 ) ) ;
#1341 = CARTESIAN_POINT ( 'NONE',  ( 0.8274209648885403334, 0.01864165835604633323, 17.13064686395060932 ) ) ;
#1342 = CARTESIAN_POINT ( 'NONE',  ( 0.06405871226550471920, 2.788853029613016510, 18.99997919227776677 ) ) ;
#1343 = CARTESIAN_POINT ( 'NONE',  ( 14.70006994944218093, 3.000000000000000000, 10.38787482989215682 ) ) ;
#1344 = CARTESIAN_POINT ( 'NONE',  ( -15.15544456622875025, 1.800000000000000266, 7.249999999998146372 ) ) ;
#1345 = ADVANCED_FACE ( 'NONE', ( #1485 ), #1278, .F. ) ;
#1346 = CARTESIAN_POINT ( 'NONE',  ( 15.15544456622869163, 2.752925400380110688, -10.24999999999825029 ) ) ;
#1347 = VERTEX_POINT ( 'NONE', #234 ) ;
#1348 = CARTESIAN_POINT ( 'NONE',  ( -15.15544456622875025, 1.800000000000000266, 10.24999999999814193 ) ) ;
#1349 = DIRECTION ( 'NONE',  ( -0.000000000000000000, -1.000000000000000000, -0.000000000000000000 ) ) ;
#1350 = EDGE_LOOP ( 'NONE', ( #2667, #43, #374, #1304 ) ) ;
#1351 = ADVANCED_FACE ( 'NONE', ( #28 ), #1071, .T. ) ;
#1352 = CARTESIAN_POINT ( 'NONE',  ( -16.83081907224340057, 2.497916581428633709, 9.497573924734435735 ) ) ;
#1353 = CARTESIAN_POINT ( 'NONE',  ( -16.40629761854204816, 2.777876876874953105, -7.908613199266556038 ) ) ;
#1354 = DIRECTION ( 'NONE',  ( 0.000000000000000000, 0.000000000000000000, 1.000000000000000000 ) ) ;
#1355 = DIRECTION ( 'NONE',  ( -0.000000000000000000, -1.000000000000000000, -0.000000000000000000 ) ) ;
#1356 = ORIENTED_EDGE ( 'NONE', *, *, #1066, .T. ) ;
#1357 = CARTESIAN_POINT ( 'NONE',  ( -1.623978209117184379, 3.000000000000001332, 18.02347825760618605 ) ) ;
#1358 = CARTESIAN_POINT ( 'NONE',  ( 0.1251174518501501076, 2.788355583575700347, -18.99684345572462618 ) ) ;
#1359 = ORIENTED_EDGE ( 'NONE', *, *, #1083, .F. ) ;
#1360 = EDGE_CURVE ( 'NONE', #2687, #1572, #1767, .T. ) ;
#1361 = LINE ( 'NONE', #1131, #443 ) ;
#1362 = AXIS2_PLACEMENT_3D ( 'NONE', #2506, #440, #1023 ) ;
#1363 = CARTESIAN_POINT ( 'NONE',  ( -0.8862702709768398579, 0.000000000000000000, 17.34339538071104414 ) ) ;
#1364 = AXIS2_PLACEMENT_3D ( 'NONE', #2459, #1042, #1872 ) ;
#1365 = ORIENTED_EDGE ( 'NONE', *, *, #1113, .T. ) ;
#1366 = EDGE_CURVE ( 'NONE', #1062, #58, #653, .T. ) ;
#1367 = CARTESIAN_POINT ( 'NONE',  ( 16.30578081496729226, 2.789736423356642181, -9.717571239357180701 ) ) ;
#1368 = CARTESIAN_POINT ( 'NONE',  ( 0.2182048235893218613, 0.3297345554387529076, 16.62084144647550943 ) ) ;
#1369 = CARTESIAN_POINT ( 'NONE',  ( -15.02210146301467830, 2.781951618303253770, -10.25000000000191491 ) ) ;
#1370 = CYLINDRICAL_SURFACE ( 'NONE', #1651, 0.9000000000000014655 ) ;
#1371 = ORIENTED_EDGE ( 'NONE', *, *, #1850, .T. ) ;
#1372 = AXIS2_PLACEMENT_3D ( 'NONE', #257, #1709, #1723 ) ;
#1373 = CARTESIAN_POINT ( 'NONE',  ( 15.15544456622869340, 3.000000000000000000, -7.049999999998247446 ) ) ;
#1374 = CARTESIAN_POINT ( 'NONE',  ( 1.338882174501404121, 2.771956729552846888, -18.19587603451086721 ) ) ;
#1375 = VERTEX_POINT ( 'NONE', #1785 ) ;
#1376 = CARTESIAN_POINT ( 'NONE',  ( 14.57668585208591416, 0.000000000000000000, -9.439230259639014520 ) ) ;
#1377 = CIRCLE ( 'NONE', #1205, 0.9000000000000014655 ) ;
#1378 = CARTESIAN_POINT ( 'NONE',  ( -0.8279265035134335537, 0.01837699212743623689, 17.13169904630771967 ) ) ;
#1379 = VECTOR ( 'NONE', #1072, 1000.000000000000000 ) ;
#1380 = EDGE_LOOP ( 'NONE', ( #790, #258, #2517, #73, #2455 ) ) ;
#1381 = CARTESIAN_POINT ( 'NONE',  ( 16.64740779922392733, 2.807423960200193136, -8.984347946388558270 ) ) ;
#1382 = PLANE ( 'NONE',  #1928 ) ;
#1383 = PRODUCT_DEFINITION ( 'UNKNOWN', '', #2431, #222 ) ;
#1384 = EDGE_CURVE ( 'NONE', #2017, #1962, #609, .T. ) ;
#1385 = CARTESIAN_POINT ( 'NONE',  ( -16.60132960738453889, 2.372749047530060995, 9.177205364188669279 ) ) ;
#1386 = CARTESIAN_POINT ( 'NONE',  ( 16.79370043524288292, 2.490795834541909226, 9.578920266157396668 ) ) ;
#1387 = ORIENTED_EDGE ( 'NONE', *, *, #395, .T. ) ;
#1388 = ORIENTED_EDGE ( 'NONE', *, *, #2377, .F. ) ;
#1389 = DIRECTION ( 'NONE',  ( -0.000000000000000000, -1.000000000000000000, -0.000000000000000000 ) ) ;
#1390 = CARTESIAN_POINT ( 'NONE',  ( -0.1699719635385145144, 2.348488963719569167, -18.99269237684480061 ) ) ;
#1391 = ORIENTED_EDGE ( 'NONE', *, *, #2049, .F. ) ;
#1392 = CARTESIAN_POINT ( 'NONE',  ( -0.3363651137685310655, 2.373966393558439858, -18.96422116186437989 ) ) ;
#1393 = CARTESIAN_POINT ( 'NONE',  ( -3.199057919425653193E-14, 2.490711984999860018, 19.33333333333333925 ) ) ;
#1394 = ORIENTED_EDGE ( 'NONE', *, *, #951, .F. ) ;
#1395 = AXIS2_PLACEMENT_3D ( 'NONE', #2355, #913, #1920 ) ;
#1396 = EDGE_LOOP ( 'NONE', ( #1248, #1631, #1328, #1268, #881 ) ) ;
#1397 = CARTESIAN_POINT ( 'NONE',  ( 16.36316810284152368, 2.348488963719402189, -9.643546226777710118 ) ) ;
#1398 = CARTESIAN_POINT ( 'NONE',  ( -16.40800032115226159, 2.338019752493750936, -9.589269889888171861 ) ) ;
#1399 = CARTESIAN_POINT ( 'NONE',  ( -0.9009026108533527699, 2.684940482415357543, 19.06482662624706492 ) ) ;
#1400 = DIRECTION ( 'NONE',  ( 0.000000000000000000, 0.000000000000000000, -1.000000000000000000 ) ) ;
#1401 = EDGE_CURVE ( 'NONE', #2307, #2641, #2353, .T. ) ;
#1402 = EDGE_LOOP ( 'NONE', ( #2067, #2054 ) ) ;
#1403 = CARTESIAN_POINT ( 'NONE',  ( -0.4897557782100035451, 2.550448048015821811, -19.25805357495096359 ) ) ;
#1404 = EDGE_CURVE ( 'NONE', #1029, #147, #154, .T. ) ;
#1405 = CARTESIAN_POINT ( 'NONE',  ( -0.7874563980029912758, 2.516662051579895198, -18.77922827152080387 ) ) ;
#1406 = ORIENTED_EDGE ( 'NONE', *, *, #395, .F. ) ;
#1407 = CARTESIAN_POINT ( 'NONE',  ( -1.452466340553584478, 2.799999999999999822, -17.87462184873966109 ) ) ;
#1408 = CARTESIAN_POINT ( 'NONE',  ( 0.3962271303684672952, 2.528978626623264780, 19.28565529701394965 ) ) ;
#1409 = ORIENTED_EDGE ( 'NONE', *, *, #1401, .F. ) ;
#1410 = CARTESIAN_POINT ( 'NONE',  ( 16.21961276103458616, 2.624520642716479113, -10.21455178132333508 ) ) ;
#1411 = B_SPLINE_CURVE_WITH_KNOTS ( 'NONE', 3,
 ( #1682, #850, #650, #889 ),
 .UNSPECIFIED., .F., .F.,
 ( 4, 4 ),
 ( 0.002299354282520421969, 0.002614637825378459974 ),
 .UNSPECIFIED. ) ;
#1412 = AXIS2_PLACEMENT_3D ( 'NONE', #1964, #931, #2601 ) ;
#1413 = DIRECTION ( 'NONE',  ( 2.040851148208010365E-15, 0.000000000000000000, 1.000000000000000000 ) ) ;
#1414 = CARTESIAN_POINT ( 'NONE',  ( -0.3306672403427701190, 2.791672380190553859, 18.96753030453291800 ) ) ;
#1415 = DIRECTION ( 'NONE',  ( -0.7004434720658483382, 0.000000000000000000, -0.7137078831289024317 ) ) ;
#1416 = VERTEX_POINT ( 'NONE', #2175 ) ;
#1417 = DIRECTION ( 'NONE',  ( 0.000000000000000000, -1.000000000000000000, 0.000000000000000000 ) ) ;
#1418 = CIRCLE ( 'NONE', #2111, 16.00000000000000000 ) ;
#1419 = CARTESIAN_POINT ( 'NONE',  ( 16.50283739014911788, 2.529238404831035680, -9.986891658091629154 ) ) ;
#1420 = EDGE_CURVE ( 'NONE', #647, #682, #997, .T. ) ;
#1421 = CARTESIAN_POINT ( 'NONE',  ( -0.5702407181146225135, 2.436030913322303260, -18.88981050698186692 ) ) ;
#1422 = ORIENTED_EDGE ( 'NONE', *, *, #2388, .F. ) ;
#1423 = DIRECTION ( 'NONE',  ( 0.000000000000000000, 0.000000000000000000, 1.000000000000000000 ) ) ;
#1424 = CARTESIAN_POINT ( 'NONE',  ( -3.199057919425653193E-14, 2.490711984999860018, 19.33333333333333925 ) ) ;
#1425 = CARTESIAN_POINT ( 'NONE',  ( 15.15544456622919611, 0.04550266720453532976, -7.849999999999142553 ) ) ;
#1426 = CARTESIAN_POINT ( 'NONE',  ( 14.70006994944460743, 3.000000000000000000, -10.38787482988872313 ) ) ;
#1427 = AXIS2_PLACEMENT_3D ( 'NONE', #78, #1794, #305 ) ;
#1428 = CARTESIAN_POINT ( 'NONE',  ( -15.15544456622875025, 1.800000000000000266, 8.749999999998145483 ) ) ;
#1429 = ORIENTED_EDGE ( 'NONE', *, *, #1835, .F. ) ;
#1430 = CARTESIAN_POINT ( 'NONE',  ( 0.1104917568209881351, 0.3571897008005264773, -16.59999999999998721 ) ) ;
#1431 = B_SPLINE_CURVE_WITH_KNOTS ( 'NONE', 3,
 ( #1959, #2155, #1543, #281, #495, #1706, #2379, #1718, #2562, #1516, #2338, #1494, #2585, #1324 ),
 .UNSPECIFIED., .F., .F.,
 ( 4, 2, 2, 2, 2, 2, 4 ),
 ( 0.0003160084365238647990, 0.0008906657837375116411, 0.001177994457344337231, 0.001465323130951162603, 0.001752651804557987976, 0.002039980478164813565, 0.002614637825378465612 ),
 .UNSPECIFIED. ) ;
#1432 = CARTESIAN_POINT ( 'NONE',  ( 15.15544456622817293, 10.50000000000000000, 8.750000000000866862 ) ) ;
#1433 = CARTESIAN_POINT ( 'NONE',  ( 0.000000000000000000, 1.500000000000000000, -15.00000000000000000 ) ) ;
#1434 = ORIENTED_EDGE ( 'NONE', *, *, #474, .T. ) ;
#1435 = CARTESIAN_POINT ( 'NONE',  ( -16.95099609610436175, 2.694159953568094235, -8.724774488660658633 ) ) ;
#1436 = ADVANCED_FACE ( 'NONE', ( #299 ), #2374, .F. ) ;
#1437 = DIRECTION ( 'NONE',  ( 0.000000000000000000, -0.000000000000000000, -1.000000000000000000 ) ) ;
#1438 = CARTESIAN_POINT ( 'NONE',  ( 0.000000000000000000, 0.000000000000000000, 0.000000000000000000 ) ) ;
#1439 = CARTESIAN_POINT ( 'NONE',  ( 15.49128249143317504, 2.933108794770824979, -10.22569831647733984 ) ) ;
#1440 = AXIS2_PLACEMENT_3D ( 'NONE', #701, #1532, #506 ) ;
#1441 = CARTESIAN_POINT ( 'NONE',  ( 16.66257933506351208, 2.504227518745066661, -8.738371876406185734 ) ) ;
#1442 = EDGE_CURVE ( 'NONE', #1221, #2050, #167, .T. ) ;
#1443 = AXIS2_PLACEMENT_3D ( 'NONE', #2681, #174, #2435 ) ;
#1444 = ORIENTED_EDGE ( 'NONE', *, *, #2590, .T. ) ;
#1445 = CARTESIAN_POINT ( 'NONE',  ( 0.4107846617769459474, 0.2544508266612066638, -16.69267251980539157 ) ) ;
#1446 = CARTESIAN_POINT ( 'NONE',  ( 0.000000000000000000, 0.000000000000000000, 0.000000000000000000 ) ) ;
#1448 = ORIENTED_EDGE ( 'NONE', *, *, #218, .F. ) ;
#1447 = FACE_OUTER_BOUND ( 'NONE', #173, .T. ) ;
#1449 = EDGE_LOOP ( 'NONE', ( #1004, #1867 ) ) ;
#1450 = CARTESIAN_POINT ( 'NONE',  ( 0.000000000000000000, 1.000000000000000000, 0.000000000000000000 ) ) ;
#1451 = DIRECTION ( 'NONE',  ( -0.000000000000000000, -1.000000000000000000, -0.000000000000000000 ) ) ;
#1452 = DIRECTION ( 'NONE',  ( 0.000000000000000000, 1.000000000000000000, 0.000000000000000000 ) ) ;
#1453 = ADVANCED_FACE ( 'NONE', ( #537 ), #1370, .F. ) ;
#1454 = CARTESIAN_POINT ( 'NONE',  ( 15.08519740862139535, 2.772721794525537131, -10.25745410886166553 ) ) ;
#1455 = EDGE_CURVE ( 'NONE', #437, #1924, #477, .T. ) ;
#1456 = CARTESIAN_POINT ( 'NONE',  ( 16.21324171395251668, 2.383839484584458379, -9.824230257127533505 ) ) ;
#1457 = ORIENTED_EDGE ( 'NONE', *, *, #1162, .T. ) ;
#1458 = CARTESIAN_POINT ( 'NONE',  ( 16.36513469168817636, 2.348124926031411874, 9.640934301919184435 ) ) ;
#1459 = AXIS2_PLACEMENT_3D ( 'NONE', #2714, #38, #1684 ) ;
#1460 = CARTESIAN_POINT ( 'NONE',  ( -14.75364343377221843, 2.799999999999999822, 10.19518367343091647 ) ) ;
#1462 = ORIENTED_EDGE ( 'NONE', *, *, #555, .T. ) ;
#1461 = CARTESIAN_POINT ( 'NONE',  ( 1.646128519298387438, 2.799999999999999822, -17.92457142857124808 ) ) ;
#1463 = ORIENTED_EDGE ( 'NONE', *, *, #218, .T. ) ;
#1464 = CARTESIAN_POINT ( 'NONE',  ( -15.15544456622719061, 10.50000000000000000, 8.749999999999131362 ) ) ;
#1465 =( LENGTH_UNIT ( ) NAMED_UNIT ( * ) SI_UNIT ( .MILLI., .METRE. ) );
#1466 = CARTESIAN_POINT ( 'NONE',  ( 14.97206386405241219, 0.1061622218012222285, 7.864463462465241861 ) ) ;
#1467 = FACE_BOUND ( 'NONE', #1748, .T. ) ;
#1468 = CARTESIAN_POINT ( 'NONE',  ( -16.61331774492656876, 2.391925645320489124, -9.112427257175740536 ) ) ;
#1469 = CARTESIAN_POINT ( 'NONE',  ( 0.000000000000000000, 3.000000000000000000, 0.000000000000000000 ) ) ;
#1470 = TOROIDAL_SURFACE ( 'NONE', #466, 1.699999999999998623, 0.2000000000000000111 ) ;
#1471 = VERTEX_POINT ( 'NONE', #139 ) ;
#1472 = CARTESIAN_POINT ( 'NONE',  ( 15.66411229202956790, 2.895186646248882667, 10.17262558992072741 ) ) ;
#1473 = AXIS2_PLACEMENT_3D ( 'NONE', #434, #2319, #1060 ) ;
#1474 = CARTESIAN_POINT ( 'NONE',  ( 15.15544456622663994, 1.800000000000000266, 10.25000000000178879 ) ) ;
#1476 = ORIENTED_EDGE ( 'NONE', *, *, #852, .F. ) ;
#1475 = CARTESIAN_POINT ( 'NONE',  ( 16.61331774492665758, 2.391925645320345684, 9.112427257175461648 ) ) ;
#1477 = EDGE_LOOP ( 'NONE', ( #1422, #698, #2418, #917 ) ) ;
#1478 = EDGE_CURVE ( 'NONE', #869, #1012, #2007, .T. ) ;
#1479 = DIRECTION ( 'NONE',  ( -0.000000000000000000, -1.000000000000000000, -0.000000000000000000 ) ) ;
#1480 = CARTESIAN_POINT ( 'NONE',  ( 14.57627601972903086, 0.2958585908545492971, 8.055348324000451754 ) ) ;
#1481 = AXIS2_PLACEMENT_3D ( 'NONE', #909, #1912, #895 ) ;
#1482 = DIRECTION ( 'NONE',  ( 0.000000000000000000, 1.000000000000000000, 0.000000000000000000 ) ) ;
#1483 = CARTESIAN_POINT ( 'NONE',  ( -16.53314006637980782, 2.348488963719445710, -9.349146150067092265 ) ) ;
#1484 = DIRECTION ( 'NONE',  ( 0.000000000000000000, 1.000000000000000000, 0.000000000000000000 ) ) ;
#1485 = FACE_OUTER_BOUND ( 'NONE', #1212, .T. ) ;
#1486 = EDGE_CURVE ( 'NONE', #911, #1062, #2700, .T. ) ;
#1488 = VERTEX_POINT ( 'NONE', #2673 ) ;
#1487 = DIRECTION ( 'NONE',  ( -0.9683108937037658848, 0.000000000000000000, 0.2497478991595609155 ) ) ;
#1489 = ADVANCED_FACE ( 'NONE', ( #583 ), #178, .F. ) ;
#1490 = AXIS2_PLACEMENT_3D ( 'NONE', #2205, #1999, #90 ) ;
#1491 = CARTESIAN_POINT ( 'NONE',  ( 15.15544456622649605, 2.752925400380068055, 10.25000000000178879 ) ) ;
#1492 = LINE ( 'NONE', #33, #2552 ) ;
#1493 = DIRECTION ( 'NONE',  ( 0.000000000000000000, 1.000000000000000000, 0.000000000000000000 ) ) ;
#1494 = CARTESIAN_POINT ( 'NONE',  ( -14.32749134536310720, 0.05885903598214209387, 9.144985009508454610 ) ) ;
#1495 = CARTESIAN_POINT ( 'NONE',  ( -14.89345429106835894, 2.999999999999999556, 10.44839190561214082 ) ) ;
#1496 = CARTESIAN_POINT ( 'NONE',  ( -16.34619846873882310, 3.000000000000000000, -7.536696598683051640 ) ) ;
#1497 = CARTESIAN_POINT ( 'NONE',  ( 14.70006994944460743, 2.799999999999999822, -10.38787482988872313 ) ) ;
#1498 = CARTESIAN_POINT ( 'NONE',  ( -2.105292111292268057E-12, 1.800000000000000266, 17.50000000000000000 ) ) ;
#1499 = AXIS2_PLACEMENT_3D ( 'NONE', #2033, #623, #800 ) ;
#1500 = FACE_OUTER_BOUND ( 'NONE', #1944, .T. ) ;
#1501 = ORIENTED_EDGE ( 'NONE', *, *, #1486, .F. ) ;
#1502 = CARTESIAN_POINT ( 'NONE',  ( 16.20610977432566813, 2.799999999999999822, 7.679438175308684222 ) ) ;
#1503 = ADVANCED_FACE ( 'NONE', ( #2060 ), #2256, .F. ) ;
#1504 = DIRECTION ( 'NONE',  ( 0.000000000000000000, 0.000000000000000000, 1.000000000000000000 ) ) ;
#1505 = DIRECTION ( 'NONE',  ( -0.000000000000000000, -1.000000000000000000, -0.000000000000000000 ) ) ;
#1506 = CARTESIAN_POINT ( 'NONE',  ( -14.26147047606427520, 0.1697505439513029291, -8.886936579441178097 ) ) ;
#1507 = PLANE ( 'NONE',  #2425 ) ;
#1508 = CARTESIAN_POINT ( 'NONE',  ( -1.452466340553584478, 3.000000000000000000, -17.87462184873966109 ) ) ;
#1509 = CARTESIAN_POINT ( 'NONE',  ( -16.63826882486536718, 2.498321068153803726, 9.830088770754869643 ) ) ;
#1510 = CARTESIAN_POINT ( 'NONE',  ( 0.8975423986193296066, 2.685180062054600469, 19.05751929088661001 ) ) ;
#1511 = FACE_OUTER_BOUND ( 'NONE', #1271, .T. ) ;
#1512 = AXIS2_PLACEMENT_3D ( 'NONE', #362, #1182, #377 ) ;
#1513 = EDGE_LOOP ( 'NONE', ( #906, #2578, #199, #2572, #2247, #1406, #1409, #597, #2237, #628, #2596, #1837, #795, #1591, #1388, #2285, #264, #1391 ) ) ;
#1514 = DIRECTION ( 'NONE',  ( 0.000000000000000000, -1.000000000000000000, 0.000000000000000000 ) ) ;
#1515 = DIRECTION ( 'NONE',  ( 0.000000000000000000, 0.000000000000000000, 1.000000000000000000 ) ) ;
#1516 = CARTESIAN_POINT ( 'NONE',  ( -14.25242187929194415, 0.2100286024792651640, 8.800207720141486334 ) ) ;
#1517 = EDGE_CURVE ( 'NONE', #529, #2307, #1749, .T. ) ;
#1518 = CARTESIAN_POINT ( 'NONE',  ( -16.34619846874069182, 3.000000000000000000, 7.536696598679011316 ) ) ;
#1519 = DIRECTION ( 'NONE',  ( 0.000000000000000000, -0.000000000000000000, 1.000000000000000000 ) ) ;
#1520 = FACE_OUTER_BOUND ( 'NONE', #2207, .T. ) ;
#1521 = AXIS2_PLACEMENT_3D ( 'NONE', #757, #922, #946 ) ;
#1522 = ORIENTED_EDGE ( 'NONE', *, *, #12, .T. ) ;
#1523 = CARTESIAN_POINT ( 'NONE',  ( -16.00722982831877061, 2.462068582714030285, 9.987325509596692186 ) ) ;
#1524 = ADVANCED_FACE ( 'NONE', ( #1826 ), #1207, .F. ) ;
#1525 = CARTESIAN_POINT ( 'NONE',  ( 1.316911337702120655, 2.875701266815335444, 18.66872419195294341 ) ) ;
#1526 = CARTESIAN_POINT ( 'NONE',  ( 1.337918315551877235, 2.771547419667839129, -18.19770048288171083 ) ) ;
#1527 = CIRCLE ( 'NONE', #342, 1.700000000000001066 ) ;
#1528 = ORIENTED_EDGE ( 'NONE', *, *, #2047, .F. ) ;
#1529 = CARTESIAN_POINT ( 'NONE',  ( -15.45064973998591462, 2.674344888869287562, 10.22780800267191914 ) ) ;
#1530 = FACE_OUTER_BOUND ( 'NONE', #2472, .T. ) ;
#1531 = CIRCLE ( 'NONE', #572, 1.499999999999997780 ) ;
#1532 = DIRECTION ( 'NONE',  ( 0.000000000000000000, -1.000000000000000000, 0.000000000000000000 ) ) ;
#1533 = DIRECTION ( 'NONE',  ( -0.000000000000000000, -1.000000000000000000, -0.000000000000000000 ) ) ;
#1534 = CARTESIAN_POINT ( 'NONE',  ( 2.449293598294706513E-15, 1.000000000000000000, 20.00000000000000000 ) ) ;
#1535 = ORIENTED_EDGE ( 'NONE', *, *, #400, .F. ) ;
#1536 = CARTESIAN_POINT ( 'NONE',  ( -16.25613615784845933, 2.373741821289839571, 9.772496464744133249 ) ) ;
#1537 = EDGE_CURVE ( 'NONE', #1086, #1555, #1929, .T. ) ;
#1538 = CARTESIAN_POINT ( 'NONE',  ( 0.5702407181144940607, 2.436030913322305480, 18.88981050698187047 ) ) ;
#1539 = CARTESIAN_POINT ( 'NONE',  ( 15.09189223036492322, 2.967829911744965354, 10.47091746077083307 ) ) ;
#1540 = ORIENTED_EDGE ( 'NONE', *, *, #2328, .T. ) ;
#1541 =( GEOMETRIC_REPRESENTATION_CONTEXT ( 3 ) GLOBAL_UNCERTAINTY_ASSIGNED_CONTEXT ( ( #642 ) ) GLOBAL_UNIT_ASSIGNED_CONTEXT ( ( #1465, #620, #20 ) ) REPRESENTATION_CONTEXT ( 'NONE', 'WORKASPACE' ) );
#1542 = FACE_OUTER_BOUND ( 'NONE', #1892, .T. ) ;
#1543 = CARTESIAN_POINT ( 'NONE',  ( -14.79643945788595083, 0.1857352197002052618, 7.905764015367847009 ) ) ;
#1544 = LINE ( 'NONE', #2380, #2452 ) ;
#1545 = CARTESIAN_POINT ( 'NONE',  ( -1.646128519298511783, 3.000000000000000000, 17.92457142857123387 ) ) ;
#1546 = ORIENTED_EDGE ( 'NONE', *, *, #1051, .F. ) ;
#1547 = CARTESIAN_POINT ( 'NONE',  ( -16.48598796158839619, 2.788855722973071050, 9.445472501805515009 ) ) ;
#1548 = CARTESIAN_POINT ( 'NONE',  ( 15.15544456622817293, 1.799999999999999600, 8.750000000000866862 ) ) ;
#1549 = CARTESIAN_POINT ( 'NONE',  ( -15.15544456622719061, 10.50000000000000000, 7.849999999999131894 ) ) ;
#1550 = EDGE_CURVE ( 'NONE', #58, #350, #1235, .T. ) ;
#1551 = ORIENTED_EDGE ( 'NONE', *, *, #1847, .F. ) ;
#1552 = AXIS2_PLACEMENT_3D ( 'NONE', #849, #2547, #34 ) ;
#1553 = CARTESIAN_POINT ( 'NONE',  ( 15.46295612306247236, 0.000000000000000000, -7.904165121069478772 ) ) ;
#1554 = EDGE_CURVE ( 'NONE', #211, #2429, #1712, .T. ) ;
#1555 = VERTEX_POINT ( 'NONE', #788 ) ;
#1556 = CARTESIAN_POINT ( 'NONE',  ( 15.15544456622663994, 1.800000000000000266, 8.750000000001787015 ) ) ;
#1557 = CARTESIAN_POINT ( 'NONE',  ( -0.7204338266011854897, 0.07846849105634233490, 16.95037923147009806 ) ) ;
#1558 = ORIENTED_EDGE ( 'NONE', *, *, #2388, .T. ) ;
#1559 = CARTESIAN_POINT ( 'NONE',  ( -16.07393541266332804, 2.436030913322471125, 9.938748201650293268 ) ) ;
#1560 = DIRECTION ( 'NONE',  ( 0.000000000000000000, 1.000000000000000000, 0.000000000000000000 ) ) ;
#1561 = CARTESIAN_POINT ( 'NONE',  ( 15.15544456622663994, 2.799999999999999822, 7.250000000001786127 ) ) ;
#1562 = CARTESIAN_POINT ( 'NONE',  ( 14.89455204215141215, 2.993060784509759209, 10.44078433538490458 ) ) ;
#1563 = EDGE_CURVE ( 'NONE', #869, #2016, #2633, .T. ) ;
#1564 = AXIS2_PLACEMENT_3D ( 'NONE', #887, #874, #35 ) ;
#1565 = DIRECTION ( 'NONE',  ( 0.000000000000000000, -1.000000000000000000, 0.000000000000000000 ) ) ;
#1566 = EDGE_CURVE ( 'NONE', #220, #2218, #1244, .T. ) ;
#1567 = CARTESIAN_POINT ( 'NONE',  ( 0.3800223737337620755, 2.525880617796032457, -19.28960575855781201 ) ) ;
#1568 = ORIENTED_EDGE ( 'NONE', *, *, #898, .T. ) ;
#1569 = CARTESIAN_POINT ( 'NONE',  ( -1.646128519294326464, 3.000000000000000000, -17.92457142857161756 ) ) ;
#1570 = CIRCLE ( 'NONE', #1617, 0.8999999999999998002 ) ;
#1571 = CARTESIAN_POINT ( 'NONE',  ( -15.11174877653506954, 2.968840824838287595, -10.48075334093751820 ) ) ;
#1572 = VERTEX_POINT ( 'NONE', #2048 ) ;
#1573 = CARTESIAN_POINT ( 'NONE',  ( 15.79805403666240515, 2.545415502743258784, -10.10776841618118205 ) ) ;
#1574 = CARTESIAN_POINT ( 'NONE',  ( -15.72707391902489604, 2.574701414916193976, -10.14440518120488477 ) ) ;
#1575 = CARTESIAN_POINT ( 'NONE',  ( -1.600019680746986417, 2.999999999999999556, 18.13045918924295918 ) ) ;
#1576 = CARTESIAN_POINT ( 'NONE',  ( 16.83587301246625145, 2.499097134316200286, 9.485975659271636218 ) ) ;
#1577 = ORIENTED_EDGE ( 'NONE', *, *, #2133, .T. ) ;
#1578 = CARTESIAN_POINT ( 'NONE',  ( -0.6700805846611246341, 2.601818638828766961, 19.18681565769416153 ) ) ;
#1579 = CARTESIAN_POINT ( 'NONE',  ( 1.190121870461689380, 2.812714726853227987, -18.81823189394537010 ) ) ;
#1580 = ORIENTED_EDGE ( 'NONE', *, *, #1120, .F. ) ;
#1581 = EDGE_CURVE ( 'NONE', #1702, #1294, #1923, .T. ) ;
#1582 = CARTESIAN_POINT ( 'NONE',  ( 14.79643945788815529, 0.1857352196988438786, -7.905764015367779507 ) ) ;
#1583 = CIRCLE ( 'NONE', #185, 1.500000000000001332 ) ;
#1584 = CARTESIAN_POINT ( 'NONE',  ( -0.2185829246517062840, 0.3296160242939618068, 16.62094186558700670 ) ) ;
#1585 = AXIS2_PLACEMENT_3D ( 'NONE', #853, #1069, #1082 ) ;
#1586 = ORIENTED_EDGE ( 'NONE', *, *, #1733, .T. ) ;
#1587 = CARTESIAN_POINT ( 'NONE',  ( 16.59068997348283858, 2.373292553270796468, -9.194054896298322177 ) ) ;
#1588 = CARTESIAN_POINT ( 'NONE',  ( 0.1105655892165187532, 0.3571897008005090468, 16.60000000000001208 ) ) ;
#1589 = CARTESIAN_POINT ( 'NONE',  ( -16.63618656601301282, 2.411117483122431349, 9.031057920655035431 ) ) ;
#1590 = CARTESIAN_POINT ( 'NONE',  ( 16.92309000561549581, 2.550738497480506517, 9.203685187116334987 ) ) ;
#1591 = ORIENTED_EDGE ( 'NONE', *, *, #2625, .T. ) ;
#1592 = CARTESIAN_POINT ( 'NONE',  ( 16.88391403385867662, 2.821807842104762099, -8.351756242149917853 ) ) ;
#1593 = CARTESIAN_POINT ( 'NONE',  ( -1.110073267788588280, 2.933108794771196237, -18.52869333302044907 ) ) ;
#1594 = VERTEX_POINT ( 'NONE', #891 ) ;
#1595 = CARTESIAN_POINT ( 'NONE',  ( -15.15544456622658309, 2.799999999999999822, -8.750000000001895373 ) ) ;
#1596 = TOROIDAL_SURFACE ( 'NONE', #2604, 15.50000000000000000, 0.5000000000000000000 ) ;
#1597 = CARTESIAN_POINT ( 'NONE',  ( 0.9947888227355120572, 2.726138508047286191, 18.98649018419917311 ) ) ;
#1598 = AXIS2_PLACEMENT_3D ( 'NONE', #1801, #1018, #171 ) ;
#1599 = EDGE_LOOP ( 'NONE', ( #503, #1786, #564, #2583, #963, #521 ) ) ;
#1600 = EDGE_CURVE ( 'NONE', #1488, #911, #544, .T. ) ;
#1601 = CARTESIAN_POINT ( 'NONE',  ( 16.53186136752285762, 2.348124926031382120, -9.352155228396474840 ) ) ;
#1602 = FACE_OUTER_BOUND ( 'NONE', #1402, .T. ) ;
#1603 = CARTESIAN_POINT ( 'NONE',  ( -16.65449811776338152, 2.557328747963977467, 8.595275712107390831 ) ) ;
#1604 = CARTESIAN_POINT ( 'NONE',  ( 16.48114314662276669, 2.340681632990058603, -9.455899625817448140 ) ) ;
#1605 = ADVANCED_FACE ( 'NONE', ( #839 ), #1900, .F. ) ;
#1606 = ORIENTED_EDGE ( 'NONE', *, *, #2590, .F. ) ;
#1607 = CARTESIAN_POINT ( 'NONE',  ( 0.000000000000000000, 3.000000000000000000, 0.000000000000000000 ) ) ;
#1608 = CARTESIAN_POINT ( 'NONE',  ( -0.4775987300087538023, 2.802604372277462730, -18.92713859346598326 ) ) ;
#1609 = EDGE_LOOP ( 'NONE', ( #533, #1197, #1365, #1627, #1145 ) ) ;
#1610 = LINE ( 'NONE', #2451, #259 ) ;
#1611 = CARTESIAN_POINT ( 'NONE',  ( 2.126724742465623718E-15, 1.000000000000000000, -17.36602540378444104 ) ) ;
#1612 = ORIENTED_EDGE ( 'NONE', *, *, #1251, .F. ) ;
#1613 = VECTOR ( 'NONE', #274, 1000.000000000000000 ) ;
#1614 = CARTESIAN_POINT ( 'NONE',  ( 16.07393541266321080, 2.436030913322364544, -9.938748201650453140 ) ) ;
#1615 = CARTESIAN_POINT ( 'NONE',  ( -15.15544456622643921, 2.752925400380064502, -10.25000000000189537 ) ) ;
#1616 = CARTESIAN_POINT ( 'NONE',  ( -0.1667266758348062428, 2.348124926031257331, 18.99308953031556868 ) ) ;
#1617 = AXIS2_PLACEMENT_3D ( 'NONE', #371, #1204, #1000 ) ;
#1618 = CARTESIAN_POINT ( 'NONE',  ( 16.63618656601295953, 2.411117483122428684, -9.031057920655140236 ) ) ;
#1619 = ADVANCED_FACE ( 'NONE', ( #246 ), #1885, .F. ) ;
#1620 = VERTEX_POINT ( 'NONE', #1094 ) ;
#1621 = DIRECTION ( 'NONE',  ( -0.000000000000000000, 1.000000000000000000, -0.000000000000000000 ) ) ;
#1622 = CARTESIAN_POINT ( 'NONE',  ( 16.63303240684318141, 2.499097134316192292, -9.837305894048849808 ) ) ;
#1623 = CARTESIAN_POINT ( 'NONE',  ( 0.06297484348343625193, 2.788855722973098139, -19.00002063212263081 ) ) ;
#1624 = EDGE_LOOP ( 'NONE', ( #2041, #625 ) ) ;
#1625 = CARTESIAN_POINT ( 'NONE',  ( -0.7911554545602234034, 2.516823246330671005, -18.78441690522232221 ) ) ;
#1626 = DIRECTION ( 'NONE',  ( 0.000000000000000000, 1.000000000000000000, 0.000000000000000000 ) ) ;
#1627 = ORIENTED_EDGE ( 'NONE', *, *, #2662, .T. ) ;
#1628 = CIRCLE ( 'NONE', #456, 0.2000000000000003164 ) ;
#1629 = CARTESIAN_POINT ( 'NONE',  ( 14.75364343377214738, 2.799999999999999822, -10.19518367343102128 ) ) ;
#1630 = DIRECTION ( 'NONE',  ( -0.000000000000000000, 1.000000000000000000, -0.000000000000000000 ) ) ;
#1631 = ORIENTED_EDGE ( 'NONE', *, *, #245, .F. ) ;
#1632 = CARTESIAN_POINT ( 'NONE',  ( 0.6524344418259285794, 0.1199767158995092842, -16.87200206791484547 ) ) ;
#1633 = EDGE_CURVE ( 'NONE', #3, #846, #638, .T. ) ;
#1634 = CARTESIAN_POINT ( 'NONE',  ( 16.95114128767164274, 2.693695232010435259, -8.726133466941972117 ) ) ;
#1635 = CARTESIAN_POINT ( 'NONE',  ( 1.594747225509138389, 2.993069939411737490, -18.11932523484769675 ) ) ;
#1636 = ORIENTED_EDGE ( 'NONE', *, *, #415, .T. ) ;
#1637 = CARTESIAN_POINT ( 'NONE',  ( -16.49529996448997693, 2.999999999999999556, -7.673913813361525449 ) ) ;
#1638 = CARTESIAN_POINT ( 'NONE',  ( 0.000000000000000000, 1.500000000000000000, 0.000000000000000000 ) ) ;
#1639 = EDGE_CURVE ( 'NONE', #1012, #1347, #53, .T. ) ;
#1640 = CARTESIAN_POINT ( 'NONE',  ( 15.36220704405343263, 4.130835824877435124E-16, -7.867536806362480206 ) ) ;
#1641 = ORIENTED_EDGE ( 'NONE', *, *, #641, .T. ) ;
#1642 = AXIS2_PLACEMENT_3D ( 'NONE', #1274, #2521, #687 ) ;
#1643 = FACE_OUTER_BOUND ( 'NONE', #192, .T. ) ;
#1644 = AXIS2_PLACEMENT_3D ( 'NONE', #1607, #2448, #2024 ) ;
#1645 = B_SPLINE_CURVE_WITH_KNOTS ( 'NONE', 3,
 ( #2106, #1701, #462, #1460 ),
 .UNSPECIFIED., .F., .F.,
 ( 4, 4 ),
 ( 0.003673346454422989765, 0.004085032528418947213 ),
 .UNSPECIFIED. ) ;
#1646 = CARTESIAN_POINT ( 'NONE',  ( 16.60132960738448560, 2.372749047530059219, -9.177205364188777637 ) ) ;
#1647 = EDGE_LOOP ( 'NONE', ( #382, #2608, #1848, #2012, #821, #2632 ) ) ;
#1648 = CARTESIAN_POINT ( 'NONE',  ( 15.70200593923286725, 2.812714726853014824, 10.43979172039193948 ) ) ;
#1649 = CARTESIAN_POINT ( 'NONE',  ( 16.95673808563869400, 2.631485677979905624, -8.916946016908807948 ) ) ;
#1650 = ADVANCED_FACE ( 'NONE', ( #692 ), #11, .T. ) ;
#1651 = AXIS2_PLACEMENT_3D ( 'NONE', #327, #1992, #2161 ) ;
#1653 = ORIENTED_EDGE ( 'NONE', *, *, #548, .T. ) ;
#1652 = CARTESIAN_POINT ( 'NONE',  ( 15.15544456622919611, 0.04550266720453532976, -7.849999999999142553 ) ) ;
#1654 = VERTEX_POINT ( 'NONE', #485 ) ;
#1655 = CARTESIAN_POINT ( 'NONE',  ( -16.95143746197483381, 2.602216458436653390, -9.011739485484701717 ) ) ;
#1656 = CARTESIAN_POINT ( 'NONE',  ( 0.000000000000000000, 0.000000000000000000, 17.50000000000000000 ) ) ;
#1657 = CARTESIAN_POINT ( 'NONE',  ( 0.000000000000000000, 0.5000000000000000000, 0.000000000000000000 ) ) ;
#1658 = CARTESIAN_POINT ( 'NONE',  ( -14.70006994944211165, 2.799999999999999822, -10.38787482989226163 ) ) ;
#1659 = AXIS2_PLACEMENT_3D ( 'NONE', #63, #2548, #674 ) ;
#1660 = CARTESIAN_POINT ( 'NONE',  ( -0.7200467198485043241, 0.07870298929480055994, -16.94992735617996615 ) ) ;
#1661 = CIRCLE ( 'NONE', #1873, 17.36602540378444104 ) ;
#1662 = ORIENTED_EDGE ( 'NONE', *, *, #990, .T. ) ;
#1663 = CARTESIAN_POINT ( 'NONE',  ( 15.11174877653516191, 2.968840824838253845, 10.48075334093758748 ) ) ;
#1664 = PRODUCT_CONTEXT ( 'NONE', #2315, 'mechanical' ) ;
#1666 = ORIENTED_EDGE ( 'NONE', *, *, #2689, .F. ) ;
#1665 = CARTESIAN_POINT ( 'NONE',  ( 1.478637115181030026, 2.949401441100429011, -18.39543734343039461 ) ) ;
#1667 = VERTEX_POINT ( 'NONE', #1056 ) ;
#1668 = CARTESIAN_POINT ( 'NONE',  ( -15.15544456622719061, 1.799999999999999600, 9.649999999999131717 ) ) ;
#1669 = DIRECTION ( 'NONE',  ( 0.000000000000000000, 0.000000000000000000, 1.000000000000000000 ) ) ;
#1670 = CARTESIAN_POINT ( 'NONE',  ( 14.72410069921172848, 0.2219052025204447942, 7.955066276592800634 ) ) ;
#1671 = ADVANCED_FACE ( 'NONE', ( #1520, #1277 ), #429, .T. ) ;
#1672 = DIRECTION ( 'NONE',  ( 0.000000000000000000, 0.000000000000000000, 1.000000000000000000 ) ) ;
#1673 = B_SPLINE_CURVE_WITH_KNOTS ( 'NONE', 3,
 ( #392, #186, #560, #1392, #366, #1185, #1625, #2014, #145, #1407 ),
 .UNSPECIFIED., .F., .F.,
 ( 4, 2, 2, 2, 4 ),
 ( 0.002041626964696293713, 0.002297052660161626268, 0.002552478355626958389, 0.003063329746557623065, 0.004085032528418958489 ),
 .UNSPECIFIED. ) ;
#1674 = ORIENTED_EDGE ( 'NONE', *, *, #1927, .F. ) ;
#1675 = CARTESIAN_POINT ( 'NONE',  ( 16.64054982926249693, 2.497916581428626159, 9.827129920695051979 ) ) ;
#1677 = ORIENTED_EDGE ( 'NONE', *, *, #1202, .F. ) ;
#1676 = CARTESIAN_POINT ( 'NONE',  ( 16.95306703832941864, 2.685180062054600469, 8.751465127265433352 ) ) ;
#1678 = ORIENTED_EDGE ( 'NONE', *, *, #128, .F. ) ;
#1679 = DIRECTION ( 'NONE',  ( 0.000000000000000000, 0.000000000000000000, 1.000000000000000000 ) ) ;
#1680 = DIRECTION ( 'NONE',  ( 0.000000000000000000, 0.000000000000000000, -1.000000000000000000 ) ) ;
#1681 = FACE_OUTER_BOUND ( 'NONE', #629, .T. ) ;
#1682 = CARTESIAN_POINT ( 'NONE',  ( -15.15544456622619052, 0.04550266720512196467, -7.850000000000864731 ) ) ;
#1683 = CARTESIAN_POINT ( 'NONE',  ( -16.36513469168795964, 2.348124926031344373, -9.640934301919481086 ) ) ;
#1684 = DIRECTION ( 'NONE',  ( 1.020425574104003999E-15, 0.000000000000000000, 1.000000000000000000 ) ) ;
#1685 = AXIS2_PLACEMENT_3D ( 'NONE', #2626, #1349, #1948 ) ;
#1686 = CARTESIAN_POINT ( 'NONE',  ( 0.000000000000000000, 1.000000000000000000, 18.00000000000000355 ) ) ;
#1687 = EDGE_CURVE ( 'NONE', #147, #1029, #414, .T. ) ;
#1688 = DIRECTION ( 'NONE',  ( -0.000000000000000000, 1.000000000000000000, -0.000000000000000000 ) ) ;
#1690 = VERTEX_POINT ( 'NONE', #2316 ) ;
#1689 = CARTESIAN_POINT ( 'NONE',  ( 1.646128519298386994, 3.000000000000000000, -17.92457142857124452 ) ) ;
#1691 = DIRECTION ( 'NONE',  ( -0.000000000000000000, 1.000000000000000000, -0.000000000000000000 ) ) ;
#1692 = DIRECTION ( 'NONE',  ( 0.000000000000000000, 1.000000000000000000, 0.000000000000000000 ) ) ;
#1693 = CARTESIAN_POINT ( 'NONE',  ( 0.000000000000000000, 0.5000000000000000000, 16.00000000000000000 ) ) ;
#1694 = CARTESIAN_POINT ( 'NONE',  ( 14.26147047606610840, 0.1697505439506415970, 8.886936579440135375 ) ) ;
#1695 = AXIS2_PLACEMENT_3D ( 'NONE', #1686, #1902, #57 ) ;
#1696 = DIRECTION ( 'NONE',  ( 0.000000000000000000, 0.000000000000000000, -1.000000000000000000 ) ) ;
#1697 = CARTESIAN_POINT ( 'NONE',  ( -15.87317889186782160, 2.516446444577276065, -10.07696321414361940 ) ) ;
#1698 = CARTESIAN_POINT ( 'NONE',  ( 14.88729878395152895, 2.800000000000000266, -10.23234356670146461 ) ) ;
#1699 = DIRECTION ( 'NONE',  ( 0.000000000000000000, 1.000000000000000000, 0.000000000000000000 ) ) ;
#1700 = EDGE_CURVE ( 'NONE', #1620, #1488, #187, .T. ) ;
#1701 = CARTESIAN_POINT ( 'NONE',  ( -15.02103477105449159, 2.782183816539171239, 10.24999999999814193 ) ) ;
#1702 = VERTEX_POINT ( 'NONE', #2511 ) ;
#1703 = CARTESIAN_POINT ( 'NONE',  ( 16.31662965518329855, 2.800000000000000266, 7.787904020944130146 ) ) ;
#1704 = CARTESIAN_POINT ( 'NONE',  ( -15.85871196413246942, 2.520601691683342249, 10.08286193049753798 ) ) ;
#1705 = DIRECTION ( 'NONE',  ( 0.000000000000000000, 0.000000000000000000, 1.000000000000000000 ) ) ;
#1706 = CARTESIAN_POINT ( 'NONE',  ( -14.38991049858436178, 0.3622422952115687544, 8.267353073096213478 ) ) ;
#1707 = CARTESIAN_POINT ( 'NONE',  ( -16.66814593355306329, 2.831213902603034960, 8.820539097440700971 ) ) ;
#1708 = CARTESIAN_POINT ( 'NONE',  ( -16.59207618644865079, 2.791726793965634279, -9.196224599017259749 ) ) ;
#1709 = DIRECTION ( 'NONE',  ( 0.000000000000000000, -1.000000000000000000, 0.000000000000000000 ) ) ;
#1710 = CARTESIAN_POINT ( 'NONE',  ( -1.452466340557758029, 2.799999999999999822, 17.87462184873933069 ) ) ;
#1711 = CIRCLE ( 'NONE', #2057, 0.9000000000000014655 ) ;
#1712 = CIRCLE ( 'NONE', #2059, 0.1999999999999995115 ) ;
#1713 = ORIENTED_EDGE ( 'NONE', *, *, #441, .F. ) ;
#1714 = ADVANCED_FACE ( 'NONE', ( #2538 ), #637, .F. ) ;
#1715 = DIRECTION ( 'NONE',  ( 0.000000000000000000, 1.000000000000000000, 0.000000000000000000 ) ) ;
#1716 = DIRECTION ( 'NONE',  ( 0.000000000000000000, 0.000000000000000000, 1.000000000000000000 ) ) ;
#1717 = CARTESIAN_POINT ( 'NONE',  ( 14.50803460213444041, 0.3288388284364117675, 8.117631085814648984 ) ) ;
#1718 = CARTESIAN_POINT ( 'NONE',  ( -14.27698196317063228, 0.3202304533162588784, 8.532521969313396681 ) ) ;
#1719 = CARTESIAN_POINT ( 'NONE',  ( -14.26025578818552830, 0.2858766767585352309, -8.621454857047531561 ) ) ;
#1720 = EDGE_CURVE ( 'NONE', #1294, #2017, #55, .T. ) ;
#1721 = VECTOR ( 'NONE', #2051, 1000.000000000000000 ) ;
#1722 = CARTESIAN_POINT ( 'NONE',  ( -15.97288390023433635, 2.831213902602792931, -10.02476826372333818 ) ) ;
#1723 = DIRECTION ( 'NONE',  ( 0.000000000000000000, 0.000000000000000000, -1.000000000000000000 ) ) ;
#1724 = ORIENTED_EDGE ( 'NONE', *, *, #2559, .F. ) ;
#1725 = CARTESIAN_POINT ( 'NONE',  ( -16.96409104699120007, 2.619552970156042715, 8.942906254741302519 ) ) ;
#1726 = CARTESIAN_POINT ( 'NONE',  ( 1.340617132116397103, 2.772721794525495831, 18.19289123140029218 ) ) ;
#1727 = CARTESIAN_POINT ( 'NONE',  ( -14.57668585208522494, 0.000000000000000000, 9.439230259640085663 ) ) ;
#1728 = TOROIDAL_SURFACE ( 'NONE', #686, 1.700000000000000622, 0.2000000000000000111 ) ;
#1729 = VERTEX_POINT ( 'NONE', #666 ) ;
#1730 = CARTESIAN_POINT ( 'NONE',  ( -15.15544456622658309, 3.000000000000000000, -8.750000000001895373 ) ) ;
#1731 = CARTESIAN_POINT ( 'NONE',  ( -2.105292111292268057E-12, 1.800000000000000266, 19.00000000000000355 ) ) ;
#1732 = CARTESIAN_POINT ( 'NONE',  ( 1.983090264432757922E-12, 10.50000000000000000, -17.50000000000000000 ) ) ;
#1733 = EDGE_CURVE ( 'NONE', #51, #1347, #1806, .T. ) ;
#1734 = DIRECTION ( 'NONE',  ( 0.000000000000000000, 0.000000000000000000, -1.000000000000000000 ) ) ;
#1735 = CARTESIAN_POINT ( 'NONE',  ( -16.94374260657446030, 2.717128330482497134, -8.658051926656712638 ) ) ;
#1736 = CIRCLE ( 'NONE', #1168, 0.1999999999999998446 ) ;
#1737 = ORIENTED_EDGE ( 'NONE', *, *, #1554, .T. ) ;
#1738 = CARTESIAN_POINT ( 'NONE',  ( -15.95912053374575912, 2.834548508290255064, 10.02285274829925577 ) ) ;
#1739 = FACE_OUTER_BOUND ( 'NONE', #2135, .T. ) ;
#1740 = CARTESIAN_POINT ( 'NONE',  ( -0.3385379451647833604, 2.370114362790191276, 18.97047376513218353 ) ) ;
#1741 = AXIS2_PLACEMENT_3D ( 'NONE', #1730, #2534, #1716 ) ;
#1742 = ORIENTED_EDGE ( 'NONE', *, *, #966, .T. ) ;
#1743 = CARTESIAN_POINT ( 'NONE',  ( -3.199057919425653193E-14, 2.490711984999860018, 19.33333333333333925 ) ) ;
#1744 = CIRCLE ( 'NONE', #1958, 1.699999999999998401 ) ;
#1745 = DIRECTION ( 'NONE',  ( 0.000000000000000000, -1.000000000000000000, 0.000000000000000000 ) ) ;
#1746 = CARTESIAN_POINT ( 'NONE',  ( -16.81546591545068026, 2.882608354211011026, 8.171072564338462740 ) ) ;
#1747 = DIRECTION ( 'NONE',  ( 0.000000000000000000, 0.000000000000000000, 1.000000000000000000 ) ) ;
#1748 = EDGE_LOOP ( 'NONE', ( #106, #1457 ) ) ;
#1749 = B_SPLINE_CURVE_WITH_KNOTS ( 'NONE', 3,
 ( #2471, #1861, #2484, #2498, #2699, #2227, #1660, #2073, #2021, #153 ),
 .UNSPECIFIED., .F., .F.,
 ( 4, 2, 2, 2, 4 ),
 ( 0.001306882272643726268, 0.001633821160826825960, 0.001960760049009925652, 0.002287698937193025344, 0.002614637825376125036 ),
 .UNSPECIFIED. ) ;
#1750 = CARTESIAN_POINT ( 'NONE',  ( -16.44556955759662031, 2.546584045754054504, 10.04164958910646099 ) ) ;
#1751 = CARTESIAN_POINT ( 'NONE',  ( -14.70006994944468026, 3.000000000000000000, 10.38787482988862187 ) ) ;
#1752 = DIRECTION ( 'NONE',  ( -0.000000000000000000, -1.000000000000000000, -0.000000000000000000 ) ) ;
#1753 = ADVANCED_FACE ( 'NONE', ( #460 ), #1296, .T. ) ;
#1754 = ORIENTED_EDGE ( 'NONE', *, *, #1554, .F. ) ;
#1755 = CIRCLE ( 'NONE', #98, 1.700000000000000178 ) ;
#1756 = CARTESIAN_POINT ( 'NONE',  ( -0.3998064954387516301, 2.524826595268472751, 19.29358266260033616 ) ) ;
#1757 = VERTEX_POINT ( 'NONE', #1652 ) ;
#1758 = LINE ( 'NONE', #915, #2669 ) ;
#1759 = CARTESIAN_POINT ( 'NONE',  ( 1.102182119232616555E-16, 1.799999999999999600, 18.40000000000000213 ) ) ;
#1760 = CIRCLE ( 'NONE', #2107, 0.9000000000000014655 ) ;
#1761 = ORIENTED_EDGE ( 'NONE', *, *, #505, .T. ) ;
#1762 = CARTESIAN_POINT ( 'NONE',  ( -16.79067030420047502, 2.490670770922794208, 9.584472877142047764 ) ) ;
#1763 =( BOUNDED_SURFACE ( )  B_SPLINE_SURFACE ( 3, 2, ( 
 ( #1937, #1884, #1496 ),
 ( #1909, #1260, #471 ),
 ( #65, #905, #2329 ),
 ( #2341, #2357, #2564 ),
 ( #256, #2132, #10 ),
 ( #1276, #1093, #1735 ),
 ( #665, #876, #484 ),
 ( #445, #49, #270 ),
 ( #635, #1922, #1315 ),
 ( #1468, #1708, #1106 ),
 ( #459, #2117, #2102 ),
 ( #1483, #244, #2298 ),
 ( #1080, #428, #890 ),
 ( #851, #1055, #1068 ),
 ( #1683, #2524, #651 ),
 ( #677, #37, #2313 ),
 ( #232, #2550, #1898 ),
 ( #24, #864, #691 ),
 ( #1697, #1722, #2421 ),
 ( #335, #738, #1327 ),
 ( #546, #940, #2587 ),
 ( #717, #1778, #1571 ),
 ( #1121, #1338, #1157 ),
 ( #1173, #2168, #2381 ) ),
 .UNSPECIFIED., .F., .F., .T. ) 
 B_SPLINE_SURFACE_WITH_KNOTS ( ( 4, 2, 2, 2, 2, 2, 2, 2, 2, 2, 2, 4 ),
 ( 3, 3 ),
 ( 1.084202172485504434E-19, 0.0005703763139338206053, 0.001140752627867640994, 0.001425940784834551188, 0.001711128941801461599, 0.001996317098768372010, 0.002281505255735281987, 0.002566693412702191965, 0.002851881569669102376, 0.003422257883602923198, 0.003992634197536744020, 0.004563010511470563975 ),
 ( 0.000000000000000000, 1.000000000000000000 ),
 .UNSPECIFIED. ) 
 GEOMETRIC_REPRESENTATION_ITEM ( )  RATIONAL_B_SPLINE_SURFACE ( (
 ( 1.000000000000000000, 0.7071067811865464625, 1.000000000000000000),
 ( 1.000000000000000000, 0.6951570871117543904, 1.000000000000000000),
 ( 1.000000000000000000, 0.6727307808529954247, 1.000000000000000000),
 ( 1.000000000000000000, 0.6160173504137433920, 1.000000000000000000),
 ( 1.000000000000000000, 0.5821405974650938342, 1.000000000000000000),
 ( 1.000000000000000000, 0.5310013390970190761, 1.000000000000000000),
 ( 1.000000000000000000, 0.5140268755979092719, 1.000000000000000000),
 ( 1.000000000000000000, 0.4815985848990299578, 1.000000000000000000),
 ( 1.000000000000000000, 0.4660193880216636497, 1.000000000000000000),
 ( 1.000000000000000000, 0.4393352589919183870, 1.000000000000000000),
 ( 1.000000000000000000, 0.4281688281018455333, 1.000000000000000000),
 ( 1.000000000000000000, 0.4125462085624972408, 1.000000000000000000),
 ( 1.000000000000000000, 0.4082716763823008299, 1.000000000000000000),
 ( 1.000000000000000000, 0.4082251045488574648, 1.000000000000000000),
 ( 1.000000000000000000, 0.4123193861084974432, 1.000000000000000000),
 ( 1.000000000000000000, 0.4278924496688158441, 1.000000000000000000),
 ( 1.000000000000000000, 0.4391334546921404902, 1.000000000000000000),
 ( 1.000000000000000000, 0.4790710036582684350, 1.000000000000000000),
 ( 1.000000000000000000, 0.5138096317267629720, 1.000000000000000000),
 ( 1.000000000000000000, 0.5820563527521914748, 1.000000000000000000),
 ( 1.000000000000000000, 0.6159038434129064932, 1.000000000000000000),
 ( 1.000000000000000000, 0.6721865885290213560, 1.000000000000000000),
 ( 1.000000000000000000, 0.6952850087994437711, 1.000000000000000000),
 ( 1.000000000000000000, 0.7071067811865475727, 1.000000000000000000) ) ) 
 REPRESENTATION_ITEM ( '' )  SURFACE ( )  );
#1764 = CARTESIAN_POINT ( 'NONE',  ( 1.898202538678397557E-15, 0.5000000000000000000, -15.50000000000000000 ) ) ;
#1765 = EDGE_CURVE ( 'NONE', #1095, #1620, #1165, .T. ) ;
#1766 = CARTESIAN_POINT ( 'NONE',  ( 0.7004848315450871166, 2.834548508290233304, 18.83243017843120271 ) ) ;
#1767 = LINE ( 'NONE', #1549, #430 ) ;
#1768 = B_SPLINE_CURVE_WITH_KNOTS ( 'NONE', 3,
 ( #1105, #664, #48, #1506, #1314, #1719, #2086, #2130, #255, #1054, #1883, #444, #1092, #64, #2116, #904 ),
 .UNSPECIFIED., .F., .F.,
 ( 4, 2, 2, 2, 2, 2, 2, 4 ),
 ( 0.000000000000000000, 0.0005748385706301090700, 0.0008622578559451612740, 0.001149677141260213370, 0.001437096426575265465, 0.001724515711890317778, 0.002011934997205369873, 0.002299354282520421969 ),
 .UNSPECIFIED. ) ;
#1769 = B_SPLINE_CURVE_WITH_KNOTS ( 'NONE', 3,
 ( #2536, #1495, #2327, #458, #243, #1908, #36, #875, #496, #2405, #2624, #133, #2180, #519, #1325, #2192, #2369, #531, #104, #1142, #1746, #938, #2420, #2166, #293, #1155 ),
 .UNSPECIFIED., .F., .F.,
 ( 4, 2, 2, 2, 2, 2, 2, 2, 2, 2, 2, 2, 4 ),
 ( 0.000000000000000000, 0.0005979573827311944825, 0.001195914765462388965, 0.001494893456827985339, 0.001793872148193581930, 0.002092850839559178087, 0.002391829530924774894, 0.002989786913655968076, 0.003288765605021564450, 0.003587744296387160824, 0.004185701679118352704, 0.004484680370483951246, 0.004783659061849549789 ),
 .UNSPECIFIED. ) ;
#1770 = EDGE_CURVE ( 'NONE', #350, #1620, #60, .T. ) ;
#1771 = CIRCLE ( 'NONE', #1685, 1.700000000000001066 ) ;
#1772 = AXIS2_PLACEMENT_3D ( 'NONE', #498, #520, #105 ) ;
#1773 = ADVANCED_BREP_SHAPE_REPRESENTATION ( 'TPW_01_CaseBack', ( #433, #903 ), #1981 ) ;
#1774 = FACE_OUTER_BOUND ( 'NONE', #1008, .T. ) ;
#1775 = CARTESIAN_POINT ( 'NONE',  ( -0.1939721844973220921, 2.498321068153834368, -19.32420786270546742 ) ) ;
#1776 = ORIENTED_EDGE ( 'NONE', *, *, #787, .F. ) ;
#1777 = CARTESIAN_POINT ( 'NONE',  ( 14.26015698400885157, 0.2857471390011880885, -8.621816797496906659 ) ) ;
#1778 = CARTESIAN_POINT ( 'NONE',  ( -15.13310186420840431, 2.987888903789172268, -10.26007059393774057 ) ) ;
#1779 = ORIENTED_EDGE ( 'NONE', *, *, #2267, .T. ) ;
#1780 = CARTESIAN_POINT ( 'NONE',  ( 16.51352562540465385, 2.526379804078864755, -9.975668894403209919 ) ) ;
#1781 = CARTESIAN_POINT ( 'NONE',  ( -15.44872177954019143, 2.674987530408520886, -10.22821324662681342 ) ) ;
#1782 = AXIS2_PLACEMENT_3D ( 'NONE', #836, #2082, #1036 ) ;
#1783 = B_SPLINE_CURVE_WITH_KNOTS ( 'NONE', 3,
 ( #1857, #1640, #2654, #1425 ),
 .UNSPECIFIED., .F., .F.,
 ( 4, 4 ),
 ( 0.000000000000000000, 0.0003160084365220198121 ),
 .UNSPECIFIED. ) ;
#1784 = CARTESIAN_POINT ( 'NONE',  ( -16.31661429903495630, 2.799999999999998934, 7.787888950187270787 ) ) ;
#1785 = CARTESIAN_POINT ( 'NONE',  ( -15.46295612306126444, 0.000000000000000000, -7.904165121071844879 ) ) ;
#1786 = ORIENTED_EDGE ( 'NONE', *, *, #1765, .F. ) ;
#1787 = EDGE_CURVE ( 'NONE', #1320, #329, #2151, .T. ) ;
#1788 = CIRCLE ( 'NONE', #1395, 1.499999999999997780 ) ;
#1789 = CARTESIAN_POINT ( 'NONE',  ( 2.449293598294706513E-15, 3.000000000000000000, 20.00000000000000000 ) ) ;
#1790 = CARTESIAN_POINT ( 'NONE',  ( -0.3824198695930010050, 2.526379804078731084, -19.28896714484749708 ) ) ;
#1791 = VERTEX_POINT ( 'NONE', #1876 ) ;
#1792 = CARTESIAN_POINT ( 'NONE',  ( 14.38991049858669946, 0.3622422952094453419, -8.267353073095668137 ) ) ;
#1793 = AXIS2_PLACEMENT_3D ( 'NONE', #1275, #1067, #1897 ) ;
#1794 = DIRECTION ( 'NONE',  ( 0.000000000000000000, 1.000000000000000000, 0.000000000000000000 ) ) ;
#1795 = VERTEX_POINT ( 'NONE', #1433 ) ;
#1796 = CARTESIAN_POINT ( 'NONE',  ( 16.65948114971252636, 2.457597665154047650, -8.871856690676509061 ) ) ;
#1797 = FACE_BOUND ( 'NONE', #2623, .T. ) ;
#1798 = CARTESIAN_POINT ( 'NONE',  ( -1.338882174501683675, 2.771956729552929044, 18.19587603451062918 ) ) ;
#1799 = CARTESIAN_POINT ( 'NONE',  ( 16.61958382694896130, 2.972453909298138353, 7.829143294456404334 ) ) ;
#1800 = ORIENTED_EDGE ( 'NONE', *, *, #1404, .F. ) ;
#1801 = CARTESIAN_POINT ( 'NONE',  ( 0.000000000000000000, 3.000000000000000000, 0.000000000000000000 ) ) ;
#1802 = ADVANCED_FACE ( 'NONE', ( #1447 ), #2131, .T. ) ;
#1803 = CARTESIAN_POINT ( 'NONE',  ( 0.1667266758346636901, 2.348124926031283088, -18.99308953031556868 ) ) ;
#1804 = ORIENTED_EDGE ( 'NONE', *, *, #114, .F. ) ;
#1805 = CARTESIAN_POINT ( 'NONE',  ( -16.94005734575750566, 2.726415546063579054, -8.630924383418784984 ) ) ;
#1806 = CIRCLE ( 'NONE', #409, 0.1999999999999999556 ) ;
#1807 = ORIENTED_EDGE ( 'NONE', *, *, #1787, .T. ) ;
#1808 = ADVANCED_FACE ( 'NONE', ( #156 ), #361, .F. ) ;
#1809 = CARTESIAN_POINT ( 'NONE',  ( 16.29877884992634307, 2.595589908293345349, -10.16108906175527160 ) ) ;
#1810 = DIRECTION ( 'NONE',  ( 1.224646799147349509E-16, 0.000000000000000000, -1.000000000000000000 ) ) ;
#1811 = CARTESIAN_POINT ( 'NONE',  ( -1.452466340557758695, 3.000000000000000000, 17.87462184873933069 ) ) ;
#1812 = CARTESIAN_POINT ( 'NONE',  ( 16.95143746197489065, 2.602216458436654278, 9.011739485484582701 ) ) ;
#1813 = VERTEX_POINT ( 'NONE', #1194 ) ;
#1814 = AXIS2_PLACEMENT_3D ( 'NONE', #2461, #1030, #193 ) ;
#1815 = CARTESIAN_POINT ( 'NONE',  ( -15.15544456622658309, 3.000000000000000000, -8.750000000001895373 ) ) ;
#1816 = CARTESIAN_POINT ( 'NONE',  ( -1.340617132116518784, 2.772721794525537575, -18.19289123140029218 ) ) ;
#1817 = ORIENTED_EDGE ( 'NONE', *, *, #947, .T. ) ;
#1818 = CARTESIAN_POINT ( 'NONE',  ( -16.61958382694890801, 2.972453909298137464, -7.829143294456519797 ) ) ;
#1819 = CARTESIAN_POINT ( 'NONE',  ( 1.331717757949816505, 2.882802595799300427, 18.64803951713839680 ) ) ;
#1820 = EDGE_LOOP ( 'NONE', ( #2146, #1332, #2491, #669, #1463 ) ) ;
#1821 = EDGE_CURVE ( 'NONE', #1924, #529, #82, .T. ) ;
#1822 = EDGE_LOOP ( 'NONE', ( #803, #486, #206, #492, #1842 ) ) ;
#1823 = CARTESIAN_POINT ( 'NONE',  ( 15.88767871672099474, 2.848865356154206552, -10.06560674413480783 ) ) ;
#1824 = CARTESIAN_POINT ( 'NONE',  ( -16.60215734550681788, 2.373220562539716472, -9.174715408060361455 ) ) ;
#1825 = CARTESIAN_POINT ( 'NONE',  ( -1.404646930003909944, 3.006886590911495460, 18.06002496780071098 ) ) ;
#1826 = FACE_OUTER_BOUND ( 'NONE', #2194, .T. ) ;
#1827 = VERTEX_POINT ( 'NONE', #626 ) ;
#1828 = CARTESIAN_POINT ( 'NONE',  ( 16.06017287164870666, 2.684940482415616003, 10.31261786045826234 ) ) ;
#1829 = CARTESIAN_POINT ( 'NONE',  ( 16.03137439752260462, 2.694159953568088905, -10.31760599434704773 ) ) ;
#1830 = CARTESIAN_POINT ( 'NONE',  ( -0.6503718326332154076, 2.595589908293352455, -19.19570106557835132 ) ) ;
#1831 = ORIENTED_EDGE ( 'NONE', *, *, #871, .F. ) ;
#1832 = CARTESIAN_POINT ( 'NONE',  ( -15.94565249368194770, 2.726042455497148076, -10.35465422380468148 ) ) ;
#1833 = CARTESIAN_POINT ( 'NONE',  ( -15.15544456622719061, 10.50000000000000000, 8.749999999999131362 ) ) ;
#1834 = DIRECTION ( 'NONE',  ( 0.000000000000000000, 1.000000000000000000, 0.000000000000000000 ) ) ;
#1835 = EDGE_CURVE ( 'NONE', #2081, #1854, #2075, .T. ) ;
#1836 = DIRECTION ( 'NONE',  ( 0.2678674216376887296, 0.000000000000000000, 0.9634557822885160272 ) ) ;
#1837 = ORIENTED_EDGE ( 'NONE', *, *, #415, .F. ) ;
#1838 = CARTESIAN_POINT ( 'NONE',  ( 16.26102947060511639, 2.791672380191043246, 9.770131382602428971 ) ) ;
#1839 = EDGE_CURVE ( 'NONE', #2391, #1095, #141, .T. ) ;
#1840 = FACE_OUTER_BOUND ( 'NONE', #571, .T. ) ;
#1841 = CARTESIAN_POINT ( 'NONE',  ( 16.64472662430954131, 2.811191089068528548, 8.971594989188441005 ) ) ;
#1842 = ORIENTED_EDGE ( 'NONE', *, *, #12, .F. ) ;
#1843 = CARTESIAN_POINT ( 'NONE',  ( -16.81531610995084947, 2.882942067383043039, -8.170254362472356036 ) ) ;
#1844 = CARTESIAN_POINT ( 'NONE',  ( 15.15544456622817293, 0.000000000000000000, 8.750000000000866862 ) ) ;
#1845 = CIRCLE ( 'NONE', #886, 0.8999999999999980238 ) ;
#1846 = CARTESIAN_POINT ( 'NONE',  ( 1.983090264432757922E-12, 1.800000000000000266, -17.50000000000000000 ) ) ;
#1847 = EDGE_CURVE ( 'NONE', #211, #1962, #1025, .T. ) ;
#1848 = ORIENTED_EDGE ( 'NONE', *, *, #2098, .F. ) ;
#1849 = CARTESIAN_POINT ( 'NONE',  ( 16.30696639430733086, 2.789690403732381085, 9.716157409950756829 ) ) ;
#1850 = EDGE_CURVE ( 'NONE', #1221, #276, #1875, .T. ) ;
#1851 =( BOUNDED_SURFACE ( )  B_SPLINE_SURFACE ( 3, 2, ( 
 ( #1109, #2397, #524 ),
 ( #490, #731, #695 ),
 ( #1726, #1148, #1977 ),
 ( #1940, #70, #1525 ),
 ( #111, #933, #2581 ),
 ( #709, #2554, #680 ),
 ( #512, #1766, #1510 ),
 ( #2349, #475, #287 ),
 ( #1538, #1306, #262 ),
 ( #1097, #1926, #1124 ),
 ( #56, #298, #894 ),
 ( #2373, #501, #1953 ),
 ( #83, #1342, #2174 ),
 ( #1137, #1965, #96 ),
 ( #1616, #372, #339 ),
 ( #357, #1206, #2458 ),
 ( #582, #1414, #2443 ),
 ( #2240, #1991, #1191 ),
 ( #551, #2020, #1399 ),
 ( #2196, #786, #1163 ),
 ( #743, #2614, #152 ),
 ( #1798, #988, #2226 ),
 ( #2411, #1825, #1575 ),
 ( #773, #1811, #125 ) ),
 .UNSPECIFIED., .F., .F., .F. ) 
 B_SPLINE_SURFACE_WITH_KNOTS ( ( 4, 2, 2, 2, 2, 2, 2, 2, 2, 2, 2, 4 ),
 ( 3, 3 ),
 ( 5.421010862427522170E-20, 0.0005703763139338197379, 0.001140752627867639476, 0.001425940784834549453, 0.001711128941801459214, 0.001996317098768368974, 0.002281505255735278952, 0.002566693412702188929, 0.002851881569669098906, 0.003422257883602918428, 0.003992634197536737949, 0.004563010511470557903 ),
 ( 0.000000000000000000, 1.000000000000000000 ),
 .UNSPECIFIED. ) 
 GEOMETRIC_REPRESENTATION_ITEM ( )  RATIONAL_B_SPLINE_SURFACE ( (
 ( 1.000000000000000000, 0.7071067811865475727, 1.000000000000000000),
 ( 1.000000000000000000, 0.6951570871116541372, 1.000000000000000000),
 ( 1.000000000000000000, 0.6727307808531236555, 1.000000000000000000),
 ( 1.000000000000000000, 0.6160173504136158273, 1.000000000000000000),
 ( 1.000000000000000000, 0.5821405974648974357, 1.000000000000000000),
 ( 1.000000000000000000, 0.5310013390971094482, 1.000000000000000000),
 ( 1.000000000000000000, 0.5140268755978114612, 1.000000000000000000),
 ( 1.000000000000000000, 0.4815985848991282681, 1.000000000000000000),
 ( 1.000000000000000000, 0.4660193880216962348, 1.000000000000000000),
 ( 1.000000000000000000, 0.4393352589918925744, 1.000000000000000000),
 ( 1.000000000000000000, 0.4281688281017624331, 1.000000000000000000),
 ( 1.000000000000000000, 0.4125462085625843378, 1.000000000000000000),
 ( 1.000000000000000000, 0.4082716763820943839, 1.000000000000000000),
 ( 1.000000000000000000, 0.4082251045490574715, 1.000000000000000000),
 ( 1.000000000000000000, 0.4123193861085542866, 1.000000000000000000),
 ( 1.000000000000000000, 0.4278924496687548928, 1.000000000000000000),
 ( 1.000000000000000000, 0.4391334546920855342, 1.000000000000000000),
 ( 1.000000000000000000, 0.4790710036583885612, 1.000000000000000000),
 ( 1.000000000000000000, 0.5138096317264028157, 1.000000000000000000),
 ( 1.000000000000000000, 0.5820563527525540737, 1.000000000000000000),
 ( 1.000000000000000000, 0.6159038434131174355, 1.000000000000000000),
 ( 1.000000000000000000, 0.6721865885288094145, 1.000000000000000000),
 ( 1.000000000000000000, 0.6952850087996048645, 1.000000000000000000),
 ( 1.000000000000000000, 0.7071067811865475727, 1.000000000000000000) ) ) 
 REPRESENTATION_ITEM ( '' )  SURFACE ( )  );
#1852 = CARTESIAN_POINT ( 'NONE',  ( 1.983090264432757922E-12, 1.800000000000000266, -16.00000000000000000 ) ) ;
#1853 = CARTESIAN_POINT ( 'NONE',  ( 1.209549978221054367, 2.822015500551218192, -18.79728933631049159 ) ) ;
#1854 = VERTEX_POINT ( 'NONE', #180 ) ;
#1855 = DIRECTION ( 'NONE',  ( 0.000000000000000000, 0.000000000000000000, 1.000000000000000000 ) ) ;
#1856 = LINE ( 'NONE', #2695, #2104 ) ;
#1857 = CARTESIAN_POINT ( 'NONE',  ( 15.46295612306247236, 0.000000000000000000, -7.904165121069478772 ) ) ;
#1858 = VECTOR ( 'NONE', #2378, 1000.000000000000000 ) ;
#1859 = CARTESIAN_POINT ( 'NONE',  ( 15.70153269976805710, 2.812870754572584620, -10.43988449050664258 ) ) ;
#1860 = CIRCLE ( 'NONE', #1250, 0.2000000000000003442 ) ;
#1861 = CARTESIAN_POINT ( 'NONE',  ( -0.1105655892145476771, 0.3571897008005248120, -16.60000000000001208 ) ) ;
#1862 = ORIENTED_EDGE ( 'NONE', *, *, #1931, .T. ) ;
#1863 = CARTESIAN_POINT ( 'NONE',  ( 0.8669844619722746337, -1.905824131322175763E-18, -17.23425147900600507 ) ) ;
#1864 = EDGE_CURVE ( 'NONE', #2095, #2594, #2064, .T. ) ;
#1866 = EDGE_LOOP ( 'NONE', ( #799, #1535, #1540, #1262, #336 ) ) ;
#1865 = CARTESIAN_POINT ( 'NONE',  ( 16.66091050328500245, 2.848865356154397510, 8.726330003778306477 ) ) ;
#1867 = ORIENTED_EDGE ( 'NONE', *, *, #1442, .T. ) ;
#1868 = CARTESIAN_POINT ( 'NONE',  ( 15.15544456622663994, 1.800000000000000266, 7.250000000001786127 ) ) ;
#1869 = DIRECTION ( 'NONE',  ( -0.000000000000000000, -1.000000000000000000, -0.000000000000000000 ) ) ;
#1870 = CARTESIAN_POINT ( 'NONE',  ( -16.34619846874069182, 2.799999999999999822, 7.536696598679011316 ) ) ;
#1871 = CIRCLE ( 'NONE', #1741, 1.700000000000000178 ) ;
#1872 = DIRECTION ( 'NONE',  ( 0.000000000000000000, 0.000000000000000000, 1.000000000000000000 ) ) ;
#1873 = AXIS2_PLACEMENT_3D ( 'NONE', #2101, #1921, #9 ) ;
#1874 = EDGE_LOOP ( 'NONE', ( #833, #1877, #144, #318, #2031 ) ) ;
#1875 = LINE ( 'NONE', #387, #1721 ) ;
#1877 = ORIENTED_EDGE ( 'NONE', *, *, #191, .T. ) ;
#1876 = CARTESIAN_POINT ( 'NONE',  ( -15.15544456622658309, 1.800000000000000266, -10.25000000000189537 ) ) ;
#1878 = ORIENTED_EDGE ( 'NONE', *, *, #641, .F. ) ;
#1879 = CYLINDRICAL_SURFACE ( 'NONE', #697, 15.00000000000000000 ) ;
#1880 = ADVANCED_FACE ( 'NONE', ( #2145, #1289 ), #1507, .T. ) ;
#1881 = CARTESIAN_POINT ( 'NONE',  ( 0.3363651137684070536, 2.373966393558441634, 18.96422116186437989 ) ) ;
#1882 = CARTESIAN_POINT ( 'NONE',  ( 14.57668585208484302, 0.000000000000000000, 9.439230259640675413 ) ) ;
#1883 = CARTESIAN_POINT ( 'NONE',  ( -14.57627601972676601, 0.2958585908564347888, -8.055348324000675575 ) ) ;
#1884 = CARTESIAN_POINT ( 'NONE',  ( -16.20610977432561839, 3.000000000000000444, -7.679438175308798797 ) ) ;
#1885 = CYLINDRICAL_SURFACE ( 'NONE', #1585, 1.499999999999999556 ) ;
#1886 = ADVANCED_FACE ( 'NONE', ( #2537 ), #1763, .T. ) ;
#1887 = AXIS2_PLACEMENT_3D ( 'NONE', #1161, #2184, #323 ) ;
#1888 = ORIENTED_EDGE ( 'NONE', *, *, #1720, .F. ) ;
#1889 = CARTESIAN_POINT ( 'NONE',  ( -1.409482431517251833, 2.799999999999998934, 18.04127705392007286 ) ) ;
#1890 = CARTESIAN_POINT ( 'NONE',  ( -15.15544456622719061, 1.799999999999999600, 7.849999999999131894 ) ) ;
#1892 = EDGE_LOOP ( 'NONE', ( #2171, #2404, #2490, #1501 ) ) ;
#1891 = CARTESIAN_POINT ( 'NONE',  ( 16.91910841886609163, 2.546584045754020753, 9.221456222029512872 ) ) ;
#1893 = CARTESIAN_POINT ( 'NONE',  ( 15.85762226085785720, 2.521035023123001650, 10.08352778423950191 ) ) ;
#1894 = DIRECTION ( 'NONE',  ( 0.000000000000000000, 0.000000000000000000, 1.000000000000000000 ) ) ;
#1895 = CARTESIAN_POINT ( 'NONE',  ( 0.4163615874222586499, 2.392246418679733644, 18.94339313951235226 ) ) ;
#1896 = FACE_OUTER_BOUND ( 'NONE', #858, .T. ) ;
#1897 = DIRECTION ( 'NONE',  ( 0.000000000000000000, -0.000000000000000000, 1.000000000000000000 ) ) ;
#1898 = CARTESIAN_POINT ( 'NONE',  ( -16.44675655676945780, 2.546216698564890635, -10.04055790393843139 ) ) ;
#1899 = ADVANCED_FACE ( 'NONE', ( #134 ), #955, .F. ) ;
#1900 = CYLINDRICAL_SURFACE ( 'NONE', #2643, 0.8999999999999980238 ) ;
#1901 = CIRCLE ( 'NONE', #2249, 17.36602540378444104 ) ;
#1902 = DIRECTION ( 'NONE',  ( -1.000000000000000000, 0.000000000000000000, 0.000000000000000000 ) ) ;
#1904 = ORIENTED_EDGE ( 'NONE', *, *, #109, .T. ) ;
#1903 = CARTESIAN_POINT ( 'NONE',  ( 16.41292181574198139, 2.341603693873844705, 9.572065806039587343 ) ) ;
#1905 = CARTESIAN_POINT ( 'NONE',  ( -15.15544456622619052, 10.50000000000000000, -9.650000000000863665 ) ) ;
#1906 = LINE ( 'NONE', #838, #157 ) ;
#1907 = DIRECTION ( 'NONE',  ( 0.000000000000000000, -0.000000000000000000, 1.000000000000000000 ) ) ;
#1908 = CARTESIAN_POINT ( 'NONE',  ( -15.94462844706193927, 2.726415546063577278, 10.35505781128184033 ) ) ;
#1909 = CARTESIAN_POINT ( 'NONE',  ( -16.32712520781326759, 2.799999967012387625, -7.798204511521979576 ) ) ;
#1910 = CARTESIAN_POINT ( 'NONE',  ( -2.105292111292268057E-12, 1.800000000000000266, 17.50000000000000000 ) ) ;
#1911 = CIRCLE ( 'NONE', #1045, 1.500000000000001332 ) ;
#1912 = DIRECTION ( 'NONE',  ( -1.000000000000000000, 0.000000000000000000, 0.000000000000000000 ) ) ;
#1913 = AXIS2_PLACEMENT_3D ( 'NONE', #1595, #969, #2042 ) ;
#1914 = CARTESIAN_POINT ( 'NONE',  ( 15.46295612306157530, 0.000000000000000000, 7.904165121071239142 ) ) ;
#1915 = ORIENTED_EDGE ( 'NONE', *, *, #787, .T. ) ;
#1916 = CARTESIAN_POINT ( 'NONE',  ( 15.72707391902495822, 2.574701414916197528, 10.14440518120477641 ) ) ;
#1917 = ADVANCED_FACE ( 'NONE', ( #2158, #2393 ), #2406, .F. ) ;
#1918 = DIRECTION ( 'NONE',  ( 0.000000000000000000, 0.000000000000000000, 1.000000000000000000 ) ) ;
#1919 = CARTESIAN_POINT ( 'NONE',  ( 14.26025578818764927, 0.2858766767572473166, 8.621454857046584763 ) ) ;
#1920 = DIRECTION ( 'NONE',  ( 0.000000000000000000, 0.000000000000000000, 1.000000000000000000 ) ) ;
#1921 = DIRECTION ( 'NONE',  ( 0.000000000000000000, 1.000000000000000000, 0.000000000000000000 ) ) ;
#1922 = CARTESIAN_POINT ( 'NONE',  ( -16.63018220789459889, 2.802604372277504918, -9.049956663730419848 ) ) ;
#1923 = LINE ( 'NONE', #2342, #764 ) ;
#1924 = VERTEX_POINT ( 'NONE', #1986 ) ;
#1925 = CARTESIAN_POINT ( 'NONE',  ( -16.59068997348287056, 2.373292553270800909, 9.194054896298283097 ) ) ;
#1926 = CARTESIAN_POINT ( 'NONE',  ( 0.3318739715680405489, 2.791726793965675579, 18.96727177849991008 ) ) ;
#1927 = EDGE_CURVE ( 'NONE', #396, #1107, #2439, .T. ) ;
#1928 = AXIS2_PLACEMENT_3D ( 'NONE', #523, #1560, #309 ) ;
#1929 = CIRCLE ( 'NONE', #539, 0.8999999999999980238 ) ;
#1930 = ORIENTED_EDGE ( 'NONE', *, *, #489, .F. ) ;
#1931 = EDGE_CURVE ( 'NONE', #2016, #2450, #1771, .T. ) ;
#1932 = CARTESIAN_POINT ( 'NONE',  ( -15.72848676744721352, 2.574139783795888814, 10.14380243327279807 ) ) ;
#1933 = CARTESIAN_POINT ( 'NONE',  ( 16.34619846873887283, 2.799999999999999822, 7.536696598682937065 ) ) ;
#1934 = FACE_OUTER_BOUND ( 'NONE', #1874, .T. ) ;
#1935 = CARTESIAN_POINT ( 'NONE',  ( -16.42753197724956493, 2.771956729553011201, 7.938432041462766264 ) ) ;
#1936 = AXIS2_PLACEMENT_3D ( 'NONE', #1132, #970, #704 ) ;
#1937 = CARTESIAN_POINT ( 'NONE',  ( -16.20610977432561839, 2.799999999999999822, -7.679438175308797909 ) ) ;
#1938 = VERTEX_POINT ( 'NONE', #1759 ) ;
#1939 = CARTESIAN_POINT ( 'NONE',  ( -14.93832400879167643, 3.006894317763428415, 10.24652997231857121 ) ) ;
#1940 = CARTESIAN_POINT ( 'NONE',  ( 1.157456082049370449, 2.688131153950889640, 18.46832224574420422 ) ) ;
#1941 = CARTESIAN_POINT ( 'NONE',  ( 0.7911227042249084906, 2.516808861919861862, -18.78444019729117542 ) ) ;
#1942 = CIRCLE ( 'NONE', #240, 1.500000000000001332 ) ;
#1943 = CIRCLE ( 'NONE', #469, 0.8999999999999980238 ) ;
#1944 = EDGE_LOOP ( 'NONE', ( #746, #783, #1641, #2191, #1429 ) ) ;
#1945 = DIRECTION ( 'NONE',  ( 0.000000000000000000, 0.000000000000000000, 1.000000000000000000 ) ) ;
#1946 = CARTESIAN_POINT ( 'NONE',  ( -15.15544456622658309, 3.000000000000000000, -7.050000000001895195 ) ) ;
#1947 = CARTESIAN_POINT ( 'NONE',  ( 14.25242187929386795, 0.2100286024784779326, -8.800207720140338807 ) ) ;
#1948 = DIRECTION ( 'NONE',  ( 8.163404592832028838E-15, 0.000000000000000000, 1.000000000000000000 ) ) ;
#1949 = TOROIDAL_SURFACE ( 'NONE', #866, 1.700000000000001066, 0.2000000000000000111 ) ;
#1950 = VERTEX_POINT ( 'NONE', #2206 ) ;
#1951 = EDGE_CURVE ( 'NONE', #1690, #67, #419, .T. ) ;
#1952 = CARTESIAN_POINT ( 'NONE',  ( -16.05552463971017829, 2.685180062054599581, 10.30605416362120152 ) ) ;
#1953 = CARTESIAN_POINT ( 'NONE',  ( 0.1939721844972104037, 2.498321068153770419, 19.32420786270554203 ) ) ;
#1954 = DIRECTION ( 'NONE',  ( 0.000000000000000000, 0.000000000000000000, 1.000000000000000000 ) ) ;
#1955 = AXIS2_PLACEMENT_3D ( 'NONE', #1318, #921, #945 ) ;
#1956 = ORIENTED_EDGE ( 'NONE', *, *, #400, .T. ) ;
#1957 = DIRECTION ( 'NONE',  ( -0.000000000000000000, 1.000000000000000000, -0.000000000000000000 ) ) ;
#1958 = AXIS2_PLACEMENT_3D ( 'NONE', #581, #2072, #1413 ) ;
#1959 = CARTESIAN_POINT ( 'NONE',  ( -15.15544456622722080, 0.04550266720508575058, 7.849999999999131894 ) ) ;
#1960 = CARTESIAN_POINT ( 'NONE',  ( 15.15544456622869163, 2.752925400380110688, -10.24999999999825029 ) ) ;
#1961 = DIRECTION ( 'NONE',  ( 0.000000000000000000, 1.000000000000000000, 0.000000000000000000 ) ) ;
#1962 = VERTEX_POINT ( 'NONE', #1545 ) ;
#1963 = CARTESIAN_POINT ( 'NONE',  ( -14.90163355797810674, 3.000000000000000000, 10.45095148216455705 ) ) ;
#1964 = CARTESIAN_POINT ( 'NONE',  ( -15.15544456622658309, 1.800000000000000266, -8.750000000001895373 ) ) ;
#1965 = CARTESIAN_POINT ( 'NONE',  ( -0.06297484348356666151, 2.788855722973098583, 19.00002063212246739 ) ) ;
#1966 = CARTESIAN_POINT ( 'NONE',  ( 0.000000000000000000, 1.500000000000000000, 0.000000000000000000 ) ) ;
#1967 = AXIS2_PLACEMENT_3D ( 'NONE', #2483, #610, #1230 ) ;
#1968 = CARTESIAN_POINT ( 'NONE',  ( 0.000000000000000000, 1.799999999999999600, 16.60000000000000142 ) ) ;
#1969 = CARTESIAN_POINT ( 'NONE',  ( -0.8975423986194323023, 2.685180062054632444, -19.05751929088655316 ) ) ;
#1970 = VERTEX_POINT ( 'NONE', #1534 ) ;
#1971 = CARTESIAN_POINT ( 'NONE',  ( 14.34160239325587050, 0.3600449315871263600, -8.354204400870077762 ) ) ;
#1972 = CYLINDRICAL_SURFACE ( 'NONE', #1772, 1.499999999999997780 ) ;
#1973 = ORIENTED_EDGE ( 'NONE', *, *, #191, .F. ) ;
#1974 = CARTESIAN_POINT ( 'NONE',  ( 16.34619846874063853, 3.000000000000000000, -7.536696598679117010 ) ) ;
#1975 = DIRECTION ( 'NONE',  ( 1.000000000000000000, -0.000000000000000000, 1.224646799147353207E-16 ) ) ;
#1976 = EDGE_CURVE ( 'NONE', #1229, #1416, #2370, .T. ) ;
#1977 = CARTESIAN_POINT ( 'NONE',  ( 1.522667524610699541, 2.969690898158422687, 18.32379579572867456 ) ) ;
#1978 = CARTESIAN_POINT ( 'NONE',  ( 15.15544456622663994, 1.800000000000000266, 8.750000000001787015 ) ) ;
#1979 = EDGE_LOOP ( 'NONE', ( #2074, #547 ) ) ;
#1980 = AXIS2_PLACEMENT_3D ( 'NONE', #593, #2030, #1215 ) ;
#1981 =( GEOMETRIC_REPRESENTATION_CONTEXT ( 3 ) GLOBAL_UNCERTAINTY_ASSIGNED_CONTEXT ( ( #448 ) ) GLOBAL_UNIT_ASSIGNED_CONTEXT ( ( #2123, #418, #2093 ) ) REPRESENTATION_CONTEXT ( 'NONE', 'WORKASPACE' ) );
#1982 = CARTESIAN_POINT ( 'NONE',  ( 1.928818708657081344E-15, 0.000000000000000000, -15.50000000000000000 ) ) ;
#1983 = CARTESIAN_POINT ( 'NONE',  ( -0.9780358415202718980, 2.895280287009258657, -18.65152419323894151 ) ) ;
#1984 = ORIENTED_EDGE ( 'NONE', *, *, #1302, .F. ) ;
#1985 = LINE ( 'NONE', #1348, #39 ) ;
#1986 = CARTESIAN_POINT ( 'NONE',  ( 0.8862702709788052857, 0.000000000000000000, -17.34339538071094466 ) ) ;
#1987 = ORIENTED_EDGE ( 'NONE', *, *, #1051, .T. ) ;
#1988 = CARTESIAN_POINT ( 'NONE',  ( 16.44556955759664874, 2.546584045754043402, -10.04164958910644501 ) ) ;
#1989 = CARTESIAN_POINT ( 'NONE',  ( -16.10177935079234501, 2.425064150024267118, -9.922945157156497942 ) ) ;
#1990 = AXIS2_PLACEMENT_3D ( 'NONE', #1164, #2631, #2006 ) ;
#1991 = CARTESIAN_POINT ( 'NONE',  ( -0.5430303416010929807, 2.807423960200311708, 18.90925203448140834 ) ) ;
#1992 = DIRECTION ( 'NONE',  ( -0.000000000000000000, -1.000000000000000000, -0.000000000000000000 ) ) ;
#1993 = ORIENTED_EDGE ( 'NONE', *, *, #2343, .T. ) ;
#1994 = CIRCLE ( 'NONE', #830, 1.500000000000001332 ) ;
#1995 = DIRECTION ( 'NONE',  ( -0.000000000000000000, -1.000000000000000000, -0.000000000000000000 ) ) ;
#1996 = ADVANCED_FACE ( 'NONE', ( #1144 ), #1972, .F. ) ;
#1997 = CARTESIAN_POINT ( 'NONE',  ( -0.3351621179379826176, 2.373741821289796494, -18.96447511244759099 ) ) ;
#1998 = ORIENTED_EDGE ( 'NONE', *, *, #2625, .F. ) ;
#1999 = DIRECTION ( 'NONE',  ( -0.000000000000000000, -1.000000000000000000, -0.000000000000000000 ) ) ;
#2000 = CIRCLE ( 'NONE', #834, 1.499999999999997780 ) ;
#2001 = DIRECTION ( 'NONE',  ( -0.000000000000000000, -1.000000000000000000, -0.000000000000000000 ) ) ;
#2002 = ORIENTED_EDGE ( 'NONE', *, *, #474, .F. ) ;
#2003 = CARTESIAN_POINT ( 'NONE',  ( 16.05552463971017829, 2.685180062054542738, -10.30605416362135429 ) ) ;
#2004 = FACE_BOUND ( 'NONE', #1979, .T. ) ;
#2005 = CARTESIAN_POINT ( 'NONE',  ( -16.40304267449763387, 2.342967670408846015, 9.586223635178631852 ) ) ;
#2006 = DIRECTION ( 'NONE',  ( 0.000000000000000000, 0.000000000000000000, 1.000000000000000000 ) ) ;
#2007 = B_SPLINE_CURVE_WITH_KNOTS ( 'NONE', 3,
 ( #502, #1331, #1002, #624, #989, #373, #1441, #1618, #1646, #399, #1604, #1232, #204, #1456, #827, #2284, #413, #814, #1014, #1246 ),
 .UNSPECIFIED., .F., .F.,
 ( 4, 2, 2, 2, 2, 2, 2, 2, 2, 4 ),
 ( 0.000000000000000000, 0.0004591683068028714980, 0.0009183366136057429961, 0.001377504920408614440, 0.001836673227211485992, 0.002066257380612921551, 0.002295841534014357328, 0.002755009840817235385, 0.003214178147620113443, 0.003673346454422991500 ),
 .UNSPECIFIED. ) ;
#2008 = ORIENTED_EDGE ( 'NONE', *, *, #920, .T. ) ;
#2009 = CARTESIAN_POINT ( 'NONE',  ( 16.34619846874063498, 3.000000000000000000, -7.536696598679116121 ) ) ;
#2010 = ADVANCED_FACE ( 'NONE', ( #2610 ), #2200, .T. ) ;
#2011 = CARTESIAN_POINT ( 'NONE',  ( 0.6464873019955874600, 2.457597665153967714, -18.86346223485723073 ) ) ;
#2012 = ORIENTED_EDGE ( 'NONE', *, *, #128, .T. ) ;
#2013 = AXIS2_PLACEMENT_3D ( 'NONE', #2613, #2658, #785 ) ;
#2014 = CARTESIAN_POINT ( 'NONE',  ( -1.171205376968007972, 2.688251286738112977, -18.49040038558868204 ) ) ;
#2015 = CYLINDRICAL_SURFACE ( 'NONE', #509, 0.8999999999999998002 ) ;
#2016 = VERTEX_POINT ( 'NONE', #916 ) ;
#2017 = VERTEX_POINT ( 'NONE', #91 ) ;
#2018 = CARTESIAN_POINT ( 'NONE',  ( 16.57274737736000247, 2.687914681769850045, -8.232214644702969153 ) ) ;
#2019 = CARTESIAN_POINT ( 'NONE',  ( -16.66252183719129221, 2.504368307662884430, -8.738030460706454505 ) ) ;
#2020 = CARTESIAN_POINT ( 'NONE',  ( -0.6952620333188775925, 2.831213902603209487, 18.84530736116411731 ) ) ;
#2021 = CARTESIAN_POINT ( 'NONE',  ( -0.8669662341962671714, 4.912791094074941350E-17, -17.23414832283754095 ) ) ;
#2022 = ORIENTED_EDGE ( 'NONE', *, *, #2029, .F. ) ;
#2023 = DIRECTION ( 'NONE',  ( 0.000000000000000000, 0.000000000000000000, -1.000000000000000000 ) ) ;
#2024 = DIRECTION ( 'NONE',  ( 0.000000000000000000, 0.000000000000000000, 1.000000000000000000 ) ) ;
#2025 = CARTESIAN_POINT ( 'NONE',  ( 0.7372615232264373430, 2.619552970155998306, -19.16278692617725810 ) ) ;
#2026 = EDGE_LOOP ( 'NONE', ( #1309, #135 ) ) ;
#2027 = CARTESIAN_POINT ( 'NONE',  ( 0.000000000000000000, 3.000000000000000000, 0.000000000000000000 ) ) ;
#2028 = AXIS2_PLACEMENT_3D ( 'NONE', #7, #241, #873 ) ;
#2029 = EDGE_CURVE ( 'NONE', #2438, #1757, #1783, .T. ) ;
#2030 = DIRECTION ( 'NONE',  ( -0.000000000000000000, -1.000000000000000000, -0.000000000000000000 ) ) ;
#2031 = ORIENTED_EDGE ( 'NONE', *, *, #2303, .F. ) ;
#2032 = ORIENTED_EDGE ( 'NONE', *, *, #711, .F. ) ;
#2033 = CARTESIAN_POINT ( 'NONE',  ( 15.15544456622869340, 1.800000000000000266, -8.749999999998248512 ) ) ;
#2034 = DIRECTION ( 'NONE',  ( 0.000000000000000000, 0.000000000000000000, 1.000000000000000000 ) ) ;
#2035 = ADVANCED_FACE ( 'NONE', ( #928 ), #1596, .T. ) ;
#2036 = EDGE_LOOP ( 'NONE', ( #401, #1186, #543, #1133 ) ) ;
#2037 = CARTESIAN_POINT ( 'NONE',  ( 1.874384494993369899E-12, 0.3571897008005361918, -16.60000000000000142 ) ) ;
#2038 = AXIS2_PLACEMENT_3D ( 'NONE', #1966, #1355, #312 ) ;
#2039 = CARTESIAN_POINT ( 'NONE',  ( -1.209228298904991838, 2.821860022358397835, -18.79764884040712403 ) ) ;
#2040 = CARTESIAN_POINT ( 'NONE',  ( 16.65960536529088998, 2.834548508290149371, 8.809577430132041087 ) ) ;
#2041 = ORIENTED_EDGE ( 'NONE', *, *, #99, .T. ) ;
#2042 = DIRECTION ( 'NONE',  ( 0.000000000000000000, 0.000000000000000000, 1.000000000000000000 ) ) ;
#2043 = CARTESIAN_POINT ( 'NONE',  ( 15.15544456622916591, 1.799999999999999600, -8.749999999999140243 ) ) ;
#2044 = CARTESIAN_POINT ( 'NONE',  ( -15.15544456622619052, 0.04550266720512196467, -7.850000000000864731 ) ) ;
#2045 = EDGE_CURVE ( 'NONE', #2445, #1320, #596, .T. ) ;
#2046 = CARTESIAN_POINT ( 'NONE',  ( 15.12942716559586209, 2.988369408955742657, -10.26018152171602082 ) ) ;
#2047 = EDGE_CURVE ( 'NONE', #659, #1294, #1942, .T. ) ;
#2048 = CARTESIAN_POINT ( 'NONE',  ( -15.15544456622722080, 0.04550266720508575058, 7.849999999999131894 ) ) ;
#2049 = EDGE_CURVE ( 'NONE', #16, #67, #727, .T. ) ;
#2050 = VERTEX_POINT ( 'NONE', #411 ) ;
#2051 = DIRECTION ( 'NONE',  ( -0.000000000000000000, 1.000000000000000000, -0.000000000000000000 ) ) ;
#2052 = CARTESIAN_POINT ( 'NONE',  ( 1.836970198721029589E-15, 0.000000000000000000, 15.00000000000000000 ) ) ;
#2053 = CARTESIAN_POINT ( 'NONE',  ( 16.34619846873887283, 3.000000000000000000, 7.536696598682937065 ) ) ;
#2054 = ORIENTED_EDGE ( 'NONE', *, *, #733, .T. ) ;
#2055 = CARTESIAN_POINT ( 'NONE',  ( 3.461939554357552158E-14, 2.490711984999859574, -19.33333333333333925 ) ) ;
#2056 = CARTESIAN_POINT ( 'NONE',  ( 15.15544456622663994, 1.800000000000000266, 8.750000000001787015 ) ) ;
#2057 = AXIS2_PLACEMENT_3D ( 'NONE', #1656, #2494, #1242 ) ;
#2058 = CARTESIAN_POINT ( 'NONE',  ( 15.15544456622663994, 2.799999999999999822, 8.750000000001787015 ) ) ;
#2059 = AXIS2_PLACEMENT_3D ( 'NONE', #2686, #595, #1836 ) ;
#2060 = FACE_OUTER_BOUND ( 'NONE', #1180, .T. ) ;
#2061 = ADVANCED_FACE ( 'NONE', ( #562 ), #1470, .T. ) ;
#2062 = ORIENTED_EDGE ( 'NONE', *, *, #1537, .T. ) ;
#2063 = CARTESIAN_POINT ( 'NONE',  ( 0.8279265035153802188, 0.01837699212743353419, -17.13169904630763085 ) ) ;
#2064 = CIRCLE ( 'NONE', #896, 0.8999999999999998002 ) ;
#2065 = CARTESIAN_POINT ( 'NONE',  ( -16.20610977432561839, 2.799999999999999822, -7.679438175308797909 ) ) ;
#2066 = ORIENTED_EDGE ( 'NONE', *, *, #2328, .F. ) ;
#2067 = ORIENTED_EDGE ( 'NONE', *, *, #2287, .T. ) ;
#2068 = CARTESIAN_POINT ( 'NONE',  ( -16.20067081763674466, 2.631485677979911397, -10.22649293902796153 ) ) ;
#2069 = FILL_AREA_STYLE ('',( #2520 ) ) ;
#2070 = DIRECTION ( 'NONE',  ( 0.000000000000000000, 1.000000000000000000, 0.000000000000000000 ) ) ;
#2071 = CIRCLE ( 'NONE', #2028, 0.2000000000000005107 ) ;
#2072 = DIRECTION ( 'NONE',  ( -0.000000000000000000, -1.000000000000000000, -0.000000000000000000 ) ) ;
#2073 = CARTESIAN_POINT ( 'NONE',  ( -0.8274209648865934463, 0.01864165835604820673, -17.13064686395068392 ) ) ;
#2074 = ORIENTED_EDGE ( 'NONE', *, *, #2335, .T. ) ;
#2075 = LINE ( 'NONE', #2702, #1104 ) ;
#2076 = EDGE_CURVE ( 'NONE', #2050, #1221, #900, .T. ) ;
#2077 = APPLICATION_PROTOCOL_DEFINITION ( 'draft international standard', 'automotive_design', 1998, #2273 ) ;
#2078 = CIRCLE ( 'NONE', #515, 17.36602540378444104 ) ;
#2080 = EDGE_LOOP ( 'NONE', ( #1047, #2152, #1444, #1151, #923 ) ) ;
#2079 = CARTESIAN_POINT ( 'NONE',  ( 16.60135575922108941, 2.933108794771050576, 8.302995016543510687 ) ) ;
#2081 = VERTEX_POINT ( 'NONE', #2436 ) ;
#2082 = DIRECTION ( 'NONE',  ( -1.000000000000000000, 0.000000000000000000, 0.000000000000000000 ) ) ;
#2083 = CARTESIAN_POINT ( 'NONE',  ( 0.08442470168596011293, 2.341640786499882942, 19.00000000000001066 ) ) ;
#2084 = ADVANCED_FACE ( 'NONE', ( #998 ), #2015, .F. ) ;
#2085 = CARTESIAN_POINT ( 'NONE',  ( 0.000000000000000000, 0.5000000000000000000, 0.000000000000000000 ) ) ;
#2086 = CARTESIAN_POINT ( 'NONE',  ( -14.27732464640217636, 0.3205906113619739206, -8.531311652313148031 ) ) ;
#2087 = CARTESIAN_POINT ( 'NONE',  ( -15.15544456622875025, 1.800000000000000266, 8.749999999998145483 ) ) ;
#2088 = CIRCLE ( 'NONE', #1564, 15.00000000000000000 ) ;
#2089 = DIRECTION ( 'NONE',  ( 0.000000000000000000, 0.000000000000000000, 1.000000000000000000 ) ) ;
#2090 = AXIS2_PLACEMENT_3D ( 'NONE', #2685, #397, #2239 ) ;
#2091 = ORIENTED_EDGE ( 'NONE', *, *, #1083, .T. ) ;
#2092 = CARTESIAN_POINT ( 'NONE',  ( 15.15544456622869340, 2.799999999999999822, -8.749999999998248512 ) ) ;
#2093 =( NAMED_UNIT ( * ) SI_UNIT ( $, .STERADIAN. ) SOLID_ANGLE_UNIT ( ) );
#2095 = VERTEX_POINT ( 'NONE', #2670 ) ;
#2094 = CARTESIAN_POINT ( 'NONE',  ( 16.63020641516514075, 2.969690898158377834, 7.843229140033700197 ) ) ;
#2096 = ORIENTED_EDGE ( 'NONE', *, *, #1537, .F. ) ;
#2097 = DIRECTION ( 'NONE',  ( 0.000000000000000000, 0.000000000000000000, -1.000000000000000000 ) ) ;
#2098 = EDGE_CURVE ( 'NONE', #306, #463, #344, .T. ) ;
#2099 = DIRECTION ( 'NONE',  ( 0.000000000000000000, -1.000000000000000000, 0.000000000000000000 ) ) ;
#2100 = DIRECTION ( 'NONE',  ( -0.000000000000000000, -1.000000000000000000, -0.000000000000000000 ) ) ;
#2101 = CARTESIAN_POINT ( 'NONE',  ( 0.000000000000000000, 0.000000000000000000, 0.000000000000000000 ) ) ;
#2102 = CARTESIAN_POINT ( 'NONE',  ( -16.89594549499757647, 2.526379804078833224, -9.313298250444489668 ) ) ;
#2103 = DIRECTION ( 'NONE',  ( 0.000000000000000000, 1.000000000000000000, 0.000000000000000000 ) ) ;
#2104 = VECTOR ( 'NONE', #2467, 1000.000000000000000 ) ;
#2105 = DIRECTION ( 'NONE',  ( 0.000000000000000000, 0.000000000000000000, -1.000000000000000000 ) ) ;
#2106 = CARTESIAN_POINT ( 'NONE',  ( -15.15544456622875025, 2.752925400380114240, 10.24999999999814193 ) ) ;
#2107 = AXIS2_PLACEMENT_3D ( 'NONE', #699, #661, #251 ) ;
#2109 = ORIENTED_EDGE ( 'NONE', *, *, #93, .T. ) ;
#2108 = CARTESIAN_POINT ( 'NONE',  ( 16.79140559955906653, 2.490753554592311847, 9.582997902304018822 ) ) ;
#2110 = DIRECTION ( 'NONE',  ( 0.000000000000000000, 0.000000000000000000, 1.000000000000000000 ) ) ;
#2111 = AXIS2_PLACEMENT_3D ( 'NONE', #1310, #1514, #1322 ) ;
#2112 = FACE_OUTER_BOUND ( 'NONE', #2422, .T. ) ;
#2113 = LINE ( 'NONE', #215, #987 ) ;
#2114 = FACE_BOUND ( 'NONE', #1513, .T. ) ;
#2115 = EDGE_CURVE ( 'NONE', #369, #2652, #1326, .T. ) ;
#2116 = CARTESIAN_POINT ( 'NONE',  ( -15.06278758637838777, 0.07120842274148830864, -7.850000000000866507 ) ) ;
#2117 = CARTESIAN_POINT ( 'NONE',  ( -16.56855396385191170, 2.789736423356543593, -9.262434794624594403 ) ) ;
#2118 = CARTESIAN_POINT ( 'NONE',  ( 1.983090264432757922E-12, 3.000000000000000000, -17.50000000000000000 ) ) ;
#2119 = AXIS2_PLACEMENT_3D ( 'NONE', #2056, #2481, #824 ) ;
#2120 = ADVANCED_FACE ( 'NONE', ( #2221 ), #939, .T. ) ;
#2121 = CARTESIAN_POINT ( 'NONE',  ( -1.337918315552002468, 2.771547419667837353, 18.19770048288170727 ) ) ;
#2122 = B_SPLINE_CURVE_WITH_KNOTS ( 'NONE', 3,
 ( #2609, #751, #282, #319 ),
 .UNSPECIFIED., .F., .F.,
 ( 4, 4 ),
 ( 0.000000000000000000, 0.0003160084365238647990 ),
 .UNSPECIFIED. ) ;
#2123 =( LENGTH_UNIT ( ) NAMED_UNIT ( * ) SI_UNIT ( .MILLI., .METRE. ) );
#2124 = ORIENTED_EDGE ( 'NONE', *, *, #2674, .F. ) ;
#2125 = LINE ( 'NONE', #1905, #2215 ) ;
#2126 = CARTESIAN_POINT ( 'NONE',  ( 1.452466340557634128, 2.799999999999999822, -17.87462184873933779 ) ) ;
#2127 = AXIS2_PLACEMENT_3D ( 'NONE', #1978, #112, #1125 ) ;
#2128 = CARTESIAN_POINT ( 'NONE',  ( 15.15544456622817293, 1.799999999999999600, 8.750000000000866862 ) ) ;
#2129 = CARTESIAN_POINT ( 'NONE',  ( 0.000000000000000000, 0.5000000000000000000, 0.000000000000000000 ) ) ;
#2130 = CARTESIAN_POINT ( 'NONE',  ( -14.34184880432715659, 0.3600463628802024751, -8.353791565933576635 ) ) ;
#2131 =( BOUNDED_SURFACE ( )  B_SPLINE_SURFACE ( 3, 2, ( 
 ( #2276, #404, #2053 ),
 ( #1252, #2477, #1238 ),
 ( #435, #2, #2094 ),
 ( #197, #2079, #832 ),
 ( #224, #2678, #844 ),
 ( #2704, #1865, #2502 ),
 ( #183, #2040, #1676 ),
 ( #172, #1841, #209 ),
 ( #1046, #1061, #807 ),
 ( #1475, #1267, #1891 ),
 ( #15, #389, #602 ),
 ( #857, #2261, #1073 ),
 ( #450, #1280, #2108 ),
 ( #1903, #236, #2688 ),
 ( #1458, #842, #1675 ),
 ( #1, #1849, #2473 ),
 ( #2272, #1838, #417 ),
 ( #2286, #817, #207 ),
 ( #2513, #1234, #1828 ),
 ( #1249, #1472, #1648 ),
 ( #2664, #829, #992 ),
 ( #2487, #2676, #1663 ),
 ( #640, #804, #170 ),
 ( #613, #402, #791 ) ),
 .UNSPECIFIED., .F., .F., .T. ) 
 B_SPLINE_SURFACE_WITH_KNOTS ( ( 4, 2, 2, 2, 2, 2, 2, 2, 2, 2, 2, 4 ),
 ( 3, 3 ),
 ( 5.421010862427522170E-20, 0.0005703763139338195211, 0.001140752627867639042, 0.001425940784834548803, 0.001711128941801458563, 0.001996317098768368541, 0.002281505255735278084, 0.002566693412702187628, 0.002851881569669097605, 0.003422257883602917126, 0.003992634197536737081, 0.004563010511470556169 ),
 ( 0.000000000000000000, 1.000000000000000000 ),
 .UNSPECIFIED. ) 
 GEOMETRIC_REPRESENTATION_ITEM ( )  RATIONAL_B_SPLINE_SURFACE ( (
 ( 1.000000000000000000, 0.7071067811865486830, 1.000000000000000000),
 ( 1.000000000000000000, 0.6951570871121146578, 1.000000000000000000),
 ( 1.000000000000000000, 0.6727307808525064825, 1.000000000000000000),
 ( 1.000000000000000000, 0.6160173504142358869, 1.000000000000000000),
 ( 1.000000000000000000, 0.5821405974650952775, 1.000000000000000000),
 ( 1.000000000000000000, 0.5310013390970205194, 1.000000000000000000),
 ( 1.000000000000000000, 0.5140268755979029436, 1.000000000000000000),
 ( 1.000000000000000000, 0.4815985848990396723, 1.000000000000000000),
 ( 1.000000000000000000, 0.4660193880216758622, 1.000000000000000000),
 ( 1.000000000000000000, 0.4393352589919093942, 1.000000000000000000),
 ( 1.000000000000000000, 0.4281688281018455333, 1.000000000000000000),
 ( 1.000000000000000000, 0.4125462085624972408, 1.000000000000000000),
 ( 1.000000000000000000, 0.4082716763821958583, 1.000000000000000000),
 ( 1.000000000000000000, 0.4082251045489636576, 1.000000000000000000),
 ( 1.000000000000000000, 0.4123193861083898071, 1.000000000000000000),
 ( 1.000000000000000000, 0.4278924496689222590, 1.000000000000000000),
 ( 1.000000000000000000, 0.4391334546919442028, 1.000000000000000000),
 ( 1.000000000000000000, 0.4790710036586693366, 1.000000000000000000),
 ( 1.000000000000000000, 0.5138096317267619728, 1.000000000000000000),
 ( 1.000000000000000000, 0.5820563527521904756, 1.000000000000000000),
 ( 1.000000000000000000, 0.6159038434131303141, 1.000000000000000000),
 ( 1.000000000000000000, 0.6721865885288011988, 1.000000000000000000),
 ( 1.000000000000000000, 0.6952850087996090833, 1.000000000000000000),
 ( 1.000000000000000000, 0.7071067811865475727, 1.000000000000000000) ) ) 
 REPRESENTATION_ITEM ( '' )  SURFACE ( )  );
#2132 = CARTESIAN_POINT ( 'NONE',  ( -16.64171169140511708, 2.895280287009013964, -8.478758212051140220 ) ) ;
#2133 = EDGE_CURVE ( 'NONE', #846, #529, #2476, .T. ) ;
#2134 = CARTESIAN_POINT ( 'NONE',  ( -1.410119393022375878, 2.799999967012387625, -18.03880745649661321 ) ) ;
#2135 = EDGE_LOOP ( 'NONE', ( #584, #767, #2178, #2636 ) ) ;
#2136 = CARTESIAN_POINT ( 'NONE',  ( -16.91875649136389015, 2.546216698564918168, 9.223030036051623526 ) ) ;
#2137 = CIRCLE ( 'NONE', #1440, 0.8999999999999998002 ) ;
#2138 = EDGE_CURVE ( 'NONE', #1729, #1654, #66, .T. ) ;
#2139 = FACE_OUTER_BOUND ( 'NONE', #2036, .T. ) ;
#2140 = AXIS2_PLACEMENT_3D ( 'NONE', #2027, #591, #1423 ) ;
#2141 = VERTEX_POINT ( 'NONE', #2044 ) ;
#2142 = CARTESIAN_POINT ( 'NONE',  ( -2.105292111292268057E-12, 1.800000000000000266, 17.50000000000000000 ) ) ;
#2143 = CARTESIAN_POINT ( 'NONE',  ( 15.15544456622817293, 0.04550266720457175895, 7.850000000000866507 ) ) ;
#2144 = CARTESIAN_POINT ( 'NONE',  ( -16.34276388009869052, 3.006886590911811652, 7.813552559167900924 ) ) ;
#2145 = FACE_OUTER_BOUND ( 'NONE', #1624, .T. ) ;
#2146 = ORIENTED_EDGE ( 'NONE', *, *, #1850, .F. ) ;
#2147 = CARTESIAN_POINT ( 'NONE',  ( -15.12942716559618539, 2.988369408955369622, 10.26018152171606701 ) ) ;
#2148 = DIRECTION ( 'NONE',  ( -0.000000000000000000, -1.000000000000000000, -0.000000000000000000 ) ) ;
#2149 = CARTESIAN_POINT ( 'NONE',  ( 1.044530868868944529, 2.631112187551575055, -18.58840112896781704 ) ) ;
#2150 = EDGE_CURVE ( 'NONE', #2715, #1854, #2566, .T. ) ;
#2151 = CIRCLE ( 'NONE', #2283, 0.5000000000000004441 ) ;
#2152 = ORIENTED_EDGE ( 'NONE', *, *, #310, .F. ) ;
#2153 = CARTESIAN_POINT ( 'NONE',  ( -15.30535665207815832, 2.720292434982298335, 10.24999999999814193 ) ) ;
#2154 = CARTESIAN_POINT ( 'NONE',  ( 0.000000000000000000, 1.000000000000000000, 0.000000000000000000 ) ) ;
#2155 = CARTESIAN_POINT ( 'NONE',  ( -14.96951746694785434, 0.09708428112709657776, 7.849999999999126565 ) ) ;
#2156 = DIRECTION ( 'NONE',  ( -0.000000000000000000, -1.000000000000000000, -0.000000000000000000 ) ) ;
#2157 = AXIS2_PLACEMENT_3D ( 'NONE', #2300, #652, #1672 ) ;
#2158 = FACE_OUTER_BOUND ( 'NONE', #2301, .T. ) ;
#2159 = ORIENTED_EDGE ( 'NONE', *, *, #2358, .F. ) ;
#2160 = CARTESIAN_POINT ( 'NONE',  ( -16.69482242758802215, 2.490753554592148866, 9.750284863314394812 ) ) ;
#2161 = DIRECTION ( 'NONE',  ( 0.000000000000000000, 0.000000000000000000, -1.000000000000000000 ) ) ;
#2162 = TOROIDAL_SURFACE ( 'NONE', #1028, 1.700000000000000844, 0.2000000000000000111 ) ;
#2163 = ORIENTED_EDGE ( 'NONE', *, *, #1633, .T. ) ;
#2164 = DIRECTION ( 'NONE',  ( -0.000000000000000000, 1.000000000000000000, -0.000000000000000000 ) ) ;
#2165 = CARTESIAN_POINT ( 'NONE',  ( 1.983200482644680984E-12, 10.50000000000000000, -16.60000000000000142 ) ) ;
#2166 = CARTESIAN_POINT ( 'NONE',  ( -16.48926049095369706, 2.993060784509758765, 7.678668278799987590 ) ) ;
#2167 = EDGE_CURVE ( 'NONE', #67, #369, #579, .T. ) ;
#2168 = CARTESIAN_POINT ( 'NONE',  ( -14.75364343376969423, 3.000000000000000000, -10.19518367343457044 ) ) ;
#2169 = B_SPLINE_CURVE_WITH_KNOTS ( 'NONE', 3,
 ( #960, #1784, #756, #2660, #567, #1603, #2645, #1589, #1385, #2210, #1178, #2005, #138, #974, #61, #1704, #1932, #1529, #2153, #2366 ),
 .UNSPECIFIED., .F., .F.,
 ( 4, 2, 2, 2, 2, 2, 2, 2, 2, 4 ),
 ( 0.000000000000000000, 0.0004591683068028761601, 0.0009183366136057523202, 0.001377504920408628535, 0.001836673227211504640, 0.002066257380612942802, 0.002295841534014380746, 0.002755009840817250564, 0.003214178147620119948, 0.003673346454422989765 ),
 .UNSPECIFIED. ) ;
#2170 = AXIS2_PLACEMENT_3D ( 'NONE', #2197, #84, #1954 ) ;
#2171 = ORIENTED_EDGE ( 'NONE', *, *, #1600, .F. ) ;
#2172 = CARTESIAN_POINT ( 'NONE',  ( -15.49128249143318214, 2.933108794771201566, 10.22569831647704675 ) ) ;
#2173 = CARTESIAN_POINT ( 'NONE',  ( 0.8669662341982214970, -7.199780051661552882E-17, 17.23414832283745213 ) ) ;
#2174 = CARTESIAN_POINT ( 'NONE',  ( 0.09658317197126636833, 2.490753554592216812, 19.33328276561854508 ) ) ;
#2175 = CARTESIAN_POINT ( 'NONE',  ( -15.15544456622719061, 0.000000000000000000, 9.649999999999131717 ) ) ;
#2176 = CARTESIAN_POINT ( 'NONE',  ( -1.331667443089805669, 2.882747036778010141, 18.64773787408607930 ) ) ;
#2177 = DIRECTION ( 'NONE',  ( 0.000000000000000000, 0.000000000000000000, 1.000000000000000000 ) ) ;
#2178 = ORIENTED_EDGE ( 'NONE', *, *, #2150, .F. ) ;
#2179 = ADVANCED_FACE ( 'NONE', ( #885 ), #1065, .F. ) ;
#2180 = CARTESIAN_POINT ( 'NONE',  ( -16.69243850893938941, 2.490795834541908338, 9.754311067387348544 ) ) ;
#2181 = CARTESIAN_POINT ( 'NONE',  ( -0.4982364216504648335, 0.2074229033362839647, 16.74381710431781656 ) ) ;
#2182 = ORIENTED_EDGE ( 'NONE', *, *, #1283, .F. ) ;
#2183 = CARTESIAN_POINT ( 'NONE',  ( -16.56792234133955333, 2.789690403732540069, 9.264168451153775408 ) ) ;
#2184 = DIRECTION ( 'NONE',  ( 0.000000000000000000, 1.000000000000000000, 0.000000000000000000 ) ) ;
#2185 = DIRECTION ( 'NONE',  ( 0.000000000000000000, 0.000000000000000000, 1.000000000000000000 ) ) ;
#2186 = CARTESIAN_POINT ( 'NONE',  ( 16.50975834371221751, 2.524551347211083208, 9.992117650185011968 ) ) ;
#2187 = ORIENTED_EDGE ( 'NONE', *, *, #951, .T. ) ;
#2188 = CIRCLE ( 'NONE', #1189, 1.500000000000001332 ) ;
#2189 = CARTESIAN_POINT ( 'NONE',  ( 0.000000000000000000, 3.000000000000000000, -20.00000000000000000 ) ) ;
#2190 = CARTESIAN_POINT ( 'NONE',  ( -0.7004848315451732699, 2.834548508290171576, -18.83243017843135902 ) ) ;
#2191 = ORIENTED_EDGE ( 'NONE', *, *, #2150, .T. ) ;
#2192 = CARTESIAN_POINT ( 'NONE',  ( -16.95121882127409307, 2.601496205604376222, 9.014188400020877623 ) ) ;
#2193 = CARTESIAN_POINT ( 'NONE',  ( -0.6524344418239905741, 0.1199767158995255212, 16.87200206791489165 ) ) ;
#2194 = EDGE_LOOP ( 'NONE', ( #2663, #984, #718, #436, #2066 ) ) ;
#2195 = CARTESIAN_POINT ( 'NONE',  ( 16.38772746558559845, 2.788352425393755496, -9.608886711924590429 ) ) ;
#2196 = CARTESIAN_POINT ( 'NONE',  ( -1.045267354901569856, 2.631443243764349127, 18.58783734568661217 ) ) ;
#2197 = CARTESIAN_POINT ( 'NONE',  ( 1.983090264432757922E-12, 2.799999999999999822, -17.50000000000000000 ) ) ;
#2198 = EDGE_CURVE ( 'NONE', #1488, #58, #2071, .T. ) ;
#2199 = VERTEX_POINT ( 'NONE', #21 ) ;
#2200 = TOROIDAL_SURFACE ( 'NONE', #1247, 17.36602540378444104, 1.000000000000000000 ) ;
#2201 = AXIS2_PLACEMENT_3D ( 'NONE', #2154, #1116, #1945 ) ;
#2202 = CARTESIAN_POINT ( 'NONE',  ( -1.529453875908805882, 2.972415055219023383, -18.30780929147375602 ) ) ;
#2203 = CARTESIAN_POINT ( 'NONE',  ( 1.318930846867316875, 2.987888903789019057, -18.23568594943117205 ) ) ;
#2204 = ORIENTED_EDGE ( 'NONE', *, *, #1081, .F. ) ;
#2205 = CARTESIAN_POINT ( 'NONE',  ( 0.000000000000000000, 1.000000000000000000, 0.000000000000000000 ) ) ;
#2206 = CARTESIAN_POINT ( 'NONE',  ( -15.46295612306216860, 0.000000000000000000, 7.904165121070077404 ) ) ;
#2207 = EDGE_LOOP ( 'NONE', ( #1956, #1662 ) ) ;
#2208 = CARTESIAN_POINT ( 'NONE',  ( 16.96409104699118942, 2.619552970155938354, -8.942906254741609828 ) ) ;
#2209 = CARTESIAN_POINT ( 'NONE',  ( -16.54830463917274486, 2.706624781224591381, -8.173366733418221841 ) ) ;
#2210 = CARTESIAN_POINT ( 'NONE',  ( -16.51504724719796613, 2.344907709451012234, 9.388163414617897828 ) ) ;
#2211 = CARTESIAN_POINT ( 'NONE',  ( 15.48408937460854773, 2.882608354211011470, 10.47708437708234008 ) ) ;
#2212 = ORIENTED_EDGE ( 'NONE', *, *, #2446, .T. ) ;
#2213 = EDGE_CURVE ( 'NONE', #1791, #2081, #2386, .T. ) ;
#2214 = ORIENTED_EDGE ( 'NONE', *, *, #1864, .T. ) ;
#2215 = VECTOR ( 'NONE', #1087, 1000.000000000000000 ) ;
#2216 = LINE ( 'NONE', #1852, #328 ) ;
#2217 = CARTESIAN_POINT ( 'NONE',  ( -1.190438831469686098, 2.812870754572462051, -18.81786844160475525 ) ) ;
#2218 = VERTEX_POINT ( 'NONE', #1285 ) ;
#2219 = CARTESIAN_POINT ( 'NONE',  ( -16.03262390302105800, 2.693695232010438811, -10.31705224479206784 ) ) ;
#2220 = AXIS2_PLACEMENT_3D ( 'NONE', #2058, #1834, #177 ) ;
#2221 = FACE_OUTER_BOUND ( 'NONE', #1020, .T. ) ;
#2222 = ORIENTED_EDGE ( 'NONE', *, *, #2335, .F. ) ;
#2223 = ORIENTED_EDGE ( 'NONE', *, *, #2605, .T. ) ;
#2224 = CARTESIAN_POINT ( 'NONE',  ( 16.89212780969377903, 2.812714726853366098, -8.378440173553466153 ) ) ;
#2225 = CARTESIAN_POINT ( 'NONE',  ( 0.000000000000000000, 0.000000000000000000, -20.00000000000000000 ) ) ;
#2226 = CARTESIAN_POINT ( 'NONE',  ( -1.520724255782863965, 2.968840824838280934, 18.32753500655657675 ) ) ;
#2227 = CARTESIAN_POINT ( 'NONE',  ( -0.6517352912155557343, 0.1203850931729516099, -16.87134002140289013 ) ) ;
#2228 = ORIENTED_EDGE ( 'NONE', *, *, #109, .F. ) ;
#2229 =( BOUNDED_SURFACE ( )  B_SPLINE_SURFACE ( 3, 2, ( 
 ( #1629, #2470, #1426 ),
 ( #2254, #383, #1217 ),
 ( #1454, #2046, #2698 ),
 ( #813, #1439, #2269 ),
 ( #189, #1026, #1859 ),
 ( #1573, #1823, #370 ),
 ( #2424, #2409, #2003 ),
 ( #985, #2628, #1410 ),
 ( #1614, #972, #1809 ),
 ( #1160, #322, #1988 ),
 ( #534, #1367, #1780 ),
 ( #1397, #2195, #355 ),
 ( #2612, #2642, #770 ),
 ( #150, #123, #1188 ),
 ( #1601, #958, #2657 ),
 ( #1587, #754, #741 ),
 ( #1176, #2456, #549 ),
 ( #1796, #1381, #2208 ),
 ( #337, #2238, #136 ),
 ( #2440, #565, #2224 ),
 ( #2018, #784, #580 ),
 ( #1203, #2568, #1146 ),
 ( #708, #2372, #1123 ),
 ( #2383, #1108, #1974 ) ),
 .UNSPECIFIED., .F., .F., .T. ) 
 B_SPLINE_SURFACE_WITH_KNOTS ( ( 4, 2, 2, 2, 2, 2, 2, 2, 2, 2, 2, 4 ),
 ( 3, 3 ),
 ( 1.084202172485504434E-19, 0.0005703763139338214726, 0.001140752627867642728, 0.001425940784834553356, 0.001711128941801464201, 0.001996317098768374612, 0.002281505255735285457, 0.002566693412702196302, 0.002851881569669106713, 0.003422257883602928402, 0.003992634197536749224, 0.004563010511470570914 ),
 ( 0.000000000000000000, 1.000000000000000000 ),
 .UNSPECIFIED. ) 
 GEOMETRIC_REPRESENTATION_ITEM ( )  RATIONAL_B_SPLINE_SURFACE ( (
 ( 1.000000000000000000, 0.7071067811865475727, 1.000000000000000000),
 ( 1.000000000000000000, 0.6951570871120218431, 1.000000000000000000),
 ( 1.000000000000000000, 0.6727307808526334920, 1.000000000000000000),
 ( 1.000000000000000000, 0.6160173504141066569, 1.000000000000000000),
 ( 1.000000000000000000, 0.5821405974648281578, 1.000000000000000000),
 ( 1.000000000000000000, 0.5310013390971515257, 1.000000000000000000),
 ( 1.000000000000000000, 0.5140268755978101289, 1.000000000000000000),
 ( 1.000000000000000000, 0.4815985848991321538, 1.000000000000000000),
 ( 1.000000000000000000, 0.4660193880214419382, 1.000000000000000000),
 ( 1.000000000000000000, 0.4393352589921480922, 1.000000000000000000),
 ( 1.000000000000000000, 0.4281688281018459219, 1.000000000000000000),
 ( 1.000000000000000000, 0.4125462085624976294, 1.000000000000000000),
 ( 1.000000000000000000, 0.4082716763820200545, 1.000000000000000000),
 ( 1.000000000000000000, 0.4082251045491362418, 1.000000000000000000),
 ( 1.000000000000000000, 0.4123193861085068801, 1.000000000000000000),
 ( 1.000000000000000000, 0.4278924496688039092, 1.000000000000000000),
 ( 1.000000000000000000, 0.4391334546921876192, 1.000000000000000000),
 ( 1.000000000000000000, 0.4790710036581802278, 1.000000000000000000),
 ( 1.000000000000000000, 0.5138096317265699042, 1.000000000000000000),
 ( 1.000000000000000000, 0.5820563527523812120, 1.000000000000000000),
 ( 1.000000000000000000, 0.6159038434134689322, 1.000000000000000000),
 ( 1.000000000000000000, 0.6721865885284634690, 1.000000000000000000),
 ( 1.000000000000000000, 0.6952850087998673212, 1.000000000000000000),
 ( 1.000000000000000000, 0.7071067811865464625, 1.000000000000000000) ) ) 
 REPRESENTATION_ITEM ( '' )  SURFACE ( )  );
#2230 = CARTESIAN_POINT ( 'NONE',  ( 16.81546591545063052, 2.882608354211009694, -8.171072564338574651 ) ) ;
#2231 = CARTESIAN_POINT ( 'NONE',  ( -0.09658317197140441068, 2.490753554592226138, -19.33328276561853443 ) ) ;
#2232 = ORIENTED_EDGE ( 'NONE', *, *, #1700, .F. ) ;
#2233 = COLOUR_RGB ( '',0.7921568627450980005, 0.8196078431372548767, 0.9333333333333333481 ) ;
#2234 = DIRECTION ( 'NONE',  ( 0.000000000000000000, -1.000000000000000000, 0.000000000000000000 ) ) ;
#2235 = ADVANCED_FACE ( 'NONE', ( #1681 ), #1292, .T. ) ;
#2236 = CARTESIAN_POINT ( 'NONE',  ( 0.9189041218126294819, 2.693863353303850072, 19.04288788192014792 ) ) ;
#2237 = ORIENTED_EDGE ( 'NONE', *, *, #1864, .F. ) ;
#2238 = CARTESIAN_POINT ( 'NONE',  ( 16.66814593355407581, 2.831213902602779608, -8.820539097441109533 ) ) ;
#2239 = DIRECTION ( 'NONE',  ( 0.000000000000000000, 0.000000000000000000, 1.000000000000000000 ) ) ;
#2240 = CARTESIAN_POINT ( 'NONE',  ( -0.6464873019956461908, 2.457597665154468647, 18.86346223485725204 ) ) ;
#2241 = DIRECTION ( 'NONE',  ( -0.000000000000000000, -1.000000000000000000, -0.000000000000000000 ) ) ;
#2242 = ORIENTED_EDGE ( 'NONE', *, *, #1384, .F. ) ;
#2243 = CARTESIAN_POINT ( 'NONE',  ( -15.15544456622619052, 10.50000000000000000, -8.750000000000865086 ) ) ;
#2244 = CARTESIAN_POINT ( 'NONE',  ( 16.95121882127403978, 2.601496205604371337, -9.014188400020993086 ) ) ;
#2245 = ADVANCED_FACE ( 'NONE', ( #1039 ), #2162, .T. ) ;
#2246 = CARTESIAN_POINT ( 'NONE',  ( -1.522667524610807677, 2.969690898158429349, -18.32379579572863904 ) ) ;
#2247 = ORIENTED_EDGE ( 'NONE', *, *, #1455, .T. ) ;
#2248 = CARTESIAN_POINT ( 'NONE',  ( -15.48408937460847845, 2.882608354211010138, -10.47708437708245199 ) ) ;
#2249 = AXIS2_PLACEMENT_3D ( 'NONE', #316, #2621, #116 ) ;
#2250 = DIRECTION ( 'NONE',  ( -0.000000000000000000, -1.000000000000000000, -0.000000000000000000 ) ) ;
#2251 = DIRECTION ( 'NONE',  ( 1.224646799147353454E-16, 0.000000000000000000, -1.000000000000000000 ) ) ;
#2252 = ORIENTED_EDGE ( 'NONE', *, *, #2267, .F. ) ;
#2253 = ADVANCED_FACE ( 'NONE', ( #1896 ), #1115, .T. ) ;
#2254 = CARTESIAN_POINT ( 'NONE',  ( 14.91700581479115861, 2.799999967012387625, -10.24060294497476953 ) ) ;
#2255 = B_SPLINE_CURVE_WITH_KNOTS ( 'NONE', 3,
 ( #2363, #867, #1526, #1084, #2149, #1941, #71, #476, #1058, #263 ),
 .UNSPECIFIED., .F., .F.,
 ( 4, 2, 2, 2, 4 ),
 ( 0.000000000000000000, 0.0005104067411740735366, 0.001020813482348147073, 0.001531220223522220284, 0.002041626964696293713 ),
 .UNSPECIFIED. ) ;
#2256 = CYLINDRICAL_SURFACE ( 'NONE', #205, 0.9000000000000014655 ) ;
#2257 = ORIENTED_EDGE ( 'NONE', *, *, #1202, .T. ) ;
#2258 = DIRECTION ( 'NONE',  ( 0.000000000000000000, 0.000000000000000000, 1.000000000000000000 ) ) ;
#2259 = B_SPLINE_CURVE_WITH_KNOTS ( 'NONE', 3,
 ( #1743, #2401, #1756, #1578, #713, #912, #280, #723, #2176, #700, #1127, #747, #1357, #734 ),
 .UNSPECIFIED., .F., .F.,
 ( 4, 2, 2, 2, 2, 2, 4 ),
 ( 0.002393417501569417190, 0.002990977891639449472, 0.003289758086674465613, 0.003588538281709481321, 0.004186098671779519241, 0.004484878866814537984, 0.004783659061849556728 ),
 .UNSPECIFIED. ) ;
#2260 = CARTESIAN_POINT ( 'NONE',  ( -1.331717757949921976, 2.882802595799286660, -18.64803951713842878 ) ) ;
#2261 = CARTESIAN_POINT ( 'NONE',  ( 16.51540372740636187, 2.788352425394035272, 9.387744939530554333 ) ) ;
#2262 = ORIENTED_EDGE ( 'NONE', *, *, #2133, .F. ) ;
#2263 = DIRECTION ( 'NONE',  ( 0.000000000000000000, 1.000000000000000000, 0.000000000000000000 ) ) ;
#2264 = AXIS2_PLACEMENT_3D ( 'NONE', #1128, #75, #89 ) ;
#2265 = CARTESIAN_POINT ( 'NONE',  ( 0.1704386277770858493, 2.348520042078013237, 18.99266063617088207 ) ) ;
#2266 = CARTESIAN_POINT ( 'NONE',  ( 1.646128519294200565, 3.000000000000000000, 17.92457142857162822 ) ) ;
#2267 = EDGE_CURVE ( 'NONE', #306, #147, #2648, .T. ) ;
#2268 = CIRCLE ( 'NONE', #2090, 1.500000000000001332 ) ;
#2269 = CARTESIAN_POINT ( 'NONE',  ( 15.50913373762538328, 2.875701266815278601, -10.47484076895849192 ) ) ;
#2270 = CARTESIAN_POINT ( 'NONE',  ( -1.646128519294326464, 2.799999999999999822, -17.92457142857161756 ) ) ;
#2271 = ORIENTED_EDGE ( 'NONE', *, *, #1001, .F. ) ;
#2272 = CARTESIAN_POINT ( 'NONE',  ( 16.19926155034723436, 2.391595032701561152, 9.830365622391536107 ) ) ;
#2273 = APPLICATION_CONTEXT ( 'automotive_design' ) ;
#2274 = B_SPLINE_CURVE_WITH_KNOTS ( 'NONE', 3,
 ( #1491, #2334, #1295, #1916, #1893, #250, #670, #870, #452, #44, #883, #226, #2557, #683, #17, #1282, #1703, #1502 ),
 .UNSPECIFIED., .F., .F.,
 ( 4, 2, 2, 2, 2, 2, 2, 2, 4 ),
 ( 0.0004086430266532811283, 0.0008681917143739893618, 0.001327740402094697595, 0.001787289089815405829, 0.002246837777536114279, 0.002706386465256822513, 0.003165935152977530746, 0.003625483840698238980, 0.004085032528418947213 ),
 .UNSPECIFIED. ) ;
#2275 = DIRECTION ( 'NONE',  ( 0.000000000000000000, 0.000000000000000000, 1.000000000000000000 ) ) ;
#2277 = ORIENTED_EDGE ( 'NONE', *, *, #1181, .T. ) ;
#2276 = CARTESIAN_POINT ( 'NONE',  ( 16.20610977432566813, 2.799999999999999822, 7.679438175308684222 ) ) ;
#2278 = ORIENTED_EDGE ( 'NONE', *, *, #1236, .F. ) ;
#2279 = CARTESIAN_POINT ( 'NONE',  ( 16.34619846873887283, 3.000000000000000000, 7.536696598682937065 ) ) ;
#2280 = DIRECTION ( 'NONE',  ( 0.000000000000000000, 0.000000000000000000, 1.000000000000000000 ) ) ;
#2281 = AXIS2_PLACEMENT_3D ( 'NONE', #1147, #2441, #151 ) ;
#2282 = DIRECTION ( 'NONE',  ( -0.7137078831289024317, 3.037689336468328482E-15, 0.7004434720658483382 ) ) ;
#2283 = AXIS2_PLACEMENT_3D ( 'NONE', #2306, #2321, #1211 ) ;
#2284 = CARTESIAN_POINT ( 'NONE',  ( 15.85871196413240725, 2.520601691683334700, -10.08286193049764456 ) ) ;
#2285 = ORIENTED_EDGE ( 'NONE', *, *, #555, .F. ) ;
#2286 = CARTESIAN_POINT ( 'NONE',  ( 16.01299384771705192, 2.457597665154178213, 9.991605544180798049 ) ) ;
#2287 = EDGE_CURVE ( 'NONE', #2407, #1167, #815, .T. ) ;
#2288 = AXIS2_PLACEMENT_3D ( 'NONE', #532, #2001, #2577 ) ;
#2289 = CARTESIAN_POINT ( 'NONE',  ( 1.983090264432757922E-12, 0.000000000000000000, -18.40000000000000213 ) ) ;
#2291 = ORIENTED_EDGE ( 'NONE', *, *, #1765, .T. ) ;
#2290 = CARTESIAN_POINT ( 'NONE',  ( 3.461939554357552158E-14, 2.490711984999859574, -19.33333333333333925 ) ) ;
#2292 = ORIENTED_EDGE ( 'NONE', *, *, #882, .T. ) ;
#2293 = DIRECTION ( 'NONE',  ( 0.000000000000000000, 0.000000000000000000, 1.000000000000000000 ) ) ;
#2294 = CARTESIAN_POINT ( 'NONE',  ( 0.000000000000000000, 0.000000000000000000, 0.000000000000000000 ) ) ;
#2295 = CARTESIAN_POINT ( 'NONE',  ( 14.39024490924361110, 0.3622304522596894172, 8.266782046911769655 ) ) ;
#2296 = AXIS2_PLACEMENT_3D ( 'NONE', #1611, #1199, #2251 ) ;
#2297 = CARTESIAN_POINT ( 'NONE',  ( -16.66349558238351847, 2.516446444577317809, 8.708094552100423158 ) ) ;
#2298 = CARTESIAN_POINT ( 'NONE',  ( -16.83224100936261536, 2.498321068153735336, -9.494119091950677713 ) ) ;
#2299 = CIRCLE ( 'NONE', #1473, 17.36602540378444104 ) ;
#2300 = CARTESIAN_POINT ( 'NONE',  ( 1.983090264432757922E-12, 3.000000000000000000, -17.50000000000000000 ) ) ;
#2301 = EDGE_LOOP ( 'NONE', ( #937, #590 ) ) ;
#2302 = CARTESIAN_POINT ( 'NONE',  ( -0.1687024353022213430, 2.341640786499859850, 19.00000000000000355 ) ) ;
#2303 = EDGE_CURVE ( 'NONE', #1667, #2641, #1906, .T. ) ;
#2304 = DIRECTION ( 'NONE',  ( -0.000000000000000000, 1.000000000000000000, -0.000000000000000000 ) ) ;
#2305 = CIRCLE ( 'NONE', #1695, 2.000000000000001776 ) ;
#2307 = VERTEX_POINT ( 'NONE', #467 ) ;
#2306 = CARTESIAN_POINT ( 'NONE',  ( 0.000000000000000000, 0.5000000000000000000, 15.50000000000000000 ) ) ;
#2308 = ORIENTED_EDGE ( 'NONE', *, *, #636, .T. ) ;
#2309 = CARTESIAN_POINT ( 'NONE',  ( -15.15544456622619052, 1.799999999999999600, -8.750000000000865086 ) ) ;
#2310 = SURFACE_STYLE_USAGE ( .BOTH. , #632 ) ;
#2311 = DIRECTION ( 'NONE',  ( 0.000000000000000000, 0.000000000000000000, 1.000000000000000000 ) ) ;
#2312 = CARTESIAN_POINT ( 'NONE',  ( -16.96107548250261488, 2.684940482415426377, 8.752208765788525469 ) ) ;
#2313 = CARTESIAN_POINT ( 'NONE',  ( -16.51527742903073204, 2.525880617796005811, -9.973911908938939419 ) ) ;
#2314 = AXIS2_PLACEMENT_3D ( 'NONE', #2368, #468, #688 ) ;
#2315 = APPLICATION_CONTEXT ( 'automotive_design' ) ;
#2316 = CARTESIAN_POINT ( 'NONE',  ( 0.8862702709768397469, 0.000000000000000000, 17.34339538071104414 ) ) ;
#2317 = CIRCLE ( 'NONE', #129, 18.00000000000000355 ) ;
#2318 = DIRECTION ( 'NONE',  ( 0.000000000000000000, 0.000000000000000000, 1.000000000000000000 ) ) ;
#2319 = DIRECTION ( 'NONE',  ( 0.000000000000000000, 1.000000000000000000, 0.000000000000000000 ) ) ;
#2320 = PRODUCT_RELATED_PRODUCT_CATEGORY ( 'part', '', ( #315 ) ) ;
#2322 = ORIENTED_EDGE ( 'NONE', *, *, #1687, .T. ) ;
#2321 = DIRECTION ( 'NONE',  ( -1.000000000000000000, 0.000000000000000000, 0.000000000000000000 ) ) ;
#2323 = CARTESIAN_POINT ( 'NONE',  ( -15.15544456622875025, 2.752925400380114240, 10.24999999999814193 ) ) ;
#2324 = DIRECTION ( 'NONE',  ( 0.000000000000000000, 1.000000000000000000, 0.000000000000000000 ) ) ;
#2325 = DIRECTION ( 'NONE',  ( 0.000000000000000000, 0.000000000000000000, 1.000000000000000000 ) ) ;
#2326 = FACE_OUTER_BOUND ( 'NONE', #845, .T. ) ;
#2327 = CARTESIAN_POINT ( 'NONE',  ( -15.09002889634236588, 2.972453909298137464, 10.47841014723452702 ) ) ;
#2328 = EDGE_CURVE ( 'NONE', #2478, #1471, #2113, .T. ) ;
#2329 = CARTESIAN_POINT ( 'NONE',  ( -16.63020641516474996, 2.969690898158443559, -7.843229140033982638 ) ) ;
#2330 = DIRECTION ( 'NONE',  ( 0.9634557822885139178, 0.000000000000000000, -0.2678674216376968342 ) ) ;
#2331 = CIRCLE ( 'NONE', #1143, 0.1999999999999995393 ) ;
#2332 = CARTESIAN_POINT ( 'NONE',  ( 0.000000000000000000, 0.000000000000000000, 0.000000000000000000 ) ) ;
#2333 = ORIENTED_EDGE ( 'NONE', *, *, #343, .T. ) ;
#2334 = CARTESIAN_POINT ( 'NONE',  ( 15.30539854586363546, 2.720283315514069322, 10.25000000000182609 ) ) ;
#2335 = EDGE_CURVE ( 'NONE', #841, #302, #2344, .T. ) ;
#2336 = CARTESIAN_POINT ( 'NONE',  ( 0.000000000000000000, 1.000000000000000000, 0.000000000000000000 ) ) ;
#2337 = CARTESIAN_POINT ( 'NONE',  ( 14.27732464640438437, 0.3205906113604226615, 8.531311652312254523 ) ) ;
#2338 = CARTESIAN_POINT ( 'NONE',  ( -14.26151163452857240, 0.1697374267627987099, 8.886981155797299081 ) ) ;
#2339 = ADVANCED_FACE ( 'NONE', ( #46 ), #2354, .F. ) ;
#2340 = CARTESIAN_POINT ( 'NONE',  ( -16.62017302022854182, 2.631443243764474360, 8.388690589752156868 ) ) ;
#2341 = CARTESIAN_POINT ( 'NONE',  ( -16.57276427111635897, 2.688131153950972685, -8.231774752052539057 ) ) ;
#2342 = CARTESIAN_POINT ( 'NONE',  ( -2.105108414272396017E-12, 1.800000000000000266, 16.00000000000000000 ) ) ;
#2343 = EDGE_CURVE ( 'NONE', #841, #369, #2367, .T. ) ;
#2344 = CIRCLE ( 'NONE', #2522, 0.8999999999999998002 ) ;
#2345 = VERTEX_POINT ( 'NONE', #1968 ) ;
#2346 = CARTESIAN_POINT ( 'NONE',  ( -16.42243529575546646, 2.788853029613029388, 9.555466068294082405 ) ) ;
#2347 =( BOUNDED_SURFACE ( )  B_SPLINE_SURFACE ( 3, 2, ( 
 ( #694, #907, #919 ),
 ( #272, #1939, #1963 ),
 ( #54, #2147, #511 ),
 ( #719, #2172, #679 ),
 ( #943, #522, #2600 ),
 ( #2395, #2589, #80 ),
 ( #1329, #1738, #1952 ),
 ( #1523, #2553, #1340 ),
 ( #1559, #2361, #2579 ),
 ( #68, #500, #1750 ),
 ( #1536, #296, #1135 ),
 ( #488, #94, #1509 ),
 ( #930, #2346, #2160 ),
 ( #286, #1547, #1762 ),
 ( #729, #1317, #1352 ),
 ( #1925, #2183, #308 ),
 ( #893, #1305, #2136 ),
 ( #260, #1096, #1725 ),
 ( #2297, #1707, #2312 ),
 ( #2340, #217, #1300 ),
 ( #2563, #1079, #2549 ),
 ( #1935, #483, #690 ),
 ( #2356, #2144, #269 ),
 ( #1259, #470, #1518 ) ),
 .UNSPECIFIED., .F., .F., .T. ) 
 B_SPLINE_SURFACE_WITH_KNOTS ( ( 4, 2, 2, 2, 2, 2, 2, 2, 2, 2, 2, 4 ),
 ( 3, 3 ),
 ( 5.421010862427522170E-20, 0.0005703763139338190874, 0.001140752627867638175, 0.001425940784834547718, 0.001711128941801457262, 0.001996317098768366806, 0.002281505255735276350, 0.002566693412702185893, 0.002851881569669095437, 0.003422257883602914524, 0.003992634197536733612, 0.004563010511470552699 ),
 ( 0.000000000000000000, 1.000000000000000000 ),
 .UNSPECIFIED. ) 
 GEOMETRIC_REPRESENTATION_ITEM ( )  RATIONAL_B_SPLINE_SURFACE ( (
 ( 1.000000000000000000, 0.7071067811865475727, 1.000000000000000000),
 ( 1.000000000000000000, 0.6951570871117538353, 1.000000000000000000),
 ( 1.000000000000000000, 0.6727307808529952027, 1.000000000000000000),
 ( 1.000000000000000000, 0.6160173504137433920, 1.000000000000000000),
 ( 1.000000000000000000, 0.5821405974651764348, 1.000000000000000000),
 ( 1.000000000000000000, 0.5310013390969743341, 1.000000000000000000),
 ( 1.000000000000000000, 0.5140268755978564252, 1.000000000000000000),
 ( 1.000000000000000000, 0.4815985848990832485, 1.000000000000000000),
 ( 1.000000000000000000, 0.4660193880215346418, 1.000000000000000000),
 ( 1.000000000000000000, 0.4393352589920549445, 1.000000000000000000),
 ( 1.000000000000000000, 0.4281688281018389275, 1.000000000000000000),
 ( 1.000000000000000000, 0.4125462085625119513, 1.000000000000000000),
 ( 1.000000000000000000, 0.4082716763820220529, 1.000000000000000000),
 ( 1.000000000000000000, 0.4082251045491382402, 1.000000000000000000),
 ( 1.000000000000000000, 0.4123193861084894496, 1.000000000000000000),
 ( 1.000000000000000000, 0.4278924496688238377, 1.000000000000000000),
 ( 1.000000000000000000, 0.4391334546922553983, 1.000000000000000000),
 ( 1.000000000000000000, 0.4790710036580487774, 1.000000000000000000),
 ( 1.000000000000000000, 0.5138096317263896040, 1.000000000000000000),
 ( 1.000000000000000000, 0.5820563527525619563, 1.000000000000000000),
 ( 1.000000000000000000, 0.6159038434135630791, 1.000000000000000000),
 ( 1.000000000000000000, 0.6721865885283673236, 1.000000000000000000),
 ( 1.000000000000000000, 0.6952850087999362660, 1.000000000000000000),
 ( 1.000000000000000000, 0.7071067811865475727, 1.000000000000000000) ) ) 
 REPRESENTATION_ITEM ( '' )  SURFACE ( )  );
#2348 = VECTOR ( 'NONE', #30, 1000.000000000000000 ) ;
#2349 = CARTESIAN_POINT ( 'NONE',  ( 0.6456626930156728061, 2.462068582714131093, 18.85633043033846334 ) ) ;
#2350 = CYLINDRICAL_SURFACE ( 'NONE', #2485, 1.499999999999997780 ) ;
#2351 = ORIENTED_EDGE ( 'NONE', *, *, #398, .F. ) ;
#2352 = CARTESIAN_POINT ( 'NONE',  ( 15.15544456622649605, 2.752925400380068055, 10.25000000000178879 ) ) ;
#2353 = CIRCLE ( 'NONE', #561, 0.9000000000000014655 ) ;
#2354 = CYLINDRICAL_SURFACE ( 'NONE', #376, 0.9000000000000014655 ) ;
#2355 = CARTESIAN_POINT ( 'NONE',  ( -15.15544456622875025, 1.800000000000000266, 8.749999999998145483 ) ) ;
#2356 = CARTESIAN_POINT ( 'NONE',  ( -16.32698739986886594, 2.799999970237993185, 7.798069264761264385 ) ) ;
#2357 = CARTESIAN_POINT ( 'NONE',  ( -16.60135575922144824, 2.933108794771244643, -8.302995016543416540 ) ) ;
#2358 = EDGE_CURVE ( 'NONE', #2391, #647, #88, .T. ) ;
#2359 = DIRECTION ( 'NONE',  ( 0.000000000000000000, 1.000000000000000000, 0.000000000000000000 ) ) ;
#2360 = EDGE_LOOP ( 'NONE', ( #2655, #1253, #451, #1653, #948 ) ) ;
#2361 = CARTESIAN_POINT ( 'NONE',  ( -16.15258347788654092, 2.802604372277885947, 9.877181929735300514 ) ) ;
#2362 = DIRECTION ( 'NONE',  ( 0.000000000000000000, 1.000000000000000000, 0.000000000000000000 ) ) ;
#2363 = CARTESIAN_POINT ( 'NONE',  ( 1.452466340557634128, 2.799999999999999822, -17.87462184873933779 ) ) ;
#2364 = CIRCLE ( 'NONE', #1048, 0.8999999999999998002 ) ;
#2365 = ORIENTED_EDGE ( 'NONE', *, *, #1120, .T. ) ;
#2366 = CARTESIAN_POINT ( 'NONE',  ( -15.15544456622875025, 2.752925400380114240, 10.24999999999814193 ) ) ;
#2367 = LINE ( 'NONE', #2595, #325 ) ;
#2368 = CARTESIAN_POINT ( 'NONE',  ( -16.34619846873882310, 2.799999999999999822, -7.536696598683051640 ) ) ;
#2369 = CARTESIAN_POINT ( 'NONE',  ( -16.95673808563874374, 2.631485677979910953, 8.916946016908696038 ) ) ;
#2370 = LINE ( 'NONE', #2598, #772 ) ;
#2371 = EDGE_LOOP ( 'NONE', ( #365, #518 ) ) ;
#2372 = CARTESIAN_POINT ( 'NONE',  ( 16.34276388009805459, 3.006886590911639789, -7.813552559168765121 ) ) ;
#2373 = CARTESIAN_POINT ( 'NONE',  ( 0.1699719635383983851, 2.348488963719443046, 18.99269237684480061 ) ) ;
#2374 = CYLINDRICAL_SURFACE ( 'NONE', #2038, 15.00000000000000000 ) ;
#2375 = CIRCLE ( 'NONE', #2414, 0.8999999999999998002 ) ;
#2376 = ORIENTED_EDGE ( 'NONE', *, *, #2527, .T. ) ;
#2377 = EDGE_CURVE ( 'NONE', #2647, #396, #1377, .T. ) ;
#2378 = DIRECTION ( 'NONE',  ( -0.000000000000000000, -1.000000000000000000, -0.000000000000000000 ) ) ;
#2379 = CARTESIAN_POINT ( 'NONE',  ( -14.34160239325355235, 0.3600449315891234292, 8.354204400870752778 ) ) ;
#2380 = CARTESIAN_POINT ( 'NONE',  ( 15.15544456622869340, 1.800000000000000266, -7.249999999998247624 ) ) ;
#2381 = CARTESIAN_POINT ( 'NONE',  ( -14.70006994944211165, 3.000000000000000000, -10.38787482989226163 ) ) ;
#2382 = ORIENTED_EDGE ( 'NONE', *, *, #93, .F. ) ;
#2383 = CARTESIAN_POINT ( 'NONE',  ( 16.20610977432746935, 2.799999999999999822, -7.679438175304897918 ) ) ;
#2384 = CARTESIAN_POINT ( 'NONE',  ( -15.15544456622719061, 1.799999999999999600, 8.749999999999131362 ) ) ;
#2385 = CARTESIAN_POINT ( 'NONE',  ( 15.67479008884640379, 2.821807842104765207, 10.44602034755928521 ) ) ;
#2386 = CIRCLE ( 'NONE', #1334, 1.499999999999999556 ) ;
#2387 = EDGE_LOOP ( 'NONE', ( #892, #2518, #127, #1904 ) ) ;
#2388 = EDGE_CURVE ( 'NONE', #1970, #682, #924, .T. ) ;
#2389 = B_SPLINE_CURVE_WITH_KNOTS ( 'NONE', 3,
 ( #1615, #2457, #1781, #1574, #95, #1989, #986, #1398, #742, #1824, #959, #2019, #2629, #755, #2209, #1353, #2396, #535 ),
 .UNSPECIFIED., .F., .F.,
 ( 4, 2, 2, 2, 2, 2, 2, 2, 4 ),
 ( 0.0004086430266532955482, 0.0008681917143740019386, 0.001327740402094708437, 0.001787289089815414719, 0.002246837777536121218, 0.002706386465256827717, 0.003165935152977534216, 0.003625483840698240715, 0.004085032528418947213 ),
 .UNSPECIFIED. ) ;
#2390 = CYLINDRICAL_SURFACE ( 'NONE', #196, 1.500000000000001332 ) ;
#2391 = VERTEX_POINT ( 'NONE', #101 ) ;
#2392 = DIRECTION ( 'NONE',  ( -0.000000000000000000, 1.000000000000000000, -0.000000000000000000 ) ) ;
#2393 = FACE_BOUND ( 'NONE', #2454, .T. ) ;
#2394 = ORIENTED_EDGE ( 'NONE', *, *, #25, .F. ) ;
#2395 = CARTESIAN_POINT ( 'NONE',  ( -15.79805403666243890, 2.545415502743303637, 10.10776841618108435 ) ) ;
#2396 = CARTESIAN_POINT ( 'NONE',  ( -16.31662965518324881, 2.800000000000000266, -7.787904020944243833 ) ) ;
#2397 = CARTESIAN_POINT ( 'NONE',  ( 1.452466340553458579, 3.000000000000000000, 17.87462184873967175 ) ) ;
#2398 = CARTESIAN_POINT ( 'NONE',  ( 16.94005734575756250, 2.726415546063582163, 8.630924383418665968 ) ) ;
#2399 = AXIS2_PLACEMENT_3D ( 'NONE', #242, #1078, #1907 ) ;
#2400 = CIRCLE ( 'NONE', #1913, 1.499999999999999556 ) ;
#2401 = CARTESIAN_POINT ( 'NONE',  ( -0.1992061111267090234, 2.490711984999621098, 19.33333333333359860 ) ) ;
#2402 = EDGE_CURVE ( 'NONE', #2652, #2438, #1901, .T. ) ;
#2403 = CARTESIAN_POINT ( 'NONE',  ( 0.4137155823064890825, 2.391595032701661960, -18.94415483634500319 ) ) ;
#2404 = ORIENTED_EDGE ( 'NONE', *, *, #2198, .T. ) ;
#2405 = CARTESIAN_POINT ( 'NONE',  ( -16.43217018328506995, 2.550738497480504741, 10.05398326183532198 ) ) ;
#2406 = PLANE ( 'NONE',  #1936 ) ;
#2407 = VERTEX_POINT ( 'NONE', #2606 ) ;
#2408 = ADVANCED_FACE ( 'NONE', ( #1774 ), #2390, .F. ) ;
#2409 = CARTESIAN_POINT ( 'NONE',  ( 15.95912053374568984, 2.834548508290108071, -10.02285274829952932 ) ) ;
#2410 = FACE_OUTER_BOUND ( 'NONE', #225, .T. ) ;
#2411 = CARTESIAN_POINT ( 'NONE',  ( -1.410167616180483474, 2.799999970237993185, 18.03862048793557804 ) ) ;
#2412 = CARTESIAN_POINT ( 'NONE',  ( 14.79686519486550189, 3.000000000000001332, 10.41816562359232279 ) ) ;
#2413 = ORIENTED_EDGE ( 'NONE', *, *, #2540, .T. ) ;
#2414 = AXIS2_PLACEMENT_3D ( 'NONE', #1284, #2099, #1680 ) ;
#2415 = AXIS2_PLACEMENT_3D ( 'NONE', #611, #801, #1415 ) ;
#2416 = CARTESIAN_POINT ( 'NONE',  ( -14.70006994944210987, 3.000000000000000000, -10.38787482989226163 ) ) ;
#2417 = CARTESIAN_POINT ( 'NONE',  ( 1.157066676961073570, 2.687914681770016578, -18.46852756164691556 ) ) ;
#2418 = ORIENTED_EDGE ( 'NONE', *, *, #2358, .T. ) ;
#2419 = ADVANCED_FACE ( 'NONE', ( #1542 ), #1728, .T. ) ;
#2420 = CARTESIAN_POINT ( 'NONE',  ( -16.61402663714008909, 2.967829911744964466, 7.834503332287527044 ) ) ;
#2421 = CARTESIAN_POINT ( 'NONE',  ( -16.06017287164896601, 2.684940482415456131, -10.31261786045837781 ) ) ;
#2422 = EDGE_LOOP ( 'NONE', ( #2262, #353, #2627, #1674, #1998, #2512, #646, #1984, #2675, #1476, #405, #2499 ) ) ;
#2423 = EDGE_CURVE ( 'NONE', #463, #1962, #2259, .T. ) ;
#2424 = CARTESIAN_POINT ( 'NONE',  ( 15.86956054760243973, 2.516662051579748649, -10.07157138080357406 ) ) ;
#2425 = AXIS2_PLACEMENT_3D ( 'NONE', #2087, #1301, #1519 ) ;
#2426 = CARTESIAN_POINT ( 'NONE',  ( 1.086761238497965554E-13, 0.3571897008005363583, 16.60000000000000142 ) ) ;
#2427 = CARTESIAN_POINT ( 'NONE',  ( -14.88640230247670182, 2.799999999999999378, -10.23209431999859476 ) ) ;
#2428 = CARTESIAN_POINT ( 'NONE',  ( 16.20067081763680505, 2.631485677979913618, 10.22649293902784073 ) ) ;
#2429 = VERTEX_POINT ( 'NONE', #1152 ) ;
#2430 = AXIS2_PLACEMENT_3D ( 'NONE', #455, #1298, #1504 ) ;
#2431 = PRODUCT_DEFINITION_FORMATION_WITH_SPECIFIED_SOURCE ( 'ANY', '', #315, .NOT_KNOWN. ) ;
#2432 = CARTESIAN_POINT ( 'NONE',  ( 3.461939554357552158E-14, 2.490711984999859574, -19.33333333333333925 ) ) ;
#2433 = CARTESIAN_POINT ( 'NONE',  ( 0.1902692429807930075, 2.497916581428620830, -19.32470384542966002 ) ) ;
#2434 = VERTEX_POINT ( 'NONE', #2416 ) ;
#2435 = DIRECTION ( 'NONE',  ( 0.000000000000000000, 0.000000000000000000, 1.000000000000000000 ) ) ;
#2436 = CARTESIAN_POINT ( 'NONE',  ( -15.15544456622658309, 1.800000000000000266, -7.250000000001895373 ) ) ;
#2437 = ORIENTED_EDGE ( 'NONE', *, *, #1821, .F. ) ;
#2438 = VERTEX_POINT ( 'NONE', #1553 ) ;
#2439 = B_SPLINE_CURVE_WITH_KNOTS ( 'NONE', 3,
 ( #1363, #752, #1378, #1557, #2193, #2181, #320, #1584, #283, #121 ),
 .UNSPECIFIED., .F., .F.,
 ( 4, 2, 2, 2, 4 ),
 ( 8.091703390101766229E-21, 0.0003267205681609566120, 0.0006534411363219132240, 0.0009801617044828698361, 0.001306882272643826448 ),
 .UNSPECIFIED. ) ;
#2440 = CARTESIAN_POINT ( 'NONE',  ( 16.62017302022846366, 2.631443243764515216, -8.388690589752060944 ) ) ;
#2441 = DIRECTION ( 'NONE',  ( -1.000000000000000000, 0.000000000000000000, 0.000000000000000000 ) ) ;
#2442 = AXIS2_PLACEMENT_3D ( 'NONE', #247, #2571, #2105 ) ;
#2443 = CARTESIAN_POINT ( 'NONE',  ( -0.4719999345944814739, 2.546216698564848446, 19.26358793998990748 ) ) ;
#2444 = CARTESIAN_POINT ( 'NONE',  ( 1.983090264432757922E-12, 2.799999999999999822, -17.50000000000000000 ) ) ;
#2445 = VERTEX_POINT ( 'NONE', #1982 ) ;
#2446 = EDGE_CURVE ( 'NONE', #220, #1159, #541, .T. ) ;
#2447 = TOROIDAL_SURFACE ( 'NONE', #81, 1.699999999999999956, 0.2000000000000000111 ) ;
#2448 = DIRECTION ( 'NONE',  ( 0.000000000000000000, 1.000000000000000000, 0.000000000000000000 ) ) ;
#2449 = CARTESIAN_POINT ( 'NONE',  ( -1.320864262447721149, 2.988369408955366069, -18.23255903097103925 ) ) ;
#2450 = VERTEX_POINT ( 'NONE', #1373 ) ;
#2451 = CARTESIAN_POINT ( 'NONE',  ( 15.15544456622916591, 10.50000000000000000, -9.649999999999138822 ) ) ;
#2452 = VECTOR ( 'NONE', #507, 1000.000000000000000 ) ;
#2453 = CARTESIAN_POINT ( 'NONE',  ( 1.983090264432757922E-12, 2.799999999999999822, -17.50000000000000000 ) ) ;
#2454 = EDGE_LOOP ( 'NONE', ( #2228, #499 ) ) ;
#2455 = ORIENTED_EDGE ( 'NONE', *, *, #1003, .F. ) ;
#2456 = CARTESIAN_POINT ( 'NONE',  ( 16.59169671094808507, 2.791672380190613811, -9.197398921930322047 ) ) ;
#2457 = CARTESIAN_POINT ( 'NONE',  ( -15.30539854586357684, 2.720283315514065325, -10.25000000000193090 ) ) ;
#2458 = CARTESIAN_POINT ( 'NONE',  ( -0.3800223737338888630, 2.525880617796036454, 19.28960575855780135 ) ) ;
#2459 = CARTESIAN_POINT ( 'NONE',  ( -2.105292111292268057E-12, 1.800000000000000266, 17.50000000000000000 ) ) ;
#2460 = ORIENTED_EDGE ( 'NONE', *, *, #1976, .T. ) ;
#2461 = CARTESIAN_POINT ( 'NONE',  ( 2.204364238465235822E-15, 1.000000000000000000, -18.00000000000000355 ) ) ;
#2462 = CARTESIAN_POINT ( 'NONE',  ( -1.601816273392077994, 3.000000000000000444, -18.12243699766407445 ) ) ;
#2463 = CARTESIAN_POINT ( 'NONE',  ( -0.4735388612693835486, 2.546584045754039405, -19.26310581113594012 ) ) ;
#2464 = VERTEX_POINT ( 'NONE', #267 ) ;
#2465 = AXIS2_PLACEMENT_3D ( 'NONE', #201, #861, #1669 ) ;
#2466 = CARTESIAN_POINT ( 'NONE',  ( -1.452466340553584478, 2.799999999999999822, -17.87462184873966109 ) ) ;
#2467 = DIRECTION ( 'NONE',  ( -0.000000000000000000, -1.000000000000000000, -0.000000000000000000 ) ) ;
#2468 = CARTESIAN_POINT ( 'NONE',  ( 0.7571676289400320892, 2.631887217613805063, 19.14281850779947192 ) ) ;
#2469 = ORIENTED_EDGE ( 'NONE', *, *, #517, .T. ) ;
#2470 = CARTESIAN_POINT ( 'NONE',  ( 14.75364343377214560, 3.000000000000000000, -10.19518367343102128 ) ) ;
#2471 = CARTESIAN_POINT ( 'NONE',  ( 1.874384494993369899E-12, 0.3571897008005361918, -16.60000000000000142 ) ) ;
#2472 = EDGE_LOOP ( 'NONE', ( #31, #1174, #1184, #2542, #1551, #1568, #1831, #1987, #1580, #122 ) ) ;
#2473 = CARTESIAN_POINT ( 'NONE',  ( 16.51527742903070006, 2.525880617796033789, 9.973911908938942972 ) ) ;
#2474 = CARTESIAN_POINT ( 'NONE',  ( 16.61402663714003225, 2.967829911744963578, -7.834503332287634514 ) ) ;
#2475 = EDGE_CURVE ( 'NONE', #1029, #1827, #1860, .T. ) ;
#2476 = CIRCLE ( 'NONE', #2296, 1.000000000000000888 ) ;
#2477 = CARTESIAN_POINT ( 'NONE',  ( 16.34291726106217268, 3.006894317763638469, 7.813703095417054989 ) ) ;
#2478 = VERTEX_POINT ( 'NONE', #1731 ) ;
#2479 = CARTESIAN_POINT ( 'NONE',  ( -15.19192523794142780, 2.949337904941010002, -10.47827486311280509 ) ) ;
#2480 = CIRCLE ( 'NONE', #113, 1.700000000000000178 ) ;
#2481 = DIRECTION ( 'NONE',  ( 0.000000000000000000, 1.000000000000000000, 0.000000000000000000 ) ) ;
#2482 = ORIENTED_EDGE ( 'NONE', *, *, #310, .T. ) ;
#2483 = CARTESIAN_POINT ( 'NONE',  ( 0.000000000000000000, 0.5000000000000000000, 0.000000000000000000 ) ) ;
#2484 = CARTESIAN_POINT ( 'NONE',  ( -0.2182048235873611242, 0.3297345554387801636, -16.62084144647551298 ) ) ;
#2485 = AXIS2_PLACEMENT_3D ( 'NONE', #2555, #275, #2318 ) ;
#2486 = ORIENTED_EDGE ( 'NONE', *, *, #2115, .F. ) ;
#2487 = CARTESIAN_POINT ( 'NONE',  ( 15.08864980274787548, 2.771956729552971233, 10.25744399304788068 ) ) ;
#2488 = CARTESIAN_POINT ( 'NONE',  ( 16.28011405770438458, 2.602216458436648505, -10.17450572999122471 ) ) ;
#2490 = ORIENTED_EDGE ( 'NONE', *, *, #1366, .F. ) ;
#2489 = CARTESIAN_POINT ( 'NONE',  ( 0.9952088797485706406, 2.726320093793997312, -18.98615822784406504 ) ) ;
#2491 = ORIENTED_EDGE ( 'NONE', *, *, #2674, .T. ) ;
#2492 = CARTESIAN_POINT ( 'NONE',  ( -16.90032057582471481, 2.529238404831040121, -9.298430585347162491 ) ) ;
#2493 = TOROIDAL_SURFACE ( 'NONE', #702, 1.699999999999999956, 0.2000000000000000111 ) ;
#2494 = DIRECTION ( 'NONE',  ( 0.000000000000000000, -1.000000000000000000, 0.000000000000000000 ) ) ;
#2495 = DIRECTION ( 'NONE',  ( 0.000000000000000000, 0.000000000000000000, 1.000000000000000000 ) ) ;
#2496 = CIRCLE ( 'NONE', #346, 0.9000000000000014655 ) ;
#2497 = FACE_BOUND ( 'NONE', #2026, .T. ) ;
#2498 = CARTESIAN_POINT ( 'NONE',  ( -0.4105373363205661041, 0.2545767886519799683, -16.69253965870878886 ) ) ;
#2499 = ORIENTED_EDGE ( 'NONE', *, *, #1517, .F. ) ;
#2500 = CARTESIAN_POINT ( 'NONE',  ( 0.7204338266031238280, 0.07846849105633148247, -16.95037923147005188 ) ) ;
#2501 = DIRECTION ( 'NONE',  ( 0.000000000000000000, -1.000000000000000000, 0.000000000000000000 ) ) ;
#2503 = ORIENTED_EDGE ( 'NONE', *, *, #2098, .T. ) ;
#2502 = CARTESIAN_POINT ( 'NONE',  ( 16.94374260657464504, 2.717128330482419862, 8.658051926656657571 ) ) ;
#2504 = ORIENTED_EDGE ( 'NONE', *, *, #1639, .F. ) ;
#2505 = DIRECTION ( 'NONE',  ( 0.000000000000000000, 0.000000000000000000, -1.000000000000000000 ) ) ;
#2506 = CARTESIAN_POINT ( 'NONE',  ( 15.15544456622916591, 0.000000000000000000, -8.749999999999140243 ) ) ;
#2507 = DIRECTION ( 'NONE',  ( 0.000000000000000000, 0.000000000000000000, 1.000000000000000000 ) ) ;
#2508 = CARTESIAN_POINT ( 'NONE',  ( 16.20610977432746935, 2.799999999999999822, -7.679438175304897918 ) ) ;
#2509 = AXIS2_PLACEMENT_3D ( 'NONE', #2243, #1209, #1222 ) ;
#2510 = ADVANCED_FACE ( 'NONE', ( #1530 ), #1158, .T. ) ;
#2511 = CARTESIAN_POINT ( 'NONE',  ( -2.105108414272396017E-12, 1.800000000000000266, 16.00000000000000000 ) ) ;
#2512 = ORIENTED_EDGE ( 'NONE', *, *, #76, .F. ) ;
#2513 = CARTESIAN_POINT ( 'NONE',  ( 15.87317889186754627, 2.516446444577403518, 10.07696321414364604 ) ) ;
#2514 = AXIS2_PLACEMENT_3D ( 'NONE', #446, #2103, #233 ) ;
#2515 = CYLINDRICAL_SURFACE ( 'NONE', #941, 1.499999999999999556 ) ;
#2517 = ORIENTED_EDGE ( 'NONE', *, *, #1639, .T. ) ;
#2516 = CARTESIAN_POINT ( 'NONE',  ( 1.600019680746893158, 2.999999999999999556, -18.13045918924296274 ) ) ;
#2518 = ORIENTED_EDGE ( 'NONE', *, *, #2619, .F. ) ;
#2519 = DIRECTION ( 'NONE',  ( -0.000000000000000000, -1.000000000000000000, -0.000000000000000000 ) ) ;
#2520 = FILL_AREA_STYLE_COLOUR ( '', #2233 ) ;
#2521 = DIRECTION ( 'NONE',  ( 0.000000000000000000, 1.000000000000000000, 0.000000000000000000 ) ) ;
#2522 = AXIS2_PLACEMENT_3D ( 'NONE', #2128, #252, #1089 ) ;
#2523 = CARTESIAN_POINT ( 'NONE',  ( 2.073695980529378606E-15, 0.5000000000000000000, -16.50000000000000000 ) ) ;
#2524 = CARTESIAN_POINT ( 'NONE',  ( -16.38919029844862152, 2.788355583575824248, -9.606776619621388846 ) ) ;
#2525 = DIRECTION ( 'NONE',  ( 0.000000000000000000, 0.000000000000000000, -1.000000000000000000 ) ) ;
#2526 = B_SPLINE_CURVE_WITH_KNOTS ( 'NONE', 3,
 ( #576, #1637, #1818, #1843, #604, #1805, #1435, #1241, #1655, #1021, #2492, #822, #1009, #1213, #619, #981, #2068, #2219, #1832, #797, #2248, #2479, #1226, #2694, #2653, #161 ),
 .UNSPECIFIED., .F., .F.,
 ( 4, 2, 2, 2, 2, 2, 2, 2, 2, 2, 2, 2, 4 ),
 ( 0.000000000000000000, 0.0005979573827311989278, 0.001195914765462397856, 0.001494893456827996615, 0.001793872148193595157, 0.002092850839559193699, 0.002391829530924792675, 0.002989786913655989760, 0.003288765605021586134, 0.003587744296387182508, 0.004185701679118365715, 0.004484680370483959053, 0.004783659061849553258 ),
 .UNSPECIFIED. ) ;
#2527 = EDGE_CURVE ( 'NONE', #51, #2016, #1022, .T. ) ;
#2528 = CARTESIAN_POINT ( 'NONE',  ( -2.105108414272396017E-12, 2.799999999999999822, 16.00000000000000000 ) ) ;
#2530 = VERTEX_POINT ( 'NONE', #793 ) ;
#2529 = CARTESIAN_POINT ( 'NONE',  ( 1.452466340557634350, 2.799999999999999822, -17.87462184873933779 ) ) ;
#2531 = DIRECTION ( 'NONE',  ( 0.000000000000000000, 0.000000000000000000, 1.000000000000000000 ) ) ;
#2532 = EDGE_CURVE ( 'NONE', #911, #1095, #1118, .T. ) ;
#2533 = DIRECTION ( 'NONE',  ( -0.000000000000000000, -1.000000000000000000, -0.000000000000000000 ) ) ;
#2534 = DIRECTION ( 'NONE',  ( -0.000000000000000000, -1.000000000000000000, -0.000000000000000000 ) ) ;
#2535 = DIRECTION ( 'NONE',  ( 0.000000000000000000, 0.000000000000000000, -1.000000000000000000 ) ) ;
#2536 = CARTESIAN_POINT ( 'NONE',  ( -14.70006994944468026, 3.000000000000000000, 10.38787482988862187 ) ) ;
#2537 = FACE_OUTER_BOUND ( 'NONE', #2706, .T. ) ;
#2538 = FACE_OUTER_BOUND ( 'NONE', #1380, .T. ) ;
#2539 = CARTESIAN_POINT ( 'NONE',  ( 0.000000000000000000, 3.000000000000000000, 0.000000000000000000 ) ) ;
#2540 = EDGE_CURVE ( 'NONE', #682, #647, #69, .T. ) ;
#2541 = DIRECTION ( 'NONE',  ( 0.000000000000000000, 0.000000000000000000, -1.000000000000000000 ) ) ;
#2542 = ORIENTED_EDGE ( 'NONE', *, *, #2423, .T. ) ;
#2543 = ADVANCED_FACE ( 'NONE', ( #1840 ), #1210, .F. ) ;
#2544 = VERTEX_POINT ( 'NONE', #2052 ) ;
#2545 = DIRECTION ( 'NONE',  ( 0.000000000000000000, 0.000000000000000000, 1.000000000000000000 ) ) ;
#2546 = ADVANCED_FACE ( 'NONE', ( #557 ), #182, .T. ) ;
#2547 = DIRECTION ( 'NONE',  ( -0.000000000000000000, 1.000000000000000000, -0.000000000000000000 ) ) ;
#2548 = DIRECTION ( 'NONE',  ( -0.2497478991597860132, 0.000000000000000000, 0.9683108937037079311 ) ) ;
#2549 = CARTESIAN_POINT ( 'NONE',  ( -16.82604501814363118, 2.875460743298276611, 8.194395184607589755 ) ) ;
#2550 = CARTESIAN_POINT ( 'NONE',  ( -16.26102947060520165, 2.791672380190620029, -9.770131382602734504 ) ) ;
#2551 = CARTESIAN_POINT ( 'NONE',  ( -1.452466340553584478, 2.799999999999999822, -17.87462184873966109 ) ) ;
#2552 = VECTOR ( 'NONE', #239, 1000.000000000000000 ) ;
#2553 = CARTESIAN_POINT ( 'NONE',  ( -16.09199248525728621, 2.811191089068427296, 9.928958601105092541 ) ) ;
#2554 = CARTESIAN_POINT ( 'NONE',  ( 0.7732317865642583943, 2.848865356154342443, 18.79193674791289581 ) ) ;
#2555 = CARTESIAN_POINT ( 'NONE',  ( -15.15544456622875025, 1.800000000000000266, 8.749999999998145483 ) ) ;
#2556 = EDGE_LOOP ( 'NONE', ( #2640, #2382, #379, #1016, #1462 ) ) ;
#2557 = CARTESIAN_POINT ( 'NONE',  ( 16.65451955823291286, 2.557309055002600306, 8.595332945367621491 ) ) ;
#2558 = AXIS2_PLACEMENT_3D ( 'NONE', #1044, #375, #2258 ) ;
#2559 = EDGE_CURVE ( 'NONE', #2434, #92, #2480, .T. ) ;
#2560 = CARTESIAN_POINT ( 'NONE',  ( 14.75364343376976706, 2.799999999999999822, 10.19518367343446741 ) ) ;
#2561 = DIRECTION ( 'NONE',  ( 0.000000000000000000, 1.000000000000000000, 0.000000000000000000 ) ) ;
#2562 = CARTESIAN_POINT ( 'NONE',  ( -14.26015698400672704, 0.2857471390024750035, 8.621816797497841023 ) ) ;
#2563 = CARTESIAN_POINT ( 'NONE',  ( -16.57274737735999182, 2.687914681769850489, 8.232214644702727568 ) ) ;
#2564 = CARTESIAN_POINT ( 'NONE',  ( -16.82604507532747107, 2.875701266815313684, -8.193883422994767685 ) ) ;
#2565 = DIRECTION ( 'NONE',  ( -0.000000000000000000, -1.000000000000000000, -0.000000000000000000 ) ) ;
#2566 = CIRCLE ( 'NONE', #284, 1.499999999999999556 ) ;
#2567 = ORIENTED_EDGE ( 'NONE', *, *, #689, .T. ) ;
#2568 = CARTESIAN_POINT ( 'NONE',  ( 16.45203271107617127, 2.987888903789469364, -7.975615355493460790 ) ) ;
#2569 = VECTOR ( 'NONE', #2304, 1000.000000000000000 ) ;
#2570 = CARTESIAN_POINT ( 'NONE',  ( -15.15544456622875025, 1.800000000000000266, 7.249999999998146372 ) ) ;
#2571 = DIRECTION ( 'NONE',  ( -0.000000000000000000, -1.000000000000000000, -0.000000000000000000 ) ) ;
#2572 = ORIENTED_EDGE ( 'NONE', *, *, #453, .F. ) ;
#2573 = FACE_OUTER_BOUND ( 'NONE', #1350, .T. ) ;
#2574 = AXIS2_PLACEMENT_3D ( 'NONE', #710, #1319, #1263 ) ;
#2575 = CARTESIAN_POINT ( 'NONE',  ( 15.15544456622649605, 2.752925400380068055, 10.25000000000178879 ) ) ;
#2576 = DIRECTION ( 'NONE',  ( 0.000000000000000000, 1.000000000000000000, 0.000000000000000000 ) ) ;
#2577 = DIRECTION ( 'NONE',  ( 0.000000000000000000, 0.000000000000000000, -1.000000000000000000 ) ) ;
#2578 = ORIENTED_EDGE ( 'NONE', *, *, #2402, .T. ) ;
#2579 = CARTESIAN_POINT ( 'NONE',  ( -16.29877884992649584, 2.595589908293341352, 10.16108906175502646 ) ) ;
#2580 = AXIS2_PLACEMENT_3D ( 'NONE', #1075, #1691, #2110 ) ;
#2581 = CARTESIAN_POINT ( 'NONE',  ( 1.190438831469595504, 2.812870754572431409, 18.81786844160481920 ) ) ;
#2582 = CARTESIAN_POINT ( 'NONE',  ( -2.142296421122137935E-12, 2.341640786499874949, 19.00000000000000355 ) ) ;
#2583 = ORIENTED_EDGE ( 'NONE', *, *, #1486, .T. ) ;
#2584 = DIRECTION ( 'NONE',  ( -0.000000000000000000, -1.000000000000000000, -0.000000000000000000 ) ) ;
#2585 = CARTESIAN_POINT ( 'NONE',  ( -14.42735474431060005, 1.039027081965275986E-16, 9.313834314369113798 ) ) ;
#2586 = DIRECTION ( 'NONE',  ( 0.000000000000000000, 0.000000000000000000, 1.000000000000000000 ) ) ;
#2587 = CARTESIAN_POINT ( 'NONE',  ( -15.50957690759081764, 2.875460743298226429, -10.47458483862955880 ) ) ;
#2588 = EDGE_LOOP ( 'NONE', ( #1804, #1577, #2437, #386, #1394, #2022, #294, #2486, #750, #2679, #540, #87 ) ) ;
#2589 = CARTESIAN_POINT ( 'NONE',  ( -15.88767871672126120, 2.848865356154400619, 10.06560674413468703 ) ) ;
#2590 = EDGE_CURVE ( 'NONE', #739, #58, #2216, .T. ) ;
#2591 = CARTESIAN_POINT ( 'NONE',  ( -15.15544456622658309, 2.799999999999999822, -8.750000000001895373 ) ) ;
#2592 = DIRECTION ( 'NONE',  ( 0.000000000000000000, 0.000000000000000000, -1.000000000000000000 ) ) ;
#2593 = AXIS2_PLACEMENT_3D ( 'NONE', #973, #108, #771 ) ;
#2594 = VERTEX_POINT ( 'NONE', #2650 ) ;
#2595 = CARTESIAN_POINT ( 'NONE',  ( 15.15544456622817293, 10.50000000000000000, 7.850000000000866507 ) ) ;
#2596 = ORIENTED_EDGE ( 'NONE', *, *, #1302, .T. ) ;
#2597 = FACE_OUTER_BOUND ( 'NONE', #1820, .T. ) ;
#2598 = CARTESIAN_POINT ( 'NONE',  ( -15.15544456622719061, 10.50000000000000000, 9.649999999999131717 ) ) ;
#2599 = EDGE_LOOP ( 'NONE', ( #1973, #578, #1043, #1387, #575 ) ) ;
#2600 = CARTESIAN_POINT ( 'NONE',  ( -15.70153269976817434, 2.812870754572607268, 10.43988449050639566 ) ) ;
#2601 = DIRECTION ( 'NONE',  ( 0.000000000000000000, -0.000000000000000000, 1.000000000000000000 ) ) ;
#2602 = CARTESIAN_POINT ( 'NONE',  ( 1.983273961452629962E-12, 1.800000000000000266, -19.00000000000000355 ) ) ;
#2603 = CARTESIAN_POINT ( 'NONE',  ( 1.983090264432757922E-12, 0.000000000000000000, -17.50000000000000000 ) ) ;
#2604 = AXIS2_PLACEMENT_3D ( 'NONE', #1657, #1452, #2280 ) ;
#2605 = EDGE_CURVE ( 'NONE', #1029, #2016, #554, .T. ) ;
#2606 = CARTESIAN_POINT ( 'NONE',  ( 15.15544456622869340, 1.800000000000000266, -7.249999999998247624 ) ) ;
#2607 = CARTESIAN_POINT ( 'NONE',  ( 0.09493815861220251950, 2.490670770922718713, -19.33338346857771484 ) ) ;
#2608 = ORIENTED_EDGE ( 'NONE', *, *, #2423, .F. ) ;
#2609 = CARTESIAN_POINT ( 'NONE',  ( -15.46295612306216860, 0.000000000000000000, 7.904165121070077404 ) ) ;
#2610 = FACE_OUTER_BOUND ( 'NONE', #2588, .T. ) ;
#2611 = ORIENTED_EDGE ( 'NONE', *, *, #1600, .T. ) ;
#2612 = CARTESIAN_POINT ( 'NONE',  ( 16.41213124522372979, 2.341678199089582524, -9.573273838609479114 ) ) ;
#2613 = CARTESIAN_POINT ( 'NONE',  ( 0.000000000000000000, 1.000000000000000000, 0.000000000000000000 ) ) ;
#2614 = CARTESIAN_POINT ( 'NONE',  ( -1.109700569935472947, 2.932981985112876888, 18.52876340056971927 ) ) ;
#2615 = CARTESIAN_POINT ( 'NONE',  ( 16.81531610995090276, 2.882942067383043927, 8.170254362472235243 ) ) ;
#2616 = B_SPLINE_CURVE_WITH_KNOTS ( 'NONE', 3,
 ( #2426, #1588, #1368, #2644, #356, #124, #550, #1341, #2173, #338 ),
 .UNSPECIFIED., .F., .F.,
 ( 4, 2, 2, 2, 4 ),
 ( 0.001306882272643826448, 0.001633821160826901204, 0.001960760049009975959, 0.002287698937193050931, 0.002614637825376125470 ),
 .UNSPECIFIED. ) ;
#2617 = AXIS2_PLACEMENT_3D ( 'NONE', #1732, #1505, #714 ) ;
#2618 = VERTEX_POINT ( 'NONE', #1237 ) ;
#2619 = EDGE_CURVE ( 'NONE', #1795, #712, #1031, .T. ) ;
#2620 = CIRCLE ( 'NONE', #1443, 1.499999999999999556 ) ;
#2621 = DIRECTION ( 'NONE',  ( 0.000000000000000000, 1.000000000000000000, 0.000000000000000000 ) ) ;
#2622 = CARTESIAN_POINT ( 'NONE',  ( 0.9009026108531970056, 2.684940482415397067, -19.06482662624700097 ) ) ;
#2623 = EDGE_LOOP ( 'NONE', ( #2469, #2062 ) ) ;
#2624 = CARTESIAN_POINT ( 'NONE',  ( -16.50283739014917828, 2.529238404831039233, 9.986891658091511914 ) ) ;
#2625 = EDGE_CURVE ( 'NONE', #1339, #396, #2299, .T. ) ;
#2626 = CARTESIAN_POINT ( 'NONE',  ( 15.15544456622869340, 3.000000000000000000, -8.749999999998248512 ) ) ;
#2627 = ORIENTED_EDGE ( 'NONE', *, *, #601, .T. ) ;
#2628 = CARTESIAN_POINT ( 'NONE',  ( 16.09199248525721515, 2.811191089068570736, -9.928958601105035697 ) ) ;
#2629 = CARTESIAN_POINT ( 'NONE',  ( -16.65451955823285601, 2.557309055002602527, -8.595332945367736954 ) ) ;
#2630 = CARTESIAN_POINT ( 'NONE',  ( 15.15544456622817293, 1.799999999999999600, 9.650000000000865441 ) ) ;
#2631 = DIRECTION ( 'NONE',  ( 0.000000000000000000, 1.000000000000000000, 0.000000000000000000 ) ) ;
#2632 = ORIENTED_EDGE ( 'NONE', *, *, #1290, .F. ) ;
#2633 = CIRCLE ( 'NONE', #2415, 0.1999999999999995393 ) ;
#2634 = CARTESIAN_POINT ( 'NONE',  ( 15.09002889634229483, 2.972453909298137908, -10.47841014723463715 ) ) ;
#2635 = CARTESIAN_POINT ( 'NONE',  ( 1.404646930004097793, 3.006886590911456825, -18.06002496780034861 ) ) ;
#2636 = ORIENTED_EDGE ( 'NONE', *, *, #41, .F. ) ;
#2637 = EDGE_CURVE ( 'NONE', #4, #2429, #1645, .T. ) ;
#2638 = DIRECTION ( 'NONE',  ( -0.000000000000000000, -1.000000000000000000, -0.000000000000000000 ) ) ;
#2639 = DIRECTION ( 'NONE',  ( -0.000000000000000000, -1.000000000000000000, -0.000000000000000000 ) ) ;
#2640 = ORIENTED_EDGE ( 'NONE', *, *, #505, .F. ) ;
#2641 = VERTEX_POINT ( 'NONE', #2289 ) ;
#2642 = CARTESIAN_POINT ( 'NONE',  ( 16.42243529575574001, 2.788853029613126644, -9.555466068294444781 ) ) ;
#2643 = AXIS2_PLACEMENT_3D ( 'NONE', #26, #865, #2525 ) ;
#2644 = CARTESIAN_POINT ( 'NONE',  ( 0.4105373363225115479, 0.2545767886519494927, 16.69253965870877110 ) ) ;
#2645 = CARTESIAN_POINT ( 'NONE',  ( -16.66257933506357958, 2.504227518745068881, 8.738371876406080929 ) ) ;
#2646 = CARTESIAN_POINT ( 'NONE',  ( 15.94565249368202409, 2.726042455497151185, 10.35465422380457134 ) ) ;
#2647 = VERTEX_POINT ( 'NONE', #42 ) ;
#2648 = CIRCLE ( 'NONE', #1642, 18.00000000000000355 ) ;
#2649 = VECTOR ( 'NONE', #1957, 1000.000000000000000 ) ;
#2650 = CARTESIAN_POINT ( 'NONE',  ( -14.57668585208414314, 0.000000000000000000, -9.439230259641751886 ) ) ;
#2651 = CARTESIAN_POINT ( 'NONE',  ( 1.520724255782735401, 2.968840824838278714, -18.32753500655659806 ) ) ;
#2652 = VERTEX_POINT ( 'NONE', #1914 ) ;
#2653 = CARTESIAN_POINT ( 'NONE',  ( -14.79686519486542373, 3.000000000000000000, -10.41816562359242049 ) ) ;
#2654 = CARTESIAN_POINT ( 'NONE',  ( 15.25768728919317674, 0.01713754623682345324, -7.849999999999144329 ) ) ;
#2655 = ORIENTED_EDGE ( 'NONE', *, *, #2656, .F. ) ;
#2656 = EDGE_CURVE ( 'NONE', #1167, #1012, #248, .T. ) ;
#2657 = CARTESIAN_POINT ( 'NONE',  ( 16.83081907224331530, 2.497916581428616833, -9.497573924734620476 ) ) ;
#2658 = DIRECTION ( 'NONE',  ( 0.000000000000000000, 1.000000000000000000, 0.000000000000000000 ) ) ;
#2659 = CIRCLE ( 'NONE', #1481, 0.1999999999999996503 ) ;
#2660 = CARTESIAN_POINT ( 'NONE',  ( -16.54836149035168091, 2.706355630337268892, 8.173960478008904573 ) ) ;
#2661 = DIRECTION ( 'NONE',  ( 0.000000000000000000, 0.000000000000000000, 1.000000000000000000 ) ) ;
#2662 = EDGE_CURVE ( 'NONE', #1594, #2438, #1943, .T. ) ;
#2663 = ORIENTED_EDGE ( 'NONE', *, *, #990, .F. ) ;
#2664 = CARTESIAN_POINT ( 'NONE',  ( 15.41568070039894955, 2.687914681769893122, 10.23631291694424306 ) ) ;
#2665 = CARTESIAN_POINT ( 'NONE',  ( 16.69243850893932546, 2.490795834541904785, -9.754311067387465783 ) ) ;
#2666 = CARTESIAN_POINT ( 'NONE',  ( -0.1276762618209940081, 2.788352425393799461, -18.99663165145519272 ) ) ;
#2667 = ORIENTED_EDGE ( 'NONE', *, *, #343, .F. ) ;
#2668 = CARTESIAN_POINT ( 'NONE',  ( -15.15544456622875025, 2.799999999999999822, 8.749999999998145483 ) ) ;
#2669 = VECTOR ( 'NONE', #1533, 1000.000000000000000 ) ;
#2670 = CARTESIAN_POINT ( 'NONE',  ( -15.15544456622619052, 0.000000000000000000, -9.650000000000863665 ) ) ;
#2671 = EDGE_LOOP ( 'NONE', ( #2163, #431 ) ) ;
#2672 = DIRECTION ( 'NONE',  ( 0.7004434720658483382, 0.000000000000000000, 0.7137078831289024317 ) ) ;
#2673 = CARTESIAN_POINT ( 'NONE',  ( 1.983090264432757922E-12, 3.000000000000000000, -15.80000000000000071 ) ) ;
#2674 = EDGE_CURVE ( 'NONE', #2050, #169, #643, .T. ) ;
#2675 = ORIENTED_EDGE ( 'NONE', *, *, #840, .F. ) ;
#2676 = CARTESIAN_POINT ( 'NONE',  ( 15.13310186420841674, 2.987888903789298833, 10.26007059393763576 ) ) ;
#2677 = CARTESIAN_POINT ( 'NONE',  ( 15.67399127938690739, 2.822068029376374021, -10.44617255471062833 ) ) ;
#2678 = CARTESIAN_POINT ( 'NONE',  ( 16.64171169140517748, 2.895280287009013520, 8.478758212051026533 ) ) ;
#2679 = ORIENTED_EDGE ( 'NONE', *, *, #1951, .F. ) ;
#2680 = CIRCLE ( 'NONE', #1499, 1.500000000000001332 ) ;
#2681 = CARTESIAN_POINT ( 'NONE',  ( -15.15544456622658309, 1.800000000000000266, -8.750000000001895373 ) ) ;
#2682 = DIRECTION ( 'NONE',  ( 0.000000000000000000, 0.000000000000000000, 1.000000000000000000 ) ) ;
#2683 = CARTESIAN_POINT ( 'NONE',  ( 15.46295612306157530, 0.000000000000000000, 7.904165121071239142 ) ) ;
#2684 = ORIENTED_EDGE ( 'NONE', *, *, #964, .T. ) ;
#2685 = CARTESIAN_POINT ( 'NONE',  ( 15.15544456622869340, 2.799999999999999822, -8.749999999998248512 ) ) ;
#2686 = CARTESIAN_POINT ( 'NONE',  ( -14.70006994944468026, 2.799999999999999822, 10.38787482988862187 ) ) ;
#2687 = VERTEX_POINT ( 'NONE', #1890 ) ;
#2688 = CARTESIAN_POINT ( 'NONE',  ( 16.69573214558834806, 2.490670770922640997, 9.748910591435629769 ) ) ;
#2689 = EDGE_CURVE ( 'NONE', #2345, #1107, #235, .T. ) ;
#2690 = DIRECTION ( 'NONE',  ( -0.000000000000000000, 1.000000000000000000, -0.000000000000000000 ) ) ;
#2691 = AXIS2_PLACEMENT_3D ( 'NONE', #1844, #202, #577 ) ;
#2692 = CARTESIAN_POINT ( 'NONE',  ( 0.3998064954387261505, 2.524826595268494955, -19.29358266260030064 ) ) ;
#2693 = ORIENTED_EDGE ( 'NONE', *, *, #2049, .T. ) ;
#2694 = CARTESIAN_POINT ( 'NONE',  ( -14.89455204215133932, 2.993060784509757877, -10.44078433538501294 ) ) ;
#2695 = CARTESIAN_POINT ( 'NONE',  ( 1.102182119232618034E-16, 10.50000000000000000, 18.40000000000000213 ) ) ;
#2696 = ADVANCED_FACE ( 'NONE', ( #1500 ), #2515, .F. ) ;
#2697 = DIRECTION ( 'NONE',  ( 0.000000000000000000, 0.000000000000000000, -1.000000000000000000 ) ) ;
#2698 = CARTESIAN_POINT ( 'NONE',  ( 15.10753889055399668, 2.969690898158477754, -10.48056665569467683 ) ) ;
#2699 = CARTESIAN_POINT ( 'NONE',  ( -0.4980712230182716138, 0.2075046342410480638, -16.74376107260519575 ) ) ;
#2700 = CIRCLE ( 'NONE', #334, 0.2000000000000000666 ) ;
#2701 = ORIENTED_EDGE ( 'NONE', *, *, #303, .T. ) ;
#2702 = CARTESIAN_POINT ( 'NONE',  ( -15.15544456622658309, 1.800000000000000266, -7.250000000001895373 ) ) ;
#2703 = CARTESIAN_POINT ( 'NONE',  ( 15.15544456622916591, 0.000000000000000000, -8.749999999999140243 ) ) ;
#2705 = EDGE_LOOP ( 'NONE', ( #776, #753, #1817, #1193, #2091 ) ) ;
#2704 = CARTESIAN_POINT ( 'NONE',  ( 16.65261124231407308, 2.545415502743303637, 8.627631918018337842 ) ) ;
#2706 = EDGE_LOOP ( 'NONE', ( #2567, #1546, #1254, #1878, #198 ) ) ;
#2707 = CARTESIAN_POINT ( 'NONE',  ( 15.15544456622869340, 1.800000000000000266, -10.24999999999825029 ) ) ;
#2708 = AXIS2_PLACEMENT_3D ( 'NONE', #493, #279, #465 ) ;
#2709 = EDGE_CURVE ( 'NONE', #712, #2544, #1032, .T. ) ;
#2710 = CARTESIAN_POINT ( 'NONE',  ( 14.57668585208591416, 0.000000000000000000, -9.439230259639014520 ) ) ;
#2711 = CARTESIAN_POINT ( 'NONE',  ( -2.105292111292268057E-12, 2.799999999999999822, 17.50000000000000000 ) ) ;
#2712 = CIRCLE ( 'NONE', #1490, 20.00000000000000000 ) ;
#2713 = CARTESIAN_POINT ( 'NONE',  ( 1.836970198721029589E-15, 1.500000000000000000, 15.00000000000000000 ) ) ;
#2714 = CARTESIAN_POINT ( 'NONE',  ( 15.15544456622663994, 3.000000000000000000, 8.750000000001787015 ) ) ;
#2715 = VERTEX_POINT ( 'NONE', #2065 ) ;
ENDSEC;
END-ISO-10303-21;
