ISO-10303-21;
HEADER;
FILE_DESCRIPTION (( 'STEP AP214' ),
    '1' );
FILE_NAME ('case back mk4-6-clear.STEP',
    '2024-02-06T12:11:29',
    ( '' ),
    ( '' ),
    'SwSTEP 2.0',
    'SolidWorks 2023',
    '' );
FILE_SCHEMA (( 'AUTOMOTIVE_DESIGN' ));
ENDSEC;

DATA;
#1 = EDGE_LOOP ( 'NONE', ( #1377, #2637, #2256, #2152, #878 ) ) ;
#2 = ORIENTED_EDGE ( 'NONE', *, *, #2317, .F. ) ;
#3 = DIRECTION ( 'NONE',  ( 0.000000000000000000, 0.000000000000000000, 1.000000000000000000 ) ) ;
#4 = CARTESIAN_POINT ( 'NONE',  ( 15.13310186420841674, 2.987888903789298833, 10.26007059393763576 ) ) ;
#5 = FACE_OUTER_BOUND ( 'NONE', #1947, .T. ) ;
#6 = CARTESIAN_POINT ( 'NONE',  ( -16.65701694560534563, 2.516662051579853898, -8.707656890717519360 ) ) ;
#7 = CARTESIAN_POINT ( 'NONE',  ( -16.19825236731512419, 2.391925645320263083, 9.831341579661446062 ) ) ;
#8 = FACE_BOUND ( 'NONE', #1302, .T. ) ;
#9 = VECTOR ( 'NONE', #598, 1000.000000000000000 ) ;
#10 = ORIENTED_EDGE ( 'NONE', *, *, #2119, .T. ) ;
#11 = ORIENTED_EDGE ( 'NONE', *, *, #504, .T. ) ;
#12 = CARTESIAN_POINT ( 'NONE',  ( -0.8862702709768398579, 0.000000000000000000, 17.34339538071104414 ) ) ;
#13 = DIRECTION ( 'NONE',  ( -0.000000000000000000, -1.000000000000000000, -0.000000000000000000 ) ) ;
#14 = VERTEX_POINT ( 'NONE', #2402 ) ;
#15 = VERTEX_POINT ( 'NONE', #675 ) ;
#16 = ADVANCED_FACE ( 'NONE', ( #2213 ), #1532, .T. ) ;
#17 = CARTESIAN_POINT ( 'NONE',  ( 16.50975834371221751, 2.524551347211083208, 9.992117650185011968 ) ) ;
#18 = CARTESIAN_POINT ( 'NONE',  ( 16.01299384771705192, 2.457597665154178213, 9.991605544180798049 ) ) ;
#19 = CARTESIAN_POINT ( 'NONE',  ( 16.48114314662276669, 2.340681632990058603, -9.455899625817448140 ) ) ;
#20 = CARTESIAN_POINT ( 'NONE',  ( -16.83224100936261536, 2.498321068153735336, -9.494119091950677713 ) ) ;
#21 = FACE_OUTER_BOUND ( 'NONE', #1120, .T. ) ;
#22 = VECTOR ( 'NONE', #280, 1000.000000000000000 ) ;
#23 = AXIS2_PLACEMENT_3D ( 'NONE', #2066, #1914, #1032 ) ;
#24 = EDGE_LOOP ( 'NONE', ( #2375, #2389, #633, #1742, #415, #740 ) ) ;
#25 = CARTESIAN_POINT ( 'NONE',  ( -15.15544456622658309, 1.800000000000000266, -10.25000000000189537 ) ) ;
#26 = CARTESIAN_POINT ( 'NONE',  ( 15.15544456622919611, 0.04550266720453532976, -7.849999999999142553 ) ) ;
#27 = B_SPLINE_CURVE_WITH_KNOTS ( 'NONE', 3,
 ( #2696, #762, #1623, #2216, #285, #1142, #1240, #2320, #2077, #2310 ),
 .UNSPECIFIED., .F., .F.,
 ( 4, 2, 2, 2, 4 ),
 ( 0.002041626964696293713, 0.002297052660161626268, 0.002552478355626958389, 0.003063329746557623065, 0.004085032528418958489 ),
 .UNSPECIFIED. ) ;
#28 = ORIENTED_EDGE ( 'NONE', *, *, #1274, .T. ) ;
#29 = VERTEX_POINT ( 'NONE', #54 ) ;
#30 = DIRECTION ( 'NONE',  ( -0.000000000000000000, -1.000000000000000000, -0.000000000000000000 ) ) ;
#31 = DIRECTION ( 'NONE',  ( -0.000000000000000000, -1.000000000000000000, -0.000000000000000000 ) ) ;
#32 = EDGE_CURVE ( 'NONE', #2231, #2498, #2555, .T. ) ;
#33 = CARTESIAN_POINT ( 'NONE',  ( 15.30535665207809792, 2.720292434982293894, -10.24999999999824851 ) ) ;
#34 = CARTESIAN_POINT ( 'NONE',  ( -16.59129827578624017, 2.373741821289922616, -9.191978647703534122 ) ) ;
#35 = FACE_OUTER_BOUND ( 'NONE', #1225, .T. ) ;
#36 = EDGE_CURVE ( 'NONE', #2597, #1974, #619, .T. ) ;
#37 = CARTESIAN_POINT ( 'NONE',  ( 14.79643945788815529, 0.1857352196988438786, -7.905764015367779507 ) ) ;
#38 = ORIENTED_EDGE ( 'NONE', *, *, #589, .T. ) ;
#39 = CARTESIAN_POINT ( 'NONE',  ( 15.36241033584935600, -3.221832409325542853E-16, 7.867610715088599882 ) ) ;
#40 = CARTESIAN_POINT ( 'NONE',  ( -15.30539854586357684, 2.720283315514065325, -10.25000000000193090 ) ) ;
#41 = CIRCLE ( 'NONE', #322, 1.700000000000000178 ) ;
#42 = ORIENTED_EDGE ( 'NONE', *, *, #2342, .F. ) ;
#43 = ORIENTED_EDGE ( 'NONE', *, *, #239, .F. ) ;
#44 = DIRECTION ( 'NONE',  ( -0.000000000000000000, -1.000000000000000000, -0.000000000000000000 ) ) ;
#45 = CARTESIAN_POINT ( 'NONE',  ( 0.4897557782099699053, 2.550448048015846236, 19.25805357495093517 ) ) ;
#46 = EDGE_CURVE ( 'NONE', #1769, #298, #1335, .T. ) ;
#47 = CARTESIAN_POINT ( 'NONE',  ( -16.81546591545068026, 2.882608354211011026, 8.171072564338462740 ) ) ;
#48 = CARTESIAN_POINT ( 'NONE',  ( -1.157456082049506785, 2.688131153950847896, -18.46832224574418291 ) ) ;
#49 = CARTESIAN_POINT ( 'NONE',  ( 14.96951746694993091, 0.09708428112618501526, -7.849999999999137223 ) ) ;
#50 = VERTEX_POINT ( 'NONE', #2043 ) ;
#51 = LINE ( 'NONE', #67, #2729 ) ;
#52 = CARTESIAN_POINT ( 'NONE',  ( -16.59689216849834636, 2.659300151229580855, -8.310254005872574012 ) ) ;
#53 = B_SPLINE_CURVE_WITH_KNOTS ( 'NONE', 3,
 ( #134, #1201, #2063, #2021 ),
 .UNSPECIFIED., .F., .F.,
 ( 4, 4 ),
 ( 0.003673346454422991500, 0.004085032528418963693 ),
 .UNSPECIFIED. ) ;
#54 = CARTESIAN_POINT ( 'NONE',  ( 1.102182119232616555E-16, 1.799999999999999600, 18.40000000000000213 ) ) ;
#55 = VERTEX_POINT ( 'NONE', #1851 ) ;
#56 = CARTESIAN_POINT ( 'NONE',  ( -14.34184880432715659, 0.3600463628802024751, -8.353791565933576635 ) ) ;
#57 = CARTESIAN_POINT ( 'NONE',  ( 16.42301311810503606, 2.788855722973053286, 9.554548130317312982 ) ) ;
#58 = DIRECTION ( 'NONE',  ( 1.224646799147351482E-16, 0.000000000000000000, -1.000000000000000000 ) ) ;
#59 = CARTESIAN_POINT ( 'NONE',  ( -0.9737783875179597537, 2.717128330482511345, -19.00273749580656357 ) ) ;
#60 =( NAMED_UNIT ( * ) PLANE_ANGLE_UNIT ( ) SI_UNIT ( $, .RADIAN. ) );
#61 = AXIS2_PLACEMENT_3D ( 'NONE', #1685, #218, #657 ) ;
#62 = DIRECTION ( 'NONE',  ( 0.000000000000000000, 0.000000000000000000, 1.000000000000000000 ) ) ;
#63 = CARTESIAN_POINT ( 'NONE',  ( 15.57451388061078212, 2.631583668497336159, -10.19924425948086899 ) ) ;
#64 = ORIENTED_EDGE ( 'NONE', *, *, #2304, .T. ) ;
#65 = EDGE_CURVE ( 'NONE', #1621, #1804, #329, .T. ) ;
#66 = ORIENTED_EDGE ( 'NONE', *, *, #1203, .F. ) ;
#67 = CARTESIAN_POINT ( 'NONE',  ( 15.15544456622869340, 1.800000000000000266, -7.249999999998247624 ) ) ;
#68 = CARTESIAN_POINT ( 'NONE',  ( 1.404593252270689874, 3.006894317763616709, 18.06023306773585801 ) ) ;
#69 = AXIS2_PLACEMENT_3D ( 'NONE', #2414, #2444, #893 ) ;
#70 = EDGE_LOOP ( 'NONE', ( #359, #2019, #293, #168, #1760 ) ) ;
#71 = ORIENTED_EDGE ( 'NONE', *, *, #1832, .T. ) ;
#72 = DIRECTION ( 'NONE',  ( 0.000000000000000000, 0.000000000000000000, 1.000000000000000000 ) ) ;
#73 = DIRECTION ( 'NONE',  ( 0.000000000000000000, 0.000000000000000000, 1.000000000000000000 ) ) ;
#74 = EDGE_CURVE ( 'NONE', #2492, #115, #1559, .T. ) ;
#75 = CARTESIAN_POINT ( 'NONE',  ( -1.646128519298512005, 2.799999999999999822, 17.92457142857123742 ) ) ;
#76 = CARTESIAN_POINT ( 'NONE',  ( 15.15544456622916591, 10.50000000000000000, -8.749999999999140243 ) ) ;
#77 = CARTESIAN_POINT ( 'NONE',  ( -16.82604501814363118, 2.875460743298276611, 8.194395184607589755 ) ) ;
#78 = B_SPLINE_CURVE_WITH_KNOTS ( 'NONE', 3,
 ( #571, #1666, #1175, #1652, #2092, #355, #1625, #960, #765, #584, #2051, #807, #1440, #1385 ),
 .UNSPECIFIED., .F., .F.,
 ( 4, 2, 2, 2, 2, 2, 4 ),
 ( 0.002393417501569417190, 0.002990977891639449472, 0.003289758086674465613, 0.003588538281709481321, 0.004186098671779519241, 0.004484878866814537984, 0.004783659061849556728 ),
 .UNSPECIFIED. ) ;
#79 = CIRCLE ( 'NONE', #1741, 1.500000000000001332 ) ;
#80 = DIRECTION ( 'NONE',  ( 0.000000000000000000, 0.000000000000000000, -1.000000000000000000 ) ) ;
#81 = CARTESIAN_POINT ( 'NONE',  ( 14.27698196317287405, 0.3202304533147413701, -8.532521969312409027 ) ) ;
#82 = ORIENTED_EDGE ( 'NONE', *, *, #1659, .T. ) ;
#83 = CARTESIAN_POINT ( 'NONE',  ( 0.8975423986193296066, 2.685180062054600469, 19.05751929088661001 ) ) ;
#84 = EDGE_LOOP ( 'NONE', ( #663, #1029 ) ) ;
#85 = CARTESIAN_POINT ( 'NONE',  ( 1.171205376967880296, 2.688251286738115642, 18.49040038558868204 ) ) ;
#86 = CARTESIAN_POINT ( 'NONE',  ( 14.72410069921172848, 0.2219052025204447942, 7.955066276592800634 ) ) ;
#87 = ADVANCED_BREP_SHAPE_REPRESENTATION ( 'case back mk4-6-clear', ( #1894, #2563 ), #1524 ) ;
#88 = ADVANCED_FACE ( 'NONE', ( #2690 ), #2426, .T. ) ;
#89 = CIRCLE ( 'NONE', #1474, 1.500000000000001332 ) ;
#90 = VERTEX_POINT ( 'NONE', #2618 ) ;
#91 = CARTESIAN_POINT ( 'NONE',  ( 15.15544456622869340, 3.000000000000000000, -8.749999999998248512 ) ) ;
#92 = DIRECTION ( 'NONE',  ( -0.7004434720660213110, 0.000000000000000000, 0.7137078831287327896 ) ) ;
#93 = CARTESIAN_POINT ( 'NONE',  ( -0.1939721844973220921, 2.498321068153834368, -19.32420786270546742 ) ) ;
#94 = DIRECTION ( 'NONE',  ( 0.000000000000000000, 0.000000000000000000, -1.000000000000000000 ) ) ;
#95 = CARTESIAN_POINT ( 'NONE',  ( 15.12942716559586209, 2.988369408955742657, -10.26018152171602082 ) ) ;
#96 = VERTEX_POINT ( 'NONE', #1329 ) ;
#97 = CARTESIAN_POINT ( 'NONE',  ( 0.08463271900882604615, 2.341678199089486156, 18.99995950791281984 ) ) ;
#98 = DIRECTION ( 'NONE',  ( 0.000000000000000000, 0.000000000000000000, -1.000000000000000000 ) ) ;
#99 = CARTESIAN_POINT ( 'NONE',  ( 1.157456082049370449, 2.688131153950889640, 18.46832224574420422 ) ) ;
#100 = ORIENTED_EDGE ( 'NONE', *, *, #2630, .F. ) ;
#101 = CARTESIAN_POINT ( 'NONE',  ( -15.67479008884633096, 2.821807842104763431, -10.44602034755939890 ) ) ;
#102 = CARTESIAN_POINT ( 'NONE',  ( 0.000000000000000000, 0.000000000000000000, 0.000000000000000000 ) ) ;
#103 = CARTESIAN_POINT ( 'NONE',  ( 1.452466340557634350, 2.799999999999999822, -17.87462184873933779 ) ) ;
#104 = CIRCLE ( 'NONE', #822, 0.8999999999999998002 ) ;
#105 = ADVANCED_FACE ( 'NONE', ( #684 ), #1541, .F. ) ;
#106 = DIRECTION ( 'NONE',  ( 0.000000000000000000, 0.000000000000000000, -1.000000000000000000 ) ) ;
#107 = CARTESIAN_POINT ( 'NONE',  ( -15.15544456622619052, 1.799999999999999600, -8.750000000000865086 ) ) ;
#108 = CARTESIAN_POINT ( 'NONE',  ( 16.45203271107617127, 2.987888903789469364, -7.975615355493460790 ) ) ;
#109 = CIRCLE ( 'NONE', #61, 2.000000000000001776 ) ;
#110 = ORIENTED_EDGE ( 'NONE', *, *, #2398, .F. ) ;
#111 = CARTESIAN_POINT ( 'NONE',  ( 0.7874563980029476440, 2.516662051579792170, 18.77922827152076479 ) ) ;
#112 = DIRECTION ( 'NONE',  ( -0.000000000000000000, -1.000000000000000000, -0.000000000000000000 ) ) ;
#113 = DIRECTION ( 'NONE',  ( 0.9634557822885139178, 0.000000000000000000, -0.2678674216376968342 ) ) ;
#114 = CARTESIAN_POINT ( 'NONE',  ( 1.599972698284317651, 3.000000000000000000, 18.13066896017789986 ) ) ;
#115 = VERTEX_POINT ( 'NONE', #1147 ) ;
#116 = CARTESIAN_POINT ( 'NONE',  ( 0.000000000000000000, 1.600000000000000089, -15.00000000000000000 ) ) ;
#117 = DIRECTION ( 'NONE',  ( 0.000000000000000000, 1.000000000000000000, 0.000000000000000000 ) ) ;
#118 = AXIS2_PLACEMENT_3D ( 'NONE', #1212, #1392, #1378 ) ;
#119 = AXIS2_PLACEMENT_3D ( 'NONE', #1325, #1737, #1056 ) ;
#120 = DIRECTION ( 'NONE',  ( -0.000000000000000000, -1.000000000000000000, -0.000000000000000000 ) ) ;
#121 = ADVANCED_FACE ( 'NONE', ( #534 ), #1401, .F. ) ;
#122 = DIRECTION ( 'NONE',  ( 0.000000000000000000, -1.000000000000000000, 0.000000000000000000 ) ) ;
#123 = FACE_OUTER_BOUND ( 'NONE', #252, .T. ) ;
#124 = CARTESIAN_POINT ( 'NONE',  ( -16.31661429903495630, 2.799999999999998934, 7.787888950187270787 ) ) ;
#125 = EDGE_CURVE ( 'NONE', #1784, #575, #1177, .T. ) ;
#126 = ADVANCED_FACE ( 'NONE', ( #1626 ), #1758, .T. ) ;
#127 = ORIENTED_EDGE ( 'NONE', *, *, #74, .F. ) ;
#128 = CARTESIAN_POINT ( 'NONE',  ( 0.9737783875178027682, 2.717128330482525111, 19.00273749580654936 ) ) ;
#129 = VECTOR ( 'NONE', #2468, 1000.000000000000000 ) ;
#130 = DIRECTION ( 'NONE',  ( -0.000000000000000000, -1.000000000000000000, -0.000000000000000000 ) ) ;
#131 = CARTESIAN_POINT ( 'NONE',  ( -16.45203271107653009, 2.987888903789512884, 7.975615355493171243 ) ) ;
#132 = ORIENTED_EDGE ( 'NONE', *, *, #1542, .T. ) ;
#133 = CARTESIAN_POINT ( 'NONE',  ( -16.81531610995084947, 2.882942067383043039, -8.170254362472356036 ) ) ;
#134 = CARTESIAN_POINT ( 'NONE',  ( 15.15544456622869163, 2.752925400380110688, -10.24999999999825029 ) ) ;
#135 = CARTESIAN_POINT ( 'NONE',  ( 1.109700569935254899, 2.932981985113045198, -18.52876340056906912 ) ) ;
#136 = EDGE_CURVE ( 'NONE', #1924, #2124, #632, .T. ) ;
#137 = CARTESIAN_POINT ( 'NONE',  ( 16.65451955823291286, 2.557309055002600306, 8.595332945367621491 ) ) ;
#138 = FACE_BOUND ( 'NONE', #1971, .T. ) ;
#139 = CARTESIAN_POINT ( 'NONE',  ( 0.000000000000000000, 0.5000000000000000000, 0.000000000000000000 ) ) ;
#140 = CARTESIAN_POINT ( 'NONE',  ( -16.20610977432752264, 2.799999999999999822, 7.679438175304791336 ) ) ;
#141 = ORIENTED_EDGE ( 'NONE', *, *, #2289, .F. ) ;
#142 = CARTESIAN_POINT ( 'NONE',  ( 0.000000000000000000, 1.000000000000000000, 0.000000000000000000 ) ) ;
#143 = DIRECTION ( 'NONE',  ( 0.2497478991597694709, 0.000000000000000000, -0.9683108937037122610 ) ) ;
#144 = ORIENTED_EDGE ( 'NONE', *, *, #1905, .F. ) ;
#145 = CARTESIAN_POINT ( 'NONE',  ( -16.20067081763674466, 2.631485677979911397, -10.22649293902796153 ) ) ;
#146 = FACE_OUTER_BOUND ( 'NONE', #1463, .T. ) ;
#147 = CARTESIAN_POINT ( 'NONE',  ( -15.15544456622658309, 3.000000000000000000, -8.750000000001895373 ) ) ;
#148 = FACE_OUTER_BOUND ( 'NONE', #1571, .T. ) ;
#149 = CARTESIAN_POINT ( 'NONE',  ( 1.155878151994089498, 2.687328645823559015, -18.46992632743139140 ) ) ;
#150 = CARTESIAN_POINT ( 'NONE',  ( -15.15544456622619052, 10.50000000000000000, -8.750000000000865086 ) ) ;
#151 = CARTESIAN_POINT ( 'NONE',  ( -15.45064973998591462, 2.674344888869287562, 10.22780800267191914 ) ) ;
#152 = ORIENTED_EDGE ( 'NONE', *, *, #703, .T. ) ;
#153 = AXIS2_PLACEMENT_3D ( 'NONE', #158, #595, #1427 ) ;
#154 = CARTESIAN_POINT ( 'NONE',  ( 16.49676396423261693, 2.341678199089613166, 9.426685669303363824 ) ) ;
#155 = CIRCLE ( 'NONE', #1314, 0.9000000000000014655 ) ;
#156 = VERTEX_POINT ( 'NONE', #2670 ) ;
#157 = SURFACE_SIDE_STYLE ('',( #1934 ) ) ;
#158 = CARTESIAN_POINT ( 'NONE',  ( 15.15544456622663994, 2.799999999999999822, 8.750000000001787015 ) ) ;
#159 = AXIS2_PLACEMENT_3D ( 'NONE', #142, #1357, #2225 ) ;
#160 = CARTESIAN_POINT ( 'NONE',  ( -15.46295612306216860, 0.000000000000000000, 7.904165121070077404 ) ) ;
#161 = CARTESIAN_POINT ( 'NONE',  ( 16.95673808563869400, 2.631485677979905624, -8.916946016908807948 ) ) ;
#162 = CARTESIAN_POINT ( 'NONE',  ( -15.15544456622722080, 0.04550266720508575058, 7.849999999999131894 ) ) ;
#163 = DIRECTION ( 'NONE',  ( -0.000000000000000000, -1.000000000000000000, -0.000000000000000000 ) ) ;
#164 = CIRCLE ( 'NONE', #2681, 0.8999999999999980238 ) ;
#165 = DIRECTION ( 'NONE',  ( 0.000000000000000000, 1.000000000000000000, 0.000000000000000000 ) ) ;
#166 = CARTESIAN_POINT ( 'NONE',  ( 16.34619846873887283, 3.000000000000000000, 7.536696598682937065 ) ) ;
#167 = PRESENTATION_LAYER_ASSIGNMENT (  '', '', ( #1887 ) ) ;
#168 = ORIENTED_EDGE ( 'NONE', *, *, #2720, .F. ) ;
#169 = ORIENTED_EDGE ( 'NONE', *, *, #1713, .T. ) ;
#170 = CARTESIAN_POINT ( 'NONE',  ( 15.15544456622869340, 2.799999999999999822, -8.749999999998248512 ) ) ;
#171 = DIRECTION ( 'NONE',  ( 0.000000000000000000, 0.000000000000000000, 1.000000000000000000 ) ) ;
#172 = CARTESIAN_POINT ( 'NONE',  ( 1.337918315551877235, 2.771547419667839129, -18.19770048288171083 ) ) ;
#173 = DIRECTION ( 'NONE',  ( 0.2678674216379137718, 0.000000000000000000, -0.9634557822884536327 ) ) ;
#174 = CARTESIAN_POINT ( 'NONE',  ( -14.75364343377221843, 2.799999999999999822, 10.19518367343091825 ) ) ;
#175 = CARTESIAN_POINT ( 'NONE',  ( 16.82604507532718685, 2.875701266815382517, 8.193883422994815646 ) ) ;
#176 = AXIS2_PLACEMENT_3D ( 'NONE', #2283, #1891, #2067 ) ;
#177 = ORIENTED_EDGE ( 'NONE', *, *, #200, .F. ) ;
#178 = SURFACE_STYLE_USAGE ( .BOTH. , #157 ) ;
#179 = AXIS2_PLACEMENT_3D ( 'NONE', #766, #1813, #506 ) ;
#180 = EDGE_LOOP ( 'NONE', ( #2625, #2224 ) ) ;
#181 = CARTESIAN_POINT ( 'NONE',  ( 16.83587301246625145, 2.499097134316200286, 9.485975659271636218 ) ) ;
#182 = CARTESIAN_POINT ( 'NONE',  ( 0.7204338266031238280, 0.07846849105633148247, -16.95037923147005188 ) ) ;
#183 = CARTESIAN_POINT ( 'NONE',  ( -14.70006994944468026, 3.000000000000000000, 10.38787482988862187 ) ) ;
#184 = CARTESIAN_POINT ( 'NONE',  ( -16.89594549499757647, 2.526379804078833224, -9.313298250444489668 ) ) ;
#185 = CARTESIAN_POINT ( 'NONE',  ( -16.64740779922399483, 2.807423960200588375, 8.984347946387934769 ) ) ;
#186 = EDGE_CURVE ( 'NONE', #1210, #1731, #1417, .T. ) ;
#187 = CARTESIAN_POINT ( 'NONE',  ( 16.65701694560540247, 2.516662051579875214, 8.707656890717405673 ) ) ;
#188 = CARTESIAN_POINT ( 'NONE',  ( 0.1992061111266997253, 2.490711984999633977, -19.33333333333358439 ) ) ;
#189 = AXIS2_PLACEMENT_3D ( 'NONE', #2350, #1229, #818 ) ;
#190 = ORIENTED_EDGE ( 'NONE', *, *, #1786, .T. ) ;
#191 = CARTESIAN_POINT ( 'NONE',  ( -15.15544456622722080, 0.04550266720508575058, 7.849999999999131894 ) ) ;
#192 = B_SPLINE_CURVE_WITH_KNOTS ( 'NONE', 3,
 ( #637, #2583, #2361, #226, #2543, #1719, #1692, #2116, #609, #1082, #1464, #181, #1949, #1041, #17, #870, #1989, #1348, #484, #284, #269, #455, #2201, #884, #2215, #2188 ),
 .UNSPECIFIED., .F., .F.,
 ( 4, 2, 2, 2, 2, 2, 2, 2, 2, 2, 2, 2, 4 ),
 ( 0.000000000000000000, 0.0005979573827312000120, 0.001195914765462400024, 0.001494893456827999867, 0.001793872148193600144, 0.002092850839559200204, 0.002391829530924800048, 0.002989786913655994964, 0.003288765605021590471, 0.003587744296387185977, 0.004185701679118370051, 0.004484680370483959053, 0.004783659061849548054 ),
 .UNSPECIFIED. ) ;
#193 = ORIENTED_EDGE ( 'NONE', *, *, #2155, .T. ) ;
#194 = ORIENTED_EDGE ( 'NONE', *, *, #65, .F. ) ;
#195 = CARTESIAN_POINT ( 'NONE',  ( 0.000000000000000000, 1.000000000000000000, 17.36602540378444104 ) ) ;
#196 = CARTESIAN_POINT ( 'NONE',  ( 16.48926049095363311, 2.993060784509757877, -7.678668278800093283 ) ) ;
#197 = CARTESIAN_POINT ( 'NONE',  ( -15.15544456622658309, 3.000000000000000000, -7.050000000001895195 ) ) ;
#198 = CARTESIAN_POINT ( 'NONE',  ( -16.64472662430949157, 2.811191089068571181, -8.971594989188561797 ) ) ;
#199 = CARTESIAN_POINT ( 'NONE',  ( -16.09199248525728621, 2.811191089068427296, 9.928958601105092541 ) ) ;
#200 = EDGE_CURVE ( 'NONE', #2112, #788, #1673, .T. ) ;
#201 = EDGE_CURVE ( 'NONE', #1307, #2553, #682, .T. ) ;
#202 = EDGE_CURVE ( 'NONE', #704, #454, #2453, .T. ) ;
#203 = CARTESIAN_POINT ( 'NONE',  ( 1.594747225509138389, 2.993069939411737490, -18.11932523484769675 ) ) ;
#204 = ADVANCED_FACE ( 'NONE', ( #2220 ), #1131, .F. ) ;
#205 = B_SPLINE_CURVE_WITH_KNOTS ( 'NONE', 3,
 ( #2400, #465, #1317, #250, #1105, #1985, #1945, #2621, #1972, #479, #1332, #2197, #716, #264 ),
 .UNSPECIFIED., .F., .F.,
 ( 4, 2, 2, 2, 2, 2, 4 ),
 ( 0.000000000000000000, 0.0005983543753923859562, 0.001196708750784771912, 0.001495885938480968468, 0.001795063126177165241, 0.002094240313873362014, 0.002393417501569558570 ),
 .UNSPECIFIED. ) ;
#206 = ORIENTED_EDGE ( 'NONE', *, *, #277, .F. ) ;
#207 = DIRECTION ( 'NONE',  ( 0.000000000000000000, -1.000000000000000000, 0.000000000000000000 ) ) ;
#208 = CIRCLE ( 'NONE', #927, 1.700000000000000178 ) ;
#209 = FACE_OUTER_BOUND ( 'NONE', #1815, .T. ) ;
#210 = AXIS2_PLACEMENT_3D ( 'NONE', #757, #2258, #1133 ) ;
#211 = ORIENTED_EDGE ( 'NONE', *, *, #541, .T. ) ;
#212 = ORIENTED_EDGE ( 'NONE', *, *, #755, .F. ) ;
#213 = CARTESIAN_POINT ( 'NONE',  ( 0.000000000000000000, 0.000000000000000000, 0.000000000000000000 ) ) ;
#214 = CARTESIAN_POINT ( 'NONE',  ( 0.9189041218126294819, 2.693863353303850072, 19.04288788192014792 ) ) ;
#215 = CARTESIAN_POINT ( 'NONE',  ( -16.34619846874068472, 3.000000000000000000, 7.536696598679007764 ) ) ;
#216 = CARTESIAN_POINT ( 'NONE',  ( -15.70200593923245336, 2.812714726853169367, -10.43979172039205139 ) ) ;
#217 = CARTESIAN_POINT ( 'NONE',  ( -15.57451388061090647, 2.631583668497256667, 10.19924425948073399 ) ) ;
#218 = DIRECTION ( 'NONE',  ( -1.000000000000000000, 0.000000000000000000, 0.000000000000000000 ) ) ;
#219 = AXIS2_PLACEMENT_3D ( 'NONE', #810, #1845, #173 ) ;
#220 = CIRCLE ( 'NONE', #847, 16.00000000000000000 ) ;
#221 = ORIENTED_EDGE ( 'NONE', *, *, #852, .F. ) ;
#222 = CARTESIAN_POINT ( 'NONE',  ( -15.15544456622619052, 1.799999999999999600, -9.650000000000863665 ) ) ;
#223 = CARTESIAN_POINT ( 'NONE',  ( -16.40629761854204816, 2.777876876874953105, -7.908613199266556038 ) ) ;
#224 = EDGE_LOOP ( 'NONE', ( #311, #1701, #2471, #648, #508 ) ) ;
#225 = ORIENTED_EDGE ( 'NONE', *, *, #2753, .T. ) ;
#226 = CARTESIAN_POINT ( 'NONE',  ( 16.81531610995090276, 2.882942067383043927, 8.170254362472235243 ) ) ;
#227 = CARTESIAN_POINT ( 'NONE',  ( 16.44675655676952175, 2.546216698564892411, 10.04055790393831593 ) ) ;
#228 = CARTESIAN_POINT ( 'NONE',  ( -16.67041483826229253, 2.949337904941010446, 7.917455756894866248 ) ) ;
#229 = CARTESIAN_POINT ( 'NONE',  ( -15.49152952063663058, 2.932981985112867562, -10.22541058444276274 ) ) ;
#230 = CARTESIAN_POINT ( 'NONE',  ( -15.41530818906726630, 2.688131153950973129, 10.23654749369161721 ) ) ;
#231 = AXIS2_PLACEMENT_3D ( 'NONE', #559, #2685, #1799 ) ;
#232 = DIRECTION ( 'NONE',  ( 0.000000000000000000, 0.000000000000000000, -1.000000000000000000 ) ) ;
#233 = CIRCLE ( 'NONE', #463, 20.00000000000000000 ) ;
#234 = ADVANCED_FACE ( 'NONE', ( #290, #1611 ), #1371, .T. ) ;
#235 = ORIENTED_EDGE ( 'NONE', *, *, #1686, .F. ) ;
#236 = DIRECTION ( 'NONE',  ( 0.000000000000000000, 0.000000000000000000, -1.000000000000000000 ) ) ;
#237 = CARTESIAN_POINT ( 'NONE',  ( -16.60215734550681788, 2.373220562539716472, -9.174715408060361455 ) ) ;
#238 = AXIS2_PLACEMENT_3D ( 'NONE', #786, #2513, #2059 ) ;
#239 = EDGE_CURVE ( 'NONE', #2443, #862, #814, .T. ) ;
#240 = VERTEX_POINT ( 'NONE', #309 ) ;
#241 = VERTEX_POINT ( 'NONE', #2038 ) ;
#242 = CARTESIAN_POINT ( 'NONE',  ( 1.983090264432757922E-12, 0.000000000000000000, -18.40000000000000213 ) ) ;
#243 = CARTESIAN_POINT ( 'NONE',  ( 15.49152952063663768, 2.932981985112747214, 10.22541058444265794 ) ) ;
#244 = CARTESIAN_POINT ( 'NONE',  ( 1.983090264432757922E-12, 3.000000000000000000, -17.50000000000000000 ) ) ;
#245 = DIRECTION ( 'NONE',  ( -0.000000000000000000, -1.000000000000000000, -0.000000000000000000 ) ) ;
#246 = CARTESIAN_POINT ( 'NONE',  ( 0.9192374520555250950, 2.693992835370824235, -19.04267674653613085 ) ) ;
#247 = VERTEX_POINT ( 'NONE', #947 ) ;
#248 = AXIS2_PLACEMENT_3D ( 'NONE', #1550, #2008, #2640 ) ;
#249 = ORIENTED_EDGE ( 'NONE', *, *, #2332, .T. ) ;
#250 = CARTESIAN_POINT ( 'NONE',  ( -1.331717757949921976, 2.882802595799286660, -18.64803951713842878 ) ) ;
#251 = CARTESIAN_POINT ( 'NONE',  ( 15.46295612306247236, 0.000000000000000000, -7.904165121069478772 ) ) ;
#252 = EDGE_LOOP ( 'NONE', ( #2025, #2757, #1140, #1714 ) ) ;
#253 = EDGE_CURVE ( 'NONE', #1879, #247, #1498, .T. ) ;
#254 = ORIENTED_EDGE ( 'NONE', *, *, #2497, .F. ) ;
#255 = DIRECTION ( 'NONE',  ( 0.000000000000000000, 1.000000000000000000, 0.000000000000000000 ) ) ;
#256 = CARTESIAN_POINT ( 'NONE',  ( 1.331717757949816505, 2.882802595799300427, 18.64803951713839680 ) ) ;
#257 = CARTESIAN_POINT ( 'NONE',  ( -16.95114128767170669, 2.693695232010440144, 8.726133466941858430 ) ) ;
#258 = CIRCLE ( 'NONE', #1380, 0.9000000000000014655 ) ;
#259 = CARTESIAN_POINT ( 'NONE',  ( -16.20610977432752264, 3.000000000000000000, 7.679438175304792225 ) ) ;
#260 = CARTESIAN_POINT ( 'NONE',  ( 14.90163355797802147, 3.000000000000000000, -10.45095148216465297 ) ) ;
#261 = CARTESIAN_POINT ( 'NONE',  ( 0.000000000000000000, 1.600000000000000089, 0.000000000000000000 ) ) ;
#262 = CIRCLE ( 'NONE', #1849, 1.499999999999997780 ) ;
#263 = ORIENTED_EDGE ( 'NONE', *, *, #1203, .T. ) ;
#264 = CARTESIAN_POINT ( 'NONE',  ( 3.461939554357552158E-14, 2.490711984999859574, -19.33333333333333925 ) ) ;
#265 = DIRECTION ( 'NONE',  ( 0.7137078831289024317, 0.000000000000000000, -0.7004434720658483382 ) ) ;
#266 = CIRCLE ( 'NONE', #1252, 0.2000000000000005107 ) ;
#267 = ORIENTED_EDGE ( 'NONE', *, *, #860, .F. ) ;
#268 = ORIENTED_EDGE ( 'NONE', *, *, #702, .T. ) ;
#269 = CARTESIAN_POINT ( 'NONE',  ( 15.48408937460854773, 2.882608354211011470, 10.47708437708234008 ) ) ;
#270 = CARTESIAN_POINT ( 'NONE',  ( -15.15544456622658309, 1.800000000000000266, -8.750000000001895373 ) ) ;
#271 = CARTESIAN_POINT ( 'NONE',  ( -16.63020641516474996, 2.969690898158443559, -7.843229140033982638 ) ) ;
#272 = CARTESIAN_POINT ( 'NONE',  ( -1.110073267788588280, 2.933108794771196237, -18.52869333302044907 ) ) ;
#273 = CARTESIAN_POINT ( 'NONE',  ( 1.086761238497965554E-13, 0.3571897008005363583, 16.60000000000000142 ) ) ;
#274 = DIRECTION ( 'NONE',  ( 0.000000000000000000, 0.000000000000000000, 1.000000000000000000 ) ) ;
#275 = ADVANCED_FACE ( 'NONE', ( #2052 ), #2262, .T. ) ;
#276 = CARTESIAN_POINT ( 'NONE',  ( 16.38772746558559845, 2.788352425393755496, -9.608886711924590429 ) ) ;
#277 = EDGE_CURVE ( 'NONE', #1808, #1585, #2746, .T. ) ;
#278 = ORIENTED_EDGE ( 'NONE', *, *, #2504, .T. ) ;
#279 = DIRECTION ( 'NONE',  ( -0.000000000000000000, -1.000000000000000000, -0.000000000000000000 ) ) ;
#280 = DIRECTION ( 'NONE',  ( -0.000000000000000000, -1.000000000000000000, -0.000000000000000000 ) ) ;
#281 = DIRECTION ( 'NONE',  ( 0.000000000000000000, 1.000000000000000000, 0.000000000000000000 ) ) ;
#282 = CIRCLE ( 'NONE', #1910, 0.9000000000000014655 ) ;
#283 = ORIENTED_EDGE ( 'NONE', *, *, #1415, .T. ) ;
#284 = CARTESIAN_POINT ( 'NONE',  ( 15.67479008884640379, 2.821807842104765207, 10.44602034755928521 ) ) ;
#285 = CARTESIAN_POINT ( 'NONE',  ( -0.4163615874223824953, 2.392246418679730535, -18.94339313951235226 ) ) ;
#286 = CARTESIAN_POINT ( 'NONE',  ( -16.62006156841838589, 2.631583668497255779, -8.388302542462321654 ) ) ;
#287 = CARTESIAN_POINT ( 'NONE',  ( -0.08463271900896136846, 2.341678199089486156, -18.99995950791281629 ) ) ;
#288 = CARTESIAN_POINT ( 'NONE',  ( -16.63247303231831609, 2.968840824838236525, 7.846781665618887125 ) ) ;
#289 = CIRCLE ( 'NONE', #1496, 1.000000000000000888 ) ;
#290 = FACE_OUTER_BOUND ( 'NONE', #1164, .T. ) ;
#291 = EDGE_CURVE ( 'NONE', #2772, #2186, #2287, .T. ) ;
#292 = CARTESIAN_POINT ( 'NONE',  ( 16.56792234133933306, 2.789690403732557389, -9.264168451153881989 ) ) ;
#293 = ORIENTED_EDGE ( 'NONE', *, *, #490, .F. ) ;
#294 = CARTESIAN_POINT ( 'NONE',  ( 0.4775987300086374510, 2.802604372277463618, 18.92713859346599037 ) ) ;
#295 = AXIS2_PLACEMENT_3D ( 'NONE', #2415, #265, #1771 ) ;
#296 = B_SPLINE_CURVE_WITH_KNOTS ( 'NONE', 3,
 ( #1836, #512, #2470, #2018, #2693, #1589, #332, #2003, #953, #759, #1393, #86, #1379, #2260, #1820, #1806 ),
 .UNSPECIFIED., .F., .F.,
 ( 4, 2, 2, 2, 2, 2, 2, 4 ),
 ( 0.000000000000000000, 0.0005748385706294062902, 0.0008622578559441116579, 0.001149677141258817134, 0.001437096426573522719, 0.001724515711888228086, 0.002011934997202933454, 0.002299354282517639039 ),
 .UNSPECIFIED. ) ;
#297 = ADVANCED_FACE ( 'NONE', ( #627, #138 ), #1890, .T. ) ;
#298 = VERTEX_POINT ( 'NONE', #1431 ) ;
#299 = CARTESIAN_POINT ( 'NONE',  ( 1.959434878635765131E-15, 0.5000000000000000000, 16.00000000000000000 ) ) ;
#300 = CARTESIAN_POINT ( 'NONE',  ( 15.15544456622869340, 1.800000000000000266, -7.249999999998247624 ) ) ;
#301 = VECTOR ( 'NONE', #2469, 1000.000000000000000 ) ;
#302 = ORIENTED_EDGE ( 'NONE', *, *, #2720, .T. ) ;
#303 = EDGE_LOOP ( 'NONE', ( #839, #565, #2694, #1555 ) ) ;
#304 = CARTESIAN_POINT ( 'NONE',  ( -15.25708430430045226, 0.01730483187699592001, -7.850000000000857625 ) ) ;
#305 = CARTESIAN_POINT ( 'NONE',  ( 16.34619846873887283, 2.799999999999999822, 7.536696598682937065 ) ) ;
#306 = CARTESIAN_POINT ( 'NONE',  ( 15.15544456622663994, 1.800000000000000266, 8.750000000001787015 ) ) ;
#307 = DIRECTION ( 'NONE',  ( -0.000000000000000000, -1.000000000000000000, -0.000000000000000000 ) ) ;
#308 = AXIS2_PLACEMENT_3D ( 'NONE', #606, #634, #1675 ) ;
#309 = CARTESIAN_POINT ( 'NONE',  ( -15.15544456622875025, 1.800000000000000266, 7.249999999998146372 ) ) ;
#310 = CARTESIAN_POINT ( 'NONE',  ( 14.34160239325587050, 0.3600449315871263600, -8.354204400870077762 ) ) ;
#311 = ORIENTED_EDGE ( 'NONE', *, *, #504, .F. ) ;
#312 = CARTESIAN_POINT ( 'NONE',  ( 0.8545572056517564130, 2.545415502743364478, 18.73540033419942219 ) ) ;
#313 = ORIENTED_EDGE ( 'NONE', *, *, #1702, .T. ) ;
#314 = CARTESIAN_POINT ( 'NONE',  ( -1.646128519294326464, 2.799999999999999822, -17.92457142857161756 ) ) ;
#315 = CARTESIAN_POINT ( 'NONE',  ( 1.522667524610699541, 2.969690898158422687, 18.32379579572867456 ) ) ;
#316 = B_SPLINE_CURVE_WITH_KNOTS ( 'NONE', 3,
 ( #1313, #188, #2136, #448, #1075, #246, #1497, #861, #1931, #2562, #2367, #203, #1300, #2767 ),
 .UNSPECIFIED., .F., .F.,
 ( 4, 2, 2, 2, 2, 2, 4 ),
 ( 0.002393417501569558570, 0.002990977891639556158, 0.003289758086674556253, 0.003588538281709556348, 0.004186098671779563477, 0.004484878866814562270, 0.004783659061849561064 ),
 .UNSPECIFIED. ) ;
#317 = EDGE_CURVE ( 'NONE', #2413, #1879, #2141, .T. ) ;
#318 = AXIS2_PLACEMENT_3D ( 'NONE', #1107, #881, #1745 ) ;
#319 = ORIENTED_EDGE ( 'NONE', *, *, #823, .T. ) ;
#320 = DIRECTION ( 'NONE',  ( 0.000000000000000000, 0.000000000000000000, 1.000000000000000000 ) ) ;
#321 = DIRECTION ( 'NONE',  ( 0.000000000000000000, 1.000000000000000000, 0.000000000000000000 ) ) ;
#322 = AXIS2_PLACEMENT_3D ( 'NONE', #1403, #2728, #1861 ) ;
#323 = CARTESIAN_POINT ( 'NONE',  ( 0.1667266758346636901, 2.348124926031283088, -18.99308953031556868 ) ) ;
#324 = DIRECTION ( 'NONE',  ( -0.000000000000000000, -1.000000000000000000, -0.000000000000000000 ) ) ;
#325 = CARTESIAN_POINT ( 'NONE',  ( -15.15544456622658309, 1.800000000000000266, -8.750000000001895373 ) ) ;
#326 = CARTESIAN_POINT ( 'NONE',  ( 15.70153269976805710, 2.812870754572584620, -10.43988449050664258 ) ) ;
#327 = ORIENTED_EDGE ( 'NONE', *, *, #1981, .F. ) ;
#328 = CARTESIAN_POINT ( 'NONE',  ( 0.7004848315450871166, 2.834548508290233304, 18.83243017843120271 ) ) ;
#329 = LINE ( 'NONE', #1818, #129 ) ;
#330 = AXIS2_PLACEMENT_3D ( 'NONE', #2337, #2094, #586 ) ;
#331 = CARTESIAN_POINT ( 'NONE',  ( 15.15544456622817293, 1.799999999999999600, 8.750000000000866862 ) ) ;
#332 = CARTESIAN_POINT ( 'NONE',  ( 14.27732464640438437, 0.3205906113604226615, 8.531311652312254523 ) ) ;
#333 = EDGE_CURVE ( 'NONE', #2129, #1755, #1639, .T. ) ;
#334 = ORIENTED_EDGE ( 'NONE', *, *, #1615, .F. ) ;
#335 = DIRECTION ( 'NONE',  ( -1.000000000000000000, 0.000000000000000000, 0.000000000000000000 ) ) ;
#336 = CYLINDRICAL_SURFACE ( 'NONE', #2669, 1.499999999999997780 ) ;
#337 = CARTESIAN_POINT ( 'NONE',  ( 0.7903166905155596389, 2.516446444577607799, -18.78505776624426105 ) ) ;
#338 = B_SPLINE_CURVE_WITH_KNOTS ( 'NONE', 3,
 ( #2269, #343, #767, #560 ),
 .UNSPECIFIED., .F., .F.,
 ( 4, 4 ),
 ( 0.000000000000000000, 0.0004086430266532955482 ),
 .UNSPECIFIED. ) ;
#339 = EDGE_CURVE ( 'NONE', #2186, #806, #1907, .T. ) ;
#340 = VECTOR ( 'NONE', #1824, 1000.000000000000000 ) ;
#341 = CARTESIAN_POINT ( 'NONE',  ( -1.452466340557758029, 2.799999999999999822, 17.87462184873933069 ) ) ;
#342 = DIRECTION ( 'NONE',  ( 0.000000000000000000, -1.000000000000000000, 0.000000000000000000 ) ) ;
#343 = CARTESIAN_POINT ( 'NONE',  ( -14.88640230247670182, 2.799999999999999378, -10.23209431999859476 ) ) ;
#344 = CARTESIAN_POINT ( 'NONE',  ( -15.15544456622875025, 2.799999999999999822, 8.749999999998145483 ) ) ;
#345 = EDGE_LOOP ( 'NONE', ( #1109, #1068, #1011, #1461 ) ) ;
#346 = CARTESIAN_POINT ( 'NONE',  ( 0.1276762618208688860, 2.788352425393670675, 18.99663165145519272 ) ) ;
#347 = CARTESIAN_POINT ( 'NONE',  ( 15.15544456622817293, 1.799999999999999600, 8.750000000000866862 ) ) ;
#348 = EDGE_CURVE ( 'NONE', #907, #1213, #2298, .T. ) ;
#349 = ORIENTED_EDGE ( 'NONE', *, *, #1615, .T. ) ;
#350 = DIRECTION ( 'NONE',  ( 0.000000000000000000, 0.000000000000000000, 1.000000000000000000 ) ) ;
#351 = CARTESIAN_POINT ( 'NONE',  ( -1.452466340557758029, 2.799999999999999822, 17.87462184873933069 ) ) ;
#352 = AXIS2_PLACEMENT_3D ( 'NONE', #659, #1729, #236 ) ;
#353 = DIRECTION ( 'NONE',  ( -0.000000000000000000, 1.000000000000000000, -0.000000000000000000 ) ) ;
#354 = APPLICATION_CONTEXT ( 'automotive_design' ) ;
#355 = CARTESIAN_POINT ( 'NONE',  ( -0.9192374520555948170, 2.693992835370798478, 19.04267674653617348 ) ) ;
#356 = CARTESIAN_POINT ( 'NONE',  ( 1.452466340557634128, 2.799999999999999822, -17.87462184873933779 ) ) ;
#357 = CARTESIAN_POINT ( 'NONE',  ( -0.4980712230182716138, 0.2075046342410480638, -16.74376107260519575 ) ) ;
#358 = CARTESIAN_POINT ( 'NONE',  ( 16.61297713265389220, 2.391595032701617107, -9.113789213953486623 ) ) ;
#359 = ORIENTED_EDGE ( 'NONE', *, *, #1776, .F. ) ;
#360 = CARTESIAN_POINT ( 'NONE',  ( -1.109700569935472947, 2.932981985112876888, 18.52876340056971927 ) ) ;
#361 = CARTESIAN_POINT ( 'NONE',  ( 0.6489334450363986040, 2.458494074785515515, 18.86229522887141385 ) ) ;
#362 = ORIENTED_EDGE ( 'NONE', *, *, #414, .T. ) ;
#363 = CARTESIAN_POINT ( 'NONE',  ( -16.64445269564063068, 2.490546274112891645, -9.838032095663869825 ) ) ;
#364 = DIRECTION ( 'NONE',  ( 0.000000000000000000, 1.000000000000000000, 0.000000000000000000 ) ) ;
#365 = LINE ( 'NONE', #2714, #603 ) ;
#366 = CARTESIAN_POINT ( 'NONE',  ( 15.67399127938690739, 2.822068029376374021, -10.44617255471062833 ) ) ;
#367 = DIRECTION ( 'NONE',  ( 0.000000000000000000, 1.000000000000000000, 0.000000000000000000 ) ) ;
#368 = LINE ( 'NONE', #1220, #1296 ) ;
#369 = CARTESIAN_POINT ( 'NONE',  ( 15.15544456622916591, 1.799999999999999600, -9.649999999999138822 ) ) ;
#370 = EDGE_LOOP ( 'NONE', ( #1051, #1410, #1438, #469, #1923 ) ) ;
#371 = CARTESIAN_POINT ( 'NONE',  ( 16.45029142804419564, 2.988369408955549922, 7.972377509254447325 ) ) ;
#372 = ADVANCED_FACE ( 'NONE', ( #819 ), #612, .F. ) ;
#373 = CARTESIAN_POINT ( 'NONE',  ( 1.836970198721029589E-15, 2.600000000000000089, 15.00000000000000000 ) ) ;
#374 = EDGE_CURVE ( 'NONE', #2597, #115, #1882, .T. ) ;
#375 = ORIENTED_EDGE ( 'NONE', *, *, #2304, .F. ) ;
#376 = CARTESIAN_POINT ( 'NONE',  ( 2.019973393585796232E-12, 2.341640786499874949, -19.00000000000000355 ) ) ;
#377 = DIRECTION ( 'NONE',  ( 0.000000000000000000, 0.000000000000000000, 1.000000000000000000 ) ) ;
#378 = CARTESIAN_POINT ( 'NONE',  ( 15.15544456622649605, 2.752925400380068055, 10.25000000000178879 ) ) ;
#379 = CARTESIAN_POINT ( 'NONE',  ( -1.646128519294326464, 3.000000000000000000, -17.92457142857161756 ) ) ;
#380 = CARTESIAN_POINT ( 'NONE',  ( -16.03137439752266857, 2.694159953568092458, 10.31760599434693759 ) ) ;
#381 = CARTESIAN_POINT ( 'NONE',  ( 0.000000000000000000, 1.500000000000000000, 0.000000000000000000 ) ) ;
#382 = CARTESIAN_POINT ( 'NONE',  ( 16.63247303231826280, 2.968840824838196113, -7.846781665619327661 ) ) ;
#383 = CARTESIAN_POINT ( 'NONE',  ( 16.57276427111661121, 2.688131153951014873, 8.231774752052821498 ) ) ;
#384 = AXIS2_PLACEMENT_3D ( 'NONE', #347, #941, #1182 ) ;
#385 = ADVANCED_FACE ( 'NONE', ( #1763, #2363 ), #679, .T. ) ;
#386 = ORIENTED_EDGE ( 'NONE', *, *, #787, .F. ) ;
#387 = DIRECTION ( 'NONE',  ( 0.000000000000000000, 0.000000000000000000, 1.000000000000000000 ) ) ;
#388 = CARTESIAN_POINT ( 'NONE',  ( 0.000000000000000000, 2.600000000000000089, 0.000000000000000000 ) ) ;
#389 = AXIS2_PLACEMENT_3D ( 'NONE', #1169, #1154, #925 ) ;
#390 = EDGE_LOOP ( 'NONE', ( #727, #1139, #911, #221, #386 ) ) ;
#391 = CARTESIAN_POINT ( 'NONE',  ( -2.105108414272396017E-12, 2.799999999999999822, 16.00000000000000000 ) ) ;
#392 = DIRECTION ( 'NONE',  ( 0.000000000000000000, 0.000000000000000000, 1.000000000000000000 ) ) ;
#393 = AXIS2_PLACEMENT_3D ( 'NONE', #306, #1796, #1991 ) ;
#394 = CARTESIAN_POINT ( 'NONE',  ( -16.43217018328506995, 2.550738497480504741, 10.05398326183532198 ) ) ;
#395 = DIRECTION ( 'NONE',  ( 2.040851148208010365E-15, 0.000000000000000000, 1.000000000000000000 ) ) ;
#396 = CARTESIAN_POINT ( 'NONE',  ( -16.07393541266332804, 2.436030913322471125, 9.938748201650293268 ) ) ;
#397 = CARTESIAN_POINT ( 'NONE',  ( 16.20610977432566813, 3.000000000000000000, 7.679438175308685999 ) ) ;
#398 = CIRCLE ( 'NONE', #1022, 14.75000000000000178 ) ;
#399 = ORIENTED_EDGE ( 'NONE', *, *, #1487, .T. ) ;
#400 = LINE ( 'NONE', #1250, #1278 ) ;
#401 = ADVANCED_FACE ( 'NONE', ( #1099, #2407 ), #653, .T. ) ;
#402 = VERTEX_POINT ( 'NONE', #197 ) ;
#403 = CARTESIAN_POINT ( 'NONE',  ( 1.983090264432757922E-12, 1.800000000000000266, -17.50000000000000000 ) ) ;
#404 = CARTESIAN_POINT ( 'NONE',  ( 16.61402663714003225, 2.967829911744963578, -7.834503332287634514 ) ) ;
#405 = CARTESIAN_POINT ( 'NONE',  ( 0.8669662341982214970, -7.199780051661552882E-17, 17.23414832283745213 ) ) ;
#406 = DIRECTION ( 'NONE',  ( -1.000000000000000000, 0.000000000000000000, 0.000000000000000000 ) ) ;
#407 = CARTESIAN_POINT ( 'NONE',  ( -16.89529980276462595, 2.525880617796018690, 9.315693849618886802 ) ) ;
#408 = AXIS2_PLACEMENT_3D ( 'NONE', #2081, #2108, #587 ) ;
#409 = CARTESIAN_POINT ( 'NONE',  ( 0.000000000000000000, 11.50000000000000000, 0.000000000000000000 ) ) ;
#410 = EDGE_LOOP ( 'NONE', ( #1944, #1320, #1149, #1090 ) ) ;
#411 = CARTESIAN_POINT ( 'NONE',  ( 1.646128519298387438, 2.799999999999999822, -17.92457142857124808 ) ) ;
#412 = ADVANCED_FACE ( 'NONE', ( #5, #857 ), #1721, .T. ) ;
#413 = ORIENTED_EDGE ( 'NONE', *, *, #1413, .T. ) ;
#414 = EDGE_CURVE ( 'NONE', #2769, #1213, #967, .T. ) ;
#415 = ORIENTED_EDGE ( 'NONE', *, *, #1285, .F. ) ;
#416 = CARTESIAN_POINT ( 'NONE',  ( 0.4107846617769459474, 0.2544508266612066638, -16.69267251980539157 ) ) ;
#417 = CYLINDRICAL_SURFACE ( 'NONE', #2126, 1.499999999999997780 ) ;
#418 = CARTESIAN_POINT ( 'NONE',  ( 1.983090264432757922E-12, 1.800000000000000266, -17.50000000000000000 ) ) ;
#419 = ADVANCED_FACE ( 'NONE', ( #2613 ), #1491, .F. ) ;
#420 = CARTESIAN_POINT ( 'NONE',  ( -16.42301311810480868, 2.788855722973299756, -9.554548130317524368 ) ) ;
#421 = CARTESIAN_POINT ( 'NONE',  ( -16.66349558238351847, 2.516446444577317809, 8.708094552100423158 ) ) ;
#422 = CYLINDRICAL_SURFACE ( 'NONE', #2358, 14.75000000000000178 ) ;
#423 = AXIS2_PLACEMENT_3D ( 'NONE', #2712, #1593, #2654 ) ;
#424 = CIRCLE ( 'NONE', #2540, 0.9000000000000014655 ) ;
#425 = ORIENTED_EDGE ( 'NONE', *, *, #447, .F. ) ;
#426 = DIRECTION ( 'NONE',  ( 0.000000000000000000, 0.000000000000000000, -1.000000000000000000 ) ) ;
#427 = EDGE_CURVE ( 'NONE', #575, #1445, #2417, .T. ) ;
#428 = ORIENTED_EDGE ( 'NONE', *, *, #860, .T. ) ;
#429 = ORIENTED_EDGE ( 'NONE', *, *, #1492, .F. ) ;
#430 = DIRECTION ( 'NONE',  ( 0.000000000000000000, -1.000000000000000000, 0.000000000000000000 ) ) ;
#431 = CARTESIAN_POINT ( 'NONE',  ( 1.601816273391952983, 2.999999999999999556, 18.12243699766407801 ) ) ;
#432 = CARTESIAN_POINT ( 'NONE',  ( 16.60132960738448560, 2.372749047530059219, -9.177205364188777637 ) ) ;
#433 = CARTESIAN_POINT ( 'NONE',  ( -16.22682952376444732, 2.619552970156101335, -10.21988067143554169 ) ) ;
#434 = CARTESIAN_POINT ( 'NONE',  ( -16.36316810284147749, 2.348488963719528755, 9.643546226777727881 ) ) ;
#435 = AXIS2_PLACEMENT_3D ( 'NONE', #2028, #1805, #1647 ) ;
#436 = CYLINDRICAL_SURFACE ( 'NONE', #519, 20.00000000000000000 ) ;
#437 = ORIENTED_EDGE ( 'NONE', *, *, #996, .T. ) ;
#438 = CYLINDRICAL_SURFACE ( 'NONE', #352, 0.9000000000000014655 ) ;
#439 = CARTESIAN_POINT ( 'NONE',  ( -16.54830463917274486, 2.706624781224591381, -8.173366733418221841 ) ) ;
#440 = ORIENTED_EDGE ( 'NONE', *, *, #490, .T. ) ;
#441 = ORIENTED_EDGE ( 'NONE', *, *, #1216, .F. ) ;
#442 = FACE_OUTER_BOUND ( 'NONE', #345, .T. ) ;
#443 = CARTESIAN_POINT ( 'NONE',  ( -15.15544456622658309, 1.800000000000000266, -8.750000000001895373 ) ) ;
#444 = CARTESIAN_POINT ( 'NONE',  ( -16.95673808563874374, 2.631485677979910953, 8.916946016908696038 ) ) ;
#445 = CARTESIAN_POINT ( 'NONE',  ( -16.53314006637980782, 2.348488963719445710, -9.349146150067092265 ) ) ;
#446 = CARTESIAN_POINT ( 'NONE',  ( -16.48598796158839619, 2.788855722973071050, 9.445472501805515009 ) ) ;
#447 = EDGE_CURVE ( 'NONE', #1014, #2665, #1688, .T. ) ;
#448 = CARTESIAN_POINT ( 'NONE',  ( 0.6700805846610770056, 2.601818638828793606, -19.18681565769412956 ) ) ;
#449 = VECTOR ( 'NONE', #661, 1000.000000000000000 ) ;
#450 = ORIENTED_EDGE ( 'NONE', *, *, #200, .T. ) ;
#451 = LINE ( 'NONE', #2153, #1829 ) ;
#452 = LINE ( 'NONE', #1079, #2384 ) ;
#453 = EDGE_LOOP ( 'NONE', ( #1155, #190, #2687, #1543 ) ) ;
#454 = VERTEX_POINT ( 'NONE', #2628 ) ;
#455 = CARTESIAN_POINT ( 'NONE',  ( 15.19192523794149707, 2.949337904941009558, 10.47827486311269318 ) ) ;
#456 = CARTESIAN_POINT ( 'NONE',  ( 1.209228298904897692, 2.821860022358413378, 18.79764884040708495 ) ) ;
#457 = CARTESIAN_POINT ( 'NONE',  ( 15.72848676744715846, 2.574139783795881709, -10.14380243327290643 ) ) ;
#458 = CARTESIAN_POINT ( 'NONE',  ( -16.51540372740612739, 2.788352425393865186, -9.387744939530504595 ) ) ;
#459 = CYLINDRICAL_SURFACE ( 'NONE', #492, 14.75000000000000178 ) ;
#460 = AXIS2_PLACEMENT_3D ( 'NONE', #752, #520, #1386 ) ;
#461 = CARTESIAN_POINT ( 'NONE',  ( 16.34619846874063498, 3.000000000000000000, -7.536696598679116121 ) ) ;
#462 = EDGE_CURVE ( 'NONE', #2703, #1674, #2344, .T. ) ;
#463 = AXIS2_PLACEMENT_3D ( 'NONE', #2528, #1449, #377 ) ;
#464 = ORIENTED_EDGE ( 'NONE', *, *, #1713, .F. ) ;
#465 = CARTESIAN_POINT ( 'NONE',  ( -1.601816273392077994, 3.000000000000000444, -18.12243699766407445 ) ) ;
#466 = CARTESIAN_POINT ( 'NONE',  ( -16.65451955823285601, 2.557309055002602527, -8.595332945367736954 ) ) ;
#467 = CIRCLE ( 'NONE', #2410, 1.499999999999999556 ) ;
#468 = ORIENTED_EDGE ( 'NONE', *, *, #889, .F. ) ;
#469 = ORIENTED_EDGE ( 'NONE', *, *, #2706, .T. ) ;
#470 = CARTESIAN_POINT ( 'NONE',  ( -14.80338727579156100, 0.1812041521975563396, -7.917017944075951164 ) ) ;
#471 = CARTESIAN_POINT ( 'NONE',  ( 14.70006994944218626, 3.000000000000000000, 10.38787482989215860 ) ) ;
#472 = DIRECTION ( 'NONE',  ( -0.000000000000000000, -1.000000000000000000, -0.000000000000000000 ) ) ;
#473 = CARTESIAN_POINT ( 'NONE',  ( 0.1902692429807930075, 2.497916581428620830, -19.32470384542966002 ) ) ;
#474 = CARTESIAN_POINT ( 'NONE',  ( 0.000000000000000000, 0.5000000000000000000, 0.000000000000000000 ) ) ;
#475 = CARTESIAN_POINT ( 'NONE',  ( 15.41530818906718814, 2.688131153950846564, -10.23654749369172556 ) ) ;
#476 =( GEOMETRIC_REPRESENTATION_CONTEXT ( 3 ) GLOBAL_UNCERTAINTY_ASSIGNED_CONTEXT ( ( #888 ) ) GLOBAL_UNIT_ASSIGNED_CONTEXT ( ( #1715, #1064, #2331 ) ) REPRESENTATION_CONTEXT ( 'NONE', 'WORKASPACE' ) );
#477 = AXIS2_PLACEMENT_3D ( 'NONE', #418, #1940, #1750 ) ;
#478 = ORIENTED_EDGE ( 'NONE', *, *, #778, .F. ) ;
#479 = CARTESIAN_POINT ( 'NONE',  ( -0.4897557782100035451, 2.550448048015821811, -19.25805357495096359 ) ) ;
#480 = CARTESIAN_POINT ( 'NONE',  ( -16.63640488227180469, 2.411546141775712915, -9.029609929776624355 ) ) ;
#481 = ORIENTED_EDGE ( 'NONE', *, *, #2217, .T. ) ;
#482 = EDGE_LOOP ( 'NONE', ( #970, #2593, #1080, #1704, #963 ) ) ;
#483 = ADVANCED_FACE ( 'NONE', ( #486 ), #931, .F. ) ;
#484 = CARTESIAN_POINT ( 'NONE',  ( 15.94565249368202409, 2.726042455497151185, 10.35465422380457134 ) ) ;
#485 = CARTESIAN_POINT ( 'NONE',  ( -3.199057919425653193E-14, 2.490711984999860018, 19.33333333333333925 ) ) ;
#486 = FACE_OUTER_BOUND ( 'NONE', #1472, .T. ) ;
#487 = CARTESIAN_POINT ( 'NONE',  ( -1.522667524610807677, 2.969690898158429349, -18.32379579572863904 ) ) ;
#488 = CARTESIAN_POINT ( 'NONE',  ( -16.20610977432752264, 2.799999999999999822, 7.679438175304791336 ) ) ;
#489 = CARTESIAN_POINT ( 'NONE',  ( 16.21961276103458616, 2.624520642716479113, -10.21455178132333508 ) ) ;
#490 = EDGE_CURVE ( 'NONE', #2460, #882, #1460, .T. ) ;
#491 = ORIENTED_EDGE ( 'NONE', *, *, #2206, .T. ) ;
#492 = AXIS2_PLACEMENT_3D ( 'NONE', #724, #503, #1854 ) ;
#493 = ORIENTED_EDGE ( 'NONE', *, *, #427, .F. ) ;
#494 = CARTESIAN_POINT ( 'NONE',  ( -0.4982364216504648335, 0.2074229033362839647, 16.74381710431781656 ) ) ;
#495 = DIRECTION ( 'NONE',  ( -0.000000000000000000, 1.000000000000000000, -0.000000000000000000 ) ) ;
#496 = ORIENTED_EDGE ( 'NONE', *, *, #505, .T. ) ;
#497 = EDGE_LOOP ( 'NONE', ( #440, #1222, #2541, #1405, #1396, #66 ) ) ;
#498 = CARTESIAN_POINT ( 'NONE',  ( -14.97206386405032319, 0.1061622218021453651, -7.864463462465256072 ) ) ;
#499 = CARTESIAN_POINT ( 'NONE',  ( -15.15544456622619052, 10.50000000000000000, -9.650000000000863665 ) ) ;
#500 = EDGE_CURVE ( 'NONE', #156, #2526, #1237, .T. ) ;
#501 = CARTESIAN_POINT ( 'NONE',  ( -16.60135575922144824, 2.933108794771244643, -8.302995016543416540 ) ) ;
#502 = CARTESIAN_POINT ( 'NONE',  ( -0.7362549503803527129, 2.624520642716392516, -19.15387258126400383 ) ) ;
#503 = DIRECTION ( 'NONE',  ( -0.000000000000000000, -1.000000000000000000, -0.000000000000000000 ) ) ;
#504 = EDGE_CURVE ( 'NONE', #2665, #1014, #1597, .T. ) ;
#505 = EDGE_CURVE ( 'NONE', #926, #2040, #743, .T. ) ;
#506 = DIRECTION ( 'NONE',  ( 0.000000000000000000, 0.000000000000000000, 1.000000000000000000 ) ) ;
#507 = CARTESIAN_POINT ( 'NONE',  ( 16.83081907224331530, 2.497916581428616833, -9.497573924734620476 ) ) ;
#508 = ORIENTED_EDGE ( 'NONE', *, *, #2296, .F. ) ;
#509 = CARTESIAN_POINT ( 'NONE',  ( 0.5527341390523188291, 2.811191089068446392, 18.90055359029376802 ) ) ;
#510 = VERTEX_POINT ( 'NONE', #1367 ) ;
#511 = CARTESIAN_POINT ( 'NONE',  ( -15.15544456622719061, 1.799999999999999600, 7.849999999999131894 ) ) ;
#512 = CARTESIAN_POINT ( 'NONE',  ( 14.42734897855205389, -7.623296525288699970E-18, 9.313829472761133488 ) ) ;
#513 = EDGE_LOOP ( 'NONE', ( #493, #211, #1040, #1705 ) ) ;
#514 = EDGE_LOOP ( 'NONE', ( #2360, #177, #542, #2308, #2004 ) ) ;
#515 = CARTESIAN_POINT ( 'NONE',  ( 15.15544456622869340, 1.800000000000000266, -8.749999999998248512 ) ) ;
#516 = CARTESIAN_POINT ( 'NONE',  ( -0.1687024353022213430, 2.341640786499859850, 19.00000000000000355 ) ) ;
#517 = CARTESIAN_POINT ( 'NONE',  ( -0.7732317865644231514, 2.848865356154273165, -18.79193674791288160 ) ) ;
#518 = CARTESIAN_POINT ( 'NONE',  ( 1.983090264432757922E-12, 0.000000000000000000, -17.50000000000000000 ) ) ;
#519 = AXIS2_PLACEMENT_3D ( 'NONE', #1698, #2755, #1482 ) ;
#520 = DIRECTION ( 'NONE',  ( -0.000000000000000000, -1.000000000000000000, -0.000000000000000000 ) ) ;
#521 = CARTESIAN_POINT ( 'NONE',  ( 14.75364343377214560, 3.000000000000000000, -10.19518367343102128 ) ) ;
#522 = ORIENTED_EDGE ( 'NONE', *, *, #868, .F. ) ;
#523 = CARTESIAN_POINT ( 'NONE',  ( -1.410167616180483474, 2.799999970237993185, 18.03862048793557804 ) ) ;
#524 = ADVANCED_FACE ( 'NONE', ( #1777 ), #2592, .T. ) ;
#525 = CIRCLE ( 'NONE', #872, 17.36602540378444104 ) ;
#526 = ORIENTED_EDGE ( 'NONE', *, *, #2036, .T. ) ;
#527 = CARTESIAN_POINT ( 'NONE',  ( 1.452466340553458579, 2.799999999999999822, 17.87462184873967175 ) ) ;
#528 = CARTESIAN_POINT ( 'NONE',  ( 1.452466340553458579, 3.000000000000000000, 17.87462184873967175 ) ) ;
#529 = ORIENTED_EDGE ( 'NONE', *, *, #1930, .F. ) ;
#530 = CARTESIAN_POINT ( 'NONE',  ( 1.806354028742346196E-15, 11.50000000000000000, 14.75000000000000178 ) ) ;
#531 = CARTESIAN_POINT ( 'NONE',  ( -14.75364343376969600, 2.799999999999999822, -10.19518367343457044 ) ) ;
#532 = CARTESIAN_POINT ( 'NONE',  ( 0.06297484348343625193, 2.788855722973098139, -19.00002063212263081 ) ) ;
#533 = CARTESIAN_POINT ( 'NONE',  ( 0.000000000000000000, 0.000000000000000000, 17.50000000000000000 ) ) ;
#534 = FACE_OUTER_BOUND ( 'NONE', #2623, .T. ) ;
#535 = CARTESIAN_POINT ( 'NONE',  ( 16.44556955759664874, 2.546584045754043402, -10.04164958910644501 ) ) ;
#536 = EDGE_LOOP ( 'NONE', ( #849, #2647, #2180, #42, #1822, #1556, #1346, #206, #2564, #1691 ) ) ;
#537 = CARTESIAN_POINT ( 'NONE',  ( -1.190121870461795517, 2.812714726853266178, 18.81823189394529550 ) ) ;
#538 = EDGE_CURVE ( 'NONE', #2721, #1123, #1831, .T. ) ;
#539 = DIRECTION ( 'NONE',  ( 0.000000000000000000, 1.000000000000000000, 0.000000000000000000 ) ) ;
#540 = CARTESIAN_POINT ( 'NONE',  ( -15.15544456622719061, 1.799999999999999600, 9.649999999999131717 ) ) ;
#541 = EDGE_CURVE ( 'NONE', #575, #454, #266, .T. ) ;
#542 = ORIENTED_EDGE ( 'NONE', *, *, #1216, .T. ) ;
#543 = CARTESIAN_POINT ( 'NONE',  ( -15.09189223036485217, 2.967829911744964466, -10.47091746077093788 ) ) ;
#544 = DIRECTION ( 'NONE',  ( 0.7137078831287348990, -0.000000000000000000, 0.7004434720660192015 ) ) ;
#545 = CIRCLE ( 'NONE', #408, 1.700000000000000178 ) ;
#546 = FACE_OUTER_BOUND ( 'NONE', #1547, .T. ) ;
#547 = CARTESIAN_POINT ( 'NONE',  ( 15.72707391902495822, 2.574701414916197528, 10.14440518120477641 ) ) ;
#548 = CARTESIAN_POINT ( 'NONE',  ( -14.32749134536310720, 0.05885903598214209387, 9.144985009508454610 ) ) ;
#549 = CARTESIAN_POINT ( 'NONE',  ( 1.874384494993369899E-12, 0.3571897008005361918, -16.60000000000000142 ) ) ;
#550 = CARTESIAN_POINT ( 'NONE',  ( -16.66257933506357958, 2.504227518745068881, 8.738371876406080929 ) ) ;
#551 = ORIENTED_EDGE ( 'NONE', *, *, #1867, .T. ) ;
#552 = FACE_OUTER_BOUND ( 'NONE', #536, .T. ) ;
#553 = CARTESIAN_POINT ( 'NONE',  ( 1.983090264432757922E-12, 2.799999999999999822, -17.50000000000000000 ) ) ;
#554 = ORIENTED_EDGE ( 'NONE', *, *, #46, .T. ) ;
#555 = CARTESIAN_POINT ( 'NONE',  ( 15.15544456622869340, 2.799999999999999822, -7.049999999998247446 ) ) ;
#556 = DIRECTION ( 'NONE',  ( 0.000000000000000000, 1.000000000000000000, 0.000000000000000000 ) ) ;
#557 = CYLINDRICAL_SURFACE ( 'NONE', #2701, 1.500000000000001332 ) ;
#558 = CARTESIAN_POINT ( 'NONE',  ( 16.40800032115232199, 2.338019752493753600, 9.589269889888061726 ) ) ;
#559 = CARTESIAN_POINT ( 'NONE',  ( 1.983090264432757922E-12, 3.000000000000000000, -17.50000000000000000 ) ) ;
#560 = CARTESIAN_POINT ( 'NONE',  ( -15.15544456622643921, 2.752925400380064502, -10.25000000000189537 ) ) ;
#561 = CARTESIAN_POINT ( 'NONE',  ( -16.54836149035168091, 2.706355630337268892, 8.173960478008904573 ) ) ;
#562 = ORIENTED_EDGE ( 'NONE', *, *, #1826, .F. ) ;
#563 = CARTESIAN_POINT ( 'NONE',  ( -1.404646930003909944, 3.006886590911495460, 18.06002496780071098 ) ) ;
#564 = CARTESIAN_POINT ( 'NONE',  ( 0.08442470168596011293, 2.341640786499882942, 19.00000000000001066 ) ) ;
#565 = ORIENTED_EDGE ( 'NONE', *, *, #125, .F. ) ;
#566 = LINE ( 'NONE', #1607, #2643 ) ;
#567 = DIRECTION ( 'NONE',  ( -0.000000000000000000, -1.000000000000000000, -0.000000000000000000 ) ) ;
#568 = AXIS2_PLACEMENT_3D ( 'NONE', #2290, #1361, #730 ) ;
#569 = CARTESIAN_POINT ( 'NONE',  ( 0.3800223737337620755, 2.525880617796032457, -19.28960575855781201 ) ) ;
#570 = ADVANCED_FACE ( 'NONE', ( #1144 ), #1616, .T. ) ;
#571 = CARTESIAN_POINT ( 'NONE',  ( -3.199057919425653193E-14, 2.490711984999860018, 19.33333333333333925 ) ) ;
#572 = CARTESIAN_POINT ( 'NONE',  ( 0.6517352912174941837, 0.1203850931729330692, 16.87134002140284039 ) ) ;
#573 = CARTESIAN_POINT ( 'NONE',  ( -0.7200467198485043241, 0.07870298929480055994, -16.94992735617996615 ) ) ;
#574 = CARTESIAN_POINT ( 'NONE',  ( -15.85871196413246942, 2.520601691683342249, 10.08286193049753798 ) ) ;
#575 = VERTEX_POINT ( 'NONE', #900 ) ;
#576 = AXIS2_PLACEMENT_3D ( 'NONE', #2006, #1096, #72 ) ;
#577 = CARTESIAN_POINT ( 'NONE',  ( 16.59129827578632543, 2.373741821289736542, 9.191978647703344052 ) ) ;
#578 = ADVANCED_FACE ( 'NONE', ( #1751 ), #1114, .F. ) ;
#579 = FACE_OUTER_BOUND ( 'NONE', #1425, .T. ) ;
#580 = VERTEX_POINT ( 'NONE', #2451 ) ;
#581 = CARTESIAN_POINT ( 'NONE',  ( 0.000000000000000000, 1.600000000000000089, 0.000000000000000000 ) ) ;
#582 = FACE_OUTER_BOUND ( 'NONE', #803, .T. ) ;
#583 = CIRCLE ( 'NONE', #1027, 16.50000000000000000 ) ;
#584 = CARTESIAN_POINT ( 'NONE',  ( -1.478637115181146378, 2.949401441100423238, 18.39543734343040882 ) ) ;
#585 = CARTESIAN_POINT ( 'NONE',  ( 16.34619846874063498, 3.000000000000000000, -7.536696598679116121 ) ) ;
#586 = DIRECTION ( 'NONE',  ( 0.000000000000000000, -0.000000000000000000, 1.000000000000000000 ) ) ;
#587 = DIRECTION ( 'NONE',  ( 1.020425574104003999E-15, 0.000000000000000000, 1.000000000000000000 ) ) ;
#588 = DIRECTION ( 'NONE',  ( 0.000000000000000000, 0.000000000000000000, 1.000000000000000000 ) ) ;
#589 = EDGE_CURVE ( 'NONE', #2556, #1576, #1979, .T. ) ;
#590 = ORIENTED_EDGE ( 'NONE', *, *, #2296, .T. ) ;
#591 = FACE_OUTER_BOUND ( 'NONE', #1279, .T. ) ;
#592 = AXIS2_PLACEMENT_3D ( 'NONE', #1995, #1844, #62 ) ;
#593 = EDGE_LOOP ( 'NONE', ( #2321, #428, #1434, #152, #774 ) ) ;
#594 = DIRECTION ( 'NONE',  ( -0.000000000000000000, -1.000000000000000000, -0.000000000000000000 ) ) ;
#595 = DIRECTION ( 'NONE',  ( 0.000000000000000000, 1.000000000000000000, 0.000000000000000000 ) ) ;
#596 = EDGE_LOOP ( 'NONE', ( #2385, #375, #1249, #10, #691 ) ) ;
#597 = CARTESIAN_POINT ( 'NONE',  ( 0.000000000000000000, 1.000000000000000000, 0.000000000000000000 ) ) ;
#598 = DIRECTION ( 'NONE',  ( -0.000000000000000000, -1.000000000000000000, -0.000000000000000000 ) ) ;
#599 = CARTESIAN_POINT ( 'NONE',  ( 1.983090264432757922E-12, 1.799999999999999600, -17.50000000000000000 ) ) ;
#600 = CARTESIAN_POINT ( 'NONE',  ( 16.66349558238349360, 2.516446444577274733, -8.708094552100742902 ) ) ;
#601 = TOROIDAL_SURFACE ( 'NONE', #189, 1.700000000000001066, 0.2000000000000000111 ) ;
#602 = CARTESIAN_POINT ( 'NONE',  ( 16.63018220789481560, 2.802604372277586631, 9.049956663730460704 ) ) ;
#603 = VECTOR ( 'NONE', #2737, 1000.000000000000000 ) ;
#604 = ADVANCED_FACE ( 'NONE', ( #695 ), #1711, .T. ) ;
#605 = ORIENTED_EDGE ( 'NONE', *, *, #317, .F. ) ;
#606 = CARTESIAN_POINT ( 'NONE',  ( 15.15544456622869340, 1.800000000000000266, -8.749999999998248512 ) ) ;
#607 = ORIENTED_EDGE ( 'NONE', *, *, #2768, .F. ) ;
#608 = VECTOR ( 'NONE', #1756, 1000.000000000000000 ) ;
#609 = CARTESIAN_POINT ( 'NONE',  ( 16.95143746197489065, 2.602216458436654278, 9.011739485484582701 ) ) ;
#610 = CARTESIAN_POINT ( 'NONE',  ( 14.70006994944460743, 3.000000000000000000, -10.38787482988872313 ) ) ;
#611 = AXIS2_PLACEMENT_3D ( 'NONE', #2393, #245, #2338 ) ;
#612 = CYLINDRICAL_SURFACE ( 'NONE', #23, 1.500000000000001332 ) ;
#613 = CARTESIAN_POINT ( 'NONE',  ( -15.97288390023433635, 2.831213902602792931, -10.02476826372333818 ) ) ;
#614 = LINE ( 'NONE', #1058, #2433 ) ;
#615 = CARTESIAN_POINT ( 'NONE',  ( 16.61331774492665758, 2.391925645320345684, 9.112427257175461648 ) ) ;
#616 = CARTESIAN_POINT ( 'NONE',  ( 3.461939554357552158E-14, 2.490711984999859574, -19.33333333333333925 ) ) ;
#617 = ADVANCED_FACE ( 'NONE', ( #546 ), #2266, .F. ) ;
#618 = AXIS2_PLACEMENT_3D ( 'NONE', #170, #2569, #1265 ) ;
#619 = CIRCLE ( 'NONE', #976, 0.1999999999999995115 ) ;
#620 = ADVANCED_FACE ( 'NONE', ( #2487 ), #557, .F. ) ;
#621 = ORIENTED_EDGE ( 'NONE', *, *, #792, .T. ) ;
#622 = CARTESIAN_POINT ( 'NONE',  ( 15.15544456622916591, 0.000000000000000000, -8.749999999999140243 ) ) ;
#623 = ADVANCED_FACE ( 'NONE', ( #123 ), #992, .F. ) ;
#624 = ORIENTED_EDGE ( 'NONE', *, *, #2781, .T. ) ;
#625 = CARTESIAN_POINT ( 'NONE',  ( -15.15544456622658309, 2.799999999999999822, -8.750000000001895373 ) ) ;
#626 = CARTESIAN_POINT ( 'NONE',  ( 1.983090264432757922E-12, 1.799999999999999600, -17.50000000000000000 ) ) ;
#627 = FACE_OUTER_BOUND ( 'NONE', #2199, .T. ) ;
#628 = CARTESIAN_POINT ( 'NONE',  ( 1.983090264432757922E-12, 2.799999999999999822, -15.80000000000000071 ) ) ;
#629 = CARTESIAN_POINT ( 'NONE',  ( -16.59068997348287056, 2.373292553270800909, 9.194054896298283097 ) ) ;
#630 = FACE_OUTER_BOUND ( 'NONE', #1, .T. ) ;
#631 = EDGE_CURVE ( 'NONE', #1585, #1167, #545, .T. ) ;
#632 = B_SPLINE_CURVE_WITH_KNOTS ( 'NONE', 3,
 ( #2253, #1162, #1353, #2657 ),
 .UNSPECIFIED., .F., .F.,
 ( 4, 4 ),
 ( 0.000000000000000000, 0.0004086430266532811283 ),
 .UNSPECIFIED. ) ;
#633 = ORIENTED_EDGE ( 'NONE', *, *, #2155, .F. ) ;
#634 = DIRECTION ( 'NONE',  ( -0.000000000000000000, 1.000000000000000000, -0.000000000000000000 ) ) ;
#635 = EDGE_LOOP ( 'NONE', ( #413, #621 ) ) ;
#636 = ORIENTED_EDGE ( 'NONE', *, *, #2102, .F. ) ;
#637 = CARTESIAN_POINT ( 'NONE',  ( 16.34619846873887283, 3.000000000000000000, 7.536696598682937065 ) ) ;
#638 = CARTESIAN_POINT ( 'NONE',  ( 16.28011405770438458, 2.602216458436648505, -10.17450572999122471 ) ) ;
#639 = CARTESIAN_POINT ( 'NONE',  ( -16.42082868829747611, 2.999999999999999556, 7.605378343331067548 ) ) ;
#640 = CARTESIAN_POINT ( 'NONE',  ( -16.56855396385191170, 2.789736423356543593, -9.262434794624594403 ) ) ;
#641 = DIRECTION ( 'NONE',  ( -0.000000000000000000, 1.000000000000000000, -0.000000000000000000 ) ) ;
#642 = DIRECTION ( 'NONE',  ( 1.000000000000000000, -0.000000000000000000, 1.224646799147353207E-16 ) ) ;
#643 = AXIS2_PLACEMENT_3D ( 'NONE', #1366, #1795, #92 ) ;
#644 = AXIS2_PLACEMENT_3D ( 'NONE', #1217, #1004, #2518 ) ;
#645 = EDGE_LOOP ( 'NONE', ( #2480, #2166, #127, #1000, #2648 ) ) ;
#646 = FACE_OUTER_BOUND ( 'NONE', #2718, .T. ) ;
#647 = DIRECTION ( 'NONE',  ( 0.000000000000000000, 1.000000000000000000, 0.000000000000000000 ) ) ;
#648 = ORIENTED_EDGE ( 'NONE', *, *, #136, .T. ) ;
#649 = VERTEX_POINT ( 'NONE', #782 ) ;
#650 = DIRECTION ( 'NONE',  ( 0.000000000000000000, 1.000000000000000000, 0.000000000000000000 ) ) ;
#651 = CARTESIAN_POINT ( 'NONE',  ( 16.79140559955906653, 2.490753554592311847, 9.582997902304018822 ) ) ;
#652 = AXIS2_PLACEMENT_3D ( 'NONE', #2639, #2362, #2391 ) ;
#653 = PLANE ( 'NONE',  #477 ) ;
#654 = CARTESIAN_POINT ( 'NONE',  ( -16.61331774492656876, 2.391925645320489124, -9.112427257175740536 ) ) ;
#655 = CARTESIAN_POINT ( 'NONE',  ( -16.00722982831877061, 2.462068582714030285, 9.987325509596692186 ) ) ;
#656 = AXIS2_PLACEMENT_3D ( 'NONE', #553, #539, #983 ) ;
#657 = DIRECTION ( 'NONE',  ( 0.000000000000000000, 0.000000000000000000, 1.000000000000000000 ) ) ;
#658 = VERTEX_POINT ( 'NONE', #2521 ) ;
#659 = CARTESIAN_POINT ( 'NONE',  ( 0.000000000000000000, 10.50000000000000000, 17.50000000000000000 ) ) ;
#660 = CIRCLE ( 'NONE', #2242, 17.36602540378444104 ) ;
#661 = DIRECTION ( 'NONE',  ( -0.000000000000000000, -1.000000000000000000, -0.000000000000000000 ) ) ;
#662 = DIRECTION ( 'NONE',  ( -0.000000000000000000, -1.000000000000000000, -0.000000000000000000 ) ) ;
#663 = ORIENTED_EDGE ( 'NONE', *, *, #1832, .F. ) ;
#664 = CARTESIAN_POINT ( 'NONE',  ( -14.27732464640217636, 0.3205906113619739206, -8.531311652313148031 ) ) ;
#665 = CARTESIAN_POINT ( 'NONE',  ( 15.11174877653516191, 2.968840824838253845, 10.48075334093758748 ) ) ;
#666 = CARTESIAN_POINT ( 'NONE',  ( 16.21324171395251668, 2.383839484584458379, -9.824230257127533505 ) ) ;
#667 = CARTESIAN_POINT ( 'NONE',  ( -14.93811695009433294, 3.006886590911498569, -10.24647240863176556 ) ) ;
#668 = CARTESIAN_POINT ( 'NONE',  ( -14.75364343377221665, 3.000000000000000000, 10.19518367343091825 ) ) ;
#669 = FACE_OUTER_BOUND ( 'NONE', #2089, .T. ) ;
#670 = CIRCLE ( 'NONE', #295, 0.1999999999999995393 ) ;
#671 = CIRCLE ( 'NONE', #1028, 1.500000000000001332 ) ;
#672 = ORIENTED_EDGE ( 'NONE', *, *, #1208, .F. ) ;
#673 = CARTESIAN_POINT ( 'NONE',  ( 15.15544456622649605, 2.752925400380068055, 10.25000000000178879 ) ) ;
#674 = FACE_BOUND ( 'NONE', #84, .T. ) ;
#675 = CARTESIAN_POINT ( 'NONE',  ( 1.452466340553458579, 2.799999999999999822, 17.87462184873967175 ) ) ;
#676 = ORIENTED_EDGE ( 'NONE', *, *, #333, .T. ) ;
#677 = CARTESIAN_POINT ( 'NONE',  ( -14.42734897855094189, 9.035018104045980703E-18, -9.313829472762337858 ) ) ;
#678 = CARTESIAN_POINT ( 'NONE',  ( 14.93811695009430807, 3.006886590911513668, 10.24647240863177977 ) ) ;
#679 = PLANE ( 'NONE',  #2551 ) ;
#680 = CARTESIAN_POINT ( 'NONE',  ( -0.7004848315451732699, 2.834548508290171576, -18.83243017843135902 ) ) ;
#681 = CARTESIAN_POINT ( 'NONE',  ( -16.34619846874069182, 3.000000000000000000, 7.536696598679011316 ) ) ;
#682 = CIRCLE ( 'NONE', #1807, 0.8999999999999998002 ) ;
#683 = CARTESIAN_POINT ( 'NONE',  ( 16.51352562540465385, 2.526379804078864755, -9.975668894403209919 ) ) ;
#684 = FACE_OUTER_BOUND ( 'NONE', #2432, .T. ) ;
#685 = CIRCLE ( 'NONE', #954, 0.1999999999999996503 ) ;
#686 = EDGE_CURVE ( 'NONE', #402, #2397, #41, .T. ) ;
#687 = ORIENTED_EDGE ( 'NONE', *, *, #1375, .F. ) ;
#688 = DIRECTION ( 'NONE',  ( 0.000000000000000000, 0.000000000000000000, 1.000000000000000000 ) ) ;
#689 = CARTESIAN_POINT ( 'NONE',  ( -16.31662965518324881, 2.800000000000000266, -7.787904020944243833 ) ) ;
#690 = VERTEX_POINT ( 'NONE', #1192 ) ;
#691 = ORIENTED_EDGE ( 'NONE', *, *, #1492, .T. ) ;
#692 = DIRECTION ( 'NONE',  ( 0.000000000000000000, 0.000000000000000000, 1.000000000000000000 ) ) ;
#693 = DIRECTION ( 'NONE',  ( 0.000000000000000000, 1.000000000000000000, 0.000000000000000000 ) ) ;
#694 = DIRECTION ( 'NONE',  ( 1.000000000000000000, -0.000000000000000000, 1.224646799147353207E-16 ) ) ;
#695 = FACE_OUTER_BOUND ( 'NONE', #24, .T. ) ;
#696 = CARTESIAN_POINT ( 'NONE',  ( 15.79805403666240515, 2.545415502743258784, -10.10776841618118205 ) ) ;
#697 = AXIS2_PLACEMENT_3D ( 'NONE', #1050, #594, #1276 ) ;
#698 = EDGE_CURVE ( 'NONE', #115, #2597, #1896, .T. ) ;
#699 = ORIENTED_EDGE ( 'NONE', *, *, #2497, .T. ) ;
#700 = CARTESIAN_POINT ( 'NONE',  ( 15.46295612306157530, 0.000000000000000000, 7.904165121071239142 ) ) ;
#701 = CARTESIAN_POINT ( 'NONE',  ( 0.000000000000000000, 0.000000000000000000, 0.000000000000000000 ) ) ;
#702 = EDGE_CURVE ( 'NONE', #2263, #454, #671, .T. ) ;
#703 = EDGE_CURVE ( 'NONE', #649, #2226, #2343, .T. ) ;
#704 = VERTEX_POINT ( 'NONE', #978 ) ;
#705 = ORIENTED_EDGE ( 'NONE', *, *, #339, .F. ) ;
#706 = LINE ( 'NONE', #1578, #2103 ) ;
#707 = CARTESIAN_POINT ( 'NONE',  ( 16.22682952376451126, 2.619552970156103555, 10.21988067143542445 ) ) ;
#708 = DIRECTION ( 'NONE',  ( 0.000000000000000000, 0.000000000000000000, -1.000000000000000000 ) ) ;
#709 = CARTESIAN_POINT ( 'NONE',  ( -0.3351621179379826176, 2.373741821289796494, -18.96447511244759099 ) ) ;
#710 = DIRECTION ( 'NONE',  ( 0.000000000000000000, -1.000000000000000000, 0.000000000000000000 ) ) ;
#711 = DIRECTION ( 'NONE',  ( 0.000000000000000000, -0.000000000000000000, 1.000000000000000000 ) ) ;
#712 = CARTESIAN_POINT ( 'NONE',  ( 16.53186136752285762, 2.348124926031382120, -9.352155228396474840 ) ) ;
#713 = ORIENTED_EDGE ( 'NONE', *, *, #802, .F. ) ;
#714 = EDGE_CURVE ( 'NONE', #2556, #1275, #1119, .T. ) ;
#715 = ORIENTED_EDGE ( 'NONE', *, *, #2736, .F. ) ;
#716 = CARTESIAN_POINT ( 'NONE',  ( -0.09973539928201938243, 2.490711984999973261, -19.33333333333320780 ) ) ;
#717 = CARTESIAN_POINT ( 'NONE',  ( 1.110073267788415752, 2.933108794771238870, 18.52869333302080079 ) ) ;
#718 = DIRECTION ( 'NONE',  ( 0.000000000000000000, 0.000000000000000000, 1.000000000000000000 ) ) ;
#719 = ORIENTED_EDGE ( 'NONE', *, *, #2753, .F. ) ;
#720 = CARTESIAN_POINT ( 'NONE',  ( -15.15544456622619052, 0.04550266720512196467, -7.850000000000864731 ) ) ;
#721 = CARTESIAN_POINT ( 'NONE',  ( 0.000000000000000000, 2.600000000000000089, -14.75000000000000178 ) ) ;
#722 = CARTESIAN_POINT ( 'NONE',  ( -16.20610977432561839, 3.000000000000000444, -7.679438175308798797 ) ) ;
#723 = CARTESIAN_POINT ( 'NONE',  ( -1.340617132116518784, 2.772721794525537575, -18.19289123140029218 ) ) ;
#724 = CARTESIAN_POINT ( 'NONE',  ( 0.000000000000000000, 11.50000000000000000, 0.000000000000000000 ) ) ;
#725 = CARTESIAN_POINT ( 'NONE',  ( 1.983090264432757922E-12, 10.50000000000000000, -18.40000000000000213 ) ) ;
#726 = CARTESIAN_POINT ( 'NONE',  ( 14.26151163453040205, 0.1697374267621379051, -8.886981155796261689 ) ) ;
#727 = ORIENTED_EDGE ( 'NONE', *, *, #2412, .T. ) ;
#728 = CARTESIAN_POINT ( 'NONE',  ( -1.316468110553058679, 2.875460743298233091, 18.66898002323690520 ) ) ;
#729 = ORIENTED_EDGE ( 'NONE', *, *, #2261, .T. ) ;
#730 = DIRECTION ( 'NONE',  ( 0.000000000000000000, 0.000000000000000000, -1.000000000000000000 ) ) ;
#731 = FACE_OUTER_BOUND ( 'NONE', #497, .T. ) ;
#732 = VERTEX_POINT ( 'NONE', #1206 ) ;
#733 = DIRECTION ( 'NONE',  ( 0.000000000000000000, 0.000000000000000000, 1.000000000000000000 ) ) ;
#734 = CARTESIAN_POINT ( 'NONE',  ( -15.15544456622875025, 1.800000000000000266, 8.749999999998145483 ) ) ;
#735 = CARTESIAN_POINT ( 'NONE',  ( 0.09493815861220251950, 2.490670770922718713, -19.33338346857771484 ) ) ;
#736 = AXIS2_PLACEMENT_3D ( 'NONE', #2044, #113, #968 ) ;
#737 = ADVANCED_FACE ( 'NONE', ( #1232 ), #2096, .F. ) ;
#738 = CARTESIAN_POINT ( 'NONE',  ( -15.15544456622619052, 0.000000000000000000, -8.750000000000865086 ) ) ;
#739 = CARTESIAN_POINT ( 'NONE',  ( 16.25613615784829591, 2.373741821289961695, -9.772496464744376610 ) ) ;
#740 = ORIENTED_EDGE ( 'NONE', *, *, #333, .F. ) ;
#741 = CARTESIAN_POINT ( 'NONE',  ( 0.2627731488843332297, 2.789736423356723893, 18.98000603398138253 ) ) ;
#742 = AXIS2_PLACEMENT_3D ( 'NONE', #1684, #1645, #2525 ) ;
#743 = CIRCLE ( 'NONE', #248, 0.8999999999999998002 ) ;
#744 = CARTESIAN_POINT ( 'NONE',  ( 0.000000000000000000, 0.5000000000000000000, 0.000000000000000000 ) ) ;
#745 = FACE_OUTER_BOUND ( 'NONE', #303, .T. ) ;
#746 = EDGE_LOOP ( 'NONE', ( #43, #249, #2374, #2530 ) ) ;
#747 = CARTESIAN_POINT ( 'NONE',  ( -16.03262390302105800, 2.693695232010438811, -10.31705224479206784 ) ) ;
#748 = CARTESIAN_POINT ( 'NONE',  ( -15.15544456622719061, 0.000000000000000000, 8.749999999999131362 ) ) ;
#749 = CARTESIAN_POINT ( 'NONE',  ( 0.5430303416010194839, 2.807423960199799673, -18.90925203448140834 ) ) ;
#750 = CARTESIAN_POINT ( 'NONE',  ( -15.15544456622643921, 2.752925400380064502, -10.25000000000189537 ) ) ;
#751 = CIRCLE ( 'NONE', #1837, 0.8999999999999998002 ) ;
#752 = CARTESIAN_POINT ( 'NONE',  ( -15.15544456622619052, 10.50000000000000000, -8.750000000000865086 ) ) ;
#753 = DIRECTION ( 'NONE',  ( 0.000000000000000000, 1.000000000000000000, 0.000000000000000000 ) ) ;
#754 = VERTEX_POINT ( 'NONE', #1642 ) ;
#755 = EDGE_CURVE ( 'NONE', #1924, #1585, #1436, .T. ) ;
#756 = CARTESIAN_POINT ( 'NONE',  ( -1.600019680746986417, 2.999999999999999556, 18.13045918924295918 ) ) ;
#757 = CARTESIAN_POINT ( 'NONE',  ( -2.105292111292268057E-12, 2.799999999999999822, 17.50000000000000000 ) ) ;
#758 = DIRECTION ( 'NONE',  ( 0.000000000000000000, 0.000000000000000000, -1.000000000000000000 ) ) ;
#759 = CARTESIAN_POINT ( 'NONE',  ( 14.50803460213444041, 0.3288388284364117675, 8.117631085814648984 ) ) ;
#760 = ORIENTED_EDGE ( 'NONE', *, *, #1699, .F. ) ;
#761 = DIRECTION ( 'NONE',  ( -0.000000000000000000, 1.000000000000000000, -0.000000000000000000 ) ) ;
#762 = CARTESIAN_POINT ( 'NONE',  ( -0.08442470168608290360, 2.341640786499882054, -19.00000000000000711 ) ) ;
#763 = AXIS2_PLACEMENT_3D ( 'NONE', #797, #2053, #395 ) ;
#764 = CARTESIAN_POINT ( 'NONE',  ( 1.338882174501404121, 2.771956729552846888, -18.19587603451086721 ) ) ;
#765 = CARTESIAN_POINT ( 'NONE',  ( -1.331667443089805669, 2.882747036778010141, 18.64773787408607930 ) ) ;
#766 = CARTESIAN_POINT ( 'NONE',  ( 15.15544456622663994, 1.800000000000000266, 8.750000000001787015 ) ) ;
#767 = CARTESIAN_POINT ( 'NONE',  ( -15.02210146301467830, 2.781951618303253770, -10.25000000000191491 ) ) ;
#768 = CARTESIAN_POINT ( 'NONE',  ( 16.62017302022846366, 2.631443243764515216, -8.388690589752060944 ) ) ;
#769 = ORIENTED_EDGE ( 'NONE', *, *, #1285, .T. ) ;
#770 = CARTESIAN_POINT ( 'NONE',  ( -0.9009026108533527699, 2.684940482415357543, 19.06482662624706492 ) ) ;
#771 = LINE ( 'NONE', #1197, #1634 ) ;
#772 = EDGE_CURVE ( 'NONE', #690, #90, #583, .T. ) ;
#773 = CARTESIAN_POINT ( 'NONE',  ( -16.96107548250261488, 2.684940482415426377, 8.752208765788525469 ) ) ;
#774 = ORIENTED_EDGE ( 'NONE', *, *, #2074, .F. ) ;
#775 = CARTESIAN_POINT ( 'NONE',  ( -15.48408937460847845, 2.882608354211010138, -10.47708437708245199 ) ) ;
#776 = CARTESIAN_POINT ( 'NONE',  ( 0.7372615232264373430, 2.619552970155998306, -19.16278692617725810 ) ) ;
#777 = CIRCLE ( 'NONE', #423, 15.00000000000000000 ) ;
#778 = EDGE_CURVE ( 'NONE', #2652, #2271, #1847, .T. ) ;
#779 = CARTESIAN_POINT ( 'NONE',  ( -14.70006994944211165, 2.799999999999999822, -10.38787482989226163 ) ) ;
#780 = CARTESIAN_POINT ( 'NONE',  ( 0.000000000000000000, 0.000000000000000000, 0.000000000000000000 ) ) ;
#781 = VECTOR ( 'NONE', #2725, 1000.000000000000000 ) ;
#782 = CARTESIAN_POINT ( 'NONE',  ( 14.75364343377214738, 2.799999999999999822, -10.19518367343102128 ) ) ;
#783 = CARTESIAN_POINT ( 'NONE',  ( -16.40842276576487890, 2.777047490333246049, 7.912095041253487615 ) ) ;
#784 = ORIENTED_EDGE ( 'NONE', *, *, #348, .T. ) ;
#785 = CARTESIAN_POINT ( 'NONE',  ( 16.64472662430954131, 2.811191089068528548, 8.971594989188441005 ) ) ;
#786 = CARTESIAN_POINT ( 'NONE',  ( 1.983090264432757922E-12, 2.799999999999999822, -17.50000000000000000 ) ) ;
#787 = EDGE_CURVE ( 'NONE', #1194, #2457, #338, .T. ) ;
#788 = VERTEX_POINT ( 'NONE', #1432 ) ;
#789 = CARTESIAN_POINT ( 'NONE',  ( 1.646128519294200565, 3.000000000000000000, 17.92457142857162822 ) ) ;
#790 = CARTESIAN_POINT ( 'NONE',  ( -2.142296421122137935E-12, 2.341640786499874949, 19.00000000000000355 ) ) ;
#791 = AXIS2_PLACEMENT_3D ( 'NONE', #314, #143, #2482 ) ;
#792 = EDGE_CURVE ( 'NONE', #2371, #1210, #1798, .T. ) ;
#793 = EDGE_CURVE ( 'NONE', #90, #690, #2303, .T. ) ;
#794 = LINE ( 'NONE', #1429, #781 ) ;
#795 = CARTESIAN_POINT ( 'NONE',  ( 15.15544456622817293, 10.50000000000000000, 7.850000000000866507 ) ) ;
#796 = CARTESIAN_POINT ( 'NONE',  ( 0.000000000000000000, 3.000000000000000000, 0.000000000000000000 ) ) ;
#797 = CARTESIAN_POINT ( 'NONE',  ( -15.15544456622875025, 3.000000000000000000, 8.749999999998145483 ) ) ;
#798 = CARTESIAN_POINT ( 'NONE',  ( 16.32698739986889080, 2.799999970237993185, -7.798069264761445574 ) ) ;
#799 = ORIENTED_EDGE ( 'NONE', *, *, #2302, .T. ) ;
#800 = CIRCLE ( 'NONE', #2554, 20.00000000000000000 ) ;
#801 = CARTESIAN_POINT ( 'NONE',  ( -15.15544456622875025, 2.752925400380114240, 10.24999999999814193 ) ) ;
#802 = EDGE_CURVE ( 'NONE', #1171, #2772, #368, .T. ) ;
#803 = EDGE_LOOP ( 'NONE', ( #2143, #636, #1185, #2157, #2027 ) ) ;
#804 = DIRECTION ( 'NONE',  ( 0.000000000000000000, 0.000000000000000000, 1.000000000000000000 ) ) ;
#805 = AXIS2_PLACEMENT_3D ( 'NONE', #2387, #894, #1558 ) ;
#806 = VERTEX_POINT ( 'NONE', #1935 ) ;
#807 = CARTESIAN_POINT ( 'NONE',  ( -1.594747225509261623, 2.993069939411737934, 18.11932523484770385 ) ) ;
#808 = CARTESIAN_POINT ( 'NONE',  ( 15.15544456622916591, 1.799999999999999600, -8.749999999999140243 ) ) ;
#809 = DIRECTION ( 'NONE',  ( 0.000000000000000000, 1.000000000000000000, 0.000000000000000000 ) ) ;
#810 = CARTESIAN_POINT ( 'NONE',  ( 14.70006994944218448, 2.799999999999999822, 10.38787482989215860 ) ) ;
#811 = CARTESIAN_POINT ( 'NONE',  ( 16.91875649136381199, 2.546216698564964798, -9.223030036051646618 ) ) ;
#812 = ADVANCED_FACE ( 'NONE', ( #2608 ), #2373, .F. ) ;
#813 = CARTESIAN_POINT ( 'NONE',  ( 16.94374260657464504, 2.717128330482419862, 8.658051926656657571 ) ) ;
#814 = CIRCLE ( 'NONE', #2617, 16.00000000000000000 ) ;
#815 = ORIENTED_EDGE ( 'NONE', *, *, #1189, .F. ) ;
#816 = ORIENTED_EDGE ( 'NONE', *, *, #2102, .T. ) ;
#817 = CYLINDRICAL_SURFACE ( 'NONE', #1724, 1.500000000000001332 ) ;
#818 = DIRECTION ( 'NONE',  ( 0.000000000000000000, 0.000000000000000000, 1.000000000000000000 ) ) ;
#819 = FACE_OUTER_BOUND ( 'NONE', #224, .T. ) ;
#820 = DIRECTION ( 'NONE',  ( 0.000000000000000000, 0.000000000000000000, -1.000000000000000000 ) ) ;
#821 = CARTESIAN_POINT ( 'NONE',  ( -14.91700581479124565, 2.799999967012387625, 10.24060294497467183 ) ) ;
#822 = AXIS2_PLACEMENT_3D ( 'NONE', #1452, #2774, #1912 ) ;
#823 = EDGE_CURVE ( 'NONE', #1381, #842, #939, .T. ) ;
#824 = CARTESIAN_POINT ( 'NONE',  ( 16.56855396385181223, 2.789736423356382389, 9.262434794624313739 ) ) ;
#825 = CARTESIAN_POINT ( 'NONE',  ( 16.20610977432566813, 2.799999999999999822, 7.679438175308684222 ) ) ;
#826 = AXIS2_PLACEMENT_3D ( 'NONE', #331, #1153, #2017 ) ;
#827 = EDGE_CURVE ( 'NONE', #2747, #2231, #2198, .T. ) ;
#828 = ORIENTED_EDGE ( 'NONE', *, *, #2418, .T. ) ;
#829 = DIRECTION ( 'NONE',  ( 0.000000000000000000, 1.000000000000000000, 0.000000000000000000 ) ) ;
#830 = ORIENTED_EDGE ( 'NONE', *, *, #2538, .T. ) ;
#831 = CIRCLE ( 'NONE', #2766, 0.8999999999999998002 ) ;
#832 = FACE_OUTER_BOUND ( 'NONE', #1689, .T. ) ;
#833 = CARTESIAN_POINT ( 'NONE',  ( 16.90830689451918190, 2.524551347211075214, -9.301811310904415819 ) ) ;
#834 = CARTESIAN_POINT ( 'NONE',  ( -15.67399127938697312, 2.822068029376375353, 10.44617255471051998 ) ) ;
#835 = CARTESIAN_POINT ( 'NONE',  ( -15.41568070039888028, 2.687914681769768332, -10.23631291694435319 ) ) ;
#836 = CARTESIAN_POINT ( 'NONE',  ( -16.79067030420047502, 2.490670770922794208, 9.584472877142047764 ) ) ;
#837 = EDGE_CURVE ( 'NONE', #2040, #926, #2023, .T. ) ;
#838 = CARTESIAN_POINT ( 'NONE',  ( 16.31662965518329855, 2.800000000000000266, 7.787904020944130146 ) ) ;
#839 = ORIENTED_EDGE ( 'NONE', *, *, #541, .F. ) ;
#840 = CARTESIAN_POINT ( 'NONE',  ( 0.8862702709788052857, 0.000000000000000000, -17.34339538071094466 ) ) ;
#841 = VERTEX_POINT ( 'NONE', #1334 ) ;
#842 = VERTEX_POINT ( 'NONE', #1730 ) ;
#843 = CARTESIAN_POINT ( 'NONE',  ( 14.89345429106828433, 3.000000000000000444, -10.44839190561224740 ) ) ;
#844 = CARTESIAN_POINT ( 'NONE',  ( 16.63618656601295953, 2.411117483122428684, -9.031057920655140236 ) ) ;
#845 = CARTESIAN_POINT ( 'NONE',  ( -16.38919029844862152, 2.788355583575824248, -9.606776619621388846 ) ) ;
#846 = CARTESIAN_POINT ( 'NONE',  ( -16.05552463971017829, 2.685180062054599581, 10.30605416362120152 ) ) ;
#847 = AXIS2_PLACEMENT_3D ( 'NONE', #474, #2394, #1115 ) ;
#848 = CARTESIAN_POINT ( 'NONE',  ( -15.15544456622719061, 10.50000000000000000, 8.749999999999131362 ) ) ;
#849 = ORIENTED_EDGE ( 'NONE', *, *, #1570, .F. ) ;
#850 = DIRECTION ( 'NONE',  ( 0.000000000000000000, -1.000000000000000000, 0.000000000000000000 ) ) ;
#851 = CYLINDRICAL_SURFACE ( 'NONE', #2459, 0.8999999999999998002 ) ;
#852 = EDGE_CURVE ( 'NONE', #2457, #928, #2208, .T. ) ;
#853 = ORIENTED_EDGE ( 'NONE', *, *, #827, .T. ) ;
#854 = ORIENTED_EDGE ( 'NONE', *, *, #277, .T. ) ;
#855 = CARTESIAN_POINT ( 'NONE',  ( 14.70006994944218093, 3.000000000000000000, 10.38787482989215682 ) ) ;
#856 = CARTESIAN_POINT ( 'NONE',  ( 16.25763009072447218, 2.373292553270783589, 9.770931535198746687 ) ) ;
#857 = FACE_BOUND ( 'NONE', #1561, .T. ) ;
#858 = CARTESIAN_POINT ( 'NONE',  ( -16.64417613077771918, 2.436030913322240643, -8.951062305331541680 ) ) ;
#859 = CARTESIAN_POINT ( 'NONE',  ( -16.38772746558530713, 2.788352425393881173, 9.608886711924657931 ) ) ;
#860 = EDGE_CURVE ( 'NONE', #1336, #1674, #452, .T. ) ;
#861 = CARTESIAN_POINT ( 'NONE',  ( 1.209549978221054367, 2.822015500551218192, -18.79728933631049159 ) ) ;
#862 = VERTEX_POINT ( 'NONE', #1545 ) ;
#863 = AXIS2_PLACEMENT_3D ( 'NONE', #147, #324, #1017 ) ;
#864 = ORIENTED_EDGE ( 'NONE', *, *, #1061, .F. ) ;
#865 = CARTESIAN_POINT ( 'NONE',  ( 1.452466340557634128, 2.799999999999999822, -17.87462184873933779 ) ) ;
#866 = DIRECTION ( 'NONE',  ( -0.000000000000000000, -1.000000000000000000, -0.000000000000000000 ) ) ;
#867 = ORIENTED_EDGE ( 'NONE', *, *, #2615, .F. ) ;
#868 = EDGE_CURVE ( 'NONE', #2747, #156, #1166, .T. ) ;
#869 = ORIENTED_EDGE ( 'NONE', *, *, #589, .F. ) ;
#870 = CARTESIAN_POINT ( 'NONE',  ( 16.28212555955417784, 2.601496205604379330, 10.17309192432176168 ) ) ;
#871 = CARTESIAN_POINT ( 'NONE',  ( 14.75364343376976883, 3.000000000000000000, 10.19518367343446741 ) ) ;
#872 = AXIS2_PLACEMENT_3D ( 'NONE', #102, #321, #73 ) ;
#873 = CARTESIAN_POINT ( 'NONE',  ( 16.35819308178834675, 2.349674171549213764, -9.649512296237372055 ) ) ;
#874 = CARTESIAN_POINT ( 'NONE',  ( -16.41292181574191744, 2.341603693873903325, -9.572065806039702807 ) ) ;
#875 = CARTESIAN_POINT ( 'NONE',  ( -14.70006994944468026, 3.000000000000000000, 10.38787482988862187 ) ) ;
#876 = AXIS2_PLACEMENT_3D ( 'NONE', #1128, #2450, #708 ) ;
#877 = DIRECTION ( 'NONE',  ( -0.000000000000000000, 1.000000000000000000, -0.000000000000000000 ) ) ;
#878 = ORIENTED_EDGE ( 'NONE', *, *, #889, .T. ) ;
#879 = LINE ( 'NONE', #1077, #1196 ) ;
#880 = MECHANICAL_DESIGN_GEOMETRIC_PRESENTATION_REPRESENTATION (  '', ( #1887 ), #476 ) ;
#881 = DIRECTION ( 'NONE',  ( 0.000000000000000000, 1.000000000000000000, 0.000000000000000000 ) ) ;
#882 = VERTEX_POINT ( 'NONE', #2168 ) ;
#883 = ORIENTED_EDGE ( 'NONE', *, *, #1209, .T. ) ;
#884 = CARTESIAN_POINT ( 'NONE',  ( 14.89455204215141215, 2.993060784509759209, 10.44078433538490458 ) ) ;
#885 = CARTESIAN_POINT ( 'NONE',  ( 16.64054982926249693, 2.497916581428626159, 9.827129920695051979 ) ) ;
#886 = CARTESIAN_POINT ( 'NONE',  ( 15.15544456622869163, 2.752925400380110688, -10.24999999999825029 ) ) ;
#887 = CARTESIAN_POINT ( 'NONE',  ( -0.1699719635385145144, 2.348488963719569167, -18.99269237684480061 ) ) ;
#888 = UNCERTAINTY_MEASURE_WITH_UNIT (LENGTH_MEASURE( 1.000000000000000082E-05 ), #1715, 'distance_accuracy_value', 'NONE');
#889 = EDGE_CURVE ( 'NONE', #842, #510, #1567, .T. ) ;
#890 = CARTESIAN_POINT ( 'NONE',  ( 16.36316810284152368, 2.348488963719402189, -9.643546226777710118 ) ) ;
#891 = AXIS2_PLACEMENT_3D ( 'NONE', #381, #1627, #1418 ) ;
#892 = ORIENTED_EDGE ( 'NONE', *, *, #1112, .F. ) ;
#893 = DIRECTION ( 'NONE',  ( 0.000000000000000000, 0.000000000000000000, 1.000000000000000000 ) ) ;
#894 = DIRECTION ( 'NONE',  ( -0.000000000000000000, -1.000000000000000000, -0.000000000000000000 ) ) ;
#895 = ORIENTED_EDGE ( 'NONE', *, *, #1582, .F. ) ;
#896 = EDGE_LOOP ( 'NONE', ( #2710, #283, #2419, #225, #1337 ) ) ;
#897 = DIRECTION ( 'NONE',  ( 8.163404592832028838E-15, 0.000000000000000000, 1.000000000000000000 ) ) ;
#898 = CARTESIAN_POINT ( 'NONE',  ( 16.36513469168817636, 2.348124926031411874, 9.640934301919184435 ) ) ;
#899 = DIRECTION ( 'NONE',  ( 0.000000000000000000, 0.000000000000000000, 1.000000000000000000 ) ) ;
#900 = CARTESIAN_POINT ( 'NONE',  ( 1.983090264432757922E-12, 3.000000000000000000, -15.80000000000000071 ) ) ;
#901 = APPLICATION_PROTOCOL_DEFINITION ( 'draft international standard', 'automotive_design', 1998, #1783 ) ;
#902 = EDGE_CURVE ( 'NONE', #247, #1104, #2251, .T. ) ;
#903 = CARTESIAN_POINT ( 'NONE',  ( 14.32749134536453006, 0.05885903598200530051, -9.144985009507205831 ) ) ;
#904 = ADVANCED_FACE ( 'NONE', ( #674, #209 ), #2634, .T. ) ;
#905 = EDGE_CURVE ( 'NONE', #2703, #2580, #670, .T. ) ;
#906 = CIRCLE ( 'NONE', #1633, 1.499999999999997780 ) ;
#907 = VERTEX_POINT ( 'NONE', #1065 ) ;
#908 = CARTESIAN_POINT ( 'NONE',  ( -15.15544456622658309, 2.799999999999999822, -7.250000000001895373 ) ) ;
#909 = CARTESIAN_POINT ( 'NONE',  ( -15.85762226085779858, 2.521035023122998542, -10.08352778423961027 ) ) ;
#910 = AXIS2_PLACEMENT_3D ( 'NONE', #1610, #1204, #1843 ) ;
#911 = ORIENTED_EDGE ( 'NONE', *, *, #1208, .T. ) ;
#912 = ORIENTED_EDGE ( 'NONE', *, *, #2203, .F. ) ;
#913 = CARTESIAN_POINT ( 'NONE',  ( -14.72410069920958087, 0.2219052025219367674, -7.955066276592875241 ) ) ;
#914 = CARTESIAN_POINT ( 'NONE',  ( 15.66411229202956790, 2.895186646248882667, 10.17262558992072741 ) ) ;
#915 = CARTESIAN_POINT ( 'NONE',  ( 2.204364238465235822E-15, 1.000000000000000000, -18.00000000000000355 ) ) ;
#916 = CARTESIAN_POINT ( 'NONE',  ( -0.4150653776116049465, 2.391925645320427396, -18.94376883683705870 ) ) ;
#917 = PRODUCT_CONTEXT ( 'NONE', #354, 'mechanical' ) ;
#918 = CARTESIAN_POINT ( 'NONE',  ( -14.50729840600206799, 0.3291297340658697057, 8.118417052354065078 ) ) ;
#919 = ADVANCED_FACE ( 'NONE', ( #2787 ), #851, .F. ) ;
#920 = CARTESIAN_POINT ( 'NONE',  ( 16.07393541266321080, 2.436030913322364544, -9.938748201650453140 ) ) ;
#921 = EDGE_LOOP ( 'NONE', ( #429, #319, #912, #144, #1573, #2511, #141, #2441, #2660, #1199, #1933, #2075, #2582, #2200, #1049, #1855, #986, #1289 ) ) ;
#922 = AXIS2_PLACEMENT_3D ( 'NONE', #1690, #1473, #2346 ) ;
#923 = ORIENTED_EDGE ( 'NONE', *, *, #2074, .T. ) ;
#924 = CARTESIAN_POINT ( 'NONE',  ( 0.000000000000000000, 3.000000000000000000, 0.000000000000000000 ) ) ;
#925 = DIRECTION ( 'NONE',  ( 0.000000000000000000, 0.000000000000000000, 1.000000000000000000 ) ) ;
#926 = VERTEX_POINT ( 'NONE', #540 ) ;
#927 = AXIS2_PLACEMENT_3D ( 'NONE', #2062, #1809, #320 ) ;
#928 = VERTEX_POINT ( 'NONE', #969 ) ;
#929 = LINE ( 'NONE', #1748, #1333 ) ;
#930 = CARTESIAN_POINT ( 'NONE',  ( -0.6483128299570107833, 2.458281537921958027, 18.86256798317472416 ) ) ;
#931 = CYLINDRICAL_SURFACE ( 'NONE', #876, 0.9000000000000014655 ) ;
#932 = CARTESIAN_POINT ( 'NONE',  ( -0.8975423986194323023, 2.685180062054632444, -19.05751929088655316 ) ) ;
#933 = DIRECTION ( 'NONE',  ( 0.000000000000000000, 0.000000000000000000, -1.000000000000000000 ) ) ;
#934 = CARTESIAN_POINT ( 'NONE',  ( -14.96951746694785434, 0.09708428112709657776, 7.849999999999126565 ) ) ;
#935 = CARTESIAN_POINT ( 'NONE',  ( 15.08519740862139535, 2.772721794525537131, -10.25745410886166553 ) ) ;
#936 = B_SPLINE_CURVE_WITH_KNOTS ( 'NONE', 3,
 ( #351, #2007, #2667, #988, #1857, #945, #930, #2034, #516, #1564 ),
 .UNSPECIFIED., .F., .F.,
 ( 4, 2, 2, 2, 4 ),
 ( 0.000000000000000000, 0.0005104067411740751629, 0.001020813482348150326, 0.001531220223522225489, 0.002041626964696300651 ),
 .UNSPECIFIED. ) ;
#937 = VERTEX_POINT ( 'NONE', #300 ) ;
#938 = CARTESIAN_POINT ( 'NONE',  ( -0.1902692429809409447, 2.497916581428607063, 19.32470384542967068 ) ) ;
#939 = CIRCLE ( 'NONE', #2523, 17.36602540378444104 ) ;
#940 = ORIENTED_EDGE ( 'NONE', *, *, #1918, .F. ) ;
#941 = DIRECTION ( 'NONE',  ( -0.000000000000000000, -1.000000000000000000, -0.000000000000000000 ) ) ;
#942 = CARTESIAN_POINT ( 'NONE',  ( 1.983090264432757922E-12, 1.800000000000000266, -17.50000000000000000 ) ) ;
#943 = ORIENTED_EDGE ( 'NONE', *, *, #317, .T. ) ;
#944 = CARTESIAN_POINT ( 'NONE',  ( 0.000000000000000000, 2.999999999999999112, 0.000000000000000000 ) ) ;
#945 = CARTESIAN_POINT ( 'NONE',  ( -0.7911227042250332797, 2.516808861919861862, 18.78444019729117898 ) ) ;
#946 = CARTESIAN_POINT ( 'NONE',  ( -0.06405871226563485121, 2.788853029613016510, -18.99997919227759979 ) ) ;
#947 = CARTESIAN_POINT ( 'NONE',  ( -14.57668585208522494, 0.000000000000000000, 9.439230259640085663 ) ) ;
#948 = VECTOR ( 'NONE', #2699, 1000.000000000000000 ) ;
#949 = CARTESIAN_POINT ( 'NONE',  ( 14.42735474431171383, 1.052014920489840627E-15, -9.313834314367921863 ) ) ;
#950 = ORIENTED_EDGE ( 'NONE', *, *, #2165, .T. ) ;
#951 = CARTESIAN_POINT ( 'NONE',  ( -0.3306672403427701190, 2.791672380190553859, 18.96753030453291800 ) ) ;
#952 = CARTESIAN_POINT ( 'NONE',  ( 0.000000000000000000, 2.600000000000000089, 0.000000000000000000 ) ) ;
#953 = CARTESIAN_POINT ( 'NONE',  ( 14.39024490924361110, 0.3622304522596894172, 8.266782046911769655 ) ) ;
#954 = AXIS2_PLACEMENT_3D ( 'NONE', #1679, #2544, #392 ) ;
#955 = ORIENTED_EDGE ( 'NONE', *, *, #1867, .F. ) ;
#956 = DIRECTION ( 'NONE',  ( 0.000000000000000000, 1.000000000000000000, 0.000000000000000000 ) ) ;
#957 = FACE_BOUND ( 'NONE', #2115, .T. ) ;
#958 = CARTESIAN_POINT ( 'NONE',  ( 1.452466340557634350, 3.000000000000000000, -17.87462184873933779 ) ) ;
#959 = VECTOR ( 'NONE', #2078, 1000.000000000000000 ) ;
#960 = CARTESIAN_POINT ( 'NONE',  ( -1.209549978221146294, 2.822015500551200429, 18.79728933631052001 ) ) ;
#961 = DIRECTION ( 'NONE',  ( 0.000000000000000000, -1.000000000000000000, 0.000000000000000000 ) ) ;
#962 = CARTESIAN_POINT ( 'NONE',  ( 16.34276388009805459, 3.006886590911639789, -7.813552559168765121 ) ) ;
#963 = ORIENTED_EDGE ( 'NONE', *, *, #136, .F. ) ;
#964 = CARTESIAN_POINT ( 'NONE',  ( -1.157066676961050256, 2.687914681769933534, 18.46852756164713583 ) ) ;
#965 = DIRECTION ( 'NONE',  ( 0.000000000000000000, 0.000000000000000000, 1.000000000000000000 ) ) ;
#966 = AXIS2_PLACEMENT_3D ( 'NONE', #1574, #1788, #1959 ) ;
#967 = CIRCLE ( 'NONE', #119, 14.75000000000000178 ) ;
#968 = DIRECTION ( 'NONE',  ( -0.2678674216376967787, 0.000000000000000000, -0.9634557822885139178 ) ) ;
#969 = CARTESIAN_POINT ( 'NONE',  ( -16.20610977432561839, 2.799999999999999822, -7.679438175308797909 ) ) ;
#970 = ORIENTED_EDGE ( 'NONE', *, *, #755, .T. ) ;
#971 = LINE ( 'NONE', #530, #2148 ) ;
#972 = DIRECTION ( 'NONE',  ( 0.000000000000000000, 0.000000000000000000, -1.000000000000000000 ) ) ;
#973 = CARTESIAN_POINT ( 'NONE',  ( 1.316468110552928339, 2.875460743298236199, -18.66898002323690520 ) ) ;
#974 = DIRECTION ( 'NONE',  ( 0.000000000000000000, 0.000000000000000000, -1.000000000000000000 ) ) ;
#975 = AXIS2_PLACEMENT_3D ( 'NONE', #2172, #1563, #692 ) ;
#976 = AXIS2_PLACEMENT_3D ( 'NONE', #2446, #1363, #1407 ) ;
#977 = CARTESIAN_POINT ( 'NONE',  ( -14.25242187929194415, 0.2100286024792651640, 8.800207720141486334 ) ) ;
#978 = CARTESIAN_POINT ( 'NONE',  ( 1.983090264432757922E-12, 1.800000000000000266, -16.00000000000000000 ) ) ;
#979 = DIRECTION ( 'NONE',  ( 0.000000000000000000, 0.000000000000000000, 1.000000000000000000 ) ) ;
#980 = ORIENTED_EDGE ( 'NONE', *, *, #1981, .T. ) ;
#981 = CARTESIAN_POINT ( 'NONE',  ( -0.3800223737338888630, 2.525880617796036454, 19.28960575855780135 ) ) ;
#982 = ADVANCED_FACE ( 'NONE', ( #745 ), #1236, .T. ) ;
#983 = DIRECTION ( 'NONE',  ( 0.000000000000000000, 0.000000000000000000, 1.000000000000000000 ) ) ;
#984 = CARTESIAN_POINT ( 'NONE',  ( -16.57274737735999182, 2.687914681769850489, 8.232214644702727568 ) ) ;
#985 = EDGE_CURVE ( 'NONE', #2371, #2652, #2211, .T. ) ;
#986 = ORIENTED_EDGE ( 'NONE', *, *, #339, .T. ) ;
#987 = CARTESIAN_POINT ( 'NONE',  ( -16.92309000561543542, 2.550738497480506517, -9.203685187116455779 ) ) ;
#988 = CARTESIAN_POINT ( 'NONE',  ( -1.155878151994215175, 2.687328645823555462, 18.46992632743138785 ) ) ;
#989 = CARTESIAN_POINT ( 'NONE',  ( 1.410167616180403982, 2.799999970237993185, -18.03862048793540751 ) ) ;
#990 = CARTESIAN_POINT ( 'NONE',  ( 16.60215734550686761, 2.373220562539716472, 9.174715408060251320 ) ) ;
#991 = CARTESIAN_POINT ( 'NONE',  ( -16.50283739014917828, 2.529238404831039233, 9.986891658091511914 ) ) ;
#992 = CYLINDRICAL_SURFACE ( 'NONE', #891, 15.00000000000000000 ) ;
#993 = CARTESIAN_POINT ( 'NONE',  ( -16.35819308178840714, 2.349674171549216872, 9.649512296237263698 ) ) ;
#994 = VERTEX_POINT ( 'NONE', #1619 ) ;
#995 = CARTESIAN_POINT ( 'NONE',  ( 0.1939721844972104037, 2.498321068153770419, 19.32420786270554203 ) ) ;
#996 = EDGE_CURVE ( 'NONE', #806, #841, #296, .T. ) ;
#997 = EDGE_CURVE ( 'NONE', #2359, #704, #1957, .T. ) ;
#998 = CARTESIAN_POINT ( 'NONE',  ( 0.3363651137684070536, 2.373966393558441634, 18.96422116186437989 ) ) ;
#999 = ADVANCED_FACE ( 'NONE', ( #731 ), #1039, .T. ) ;
#1000 = ORIENTED_EDGE ( 'NONE', *, *, #1499, .F. ) ;
#1001 = CARTESIAN_POINT ( 'NONE',  ( 15.15544456622869340, 3.000000000000000000, -7.049999999998247446 ) ) ;
#1002 = DIRECTION ( 'NONE',  ( 0.000000000000000000, -0.000000000000000000, 1.000000000000000000 ) ) ;
#1003 = AXIS2_PLACEMENT_3D ( 'NONE', #2048, #556, #2680 ) ;
#1004 = DIRECTION ( 'NONE',  ( -0.000000000000000000, -1.000000000000000000, -0.000000000000000000 ) ) ;
#1005 = DIRECTION ( 'NONE',  ( -0.000000000000000000, 1.000000000000000000, -0.000000000000000000 ) ) ;
#1006 = CARTESIAN_POINT ( 'NONE',  ( 0.2182048235893218613, 0.3297345554387529076, 16.62084144647550943 ) ) ;
#1007 = AXIS2_PLACEMENT_3D ( 'NONE', #1955, #1273, #1103 ) ;
#1008 = CARTESIAN_POINT ( 'NONE',  ( 0.000000000000000000, 0.5000000000000000000, 0.000000000000000000 ) ) ;
#1009 = ADVANCED_FACE ( 'NONE', ( #552 ), #1370, .T. ) ;
#1010 = CARTESIAN_POINT ( 'NONE',  ( 16.89212780969377903, 2.812714726853366098, -8.378440173553466153 ) ) ;
#1011 = ORIENTED_EDGE ( 'NONE', *, *, #2412, .F. ) ;
#1012 = CARTESIAN_POINT ( 'NONE',  ( 16.48649400802075959, 2.788853029613054701, 9.444513123983222513 ) ) ;
#1013 = AXIS2_PLACEMENT_3D ( 'NONE', #305, #544, #1187 ) ;
#1014 = VERTEX_POINT ( 'NONE', #2494 ) ;
#1015 = DIRECTION ( 'NONE',  ( 0.000000000000000000, 0.000000000000000000, -1.000000000000000000 ) ) ;
#1016 = AXIS2_PLACEMENT_3D ( 'NONE', #1091, #1514, #2607 ) ;
#1017 = DIRECTION ( 'NONE',  ( 0.000000000000000000, 0.000000000000000000, 1.000000000000000000 ) ) ;
#1018 = DIRECTION ( 'NONE',  ( 0.000000000000000000, 0.000000000000000000, 1.000000000000000000 ) ) ;
#1019 = CARTESIAN_POINT ( 'NONE',  ( 0.000000000000000000, 11.50000000000000000, -14.75000000000000178 ) ) ;
#1020 = DIRECTION ( 'NONE',  ( 0.000000000000000000, -1.000000000000000000, 0.000000000000000000 ) ) ;
#1021 = DIRECTION ( 'NONE',  ( 0.000000000000000000, 0.000000000000000000, 1.000000000000000000 ) ) ;
#1022 = AXIS2_PLACEMENT_3D ( 'NONE', #944, #2666, #733 ) ;
#1023 = CARTESIAN_POINT ( 'NONE',  ( 16.64171169140517748, 2.895280287009013520, 8.478758212051026533 ) ) ;
#1024 = ORIENTED_EDGE ( 'NONE', *, *, #2036, .F. ) ;
#1025 = CYLINDRICAL_SURFACE ( 'NONE', #308, 1.500000000000001332 ) ;
#1026 = ADVANCED_FACE ( 'NONE', ( #591 ), #2724, .T. ) ;
#1027 = AXIS2_PLACEMENT_3D ( 'NONE', #139, #1020, #2700 ) ;
#1028 = AXIS2_PLACEMENT_3D ( 'NONE', #2507, #2740, #1034 ) ;
#1029 = ORIENTED_EDGE ( 'NONE', *, *, #1542, .F. ) ;
#1030 = DIRECTION ( 'NONE',  ( 0.000000000000000000, 1.000000000000000000, 0.000000000000000000 ) ) ;
#1031 = FACE_OUTER_BOUND ( 'NONE', #453, .T. ) ;
#1032 = DIRECTION ( 'NONE',  ( 0.000000000000000000, 0.000000000000000000, 1.000000000000000000 ) ) ;
#1033 = EDGE_CURVE ( 'NONE', #96, #1974, #2250, .T. ) ;
#1034 = DIRECTION ( 'NONE',  ( 0.000000000000000000, 0.000000000000000000, 1.000000000000000000 ) ) ;
#1035 = CARTESIAN_POINT ( 'NONE',  ( 1.806354028742346196E-15, 2.600000000000000089, 14.75000000000000178 ) ) ;
#1036 = CARTESIAN_POINT ( 'NONE',  ( 16.63020641516514075, 2.969690898158377834, 7.843229140033700197 ) ) ;
#1037 = EDGE_LOOP ( 'NONE', ( #869, #2632, #1135, #1277, #2355 ) ) ;
#1038 = CARTESIAN_POINT ( 'NONE',  ( 15.15544456622817293, 10.50000000000000000, 9.650000000000865441 ) ) ;
#1039 =( BOUNDED_SURFACE ( )  B_SPLINE_SURFACE ( 3, 2, ( 
 ( #2029, #528, #1183 ),
 ( #2245, #68, #114 ),
 ( #1789, #2650, #315 ),
 ( #99, #717, #1575 ),
 ( #2445, #2677, #1211 ),
 ( #312, #2257, #128 ),
 ( #111, #328, #83 ),
 ( #1180, #509, #1834 ),
 ( #2240, #294, #2026 ),
 ( #1406, #2042, #1165 ),
 ( #2273, #741, #1376 ),
 ( #1389, #346, #995 ),
 ( #97, #2014, #1864 ),
 ( #1630, #2688, #2442 ),
 ( #1195, #1421, #938 ),
 ( #1803, #2058, #981 ),
 ( #1600, #951, #1817 ),
 ( #2288, #2661, #1151 ),
 ( #1572, #2674, #770 ),
 ( #2467, #1850, #537 ),
 ( #964, #360, #728 ),
 ( #1586, #2071, #2456 ),
 ( #523, #563, #756 ),
 ( #1614, #2704, #2481 ) ),
 .UNSPECIFIED., .F., .F., .F. ) 
 B_SPLINE_SURFACE_WITH_KNOTS ( ( 4, 2, 2, 2, 2, 2, 2, 2, 2, 2, 2, 4 ),
 ( 3, 3 ),
 ( 5.421010862427522170E-20, 0.0005703763139338197379, 0.001140752627867639476, 0.001425940784834549453, 0.001711128941801459214, 0.001996317098768368974, 0.002281505255735278952, 0.002566693412702188929, 0.002851881569669098906, 0.003422257883602918428, 0.003992634197536737949, 0.004563010511470557903 ),
 ( 0.000000000000000000, 1.000000000000000000 ),
 .UNSPECIFIED. ) 
 GEOMETRIC_REPRESENTATION_ITEM ( )  RATIONAL_B_SPLINE_SURFACE ( (
 ( 1.000000000000000000, 0.7071067811865475727, 1.000000000000000000),
 ( 1.000000000000000000, 0.6951570871116541372, 1.000000000000000000),
 ( 1.000000000000000000, 0.6727307808531236555, 1.000000000000000000),
 ( 1.000000000000000000, 0.6160173504136158273, 1.000000000000000000),
 ( 1.000000000000000000, 0.5821405974648974357, 1.000000000000000000),
 ( 1.000000000000000000, 0.5310013390971094482, 1.000000000000000000),
 ( 1.000000000000000000, 0.5140268755978114612, 1.000000000000000000),
 ( 1.000000000000000000, 0.4815985848991282681, 1.000000000000000000),
 ( 1.000000000000000000, 0.4660193880216962348, 1.000000000000000000),
 ( 1.000000000000000000, 0.4393352589918925744, 1.000000000000000000),
 ( 1.000000000000000000, 0.4281688281017624331, 1.000000000000000000),
 ( 1.000000000000000000, 0.4125462085625843378, 1.000000000000000000),
 ( 1.000000000000000000, 0.4082716763820943839, 1.000000000000000000),
 ( 1.000000000000000000, 0.4082251045490574715, 1.000000000000000000),
 ( 1.000000000000000000, 0.4123193861085542866, 1.000000000000000000),
 ( 1.000000000000000000, 0.4278924496687548928, 1.000000000000000000),
 ( 1.000000000000000000, 0.4391334546920855342, 1.000000000000000000),
 ( 1.000000000000000000, 0.4790710036583885612, 1.000000000000000000),
 ( 1.000000000000000000, 0.5138096317264028157, 1.000000000000000000),
 ( 1.000000000000000000, 0.5820563527525540737, 1.000000000000000000),
 ( 1.000000000000000000, 0.6159038434131174355, 1.000000000000000000),
 ( 1.000000000000000000, 0.6721865885288094145, 1.000000000000000000),
 ( 1.000000000000000000, 0.6952850087996048645, 1.000000000000000000),
 ( 1.000000000000000000, 0.7071067811865475727, 1.000000000000000000) ) ) 
 REPRESENTATION_ITEM ( '' )  SURFACE ( )  );
#1040 = ORIENTED_EDGE ( 'NONE', *, *, #702, .F. ) ;
#1041 = CARTESIAN_POINT ( 'NONE',  ( 16.64445269564069818, 2.490546274112892977, 9.838032095663756138 ) ) ;
#1042 = DIRECTION ( 'NONE',  ( -0.000000000000000000, -1.000000000000000000, -0.000000000000000000 ) ) ;
#1043 = CARTESIAN_POINT ( 'NONE',  ( -15.25768728919173078, 0.01713754623704363128, 7.849999999999135447 ) ) ;
#1044 = CARTESIAN_POINT ( 'NONE',  ( -16.79140559955905232, 2.490753554592331831, -9.582997902303999282 ) ) ;
#1045 = CARTESIAN_POINT ( 'NONE',  ( -16.96409104699120007, 2.619552970156042715, 8.942906254741302519 ) ) ;
#1046 = ADVANCED_FACE ( 'NONE', ( #1658 ), #1932, .T. ) ;
#1047 = VECTOR ( 'NONE', #1490, 1000.000000000000000 ) ;
#1048 = CARTESIAN_POINT ( 'NONE',  ( 2.126724742465623718E-15, 1.000000000000000000, -17.36602540378444104 ) ) ;
#1049 = ORIENTED_EDGE ( 'NONE', *, *, #2501, .F. ) ;
#1050 = CARTESIAN_POINT ( 'NONE',  ( 0.000000000000000000, 1.500000000000000000, 0.000000000000000000 ) ) ;
#1051 = ORIENTED_EDGE ( 'NONE', *, *, #2416, .F. ) ;
#1052 = CIRCLE ( 'NONE', #118, 0.8999999999999980238 ) ;
#1053 = ORIENTED_EDGE ( 'NONE', *, *, #1671, .T. ) ;
#1054 = CARTESIAN_POINT ( 'NONE',  ( 1.874384494993369899E-12, 0.3571897008005361918, -16.60000000000000142 ) ) ;
#1055 = CARTESIAN_POINT ( 'NONE',  ( 16.03137439752260462, 2.694159953568088905, -10.31760599434704773 ) ) ;
#1056 = DIRECTION ( 'NONE',  ( 0.000000000000000000, 0.000000000000000000, -1.000000000000000000 ) ) ;
#1057 = CARTESIAN_POINT ( 'NONE',  ( -16.01299384771695955, 2.457597665154217736, -9.991605544180931275 ) ) ;
#1058 = CARTESIAN_POINT ( 'NONE',  ( -15.15544456622658309, 1.800000000000000266, -7.250000000001895373 ) ) ;
#1059 = CARTESIAN_POINT ( 'NONE',  ( 16.40629761854209789, 2.777876876874953105, 7.908613199266440574 ) ) ;
#1060 = AXIS2_PLACEMENT_3D ( 'NONE', #1397, #956, #2090 ) ;
#1061 = EDGE_CURVE ( 'NONE', #2100, #732, #2229, .T. ) ;
#1062 = AXIS2_PLACEMENT_3D ( 'NONE', #1602, #2274, #965 ) ;
#1063 = EDGE_LOOP ( 'NONE', ( #1179, #2185 ) ) ;
#1064 =( NAMED_UNIT ( * ) PLANE_ANGLE_UNIT ( ) SI_UNIT ( $, .RADIAN. ) );
#1065 = CARTESIAN_POINT ( 'NONE',  ( 0.000000000000000000, 2.999999999999999112, -14.75000000000000178 ) ) ;
#1066 = EDGE_CURVE ( 'NONE', #2553, #754, #2327, .T. ) ;
#1067 = ORIENTED_EDGE ( 'NONE', *, *, #32, .F. ) ;
#1068 = ORIENTED_EDGE ( 'NONE', *, *, #2418, .F. ) ;
#1069 = CARTESIAN_POINT ( 'NONE',  ( 0.2185829246536676040, 0.3296160242939379925, -16.62094186558699604 ) ) ;
#1070 = CARTESIAN_POINT ( 'NONE',  ( 14.75364343376976883, 2.799999999999999822, 10.19518367343446741 ) ) ;
#1071 = AXIS2_PLACEMENT_3D ( 'NONE', #1008, #2325, #2299 ) ;
#1072 = DIRECTION ( 'NONE',  ( 0.000000000000000000, -1.000000000000000000, 0.000000000000000000 ) ) ;
#1073 = CARTESIAN_POINT ( 'NONE',  ( -15.08864980274780621, 2.771956729553094245, -10.25744399304799082 ) ) ;
#1074 = CARTESIAN_POINT ( 'NONE',  ( -15.66367584988414130, 2.895280287009013964, 10.17276598118756148 ) ) ;
#1075 = CARTESIAN_POINT ( 'NONE',  ( 0.7569646496205556518, 2.631807686386166800, -19.14294910031099661 ) ) ;
#1076 = ORIENTED_EDGE ( 'NONE', *, *, #792, .F. ) ;
#1077 = CARTESIAN_POINT ( 'NONE',  ( 15.15544456622916591, 10.50000000000000000, -9.649999999999138822 ) ) ;
#1078 = EDGE_CURVE ( 'NONE', #1808, #1743, #2111, .T. ) ;
#1079 = CARTESIAN_POINT ( 'NONE',  ( 15.15544456622869340, 1.800000000000000266, -10.24999999999825029 ) ) ;
#1080 = ORIENTED_EDGE ( 'NONE', *, *, #1117, .T. ) ;
#1081 = ORIENTED_EDGE ( 'NONE', *, *, #1791, .T. ) ;
#1082 = CARTESIAN_POINT ( 'NONE',  ( 16.92309000561549581, 2.550738497480506517, 9.203685187116334987 ) ) ;
#1083 = CARTESIAN_POINT ( 'NONE',  ( 16.69573214558834806, 2.490670770922640997, 9.748910591435629769 ) ) ;
#1084 = CARTESIAN_POINT ( 'NONE',  ( 0.000000000000000000, 2.600000000000000089, 0.000000000000000000 ) ) ;
#1085 = CARTESIAN_POINT ( 'NONE',  ( -16.63018220789459889, 2.802604372277504918, -9.049956663730419848 ) ) ;
#1086 = CARTESIAN_POINT ( 'NONE',  ( -16.53186136752294288, 2.348124926031387449, 9.352155228396288322 ) ) ;
#1087 = PRODUCT_DEFINITION_CONTEXT ( 'detailed design', #1783, 'design' ) ;
#1088 = DIRECTION ( 'NONE',  ( 0.000000000000000000, 0.000000000000000000, -1.000000000000000000 ) ) ;
#1089 = CIRCLE ( 'NONE', #826, 0.8999999999999998002 ) ;
#1090 = ORIENTED_EDGE ( 'NONE', *, *, #1287, .T. ) ;
#1091 = CARTESIAN_POINT ( 'NONE',  ( -15.15544456622658309, 2.799999999999999822, -8.750000000001895373 ) ) ;
#1092 = CARTESIAN_POINT ( 'NONE',  ( 15.25768728919317674, 0.01713754623682345324, -7.849999999999144329 ) ) ;
#1093 = ORIENTED_EDGE ( 'NONE', *, *, #2072, .F. ) ;
#1094 = ORIENTED_EDGE ( 'NONE', *, *, #505, .F. ) ;
#1095 = EDGE_CURVE ( 'NONE', #862, #2443, #2368, .T. ) ;
#1096 = DIRECTION ( 'NONE',  ( -0.000000000000000000, 1.000000000000000000, -0.000000000000000000 ) ) ;
#1097 = CARTESIAN_POINT ( 'NONE',  ( 16.51527742903070006, 2.525880617796033789, 9.973911908938942972 ) ) ;
#1098 = AXIS2_PLACEMENT_3D ( 'NONE', #443, #693, #2145 ) ;
#1099 = FACE_OUTER_BOUND ( 'NONE', #2319, .T. ) ;
#1100 = CARTESIAN_POINT ( 'NONE',  ( -16.69573214558823793, 2.490670770922614796, -9.748910591435883788 ) ) ;
#1101 = SHAPE_DEFINITION_REPRESENTATION ( #1394, #87 ) ;
#1102 = AXIS2_PLACEMENT_3D ( 'NONE', #2351, #472, #2174 ) ;
#1103 = DIRECTION ( 'NONE',  ( 0.000000000000000000, -0.000000000000000000, 1.000000000000000000 ) ) ;
#1104 = VERTEX_POINT ( 'NONE', #1339 ) ;
#1105 = CARTESIAN_POINT ( 'NONE',  ( -1.209228298904991838, 2.821860022358397835, -18.79764884040712403 ) ) ;
#1106 = AXIS2_PLACEMENT_3D ( 'NONE', #2349, #650, #2531 ) ;
#1107 = CARTESIAN_POINT ( 'NONE',  ( 0.000000000000000000, 0.000000000000000000, 0.000000000000000000 ) ) ;
#1108 = ORIENTED_EDGE ( 'NONE', *, *, #1582, .T. ) ;
#1109 = ORIENTED_EDGE ( 'NONE', *, *, #1409, .F. ) ;
#1110 = CARTESIAN_POINT ( 'NONE',  ( 15.15544456622869163, 2.752925400380110688, -10.24999999999825029 ) ) ;
#1111 = CARTESIAN_POINT ( 'NONE',  ( 16.30696639430733086, 2.789690403732381085, 9.716157409950756829 ) ) ;
#1112 = EDGE_CURVE ( 'NONE', #156, #2498, #1966, .T. ) ;
#1113 = CARTESIAN_POINT ( 'NONE',  ( 15.15544456622663994, 1.800000000000000266, 8.750000000001787015 ) ) ;
#1114 = CYLINDRICAL_SURFACE ( 'NONE', #1752, 0.8999999999999980238 ) ;
#1115 = DIRECTION ( 'NONE',  ( 0.000000000000000000, 0.000000000000000000, -1.000000000000000000 ) ) ;
#1116 = ADVANCED_FACE ( 'NONE', ( #1535 ), #1323, .F. ) ;
#1117 = EDGE_CURVE ( 'NONE', #1167, #2434, #2098, .T. ) ;
#1118 = CARTESIAN_POINT ( 'NONE',  ( 16.69482242758782675, 2.490753554592240793, -9.750284863314519157 ) ) ;
#1119 = CIRCLE ( 'NONE', #176, 1.500000000000001332 ) ;
#1120 = EDGE_LOOP ( 'NONE', ( #864, #1937, #1261, #1152, #607 ) ) ;
#1121 = CARTESIAN_POINT ( 'NONE',  ( -0.8669844619703199751, 0.000000000000000000, 17.23425147900609034 ) ) ;
#1122 = CARTESIAN_POINT ( 'NONE',  ( 2.449293598294706513E-15, 3.000000000000000000, 20.00000000000000000 ) ) ;
#1123 = VERTEX_POINT ( 'NONE', #1579 ) ;
#1124 = ORIENTED_EDGE ( 'NONE', *, *, #1033, .T. ) ;
#1125 = CARTESIAN_POINT ( 'NONE',  ( -14.57668585208414314, 0.000000000000000000, -9.439230259641751886 ) ) ;
#1126 = CARTESIAN_POINT ( 'NONE',  ( 15.08864980274787548, 2.771956729552971233, 10.25744399304788068 ) ) ;
#1127 = EDGE_CURVE ( 'NONE', #1307, #2413, #525, .T. ) ;
#1128 = CARTESIAN_POINT ( 'NONE',  ( 1.983090264432757922E-12, 10.50000000000000000, -17.50000000000000000 ) ) ;
#1129 = CARTESIAN_POINT ( 'NONE',  ( -1.045547687807383275, 2.631583668497256223, -18.58754680194296327 ) ) ;
#1130 = CARTESIAN_POINT ( 'NONE',  ( -16.50144808053520507, 2.999999999999999112, 7.679571904539125526 ) ) ;
#1131 = CYLINDRICAL_SURFACE ( 'NONE', #460, 0.8999999999999998002 ) ;
#1132 = CARTESIAN_POINT ( 'NONE',  ( 1.874384494993369899E-12, 0.3571897008005361918, -16.60000000000000142 ) ) ;
#1133 = DIRECTION ( 'NONE',  ( 0.000000000000000000, 0.000000000000000000, 1.000000000000000000 ) ) ;
#1134 = AXIS2_PLACEMENT_3D ( 'NONE', #2735, #567, #1243 ) ;
#1135 = ORIENTED_EDGE ( 'NONE', *, *, #2398, .T. ) ;
#1136 = CARTESIAN_POINT ( 'NONE',  ( -0.1104917568190106059, 0.3571897008005421315, 16.59999999999999432 ) ) ;
#1137 = CARTESIAN_POINT ( 'NONE',  ( 1.983200482644680984E-12, 10.50000000000000000, -16.60000000000000142 ) ) ;
#1138 = AXIS2_PLACEMENT_3D ( 'NONE', #848, #2123, #232 ) ;
#1139 = ORIENTED_EDGE ( 'NONE', *, *, #1791, .F. ) ;
#1140 = ORIENTED_EDGE ( 'NONE', *, *, #65, .T. ) ;
#1141 = CARTESIAN_POINT ( 'NONE',  ( 0.000000000000000000, 2.600000000000000089, -15.00000000000000000 ) ) ;
#1142 = CARTESIAN_POINT ( 'NONE',  ( -0.6489334450365235041, 2.458494074785511962, -18.86229522887140675 ) ) ;
#1143 = CARTESIAN_POINT ( 'NONE',  ( -16.64171169140511708, 2.895280287009013964, -8.478758212051140220 ) ) ;
#1144 = FACE_OUTER_BOUND ( 'NONE', #2286, .T. ) ;
#1145 = CARTESIAN_POINT ( 'NONE',  ( -16.34276388009869052, 3.006886590911811652, 7.813552559167900924 ) ) ;
#1146 = AXIS2_PLACEMENT_3D ( 'NONE', #2422, #2189, #2173 ) ;
#1147 = CARTESIAN_POINT ( 'NONE',  ( -16.34619846874068472, 3.000000000000000000, 7.536696598679007764 ) ) ;
#1148 = CARTESIAN_POINT ( 'NONE',  ( 15.96996421905678609, 2.717128330482444731, -10.34468556915000192 ) ) ;
#1149 = ORIENTED_EDGE ( 'NONE', *, *, #1112, .T. ) ;
#1150 = CIRCLE ( 'NONE', #1504, 0.9000000000000014655 ) ;
#1151 = CARTESIAN_POINT ( 'NONE',  ( -0.7372615232264623231, 2.619552970156193705, 19.16278692617701296 ) ) ;
#1152 = ORIENTED_EDGE ( 'NONE', *, *, #2050, .T. ) ;
#1153 = DIRECTION ( 'NONE',  ( -0.000000000000000000, -1.000000000000000000, -0.000000000000000000 ) ) ;
#1154 = DIRECTION ( 'NONE',  ( 0.000000000000000000, 1.000000000000000000, 0.000000000000000000 ) ) ;
#1155 = ORIENTED_EDGE ( 'NONE', *, *, #46, .F. ) ;
#1156 = AXIS2_PLACEMENT_3D ( 'NONE', #2499, #2472, #1426 ) ;
#1157 = EDGE_LOOP ( 'NONE', ( #2447, #1264, #2731, #1606, #2347 ) ) ;
#1158 = CARTESIAN_POINT ( 'NONE',  ( -15.36241033584850690, -3.664804176034573475E-16, -7.867610715088787288 ) ) ;
#1159 = CARTESIAN_POINT ( 'NONE',  ( 0.000000000000000000, 1.799999999999999600, 16.60000000000000142 ) ) ;
#1160 = CARTESIAN_POINT ( 'NONE',  ( -16.20610977432561839, 2.799999999999999822, -7.679438175308797909 ) ) ;
#1161 = DIRECTION ( 'NONE',  ( 0.000000000000000000, 0.000000000000000000, -1.000000000000000000 ) ) ;
#1162 = CARTESIAN_POINT ( 'NONE',  ( 14.88640230247676932, 2.799999999999999822, 10.23209431999848817 ) ) ;
#1163 = CARTESIAN_POINT ( 'NONE',  ( 14.25242187929386795, 0.2100286024784779326, -8.800207720140338807 ) ) ;
#1164 = EDGE_LOOP ( 'NONE', ( #1772, #2524 ) ) ;
#1165 = CARTESIAN_POINT ( 'NONE',  ( 0.4735388612692535415, 2.546584045754033632, 19.26310581113595433 ) ) ;
#1166 = CIRCLE ( 'NONE', #1520, 20.00000000000000000 ) ;
#1167 = VERTEX_POINT ( 'NONE', #1398 ) ;
#1168 = CARTESIAN_POINT ( 'NONE',  ( 0.1704386277770858493, 2.348520042078013237, 18.99266063617088207 ) ) ;
#1169 = CARTESIAN_POINT ( 'NONE',  ( 1.983090264432757922E-12, 2.799999999999999822, -17.50000000000000000 ) ) ;
#1170 = ADVANCED_FACE ( 'NONE', ( #2265 ), #336, .F. ) ;
#1171 = VERTEX_POINT ( 'NONE', #1159 ) ;
#1172 = DIRECTION ( 'NONE',  ( -0.000000000000000000, 1.000000000000000000, -0.000000000000000000 ) ) ;
#1173 = LINE ( 'NONE', #499, #340 ) ;
#1174 = CARTESIAN_POINT ( 'NONE',  ( 0.1251174518501501076, 2.788355583575700347, -18.99684345572462618 ) ) ;
#1175 = CARTESIAN_POINT ( 'NONE',  ( -0.3998064954387516301, 2.524826595268472751, 19.29358266260033616 ) ) ;
#1176 = CARTESIAN_POINT ( 'NONE',  ( 0.000000000000000000, 1.600000000000000089, 0.000000000000000000 ) ) ;
#1177 = CIRCLE ( 'NONE', #231, 1.700000000000000178 ) ;
#1178 = CARTESIAN_POINT ( 'NONE',  ( 16.42753197724945124, 2.771956729553010756, -7.938432041462744948 ) ) ;
#1179 = ORIENTED_EDGE ( 'NONE', *, *, #2736, .T. ) ;
#1180 = CARTESIAN_POINT ( 'NONE',  ( 0.6456626930156728061, 2.462068582714131093, 18.85633043033846334 ) ) ;
#1181 = DIRECTION ( 'NONE',  ( -0.7137078831289024317, 3.037689336468328482E-15, 0.7004434720658483382 ) ) ;
#1182 = DIRECTION ( 'NONE',  ( 0.000000000000000000, 0.000000000000000000, 1.000000000000000000 ) ) ;
#1183 = CARTESIAN_POINT ( 'NONE',  ( 1.646128519294200565, 3.000000000000000000, 17.92457142857162822 ) ) ;
#1184 = AXIS2_PLACEMENT_3D ( 'NONE', #748, #1608, #972 ) ;
#1185 = ORIENTED_EDGE ( 'NONE', *, *, #802, .T. ) ;
#1186 = CARTESIAN_POINT ( 'NONE',  ( -16.90032057582471481, 2.529238404831040121, -9.298430585347162491 ) ) ;
#1187 = DIRECTION ( 'NONE',  ( 0.7004434720660189795, 0.000000000000000000, -0.7137078831287347880 ) ) ;
#1188 = CARTESIAN_POINT ( 'NONE',  ( 1.045267354901460832, 2.631443243764183926, -18.58783734568660506 ) ) ;
#1189 = EDGE_CURVE ( 'NONE', #1674, #649, #53, .T. ) ;
#1190 = DIRECTION ( 'NONE',  ( -0.2678674216379218209, 0.000000000000000000, 0.9634557822884514122 ) ) ;
#1191 = CARTESIAN_POINT ( 'NONE',  ( -14.57668585208522494, 0.000000000000000000, 9.439230259640085663 ) ) ;
#1192 = CARTESIAN_POINT ( 'NONE',  ( 0.000000000000000000, 0.5000000000000000000, 16.50000000000000000 ) ) ;
#1193 = CARTESIAN_POINT ( 'NONE',  ( -16.65449811776338152, 2.557328747963977467, 8.595275712107390831 ) ) ;
#1194 = VERTEX_POINT ( 'NONE', #531 ) ;
#1195 = CARTESIAN_POINT ( 'NONE',  ( -0.1667266758348062428, 2.348124926031257331, 18.99308953031556868 ) ) ;
#1196 = VECTOR ( 'NONE', #279, 1000.000000000000000 ) ;
#1197 = CARTESIAN_POINT ( 'NONE',  ( 1.959434878635765131E-15, 1.600000000000000089, 16.00000000000000000 ) ) ;
#1198 = CARTESIAN_POINT ( 'NONE',  ( -16.64180833007413085, 2.895186646248705031, 8.479206377668935701 ) ) ;
#1199 = ORIENTED_EDGE ( 'NONE', *, *, #201, .F. ) ;
#1200 = CARTESIAN_POINT ( 'NONE',  ( -2.105292111292268057E-12, 1.800000000000000266, 17.50000000000000000 ) ) ;
#1201 = CARTESIAN_POINT ( 'NONE',  ( 15.02103477105443119, 2.782183816539169907, -10.24999999999825029 ) ) ;
#1202 = CARTESIAN_POINT ( 'NONE',  ( 0.9776960380447163868, 2.895186646248388396, -18.65183196758938067 ) ) ;
#1203 = EDGE_CURVE ( 'NONE', #2460, #1321, #936, .T. ) ;
#1204 = DIRECTION ( 'NONE',  ( 0.000000000000000000, 1.000000000000000000, 0.000000000000000000 ) ) ;
#1205 = CARTESIAN_POINT ( 'NONE',  ( 0.1687024353020984413, 2.341640786499861626, -19.00000000000000355 ) ) ;
#1206 = CARTESIAN_POINT ( 'NONE',  ( -15.15544456622658309, 1.800000000000000266, -7.250000000001895373 ) ) ;
#1207 = CARTESIAN_POINT ( 'NONE',  ( 16.20610977432746935, 2.799999999999999822, -7.679438175304897918 ) ) ;
#1208 = EDGE_CURVE ( 'NONE', #2397, #928, #1766, .T. ) ;
#1209 = EDGE_CURVE ( 'NONE', #55, #1804, #777, .T. ) ;
#1210 = VERTEX_POINT ( 'NONE', #2473 ) ;
#1211 = CARTESIAN_POINT ( 'NONE',  ( 1.190438831469595504, 2.812870754572431409, 18.81786844160481920 ) ) ;
#1212 = CARTESIAN_POINT ( 'NONE',  ( 15.15544456622916591, 0.000000000000000000, -8.749999999999140243 ) ) ;
#1213 = VERTEX_POINT ( 'NONE', #721 ) ;
#1214 = CARTESIAN_POINT ( 'NONE',  ( -16.61958382694890801, 2.972453909298137464, -7.829143294456519797 ) ) ;
#1215 = CARTESIAN_POINT ( 'NONE',  ( 15.15544456622869340, 1.800000000000000266, -8.749999999998248512 ) ) ;
#1216 = EDGE_CURVE ( 'NONE', #2112, #2553, #1173, .T. ) ;
#1217 = CARTESIAN_POINT ( 'NONE',  ( 1.983090264432757922E-12, 10.50000000000000000, -17.50000000000000000 ) ) ;
#1218 = CARTESIAN_POINT ( 'NONE',  ( 16.42082868829743703, 3.000000000000000444, -7.605378343331176794 ) ) ;
#1219 = CARTESIAN_POINT ( 'NONE',  ( 0.8862702709768397469, 0.000000000000000000, 17.34339538071104414 ) ) ;
#1220 = CARTESIAN_POINT ( 'NONE',  ( 0.000000000000000000, 10.50000000000000000, 16.60000000000000142 ) ) ;
#1221 = CARTESIAN_POINT ( 'NONE',  ( 2.449293598294706513E-15, 1.000000000000000000, 20.00000000000000000 ) ) ;
#1222 = ORIENTED_EDGE ( 'NONE', *, *, #2428, .F. ) ;
#1223 = CARTESIAN_POINT ( 'NONE',  ( 16.95306703832941864, 2.685180062054600469, 8.751465127265433352 ) ) ;
#1224 = DIRECTION ( 'NONE',  ( 0.000000000000000000, 0.000000000000000000, 1.000000000000000000 ) ) ;
#1225 = EDGE_LOOP ( 'NONE', ( #71, #2466, #1024, #1360 ) ) ;
#1226 = CARTESIAN_POINT ( 'NONE',  ( -16.79370043524281897, 2.490795834541909670, -9.578920266157517460 ) ) ;
#1227 = CARTESIAN_POINT ( 'NONE',  ( -15.46295612306126444, 0.000000000000000000, -7.904165121071844879 ) ) ;
#1228 = DIRECTION ( 'NONE',  ( 0.000000000000000000, -1.000000000000000000, 0.000000000000000000 ) ) ;
#1229 = DIRECTION ( 'NONE',  ( 0.000000000000000000, 1.000000000000000000, 0.000000000000000000 ) ) ;
#1230 = CARTESIAN_POINT ( 'NONE',  ( -14.89345429106835894, 2.999999999999999556, 10.44839190561214082 ) ) ;
#1231 = AXIS2_PLACEMENT_3D ( 'NONE', #2496, #2086, #1224 ) ;
#1232 = FACE_OUTER_BOUND ( 'NONE', #1503, .T. ) ;
#1233 = DIRECTION ( 'NONE',  ( 0.000000000000000000, 0.000000000000000000, 1.000000000000000000 ) ) ;
#1234 = CARTESIAN_POINT ( 'NONE',  ( 16.60135575922108941, 2.933108794771050576, 8.302995016543510687 ) ) ;
#1235 = EDGE_CURVE ( 'NONE', #1476, #1922, #1996, .T. ) ;
#1236 = TOROIDAL_SURFACE ( 'NONE', #389, 1.700000000000000622, 0.2000000000000000111 ) ;
#1237 = CIRCLE ( 'NONE', #1961, 2.000000000000001776 ) ;
#1238 = ORIENTED_EDGE ( 'NONE', *, *, #253, .F. ) ;
#1239 = FACE_OUTER_BOUND ( 'NONE', #593, .T. ) ;
#1240 = CARTESIAN_POINT ( 'NONE',  ( -0.7911554545602234034, 2.516823246330671005, -18.78441690522232221 ) ) ;
#1241 = ORIENTED_EDGE ( 'NONE', *, *, #1686, .T. ) ;
#1242 = FACE_OUTER_BOUND ( 'NONE', #1513, .T. ) ;
#1243 = DIRECTION ( 'NONE',  ( 0.000000000000000000, 0.000000000000000000, -1.000000000000000000 ) ) ;
#1244 = CARTESIAN_POINT ( 'NONE',  ( -16.63303240684325601, 2.499097134316197177, 9.837305894048736121 ) ) ;
#1245 = DIRECTION ( 'NONE',  ( 0.000000000000000000, 0.000000000000000000, 1.000000000000000000 ) ) ;
#1246 = CARTESIAN_POINT ( 'NONE',  ( -16.44556955759662031, 2.546584045754054504, 10.04164958910646099 ) ) ;
#1247 = AXIS2_PLACEMENT_3D ( 'NONE', #1200, #1484, #387 ) ;
#1248 = CARTESIAN_POINT ( 'NONE',  ( -15.02103477105449159, 2.782183816539171239, 10.24999999999814193 ) ) ;
#1249 = ORIENTED_EDGE ( 'NONE', *, *, #1375, .T. ) ;
#1250 = CARTESIAN_POINT ( 'NONE',  ( -15.15544456622719061, 10.50000000000000000, 9.649999999999131717 ) ) ;
#1251 = ADVANCED_FACE ( 'NONE', ( #1412, #957 ), #1349, .T. ) ;
#1252 = AXIS2_PLACEMENT_3D ( 'NONE', #628, #406, #1257 ) ;
#1253 = ORIENTED_EDGE ( 'NONE', *, *, #2689, .F. ) ;
#1254 = DIRECTION ( 'NONE',  ( 0.000000000000000000, 0.000000000000000000, 1.000000000000000000 ) ) ;
#1255 = CARTESIAN_POINT ( 'NONE',  ( 15.09002889634229483, 2.972453909298137908, -10.47841014723463715 ) ) ;
#1256 = CARTESIAN_POINT ( 'NONE',  ( 1.409482431517127488, 2.799999999999998934, -18.04127705392008352 ) ) ;
#1257 = DIRECTION ( 'NONE',  ( 0.000000000000000000, 0.000000000000000000, 1.000000000000000000 ) ) ;
#1258 = CARTESIAN_POINT ( 'NONE',  ( -16.61297713265392062, 2.391595032701516743, 9.113789213953531032 ) ) ;
#1259 = CARTESIAN_POINT ( 'NONE',  ( 16.20610977432566813, 2.799999999999999822, 7.679438175308684222 ) ) ;
#1260 = FACE_OUTER_BOUND ( 'NONE', #2733, .T. ) ;
#1261 = ORIENTED_EDGE ( 'NONE', *, *, #852, .T. ) ;
#1262 = DIRECTION ( 'NONE',  ( 0.000000000000000000, 0.000000000000000000, -1.000000000000000000 ) ) ;
#1263 = ORIENTED_EDGE ( 'NONE', *, *, #1127, .F. ) ;
#1264 = ORIENTED_EDGE ( 'NONE', *, *, #2127, .T. ) ;
#1265 = DIRECTION ( 'NONE',  ( 0.000000000000000000, 0.000000000000000000, 1.000000000000000000 ) ) ;
#1266 = CARTESIAN_POINT ( 'NONE',  ( 15.48330588825702137, 2.882942067383043039, -10.47736374264713533 ) ) ;
#1267 = DIRECTION ( 'NONE',  ( 0.000000000000000000, -1.000000000000000000, 0.000000000000000000 ) ) ;
#1268 = CARTESIAN_POINT ( 'NONE',  ( -16.26102947060520165, 2.791672380190620029, -9.770131382602734504 ) ) ;
#1269 = CARTESIAN_POINT ( 'NONE',  ( -16.66814593355306329, 2.831213902603034960, 8.820539097440700971 ) ) ;
#1270 = AXIS2_PLACEMENT_3D ( 'NONE', #625, #1030, #1925 ) ;
#1271 = EDGE_CURVE ( 'NONE', #1167, #2580, #1816, .T. ) ;
#1272 = CIRCLE ( 'NONE', #910, 1.500000000000001332 ) ;
#1273 = DIRECTION ( 'NONE',  ( 0.000000000000000000, 1.000000000000000000, 0.000000000000000000 ) ) ;
#1274 = EDGE_CURVE ( 'NONE', #247, #50, #2403, .T. ) ;
#1275 = VERTEX_POINT ( 'NONE', #1840 ) ;
#1276 = DIRECTION ( 'NONE',  ( 0.000000000000000000, 0.000000000000000000, -1.000000000000000000 ) ) ;
#1277 = ORIENTED_EDGE ( 'NONE', *, *, #2187, .T. ) ;
#1278 = VECTOR ( 'NONE', #2113, 1000.000000000000000 ) ;
#1279 = EDGE_LOOP ( 'NONE', ( #867, #1486, #349, #1718, #1838, #1238, #605, #1263, #2773, #760, #2276, #478 ) ) ;
#1280 = CARTESIAN_POINT ( 'NONE',  ( -15.15544456622875025, 2.799999999999999822, 8.749999999998145483 ) ) ;
#1281 = CARTESIAN_POINT ( 'NONE',  ( 14.91681978368841577, 2.799999970237993185, 10.24055122317419020 ) ) ;
#1282 = CARTESIAN_POINT ( 'NONE',  ( -16.88391403385872991, 2.821807842104763431, 8.351756242149805942 ) ) ;
#1283 = CARTESIAN_POINT ( 'NONE',  ( -16.06017287164896601, 2.684940482415456131, -10.31261786045837781 ) ) ;
#1284 = CARTESIAN_POINT ( 'NONE',  ( -15.50913373762559822, 2.875701266815302581, 10.47484076895803540 ) ) ;
#1285 = EDGE_CURVE ( 'NONE', #1755, #2263, #27, .T. ) ;
#1286 = DIRECTION ( 'NONE',  ( 0.000000000000000000, 1.000000000000000000, 0.000000000000000000 ) ) ;
#1287 = EDGE_CURVE ( 'NONE', #2498, #2231, #233, .T. ) ;
#1288 = VECTOR ( 'NONE', #761, 1000.000000000000000 ) ;
#1289 = ORIENTED_EDGE ( 'NONE', *, *, #1999, .F. ) ;
#1290 = FILL_AREA_STYLE ('',( #1898 ) ) ;
#1291 = CARTESIAN_POINT ( 'NONE',  ( -16.10177935079234501, 2.425064150024267118, -9.922945157156497942 ) ) ;
#1292 = ORIENTED_EDGE ( 'NONE', *, *, #985, .T. ) ;
#1293 = VERTEX_POINT ( 'NONE', #1637 ) ;
#1294 = CARTESIAN_POINT ( 'NONE',  ( 0.4982364216524060030, 0.2074229033362594843, -16.74381710431778458 ) ) ;
#1295 = CARTESIAN_POINT ( 'NONE',  ( 0.9947888227355120572, 2.726138508047286191, 18.98649018419917311 ) ) ;
#1296 = VECTOR ( 'NONE', #866, 1000.000000000000000 ) ;
#1297 = CARTESIAN_POINT ( 'NONE',  ( 16.59695318027037203, 2.659210410967828953, -8.310507029320064021 ) ) ;
#1298 = CARTESIAN_POINT ( 'NONE',  ( -16.59207618644865079, 2.791726793965634279, -9.196224599017259749 ) ) ;
#1299 = CARTESIAN_POINT ( 'NONE',  ( -15.79805403666243890, 2.545415502743303637, 10.10776841618108435 ) ) ;
#1300 = CARTESIAN_POINT ( 'NONE',  ( 1.623978209117059368, 2.999999999999998668, -18.02347825760617539 ) ) ;
#1301 = ADVANCED_FACE ( 'NONE', ( #146, #1871 ), #1885, .T. ) ;
#1302 = EDGE_LOOP ( 'NONE', ( #816, #551 ) ) ;
#1303 = DIRECTION ( 'NONE',  ( -0.000000000000000000, -1.000000000000000000, -0.000000000000000000 ) ) ;
#1304 = CARTESIAN_POINT ( 'NONE',  ( 0.000000000000000000, 1.000000000000000000, 0.000000000000000000 ) ) ;
#1305 = AXIS2_PLACEMENT_3D ( 'NONE', #107, #1583, #274 ) ;
#1306 = ORIENTED_EDGE ( 'NONE', *, *, #1319, .F. ) ;
#1307 = VERTEX_POINT ( 'NONE', #1227 ) ;
#1308 = CARTESIAN_POINT ( 'NONE',  ( -14.39024490924126454, 0.3622304522618164380, -8.266782046912318549 ) ) ;
#1309 = CARTESIAN_POINT ( 'NONE',  ( 0.6703312308996431934, 2.601892128665195258, 19.18671285437185148 ) ) ;
#1310 = CARTESIAN_POINT ( 'NONE',  ( 15.45064973998585423, 2.674344888869282233, -10.22780800267202395 ) ) ;
#1311 = CARTESIAN_POINT ( 'NONE',  ( -16.25763009072455390, 2.373292553270842209, -9.770931535198682738 ) ) ;
#1312 =( NAMED_UNIT ( * ) SI_UNIT ( $, .STERADIAN. ) SOLID_ANGLE_UNIT ( ) );
#1313 = CARTESIAN_POINT ( 'NONE',  ( 3.461939554357552158E-14, 2.490711984999859574, -19.33333333333333925 ) ) ;
#1314 = AXIS2_PLACEMENT_3D ( 'NONE', #2037, #1228, #106 ) ;
#1315 = ADVANCED_FACE ( 'NONE', ( #1664 ), #2041, .T. ) ;
#1316 = ORIENTED_EDGE ( 'NONE', *, *, #1570, .T. ) ;
#1317 = CARTESIAN_POINT ( 'NONE',  ( -1.529453875908805882, 2.972415055219023383, -18.30780929147375602 ) ) ;
#1318 = DIRECTION ( 'NONE',  ( 0.000000000000000000, 1.000000000000000000, 0.000000000000000000 ) ) ;
#1319 = EDGE_CURVE ( 'NONE', #2345, #1621, #2539, .T. ) ;
#1320 = ORIENTED_EDGE ( 'NONE', *, *, #868, .T. ) ;
#1321 = VERTEX_POINT ( 'NONE', #790 ) ;
#1322 = CARTESIAN_POINT ( 'NONE',  ( -15.06278758637838777, 0.07120842274148830864, -7.850000000000866507 ) ) ;
#1323 = CYLINDRICAL_SURFACE ( 'NONE', #2590, 1.499999999999999556 ) ;
#1324 = B_SPLINE_CURVE_WITH_KNOTS ( 'NONE', 3,
 ( #2605, #49, #37, #1554, #2411, #1800, #310, #81, #2222, #1163, #726, #903, #949, #1998 ),
 .UNSPECIFIED., .F., .F.,
 ( 4, 2, 2, 2, 2, 2, 4 ),
 ( 0.0003160084365220198121, 0.0008906657837349583450, 0.001177994457341427666, 0.001465323130947896769, 0.001752651804554366307, 0.002039980478160835411, 0.002614637825373774919 ),
 .UNSPECIFIED. ) ;
#1325 = CARTESIAN_POINT ( 'NONE',  ( 0.000000000000000000, 2.600000000000000089, 0.000000000000000000 ) ) ;
#1326 = CARTESIAN_POINT ( 'NONE',  ( 0.3330598827582355592, 2.373292553270905714, -18.96498643149708485 ) ) ;
#1327 = CIRCLE ( 'NONE', #1732, 18.00000000000000355 ) ;
#1328 = CARTESIAN_POINT ( 'NONE',  ( 16.05552463971017829, 2.685180062054542738, -10.30605416362135429 ) ) ;
#1329 = CARTESIAN_POINT ( 'NONE',  ( -15.15544456622875025, 2.752925400380114240, 10.24999999999814193 ) ) ;
#1330 = ADVANCED_FACE ( 'NONE', ( #1650 ), #2357, .T. ) ;
#1331 = ORIENTED_EDGE ( 'NONE', *, *, #374, .F. ) ;
#1332 = CARTESIAN_POINT ( 'NONE',  ( -0.3962271303684926083, 2.528978626623244352, -19.28565529701398162 ) ) ;
#1333 = VECTOR ( 'NONE', #30, 1000.000000000000000 ) ;
#1334 = CARTESIAN_POINT ( 'NONE',  ( 15.15544456622817293, 0.04550266720457175895, 7.850000000000866507 ) ) ;
#1335 = CIRCLE ( 'NONE', #1062, 1.700000000000001066 ) ;
#1336 = VERTEX_POINT ( 'NONE', #2295 ) ;
#1337 = ORIENTED_EDGE ( 'NONE', *, *, #1842, .F. ) ;
#1338 = CYLINDRICAL_SURFACE ( 'NONE', #576, 1.500000000000001332 ) ;
#1339 = CARTESIAN_POINT ( 'NONE',  ( -0.8862702709768398579, 0.000000000000000000, 17.34339538071104414 ) ) ;
#1340 = CARTESIAN_POINT ( 'NONE',  ( -16.34291726106225440, 3.006894317763373348, -7.813703095417213973 ) ) ;
#1341 = DIRECTION ( 'NONE',  ( -0.000000000000000000, 1.000000000000000000, -0.000000000000000000 ) ) ;
#1342 = CARTESIAN_POINT ( 'NONE',  ( 15.95912053374568984, 2.834548508290108071, -10.02285274829952932 ) ) ;
#1343 = EDGE_LOOP ( 'NONE', ( #2760, #2610, #2046, #672 ) ) ;
#1344 = CARTESIAN_POINT ( 'NONE',  ( -0.4107846617750007256, 0.2544508266612336977, 16.69267251980540934 ) ) ;
#1345 = DIRECTION ( 'NONE',  ( 0.000000000000000000, 0.000000000000000000, 1.000000000000000000 ) ) ;
#1346 = ORIENTED_EDGE ( 'NONE', *, *, #1617, .T. ) ;
#1347 = EDGE_LOOP ( 'NONE', ( #450, #1108 ) ) ;
#1348 = CARTESIAN_POINT ( 'NONE',  ( 16.03262390302111839, 2.693695232010443252, 10.31705224479195415 ) ) ;
#1349 = PLANE ( 'NONE',  #1450 ) ;
#1350 = CARTESIAN_POINT ( 'NONE',  ( -16.57276427111635897, 2.688131153950972685, -8.231774752052539057 ) ) ;
#1351 = CARTESIAN_POINT ( 'NONE',  ( -0.6503718326332154076, 2.595589908293352455, -19.19570106557835132 ) ) ;
#1352 = DIRECTION ( 'NONE',  ( 0.000000000000000000, 0.000000000000000000, -1.000000000000000000 ) ) ;
#1353 = CARTESIAN_POINT ( 'NONE',  ( 15.02210146301474047, 2.781951618303255103, 10.25000000000180833 ) ) ;
#1354 = ADVANCED_FACE ( 'NONE', ( #582 ), #2500, .F. ) ;
#1355 = CARTESIAN_POINT ( 'NONE',  ( 16.59068997348283858, 2.373292553270796468, -9.194054896298322177 ) ) ;
#1356 = ORIENTED_EDGE ( 'NONE', *, *, #32, .T. ) ;
#1357 = DIRECTION ( 'NONE',  ( 0.000000000000000000, 1.000000000000000000, 0.000000000000000000 ) ) ;
#1358 = CIRCLE ( 'NONE', #1106, 14.75000000000000178 ) ;
#1359 = ADVANCED_FACE ( 'NONE', ( #1031 ), #601, .T. ) ;
#1360 = ORIENTED_EDGE ( 'NONE', *, *, #348, .F. ) ;
#1361 = DIRECTION ( 'NONE',  ( -0.000000000000000000, -1.000000000000000000, -0.000000000000000000 ) ) ;
#1362 = DIRECTION ( 'NONE',  ( 0.000000000000000000, 1.000000000000000000, 0.000000000000000000 ) ) ;
#1363 = DIRECTION ( 'NONE',  ( -0.9634557822885168044, 0.000000000000000000, 0.2678674216376865092 ) ) ;
#1364 = ORIENTED_EDGE ( 'NONE', *, *, #1918, .T. ) ;
#1365 = CARTESIAN_POINT ( 'NONE',  ( 15.15544456622817293, 0.000000000000000000, 9.650000000000865441 ) ) ;
#1366 = CARTESIAN_POINT ( 'NONE',  ( -16.34619846873882310, 2.799999999999999822, -7.536696598683051640 ) ) ;
#1367 = CARTESIAN_POINT ( 'NONE',  ( 15.15544456622919611, 0.04550266720453532976, -7.849999999999142553 ) ) ;
#1368 = CARTESIAN_POINT ( 'NONE',  ( -0.5702407181146225135, 2.436030913322303260, -18.88981050698186692 ) ) ;
#1369 = CARTESIAN_POINT ( 'NONE',  ( 0.000000000000000000, 0.000000000000000000, 0.000000000000000000 ) ) ;
#1370 = TOROIDAL_SURFACE ( 'NONE', #159, 18.00000000000000355, 2.000000000000000000 ) ;
#1371 = PLANE ( 'NONE',  #2164 ) ;
#1372 = CARTESIAN_POINT ( 'NONE',  ( 14.70006994944460743, 3.000000000000000000, -10.38787482988872313 ) ) ;
#1373 = ORIENTED_EDGE ( 'NONE', *, *, #2317, .T. ) ;
#1374 = AXIS2_PLACEMENT_3D ( 'NONE', #2770, #1909, #2758 ) ;
#1375 = EDGE_CURVE ( 'NONE', #1293, #841, #2079, .T. ) ;
#1376 = CARTESIAN_POINT ( 'NONE',  ( 0.3824198695928403557, 2.526379804078792812, 19.28896714484742958 ) ) ;
#1377 = ORIENTED_EDGE ( 'NONE', *, *, #2127, .F. ) ;
#1378 = DIRECTION ( 'NONE',  ( 0.000000000000000000, 0.000000000000000000, -1.000000000000000000 ) ) ;
#1379 = CARTESIAN_POINT ( 'NONE',  ( 14.80338727579375302, 0.1812041521962282076, 7.917017944075873004 ) ) ;
#1380 = AXIS2_PLACEMENT_3D ( 'NONE', #1382, #2485, #350 ) ;
#1381 = VERTEX_POINT ( 'NONE', #1889 ) ;
#1382 = CARTESIAN_POINT ( 'NONE',  ( 0.000000000000000000, 1.799999999999999600, 17.50000000000000000 ) ) ;
#1383 = DIRECTION ( 'NONE',  ( 0.000000000000000000, 0.000000000000000000, 1.000000000000000000 ) ) ;
#1384 = CARTESIAN_POINT ( 'NONE',  ( -1.190438831469686098, 2.812870754572462051, -18.81786844160475525 ) ) ;
#1385 = CARTESIAN_POINT ( 'NONE',  ( -1.646128519298511783, 3.000000000000000000, 17.92457142857123387 ) ) ;
#1386 = DIRECTION ( 'NONE',  ( 0.000000000000000000, 0.000000000000000000, -1.000000000000000000 ) ) ;
#1387 = CARTESIAN_POINT ( 'NONE',  ( 16.30578081496729226, 2.789736423356642181, -9.717571239357180701 ) ) ;
#1388 = ORIENTED_EDGE ( 'NONE', *, *, #2087, .T. ) ;
#1389 = CARTESIAN_POINT ( 'NONE',  ( 0.1699719635383983851, 2.348488963719443046, 18.99269237684480061 ) ) ;
#1390 = CARTESIAN_POINT ( 'NONE',  ( -16.34619846874069182, 2.799999999999999822, 7.536696598679011316 ) ) ;
#1391 = AXIS2_PLACEMENT_3D ( 'NONE', #1443, #2716, #2490 ) ;
#1392 = DIRECTION ( 'NONE',  ( 0.000000000000000000, -1.000000000000000000, 0.000000000000000000 ) ) ;
#1393 = CARTESIAN_POINT ( 'NONE',  ( 14.57627601972903086, 0.2958585908545492971, 8.055348324000451754 ) ) ;
#1394 = PRODUCT_DEFINITION_SHAPE ( 'NONE', 'NONE',  #2502 ) ;
#1395 = EDGE_CURVE ( 'NONE', #1123, #2721, #2272, .T. ) ;
#1396 = ORIENTED_EDGE ( 'NONE', *, *, #2187, .F. ) ;
#1397 = CARTESIAN_POINT ( 'NONE',  ( 0.000000000000000000, 0.000000000000000000, 0.000000000000000000 ) ) ;
#1398 = CARTESIAN_POINT ( 'NONE',  ( 16.34619846873887283, 3.000000000000000000, 7.536696598682937065 ) ) ;
#1399 = CARTESIAN_POINT ( 'NONE',  ( 1.404646930004097793, 3.006886590911456825, -18.06002496780034861 ) ) ;
#1400 = CARTESIAN_POINT ( 'NONE',  ( 1.959434878635765131E-15, 1.600000000000000089, 16.00000000000000000 ) ) ;
#1401 = CYLINDRICAL_SURFACE ( 'NONE', #179, 1.500000000000001332 ) ;
#1402 = AXIS2_PLACEMENT_3D ( 'NONE', #780, #809, #2080 ) ;
#1403 = CARTESIAN_POINT ( 'NONE',  ( -15.15544456622658309, 3.000000000000000000, -8.750000000001895373 ) ) ;
#1404 = CARTESIAN_POINT ( 'NONE',  ( 16.57274737736000247, 2.687914681769850045, -8.232214644702969153 ) ) ;
#1405 = ORIENTED_EDGE ( 'NONE', *, *, #1776, .T. ) ;
#1406 = CARTESIAN_POINT ( 'NONE',  ( 0.4150653776114670568, 2.391925645320429616, 18.94376883683706225 ) ) ;
#1407 = DIRECTION ( 'NONE',  ( 0.2678674216376887296, 0.000000000000000000, 0.9634557822885160272 ) ) ;
#1408 = LINE ( 'NONE', #1603, #301 ) ;
#1409 = EDGE_CURVE ( 'NONE', #402, #2069, #685, .T. ) ;
#1410 = ORIENTED_EDGE ( 'NONE', *, *, #2708, .F. ) ;
#1411 = CARTESIAN_POINT ( 'NONE',  ( -16.49529996448997693, 2.999999999999999556, -7.673913813361525449 ) ) ;
#1412 = FACE_OUTER_BOUND ( 'NONE', #1063, .T. ) ;
#1413 = EDGE_CURVE ( 'NONE', #1210, #2371, #282, .T. ) ;
#1414 = CARTESIAN_POINT ( 'NONE',  ( 15.15544456622869340, 1.800000000000000266, -8.749999999998248512 ) ) ;
#1415 = EDGE_CURVE ( 'NONE', #240, #1528, #1874, .T. ) ;
#1416 = CARTESIAN_POINT ( 'NONE',  ( 16.48676079352217272, 2.335578187658124527, 9.457783968818969100 ) ) ;
#1417 = LINE ( 'NONE', #725, #948 ) ;
#1418 = DIRECTION ( 'NONE',  ( 0.000000000000000000, 0.000000000000000000, -1.000000000000000000 ) ) ;
#1419 = CARTESIAN_POINT ( 'NONE',  ( -16.40304267449763387, 2.342967670408846015, 9.586223635178631852 ) ) ;
#1420 = ORIENTED_EDGE ( 'NONE', *, *, #1415, .F. ) ;
#1421 = CARTESIAN_POINT ( 'NONE',  ( -0.1251174518503017363, 2.788355583575675922, 18.99684345572462618 ) ) ;
#1422 = AXIS2_PLACEMENT_3D ( 'NONE', #952, #1819, #98 ) ;
#1423 = FACE_OUTER_BOUND ( 'NONE', #513, .T. ) ;
#1424 = ADVANCED_FACE ( 'NONE', ( #2738 ), #2775, .F. ) ;
#1425 = EDGE_LOOP ( 'NONE', ( #2427, #1746, #2330, #2104, #399 ) ) ;
#1426 = DIRECTION ( 'NONE',  ( 0.9683108937037078201, 0.000000000000000000, 0.2497478991597862630 ) ) ;
#1427 = DIRECTION ( 'NONE',  ( 0.000000000000000000, 0.000000000000000000, 1.000000000000000000 ) ) ;
#1428 = CIRCLE ( 'NONE', #1156, 0.2000000000000000944 ) ;
#1429 = CARTESIAN_POINT ( 'NONE',  ( -15.15544456622619052, 10.50000000000000000, -7.850000000000864731 ) ) ;
#1430 = AXIS2_PLACEMENT_3D ( 'NONE', #1390, #1181, #2675 ) ;
#1431 = CARTESIAN_POINT ( 'NONE',  ( 14.70006994944460743, 3.000000000000000000, -10.38787482988872313 ) ) ;
#1432 = CARTESIAN_POINT ( 'NONE',  ( -15.15544456622619052, 1.799999999999999600, -7.850000000000864731 ) ) ;
#1433 = DIRECTION ( 'NONE',  ( 0.000000000000000000, 0.000000000000000000, 1.000000000000000000 ) ) ;
#1434 = ORIENTED_EDGE ( 'NONE', *, *, #1189, .T. ) ;
#1435 = CARTESIAN_POINT ( 'NONE',  ( 16.51540372740636187, 2.788352425394035272, 9.387744939530554333 ) ) ;
#1436 = CIRCLE ( 'NONE', #219, 0.1999999999999998446 ) ;
#1437 = CARTESIAN_POINT ( 'NONE',  ( 1.983273961452629962E-12, 1.800000000000000266, -19.00000000000000355 ) ) ;
#1438 = ORIENTED_EDGE ( 'NONE', *, *, #2768, .T. ) ;
#1439 = DIRECTION ( 'NONE',  ( -0.000000000000000000, 1.000000000000000000, -0.000000000000000000 ) ) ;
#1440 = CARTESIAN_POINT ( 'NONE',  ( -1.623978209117184379, 3.000000000000001332, 18.02347825760618605 ) ) ;
#1441 = CARTESIAN_POINT ( 'NONE',  ( 0.8669844619722746337, -1.905824131322175763E-18, -17.23425147900600507 ) ) ;
#1442 = CARTESIAN_POINT ( 'NONE',  ( 0.3385379451646600146, 2.370114362790190388, -18.97047376513218353 ) ) ;
#1443 = CARTESIAN_POINT ( 'NONE',  ( 15.15544456622869340, 2.799999999999999822, -8.749999999998248512 ) ) ;
#1444 = CARTESIAN_POINT ( 'NONE',  ( 16.34619846874063853, 3.000000000000000000, -7.536696598679117010 ) ) ;
#1445 = VERTEX_POINT ( 'NONE', #379 ) ;
#1446 = CARTESIAN_POINT ( 'NONE',  ( 16.34291726106217268, 3.006894317763638469, 7.813703095417054989 ) ) ;
#1447 = EDGE_LOOP ( 'NONE', ( #2016, #1500, #1560, #815, #2784 ) ) ;
#1448 = FACE_OUTER_BOUND ( 'NONE', #1899, .T. ) ;
#1449 = DIRECTION ( 'NONE',  ( 0.000000000000000000, 1.000000000000000000, 0.000000000000000000 ) ) ;
#1450 = AXIS2_PLACEMENT_3D ( 'NONE', #734, #2248, #2462 ) ;
#1451 = EDGE_LOOP ( 'NONE', ( #1964, #132, #784, #1648 ) ) ;
#1452 = CARTESIAN_POINT ( 'NONE',  ( 15.15544456622817293, 0.000000000000000000, 8.750000000000866862 ) ) ;
#1453 = CARTESIAN_POINT ( 'NONE',  ( 16.69243850893932546, 2.490795834541904785, -9.754311067387465783 ) ) ;
#1454 = CARTESIAN_POINT ( 'NONE',  ( -15.94462844706193927, 2.726415546063577278, 10.35505781128184033 ) ) ;
#1455 = CIRCLE ( 'NONE', #1231, 18.00000000000000355 ) ;
#1456 = CARTESIAN_POINT ( 'NONE',  ( -0.6517352912155557343, 0.1203850931729516099, -16.87134002140289013 ) ) ;
#1457 = CARTESIAN_POINT ( 'NONE',  ( 16.96409104699118942, 2.619552970155938354, -8.942906254741609828 ) ) ;
#1458 = CARTESIAN_POINT ( 'NONE',  ( 16.94915068255934898, 2.595589908293374659, 9.034612003823143667 ) ) ;
#1459 = CIRCLE ( 'NONE', #1687, 0.1999999999999999556 ) ;
#1460 = CIRCLE ( 'NONE', #2463, 0.1999999999999999278 ) ;
#1461 = ORIENTED_EDGE ( 'NONE', *, *, #2706, .F. ) ;
#1462 = CARTESIAN_POINT ( 'NONE',  ( 0.000000000000000000, 0.5000000000000000000, -16.00000000000000000 ) ) ;
#1463 = EDGE_LOOP ( 'NONE', ( #2230, #82 ) ) ;
#1464 = CARTESIAN_POINT ( 'NONE',  ( 16.90032057582477165, 2.529238404831041453, 9.298430585347045252 ) ) ;
#1465 = CARTESIAN_POINT ( 'NONE',  ( 16.19871522678530695, 2.632207497716432254, -10.22766412371946920 ) ) ;
#1466 = CARTESIAN_POINT ( 'NONE',  ( -15.15544456622658309, 2.799999999999999822, -8.750000000001895373 ) ) ;
#1467 = CARTESIAN_POINT ( 'NONE',  ( -14.90142839978789269, 2.999999999999999556, -10.45088728470350503 ) ) ;
#1468 = FACE_OUTER_BOUND ( 'NONE', #2606, .T. ) ;
#1469 = CIRCLE ( 'NONE', #2514, 15.00000000000000000 ) ;
#1470 = CARTESIAN_POINT ( 'NONE',  ( 16.89594549499773279, 2.526379804078773716, 9.313298250444342230 ) ) ;
#1471 = CYLINDRICAL_SURFACE ( 'NONE', #1725, 0.8999999999999980238 ) ;
#1472 = EDGE_LOOP ( 'NONE', ( #1076, #1292, #1629, #2620, #2484 ) ) ;
#1473 = DIRECTION ( 'NONE',  ( 0.000000000000000000, 1.000000000000000000, 0.000000000000000000 ) ) ;
#1474 = AXIS2_PLACEMENT_3D ( 'NONE', #2315, #165, #1021 ) ;
#1475 = EDGE_CURVE ( 'NONE', #298, #2580, #2179, .T. ) ;
#1476 = VERTEX_POINT ( 'NONE', #2117 ) ;
#1477 = CARTESIAN_POINT ( 'NONE',  ( -15.15544456622875025, 2.799999999999999822, 7.249999999998146372 ) ) ;
#1478 = CARTESIAN_POINT ( 'NONE',  ( 16.50283739014911788, 2.529238404831035680, -9.986891658091629154 ) ) ;
#1479 = CARTESIAN_POINT ( 'NONE',  ( 0.000000000000000000, 0.5000000000000000000, 0.000000000000000000 ) ) ;
#1480 = CARTESIAN_POINT ( 'NONE',  ( -16.51527742903073204, 2.525880617796005811, -9.973911908938939419 ) ) ;
#1481 = CARTESIAN_POINT ( 'NONE',  ( -16.65948114971264360, 2.457597665154257705, 8.871856690676072077 ) ) ;
#1482 = DIRECTION ( 'NONE',  ( 0.000000000000000000, 0.000000000000000000, -1.000000000000000000 ) ) ;
#1483 = ORIENTED_EDGE ( 'NONE', *, *, #1802, .T. ) ;
#1484 = DIRECTION ( 'NONE',  ( 0.000000000000000000, 1.000000000000000000, 0.000000000000000000 ) ) ;
#1485 = ADVANCED_FACE ( 'NONE', ( #148 ), #417, .F. ) ;
#1486 = ORIENTED_EDGE ( 'NONE', *, *, #772, .F. ) ;
#1487 = EDGE_CURVE ( 'NONE', #1922, #2652, #1983, .T. ) ;
#1488 = EDGE_CURVE ( 'NONE', #50, #2413, #1676, .T. ) ;
#1489 = ORIENTED_EDGE ( 'NONE', *, *, #202, .T. ) ;
#1490 = DIRECTION ( 'NONE',  ( -0.000000000000000000, 1.000000000000000000, -0.000000000000000000 ) ) ;
#1491 = CYLINDRICAL_SURFACE ( 'NONE', #1102, 0.8999999999999998002 ) ;
#1492 = EDGE_CURVE ( 'NONE', #1381, #1717, #104, .T. ) ;
#1493 = CARTESIAN_POINT ( 'NONE',  ( -16.49676396423255653, 2.341678199089548773, -9.426685669303479287 ) ) ;
#1494 = CARTESIAN_POINT ( 'NONE',  ( -15.88767871672126120, 2.848865356154400619, 10.06560674413468703 ) ) ;
#1495 = AXIS2_PLACEMENT_3D ( 'NONE', #2517, #2091, #804 ) ;
#1496 = AXIS2_PLACEMENT_3D ( 'NONE', #1048, #642, #1712 ) ;
#1497 = CARTESIAN_POINT ( 'NONE',  ( 0.9952088797485706406, 2.726320093793997312, -18.98615822784406504 ) ) ;
#1498 = B_SPLINE_CURVE_WITH_KNOTS ( 'NONE', 3,
 ( #1568, #934, #2476, #1595, #918, #2464, #1781, #1828, #2644, #977, #2439, #548, #2268, #1191 ),
 .UNSPECIFIED., .F., .F.,
 ( 4, 2, 2, 2, 2, 2, 4 ),
 ( 0.0003160084365238647990, 0.0008906657837375116411, 0.001177994457344337231, 0.001465323130951162603, 0.001752651804557987976, 0.002039980478164813565, 0.002614637825378465612 ),
 .UNSPECIFIED. ) ;
#1499 = EDGE_CURVE ( 'NONE', #1528, #2492, #906, .T. ) ;
#1500 = ORIENTED_EDGE ( 'NONE', *, *, #1475, .F. ) ;
#1501 = FACE_OUTER_BOUND ( 'NONE', #1833, .T. ) ;
#1502 = CARTESIAN_POINT ( 'NONE',  ( -15.15544456622643921, 2.752925400380064502, -10.25000000000189537 ) ) ;
#1503 = EDGE_LOOP ( 'NONE', ( #895, #1759, #2169, #2156, #441 ) ) ;
#1504 = AXIS2_PLACEMENT_3D ( 'NONE', #2275, #1865, #2676 ) ;
#1505 = EDGE_LOOP ( 'NONE', ( #2651, #883 ) ) ;
#1506 = DIRECTION ( 'NONE',  ( 0.000000000000000000, 0.000000000000000000, 1.000000000000000000 ) ) ;
#1507 = CARTESIAN_POINT ( 'NONE',  ( 15.57490566532722909, 2.631443243764394424, 10.19914675593447484 ) ) ;
#1508 = DIRECTION ( 'NONE',  ( 0.000000000000000000, 0.000000000000000000, 1.000000000000000000 ) ) ;
#1509 = CARTESIAN_POINT ( 'NONE',  ( -15.87317889186782160, 2.516446444577276065, -10.07696321414361940 ) ) ;
#1510 = CARTESIAN_POINT ( 'NONE',  ( -16.42243529575546646, 2.788853029613029388, 9.555466068294082405 ) ) ;
#1511 = DIRECTION ( 'NONE',  ( 0.000000000000000000, 0.000000000000000000, -1.000000000000000000 ) ) ;
#1512 = COLOUR_RGB ( '',0.7921568627450980005, 0.8196078431372548767, 0.9333333333333333481 ) ;
#1513 = EDGE_LOOP ( 'NONE', ( #1253, #254, #1489, #799, #676 ) ) ;
#1514 = DIRECTION ( 'NONE',  ( 0.000000000000000000, 1.000000000000000000, 0.000000000000000000 ) ) ;
#1515 = CARTESIAN_POINT ( 'NONE',  ( -16.20610977432561839, 2.799999999999999822, -7.679438175308797909 ) ) ;
#1516 = DIRECTION ( 'NONE',  ( 0.000000000000000000, 0.000000000000000000, -1.000000000000000000 ) ) ;
#1517 = ORIENTED_EDGE ( 'NONE', *, *, #1487, .F. ) ;
#1518 = DIRECTION ( 'NONE',  ( -0.000000000000000000, -1.000000000000000000, -0.000000000000000000 ) ) ;
#1519 = CARTESIAN_POINT ( 'NONE',  ( 14.90142839978785894, 2.999999999999999556, 10.45088728470352279 ) ) ;
#1520 = AXIS2_PLACEMENT_3D ( 'NONE', #1304, #13, #1345 ) ;
#1521 = CARTESIAN_POINT ( 'NONE',  ( 16.10142361617043960, 2.425208995406278767, -9.923128124202994726 ) ) ;
#1522 = CARTESIAN_POINT ( 'NONE',  ( -14.75364343376969423, 3.000000000000000000, -10.19518367343457044 ) ) ;
#1523 = CARTESIAN_POINT ( 'NONE',  ( -14.93832400879167643, 3.006894317763428415, 10.24652997231857121 ) ) ;
#1524 =( GEOMETRIC_REPRESENTATION_CONTEXT ( 3 ) GLOBAL_UNCERTAINTY_ASSIGNED_CONTEXT ( ( #2192 ) ) GLOBAL_UNIT_ASSIGNED_CONTEXT ( ( #1552, #60, #1312 ) ) REPRESENTATION_CONTEXT ( 'NONE', 'WORKASPACE' ) );
#1525 = ADVANCED_FACE ( 'NONE', ( #442 ), #2493, .T. ) ;
#1526 = CARTESIAN_POINT ( 'NONE',  ( 15.15544456622916591, 10.50000000000000000, -8.749999999999140243 ) ) ;
#1527 = ADVANCED_FACE ( 'NONE', ( #1242 ), #817, .F. ) ;
#1528 = VERTEX_POINT ( 'NONE', #1477 ) ;
#1529 = CARTESIAN_POINT ( 'NONE',  ( 15.15544456622916591, 10.50000000000000000, -7.849999999999142553 ) ) ;
#1530 = CARTESIAN_POINT ( 'NONE',  ( 0.000000000000000000, 3.000000000000000000, 0.000000000000000000 ) ) ;
#1531 = AXIS2_PLACEMENT_3D ( 'NONE', #796, #2715, #1641 ) ;
#1532 = CYLINDRICAL_SURFACE ( 'NONE', #2195, 20.00000000000000000 ) ;
#1533 = ORIENTED_EDGE ( 'NONE', *, *, #1488, .T. ) ;
#1534 = CARTESIAN_POINT ( 'NONE',  ( -14.26025578818552830, 0.2858766767585352309, -8.621454857047531561 ) ) ;
#1535 = FACE_OUTER_BOUND ( 'NONE', #370, .T. ) ;
#1536 = DIRECTION ( 'NONE',  ( 0.000000000000000000, -0.000000000000000000, -1.000000000000000000 ) ) ;
#1537 = CARTESIAN_POINT ( 'NONE',  ( -0.3824198695930010050, 2.526379804078731084, -19.28896714484749708 ) ) ;
#1538 = CARTESIAN_POINT ( 'NONE',  ( -2.105292111292268057E-12, 2.799999999999999822, 17.50000000000000000 ) ) ;
#1539 = AXIS2_PLACEMENT_3D ( 'NONE', #388, #2723, #1015 ) ;
#1540 = CARTESIAN_POINT ( 'NONE',  ( 15.49128249143317504, 2.933108794770824979, -10.22569831647733984 ) ) ;
#1541 = CYLINDRICAL_SURFACE ( 'NONE', #2031, 16.00000000000000000 ) ;
#1542 = EDGE_CURVE ( 'NONE', #2334, #907, #1358, .T. ) ;
#1543 = ORIENTED_EDGE ( 'NONE', *, *, #2329, .F. ) ;
#1544 = DIRECTION ( 'NONE',  ( 0.000000000000000000, 1.000000000000000000, 0.000000000000000000 ) ) ;
#1545 = CARTESIAN_POINT ( 'NONE',  ( 0.000000000000000000, 1.600000000000000089, -16.00000000000000000 ) ) ;
#1546 = CARTESIAN_POINT ( 'NONE',  ( 0.000000000000000000, 3.000000000000000000, 0.000000000000000000 ) ) ;
#1547 = EDGE_LOOP ( 'NONE', ( #2, #2246, #2013, #437, #687 ) ) ;
#1548 = FACE_OUTER_BOUND ( 'NONE', #2083, .T. ) ;
#1549 = CARTESIAN_POINT ( 'NONE',  ( 0.2013824057989052896, 2.498937513595256288, 19.32347659944806395 ) ) ;
#1550 = CARTESIAN_POINT ( 'NONE',  ( -15.15544456622719061, 1.799999999999999600, 8.749999999999131362 ) ) ;
#1551 = CARTESIAN_POINT ( 'NONE',  ( -1.410119393022375878, 2.799999967012387625, -18.03880745649661321 ) ) ;
#1552 =( LENGTH_UNIT ( ) NAMED_UNIT ( * ) SI_UNIT ( .MILLI., .METRE. ) );
#1553 = AXIS2_PLACEMENT_3D ( 'NONE', #2785, #829, #2372 ) ;
#1554 = CARTESIAN_POINT ( 'NONE',  ( 14.57587077758708993, 0.2960515036692356050, -8.055738529147237870 ) ) ;
#1555 = ORIENTED_EDGE ( 'NONE', *, *, #2302, .F. ) ;
#1556 = ORIENTED_EDGE ( 'NONE', *, *, #1271, .F. ) ;
#1557 = CARTESIAN_POINT ( 'NONE',  ( -0.7204338266011854897, 0.07846849105634233490, 16.95037923147009806 ) ) ;
#1558 = DIRECTION ( 'NONE',  ( 0.000000000000000000, 0.000000000000000000, 1.000000000000000000 ) ) ;
#1559 = CIRCLE ( 'NONE', #1430, 0.1999999999999995393 ) ;
#1560 = ORIENTED_EDGE ( 'NONE', *, *, #2329, .T. ) ;
#1561 = EDGE_LOOP ( 'NONE', ( #526, #362 ) ) ;
#1562 = EDGE_CURVE ( 'NONE', #2271, #754, #660, .T. ) ;
#1563 = DIRECTION ( 'NONE',  ( 0.000000000000000000, 1.000000000000000000, 0.000000000000000000 ) ) ;
#1564 = CARTESIAN_POINT ( 'NONE',  ( -2.142296421122137935E-12, 2.341640786499874949, 19.00000000000000355 ) ) ;
#1565 = CARTESIAN_POINT ( 'NONE',  ( -16.34619846873882310, 3.000000000000000000, -7.536696598683051640 ) ) ;
#1566 = CARTESIAN_POINT ( 'NONE',  ( -1.320864262447721149, 2.988369408955366069, -18.23255903097103925 ) ) ;
#1567 = B_SPLINE_CURVE_WITH_KNOTS ( 'NONE', 3,
 ( #251, #2595, #1092, #26 ),
 .UNSPECIFIED., .F., .F.,
 ( 4, 4 ),
 ( 0.000000000000000000, 0.0003160084365220198121 ),
 .UNSPECIFIED. ) ;
#1568 = CARTESIAN_POINT ( 'NONE',  ( -15.15544456622722080, 0.04550266720508575058, 7.849999999999131894 ) ) ;
#1569 = CARTESIAN_POINT ( 'NONE',  ( 16.48598796158800539, 2.788855722972961804, -9.445472501805381782 ) ) ;
#1570 = EDGE_CURVE ( 'NONE', #156, #2747, #800, .T. ) ;
#1571 = EDGE_LOOP ( 'NONE', ( #1420, #715, #1635, #1124, #1975 ) ) ;
#1572 = CARTESIAN_POINT ( 'NONE',  ( -0.7903166905157092970, 2.516446444577441710, 18.78505776624423973 ) ) ;
#1573 = ORIENTED_EDGE ( 'NONE', *, *, #1235, .T. ) ;
#1574 = CARTESIAN_POINT ( 'NONE',  ( 0.000000000000000000, 2.600000000000000089, 0.000000000000000000 ) ) ;
#1575 = CARTESIAN_POINT ( 'NONE',  ( 1.316911337702120655, 2.875701266815335444, 18.66872419195294341 ) ) ;
#1576 = VERTEX_POINT ( 'NONE', #391 ) ;
#1577 = ORIENTED_EDGE ( 'NONE', *, *, #1117, .F. ) ;
#1578 = CARTESIAN_POINT ( 'NONE',  ( -15.15544456622719061, 10.50000000000000000, 7.849999999999131894 ) ) ;
#1579 = CARTESIAN_POINT ( 'NONE',  ( 15.15544456622916591, 1.799999999999999600, -7.849999999999142553 ) ) ;
#1580 = CARTESIAN_POINT ( 'NONE',  ( -16.42581454073800984, 2.772721794525412342, -7.935437122538864685 ) ) ;
#1581 = CARTESIAN_POINT ( 'NONE',  ( -0.4735388612693835486, 2.546584045754039405, -19.26310581113594012 ) ) ;
#1582 = EDGE_CURVE ( 'NONE', #788, #2112, #751, .T. ) ;
#1583 = DIRECTION ( 'NONE',  ( -0.000000000000000000, -1.000000000000000000, -0.000000000000000000 ) ) ;
#1584 = CARTESIAN_POINT ( 'NONE',  ( 16.15258347788615012, 2.802604372277965439, -9.877181929735424859 ) ) ;
#1585 = VERTEX_POINT ( 'NONE', #855 ) ;
#1586 = CARTESIAN_POINT ( 'NONE',  ( -1.338882174501683675, 2.771956729552929044, 18.19587603451062918 ) ) ;
#1587 = ORIENTED_EDGE ( 'NONE', *, *, #1033, .F. ) ;
#1588 = DIRECTION ( 'NONE',  ( 0.000000000000000000, 1.000000000000000000, 0.000000000000000000 ) ) ;
#1589 = CARTESIAN_POINT ( 'NONE',  ( 14.26025578818764927, 0.2858766767572473166, 8.621454857046584763 ) ) ;
#1590 = CIRCLE ( 'NONE', #1681, 1.499999999999997780 ) ;
#1591 = ORIENTED_EDGE ( 'NONE', *, *, #253, .T. ) ;
#1592 = LINE ( 'NONE', #2695, #1288 ) ;
#1593 = DIRECTION ( 'NONE',  ( -0.000000000000000000, 1.000000000000000000, -0.000000000000000000 ) ) ;
#1594 = CARTESIAN_POINT ( 'NONE',  ( -0.6456626930158960720, 2.462068582714027620, -18.85633043033841005 ) ) ;
#1595 = CARTESIAN_POINT ( 'NONE',  ( -14.57587077758485350, 0.2960515036711165449, 8.055738529147443927 ) ) ;
#1596 = FACE_OUTER_BOUND ( 'NONE', #1447, .T. ) ;
#1597 = CIRCLE ( 'NONE', #393, 1.500000000000001332 ) ;
#1598 = B_SPLINE_CURVE_WITH_KNOTS ( 'NONE', 3,
 ( #2181, #2649, #39, #700 ),
 .UNSPECIFIED., .F., .F.,
 ( 4, 4 ),
 ( 0.002299354282517639039, 0.002614637825373777088 ),
 .UNSPECIFIED. ) ;
#1599 = ORIENTED_EDGE ( 'NONE', *, *, #2501, .T. ) ;
#1600 = CARTESIAN_POINT ( 'NONE',  ( -0.4137155823066597238, 2.391595032701416379, 18.94415483634498898 ) ) ;
#1601 = ADVANCED_FACE ( 'NONE', ( #832 ), #2691, .T. ) ;
#1602 = CARTESIAN_POINT ( 'NONE',  ( 15.15544456622869340, 3.000000000000000000, -8.749999999998248512 ) ) ;
#1603 = CARTESIAN_POINT ( 'NONE',  ( 15.15544456622663994, 1.800000000000000266, 10.25000000000178879 ) ) ;
#1604 = DIRECTION ( 'NONE',  ( -0.000000000000000000, -1.000000000000000000, -0.000000000000000000 ) ) ;
#1605 = AXIS2_PLACEMENT_3D ( 'NONE', #91, #44, #897 ) ;
#1606 = ORIENTED_EDGE ( 'NONE', *, *, #1905, .T. ) ;
#1607 = CARTESIAN_POINT ( 'NONE',  ( 15.15544456622663994, 1.800000000000000266, 7.250000000001787015 ) ) ;
#1608 = DIRECTION ( 'NONE',  ( 0.000000000000000000, -1.000000000000000000, 0.000000000000000000 ) ) ;
#1609 = CARTESIAN_POINT ( 'NONE',  ( 0.9009026108531970056, 2.684940482415397067, -19.06482662624700097 ) ) ;
#1610 = CARTESIAN_POINT ( 'NONE',  ( 1.983090264432757922E-12, 1.800000000000000266, -17.50000000000000000 ) ) ;
#1611 = FACE_BOUND ( 'NONE', #1347, .T. ) ;
#1612 = CARTESIAN_POINT ( 'NONE',  ( 16.64180833007312543, 2.895186646248947060, -8.479206377668683459 ) ) ;
#1613 = ORIENTED_EDGE ( 'NONE', *, *, #793, .F. ) ;
#1614 = CARTESIAN_POINT ( 'NONE',  ( -1.452466340557758473, 2.799999999999999822, 17.87462184873933069 ) ) ;
#1615 = EDGE_CURVE ( 'NONE', #690, #2772, #1970, .T. ) ;
#1616 = TOROIDAL_SURFACE ( 'NONE', #1980, 17.36602540378444104, 1.000000000000000000 ) ;
#1617 = EDGE_CURVE ( 'NONE', #1167, #1585, #192, .T. ) ;
#1618 = FACE_OUTER_BOUND ( 'NONE', #746, .T. ) ;
#1619 = CARTESIAN_POINT ( 'NONE',  ( -15.15544456622619052, 0.04550266720512196467, -7.850000000000864731 ) ) ;
#1620 = EDGE_CURVE ( 'NONE', #240, #1733, #2380, .T. ) ;
#1621 = VERTEX_POINT ( 'NONE', #1141 ) ;
#1622 = CARTESIAN_POINT ( 'NONE',  ( 15.15544456622817293, 1.799999999999999600, 9.650000000000865441 ) ) ;
#1623 = CARTESIAN_POINT ( 'NONE',  ( -0.1704386277772087233, 2.348520042078009684, -18.99266063617088562 ) ) ;
#1624 = CARTESIAN_POINT ( 'NONE',  ( 0.4137155823064890825, 2.391595032701661960, -18.94415483634500319 ) ) ;
#1625 = CARTESIAN_POINT ( 'NONE',  ( -0.9952088797486456917, 2.726320093793974664, 18.98615822784410412 ) ) ;
#1626 = FACE_OUTER_BOUND ( 'NONE', #2596, .T. ) ;
#1627 = DIRECTION ( 'NONE',  ( -0.000000000000000000, -1.000000000000000000, -0.000000000000000000 ) ) ;
#1628 = CARTESIAN_POINT ( 'NONE',  ( -16.51504724719796613, 2.344907709451012234, 9.388163414617897828 ) ) ;
#1629 = ORIENTED_EDGE ( 'NONE', *, *, #778, .T. ) ;
#1630 = CARTESIAN_POINT ( 'NONE',  ( -0.08319124685568919653, 2.341603693873964609, 19.00004014578016864 ) ) ;
#1631 = ADVANCED_FACE ( 'NONE', ( #2405 ), #1338, .F. ) ;
#1632 = CARTESIAN_POINT ( 'NONE',  ( 1.806354028742346196E-15, 2.999999999999999112, 14.75000000000000178 ) ) ;
#1633 = AXIS2_PLACEMENT_3D ( 'NONE', #1280, #2144, #1506 ) ;
#1634 = VECTOR ( 'NONE', #130, 1000.000000000000000 ) ;
#1635 = ORIENTED_EDGE ( 'NONE', *, *, #1842, .T. ) ;
#1636 = PLANE ( 'NONE',  #1060 ) ;
#1637 = CARTESIAN_POINT ( 'NONE',  ( 15.15544456622817293, 1.799999999999999600, 7.850000000000866507 ) ) ;
#1638 = CARTESIAN_POINT ( 'NONE',  ( 0.3306672403426047513, 2.791672380190828751, -18.96753030453291800 ) ) ;
#1639 = B_SPLINE_CURVE_WITH_KNOTS ( 'NONE', 3,
 ( #356, #1256, #172, #149, #2750, #2282, #1902, #1442, #1205, #1654 ),
 .UNSPECIFIED., .F., .F.,
 ( 4, 2, 2, 2, 4 ),
 ( 0.000000000000000000, 0.0005104067411740735366, 0.001020813482348147073, 0.001531220223522220284, 0.002041626964696293713 ),
 .UNSPECIFIED. ) ;
#1640 = CARTESIAN_POINT ( 'NONE',  ( 15.85762226085785720, 2.521035023123001650, 10.08352778423950191 ) ) ;
#1641 = DIRECTION ( 'NONE',  ( 0.000000000000000000, 0.000000000000000000, 1.000000000000000000 ) ) ;
#1642 = CARTESIAN_POINT ( 'NONE',  ( -14.57668585208414314, 0.000000000000000000, -9.439230259641751886 ) ) ;
#1643 = CARTESIAN_POINT ( 'NONE',  ( -16.10142361617050000, 2.425208995406287649, 9.923128124202889921 ) ) ;
#1644 = ORIENTED_EDGE ( 'NONE', *, *, #1095, .F. ) ;
#1645 = DIRECTION ( 'NONE',  ( 0.000000000000000000, 1.000000000000000000, 0.000000000000000000 ) ) ;
#1646 = AXIS2_PLACEMENT_3D ( 'NONE', #744, #1588, #758 ) ;
#1647 = DIRECTION ( 'NONE',  ( 0.000000000000000000, 0.000000000000000000, 1.000000000000000000 ) ) ;
#1648 = ORIENTED_EDGE ( 'NONE', *, *, #414, .F. ) ;
#1649 = CARTESIAN_POINT ( 'NONE',  ( -16.28212555955412100, 2.601496205604377554, -10.17309192432188247 ) ) ;
#1650 = FACE_OUTER_BOUND ( 'NONE', #645, .T. ) ;
#1651 = CIRCLE ( 'NONE', #1247, 1.500000000000001332 ) ;
#1652 = CARTESIAN_POINT ( 'NONE',  ( -0.6700805846611246341, 2.601818638828766961, 19.18681565769416153 ) ) ;
#1653 = CARTESIAN_POINT ( 'NONE',  ( 16.67041483826224280, 2.949337904941009114, -7.917455756894977270 ) ) ;
#1654 = CARTESIAN_POINT ( 'NONE',  ( 2.019973393585796232E-12, 2.341640786499874949, -19.00000000000000355 ) ) ;
#1655 = CARTESIAN_POINT ( 'NONE',  ( -0.8862702709748744301, 0.000000000000000000, -17.34339538071114362 ) ) ;
#1656 = CARTESIAN_POINT ( 'NONE',  ( 16.20610977432746935, 2.799999999999999822, -7.679438175304897918 ) ) ;
#1657 = ORIENTED_EDGE ( 'NONE', *, *, #2615, .T. ) ;
#1658 = FACE_OUTER_BOUND ( 'NONE', #482, .T. ) ;
#1659 = EDGE_CURVE ( 'NONE', #1336, #937, #2602, .T. ) ;
#1660 = AXIS2_PLACEMENT_3D ( 'NONE', #150, #163, #820 ) ;
#1661 = CIRCLE ( 'NONE', #2070, 1.500000000000001332 ) ;
#1662 = ORIENTED_EDGE ( 'NONE', *, *, #686, .T. ) ;
#1663 = CARTESIAN_POINT ( 'NONE',  ( -14.75364343377221843, 2.799999999999999822, 10.19518367343091647 ) ) ;
#1664 = FACE_OUTER_BOUND ( 'NONE', #1728, .T. ) ;
#1665 = ORIENTED_EDGE ( 'NONE', *, *, #1287, .F. ) ;
#1666 = CARTESIAN_POINT ( 'NONE',  ( -0.1992061111267090234, 2.490711984999621098, 19.33333333333359860 ) ) ;
#1667 = CARTESIAN_POINT ( 'NONE',  ( 16.63303240684318141, 2.499097134316192292, -9.837305894048849808 ) ) ;
#1668 = CARTESIAN_POINT ( 'NONE',  ( -15.48330588825709242, 2.882942067383044371, 10.47736374264702341 ) ) ;
#1669 = CARTESIAN_POINT ( 'NONE',  ( -0.4105373363205661041, 0.2545767886519799683, -16.69253965870878886 ) ) ;
#1670 = CARTESIAN_POINT ( 'NONE',  ( 16.50144808053501677, 2.999999999999999556, -7.679571904539107763 ) ) ;
#1671 = EDGE_CURVE ( 'NONE', #29, #580, #929, .T. ) ;
#1672 = CARTESIAN_POINT ( 'NONE',  ( 16.65960536529088998, 2.834548508290149371, 8.809577430132041087 ) ) ;
#1673 = CIRCLE ( 'NONE', #1305, 0.8999999999999998002 ) ;
#1674 = VERTEX_POINT ( 'NONE', #1110 ) ;
#1675 = DIRECTION ( 'NONE',  ( 0.000000000000000000, 0.000000000000000000, 1.000000000000000000 ) ) ;
#1676 = CIRCLE ( 'NONE', #2624, 0.8999999999999998002 ) ;
#1677 = ORIENTED_EDGE ( 'NONE', *, *, #714, .T. ) ;
#1678 = DIRECTION ( 'NONE',  ( -1.000000000000000000, 0.000000000000000000, 0.000000000000000000 ) ) ;
#1679 = CARTESIAN_POINT ( 'NONE',  ( -15.15544456622658309, 2.799999999999999822, -7.050000000001895195 ) ) ;
#1680 = CARTESIAN_POINT ( 'NONE',  ( 0.1105655892165187532, 0.3571897008005090468, 16.60000000000001208 ) ) ;
#1681 = AXIS2_PLACEMENT_3D ( 'NONE', #344, #2535, #1233 ) ;
#1682 = CARTESIAN_POINT ( 'NONE',  ( -16.94374260657446030, 2.717128330482497134, -8.658051926656712638 ) ) ;
#1683 = CARTESIAN_POINT ( 'NONE',  ( -15.49128249143318214, 2.933108794771201566, 10.22569831647704675 ) ) ;
#1684 = CARTESIAN_POINT ( 'NONE',  ( 0.000000000000000000, 1.000000000000000000, 0.000000000000000000 ) ) ;
#1685 = CARTESIAN_POINT ( 'NONE',  ( 0.000000000000000000, 1.000000000000000000, 18.00000000000000355 ) ) ;
#1686 = EDGE_CURVE ( 'NONE', #2226, #2703, #79, .T. ) ;
#1687 = AXIS2_PLACEMENT_3D ( 'NONE', #411, #2565, #2356 ) ;
#1688 = CIRCLE ( 'NONE', #2056, 1.500000000000001332 ) ;
#1689 = EDGE_LOOP ( 'NONE', ( #2420, #2609, #1988, #235 ) ) ;
#1690 = CARTESIAN_POINT ( 'NONE',  ( 0.000000000000000000, 3.000000000000000000, 0.000000000000000000 ) ) ;
#1691 = ORIENTED_EDGE ( 'NONE', *, *, #2538, .F. ) ;
#1692 = CARTESIAN_POINT ( 'NONE',  ( 16.95099609610442215, 2.694159953568095123, 8.724774488660541394 ) ) ;
#1693 = CARTESIAN_POINT ( 'NONE',  ( 16.88391403385867662, 2.821807842104762099, -8.351756242149917853 ) ) ;
#1694 = CARTESIAN_POINT ( 'NONE',  ( -16.84221206591187325, 2.490546274112892089, 9.495502818681277546 ) ) ;
#1695 = CARTESIAN_POINT ( 'NONE',  ( -14.70006994944211165, 3.000000000000000000, -10.38787482989226163 ) ) ;
#1696 = CARTESIAN_POINT ( 'NONE',  ( -16.21961276103471761, 2.624520642716431595, 10.21455178132326580 ) ) ;
#1697 = B_SPLINE_CURVE_WITH_KNOTS ( 'NONE', 3,
 ( #140, #124, #783, #561, #2741, #1193, #550, #1846, #2082, #1628, #2491, #1419, #993, #2717, #1643, #574, #2300, #151, #1916, #2603 ),
 .UNSPECIFIED., .F., .F.,
 ( 4, 2, 2, 2, 2, 2, 2, 2, 2, 4 ),
 ( 0.000000000000000000, 0.0004591683068028761601, 0.0009183366136057523202, 0.001377504920408628535, 0.001836673227211504640, 0.002066257380612942802, 0.002295841534014380746, 0.002755009840817250564, 0.003214178147620119948, 0.003673346454422989765 ),
 .UNSPECIFIED. ) ;
#1698 = CARTESIAN_POINT ( 'NONE',  ( 0.000000000000000000, 3.000000000000000000, 0.000000000000000000 ) ) ;
#1699 = EDGE_CURVE ( 'NONE', #754, #994, #2646, .T. ) ;
#1700 = EDGE_CURVE ( 'NONE', #2580, #1769, #1785, .T. ) ;
#1701 = ORIENTED_EDGE ( 'NONE', *, *, #1768, .T. ) ;
#1702 = EDGE_CURVE ( 'NONE', #862, #1911, #1774, .T. ) ;
#1703 = AXIS2_PLACEMENT_3D ( 'NONE', #518, #710, #933 ) ;
#1704 = ORIENTED_EDGE ( 'NONE', *, *, #2504, .F. ) ;
#1705 = ORIENTED_EDGE ( 'NONE', *, *, #2280, .F. ) ;
#1706 = CARTESIAN_POINT ( 'NONE',  ( -15.15544456622619052, 1.799999999999999600, -8.750000000000865086 ) ) ;
#1707 = CARTESIAN_POINT ( 'NONE',  ( 16.95121882127403978, 2.601496205604371337, -9.014188400020993086 ) ) ;
#1708 = CARTESIAN_POINT ( 'NONE',  ( -16.61402663714008909, 2.967829911744964466, 7.834503332287527044 ) ) ;
#1709 = CARTESIAN_POINT ( 'NONE',  ( -16.66091050328494205, 2.848865356154397510, -8.726330003778423716 ) ) ;
#1710 = CARTESIAN_POINT ( 'NONE',  ( -16.63826882486536718, 2.498321068153803726, 9.830088770754869643 ) ) ;
#1711 =( BOUNDED_SURFACE ( )  B_SPLINE_SURFACE ( 3, 2, ( 
 ( #2438, #2614, #2009 ),
 ( #1551, #2408, #2205 ),
 ( #723, #1566, #487 ),
 ( #48, #272, #1764 ),
 ( #1129, #2035, #1384 ),
 ( #2629, #517, #59 ),
 ( #2424, #680, #932 ),
 ( #1594, #2249, #502 ),
 ( #1368, #2668, #1351 ),
 ( #916, #2641, #1581 ),
 ( #709, #2022, #1537 ),
 ( #887, #2219, #93 ),
 ( #287, #946, #1797 ),
 ( #1811, #532, #735 ),
 ( #323, #1174, #473 ),
 ( #1326, #2191, #569 ),
 ( #1624, #1638, #1858 ),
 ( #2713, #749, #776 ),
 ( #337, #2683, #1609 ),
 ( #1188, #1202, #2474 ),
 ( #2064, #135, #973 ),
 ( #764, #2049, #2279 ),
 ( #989, #1399, #2503 ),
 ( #103, #958, #1825 ) ),
 .UNSPECIFIED., .F., .F., .T. ) 
 B_SPLINE_SURFACE_WITH_KNOTS ( ( 4, 2, 2, 2, 2, 2, 2, 2, 2, 2, 2, 4 ),
 ( 3, 3 ),
 ( 1.084202172485504434E-19, 0.0005703763139338201716, 0.001140752627867640343, 0.001425940784834550321, 0.001711128941801460515, 0.001996317098768370709, 0.002281505255735280686, 0.002566693412702190664, 0.002851881569669100641, 0.003422257883602921030, 0.003992634197536741418, 0.004563010511470561373 ),
 ( 0.000000000000000000, 1.000000000000000000 ),
 .UNSPECIFIED. ) 
 GEOMETRIC_REPRESENTATION_ITEM ( )  RATIONAL_B_SPLINE_SURFACE ( (
 ( 1.000000000000000000, 0.7071067811865475727, 1.000000000000000000),
 ( 1.000000000000000000, 0.6951570871116569128, 1.000000000000000000),
 ( 1.000000000000000000, 0.6727307808531231004, 1.000000000000000000),
 ( 1.000000000000000000, 0.6160173504136152722, 1.000000000000000000),
 ( 1.000000000000000000, 0.5821405974648927728, 1.000000000000000000),
 ( 1.000000000000000000, 0.5310013390971207725, 1.000000000000000000),
 ( 1.000000000000000000, 0.5140268755978639748, 1.000000000000000000),
 ( 1.000000000000000000, 0.4815985848990748663, 1.000000000000000000),
 ( 1.000000000000000000, 0.4660193880216774165, 1.000000000000000000),
 ( 1.000000000000000000, 0.4393352589919109485, 1.000000000000000000),
 ( 1.000000000000000000, 0.4281688281017331787, 1.000000000000000000),
 ( 1.000000000000000000, 0.4125462085626135922, 1.000000000000000000),
 ( 1.000000000000000000, 0.4082716763821234163, 1.000000000000000000),
 ( 1.000000000000000000, 0.4082251045490284391, 1.000000000000000000),
 ( 1.000000000000000000, 0.4123193861085548972, 1.000000000000000000),
 ( 1.000000000000000000, 0.4278924496687555035, 1.000000000000000000),
 ( 1.000000000000000000, 0.4391334546920874216, 1.000000000000000000),
 ( 1.000000000000000000, 0.4790710036583825104, 1.000000000000000000),
 ( 1.000000000000000000, 0.5138096317264033708, 1.000000000000000000),
 ( 1.000000000000000000, 0.5820563527525546288, 1.000000000000000000),
 ( 1.000000000000000000, 0.6159038434129788797, 1.000000000000000000),
 ( 1.000000000000000000, 0.6721865885289457498, 1.000000000000000000),
 ( 1.000000000000000000, 0.6952850087995035011, 1.000000000000000000),
 ( 1.000000000000000000, 0.7071067811865475727, 1.000000000000000000) ) ) 
 REPRESENTATION_ITEM ( '' )  SURFACE ( )  );
#1712 = DIRECTION ( 'NONE',  ( 1.224646799147353454E-16, 0.000000000000000000, -1.000000000000000000 ) ) ;
#1713 = EDGE_CURVE ( 'NONE', #2040, #1879, #706, .T. ) ;
#1714 = ORIENTED_EDGE ( 'NONE', *, *, #1209, .F. ) ;
#1715 =( LENGTH_UNIT ( ) NAMED_UNIT ( * ) SI_UNIT ( .MILLI., .METRE. ) );
#1716 = CARTESIAN_POINT ( 'NONE',  ( -15.72707391902489604, 2.574701414916193976, -10.14440518120488477 ) ) ;
#1717 = VERTEX_POINT ( 'NONE', #1365 ) ;
#1718 = ORIENTED_EDGE ( 'NONE', *, *, #2165, .F. ) ;
#1719 = CARTESIAN_POINT ( 'NONE',  ( 16.94005734575756250, 2.726415546063582163, 8.630924383418665968 ) ) ;
#1720 = CARTESIAN_POINT ( 'NONE',  ( 16.06017287164870666, 2.684940482415616003, 10.31261786045826234 ) ) ;
#1721 = PLANE ( 'NONE',  #2184 ) ;
#1722 = CARTESIAN_POINT ( 'NONE',  ( -16.19926155034718107, 2.391595032701538948, -9.830365622391637359 ) ) ;
#1723 = CARTESIAN_POINT ( 'NONE',  ( -16.49611306259764731, 2.341603693874128478, 9.427974339740572418 ) ) ;
#1724 = AXIS2_PLACEMENT_3D ( 'NONE', #403, #2761, #2105 ) ;
#1725 = AXIS2_PLACEMENT_3D ( 'NONE', #1526, #2150, #1511 ) ;
#1726 = CARTESIAN_POINT ( 'NONE',  ( -15.15544456622658309, 1.800000000000000266, -8.750000000001895373 ) ) ;
#1727 = VECTOR ( 'NONE', #31, 1000.000000000000000 ) ;
#1728 = EDGE_LOOP ( 'NONE', ( #1577, #1908, #212, #529, #1936 ) ) ;
#1729 = DIRECTION ( 'NONE',  ( -0.000000000000000000, -1.000000000000000000, -0.000000000000000000 ) ) ;
#1730 = CARTESIAN_POINT ( 'NONE',  ( 15.46295612306247236, 0.000000000000000000, -7.904165121069478772 ) ) ;
#1731 = VERTEX_POINT ( 'NONE', #242 ) ;
#1732 = AXIS2_PLACEMENT_3D ( 'NONE', #2386, #1744, #688 ) ;
#1733 = VERTEX_POINT ( 'NONE', #2421 ) ;
#1734 = CARTESIAN_POINT ( 'NONE',  ( -3.199057919425653193E-14, 2.490711984999860018, 19.33333333333333925 ) ) ;
#1735 = CARTESIAN_POINT ( 'NONE',  ( 16.26102947060511639, 2.791672380191043246, 9.770131382602428971 ) ) ;
#1736 = EDGE_CURVE ( 'NONE', #994, #1307, #2382, .T. ) ;
#1737 = DIRECTION ( 'NONE',  ( -0.000000000000000000, 1.000000000000000000, -0.000000000000000000 ) ) ;
#1738 = CARTESIAN_POINT ( 'NONE',  ( -15.50957690759081764, 2.875460743298226429, -10.47458483862955880 ) ) ;
#1739 = CARTESIAN_POINT ( 'NONE',  ( -16.51430775029872322, 2.788355583575931718, 9.390066836103368786 ) ) ;
#1740 = DIRECTION ( 'NONE',  ( 0.000000000000000000, 0.000000000000000000, 1.000000000000000000 ) ) ;
#1741 = AXIS2_PLACEMENT_3D ( 'NONE', #1965, #255, #2611 ) ;
#1742 = ORIENTED_EDGE ( 'NONE', *, *, #2280, .T. ) ;
#1743 = VERTEX_POINT ( 'NONE', #1734 ) ;
#1744 = DIRECTION ( 'NONE',  ( 0.000000000000000000, 1.000000000000000000, 0.000000000000000000 ) ) ;
#1745 = DIRECTION ( 'NONE',  ( 0.000000000000000000, 0.000000000000000000, 1.000000000000000000 ) ) ;
#1746 = ORIENTED_EDGE ( 'NONE', *, *, #1413, .F. ) ;
#1747 = ORIENTED_EDGE ( 'NONE', *, *, #125, .T. ) ;
#1748 = CARTESIAN_POINT ( 'NONE',  ( 1.102182119232618034E-16, 10.50000000000000000, 18.40000000000000213 ) ) ;
#1749 = CARTESIAN_POINT ( 'NONE',  ( 1.529453875908686200, 2.972415055219027824, 18.30780929147373470 ) ) ;
#1750 = DIRECTION ( 'NONE',  ( 0.000000000000000000, -0.000000000000000000, 1.000000000000000000 ) ) ;
#1751 = FACE_OUTER_BOUND ( 'NONE', #1157, .T. ) ;
#1752 = AXIS2_PLACEMENT_3D ( 'NONE', #76, #307, #1161 ) ;
#1753 = ADVANCED_FACE ( 'NONE', ( #2390, #1548 ), #1636, .F. ) ;
#1754 = CARTESIAN_POINT ( 'NONE',  ( 16.63826882486549152, 2.498321068153698477, -9.830088770754910499 ) ) ;
#1755 = VERTEX_POINT ( 'NONE', #376 ) ;
#1756 = DIRECTION ( 'NONE',  ( -0.000000000000000000, -1.000000000000000000, -0.000000000000000000 ) ) ;
#1757 = CARTESIAN_POINT ( 'NONE',  ( -2.105292111292268057E-12, 1.800000000000000266, 17.50000000000000000 ) ) ;
#1758 = TOROIDAL_SURFACE ( 'NONE', #592, 18.00000000000000355, 2.000000000000000000 ) ;
#1759 = ORIENTED_EDGE ( 'NONE', *, *, #2369, .T. ) ;
#1760 = ORIENTED_EDGE ( 'NONE', *, *, #2786, .F. ) ;
#1761 = CARTESIAN_POINT ( 'NONE',  ( 0.000000000000000000, 1.600000000000000089, -16.00000000000000000 ) ) ;
#1762 = CARTESIAN_POINT ( 'NONE',  ( 15.50957690759086560, 2.875460743298261956, 10.47458483862926748 ) ) ;
#1763 = FACE_BOUND ( 'NONE', #1848, .T. ) ;
#1764 = CARTESIAN_POINT ( 'NONE',  ( -1.316911337702273199, 2.875701266815328783, -18.66872419195295763 ) ) ;
#1765 = CARTESIAN_POINT ( 'NONE',  ( -16.42753197724956493, 2.771956729553011201, 7.938432041462766264 ) ) ;
#1766 = CIRCLE ( 'NONE', #643, 0.1999999999999996780 ) ;
#1767 = CARTESIAN_POINT ( 'NONE',  ( 15.50913373762538328, 2.875701266815278601, -10.47484076895849192 ) ) ;
#1768 = EDGE_CURVE ( 'NONE', #2665, #658, #566, .T. ) ;
#1769 = VERTEX_POINT ( 'NONE', #1001 ) ;
#1770 = DIRECTION ( 'NONE',  ( 0.000000000000000000, 0.000000000000000000, 1.000000000000000000 ) ) ;
#1771 = DIRECTION ( 'NONE',  ( -0.7004434720658483382, 0.000000000000000000, -0.7137078831289024317 ) ) ;
#1772 = ORIENTED_EDGE ( 'NONE', *, *, #2708, .T. ) ;
#1773 = ORIENTED_EDGE ( 'NONE', *, *, #291, .F. ) ;
#1774 = LINE ( 'NONE', #1761, #2291 ) ;
#1775 = CARTESIAN_POINT ( 'NONE',  ( 15.70200593923286725, 2.812714726853014824, 10.43979172039193948 ) ) ;
#1776 = EDGE_CURVE ( 'NONE', #1808, #15, #1428, .T. ) ;
#1777 = FACE_OUTER_BOUND ( 'NONE', #390, .T. ) ;
#1778 = DIRECTION ( 'NONE',  ( 0.000000000000000000, 0.000000000000000000, 1.000000000000000000 ) ) ;
#1779 = CIRCLE ( 'NONE', #1646, 16.00000000000000000 ) ;
#1780 = PRODUCT ( 'case back mk4-6-clear', 'case back mk4-6-clear', '', ( #917 ) ) ;
#1781 = CARTESIAN_POINT ( 'NONE',  ( -14.34160239325355235, 0.3600449315891234292, 8.354204400870752778 ) ) ;
#1782 = CARTESIAN_POINT ( 'NONE',  ( 16.49611306259761889, 2.341603693873854475, -9.427974339740634591 ) ) ;
#1783 = APPLICATION_CONTEXT ( 'automotive_design' ) ;
#1784 = VERTEX_POINT ( 'NONE', #2711 ) ;
#1785 = CIRCLE ( 'NONE', #1605, 1.700000000000001066 ) ;
#1786 = EDGE_CURVE ( 'NONE', #1769, #2226, #2732, .T. ) ;
#1787 = ORIENTED_EDGE ( 'NONE', *, *, #447, .T. ) ;
#1788 = DIRECTION ( 'NONE',  ( -0.000000000000000000, 1.000000000000000000, -0.000000000000000000 ) ) ;
#1789 = CARTESIAN_POINT ( 'NONE',  ( 1.340617132116397103, 2.772721794525495831, 18.19289123140029218 ) ) ;
#1790 = AXIS2_PLACEMENT_3D ( 'NONE', #2636, #281, #718 ) ;
#1791 = EDGE_CURVE ( 'NONE', #2397, #241, #2137, .T. ) ;
#1792 = EDGE_LOOP ( 'NONE', ( #1316, #853, #1356, #892 ) ) ;
#1793 = EDGE_LOOP ( 'NONE', ( #2032, #1962 ) ) ;
#1794 = CARTESIAN_POINT ( 'NONE',  ( -14.32779057901274022, 0.05846855033993268030, -9.145921810625369019 ) ) ;
#1795 = DIRECTION ( 'NONE',  ( -0.7137078831287327896, 0.000000000000000000, -0.7004434720660213110 ) ) ;
#1796 = DIRECTION ( 'NONE',  ( 0.000000000000000000, 1.000000000000000000, 0.000000000000000000 ) ) ;
#1797 = CARTESIAN_POINT ( 'NONE',  ( -0.09658317197140441068, 2.490753554592226138, -19.33328276561853443 ) ) ;
#1798 = CIRCLE ( 'NONE', #2742, 0.9000000000000014655 ) ;
#1799 = DIRECTION ( 'NONE',  ( 0.000000000000000000, 0.000000000000000000, 1.000000000000000000 ) ) ;
#1800 = CARTESIAN_POINT ( 'NONE',  ( 14.38991049858669946, 0.3622422952094453419, -8.267353073095668137 ) ) ;
#1801 = ORIENTED_EDGE ( 'NONE', *, *, #239, .T. ) ;
#1802 = EDGE_CURVE ( 'NONE', #882, #1808, #208, .T. ) ;
#1803 = CARTESIAN_POINT ( 'NONE',  ( -0.3330598827583626242, 2.373292553270922589, 18.96498643149708485 ) ) ;
#1804 = VERTEX_POINT ( 'NONE', #116 ) ;
#1805 = DIRECTION ( 'NONE',  ( 0.000000000000000000, 1.000000000000000000, 0.000000000000000000 ) ) ;
#1806 = CARTESIAN_POINT ( 'NONE',  ( 15.15544456622817293, 0.04550266720457175895, 7.850000000000866507 ) ) ;
#1807 = AXIS2_PLACEMENT_3D ( 'NONE', #738, #342, #94 ) ;
#1808 = VERTEX_POINT ( 'NONE', #789 ) ;
#1809 = DIRECTION ( 'NONE',  ( -0.000000000000000000, -1.000000000000000000, -0.000000000000000000 ) ) ;
#1810 = DIRECTION ( 'NONE',  ( 0.000000000000000000, 0.000000000000000000, 1.000000000000000000 ) ) ;
#1811 = CARTESIAN_POINT ( 'NONE',  ( 0.08319124685555356891, 2.341603693873964609, -19.00004014578017220 ) ) ;
#1812 = EDGE_CURVE ( 'NONE', #2334, #2769, #971, .T. ) ;
#1813 = DIRECTION ( 'NONE',  ( -0.000000000000000000, 1.000000000000000000, -0.000000000000000000 ) ) ;
#1814 = CARTESIAN_POINT ( 'NONE',  ( 15.10753889055399668, 2.969690898158477754, -10.48056665569467683 ) ) ;
#1815 = EDGE_LOOP ( 'NONE', ( #2568, #2662, #554, #1958, #1747, #2001, #980, #828, #1662, #2744, #2142, #2005, #1483, #854, #1948 ) ) ;
#1816 = CIRCLE ( 'NONE', #1866, 18.00000000000000355 ) ;
#1817 = CARTESIAN_POINT ( 'NONE',  ( -0.4719999345944814739, 2.546216698564848446, 19.26358793998990748 ) ) ;
#1818 = CARTESIAN_POINT ( 'NONE',  ( 0.000000000000000000, 1.500000000000000000, -15.00000000000000000 ) ) ;
#1819 = DIRECTION ( 'NONE',  ( 0.000000000000000000, -1.000000000000000000, 0.000000000000000000 ) ) ;
#1820 = CARTESIAN_POINT ( 'NONE',  ( 15.06278758638045190, 0.07120842274074876133, 7.850000000000870060 ) ) ;
#1821 = CIRCLE ( 'NONE', #736, 0.1999999999999999556 ) ;
#1822 = ORIENTED_EDGE ( 'NONE', *, *, #1475, .T. ) ;
#1823 = CARTESIAN_POINT ( 'NONE',  ( -16.34619846873882310, 3.000000000000000000, -7.536696598683051640 ) ) ;
#1824 = DIRECTION ( 'NONE',  ( -0.000000000000000000, -1.000000000000000000, -0.000000000000000000 ) ) ;
#1825 = CARTESIAN_POINT ( 'NONE',  ( 1.646128519298387660, 3.000000000000000000, -17.92457142857124808 ) ) ;
#1826 = EDGE_CURVE ( 'NONE', #1804, #55, #1469, .T. ) ;
#1827 = CARTESIAN_POINT ( 'NONE',  ( 15.44872177954025005, 2.674987530408525327, 10.22821324662670861 ) ) ;
#1828 = CARTESIAN_POINT ( 'NONE',  ( -14.27698196317063228, 0.3202304533162588784, 8.532521969313396681 ) ) ;
#1829 = VECTOR ( 'NONE', #1303, 1000.000000000000000 ) ;
#1830 = CARTESIAN_POINT ( 'NONE',  ( 1.983273961452629962E-12, 1.800000000000000266, -19.00000000000000355 ) ) ;
#1831 = CIRCLE ( 'NONE', #611, 0.8999999999999980238 ) ;
#1832 = EDGE_CURVE ( 'NONE', #907, #2334, #398, .T. ) ;
#1833 = EDGE_LOOP ( 'NONE', ( #955, #1053, #1599, #950, #713 ) ) ;
#1834 = CARTESIAN_POINT ( 'NONE',  ( 0.7362549503801840700, 2.624520642716426710, 19.15387258126396119 ) ) ;
#1835 = CARTESIAN_POINT ( 'NONE',  ( 0.4163615874222586499, 2.392246418679733644, 18.94339313951235226 ) ) ;
#1836 = CARTESIAN_POINT ( 'NONE',  ( 14.57668585208484302, 0.000000000000000000, 9.439230259640675413 ) ) ;
#1837 = AXIS2_PLACEMENT_3D ( 'NONE', #1706, #2131, #2158 ) ;
#1838 = ORIENTED_EDGE ( 'NONE', *, *, #902, .F. ) ;
#1839 = DIRECTION ( 'NONE',  ( -0.000000000000000000, -1.000000000000000000, -0.000000000000000000 ) ) ;
#1840 = CARTESIAN_POINT ( 'NONE',  ( -2.105292111292268057E-12, 1.800000000000000266, 19.00000000000000355 ) ) ;
#1841 = DIRECTION ( 'NONE',  ( 0.000000000000000000, 0.000000000000000000, -1.000000000000000000 ) ) ;
#1842 = EDGE_CURVE ( 'NONE', #1733, #96, #1592, .T. ) ;
#1843 = DIRECTION ( 'NONE',  ( 0.000000000000000000, 0.000000000000000000, 1.000000000000000000 ) ) ;
#1844 = DIRECTION ( 'NONE',  ( 0.000000000000000000, 1.000000000000000000, 0.000000000000000000 ) ) ;
#1845 = DIRECTION ( 'NONE',  ( 0.9634557822884536327, -0.000000000000000000, 0.2678674216379137718 ) ) ;
#1846 = CARTESIAN_POINT ( 'NONE',  ( -16.63618656601301282, 2.411117483122431349, 9.031057920655035431 ) ) ;
#1847 = B_SPLINE_CURVE_WITH_KNOTS ( 'NONE', 3,
 ( #549, #2751, #1903, #1669, #357, #1456, #573, #2534, #2477, #1655 ),
 .UNSPECIFIED., .F., .F.,
 ( 4, 2, 2, 2, 4 ),
 ( 0.001306882272643726268, 0.001633821160826825960, 0.001960760049009925652, 0.002287698937193025344, 0.002614637825376125036 ),
 .UNSPECIFIED. ) ;
#1848 = EDGE_LOOP ( 'NONE', ( #729, #624 ) ) ;
#1849 = AXIS2_PLACEMENT_3D ( 'NONE', #2686, #753, #979 ) ;
#1850 = CARTESIAN_POINT ( 'NONE',  ( -0.9776960380447973220, 2.895186646248545603, 18.65183196758968620 ) ) ;
#1851 = CARTESIAN_POINT ( 'NONE',  ( 1.836970198721029589E-15, 1.600000000000000089, 15.00000000000000000 ) ) ;
#1852 = VECTOR ( 'NONE', #1341, 1000.000000000000000 ) ;
#1853 = CARTESIAN_POINT ( 'NONE',  ( -2.142296421122137935E-12, 2.341640786499874949, 19.00000000000000355 ) ) ;
#1854 = DIRECTION ( 'NONE',  ( 0.000000000000000000, 0.000000000000000000, -1.000000000000000000 ) ) ;
#1855 = ORIENTED_EDGE ( 'NONE', *, *, #2483, .F. ) ;
#1856 = CARTESIAN_POINT ( 'NONE',  ( -16.95099609610436175, 2.694159953568094235, -8.724774488660658633 ) ) ;
#1857 = CARTESIAN_POINT ( 'NONE',  ( -1.044530868869070206, 2.631112187551575055, 18.58840112896782060 ) ) ;
#1858 = CARTESIAN_POINT ( 'NONE',  ( 0.4719999345942902935, 2.546216698564940373, -19.26358793998979024 ) ) ;
#1859 = CARTESIAN_POINT ( 'NONE',  ( 16.59689216849841031, 2.659300151229579523, 8.310254005872458549 ) ) ;
#1860 = CARTESIAN_POINT ( 'NONE',  ( -16.95121882127409307, 2.601496205604376222, 9.014188400020877623 ) ) ;
#1861 = DIRECTION ( 'NONE',  ( 0.000000000000000000, 0.000000000000000000, 1.000000000000000000 ) ) ;
#1862 = CARTESIAN_POINT ( 'NONE',  ( -15.15544456622658309, 1.800000000000000266, -8.750000000001895373 ) ) ;
#1863 = VERTEX_POINT ( 'NONE', #1622 ) ;
#1864 = CARTESIAN_POINT ( 'NONE',  ( 0.09658317197126636833, 2.490753554592216812, 19.33328276561854508 ) ) ;
#1865 = DIRECTION ( 'NONE',  ( 0.000000000000000000, -1.000000000000000000, 0.000000000000000000 ) ) ;
#1866 = AXIS2_PLACEMENT_3D ( 'NONE', #2278, #117, #1383 ) ;
#1867 = EDGE_CURVE ( 'NONE', #29, #1171, #258, .T. ) ;
#1868 = AXIS2_PLACEMENT_3D ( 'NONE', #1726, #877, #1740 ) ;
#1869 = ORIENTED_EDGE ( 'NONE', *, *, #36, .T. ) ;
#1870 = CARTESIAN_POINT ( 'NONE',  ( -14.79686519486542373, 3.000000000000000000, -10.41816562359242049 ) ) ;
#1871 = FACE_BOUND ( 'NONE', #1793, .T. ) ;
#1872 = EDGE_CURVE ( 'NONE', #1275, #2556, #1651, .T. ) ;
#1873 = CARTESIAN_POINT ( 'NONE',  ( 1.983200482644680984E-12, 1.799999999999999600, -16.60000000000000142 ) ) ;
#1874 = LINE ( 'NONE', #1913, #1047 ) ;
#1875 = CARTESIAN_POINT ( 'NONE',  ( -15.46295612306216860, 0.000000000000000000, 7.904165121070077404 ) ) ;
#1876 = DIRECTION ( 'NONE',  ( 0.000000000000000000, 0.000000000000000000, 1.000000000000000000 ) ) ;
#1877 = CARTESIAN_POINT ( 'NONE',  ( 16.60123009057153709, 2.932981985112589118, -8.303352816126308156 ) ) ;
#1878 = AXIS2_PLACEMENT_3D ( 'NONE', #942, #1362, #2664 ) ;
#1879 = VERTEX_POINT ( 'NONE', #191 ) ;
#1880 = CARTESIAN_POINT ( 'NONE',  ( 16.62006156841841431, 2.631583668497256667, 8.388302542461996580 ) ) ;
#1881 = TOROIDAL_SURFACE ( 'NONE', #656, 1.700000000000000622, 0.2000000000000000111 ) ;
#1882 = B_SPLINE_CURVE_WITH_KNOTS ( 'NONE', 3,
 ( #183, #1230, #2763, #1668, #834, #1454, #380, #2520, #2324, #394, #991, #1244, #2107, #1694, #2559, #1860, #444, #257, #2571, #1282, #47, #228, #1708, #2146, #639, #215 ),
 .UNSPECIFIED., .F., .F.,
 ( 4, 2, 2, 2, 2, 2, 2, 2, 2, 2, 2, 2, 4 ),
 ( 0.000000000000000000, 0.0005979573827311944825, 0.001195914765462388965, 0.001494893456827985339, 0.001793872148193581930, 0.002092850839559178087, 0.002391829530924774894, 0.002989786913655968076, 0.003288765605021564450, 0.003587744296387160824, 0.004185701679118352704, 0.004484680370483951246, 0.004783659061849549789 ),
 .UNSPECIFIED. ) ;
#1883 = ORIENTED_EDGE ( 'NONE', *, *, #2689, .T. ) ;
#1884 = LINE ( 'NONE', #1038, #2591 ) ;
#1885 = PLANE ( 'NONE',  #2756 ) ;
#1886 = ADVANCED_FACE ( 'NONE', ( #1239 ), #1025, .F. ) ;
#1887 = STYLED_ITEM ( 'NONE', ( #2140 ), #1894 ) ;
#1888 = CARTESIAN_POINT ( 'NONE',  ( 15.30539854586363546, 2.720283315514069322, 10.25000000000182609 ) ) ;
#1889 = CARTESIAN_POINT ( 'NONE',  ( 15.46295612306157530, 0.000000000000000000, 7.904165121071239142 ) ) ;
#1890 = PLANE ( 'NONE',  #330 ) ;
#1891 = DIRECTION ( 'NONE',  ( 0.000000000000000000, 1.000000000000000000, 0.000000000000000000 ) ) ;
#1892 = CARTESIAN_POINT ( 'NONE',  ( 16.64740779922392733, 2.807423960200193136, -8.984347946388558270 ) ) ;
#1893 = CARTESIAN_POINT ( 'NONE',  ( 16.89197153123772210, 2.812870754572645904, 8.377983951098066484 ) ) ;
#1894 = MANIFOLD_SOLID_BREP ( 'Cut-Extrude12', #2292 ) ;
#1895 = AXIS2_PLACEMENT_3D ( 'NONE', #1530, #1318, #2182 ) ;
#1896 = CIRCLE ( 'NONE', #763, 1.699999999999998401 ) ;
#1897 = ORIENTED_EDGE ( 'NONE', *, *, #714, .F. ) ;
#1898 = FILL_AREA_STYLE_COLOUR ( '', #1512 ) ;
#1899 = EDGE_LOOP ( 'NONE', ( #2429, #1801 ) ) ;
#1900 = CARTESIAN_POINT ( 'NONE',  ( -15.15544456622719061, 0.000000000000000000, 8.749999999999131362 ) ) ;
#1901 = CARTESIAN_POINT ( 'NONE',  ( 16.84221206591180930, 2.490546274112888536, -9.495502818681398338 ) ) ;
#1902 = CARTESIAN_POINT ( 'NONE',  ( 0.6483128299568861053, 2.458281537921958027, -18.86256798317472771 ) ) ;
#1903 = CARTESIAN_POINT ( 'NONE',  ( -0.2182048235873611242, 0.3297345554387801636, -16.62084144647551298 ) ) ;
#1904 = CARTESIAN_POINT ( 'NONE',  ( -15.10753889055392740, 2.969690898158455550, 10.48056665569492196 ) ) ;
#1905 = EDGE_CURVE ( 'NONE', #1476, #14, #164, .T. ) ;
#1906 = CARTESIAN_POINT ( 'NONE',  ( 16.66091050328500245, 2.848865356154397510, 8.726330003778306477 ) ) ;
#1907 = CIRCLE ( 'NONE', #1402, 17.36602540378444104 ) ;
#1908 = ORIENTED_EDGE ( 'NONE', *, *, #631, .F. ) ;
#1909 = DIRECTION ( 'NONE',  ( 0.000000000000000000, -1.000000000000000000, 0.000000000000000000 ) ) ;
#1910 = AXIS2_PLACEMENT_3D ( 'NONE', #626, #2519, #2558 ) ;
#1911 = VERTEX_POINT ( 'NONE', #1462 ) ;
#1912 = DIRECTION ( 'NONE',  ( 0.000000000000000000, 0.000000000000000000, -1.000000000000000000 ) ) ;
#1913 = CARTESIAN_POINT ( 'NONE',  ( -15.15544456622875025, 1.800000000000000266, 7.249999999998146372 ) ) ;
#1914 = DIRECTION ( 'NONE',  ( -0.000000000000000000, 1.000000000000000000, -0.000000000000000000 ) ) ;
#1915 = CARTESIAN_POINT ( 'NONE',  ( -16.36513469168795964, 2.348124926031344373, -9.640934301919481086 ) ) ;
#1916 = CARTESIAN_POINT ( 'NONE',  ( -15.30535665207815832, 2.720292434982298335, 10.24999999999814193 ) ) ;
#1917 = EDGE_CURVE ( 'NONE', #1863, #1717, #1884, .T. ) ;
#1918 = EDGE_CURVE ( 'NONE', #926, #50, #400, .T. ) ;
#1919 = FACE_OUTER_BOUND ( 'NONE', #1451, .T. ) ;
#1920 = ADVANCED_FACE ( 'NONE', ( #1448, #2577 ), #2101, .T. ) ;
#1921 = CIRCLE ( 'NONE', #1553, 1.500000000000001332 ) ;
#1922 = VERTEX_POINT ( 'NONE', #840 ) ;
#1923 = ORIENTED_EDGE ( 'NONE', *, *, #787, .T. ) ;
#1924 = VERTEX_POINT ( 'NONE', #2734 ) ;
#1925 = DIRECTION ( 'NONE',  ( 0.000000000000000000, 0.000000000000000000, 1.000000000000000000 ) ) ;
#1926 = DIRECTION ( 'NONE',  ( -0.000000000000000000, -1.000000000000000000, -0.000000000000000000 ) ) ;
#1927 = CARTESIAN_POINT ( 'NONE',  ( 16.54836149035163118, 2.706355630337268448, -8.173960478009014707 ) ) ;
#1928 = CARTESIAN_POINT ( 'NONE',  ( -15.66411229202887512, 2.895186646248957718, -10.17262558992099919 ) ) ;
#1929 = CARTESIAN_POINT ( 'NONE',  ( -16.26020221488008843, 2.791726793965226605, 9.771047179483062450 ) ) ;
#1930 = EDGE_CURVE ( 'NONE', #658, #1924, #1921, .T. ) ;
#1931 = CARTESIAN_POINT ( 'NONE',  ( 1.331667443089700642, 2.882747036778024352, -18.64773787408605799 ) ) ;
#1932 =( BOUNDED_SURFACE ( )  B_SPLINE_SURFACE ( 3, 2, ( 
 ( #1259, #397, #166 ),
 ( #2328, #1446, #2099 ),
 ( #2316, #371, #1036 ),
 ( #383, #1234, #175 ),
 ( #1880, #1023, #1893 ),
 ( #2110, #1906, #813 ),
 ( #187, #1672, #1223 ),
 ( #2548, #785, #2084 ),
 ( #2537, #602, #1458 ),
 ( #615, #2754, #2512 ),
 ( #577, #824, #1470 ),
 ( #2122, #1435, #2306 ),
 ( #154, #1012, #651 ),
 ( #1990, #57, #1083 ),
 ( #898, #2584, #885 ),
 ( #856, #1111, #1097 ),
 ( #2612, #1735, #227 ),
 ( #18, #2377, #707 ),
 ( #2599, #2627, #1720 ),
 ( #1507, #914, #1775 ),
 ( #1950, #243, #1762 ),
 ( #1126, #4, #665 ),
 ( #1281, #678, #1519 ),
 ( #1070, #871, #471 ) ),
 .UNSPECIFIED., .F., .F., .F. ) 
 B_SPLINE_SURFACE_WITH_KNOTS ( ( 4, 2, 2, 2, 2, 2, 2, 2, 2, 2, 2, 4 ),
 ( 3, 3 ),
 ( 5.421010862427522170E-20, 0.0005703763139338195211, 0.001140752627867639042, 0.001425940784834548803, 0.001711128941801458563, 0.001996317098768368541, 0.002281505255735278084, 0.002566693412702187628, 0.002851881569669097605, 0.003422257883602917126, 0.003992634197536737081, 0.004563010511470556169 ),
 ( 0.000000000000000000, 1.000000000000000000 ),
 .UNSPECIFIED. ) 
 GEOMETRIC_REPRESENTATION_ITEM ( )  RATIONAL_B_SPLINE_SURFACE ( (
 ( 1.000000000000000000, 0.7071067811865486830, 1.000000000000000000),
 ( 1.000000000000000000, 0.6951570871121146578, 1.000000000000000000),
 ( 1.000000000000000000, 0.6727307808525064825, 1.000000000000000000),
 ( 1.000000000000000000, 0.6160173504142358869, 1.000000000000000000),
 ( 1.000000000000000000, 0.5821405974650952775, 1.000000000000000000),
 ( 1.000000000000000000, 0.5310013390970205194, 1.000000000000000000),
 ( 1.000000000000000000, 0.5140268755979029436, 1.000000000000000000),
 ( 1.000000000000000000, 0.4815985848990396723, 1.000000000000000000),
 ( 1.000000000000000000, 0.4660193880216758622, 1.000000000000000000),
 ( 1.000000000000000000, 0.4393352589919093942, 1.000000000000000000),
 ( 1.000000000000000000, 0.4281688281018455333, 1.000000000000000000),
 ( 1.000000000000000000, 0.4125462085624972408, 1.000000000000000000),
 ( 1.000000000000000000, 0.4082716763821958583, 1.000000000000000000),
 ( 1.000000000000000000, 0.4082251045489636576, 1.000000000000000000),
 ( 1.000000000000000000, 0.4123193861083898071, 1.000000000000000000),
 ( 1.000000000000000000, 0.4278924496689222590, 1.000000000000000000),
 ( 1.000000000000000000, 0.4391334546919442028, 1.000000000000000000),
 ( 1.000000000000000000, 0.4790710036586693366, 1.000000000000000000),
 ( 1.000000000000000000, 0.5138096317267619728, 1.000000000000000000),
 ( 1.000000000000000000, 0.5820563527521904756, 1.000000000000000000),
 ( 1.000000000000000000, 0.6159038434131303141, 1.000000000000000000),
 ( 1.000000000000000000, 0.6721865885288011988, 1.000000000000000000),
 ( 1.000000000000000000, 0.6952850087996090833, 1.000000000000000000),
 ( 1.000000000000000000, 0.7071067811865475727, 1.000000000000000000) ) ) 
 REPRESENTATION_ITEM ( '' )  SURFACE ( )  );
#1933 = ORIENTED_EDGE ( 'NONE', *, *, #1127, .T. ) ;
#1934 = SURFACE_STYLE_FILL_AREA ( #1290 ) ;
#1935 = CARTESIAN_POINT ( 'NONE',  ( 14.57668585208484302, 0.000000000000000000, 9.439230259640675413 ) ) ;
#1936 = ORIENTED_EDGE ( 'NONE', *, *, #2217, .F. ) ;
#1937 = ORIENTED_EDGE ( 'NONE', *, *, #2416, .T. ) ;
#1938 = DIRECTION ( 'NONE',  ( 0.000000000000000000, 1.000000000000000000, 0.000000000000000000 ) ) ;
#1939 = CARTESIAN_POINT ( 'NONE',  ( 0.3962271303684672952, 2.528978626623264780, 19.28565529701394965 ) ) ;
#1940 = DIRECTION ( 'NONE',  ( 0.000000000000000000, 1.000000000000000000, 0.000000000000000000 ) ) ;
#1941 = CARTESIAN_POINT ( 'NONE',  ( -16.89197153123792106, 2.812870754572488696, -8.377983951098311621 ) ) ;
#1942 = CARTESIAN_POINT ( 'NONE',  ( -15.70153269976817434, 2.812870754572607268, 10.43988449050639566 ) ) ;
#1943 = CARTESIAN_POINT ( 'NONE',  ( -14.70006994944468026, 3.000000000000000000, 10.38787482988862187 ) ) ;
#1944 = ORIENTED_EDGE ( 'NONE', *, *, #827, .F. ) ;
#1945 = CARTESIAN_POINT ( 'NONE',  ( -0.9189041218127022015, 2.693863353303825203, -19.04288788192019055 ) ) ;
#1946 = CARTESIAN_POINT ( 'NONE',  ( -16.40800032115226159, 2.338019752493750936, -9.589269889888171861 ) ) ;
#1947 = EDGE_LOOP ( 'NONE', ( #491, #2171 ) ) ;
#1948 = ORIENTED_EDGE ( 'NONE', *, *, #631, .T. ) ;
#1949 = CARTESIAN_POINT ( 'NONE',  ( 16.79370043524288292, 2.490795834541909226, 9.578920266157396668 ) ) ;
#1950 = CARTESIAN_POINT ( 'NONE',  ( 15.41568070039894955, 2.687914681769893122, 10.23631291694424306 ) ) ;
#1951 = CARTESIAN_POINT ( 'NONE',  ( 16.51504724719790929, 2.344907709451008238, -9.388163414618002633 ) ) ;
#1952 = CARTESIAN_POINT ( 'NONE',  ( -16.94915068255935608, 2.595589908293344905, -9.034612003823220050 ) ) ;
#1953 = CARTESIAN_POINT ( 'NONE',  ( -16.51352562540489544, 2.526379804078764391, 9.975668894403019848 ) ) ;
#1954 = CIRCLE ( 'NONE', #2318, 1.499999999999999556 ) ;
#1955 = CARTESIAN_POINT ( 'NONE',  ( -2.105292111292268057E-12, 1.800000000000000266, 17.50000000000000000 ) ) ;
#1956 = ORIENTED_EDGE ( 'NONE', *, *, #837, .F. ) ;
#1957 = CIRCLE ( 'NONE', #1878, 1.500000000000001332 ) ;
#1958 = ORIENTED_EDGE ( 'NONE', *, *, #2342, .T. ) ;
#1959 = DIRECTION ( 'NONE',  ( 0.000000000000000000, 0.000000000000000000, -1.000000000000000000 ) ) ;
#1960 = CARTESIAN_POINT ( 'NONE',  ( -15.44872177954019143, 2.674987530408520886, -10.22821324662681342 ) ) ;
#1961 = AXIS2_PLACEMENT_3D ( 'NONE', #915, #694, #58 ) ;
#1962 = ORIENTED_EDGE ( 'NONE', *, *, #1395, .T. ) ;
#1963 = PRODUCT_RELATED_PRODUCT_CATEGORY ( 'part', '', ( #1780 ) ) ;
#1964 = ORIENTED_EDGE ( 'NONE', *, *, #1812, .F. ) ;
#1965 = CARTESIAN_POINT ( 'NONE',  ( 15.15544456622869340, 2.799999999999999822, -8.749999999998248512 ) ) ;
#1966 = LINE ( 'NONE', #2202, #1727 ) ;
#1967 = CARTESIAN_POINT ( 'NONE',  ( 16.40842276576482561, 2.777047490333246049, -7.912095041253593308 ) ) ;
#1968 = CARTESIAN_POINT ( 'NONE',  ( -16.64054982926232640, 2.497916581428644811, -9.827129920695291787 ) ) ;
#1969 = CARTESIAN_POINT ( 'NONE',  ( 16.09199248525721515, 2.811191089068570736, -9.928958601105035697 ) ) ;
#1970 = CIRCLE ( 'NONE', #2194, 1.000000000000000888 ) ;
#1971 = EDGE_LOOP ( 'NONE', ( #64, #1373 ) ) ;
#1972 = CARTESIAN_POINT ( 'NONE',  ( -0.6703312308996914881, 2.601892128665169501, -19.18671285437189056 ) ) ;
#1973 = DIRECTION ( 'NONE',  ( -0.000000000000000000, 1.000000000000000000, -0.000000000000000000 ) ) ;
#1974 = VERTEX_POINT ( 'NONE', #1663 ) ;
#1975 = ORIENTED_EDGE ( 'NONE', *, *, #2705, .T. ) ;
#1976 = CARTESIAN_POINT ( 'NONE',  ( -14.26147047606427520, 0.1697505439513029291, -8.886936579441178097 ) ) ;
#1977 = CARTESIAN_POINT ( 'NONE',  ( 1.646128519294200565, 3.000000000000000000, 17.92457142857162822 ) ) ;
#1978 = DIRECTION ( 'NONE',  ( 0.000000000000000000, 1.000000000000000000, 0.000000000000000000 ) ) ;
#1979 = LINE ( 'NONE', #1992, #1852 ) ;
#1980 = AXIS2_PLACEMENT_3D ( 'NONE', #2235, #2656, #1778 ) ;
#1981 = EDGE_CURVE ( 'NONE', #1445, #241, #2054, .T. ) ;
#1982 = CARTESIAN_POINT ( 'NONE',  ( 14.93832400879168709, 3.006894317763382674, -10.24652997231864759 ) ) ;
#1983 = B_SPLINE_CURVE_WITH_KNOTS ( 'NONE', 3,
 ( #2726, #1441, #2312, #182, #2557, #1294, #416, #1069, #2748, #1054 ),
 .UNSPECIFIED., .F., .F.,
 ( 4, 2, 2, 2, 4 ),
 ( 8.091703390104853735E-21, 0.0003267205681609317296, 0.0006534411363218634592, 0.0009801617044827948093, 0.001306882272643726268 ),
 .UNSPECIFIED. ) ;
#1984 = ORIENTED_EDGE ( 'NONE', *, *, #462, .T. ) ;
#1985 = CARTESIAN_POINT ( 'NONE',  ( -0.9947888227355883295, 2.726138508047262210, -18.98649018419921575 ) ) ;
#1986 = CARTESIAN_POINT ( 'NONE',  ( -16.48676079352211232, 2.335578187658123639, -9.457783968819077458 ) ) ;
#1987 = ORIENTED_EDGE ( 'NONE', *, *, #2119, .F. ) ;
#1988 = ORIENTED_EDGE ( 'NONE', *, *, #905, .F. ) ;
#1989 = CARTESIAN_POINT ( 'NONE',  ( 16.20067081763680505, 2.631485677979913618, 10.22649293902784073 ) ) ;
#1990 = CARTESIAN_POINT ( 'NONE',  ( 16.41292181574198139, 2.341603693873844705, 9.572065806039587343 ) ) ;
#1991 = DIRECTION ( 'NONE',  ( 0.000000000000000000, 0.000000000000000000, 1.000000000000000000 ) ) ;
#1992 = CARTESIAN_POINT ( 'NONE',  ( -2.105108414272396017E-12, 1.800000000000000266, 16.00000000000000000 ) ) ;
#1993 = CARTESIAN_POINT ( 'NONE',  ( -16.60123009057123511, 2.932981985112551371, 8.303352816126343683 ) ) ;
#1994 = B_SPLINE_CURVE_WITH_KNOTS ( 'NONE', 3,
 ( #12, #1121, #2633, #1557, #2430, #494, #1344, #2210, #1136, #2002 ),
 .UNSPECIFIED., .F., .F.,
 ( 4, 2, 2, 2, 4 ),
 ( 8.091703390101766229E-21, 0.0003267205681609566120, 0.0006534411363219132240, 0.0009801617044828698361, 0.001306882272643826448 ),
 .UNSPECIFIED. ) ;
#1995 = CARTESIAN_POINT ( 'NONE',  ( 0.000000000000000000, 1.000000000000000000, 0.000000000000000000 ) ) ;
#1996 = CIRCLE ( 'NONE', #1003, 17.36602540378444104 ) ;
#1997 = EDGE_CURVE ( 'NONE', #2129, #1784, #1459, .T. ) ;
#1998 = CARTESIAN_POINT ( 'NONE',  ( 14.57668585208591416, 0.000000000000000000, -9.439230259639014520 ) ) ;
#1999 = EDGE_CURVE ( 'NONE', #1717, #806, #831, .T. ) ;
#2000 = ADVANCED_FACE ( 'NONE', ( #646 ), #2125, .F. ) ;
#2001 = ORIENTED_EDGE ( 'NONE', *, *, #427, .T. ) ;
#2002 = CARTESIAN_POINT ( 'NONE',  ( 1.086761238497965554E-13, 0.3571897008005363583, 16.60000000000000142 ) ) ;
#2003 = CARTESIAN_POINT ( 'NONE',  ( 14.34184880432949072, 0.3600463628782136771, 8.353791565932887409 ) ) ;
#2004 = ORIENTED_EDGE ( 'NONE', *, *, #1699, .T. ) ;
#2005 = ORIENTED_EDGE ( 'NONE', *, *, #2085, .T. ) ;
#2006 = CARTESIAN_POINT ( 'NONE',  ( 1.983090264432757922E-12, 1.800000000000000266, -17.50000000000000000 ) ) ;
#2007 = CARTESIAN_POINT ( 'NONE',  ( -1.409482431517251833, 2.799999999999998934, 18.04127705392007286 ) ) ;
#2008 = DIRECTION ( 'NONE',  ( -0.000000000000000000, -1.000000000000000000, -0.000000000000000000 ) ) ;
#2009 = CARTESIAN_POINT ( 'NONE',  ( -1.646128519294326686, 3.000000000000000000, -17.92457142857161756 ) ) ;
#2010 = CARTESIAN_POINT ( 'NONE',  ( -16.62017302022854182, 2.631443243764474360, 8.388690589752156868 ) ) ;
#2011 = CIRCLE ( 'NONE', #435, 1.500000000000001332 ) ;
#2012 = CARTESIAN_POINT ( 'NONE',  ( 16.89529980276459042, 2.525880617796025351, -9.315693849618931210 ) ) ;
#2013 = ORIENTED_EDGE ( 'NONE', *, *, #1999, .T. ) ;
#2014 = CARTESIAN_POINT ( 'NONE',  ( 0.06405871226550471920, 2.788853029613016510, 18.99997919227776677 ) ) ;
#2015 = AXIS2_PLACEMENT_3D ( 'NONE', #515, #2638, #2653 ) ;
#2016 = ORIENTED_EDGE ( 'NONE', *, *, #905, .T. ) ;
#2017 = DIRECTION ( 'NONE',  ( 0.000000000000000000, 0.000000000000000000, 1.000000000000000000 ) ) ;
#2018 = CARTESIAN_POINT ( 'NONE',  ( 14.26147047606610840, 0.1697505439506415970, 8.886936579440135375 ) ) ;
#2019 = ORIENTED_EDGE ( 'NONE', *, *, #1802, .F. ) ;
#2020 = CARTESIAN_POINT ( 'NONE',  ( -15.46295612306126444, 0.000000000000000000, -7.904165121071844879 ) ) ;
#2021 = CARTESIAN_POINT ( 'NONE',  ( 14.75364343377214738, 2.799999999999999822, -10.19518367343102128 ) ) ;
#2022 = CARTESIAN_POINT ( 'NONE',  ( -0.2627731488844841645, 2.789736423356603101, -18.98000603398137542 ) ) ;
#2023 = CIRCLE ( 'NONE', #805, 0.8999999999999998002 ) ;
#2024 = DIRECTION ( 'NONE',  ( -0.000000000000000000, 1.000000000000000000, -0.000000000000000000 ) ) ;
#2025 = ORIENTED_EDGE ( 'NONE', *, *, #2087, .F. ) ;
#2026 = CARTESIAN_POINT ( 'NONE',  ( 0.6503718326330740762, 2.595589908293363113, 19.19570106557834421 ) ) ;
#2027 = ORIENTED_EDGE ( 'NONE', *, *, #2483, .T. ) ;
#2028 = CARTESIAN_POINT ( 'NONE',  ( 15.15544456622663994, 2.799999999999999822, 8.750000000001787015 ) ) ;
#2029 = CARTESIAN_POINT ( 'NONE',  ( 1.452466340553458579, 2.799999999999999822, 17.87462184873967175 ) ) ;
#2030 = ADVANCED_FACE ( 'NONE', ( #1501 ), #438, .F. ) ;
#2031 = AXIS2_PLACEMENT_3D ( 'NONE', #261, #112, #1352 ) ;
#2032 = ORIENTED_EDGE ( 'NONE', *, *, #538, .T. ) ;
#2033 = CARTESIAN_POINT ( 'NONE',  ( -15.94565249368194770, 2.726042455497148076, -10.35465422380468148 ) ) ;
#2034 = CARTESIAN_POINT ( 'NONE',  ( -0.3385379451647833604, 2.370114362790191276, 18.97047376513218353 ) ) ;
#2035 = CARTESIAN_POINT ( 'NONE',  ( -0.9780358415202718980, 2.895280287009258657, -18.65152419323894151 ) ) ;
#2036 = EDGE_CURVE ( 'NONE', #1213, #2769, #2183, .T. ) ;
#2037 = CARTESIAN_POINT ( 'NONE',  ( 0.000000000000000000, 0.000000000000000000, 17.50000000000000000 ) ) ;
#2038 = CARTESIAN_POINT ( 'NONE',  ( -14.70006994944210987, 3.000000000000000000, -10.38787482989226163 ) ) ;
#2039 = CARTESIAN_POINT ( 'NONE',  ( 16.65948114971252636, 2.457597665154047650, -8.871856690676509061 ) ) ;
#2040 = VERTEX_POINT ( 'NONE', #511 ) ;
#2041 = TOROIDAL_SURFACE ( 'NONE', #153, 1.700000000000000844, 0.2000000000000000111 ) ;
#2042 = CARTESIAN_POINT ( 'NONE',  ( 0.3318739715680405489, 2.791726793965675579, 18.96727177849991008 ) ) ;
#2043 = CARTESIAN_POINT ( 'NONE',  ( -15.15544456622719061, 0.000000000000000000, 9.649999999999131717 ) ) ;
#2044 = CARTESIAN_POINT ( 'NONE',  ( 14.70006994944460743, 2.799999999999999822, -10.38787482988872313 ) ) ;
#2045 = VECTOR ( 'NONE', #2702, 1000.000000000000000 ) ;
#2046 = ORIENTED_EDGE ( 'NONE', *, *, #2050, .F. ) ;
#2047 = CARTESIAN_POINT ( 'NONE',  ( -14.89455204215133932, 2.993060784509757877, -10.44078433538501294 ) ) ;
#2048 = CARTESIAN_POINT ( 'NONE',  ( 0.000000000000000000, 0.000000000000000000, 0.000000000000000000 ) ) ;
#2049 = CARTESIAN_POINT ( 'NONE',  ( 1.318930846867316875, 2.987888903789019057, -18.23568594943117205 ) ) ;
#2050 = EDGE_CURVE ( 'NONE', #928, #2069, #2138, .T. ) ;
#2051 = CARTESIAN_POINT ( 'NONE',  ( -1.522240160246679519, 2.967870995156045133, 18.30517776361569915 ) ) ;
#2052 = FACE_OUTER_BOUND ( 'NONE', #1343, .T. ) ;
#2053 = DIRECTION ( 'NONE',  ( -0.000000000000000000, -1.000000000000000000, -0.000000000000000000 ) ) ;
#2054 = CIRCLE ( 'NONE', #922, 18.00000000000000355 ) ;
#2055 = CARTESIAN_POINT ( 'NONE',  ( 16.96107548250283159, 2.684940482415256735, -8.752208765788775935 ) ) ;
#2056 = AXIS2_PLACEMENT_3D ( 'NONE', #1113, #1978, #899 ) ;
#2057 = EDGE_LOOP ( 'NONE', ( #267, #2567, #923, #1241, #1984 ) ) ;
#2058 = CARTESIAN_POINT ( 'NONE',  ( -0.2609559470320025332, 2.789690403732785207, 18.98032586110469566 ) ) ;
#2059 = DIRECTION ( 'NONE',  ( 0.000000000000000000, 0.000000000000000000, 1.000000000000000000 ) ) ;
#2060 = APPLICATION_PROTOCOL_DEFINITION ( 'draft international standard', 'automotive_design', 1998, #354 ) ;
#2061 = ORIENTED_EDGE ( 'NONE', *, *, #823, .F. ) ;
#2062 = CARTESIAN_POINT ( 'NONE',  ( -2.105292111292268057E-12, 3.000000000000000000, 17.50000000000000000 ) ) ;
#2063 = CARTESIAN_POINT ( 'NONE',  ( 14.88729878395152895, 2.800000000000000266, -10.23234356670146461 ) ) ;
#2064 = CARTESIAN_POINT ( 'NONE',  ( 1.157066676961073570, 2.687914681770016578, -18.46852756164691556 ) ) ;
#2065 = CARTESIAN_POINT ( 'NONE',  ( 16.66252183719135260, 2.504368307662888427, 8.738030460706342595 ) ) ;
#2066 = CARTESIAN_POINT ( 'NONE',  ( 15.15544456622663994, 1.800000000000000266, 8.750000000001787015 ) ) ;
#2067 = DIRECTION ( 'NONE',  ( 0.000000000000000000, 0.000000000000000000, 1.000000000000000000 ) ) ;
#2068 = DIRECTION ( 'NONE',  ( 0.000000000000000000, 1.000000000000000000, 0.000000000000000000 ) ) ;
#2069 = VERTEX_POINT ( 'NONE', #908 ) ;
#2070 = AXIS2_PLACEMENT_3D ( 'NONE', #1538, #2709, #2452 ) ;
#2071 = CARTESIAN_POINT ( 'NONE',  ( -1.318930846867406803, 2.987888903789180262, 18.23568594943051124 ) ) ;
#2072 = EDGE_CURVE ( 'NONE', #2397, #115, #2549, .T. ) ;
#2073 = CARTESIAN_POINT ( 'NONE',  ( -0.8862702709748744301, 0.000000000000000000, -17.34339538071114362 ) ) ;
#2074 = EDGE_CURVE ( 'NONE', #937, #2226, #51, .T. ) ;
#2075 = ORIENTED_EDGE ( 'NONE', *, *, #1488, .F. ) ;
#2076 = CARTESIAN_POINT ( 'NONE',  ( -16.50975834371215001, 2.524551347211081875, -9.992117650185125655 ) ) ;
#2077 = CARTESIAN_POINT ( 'NONE',  ( -1.366482903048964026, 2.799999999999999378, -18.20799281800075065 ) ) ;
#2078 = DIRECTION ( 'NONE',  ( -0.000000000000000000, 1.000000000000000000, -0.000000000000000000 ) ) ;
#2079 = LINE ( 'NONE', #795, #2170 ) ;
#2080 = DIRECTION ( 'NONE',  ( 0.000000000000000000, 0.000000000000000000, 1.000000000000000000 ) ) ;
#2081 = CARTESIAN_POINT ( 'NONE',  ( 15.15544456622663994, 3.000000000000000000, 8.750000000001787015 ) ) ;
#2082 = CARTESIAN_POINT ( 'NONE',  ( -16.60132960738453889, 2.372749047530060995, 9.177205364188669279 ) ) ;
#2083 = EDGE_LOOP ( 'NONE', ( #1665, #1067 ) ) ;
#2084 = CARTESIAN_POINT ( 'NONE',  ( 16.95586771141498872, 2.624520642716427155, 8.939320799940526641 ) ) ;
#2085 = EDGE_CURVE ( 'NONE', #2597, #882, #1327, .T. ) ;
#2086 = DIRECTION ( 'NONE',  ( 0.000000000000000000, 1.000000000000000000, 0.000000000000000000 ) ) ;
#2087 = EDGE_CURVE ( 'NONE', #2345, #55, #451, .T. ) ;
#2088 = CIRCLE ( 'NONE', #863, 1.700000000000000178 ) ;
#2089 = EDGE_LOOP ( 'NONE', ( #2678, #1677 ) ) ;
#2090 = DIRECTION ( 'NONE',  ( 0.000000000000000000, -0.000000000000000000, 1.000000000000000000 ) ) ;
#2091 = DIRECTION ( 'NONE',  ( 0.000000000000000000, 1.000000000000000000, 0.000000000000000000 ) ) ;
#2092 = CARTESIAN_POINT ( 'NONE',  ( -0.7569646496206109409, 2.631807686386138823, 19.14294910031103214 ) ) ;
#2093 = CARTESIAN_POINT ( 'NONE',  ( -2.105292111292268057E-12, 1.800000000000000266, 17.50000000000000000 ) ) ;
#2094 = DIRECTION ( 'NONE',  ( 0.000000000000000000, 1.000000000000000000, 0.000000000000000000 ) ) ;
#2095 = B_SPLINE_CURVE_WITH_KNOTS ( 'NONE', 3,
 ( #378, #1888, #1827, #547, #1640, #2505, #2488, #558, #1416, #990, #2281, #2065, #137, #1859, #2178, #1059, #838, #825 ),
 .UNSPECIFIED., .F., .F.,
 ( 4, 2, 2, 2, 2, 2, 2, 2, 4 ),
 ( 0.0004086430266532811283, 0.0008681917143739893618, 0.001327740402094697595, 0.001787289089815405829, 0.002246837777536114279, 0.002706386465256822513, 0.003165935152977530746, 0.003625483840698238980, 0.004085032528418947213 ),
 .UNSPECIFIED. ) ;
#2096 = CYLINDRICAL_SURFACE ( 'NONE', #1660, 0.8999999999999998002 ) ;
#2097 = LINE ( 'NONE', #1830, #2045 ) ;
#2098 = CIRCLE ( 'NONE', #1013, 0.2000000000000003442 ) ;
#2099 = CARTESIAN_POINT ( 'NONE',  ( 16.50160625626205047, 3.000000000000000000, 7.679717478013241561 ) ) ;
#2100 = VERTEX_POINT ( 'NONE', #25 ) ;
#2101 = PLANE ( 'NONE',  #1374 ) ;
#2102 = EDGE_CURVE ( 'NONE', #1171, #29, #2370, .T. ) ;
#2103 = VECTOR ( 'NONE', #2626, 1000.000000000000000 ) ;
#2104 = ORIENTED_EDGE ( 'NONE', *, *, #2783, .T. ) ;
#2105 = DIRECTION ( 'NONE',  ( 0.000000000000000000, 0.000000000000000000, 1.000000000000000000 ) ) ;
#2106 = CARTESIAN_POINT ( 'NONE',  ( -15.15544456622875025, 1.800000000000000266, 8.749999999998145483 ) ) ;
#2107 = CARTESIAN_POINT ( 'NONE',  ( -16.69243850893938941, 2.490795834541908338, 9.754311067387348544 ) ) ;
#2108 = DIRECTION ( 'NONE',  ( -0.000000000000000000, -1.000000000000000000, -0.000000000000000000 ) ) ;
#2109 = CARTESIAN_POINT ( 'NONE',  ( -16.30578081496766885, 2.789736423356518280, 9.717571239356914248 ) ) ;
#2110 = CARTESIAN_POINT ( 'NONE',  ( 16.65261124231407308, 2.545415502743303637, 8.627631918018337842 ) ) ;
#2111 = B_SPLINE_CURVE_WITH_KNOTS ( 'NONE', 3,
 ( #1977, #431, #1749, #256, #456, #1295, #214, #2406, #1309, #45, #1939, #1549, #2159, #485 ),
 .UNSPECIFIED., .F., .F.,
 ( 4, 2, 2, 2, 2, 2, 4 ),
 ( 0.000000000000000000, 0.0005983543753923542974, 0.001196708750784708595, 0.001495885938480885635, 0.001795063126177062892, 0.002094240313873240149, 0.002393417501569417190 ),
 .UNSPECIFIED. ) ;
#2112 = VERTEX_POINT ( 'NONE', #222 ) ;
#2113 = DIRECTION ( 'NONE',  ( -0.000000000000000000, -1.000000000000000000, -0.000000000000000000 ) ) ;
#2114 = EDGE_CURVE ( 'NONE', #2721, #14, #879, .T. ) ;
#2115 = EDGE_LOOP ( 'NONE', ( #2515, #496 ) ) ;
#2116 = CARTESIAN_POINT ( 'NONE',  ( 16.95677456590839327, 2.632207497716438915, 8.914666833206178254 ) ) ;
#2117 = CARTESIAN_POINT ( 'NONE',  ( 14.57668585208591416, 0.000000000000000000, -9.439230259639014520 ) ) ;
#2118 = CARTESIAN_POINT ( 'NONE',  ( 0.4980712230202127278, 0.2075046342410211409, 16.74376107260517088 ) ) ;
#2119 = EDGE_CURVE ( 'NONE', #841, #1381, #1598, .T. ) ;
#2120 = CARTESIAN_POINT ( 'NONE',  ( -16.95306703832949324, 2.685180062054524974, -8.751465127265534605 ) ) ;
#2121 = CARTESIAN_POINT ( 'NONE',  ( -16.91875649136389015, 2.546216698564918168, 9.223030036051623526 ) ) ;
#2122 = CARTESIAN_POINT ( 'NONE',  ( 16.53314006637984335, 2.348488963719634004, 9.349146150067046079 ) ) ;
#2123 = DIRECTION ( 'NONE',  ( -0.000000000000000000, -1.000000000000000000, -0.000000000000000000 ) ) ;
#2124 = VERTEX_POINT ( 'NONE', #673 ) ;
#2125 = CYLINDRICAL_SURFACE ( 'NONE', #697, 15.00000000000000000 ) ;
#2126 = AXIS2_PLACEMENT_3D ( 'NONE', #2106, #1005, #171 ) ;
#2127 = EDGE_CURVE ( 'NONE', #1123, #510, #2594, .T. ) ;
#2128 = CIRCLE ( 'NONE', #238, 1.500000000000001332 ) ;
#2129 = VERTEX_POINT ( 'NONE', #865 ) ;
#2130 = ORIENTED_EDGE ( 'NONE', *, *, #997, .T. ) ;
#2131 = DIRECTION ( 'NONE',  ( -0.000000000000000000, -1.000000000000000000, -0.000000000000000000 ) ) ;
#2132 = CARTESIAN_POINT ( 'NONE',  ( 15.94462844706186821, 2.726415546063574613, -10.35505781128195757 ) ) ;
#2133 = CARTESIAN_POINT ( 'NONE',  ( 16.31661429903490657, 2.799999999999998934, -7.787888950187378256 ) ) ;
#2134 = CARTESIAN_POINT ( 'NONE',  ( -16.65960536529082958, 2.834548508290108959, -8.809577430132161879 ) ) ;
#2135 = CARTESIAN_POINT ( 'NONE',  ( -15.12942716559618539, 2.988369408955369622, 10.26018152171606701 ) ) ;
#2136 = CARTESIAN_POINT ( 'NONE',  ( 0.3998064954387261505, 2.524826595268494955, -19.29358266260030064 ) ) ;
#2137 = B_SPLINE_CURVE_WITH_KNOTS ( 'NONE', 3,
 ( #1823, #1411, #1214, #133, #2277, #2516, #1856, #2461, #2264, #987, #1186, #2679, #1226, #363, #2076, #1649, #145, #747, #2033, #101, #775, #2247, #543, #2047, #1870, #2722 ),
 .UNSPECIFIED., .F., .F.,
 ( 4, 2, 2, 2, 2, 2, 2, 2, 2, 2, 2, 2, 4 ),
 ( 0.000000000000000000, 0.0005979573827311989278, 0.001195914765462397856, 0.001494893456827996615, 0.001793872148193595157, 0.002092850839559193699, 0.002391829530924792675, 0.002989786913655989760, 0.003288765605021586134, 0.003587744296387182508, 0.004185701679118365715, 0.004484680370483959053, 0.004783659061849553258 ),
 .UNSPECIFIED. ) ;
#2138 = CIRCLE ( 'NONE', #1016, 1.499999999999999556 ) ;
#2139 = ORIENTED_EDGE ( 'NONE', *, *, #2332, .F. ) ;
#2140 = PRESENTATION_STYLE_ASSIGNMENT (( #178 ) ) ;
#2141 = B_SPLINE_CURVE_WITH_KNOTS ( 'NONE', 3,
 ( #1875, #2533, #1043, #162 ),
 .UNSPECIFIED., .F., .F.,
 ( 4, 4 ),
 ( 0.000000000000000000, 0.0003160084365238647990 ),
 .UNSPECIFIED. ) ;
#2142 = ORIENTED_EDGE ( 'NONE', *, *, #698, .T. ) ;
#2143 = ORIENTED_EDGE ( 'NONE', *, *, #1671, .F. ) ;
#2144 = DIRECTION ( 'NONE',  ( 0.000000000000000000, 1.000000000000000000, 0.000000000000000000 ) ) ;
#2145 = DIRECTION ( 'NONE',  ( 0.000000000000000000, 0.000000000000000000, 1.000000000000000000 ) ) ;
#2146 = CARTESIAN_POINT ( 'NONE',  ( -16.48926049095369706, 2.993060784509758765, 7.678668278799987590 ) ) ;
#2147 = CARTESIAN_POINT ( 'NONE',  ( -16.91910841886596728, 2.546584045754046510, -9.221456222029681626 ) ) ;
#2148 = VECTOR ( 'NONE', #1839, 1000.000000000000000 ) ;
#2149 = CARTESIAN_POINT ( 'NONE',  ( -16.69482242758802215, 2.490753554592148866, 9.750284863314394812 ) ) ;
#2150 = DIRECTION ( 'NONE',  ( -0.000000000000000000, -1.000000000000000000, -0.000000000000000000 ) ) ;
#2151 = AXIS2_PLACEMENT_3D ( 'NONE', #1757, #1973, #2401 ) ;
#2152 = ORIENTED_EDGE ( 'NONE', *, *, #2203, .T. ) ;
#2153 = CARTESIAN_POINT ( 'NONE',  ( 1.836970198721029589E-15, 1.500000000000000000, 15.00000000000000000 ) ) ;
#2154 = DIRECTION ( 'NONE',  ( 0.000000000000000000, 0.000000000000000000, 1.000000000000000000 ) ) ;
#2155 = EDGE_CURVE ( 'NONE', #1445, #2526, #205, .T. ) ;
#2156 = ORIENTED_EDGE ( 'NONE', *, *, #201, .T. ) ;
#2157 = ORIENTED_EDGE ( 'NONE', *, *, #291, .T. ) ;
#2158 = DIRECTION ( 'NONE',  ( 0.000000000000000000, 0.000000000000000000, 1.000000000000000000 ) ) ;
#2159 = CARTESIAN_POINT ( 'NONE',  ( 0.09973539928201627380, 2.490711984999980366, 19.33333333333320070 ) ) ;
#2160 = CARTESIAN_POINT ( 'NONE',  ( 16.66257933506351208, 2.504227518745066661, -8.738371876406185734 ) ) ;
#2161 = CARTESIAN_POINT ( 'NONE',  ( -16.95586771141479332, 2.624520642716500429, -8.939320799940663420 ) ) ;
#2162 = CARTESIAN_POINT ( 'NONE',  ( -16.29877884992649584, 2.595589908293341352, 10.16108906175502646 ) ) ;
#2163 = PLANE ( 'NONE',  #1007 ) ;
#2164 = AXIS2_PLACEMENT_3D ( 'NONE', #325, #2237, #711 ) ;
#2165 = EDGE_CURVE ( 'NONE', #1104, #2772, #1994, .T. ) ;
#2166 = ORIENTED_EDGE ( 'NONE', *, *, #698, .F. ) ;
#2167 = DIRECTION ( 'NONE',  ( -0.000000000000000000, 1.000000000000000000, -0.000000000000000000 ) ) ;
#2168 = CARTESIAN_POINT ( 'NONE',  ( -1.646128519298511783, 3.000000000000000000, 17.92457142857123387 ) ) ;
#2169 = ORIENTED_EDGE ( 'NONE', *, *, #1736, .T. ) ;
#2170 = VECTOR ( 'NONE', #1926, 1000.000000000000000 ) ;
#2171 = ORIENTED_EDGE ( 'NONE', *, *, #1319, .T. ) ;
#2172 = CARTESIAN_POINT ( 'NONE',  ( -15.15544456622875025, 1.800000000000000266, 8.749999999998145483 ) ) ;
#2173 = DIRECTION ( 'NONE',  ( 0.000000000000000000, 0.000000000000000000, -1.000000000000000000 ) ) ;
#2174 = DIRECTION ( 'NONE',  ( 0.000000000000000000, 0.000000000000000000, -1.000000000000000000 ) ) ;
#2175 = CARTESIAN_POINT ( 'NONE',  ( -15.57490566532681697, 2.631443243764516549, -10.19914675593472531 ) ) ;
#2176 = CARTESIAN_POINT ( 'NONE',  ( -16.89212780969410233, 2.812714726853199121, 8.378440173553487469 ) ) ;
#2177 = CIRCLE ( 'NONE', #384, 0.8999999999999998002 ) ;
#2178 = CARTESIAN_POINT ( 'NONE',  ( 16.54830463917280170, 2.706624781224590937, 8.173366733418106378 ) ) ;
#2179 = B_SPLINE_CURVE_WITH_KNOTS ( 'NONE', 3,
 ( #610, #843, #1255, #1266, #366, #2132, #1055, #1465, #638, #2762, #1478, #1667, #1453, #1901, #833, #1707, #161, #2336, #2323, #1693, #2570, #1653, #404, #196, #1218, #585 ),
 .UNSPECIFIED., .F., .F.,
 ( 4, 2, 2, 2, 2, 2, 2, 2, 2, 2, 2, 2, 4 ),
 ( 0.000000000000000000, 0.0005979573827311969762, 0.001195914765462393952, 0.001494893456827992712, 0.001793872148193591037, 0.002092850839559189362, 0.002391829530924787905, 0.002989786913655986290, 0.003288765605021582664, 0.003587744296387178605, 0.004185701679118371786, 0.004484680370483968594, 0.004783659061849564534 ),
 .UNSPECIFIED. ) ;
#2180 = ORIENTED_EDGE ( 'NONE', *, *, #2581, .T. ) ;
#2181 = CARTESIAN_POINT ( 'NONE',  ( 15.15544456622817293, 0.04550266720457175895, 7.850000000000866507 ) ) ;
#2182 = DIRECTION ( 'NONE',  ( 0.000000000000000000, -0.000000000000000000, 1.000000000000000000 ) ) ;
#2183 = CIRCLE ( 'NONE', #966, 14.75000000000000178 ) ;
#2184 = AXIS2_PLACEMENT_3D ( 'NONE', #1084, #1267, #2585 ) ;
#2185 = ORIENTED_EDGE ( 'NONE', *, *, #1620, .T. ) ;
#2186 = VERTEX_POINT ( 'NONE', #2227 ) ;
#2187 = EDGE_CURVE ( 'NONE', #1321, #15, #2759, .T. ) ;
#2188 = CARTESIAN_POINT ( 'NONE',  ( 14.70006994944218093, 3.000000000000000000, 10.38787482989215682 ) ) ;
#2189 = DIRECTION ( 'NONE',  ( 0.000000000000000000, -1.000000000000000000, 0.000000000000000000 ) ) ;
#2190 = DIRECTION ( 'NONE',  ( -0.000000000000000000, -1.000000000000000000, -0.000000000000000000 ) ) ;
#2191 = CARTESIAN_POINT ( 'NONE',  ( 0.2609559470318849050, 2.789690403732768331, -18.98032586110469566 ) ) ;
#2192 = UNCERTAINTY_MEASURE_WITH_UNIT (LENGTH_MEASURE( 1.000000000000000082E-05 ), #1552, 'distance_accuracy_value', 'NONE');
#2193 = CARTESIAN_POINT ( 'NONE',  ( 16.42243529575574001, 2.788853029613126644, -9.555466068294444781 ) ) ;
#2194 = AXIS2_PLACEMENT_3D ( 'NONE', #195, #1678, #1254 ) ;
#2195 = AXIS2_PLACEMENT_3D ( 'NONE', #1546, #662, #1516 ) ;
#2196 = ORIENTED_EDGE ( 'NONE', *, *, #374, .T. ) ;
#2197 = CARTESIAN_POINT ( 'NONE',  ( -0.2013824057989126726, 2.498937513595244742, -19.32347659944808171 ) ) ;
#2198 = LINE ( 'NONE', #1122, #449 ) ;
#2199 = EDGE_LOOP ( 'NONE', ( #1787, #11 ) ) ;
#2200 = ORIENTED_EDGE ( 'NONE', *, *, #902, .T. ) ;
#2201 = CARTESIAN_POINT ( 'NONE',  ( 15.09189223036492322, 2.967829911744965354, 10.47091746077083307 ) ) ;
#2202 = CARTESIAN_POINT ( 'NONE',  ( 0.000000000000000000, 3.000000000000000000, -20.00000000000000000 ) ) ;
#2203 = EDGE_CURVE ( 'NONE', #14, #842, #1052, .T. ) ;
#2204 = CARTESIAN_POINT ( 'NONE',  ( -16.45029142804386879, 2.988369408955330542, -7.972377509254997996 ) ) ;
#2205 = CARTESIAN_POINT ( 'NONE',  ( -1.599972698284364503, 3.000000000000000000, -18.13066896017787144 ) ) ;
#2206 = EDGE_CURVE ( 'NONE', #1621, #2345, #2635, .T. ) ;
#2207 = CARTESIAN_POINT ( 'NONE',  ( 16.26020221488035489, 2.791726793965139120, -9.771047179483183243 ) ) ;
#2208 = B_SPLINE_CURVE_WITH_KNOTS ( 'NONE', 3,
 ( #1502, #40, #1960, #1716, #909, #1291, #2622, #1946, #1986, #237, #480, #2431, #466, #52, #439, #223, #689, #1515 ),
 .UNSPECIFIED., .F., .F.,
 ( 4, 2, 2, 2, 2, 2, 2, 2, 4 ),
 ( 0.0004086430266532955482, 0.0008681917143740019386, 0.001327740402094708437, 0.001787289089815414719, 0.002246837777536121218, 0.002706386465256827717, 0.003165935152977534216, 0.003625483840698240715, 0.004085032528418947213 ),
 .UNSPECIFIED. ) ;
#2209 = EDGE_LOOP ( 'NONE', ( #1897, #38, #302, #263, #110 ) ) ;
#2210 = CARTESIAN_POINT ( 'NONE',  ( -0.2185829246517062840, 0.3296160242939618068, 16.62094186558700670 ) ) ;
#2211 = LINE ( 'NONE', #1137, #22 ) ;
#2212 =( BOUNDED_SURFACE ( )  B_SPLINE_SURFACE ( 3, 2, ( 
 ( #2255, #521, #1372 ),
 ( #2238, #1982, #260 ),
 ( #935, #95, #1814 ),
 ( #475, #1540, #1767 ),
 ( #63, #2658, #326 ),
 ( #696, #2631, #1148 ),
 ( #2465, #1342, #1328 ),
 ( #2425, #1969, #489 ),
 ( #920, #1584, #2454 ),
 ( #2671, #2207, #535 ),
 ( #739, #1387, #683 ),
 ( #890, #276, #1754 ),
 ( #2616, #2193, #1118 ),
 ( #1782, #1569, #2645 ),
 ( #712, #2440, #507 ),
 ( #1355, #292, #2012 ),
 ( #358, #2522, #811 ),
 ( #2039, #1892, #1457 ),
 ( #600, #2285, #2055 ),
 ( #768, #1612, #1010 ),
 ( #1404, #1877, #2326 ),
 ( #1178, #108, #382 ),
 ( #798, #962, #1670 ),
 ( #1207, #2730, #1444 ) ),
 .UNSPECIFIED., .F., .F., .T. ) 
 B_SPLINE_SURFACE_WITH_KNOTS ( ( 4, 2, 2, 2, 2, 2, 2, 2, 2, 2, 2, 4 ),
 ( 3, 3 ),
 ( 1.084202172485504434E-19, 0.0005703763139338214726, 0.001140752627867642728, 0.001425940784834553356, 0.001711128941801464201, 0.001996317098768374612, 0.002281505255735285457, 0.002566693412702196302, 0.002851881569669106713, 0.003422257883602928402, 0.003992634197536749224, 0.004563010511470570914 ),
 ( 0.000000000000000000, 1.000000000000000000 ),
 .UNSPECIFIED. ) 
 GEOMETRIC_REPRESENTATION_ITEM ( )  RATIONAL_B_SPLINE_SURFACE ( (
 ( 1.000000000000000000, 0.7071067811865475727, 1.000000000000000000),
 ( 1.000000000000000000, 0.6951570871120218431, 1.000000000000000000),
 ( 1.000000000000000000, 0.6727307808526334920, 1.000000000000000000),
 ( 1.000000000000000000, 0.6160173504141066569, 1.000000000000000000),
 ( 1.000000000000000000, 0.5821405974648281578, 1.000000000000000000),
 ( 1.000000000000000000, 0.5310013390971515257, 1.000000000000000000),
 ( 1.000000000000000000, 0.5140268755978101289, 1.000000000000000000),
 ( 1.000000000000000000, 0.4815985848991321538, 1.000000000000000000),
 ( 1.000000000000000000, 0.4660193880214419382, 1.000000000000000000),
 ( 1.000000000000000000, 0.4393352589921480922, 1.000000000000000000),
 ( 1.000000000000000000, 0.4281688281018459219, 1.000000000000000000),
 ( 1.000000000000000000, 0.4125462085624976294, 1.000000000000000000),
 ( 1.000000000000000000, 0.4082716763820200545, 1.000000000000000000),
 ( 1.000000000000000000, 0.4082251045491362418, 1.000000000000000000),
 ( 1.000000000000000000, 0.4123193861085068801, 1.000000000000000000),
 ( 1.000000000000000000, 0.4278924496688039092, 1.000000000000000000),
 ( 1.000000000000000000, 0.4391334546921876192, 1.000000000000000000),
 ( 1.000000000000000000, 0.4790710036581802278, 1.000000000000000000),
 ( 1.000000000000000000, 0.5138096317265699042, 1.000000000000000000),
 ( 1.000000000000000000, 0.5820563527523812120, 1.000000000000000000),
 ( 1.000000000000000000, 0.6159038434134689322, 1.000000000000000000),
 ( 1.000000000000000000, 0.6721865885284634690, 1.000000000000000000),
 ( 1.000000000000000000, 0.6952850087998673212, 1.000000000000000000),
 ( 1.000000000000000000, 0.7071067811865464625, 1.000000000000000000) ) ) 
 REPRESENTATION_ITEM ( '' )  SURFACE ( )  );
#2213 = FACE_OUTER_BOUND ( 'NONE', #1792, .T. ) ;
#2214 = ORIENTED_EDGE ( 'NONE', *, *, #1768, .F. ) ;
#2215 = CARTESIAN_POINT ( 'NONE',  ( 14.79686519486550189, 3.000000000000001332, 10.41816562359232279 ) ) ;
#2216 = CARTESIAN_POINT ( 'NONE',  ( -0.3363651137685310655, 2.373966393558439858, -18.96422116186437989 ) ) ;
#2217 = EDGE_CURVE ( 'NONE', #2434, #658, #2011, .T. ) ;
#2218 = CARTESIAN_POINT ( 'NONE',  ( -16.82604507532747107, 2.875701266815313684, -8.193883422994767685 ) ) ;
#2219 = CARTESIAN_POINT ( 'NONE',  ( -0.1276762618209940081, 2.788352425393799461, -18.99663165145519272 ) ) ;
#2220 = FACE_OUTER_BOUND ( 'NONE', #514, .T. ) ;
#2221 = AXIS2_PLACEMENT_3D ( 'NONE', #2093, #2749, #2532 ) ;
#2222 = CARTESIAN_POINT ( 'NONE',  ( 14.26015698400885157, 0.2857471390011880885, -8.621816797496906659 ) ) ;
#2223 = CIRCLE ( 'NONE', #2672, 1.500000000000001332 ) ;
#2224 = ORIENTED_EDGE ( 'NONE', *, *, #793, .T. ) ;
#2225 = DIRECTION ( 'NONE',  ( 0.000000000000000000, 0.000000000000000000, 1.000000000000000000 ) ) ;
#2226 = VERTEX_POINT ( 'NONE', #2244 ) ;
#2227 = CARTESIAN_POINT ( 'NONE',  ( 0.8862702709768397469, 0.000000000000000000, 17.34339538071104414 ) ) ;
#2228 = DIRECTION ( 'NONE',  ( 0.000000000000000000, 0.000000000000000000, -1.000000000000000000 ) ) ;
#2229 = CIRCLE ( 'NONE', #1098, 1.499999999999999556 ) ;
#2230 = ORIENTED_EDGE ( 'NONE', *, *, #2552, .T. ) ;
#2231 = VERTEX_POINT ( 'NONE', #2663 ) ;
#2232 = CARTESIAN_POINT ( 'NONE',  ( -14.57627601972676601, 0.2958585908564347888, -8.055348324000675575 ) ) ;
#2233 = DIRECTION ( 'NONE',  ( -0.000000000000000000, 1.000000000000000000, -0.000000000000000000 ) ) ;
#2234 = DIRECTION ( 'NONE',  ( 0.2497478991595438735, 2.707772148424680198E-16, 0.9683108937037704367 ) ) ;
#2235 = CARTESIAN_POINT ( 'NONE',  ( 0.000000000000000000, 1.000000000000000000, 0.000000000000000000 ) ) ;
#2236 = DIRECTION ( 'NONE',  ( 0.000000000000000000, 0.000000000000000000, 1.000000000000000000 ) ) ;
#2237 = DIRECTION ( 'NONE',  ( 0.000000000000000000, 1.000000000000000000, 0.000000000000000000 ) ) ;
#2238 = CARTESIAN_POINT ( 'NONE',  ( 14.91700581479115861, 2.799999967012387625, -10.24060294497476953 ) ) ;
#2239 = ORIENTED_EDGE ( 'NONE', *, *, #500, .F. ) ;
#2240 = CARTESIAN_POINT ( 'NONE',  ( 0.5702407181144940607, 2.436030913322305480, 18.88981050698187047 ) ) ;
#2241 = ADVANCED_FACE ( 'NONE', ( #1618 ), #2259, .F. ) ;
#2242 = AXIS2_PLACEMENT_3D ( 'NONE', #213, #1938, #3 ) ;
#2243 = VERTEX_POINT ( 'NONE', #299 ) ;
#2244 = CARTESIAN_POINT ( 'NONE',  ( 15.15544456622869340, 2.799999999999999822, -7.249999999998247624 ) ) ;
#2245 = CARTESIAN_POINT ( 'NONE',  ( 1.410119393022248868, 2.799999967012387625, 18.03880745649662387 ) ) ;
#2246 = ORIENTED_EDGE ( 'NONE', *, *, #1917, .T. ) ;
#2247 = CARTESIAN_POINT ( 'NONE',  ( -15.19192523794142780, 2.949337904941010002, -10.47827486311280509 ) ) ;
#2248 = DIRECTION ( 'NONE',  ( 0.000000000000000000, 1.000000000000000000, 0.000000000000000000 ) ) ;
#2249 = CARTESIAN_POINT ( 'NONE',  ( -0.5527341390524863618, 2.811191089068509008, -18.90055359029359394 ) ) ;
#2250 = B_SPLINE_CURVE_WITH_KNOTS ( 'NONE', 3,
 ( #801, #1248, #2743, #2340 ),
 .UNSPECIFIED., .F., .F.,
 ( 4, 4 ),
 ( 0.003673346454422989765, 0.004085032528418947213 ),
 .UNSPECIFIED. ) ;
#2251 = CIRCLE ( 'NONE', #318, 17.36602540378444104 ) ;
#2252 = CARTESIAN_POINT ( 'NONE',  ( -16.34619846873882310, 3.000000000000000000, -7.536696598683051640 ) ) ;
#2253 = CARTESIAN_POINT ( 'NONE',  ( 14.75364343376976706, 2.799999999999999822, 10.19518367343446741 ) ) ;
#2254 = PRODUCT_DEFINITION_FORMATION_WITH_SPECIFIED_SOURCE ( 'ANY', '', #1780, .NOT_KNOWN. ) ;
#2255 = CARTESIAN_POINT ( 'NONE',  ( 14.75364343377214738, 2.799999999999999822, -10.19518367343102128 ) ) ;
#2256 = ORIENTED_EDGE ( 'NONE', *, *, #2114, .T. ) ;
#2257 = CARTESIAN_POINT ( 'NONE',  ( 0.7732317865642583943, 2.848865356154342443, 18.79193674791289581 ) ) ;
#2258 = DIRECTION ( 'NONE',  ( 0.000000000000000000, 1.000000000000000000, 0.000000000000000000 ) ) ;
#2259 = CYLINDRICAL_SURFACE ( 'NONE', #568, 16.00000000000000000 ) ;
#2260 = CARTESIAN_POINT ( 'NONE',  ( 14.97206386405241219, 0.1061622218012222285, 7.864463462465241861 ) ) ;
#2261 = EDGE_CURVE ( 'NONE', #1911, #2243, #1779, .T. ) ;
#2262 = TOROIDAL_SURFACE ( 'NONE', #2396, 1.699999999999999956, 0.2000000000000000111 ) ;
#2263 = VERTEX_POINT ( 'NONE', #2458 ) ;
#2264 = CARTESIAN_POINT ( 'NONE',  ( -16.95143746197483381, 2.602216458436653390, -9.011739485484701717 ) ) ;
#2265 = FACE_OUTER_BOUND ( 'NONE', #896, .T. ) ;
#2266 = CYLINDRICAL_SURFACE ( 'NONE', #2478, 0.8999999999999998002 ) ;
#2267 = CARTESIAN_POINT ( 'NONE',  ( -16.20610977432752264, 2.799999999999999822, 7.679438175304791336 ) ) ;
#2268 = CARTESIAN_POINT ( 'NONE',  ( -14.42735474431060005, 1.039027081965275986E-16, 9.313834314369113798 ) ) ;
#2269 = CARTESIAN_POINT ( 'NONE',  ( -14.75364343376969600, 2.799999999999999822, -10.19518367343457044 ) ) ;
#2270 = CARTESIAN_POINT ( 'NONE',  ( -15.15544456622658309, 2.799999999999999822, -8.750000000001895373 ) ) ;
#2271 = VERTEX_POINT ( 'NONE', #2073 ) ;
#2272 = CIRCLE ( 'NONE', #2719, 0.8999999999999980238 ) ;
#2273 = CARTESIAN_POINT ( 'NONE',  ( 0.3351621179378312387, 2.373741821289919951, 18.96447511244759809 ) ) ;
#2274 = DIRECTION ( 'NONE',  ( -0.000000000000000000, -1.000000000000000000, -0.000000000000000000 ) ) ;
#2275 = CARTESIAN_POINT ( 'NONE',  ( 1.983090264432757922E-12, 0.000000000000000000, -17.50000000000000000 ) ) ;
#2276 = ORIENTED_EDGE ( 'NONE', *, *, #1562, .F. ) ;
#2277 = CARTESIAN_POINT ( 'NONE',  ( -16.88364644438856743, 2.822068029376376685, -8.350988349289659496 ) ) ;
#2278 = CARTESIAN_POINT ( 'NONE',  ( 0.000000000000000000, 3.000000000000000000, 0.000000000000000000 ) ) ;
#2279 = CARTESIAN_POINT ( 'NONE',  ( 1.520724255782735401, 2.968840824838278714, -18.32753500655659806 ) ) ;
#2280 = EDGE_CURVE ( 'NONE', #1445, #2263, #2508, .T. ) ;
#2281 = CARTESIAN_POINT ( 'NONE',  ( 16.63640488227186154, 2.411546141775717356, 9.029609929776512445 ) ) ;
#2282 = CARTESIAN_POINT ( 'NONE',  ( 0.7911227042249084906, 2.516808861919861862, -18.78444019729117542 ) ) ;
#2283 = CARTESIAN_POINT ( 'NONE',  ( -2.105292111292268057E-12, 1.800000000000000266, 17.50000000000000000 ) ) ;
#2284 = AXIS2_PLACEMENT_3D ( 'NONE', #924, #1544, #1770 ) ;
#2285 = CARTESIAN_POINT ( 'NONE',  ( 16.66814593355407581, 2.831213902602779608, -8.820539097441109533 ) ) ;
#2286 = EDGE_LOOP ( 'NONE', ( #1613, #1657, #1517, #2348, #100, #468, #2061, #1987, #2404, #705, #1773, #334 ) ) ;
#2287 = B_SPLINE_CURVE_WITH_KNOTS ( 'NONE', 3,
 ( #2545, #1680, #1006, #2506, #2118, #572, #2739, #2313, #405, #1219 ),
 .UNSPECIFIED., .F., .F.,
 ( 4, 2, 2, 2, 4 ),
 ( 0.001306882272643826448, 0.001633821160826901204, 0.001960760049009975959, 0.002287698937193050931, 0.002614637825376125470 ),
 .UNSPECIFIED. ) ;
#2288 = CARTESIAN_POINT ( 'NONE',  ( -0.6464873019956461908, 2.457597665154468647, 18.86346223485725204 ) ) ;
#2289 = EDGE_CURVE ( 'NONE', #2271, #1731, #1150, .T. ) ;
#2290 = CARTESIAN_POINT ( 'NONE',  ( 0.000000000000000000, 1.600000000000000089, 0.000000000000000000 ) ) ;
#2291 = VECTOR ( 'NONE', #1518, 1000.000000000000000 ) ;
#2292 = CLOSED_SHELL ( 'NONE', ( #2241, #570, #2301, #275, #1359, #372, #1886, #1631, #2619, #1170, #812, #1009, #16, #2030, #419, #737, #483, #578, #617, #2782, #2000, #623, #2574, #919, #2536, #2366, #204, #2604, #1354, #2566, #904, #1753, #126, #2586, #1424, #1251, #1485, #234, #1116, #401, #1527, #1301, #620, #297, #121, #1601, #2659, #1315, #1046, #88, #999, #1330, #2771, #1525, #524, #982, #604, #385, #1026, #412, #1920, #105 ) ) ;
#2293 = EDGE_LOOP ( 'NONE', ( #1094, #1364, #1533, #943, #464 ) ) ;
#2294 = DIRECTION ( 'NONE',  ( 0.000000000000000000, 0.000000000000000000, 1.000000000000000000 ) ) ;
#2295 = CARTESIAN_POINT ( 'NONE',  ( 15.15544456622869340, 1.800000000000000266, -10.24999999999825029 ) ) ;
#2296 = EDGE_CURVE ( 'NONE', #1014, #2124, #1408, .T. ) ;
#2297 = LINE ( 'NONE', #2684, #959 ) ;
#2298 = LINE ( 'NONE', #1019, #9 ) ;
#2299 = DIRECTION ( 'NONE',  ( 0.000000000000000000, 0.000000000000000000, -1.000000000000000000 ) ) ;
#2300 = CARTESIAN_POINT ( 'NONE',  ( -15.72848676744721352, 2.574139783795888814, 10.14380243327279807 ) ) ;
#2301 = ADVANCED_FACE ( 'NONE', ( #1423 ), #1881, .T. ) ;
#2302 = EDGE_CURVE ( 'NONE', #454, #2129, #2128, .T. ) ;
#2303 = CIRCLE ( 'NONE', #1071, 16.50000000000000000 ) ;
#2304 = EDGE_CURVE ( 'NONE', #1293, #1863, #1089, .T. ) ;
#2305 = ORIENTED_EDGE ( 'NONE', *, *, #997, .F. ) ;
#2306 = CARTESIAN_POINT ( 'NONE',  ( 16.83224100936258338, 2.498321068153797064, 9.494119091950590672 ) ) ;
#2307 = CYLINDRICAL_SURFACE ( 'NONE', #644, 0.9000000000000014655 ) ;
#2308 = ORIENTED_EDGE ( 'NONE', *, *, #1066, .T. ) ;
#2309 = DIRECTION ( 'NONE',  ( 0.000000000000000000, 0.000000000000000000, -1.000000000000000000 ) ) ;
#2310 = CARTESIAN_POINT ( 'NONE',  ( -1.452466340553584478, 2.799999999999999822, -17.87462184873966109 ) ) ;
#2311 = CARTESIAN_POINT ( 'NONE',  ( 16.20610977432566813, 2.799999999999999822, 7.679438175308684222 ) ) ;
#2312 = CARTESIAN_POINT ( 'NONE',  ( 0.8279265035153802188, 0.01837699212743353419, -17.13169904630763085 ) ) ;
#2313 = CARTESIAN_POINT ( 'NONE',  ( 0.8274209648885403334, 0.01864165835604633323, 17.13064686395060932 ) ) ;
#2314 = DIRECTION ( 'NONE',  ( -0.000000000000000000, -1.000000000000000000, -0.000000000000000000 ) ) ;
#2315 = CARTESIAN_POINT ( 'NONE',  ( -2.105292111292268057E-12, 2.799999999999999822, 17.50000000000000000 ) ) ;
#2316 = CARTESIAN_POINT ( 'NONE',  ( 16.42581454073786063, 2.772721794525371486, 7.935437122538349541 ) ) ;
#2317 = EDGE_CURVE ( 'NONE', #1863, #1293, #2177, .T. ) ;
#2318 = AXIS2_PLACEMENT_3D ( 'NONE', #2270, #2509, #1433 ) ;
#2319 = EDGE_LOOP ( 'NONE', ( #699, #2130 ) ) ;
#2320 = CARTESIAN_POINT ( 'NONE',  ( -1.171205376968007972, 2.688251286738112977, -18.49040038558868204 ) ) ;
#2321 = ORIENTED_EDGE ( 'NONE', *, *, #1659, .F. ) ;
#2322 = DIRECTION ( 'NONE',  ( 0.000000000000000000, 0.000000000000000000, 1.000000000000000000 ) ) ;
#2323 = CARTESIAN_POINT ( 'NONE',  ( 16.94021985205958813, 2.726042455497145856, -8.632013027545061945 ) ) ;
#2324 = CARTESIAN_POINT ( 'NONE',  ( -16.28011405770445563, 2.602216458436652946, 10.17450572999110747 ) ) ;
#2325 = DIRECTION ( 'NONE',  ( 0.000000000000000000, -1.000000000000000000, 0.000000000000000000 ) ) ;
#2326 = CARTESIAN_POINT ( 'NONE',  ( 16.82604501814357789, 2.875460743298317023, -8.194395184607371263 ) ) ;
#2327 = CIRCLE ( 'NONE', #652, 0.8999999999999998002 ) ;
#2328 = CARTESIAN_POINT ( 'NONE',  ( 16.32712520781355181, 2.799999967012387625, 7.798204511522094151 ) ) ;
#2329 = EDGE_CURVE ( 'NONE', #298, #649, #1821, .T. ) ;
#2330 = ORIENTED_EDGE ( 'NONE', *, *, #186, .T. ) ;
#2331 =( NAMED_UNIT ( * ) SI_UNIT ( $, .STERADIAN. ) SOLID_ANGLE_UNIT ( ) );
#2332 = EDGE_CURVE ( 'NONE', #2443, #2243, #771, .T. ) ;
#2333 = AXIS2_PLACEMENT_3D ( 'NONE', #555, #335, #2294 ) ;
#2334 = VERTEX_POINT ( 'NONE', #1632 ) ;
#2335 = DIRECTION ( 'NONE',  ( -0.000000000000000000, -1.000000000000000000, -0.000000000000000000 ) ) ;
#2336 = CARTESIAN_POINT ( 'NONE',  ( 16.95114128767164274, 2.693695232010435259, -8.726133466941972117 ) ) ;
#2337 = CARTESIAN_POINT ( 'NONE',  ( 15.15544456622663994, 1.800000000000000266, 8.750000000001787015 ) ) ;
#2338 = DIRECTION ( 'NONE',  ( 0.000000000000000000, 0.000000000000000000, 1.000000000000000000 ) ) ;
#2339 = CARTESIAN_POINT ( 'NONE',  ( -16.56792234133955333, 2.789690403732540069, 9.264168451153775408 ) ) ;
#2340 = CARTESIAN_POINT ( 'NONE',  ( -14.75364343377221843, 2.799999999999999822, 10.19518367343091647 ) ) ;
#2341 = CARTESIAN_POINT ( 'NONE',  ( -2.105108414272396017E-12, 1.800000000000000266, 16.00000000000000000 ) ) ;
#2342 = EDGE_CURVE ( 'NONE', #298, #1784, #1455, .T. ) ;
#2343 = CIRCLE ( 'NONE', #1391, 1.500000000000001332 ) ;
#2344 = B_SPLINE_CURVE_WITH_KNOTS ( 'NONE', 3,
 ( #2378, #2133, #1967, #1927, #1297, #2776, #2160, #844, #432, #1951, #19, #2600, #873, #666, #1521, #2392, #457, #1310, #33, #886 ),
 .UNSPECIFIED., .F., .F.,
 ( 4, 2, 2, 2, 2, 2, 2, 2, 2, 4 ),
 ( 0.000000000000000000, 0.0004591683068028714980, 0.0009183366136057429961, 0.001377504920408614440, 0.001836673227211485992, 0.002066257380612921551, 0.002295841534014357328, 0.002755009840817235385, 0.003214178147620113443, 0.003673346454422991500 ),
 .UNSPECIFIED. ) ;
#2345 = VERTEX_POINT ( 'NONE', #373 ) ;
#2346 = DIRECTION ( 'NONE',  ( 0.000000000000000000, 0.000000000000000000, 1.000000000000000000 ) ) ;
#2347 = ORIENTED_EDGE ( 'NONE', *, *, #2114, .F. ) ;
#2348 = ORIENTED_EDGE ( 'NONE', *, *, #1235, .F. ) ;
#2349 = CARTESIAN_POINT ( 'NONE',  ( 0.000000000000000000, 2.999999999999999112, 0.000000000000000000 ) ) ;
#2350 = CARTESIAN_POINT ( 'NONE',  ( 15.15544456622869340, 2.799999999999999822, -8.749999999998248512 ) ) ;
#2351 = CARTESIAN_POINT ( 'NONE',  ( -15.15544456622719061, 10.50000000000000000, 8.749999999999131362 ) ) ;
#2352 = CARTESIAN_POINT ( 'NONE',  ( -16.65289252133446851, 2.462068582714068921, -8.869004920741666353 ) ) ;
#2353 = CARTESIAN_POINT ( 'NONE',  ( -16.59169671094814902, 2.791672380190403313, 9.197398921930455273 ) ) ;
#2354 = CARTESIAN_POINT ( 'NONE',  ( 15.15544456622869340, 1.800000000000000266, -8.749999999998248512 ) ) ;
#2355 = ORIENTED_EDGE ( 'NONE', *, *, #2786, .T. ) ;
#2356 = DIRECTION ( 'NONE',  ( -0.9683108937037658848, 0.000000000000000000, 0.2497478991595609155 ) ) ;
#2357 = TOROIDAL_SURFACE ( 'NONE', #1495, 1.699999999999998623, 0.2000000000000000111 ) ;
#2358 = AXIS2_PLACEMENT_3D ( 'NONE', #409, #2589, #1088 ) ;
#2359 = VERTEX_POINT ( 'NONE', #1437 ) ;
#2360 = ORIENTED_EDGE ( 'NONE', *, *, #2369, .F. ) ;
#2361 = CARTESIAN_POINT ( 'NONE',  ( 16.61958382694896130, 2.972453909298138353, 7.829143294456404334 ) ) ;
#2362 = DIRECTION ( 'NONE',  ( 0.000000000000000000, -1.000000000000000000, 0.000000000000000000 ) ) ;
#2363 = FACE_OUTER_BOUND ( 'NONE', #180, .T. ) ;
#2364 = CARTESIAN_POINT ( 'NONE',  ( -16.44675655676945780, 2.546216698564890635, -10.04055790393843139 ) ) ;
#2365 = CARTESIAN_POINT ( 'NONE',  ( -15.96996421905683050, 2.717128330482438958, 10.34468556914995929 ) ) ;
#2366 = ADVANCED_FACE ( 'NONE', ( #579 ), #2307, .F. ) ;
#2367 = CARTESIAN_POINT ( 'NONE',  ( 1.522240160246560059, 2.967870995156048242, -18.30517776361568494 ) ) ;
#2368 = CIRCLE ( 'NONE', #1146, 16.00000000000000000 ) ;
#2369 = EDGE_CURVE ( 'NONE', #788, #994, #794, .T. ) ;
#2370 = CIRCLE ( 'NONE', #69, 0.9000000000000014655 ) ;
#2371 = VERTEX_POINT ( 'NONE', #1873 ) ;
#2372 = DIRECTION ( 'NONE',  ( 0.000000000000000000, 0.000000000000000000, 1.000000000000000000 ) ) ;
#2373 = CYLINDRICAL_SURFACE ( 'NONE', #2151, 1.500000000000001332 ) ;
#2374 = ORIENTED_EDGE ( 'NONE', *, *, #2261, .F. ) ;
#2375 = ORIENTED_EDGE ( 'NONE', *, *, #1997, .T. ) ;
#2376 = DIRECTION ( 'NONE',  ( 0.000000000000000000, 0.000000000000000000, -1.000000000000000000 ) ) ;
#2377 = CARTESIAN_POINT ( 'NONE',  ( 16.10437745762343908, 2.807423960199403545, 9.924904088093086330 ) ) ;
#2378 = CARTESIAN_POINT ( 'NONE',  ( 16.20610977432746935, 2.799999999999999822, -7.679438175304897918 ) ) ;
#2379 = CARTESIAN_POINT ( 'NONE',  ( -15.11174877653506954, 2.968840824838287595, -10.48075334093751820 ) ) ;
#2380 = CIRCLE ( 'NONE', #975, 1.499999999999997780 ) ;
#2381 = CARTESIAN_POINT ( 'NONE',  ( -15.08519740862145575, 2.772721794525412786, 10.25745410886156073 ) ) ;
#2382 = B_SPLINE_CURVE_WITH_KNOTS ( 'NONE', 3,
 ( #2435, #304, #1158, #2020 ),
 .UNSPECIFIED., .F., .F.,
 ( 4, 4 ),
 ( 0.002299354282520421969, 0.002614637825378459974 ),
 .UNSPECIFIED. ) ;
#2383 = CARTESIAN_POINT ( 'NONE',  ( -15.15544456622619052, 0.000000000000000000, -9.650000000000863665 ) ) ;
#2384 = VECTOR ( 'NONE', #495, 1000.000000000000000 ) ;
#2385 = ORIENTED_EDGE ( 'NONE', *, *, #1917, .F. ) ;
#2386 = CARTESIAN_POINT ( 'NONE',  ( 0.000000000000000000, 3.000000000000000000, 0.000000000000000000 ) ) ;
#2387 = CARTESIAN_POINT ( 'NONE',  ( -15.15544456622719061, 1.799999999999999600, 8.749999999999131362 ) ) ;
#2388 = ORIENTED_EDGE ( 'NONE', *, *, #2781, .F. ) ;
#2389 = ORIENTED_EDGE ( 'NONE', *, *, #2581, .F. ) ;
#2390 = FACE_BOUND ( 'NONE', #921, .T. ) ;
#2391 = DIRECTION ( 'NONE',  ( 0.000000000000000000, 0.000000000000000000, -1.000000000000000000 ) ) ;
#2392 = CARTESIAN_POINT ( 'NONE',  ( 15.85871196413240725, 2.520601691683334700, -10.08286193049764456 ) ) ;
#2393 = CARTESIAN_POINT ( 'NONE',  ( 15.15544456622916591, 1.799999999999999600, -8.749999999999140243 ) ) ;
#2394 = DIRECTION ( 'NONE',  ( 0.000000000000000000, 1.000000000000000000, 0.000000000000000000 ) ) ;
#2395 = FACE_OUTER_BOUND ( 'NONE', #410, .T. ) ;
#2396 = AXIS2_PLACEMENT_3D ( 'NONE', #1466, #367, #2727 ) ;
#2397 = VERTEX_POINT ( 'NONE', #2252 ) ;
#2398 = EDGE_CURVE ( 'NONE', #1275, #1321, #365, .T. ) ;
#2399 = ORIENTED_EDGE ( 'NONE', *, *, #74, .T. ) ;
#2400 = CARTESIAN_POINT ( 'NONE',  ( -1.646128519294326464, 3.000000000000000000, -17.92457142857161756 ) ) ;
#2401 = DIRECTION ( 'NONE',  ( 0.000000000000000000, 0.000000000000000000, 1.000000000000000000 ) ) ;
#2402 = CARTESIAN_POINT ( 'NONE',  ( 15.15544456622916591, 0.000000000000000000, -9.649999999999138822 ) ) ;
#2403 = CIRCLE ( 'NONE', #1184, 0.8999999999999998002 ) ;
#2404 = ORIENTED_EDGE ( 'NONE', *, *, #996, .F. ) ;
#2405 = FACE_OUTER_BOUND ( 'NONE', #2673, .T. ) ;
#2406 = CARTESIAN_POINT ( 'NONE',  ( 0.7571676289400320892, 2.631887217613805063, 19.14281850779947192 ) ) ;
#2407 = FACE_BOUND ( 'NONE', #635, .T. ) ;
#2408 = CARTESIAN_POINT ( 'NONE',  ( -1.404593252271036707, 3.006894317763384450, -18.06023306773565906 ) ) ;
#2409 = DIRECTION ( 'NONE',  ( 1.000000000000000000, 0.000000000000000000, 0.000000000000000000 ) ) ;
#2410 = AXIS2_PLACEMENT_3D ( 'NONE', #1862, #2068, #588 ) ;
#2411 = CARTESIAN_POINT ( 'NONE',  ( 14.50729840600435772, 0.3291297340638181246, -8.118417052353766650 ) ) ;
#2412 = EDGE_CURVE ( 'NONE', #1194, #241, #2495, .T. ) ;
#2413 = VERTEX_POINT ( 'NONE', #160 ) ;
#2414 = CARTESIAN_POINT ( 'NONE',  ( 0.000000000000000000, 1.799999999999999600, 17.50000000000000000 ) ) ;
#2415 = CARTESIAN_POINT ( 'NONE',  ( 16.34619846874063853, 2.799999999999999822, -7.536696598679117010 ) ) ;
#2416 = EDGE_CURVE ( 'NONE', #2100, #2457, #2297, .T. ) ;
#2417 = CIRCLE ( 'NONE', #2682, 1.700000000000000178 ) ;
#2418 = EDGE_CURVE ( 'NONE', #241, #402, #2088, .T. ) ;
#2419 = ORIENTED_EDGE ( 'NONE', *, *, #1499, .T. ) ;
#2420 = ORIENTED_EDGE ( 'NONE', *, *, #1786, .F. ) ;
#2421 = CARTESIAN_POINT ( 'NONE',  ( -15.15544456622875025, 1.800000000000000266, 10.24999999999814193 ) ) ;
#2422 = CARTESIAN_POINT ( 'NONE',  ( 0.000000000000000000, 1.600000000000000089, 0.000000000000000000 ) ) ;
#2423 = CARTESIAN_POINT ( 'NONE',  ( -16.32712520781326759, 2.799999967012387625, -7.798204511521979576 ) ) ;
#2424 = CARTESIAN_POINT ( 'NONE',  ( -0.7874563980029912758, 2.516662051579895198, -18.77922827152080387 ) ) ;
#2425 = CARTESIAN_POINT ( 'NONE',  ( 16.00722982831874575, 2.462068582714170617, -9.987325509596782780 ) ) ;
#2426 = TOROIDAL_SURFACE ( 'NONE', #210, 1.700000000000000400, 0.2000000000000000111 ) ;
#2427 = ORIENTED_EDGE ( 'NONE', *, *, #985, .F. ) ;
#2428 = EDGE_CURVE ( 'NONE', #1743, #882, #78, .T. ) ;
#2429 = ORIENTED_EDGE ( 'NONE', *, *, #1095, .T. ) ;
#2430 = CARTESIAN_POINT ( 'NONE',  ( -0.6524344418239905741, 0.1199767158995255212, 16.87200206791489165 ) ) ;
#2431 = CARTESIAN_POINT ( 'NONE',  ( -16.66252183719129221, 2.504368307662884430, -8.738030460706454505 ) ) ;
#2432 = EDGE_LOOP ( 'NONE', ( #2139, #1644, #313, #2388 ) ) ;
#2433 = VECTOR ( 'NONE', #641, 1000.000000000000000 ) ;
#2434 = VERTEX_POINT ( 'NONE', #2311 ) ;
#2435 = CARTESIAN_POINT ( 'NONE',  ( -15.15544456622619052, 0.04550266720512196467, -7.850000000000864731 ) ) ;
#2436 = DIRECTION ( 'NONE',  ( -0.000000000000000000, 1.000000000000000000, -0.000000000000000000 ) ) ;
#2437 = CARTESIAN_POINT ( 'NONE',  ( -16.50160625626208244, 3.000000000000000000, -7.679717478013433407 ) ) ;
#2438 = CARTESIAN_POINT ( 'NONE',  ( -1.452466340553584478, 2.799999999999999822, -17.87462184873966109 ) ) ;
#2439 = CARTESIAN_POINT ( 'NONE',  ( -14.26151163452857240, 0.1697374267627987099, 8.886981155797299081 ) ) ;
#2440 = CARTESIAN_POINT ( 'NONE',  ( 16.51430775029884046, 2.788355583575907293, -9.390066836103473591 ) ) ;
#2441 = ORIENTED_EDGE ( 'NONE', *, *, #1562, .T. ) ;
#2442 = CARTESIAN_POINT ( 'NONE',  ( -0.09493815861234086717, 2.490670770922728039, 19.33338346857770418 ) ) ;
#2443 = VERTEX_POINT ( 'NONE', #1400 ) ;
#2444 = DIRECTION ( 'NONE',  ( -0.000000000000000000, -1.000000000000000000, -0.000000000000000000 ) ) ;
#2445 = CARTESIAN_POINT ( 'NONE',  ( 1.045547687807277359, 2.631583668497130546, 18.58754680194294906 ) ) ;
#2446 = CARTESIAN_POINT ( 'NONE',  ( -14.70006994944468026, 2.799999999999999822, 10.38787482988862187 ) ) ;
#2447 = ORIENTED_EDGE ( 'NONE', *, *, #1395, .F. ) ;
#2448 = CARTESIAN_POINT ( 'NONE',  ( -14.50803460213216844, 0.3288388284384532456, -8.117631085814920766 ) ) ;
#2449 = CARTESIAN_POINT ( 'NONE',  ( -15.15544456622875025, 1.800000000000000266, 8.749999999998145483 ) ) ;
#2450 = DIRECTION ( 'NONE',  ( -0.000000000000000000, -1.000000000000000000, -0.000000000000000000 ) ) ;
#2451 = CARTESIAN_POINT ( 'NONE',  ( 1.102182119232616555E-16, 0.000000000000000000, 18.40000000000000213 ) ) ;
#2452 = DIRECTION ( 'NONE',  ( 0.000000000000000000, 0.000000000000000000, 1.000000000000000000 ) ) ;
#2453 = LINE ( 'NONE', #2489, #2529 ) ;
#2454 = CARTESIAN_POINT ( 'NONE',  ( 16.29877884992634307, 2.595589908293345349, -10.16108906175527160 ) ) ;
#2455 = ORIENTED_EDGE ( 'NONE', *, *, #2428, .T. ) ;
#2456 = CARTESIAN_POINT ( 'NONE',  ( -1.520724255782863965, 2.968840824838280934, 18.32753500655657675 ) ) ;
#2457 = VERTEX_POINT ( 'NONE', #750 ) ;
#2458 = CARTESIAN_POINT ( 'NONE',  ( -1.452466340553584478, 2.799999999999999822, -17.87462184873966109 ) ) ;
#2459 = AXIS2_PLACEMENT_3D ( 'NONE', #2578, #1604, #2228 ) ;
#2460 = VERTEX_POINT ( 'NONE', #341 ) ;
#2461 = CARTESIAN_POINT ( 'NONE',  ( -16.95677456590834353, 2.632207497716438027, -8.914666833206302599 ) ) ;
#2462 = DIRECTION ( 'NONE',  ( 0.000000000000000000, -0.000000000000000000, 1.000000000000000000 ) ) ;
#2463 = AXIS2_PLACEMENT_3D ( 'NONE', #75, #2234, #2655 ) ;
#2464 = CARTESIAN_POINT ( 'NONE',  ( -14.38991049858436178, 0.3622422952115687544, 8.267353073096213478 ) ) ;
#2465 = CARTESIAN_POINT ( 'NONE',  ( 15.86956054760243973, 2.516662051579748649, -10.07157138080357406 ) ) ;
#2466 = ORIENTED_EDGE ( 'NONE', *, *, #1812, .T. ) ;
#2467 = CARTESIAN_POINT ( 'NONE',  ( -1.045267354901569856, 2.631443243764349127, 18.58783734568661217 ) ) ;
#2468 = DIRECTION ( 'NONE',  ( -0.000000000000000000, -1.000000000000000000, -0.000000000000000000 ) ) ;
#2469 = DIRECTION ( 'NONE',  ( -0.000000000000000000, 1.000000000000000000, -0.000000000000000000 ) ) ;
#2470 = CARTESIAN_POINT ( 'NONE',  ( 14.32779057901421105, 0.05846855033974064642, 9.145921810624251691 ) ) ;
#2471 = ORIENTED_EDGE ( 'NONE', *, *, #1930, .T. ) ;
#2472 = DIRECTION ( 'NONE',  ( -0.2497478991597860132, 0.000000000000000000, 0.9683108937037079311 ) ) ;
#2473 = CARTESIAN_POINT ( 'NONE',  ( 1.983090264432757922E-12, 1.799999999999999600, -18.40000000000000213 ) ) ;
#2474 = CARTESIAN_POINT ( 'NONE',  ( 1.190121870461689380, 2.812714726853227987, -18.81823189394537010 ) ) ;
#2475 = CARTESIAN_POINT ( 'NONE',  ( 0.000000000000000000, 0.000000000000000000, -20.00000000000000000 ) ) ;
#2476 = CARTESIAN_POINT ( 'NONE',  ( -14.79643945788595083, 0.1857352197002052618, 7.905764015367847009 ) ) ;
#2477 = CARTESIAN_POINT ( 'NONE',  ( -0.8669662341962671714, 4.912791094074941350E-17, -17.23414832283754095 ) ) ;
#2478 = AXIS2_PLACEMENT_3D ( 'NONE', #2697, #120, #1841 ) ;
#2479 = CARTESIAN_POINT ( 'NONE',  ( 15.15544456622663994, 1.800000000000000266, 7.250000000001786127 ) ) ;
#2480 = ORIENTED_EDGE ( 'NONE', *, *, #36, .F. ) ;
#2481 = CARTESIAN_POINT ( 'NONE',  ( -1.646128519298512449, 3.000000000000000000, 17.92457142857123742 ) ) ;
#2482 = DIRECTION ( 'NONE',  ( -0.9683108937037122610, 0.000000000000000000, -0.2497478991597689435 ) ) ;
#2483 = EDGE_CURVE ( 'NONE', #2186, #580, #424, .T. ) ;
#2484 = ORIENTED_EDGE ( 'NONE', *, *, #186, .F. ) ;
#2485 = DIRECTION ( 'NONE',  ( -0.000000000000000000, -1.000000000000000000, -0.000000000000000000 ) ) ;
#2486 = DIRECTION ( 'NONE',  ( 0.000000000000000000, 0.000000000000000000, 1.000000000000000000 ) ) ;
#2487 = FACE_OUTER_BOUND ( 'NONE', #2057, .T. ) ;
#2488 = CARTESIAN_POINT ( 'NONE',  ( 16.21340310726488099, 2.383716921746647177, 9.824240937925589279 ) ) ;
#2489 = CARTESIAN_POINT ( 'NONE',  ( 1.983090264432757922E-12, 1.800000000000000266, -16.00000000000000000 ) ) ;
#2490 = DIRECTION ( 'NONE',  ( 0.000000000000000000, 0.000000000000000000, 1.000000000000000000 ) ) ;
#2491 = CARTESIAN_POINT ( 'NONE',  ( -16.48114314662281998, 2.340681632990064376, 9.455899625817339782 ) ) ;
#2492 = VERTEX_POINT ( 'NONE', #2267 ) ;
#2493 = TOROIDAL_SURFACE ( 'NONE', #1270, 1.699999999999999956, 0.2000000000000000111 ) ;
#2494 = CARTESIAN_POINT ( 'NONE',  ( 15.15544456622663994, 1.800000000000000266, 10.25000000000178879 ) ) ;
#2495 = CIRCLE ( 'NONE', #2579, 0.2000000000000003164 ) ;
#2496 = CARTESIAN_POINT ( 'NONE',  ( 0.000000000000000000, 3.000000000000000000, 0.000000000000000000 ) ) ;
#2497 = EDGE_CURVE ( 'NONE', #704, #2359, #1272, .T. ) ;
#2498 = VERTEX_POINT ( 'NONE', #2475 ) ;
#2499 = CARTESIAN_POINT ( 'NONE',  ( 1.646128519294200565, 2.799999999999999822, 17.92457142857162822 ) ) ;
#2500 = CYLINDRICAL_SURFACE ( 'NONE', #1134, 0.9000000000000014655 ) ;
#2501 = EDGE_CURVE ( 'NONE', #580, #1104, #155, .T. ) ;
#2502 = PRODUCT_DEFINITION ( 'UNKNOWN', '', #2254, #1087 ) ;
#2503 = CARTESIAN_POINT ( 'NONE',  ( 1.600019680746893158, 2.999999999999999556, -18.13045918924296274 ) ) ;
#2504 = EDGE_CURVE ( 'NONE', #2124, #2434, #2095, .T. ) ;
#2505 = CARTESIAN_POINT ( 'NONE',  ( 16.10177935079239830, 2.425064150024270226, 9.922945157156391360 ) ) ;
#2506 = CARTESIAN_POINT ( 'NONE',  ( 0.4105373363225115479, 0.2545767886519494927, 16.69253965870877110 ) ) ;
#2507 = CARTESIAN_POINT ( 'NONE',  ( 1.983090264432757922E-12, 2.799999999999999822, -17.50000000000000000 ) ) ;
#2508 = CIRCLE ( 'NONE', #791, 0.2000000000000000666 ) ;
#2509 = DIRECTION ( 'NONE',  ( 0.000000000000000000, 1.000000000000000000, 0.000000000000000000 ) ) ;
#2510 =( BOUNDED_SURFACE ( )  B_SPLINE_SURFACE ( 3, 2, ( 
 ( #174, #668, #875 ),
 ( #821, #1523, #2778 ),
 ( #2381, #2135, #1904 ),
 ( #230, #1683, #1284 ),
 ( #217, #1074, #1942 ),
 ( #1299, #1494, #2365 ),
 ( #2573, #2588, #846 ),
 ( #655, #199, #1696 ),
 ( #396, #2765, #2162 ),
 ( #7, #1929, #1246 ),
 ( #2561, #2109, #1953 ),
 ( #434, #859, #1710 ),
 ( #2752, #1510, #2149 ),
 ( #1723, #446, #836 ),
 ( #1086, #1739, #2547 ),
 ( #629, #2339, #407 ),
 ( #1258, #2353, #2121 ),
 ( #1481, #185, #1045 ),
 ( #421, #1269, #773 ),
 ( #2010, #1198, #2176 ),
 ( #984, #1993, #77 ),
 ( #1765, #131, #288 ),
 ( #2642, #1145, #1130 ),
 ( #488, #259, #681 ) ),
 .UNSPECIFIED., .F., .F., .T. ) 
 B_SPLINE_SURFACE_WITH_KNOTS ( ( 4, 2, 2, 2, 2, 2, 2, 2, 2, 2, 2, 4 ),
 ( 3, 3 ),
 ( 5.421010862427522170E-20, 0.0005703763139338190874, 0.001140752627867638175, 0.001425940784834547718, 0.001711128941801457262, 0.001996317098768366806, 0.002281505255735276350, 0.002566693412702185893, 0.002851881569669095437, 0.003422257883602914524, 0.003992634197536733612, 0.004563010511470552699 ),
 ( 0.000000000000000000, 1.000000000000000000 ),
 .UNSPECIFIED. ) 
 GEOMETRIC_REPRESENTATION_ITEM ( )  RATIONAL_B_SPLINE_SURFACE ( (
 ( 1.000000000000000000, 0.7071067811865475727, 1.000000000000000000),
 ( 1.000000000000000000, 0.6951570871117538353, 1.000000000000000000),
 ( 1.000000000000000000, 0.6727307808529952027, 1.000000000000000000),
 ( 1.000000000000000000, 0.6160173504137433920, 1.000000000000000000),
 ( 1.000000000000000000, 0.5821405974651764348, 1.000000000000000000),
 ( 1.000000000000000000, 0.5310013390969743341, 1.000000000000000000),
 ( 1.000000000000000000, 0.5140268755978564252, 1.000000000000000000),
 ( 1.000000000000000000, 0.4815985848990832485, 1.000000000000000000),
 ( 1.000000000000000000, 0.4660193880215346418, 1.000000000000000000),
 ( 1.000000000000000000, 0.4393352589920549445, 1.000000000000000000),
 ( 1.000000000000000000, 0.4281688281018389275, 1.000000000000000000),
 ( 1.000000000000000000, 0.4125462085625119513, 1.000000000000000000),
 ( 1.000000000000000000, 0.4082716763820220529, 1.000000000000000000),
 ( 1.000000000000000000, 0.4082251045491382402, 1.000000000000000000),
 ( 1.000000000000000000, 0.4123193861084894496, 1.000000000000000000),
 ( 1.000000000000000000, 0.4278924496688238377, 1.000000000000000000),
 ( 1.000000000000000000, 0.4391334546922553983, 1.000000000000000000),
 ( 1.000000000000000000, 0.4790710036580487774, 1.000000000000000000),
 ( 1.000000000000000000, 0.5138096317263896040, 1.000000000000000000),
 ( 1.000000000000000000, 0.5820563527525619563, 1.000000000000000000),
 ( 1.000000000000000000, 0.6159038434135630791, 1.000000000000000000),
 ( 1.000000000000000000, 0.6721865885283673236, 1.000000000000000000),
 ( 1.000000000000000000, 0.6952850087999362660, 1.000000000000000000),
 ( 1.000000000000000000, 0.7071067811865475727, 1.000000000000000000) ) ) 
 REPRESENTATION_ITEM ( '' )  SURFACE ( )  );
#2511 = ORIENTED_EDGE ( 'NONE', *, *, #2783, .F. ) ;
#2512 = CARTESIAN_POINT ( 'NONE',  ( 16.91910841886609163, 2.546584045754020753, 9.221456222029512872 ) ) ;
#2513 = DIRECTION ( 'NONE',  ( 0.000000000000000000, 1.000000000000000000, 0.000000000000000000 ) ) ;
#2514 = AXIS2_PLACEMENT_3D ( 'NONE', #581, #1439, #2309 ) ;
#2515 = ORIENTED_EDGE ( 'NONE', *, *, #837, .T. ) ;
#2516 = CARTESIAN_POINT ( 'NONE',  ( -16.94005734575750566, 2.726415546063579054, -8.630924383418784984 ) ) ;
#2517 = CARTESIAN_POINT ( 'NONE',  ( -15.15544456622875025, 2.799999999999999822, 8.749999999998145483 ) ) ;
#2518 = DIRECTION ( 'NONE',  ( 0.000000000000000000, 0.000000000000000000, -1.000000000000000000 ) ) ;
#2519 = DIRECTION ( 'NONE',  ( -0.000000000000000000, -1.000000000000000000, -0.000000000000000000 ) ) ;
#2520 = CARTESIAN_POINT ( 'NONE',  ( -16.19871522678537090, 2.632207497716435807, 10.22766412371935729 ) ) ;
#2521 = CARTESIAN_POINT ( 'NONE',  ( 15.15544456622663994, 2.799999999999999822, 7.250000000001786127 ) ) ;
#2522 = CARTESIAN_POINT ( 'NONE',  ( 16.59169671094808507, 2.791672380190613811, -9.197398921930322047 ) ) ;
#2523 = AXIS2_PLACEMENT_3D ( 'NONE', #701, #647, #2154 ) ;
#2524 = ORIENTED_EDGE ( 'NONE', *, *, #1061, .T. ) ;
#2525 = DIRECTION ( 'NONE',  ( 0.000000000000000000, 0.000000000000000000, 1.000000000000000000 ) ) ;
#2526 = VERTEX_POINT ( 'NONE', #616 ) ;
#2527 = CARTESIAN_POINT ( 'NONE',  ( 15.15544456622817293, 0.000000000000000000, 8.750000000000866862 ) ) ;
#2528 = CARTESIAN_POINT ( 'NONE',  ( 0.000000000000000000, 0.000000000000000000, 0.000000000000000000 ) ) ;
#2529 = VECTOR ( 'NONE', #2024, 1000.000000000000000 ) ;
#2530 = ORIENTED_EDGE ( 'NONE', *, *, #1702, .F. ) ;
#2531 = DIRECTION ( 'NONE',  ( 0.000000000000000000, 0.000000000000000000, 1.000000000000000000 ) ) ;
#2532 = DIRECTION ( 'NONE',  ( 0.000000000000000000, 0.000000000000000000, 1.000000000000000000 ) ) ;
#2533 = CARTESIAN_POINT ( 'NONE',  ( -15.36220704405261372, 0.000000000000000000, 7.867536806362665835 ) ) ;
#2534 = CARTESIAN_POINT ( 'NONE',  ( -0.8274209648865934463, 0.01864165835604820673, -17.13064686395068392 ) ) ;
#2535 = DIRECTION ( 'NONE',  ( 0.000000000000000000, 1.000000000000000000, 0.000000000000000000 ) ) ;
#2536 = ADVANCED_FACE ( 'NONE', ( #630 ), #1471, .F. ) ;
#2537 = CARTESIAN_POINT ( 'NONE',  ( 16.64417613077774760, 2.436030913322387192, 8.951062305331582536 ) ) ;
#2538 = EDGE_CURVE ( 'NONE', #2747, #1743, #109, .T. ) ;
#2539 = CIRCLE ( 'NONE', #1539, 15.00000000000000000 ) ;
#2540 = AXIS2_PLACEMENT_3D ( 'NONE', #533, #122, #974 ) ;
#2541 = ORIENTED_EDGE ( 'NONE', *, *, #1078, .F. ) ;
#2542 = ORIENTED_EDGE ( 'NONE', *, *, #2085, .F. ) ;
#2543 = CARTESIAN_POINT ( 'NONE',  ( 16.88364644438861717, 2.822068029376377574, 8.350988349289538704 ) ) ;
#2544 = DIRECTION ( 'NONE',  ( -1.000000000000000000, 0.000000000000000000, 0.000000000000000000 ) ) ;
#2545 = CARTESIAN_POINT ( 'NONE',  ( 1.086761238497965554E-13, 0.3571897008005363583, 16.60000000000000142 ) ) ;
#2546 = CARTESIAN_POINT ( 'NONE',  ( -16.10437745762297368, 2.807423960200198465, -9.924904088092963761 ) ) ;
#2547 = CARTESIAN_POINT ( 'NONE',  ( -16.83081907224340057, 2.497916581428633709, 9.497573924734435735 ) ) ;
#2548 = CARTESIAN_POINT ( 'NONE',  ( 16.65289252133452536, 2.462068582714049381, 8.869004920741543785 ) ) ;
#2549 = CIRCLE ( 'NONE', #2284, 18.00000000000000355 ) ;
#2550 = DIRECTION ( 'NONE',  ( 0.000000000000000000, 0.000000000000000000, 1.000000000000000000 ) ) ;
#2551 = AXIS2_PLACEMENT_3D ( 'NONE', #1479, #1072, #1536 ) ;
#2552 = EDGE_CURVE ( 'NONE', #937, #1336, #2223, .T. ) ;
#2553 = VERTEX_POINT ( 'NONE', #2383 ) ;
#2554 = AXIS2_PLACEMENT_3D ( 'NONE', #597, #2335, #2322 ) ;
#2555 = CIRCLE ( 'NONE', #1790, 20.00000000000000000 ) ;
#2556 = VERTEX_POINT ( 'NONE', #2341 ) ;
#2557 = CARTESIAN_POINT ( 'NONE',  ( 0.6524344418259285794, 0.1199767158995092842, -16.87200206791484547 ) ) ;
#2558 = DIRECTION ( 'NONE',  ( 0.000000000000000000, 0.000000000000000000, 1.000000000000000000 ) ) ;
#2559 = CARTESIAN_POINT ( 'NONE',  ( -16.90830689451924229, 2.524551347211080099, 9.301811310904298580 ) ) ;
#2560 = CARTESIAN_POINT ( 'NONE',  ( -14.75364343376969600, 2.799999999999999822, -10.19518367343457044 ) ) ;
#2561 = CARTESIAN_POINT ( 'NONE',  ( -16.25613615784845933, 2.373741821289839571, 9.772496464744133249 ) ) ;
#2562 = CARTESIAN_POINT ( 'NONE',  ( 1.478637115181030026, 2.949401441100429011, -18.39543734343039461 ) ) ;
#2563 = AXIS2_PLACEMENT_3D ( 'NONE', #1369, #2236, #2409 ) ;
#2564 = ORIENTED_EDGE ( 'NONE', *, *, #1078, .T. ) ;
#2565 = DIRECTION ( 'NONE',  ( -0.2497478991595606934, 0.000000000000000000, -0.9683108937037661068 ) ) ;
#2566 = ADVANCED_FACE ( 'NONE', ( #2395 ), #436, .T. ) ;
#2567 = ORIENTED_EDGE ( 'NONE', *, *, #2552, .F. ) ;
#2568 = ORIENTED_EDGE ( 'NONE', *, *, #1271, .T. ) ;
#2569 = DIRECTION ( 'NONE',  ( 0.000000000000000000, 1.000000000000000000, 0.000000000000000000 ) ) ;
#2570 = CARTESIAN_POINT ( 'NONE',  ( 16.81546591545063052, 2.882608354211009694, -8.171072564338574651 ) ) ;
#2571 = CARTESIAN_POINT ( 'NONE',  ( -16.94021985205964143, 2.726042455497148076, 8.632013027544950035 ) ) ;
#2572 = CARTESIAN_POINT ( 'NONE',  ( -16.65261124231400203, 2.545415502743302749, -8.627631918018350277 ) ) ;
#2573 = CARTESIAN_POINT ( 'NONE',  ( -15.86956054760254098, 2.516662051579897863, 10.07157138080344261 ) ) ;
#2574 = ADVANCED_FACE ( 'NONE', ( #1919 ), #422, .F. ) ;
#2575 = CYLINDRICAL_SURFACE ( 'NONE', #1868, 1.499999999999999556 ) ;
#2576 = ORIENTED_EDGE ( 'NONE', *, *, #202, .F. ) ;
#2577 = FACE_BOUND ( 'NONE', #1505, .T. ) ;
#2578 = CARTESIAN_POINT ( 'NONE',  ( 15.15544456622817293, 10.50000000000000000, 8.750000000000866862 ) ) ;
#2579 = AXIS2_PLACEMENT_3D ( 'NONE', #779, #2698, #1190 ) ;
#2580 = VERTEX_POINT ( 'NONE', #461 ) ;
#2581 = EDGE_CURVE ( 'NONE', #2526, #1784, #316, .T. ) ;
#2582 = ORIENTED_EDGE ( 'NONE', *, *, #1274, .F. ) ;
#2583 = CARTESIAN_POINT ( 'NONE',  ( 16.49529996449002311, 3.000000000000000000, 7.673913813361409986 ) ) ;
#2584 = CARTESIAN_POINT ( 'NONE',  ( 16.38919029844869968, 2.788355583576108909, 9.606776619621260949 ) ) ;
#2585 = DIRECTION ( 'NONE',  ( 0.000000000000000000, -0.000000000000000000, -1.000000000000000000 ) ) ;
#2586 = ADVANCED_FACE ( 'NONE', ( #669, #8 ), #2163, .T. ) ;
#2587 = CARTESIAN_POINT ( 'NONE',  ( -15.13310186420840431, 2.987888903789172268, -10.26007059393774057 ) ) ;
#2588 = CARTESIAN_POINT ( 'NONE',  ( -15.95912053374575912, 2.834548508290255064, 10.02285274829925577 ) ) ;
#2589 = DIRECTION ( 'NONE',  ( -0.000000000000000000, -1.000000000000000000, -0.000000000000000000 ) ) ;
#2590 = AXIS2_PLACEMENT_3D ( 'NONE', #270, #2233, #1810 ) ;
#2591 = VECTOR ( 'NONE', #2745, 1000.000000000000000 ) ;
#2592 =( BOUNDED_SURFACE ( )  B_SPLINE_SURFACE ( 3, 2, ( 
 ( #1160, #722, #1565 ),
 ( #2423, #1340, #2437 ),
 ( #1580, #2204, #271 ),
 ( #1350, #501, #2218 ),
 ( #286, #1143, #1941 ),
 ( #2572, #1709, #1682 ),
 ( #6, #2134, #2120 ),
 ( #2352, #198, #2161 ),
 ( #858, #1085, #1952 ),
 ( #654, #1298, #2147 ),
 ( #34, #640, #184 ),
 ( #445, #458, #20 ),
 ( #1493, #2777, #1044 ),
 ( #874, #420, #1100 ),
 ( #1915, #845, #1968 ),
 ( #1311, #2764, #1480 ),
 ( #1722, #1268, #2364 ),
 ( #1057, #2546, #433 ),
 ( #1509, #613, #1283 ),
 ( #2175, #1928, #216 ),
 ( #835, #229, #1738 ),
 ( #1073, #2587, #2379 ),
 ( #2601, #667, #1467 ),
 ( #2560, #1522, #1695 ) ),
 .UNSPECIFIED., .F., .F., .F. ) 
 B_SPLINE_SURFACE_WITH_KNOTS ( ( 4, 2, 2, 2, 2, 2, 2, 2, 2, 2, 2, 4 ),
 ( 3, 3 ),
 ( 1.084202172485504434E-19, 0.0005703763139338206053, 0.001140752627867640994, 0.001425940784834551188, 0.001711128941801461599, 0.001996317098768372010, 0.002281505255735281987, 0.002566693412702191965, 0.002851881569669102376, 0.003422257883602923198, 0.003992634197536744020, 0.004563010511470563975 ),
 ( 0.000000000000000000, 1.000000000000000000 ),
 .UNSPECIFIED. ) 
 GEOMETRIC_REPRESENTATION_ITEM ( )  RATIONAL_B_SPLINE_SURFACE ( (
 ( 1.000000000000000000, 0.7071067811865464625, 1.000000000000000000),
 ( 1.000000000000000000, 0.6951570871117543904, 1.000000000000000000),
 ( 1.000000000000000000, 0.6727307808529954247, 1.000000000000000000),
 ( 1.000000000000000000, 0.6160173504137433920, 1.000000000000000000),
 ( 1.000000000000000000, 0.5821405974650938342, 1.000000000000000000),
 ( 1.000000000000000000, 0.5310013390970190761, 1.000000000000000000),
 ( 1.000000000000000000, 0.5140268755979092719, 1.000000000000000000),
 ( 1.000000000000000000, 0.4815985848990299578, 1.000000000000000000),
 ( 1.000000000000000000, 0.4660193880216636497, 1.000000000000000000),
 ( 1.000000000000000000, 0.4393352589919183870, 1.000000000000000000),
 ( 1.000000000000000000, 0.4281688281018455333, 1.000000000000000000),
 ( 1.000000000000000000, 0.4125462085624972408, 1.000000000000000000),
 ( 1.000000000000000000, 0.4082716763823008299, 1.000000000000000000),
 ( 1.000000000000000000, 0.4082251045488574648, 1.000000000000000000),
 ( 1.000000000000000000, 0.4123193861084974432, 1.000000000000000000),
 ( 1.000000000000000000, 0.4278924496688158441, 1.000000000000000000),
 ( 1.000000000000000000, 0.4391334546921404902, 1.000000000000000000),
 ( 1.000000000000000000, 0.4790710036582684350, 1.000000000000000000),
 ( 1.000000000000000000, 0.5138096317267629720, 1.000000000000000000),
 ( 1.000000000000000000, 0.5820563527521914748, 1.000000000000000000),
 ( 1.000000000000000000, 0.6159038434129064932, 1.000000000000000000),
 ( 1.000000000000000000, 0.6721865885290213560, 1.000000000000000000),
 ( 1.000000000000000000, 0.6952850087994437711, 1.000000000000000000),
 ( 1.000000000000000000, 0.7071067811865475727, 1.000000000000000000) ) ) 
 REPRESENTATION_ITEM ( '' )  SURFACE ( )  );
#2593 = ORIENTED_EDGE ( 'NONE', *, *, #1617, .F. ) ;
#2594 = LINE ( 'NONE', #1529, #608 ) ;
#2595 = CARTESIAN_POINT ( 'NONE',  ( 15.36220704405343263, 4.130835824877435124E-16, -7.867536806362480206 ) ) ;
#2596 = EDGE_LOOP ( 'NONE', ( #2239, #522, #830, #2455, #2542, #2196, #1093, #1081, #327, #193 ) ) ;
#2597 = VERTEX_POINT ( 'NONE', #1943 ) ;
#2598 = CARTESIAN_POINT ( 'NONE',  ( -14.25239641613252140, 0.2106091338187542628, -8.798896223978101006 ) ) ;
#2599 = CARTESIAN_POINT ( 'NONE',  ( 15.87317889186754627, 2.516446444577403518, 10.07696321414364604 ) ) ;
#2600 = CARTESIAN_POINT ( 'NONE',  ( 16.40304267449756992, 2.342967670408839798, -9.586223635178734881 ) ) ;
#2601 = CARTESIAN_POINT ( 'NONE',  ( -14.91681978368834116, 2.799999970237993185, -10.24055122317429323 ) ) ;
#2602 = CIRCLE ( 'NONE', #2015, 1.500000000000001332 ) ;
#2603 = CARTESIAN_POINT ( 'NONE',  ( -15.15544456622875025, 2.752925400380114240, 10.24999999999814193 ) ) ;
#2604 = ADVANCED_FACE ( 'NONE', ( #1260 ), #2779, .F. ) ;
#2605 = CARTESIAN_POINT ( 'NONE',  ( 15.15544456622919611, 0.04550266720453532976, -7.849999999999142553 ) ) ;
#2606 = EDGE_LOOP ( 'NONE', ( #2399, #1331, #1869, #1587, #719 ) ) ;
#2607 = DIRECTION ( 'NONE',  ( 0.000000000000000000, 0.000000000000000000, 1.000000000000000000 ) ) ;
#2608 = FACE_OUTER_BOUND ( 'NONE', #2209, .T. ) ;
#2609 = ORIENTED_EDGE ( 'NONE', *, *, #1700, .F. ) ;
#2610 = ORIENTED_EDGE ( 'NONE', *, *, #1409, .T. ) ;
#2611 = DIRECTION ( 'NONE',  ( 0.000000000000000000, 0.000000000000000000, 1.000000000000000000 ) ) ;
#2612 = CARTESIAN_POINT ( 'NONE',  ( 16.19926155034723436, 2.391595032701561152, 9.830365622391536107 ) ) ;
#2613 = FACE_OUTER_BOUND ( 'NONE', #2293, .T. ) ;
#2614 = CARTESIAN_POINT ( 'NONE',  ( -1.452466340553584478, 3.000000000000000000, -17.87462184873966109 ) ) ;
#2615 = EDGE_CURVE ( 'NONE', #90, #2652, #289, .T. ) ;
#2616 = CARTESIAN_POINT ( 'NONE',  ( 16.41213124522372979, 2.341678199089582524, -9.573273838609479114 ) ) ;
#2617 = AXIS2_PLACEMENT_3D ( 'NONE', #1176, #961, #80 ) ;
#2618 = CARTESIAN_POINT ( 'NONE',  ( 2.073695980529378606E-15, 0.5000000000000000000, -16.50000000000000000 ) ) ;
#2619 = ADVANCED_FACE ( 'NONE', ( #21 ), #2575, .F. ) ;
#2620 = ORIENTED_EDGE ( 'NONE', *, *, #2289, .T. ) ;
#2621 = CARTESIAN_POINT ( 'NONE',  ( -0.7571676289400904869, 2.631887217613776198, -19.14281850779950744 ) ) ;
#2622 = CARTESIAN_POINT ( 'NONE',  ( -16.21340310726481704, 2.383716921746643624, -9.824240937925695860 ) ) ;
#2623 = EDGE_LOOP ( 'NONE', ( #2214, #425, #590, #278, #481 ) ) ;
#2624 = AXIS2_PLACEMENT_3D ( 'NONE', #1900, #430, #2376 ) ;
#2625 = ORIENTED_EDGE ( 'NONE', *, *, #772, .T. ) ;
#2626 = DIRECTION ( 'NONE',  ( -0.000000000000000000, -1.000000000000000000, -0.000000000000000000 ) ) ;
#2627 = CARTESIAN_POINT ( 'NONE',  ( 15.97288390023370397, 2.831213902602884858, 10.02476826372340035 ) ) ;
#2628 = CARTESIAN_POINT ( 'NONE',  ( 1.983090264432757922E-12, 2.799999999999999822, -16.00000000000000000 ) ) ;
#2629 = CARTESIAN_POINT ( 'NONE',  ( -0.8545572056519024073, 2.545415502743303193, -18.73540033419940798 ) ) ;
#2630 = EDGE_CURVE ( 'NONE', #510, #1476, #1324, .T. ) ;
#2631 = CARTESIAN_POINT ( 'NONE',  ( 15.88767871672099474, 2.848865356154206552, -10.06560674413480783 ) ) ;
#2632 = ORIENTED_EDGE ( 'NONE', *, *, #1872, .F. ) ;
#2633 = CARTESIAN_POINT ( 'NONE',  ( -0.8279265035134335537, 0.01837699212743623689, 17.13169904630771967 ) ) ;
#2634 = PLANE ( 'NONE',  #1895 ) ;
#2635 = CIRCLE ( 'NONE', #1422, 15.00000000000000000 ) ;
#2636 = CARTESIAN_POINT ( 'NONE',  ( 0.000000000000000000, 0.000000000000000000, 0.000000000000000000 ) ) ;
#2637 = ORIENTED_EDGE ( 'NONE', *, *, #538, .F. ) ;
#2638 = DIRECTION ( 'NONE',  ( 0.000000000000000000, 1.000000000000000000, 0.000000000000000000 ) ) ;
#2639 = CARTESIAN_POINT ( 'NONE',  ( -15.15544456622619052, 0.000000000000000000, -8.750000000000865086 ) ) ;
#2640 = DIRECTION ( 'NONE',  ( 0.000000000000000000, 0.000000000000000000, 1.000000000000000000 ) ) ;
#2641 = CARTESIAN_POINT ( 'NONE',  ( -0.3318739715681984226, 2.791726793965674247, -18.96727177849991008 ) ) ;
#2642 = CARTESIAN_POINT ( 'NONE',  ( -16.32698739986886594, 2.799999970237993185, 7.798069264761264385 ) ) ;
#2643 = VECTOR ( 'NONE', #1172, 1000.000000000000000 ) ;
#2644 = CARTESIAN_POINT ( 'NONE',  ( -14.26015698400672704, 0.2857471390024750035, 8.621816797497841023 ) ) ;
#2645 = CARTESIAN_POINT ( 'NONE',  ( 16.79067030420054252, 2.490670770922689403, -9.584472877142157898 ) ) ;
#2646 = B_SPLINE_CURVE_WITH_KNOTS ( 'NONE', 3,
 ( #1125, #677, #1794, #1976, #2598, #1534, #664, #56, #1308, #2448, #2232, #913, #470, #498, #1322, #720 ),
 .UNSPECIFIED., .F., .F.,
 ( 4, 2, 2, 2, 2, 2, 2, 4 ),
 ( 0.000000000000000000, 0.0005748385706301090700, 0.0008622578559451612740, 0.001149677141260213370, 0.001437096426575265465, 0.001724515711890317778, 0.002011934997205369873, 0.002299354282520421969 ),
 .UNSPECIFIED. ) ;
#2647 = ORIENTED_EDGE ( 'NONE', *, *, #500, .T. ) ;
#2648 = ORIENTED_EDGE ( 'NONE', *, *, #2705, .F. ) ;
#2649 = CARTESIAN_POINT ( 'NONE',  ( 15.25708430430185203, 0.01730483187678831178, 7.850000000000859401 ) ) ;
#2650 = CARTESIAN_POINT ( 'NONE',  ( 1.320864262447631887, 2.988369408955325657, 18.23255903097073016 ) ) ;
#2651 = ORIENTED_EDGE ( 'NONE', *, *, #1826, .T. ) ;
#2652 = VERTEX_POINT ( 'NONE', #1132 ) ;
#2653 = DIRECTION ( 'NONE',  ( 0.000000000000000000, 0.000000000000000000, 1.000000000000000000 ) ) ;
#2654 = DIRECTION ( 'NONE',  ( 0.000000000000000000, 0.000000000000000000, -1.000000000000000000 ) ) ;
#2655 = DIRECTION ( 'NONE',  ( 0.9683108937037703257, 0.000000000000000000, -0.2497478991595435960 ) ) ;
#2656 = DIRECTION ( 'NONE',  ( 0.000000000000000000, 1.000000000000000000, 0.000000000000000000 ) ) ;
#2657 = CARTESIAN_POINT ( 'NONE',  ( 15.15544456622649605, 2.752925400380068055, 10.25000000000178879 ) ) ;
#2658 = CARTESIAN_POINT ( 'NONE',  ( 15.66367584988430828, 2.895280287009376785, -10.17276598118771425 ) ) ;
#2659 = ADVANCED_FACE ( 'NONE', ( #1596 ), #2212, .T. ) ;
#2660 = ORIENTED_EDGE ( 'NONE', *, *, #1066, .F. ) ;
#2661 = CARTESIAN_POINT ( 'NONE',  ( -0.5430303416010929807, 2.807423960200311708, 18.90925203448140834 ) ) ;
#2662 = ORIENTED_EDGE ( 'NONE', *, *, #1700, .T. ) ;
#2663 = CARTESIAN_POINT ( 'NONE',  ( 2.449293598294706513E-15, 0.000000000000000000, 20.00000000000000000 ) ) ;
#2664 = DIRECTION ( 'NONE',  ( 0.000000000000000000, 0.000000000000000000, 1.000000000000000000 ) ) ;
#2665 = VERTEX_POINT ( 'NONE', #2479 ) ;
#2666 = DIRECTION ( 'NONE',  ( 0.000000000000000000, 1.000000000000000000, 0.000000000000000000 ) ) ;
#2667 = CARTESIAN_POINT ( 'NONE',  ( -1.337918315552002468, 2.771547419667837353, 18.19770048288170727 ) ) ;
#2668 = CARTESIAN_POINT ( 'NONE',  ( -0.4775987300087538023, 2.802604372277462730, -18.92713859346598326 ) ) ;
#2669 = AXIS2_PLACEMENT_3D ( 'NONE', #2449, #2436, #2486 ) ;
#2670 = CARTESIAN_POINT ( 'NONE',  ( 0.000000000000000000, 1.000000000000000000, -20.00000000000000000 ) ) ;
#2671 = CARTESIAN_POINT ( 'NONE',  ( 16.19825236731511708, 2.391925645320363447, -9.831341579661511787 ) ) ;
#2672 = AXIS2_PLACEMENT_3D ( 'NONE', #2354, #1286, #2550 ) ;
#2673 = EDGE_LOOP ( 'NONE', ( #2305, #1883, #769, #268, #2576 ) ) ;
#2674 = CARTESIAN_POINT ( 'NONE',  ( -0.6952620333188775925, 2.831213902603209487, 18.84530736116411731 ) ) ;
#2675 = DIRECTION ( 'NONE',  ( 0.7004434720658483382, 0.000000000000000000, 0.7137078831289024317 ) ) ;
#2676 = DIRECTION ( 'NONE',  ( 0.000000000000000000, 0.000000000000000000, -1.000000000000000000 ) ) ;
#2677 = CARTESIAN_POINT ( 'NONE',  ( 0.9780358415201811928, 2.895280287009147191, 18.65152419323895927 ) ) ;
#2678 = ORIENTED_EDGE ( 'NONE', *, *, #1872, .T. ) ;
#2679 = CARTESIAN_POINT ( 'NONE',  ( -16.83587301246618750, 2.499097134316197621, -9.485975659271755234 ) ) ;
#2680 = DIRECTION ( 'NONE',  ( 0.000000000000000000, 0.000000000000000000, 1.000000000000000000 ) ) ;
#2681 = AXIS2_PLACEMENT_3D ( 'NONE', #622, #207, #1262 ) ;
#2682 = AXIS2_PLACEMENT_3D ( 'NONE', #244, #2190, #1508 ) ;
#2683 = CARTESIAN_POINT ( 'NONE',  ( 0.6952620333186921853, 2.831213902603386234, -18.84530736116447969 ) ) ;
#2684 = CARTESIAN_POINT ( 'NONE',  ( -15.15544456622658309, 1.800000000000000266, -10.25000000000189537 ) ) ;
#2685 = DIRECTION ( 'NONE',  ( -0.000000000000000000, -1.000000000000000000, -0.000000000000000000 ) ) ;
#2686 = CARTESIAN_POINT ( 'NONE',  ( -15.15544456622875025, 1.800000000000000266, 8.749999999998145483 ) ) ;
#2687 = ORIENTED_EDGE ( 'NONE', *, *, #703, .F. ) ;
#2688 = CARTESIAN_POINT ( 'NONE',  ( -0.06297484348356666151, 2.788855722973098583, 19.00002063212246739 ) ) ;
#2689 = EDGE_CURVE ( 'NONE', #2359, #1755, #2097, .T. ) ;
#2690 = FACE_OUTER_BOUND ( 'NONE', #70, .T. ) ;
#2691 = TOROIDAL_SURFACE ( 'NONE', #618, 1.700000000000001066, 0.2000000000000000111 ) ;
#2692 = CARTESIAN_POINT ( 'NONE',  ( 1.366482903048837461, 2.799999999999999378, 18.20799281800076130 ) ) ;
#2693 = CARTESIAN_POINT ( 'NONE',  ( 14.25239641613445585, 0.2106091338178936179, 8.798896223977109798 ) ) ;
#2694 = ORIENTED_EDGE ( 'NONE', *, *, #1997, .F. ) ;
#2695 = CARTESIAN_POINT ( 'NONE',  ( -15.15544456622875025, 1.800000000000000266, 10.24999999999814193 ) ) ;
#2696 = CARTESIAN_POINT ( 'NONE',  ( 2.019973393585796232E-12, 2.341640786499874949, -19.00000000000000355 ) ) ;
#2697 = CARTESIAN_POINT ( 'NONE',  ( 15.15544456622817293, 10.50000000000000000, 8.750000000000866862 ) ) ;
#2698 = DIRECTION ( 'NONE',  ( -0.9634557822884515232, 8.356646818006879418E-15, -0.2678674216379218209 ) ) ;
#2699 = DIRECTION ( 'NONE',  ( -0.000000000000000000, -1.000000000000000000, -0.000000000000000000 ) ) ;
#2700 = DIRECTION ( 'NONE',  ( 0.000000000000000000, 0.000000000000000000, -1.000000000000000000 ) ) ;
#2701 = AXIS2_PLACEMENT_3D ( 'NONE', #1414, #353, #1245 ) ;
#2702 = DIRECTION ( 'NONE',  ( -0.000000000000000000, 1.000000000000000000, -0.000000000000000000 ) ) ;
#2703 = VERTEX_POINT ( 'NONE', #1656 ) ;
#2704 = CARTESIAN_POINT ( 'NONE',  ( -1.452466340557758695, 3.000000000000000000, 17.87462184873933069 ) ) ;
#2705 = EDGE_CURVE ( 'NONE', #1974, #1528, #1590, .T. ) ;
#2706 = EDGE_CURVE ( 'NONE', #2069, #1194, #1954, .T. ) ;
#2707 = CARTESIAN_POINT ( 'NONE',  ( 0.7911554545600976152, 2.516823246330676778, 18.78441690522232932 ) ) ;
#2708 = EDGE_CURVE ( 'NONE', #732, #2100, #467, .T. ) ;
#2709 = DIRECTION ( 'NONE',  ( 0.000000000000000000, 1.000000000000000000, 0.000000000000000000 ) ) ;
#2710 = ORIENTED_EDGE ( 'NONE', *, *, #1620, .F. ) ;
#2711 = CARTESIAN_POINT ( 'NONE',  ( 1.646128519298386994, 3.000000000000000000, -17.92457142857124452 ) ) ;
#2712 = CARTESIAN_POINT ( 'NONE',  ( 0.000000000000000000, 1.600000000000000089, 0.000000000000000000 ) ) ;
#2713 = CARTESIAN_POINT ( 'NONE',  ( 0.6464873019955874600, 2.457597665153967714, -18.86346223485723073 ) ) ;
#2714 = CARTESIAN_POINT ( 'NONE',  ( -2.105292111292268057E-12, 1.800000000000000266, 19.00000000000000355 ) ) ;
#2715 = DIRECTION ( 'NONE',  ( 0.000000000000000000, 1.000000000000000000, 0.000000000000000000 ) ) ;
#2716 = DIRECTION ( 'NONE',  ( 0.000000000000000000, 1.000000000000000000, 0.000000000000000000 ) ) ;
#2717 = CARTESIAN_POINT ( 'NONE',  ( -16.21324171395257352, 2.383839484584463264, 9.824230257127430477 ) ) ;
#2718 = EDGE_LOOP ( 'NONE', ( #1306, #1388, #562, #194 ) ) ;
#2719 = AXIS2_PLACEMENT_3D ( 'NONE', #808, #1042, #1018 ) ;
#2720 = EDGE_CURVE ( 'NONE', #1576, #2460, #89, .T. ) ;
#2721 = VERTEX_POINT ( 'NONE', #369 ) ;
#2722 = CARTESIAN_POINT ( 'NONE',  ( -14.70006994944210987, 3.000000000000000000, -10.38787482989226163 ) ) ;
#2723 = DIRECTION ( 'NONE',  ( 0.000000000000000000, -1.000000000000000000, 0.000000000000000000 ) ) ;
#2724 = TOROIDAL_SURFACE ( 'NONE', #742, 17.36602540378444104, 1.000000000000000000 ) ;
#2725 = DIRECTION ( 'NONE',  ( -0.000000000000000000, -1.000000000000000000, -0.000000000000000000 ) ) ;
#2726 = CARTESIAN_POINT ( 'NONE',  ( 0.8862702709788052857, 0.000000000000000000, -17.34339538071094466 ) ) ;
#2727 = DIRECTION ( 'NONE',  ( 0.000000000000000000, 0.000000000000000000, 1.000000000000000000 ) ) ;
#2728 = DIRECTION ( 'NONE',  ( -0.000000000000000000, -1.000000000000000000, -0.000000000000000000 ) ) ;
#2729 = VECTOR ( 'NONE', #2167, 1000.000000000000000 ) ;
#2730 = CARTESIAN_POINT ( 'NONE',  ( 16.20610977432746935, 3.000000000000000444, -7.679438175304896141 ) ) ;
#2731 = ORIENTED_EDGE ( 'NONE', *, *, #2630, .T. ) ;
#2732 = CIRCLE ( 'NONE', #2333, 0.1999999999999996503 ) ;
#2733 = EDGE_LOOP ( 'NONE', ( #940, #1956, #169, #1591, #28 ) ) ;
#2734 = CARTESIAN_POINT ( 'NONE',  ( 14.75364343376976706, 2.799999999999999822, 10.19518367343446741 ) ) ;
#2735 = CARTESIAN_POINT ( 'NONE',  ( 0.000000000000000000, 10.50000000000000000, 17.50000000000000000 ) ) ;
#2736 = EDGE_CURVE ( 'NONE', #1733, #240, #262, .T. ) ;
#2737 = DIRECTION ( 'NONE',  ( -0.000000000000000000, 1.000000000000000000, -0.000000000000000000 ) ) ;
#2738 = FACE_OUTER_BOUND ( 'NONE', #1037, .T. ) ;
#2739 = CARTESIAN_POINT ( 'NONE',  ( 0.7200467198504427735, 0.07870298929479120631, 16.94992735617990931 ) ) ;
#2740 = DIRECTION ( 'NONE',  ( 0.000000000000000000, 1.000000000000000000, 0.000000000000000000 ) ) ;
#2741 = CARTESIAN_POINT ( 'NONE',  ( -16.59695318027042532, 2.659210410967831173, 8.310507029319960992 ) ) ;
#2742 = AXIS2_PLACEMENT_3D ( 'NONE', #599, #2314, #1876 ) ;
#2743 = CARTESIAN_POINT ( 'NONE',  ( -14.88729878395159467, 2.800000000000000266, 10.23234356670136158 ) ) ;
#2744 = ORIENTED_EDGE ( 'NONE', *, *, #2072, .T. ) ;
#2745 = DIRECTION ( 'NONE',  ( -0.000000000000000000, -1.000000000000000000, -0.000000000000000000 ) ) ;
#2746 = CIRCLE ( 'NONE', #1531, 18.00000000000000355 ) ;
#2747 = VERTEX_POINT ( 'NONE', #1221 ) ;
#2748 = CARTESIAN_POINT ( 'NONE',  ( 0.1104917568209881351, 0.3571897008005264773, -16.59999999999998721 ) ) ;
#2749 = DIRECTION ( 'NONE',  ( -0.000000000000000000, 1.000000000000000000, -0.000000000000000000 ) ) ;
#2750 = CARTESIAN_POINT ( 'NONE',  ( 1.044530868868944529, 2.631112187551575055, -18.58840112896781704 ) ) ;
#2751 = CARTESIAN_POINT ( 'NONE',  ( -0.1105655892145476771, 0.3571897008005248120, -16.60000000000001208 ) ) ;
#2752 = CARTESIAN_POINT ( 'NONE',  ( -16.41213124522381861, 2.341678199089320511, 9.573273838609312136 ) ) ;
#2753 = EDGE_CURVE ( 'NONE', #2492, #96, #1697, .T. ) ;
#2754 = CARTESIAN_POINT ( 'NONE',  ( 16.59207618644854421, 2.791726793965548570, 9.196224599016970203 ) ) ;
#2755 = DIRECTION ( 'NONE',  ( -0.000000000000000000, -1.000000000000000000, -0.000000000000000000 ) ) ;
#2756 = AXIS2_PLACEMENT_3D ( 'NONE', #1215, #364, #1002 ) ;
#2757 = ORIENTED_EDGE ( 'NONE', *, *, #2206, .F. ) ;
#2758 = DIRECTION ( 'NONE',  ( 0.000000000000000000, -0.000000000000000000, -1.000000000000000000 ) ) ;
#2759 = B_SPLINE_CURVE_WITH_KNOTS ( 'NONE', 3,
 ( #1853, #564, #1168, #998, #1835, #361, #2707, #85, #2692, #527 ),
 .UNSPECIFIED., .F., .F.,
 ( 4, 2, 2, 2, 4 ),
 ( 0.002041626964696300651, 0.002297052660161633206, 0.002552478355626965328, 0.003063329746557630004, 0.004085032528418953285 ),
 .UNSPECIFIED. ) ;
#2760 = ORIENTED_EDGE ( 'NONE', *, *, #686, .F. ) ;
#2761 = DIRECTION ( 'NONE',  ( -0.000000000000000000, 1.000000000000000000, -0.000000000000000000 ) ) ;
#2762 = CARTESIAN_POINT ( 'NONE',  ( 16.43217018328501666, 2.550738497480498967, -10.05398326183544100 ) ) ;
#2763 = CARTESIAN_POINT ( 'NONE',  ( -15.09002889634236588, 2.972453909298137464, 10.47841014723452702 ) ) ;
#2764 = CARTESIAN_POINT ( 'NONE',  ( -16.30696639430725270, 2.789690403732640434, -9.716157409950884727 ) ) ;
#2765 = CARTESIAN_POINT ( 'NONE',  ( -16.15258347788654092, 2.802604372277885947, 9.877181929735300514 ) ) ;
#2766 = AXIS2_PLACEMENT_3D ( 'NONE', #2527, #850, #426 ) ;
#2767 = CARTESIAN_POINT ( 'NONE',  ( 1.646128519298386994, 3.000000000000000000, -17.92457142857124452 ) ) ;
#2768 = EDGE_CURVE ( 'NONE', #732, #2069, #614, .T. ) ;
#2769 = VERTEX_POINT ( 'NONE', #1035 ) ;
#2770 = CARTESIAN_POINT ( 'NONE',  ( 0.000000000000000000, 1.600000000000000089, 0.000000000000000000 ) ) ;
#2771 = ADVANCED_FACE ( 'NONE', ( #1468 ), #2510, .T. ) ;
#2772 = VERTEX_POINT ( 'NONE', #273 ) ;
#2773 = ORIENTED_EDGE ( 'NONE', *, *, #1736, .F. ) ;
#2774 = DIRECTION ( 'NONE',  ( 0.000000000000000000, -1.000000000000000000, 0.000000000000000000 ) ) ;
#2775 = CYLINDRICAL_SURFACE ( 'NONE', #2221, 1.500000000000001332 ) ;
#2776 = CARTESIAN_POINT ( 'NONE',  ( 16.65449811776332822, 2.557328747963975690, -8.595275712107497412 ) ) ;
#2777 = CARTESIAN_POINT ( 'NONE',  ( -16.48649400802085907, 2.788853029612804679, -9.444513123983268699 ) ) ;
#2778 = CARTESIAN_POINT ( 'NONE',  ( -14.90163355797810674, 3.000000000000000000, 10.45095148216455705 ) ) ;
#2779 = CYLINDRICAL_SURFACE ( 'NONE', #1138, 0.8999999999999998002 ) ;
#2780 = CIRCLE ( 'NONE', #1703, 0.9000000000000014655 ) ;
#2781 = EDGE_CURVE ( 'NONE', #2243, #1911, #220, .T. ) ;
#2782 = ADVANCED_FACE ( 'NONE', ( #35 ), #459, .F. ) ;
#2783 = EDGE_CURVE ( 'NONE', #1731, #1922, #2780, .T. ) ;
#2784 = ORIENTED_EDGE ( 'NONE', *, *, #462, .F. ) ;
#2785 = CARTESIAN_POINT ( 'NONE',  ( 15.15544456622663994, 2.799999999999999822, 8.750000000001787015 ) ) ;
#2786 = EDGE_CURVE ( 'NONE', #15, #1576, #1661, .T. ) ;
#2787 = FACE_OUTER_BOUND ( 'NONE', #596, .T. ) ;
ENDSEC;
END-ISO-10303-21;
