; generated by PrusaSlicer 2.9.4 on 2026-03-14 at 23:23:36 UTC
; 
; external perimeters extrusion width = 0.42mm
; perimeters extrusion width = 0.44mm
; infill extrusion width = 0.44mm
; solid infill extrusion width = 0.44mm
; top infill extrusion width = 0.40mm
; first layer extrusion width = 0.42mm
M201 X500 Y500 Z100 E5000 ; sets maximum accelerations, mm/sec^2
M203 X500 Y500 Z10 E60 ; sets maximum feedrates, mm / sec
M204 S500 T1000 ; sets acceleration (S) and retract acceleration (R), mm/sec^2
M205 X8.00 Y8.00 Z0.40 E5.00 ; sets the jerk limits, mm/sec
M205 S0 T0 ; sets the minimum extruding and travel feed rate, mm/sec
; printing object TPW_01_Q_GlassBracket_v1 id:0 copy 0
; stop printing object TPW_01_Q_GlassBracket_v1 id:0 copy 0
;TYPE:Custom
G90 ; use absolute coordinates
M83 ; extruder relative mode
M104 S150 ; set temporary nozzle temp to prevent oozing during homing
M140 S75 ; set final bed temp
G4 S30 ; allow partial nozzle warmup
G28 ; home all axis
G1 Z50 F240
G1 X2.0 Y10 F3000
M104 S210 ; set final nozzle temp
M190 S75 ; wait for bed temp to stabilize
M109 S210 ; wait for nozzle temp to stabilize
G1 Z0.28 F240
G92 E0
G1 X2.0 Y140 E10 F1500 ; prime the nozzle
G1 X2.3 Y140 F5000
G92 E0
G1 X2.3 Y10 E10 F1200 ; prime the nozzle
G92 E0
G21 ; set units to millimeters
G90 ; use absolute coordinates
M83 ; use relative distances for extrusion
; Filament gcode
M107
;LAYER_CHANGE
M117 DASHBOARD_LAYER_INDICATOR 1
;Z:0.2
;HEIGHT:0.2
G1 E-5 F3600
G1 Z.2 F9000
G1 X99.403 Y63.236
G1 E5 F2400
M204 S500
;TYPE:Skirt/Brim
;WIDTH:0.42
G1 F1200
G1 X100.006 Y62.408 E.03212
G1 X100.618 Y61.733 E.02857
G1 X101.46 Y60.989 E.03523
G1 X102.388 Y60.356 E.03522
G1 X103.387 Y59.841 E.03524
G1 X104.442 Y59.454 E.03523
G1 X111.803 Y57.442 E.23927
G1 X114.363 Y57.053 E.08119
G1 X116.715 Y56.94 E.07383
G1 X119.001 Y57.052 E.07176
G1 X121.533 Y57.434 E.08029
G1 X123.758 Y58.006 E.07203
G1 X125.932 Y58.793 E.07249
G1 X127.985 Y59.767 E.07125
G1 X129.957 Y60.945 E.07202
G1 X132.012 Y62.473 E.08029
G1 X133.707 Y64.024 E.07204
G1 X135.255 Y65.74 E.07246
G1 X136.623 Y67.586 E.07204
G1 X137.931 Y69.787 E.08028
G1 X138.9 Y71.871 E.07206
G1 X139.668 Y74.051 E.07247
G1 X140.221 Y76.28 E.07201
G1 X140.582 Y78.816 E.08032
G1 X140.675 Y81.086 E.07123
G1 X140.55 Y83.38 E.07203
G1 X140.203 Y85.665 E.07247
G1 X139.65 Y87.869 E.07125
G1 X138.88 Y90.034 E.07205
G1 X138.104 Y91.733 E.05856
G1 X137.185 Y93.389 E.05938
G1 X133.892 Y98.741 E.19703
G1 X132.738 Y100.142 E.05691
G1 X131.876 Y100.896 E.03591
G1 X130.927 Y101.536 E.03589
G1 X129.905 Y102.051 E.03588
G1 X128.922 Y102.405 E.03276
G1 X121.567 Y104.415 E.23907
G1 X119.01 Y104.804 E.0811
G1 X116.676 Y104.917 E.07327
G1 X114.381 Y104.806 E.07204
G1 X111.848 Y104.424 E.08032
G1 X109.623 Y103.853 E.07202
G1 X107.458 Y103.07 E.07219
G1 X105.396 Y102.094 E.07153
G1 X103.423 Y100.916 E.07205
G1 X101.367 Y99.387 E.08034
G1 X99.671 Y97.837 E.07204
G1 X98.122 Y96.12 E.07251
G1 X96.76 Y94.283 E.0717
G1 X95.445 Y92.073 E.08063
G1 X94.476 Y89.99 E.07203
G1 X93.707 Y87.81 E.07248
G1 X93.156 Y85.59 E.07172
G1 X92.819 Y83.332 E.07158
G1 X92.699 Y80.774 E.08029
G1 X92.824 Y78.479 E.07206
G1 X93.168 Y76.203 E.07217
G1 X93.724 Y73.991 E.07151
G1 X94.493 Y71.824 E.0721
G1 X95.269 Y70.124 E.05859
G1 X96.188 Y68.468 E.05938
G1 X99.372 Y63.287 E.19067
G1 E-3.5 F3600
;WIPE_START
G1 F7200
G1 X99.403 Y63.236 E-.02835
G1 X100.006 Y62.408 E-.48654
G1 X100.618 Y61.733 E-.43279
G1 X101.46 Y60.989 E-.53371
G1 X101.492 Y60.967 E-.01861
;WIPE_END
G1 X102.397 Y65.011 F9000
G1 E5 F2400
G1 F1200
G1 X103.276 Y63.998 E.04205
G1 X104.135 Y63.361 E.03353
G1 X105.098 Y62.895 E.03354
G1 X106.51 Y62.576 E.04539
G1 X107.496 Y62.603 E.03093
G1 X109.167 Y61.843 E.05756
G1 X110.611 Y61.335 E.048
G1 X112.1 Y60.934 E.04835
G1 X113.706 Y60.633 E.05123
G1 X115.278 Y60.464 E.04957
G1 X117.89 Y60.45 E.0819
G1 X119.858 Y60.661 E.06206
G1 X121.799 Y61.062 E.06214
G1 X123.686 Y61.646 E.06193
G1 X125.514 Y62.411 E.06213
G1 X127.227 Y63.33 E.06095
G1 X128.854 Y64.413 E.06128
G1 X130.488 Y65.751 E.06622
G1 X131.916 Y67.185 E.06345
G1 X133.161 Y68.705 E.0616
G1 X134.249 Y70.327 E.06124
G1 X135.182 Y72.054 E.06155
G1 X135.945 Y73.863 E.06156
G1 X136.533 Y75.74 E.06167
G1 X136.962 Y77.808 E.06622
G1 X137.17 Y79.811 E.06314
G1 X137.181 Y81.813 E.06277
G1 X137.01 Y83.72 E.06003
G1 X136.659 Y85.61 E.06027
G1 X136.02 Y87.785 E.07108
G1 X135.265 Y89.626 E.06239
G1 X134.038 Y91.871 E.08022
G1 X132.585 Y93.892 E.07804
G1 X131.831 Y94.751 E.03584
G1 X131.573 Y95.707 E.03105
G1 X131.06 Y96.721 E.03563
G1 X130.092 Y97.865 E.04699
G1 X129.206 Y98.515 E.03445
G1 X128.243 Y98.971 E.03341
G1 X126.905 Y99.277 E.04304
G1 X125.865 Y99.26 E.03261
G1 X124.21 Y100.012 E.057
G1 X122.768 Y100.52 E.04794
G1 X121.295 Y100.918 E.04784
G1 X119.675 Y101.223 E.05169
G1 X118.112 Y101.392 E.04929
G1 X115.659 Y101.416 E.07692
G1 X113.724 Y101.227 E.06096
G1 X111.816 Y100.855 E.06095
G1 X109.931 Y100.297 E.06164
G1 X107.975 Y99.5 E.06622
G1 X106.229 Y98.576 E.06194
G1 X104.582 Y97.489 E.06187
G1 X103.046 Y96.249 E.0619
G1 X101.631 Y94.861 E.06215
G1 X100.366 Y93.355 E.06167
G1 X99.175 Y91.611 E.06622
G1 X98.215 Y89.85 E.06289
G1 X97.43 Y87.997 E.0631
G1 X96.842 Y86.121 E.06164
G1 X96.413 Y84.053 E.06622
G1 X96.205 Y82.058 E.06289
G1 X96.192 Y80.046 E.06309
G1 X96.357 Y78.19 E.05842
G1 X96.575 Y76.888 E.04139
G1 X97.052 Y74.99 E.06136
G1 X97.715 Y73.128 E.06197
G1 X98.787 Y70.909 E.07727
G1 X99.479 Y69.762 E.042
G1 X100.806 Y67.944 E.07057
G1 X101.52 Y67.132 E.0339
G1 X101.85 Y66.026 E.03619
G1 X102.368 Y65.064 E.03426
G1 X102.699 Y65.244 F9000
G1 F1200
G1 X102.718 Y65.209 E.00125
G1 X103.518 Y64.288 E.03825
G1 X104.315 Y63.693 E.03119
G1 X105.242 Y63.244 E.0323
G1 X106.568 Y62.949 E.04259
G1 X107.582 Y62.984 E.03181
G1 X109.298 Y62.197 E.05919
G1 X110.73 Y61.693 E.0476
G1 X112.191 Y61.3 E.04744
G1 X113.768 Y61.005 E.0503
G1 X115.311 Y60.839 E.04866
G1 X116.654 Y60.792 E.04213
G1 X118.848 Y60.908 E.06889
G1 X120.753 Y61.207 E.06046
G1 X122.629 Y61.689 E.06073
G1 X124.46 Y62.353 E.06107
G1 X126.199 Y63.18 E.06038
G1 X127.837 Y64.161 E.05986
G1 X129.397 Y65.31 E.06075
G1 X130.956 Y66.721 E.06593
G1 X132.262 Y68.166 E.06107
G1 X133.411 Y69.713 E.06042
G1 X134.402 Y71.355 E.06013
G1 X135.236 Y73.093 E.06044
G1 X135.898 Y74.893 E.06013
G1 X136.418 Y76.91 E.06531
G1 X136.714 Y78.837 E.06113
G1 X136.823 Y80.81 E.06196
G1 X136.743 Y82.726 E.06013
G1 X136.486 Y84.596 E.05918
G1 X135.969 Y86.732 E.06891
G1 X135.319 Y88.566 E.06101
G1 X134.376 Y90.55 E.06888
G1 X133.722 Y91.665 E.04053
G1 X132.289 Y93.658 E.07697
G1 X131.489 Y94.569 E.03801
G1 X131.227 Y95.555 E.03199
G1 X130.733 Y96.531 E.0343
G1 X129.85 Y97.575 E.04287
G1 X129.028 Y98.183 E.03206
G1 X128.101 Y98.621 E.03215
G1 X126.846 Y98.904 E.04034
G1 X125.777 Y98.881 E.03353
G1 X124.078 Y99.659 E.05859
G1 X122.663 Y100.157 E.04703
G1 X121.203 Y100.552 E.04742
G1 X119.613 Y100.851 E.05073
G1 X118.078 Y101.016 E.04841
G1 X116.748 Y101.064 E.04173
G1 X114.73 Y100.969 E.06334
G1 X112.842 Y100.694 E.05982
G1 X110.988 Y100.241 E.05984
G1 X109.03 Y99.552 E.06508
G1 X107.267 Y98.725 E.06106
G1 X105.6 Y97.738 E.06074
G1 X104.036 Y96.594 E.06076
G1 X102.589 Y95.306 E.06074
G1 X101.278 Y93.892 E.06046
G1 X100.026 Y92.237 E.06507
G1 X99.002 Y90.558 E.06166
G1 X98.147 Y88.785 E.06172
G1 X97.477 Y86.966 E.06078
G1 X96.958 Y84.958 E.06503
G1 X96.659 Y83.014 E.06167
G1 X96.551 Y81.049 E.0617
G1 X96.629 Y79.151 E.05956
G1 X96.944 Y76.966 E.06922
G1 X97.411 Y75.104 E.06019
G1 X98.061 Y73.277 E.0608
G1 X99.118 Y71.089 E.07619
G1 X99.799 Y69.961 E.04131
G1 X101.101 Y68.179 E.0692
G1 X101.886 Y67.288 E.03723
G1 X102.204 Y66.157 E.03684
G1 X102.671 Y65.297 E.03068
G1 X103.001 Y65.477 F9000
G1 F1200
G1 X103.039 Y65.408 E.00247
G1 X103.76 Y64.578 E.03447
G1 X104.526 Y64.006 E.02997
G1 X105.385 Y63.594 E.02987
G1 X106.624 Y63.323 E.03977
G1 X107.667 Y63.365 E.03273
G1 X109.43 Y62.55 E.0609
G1 X110.835 Y62.056 E.0467
G1 X112.282 Y61.666 E.04699
G1 X113.83 Y61.377 E.04938
G1 X115.344 Y61.215 E.04774
G1 X117.858 Y61.204 E.07883
G1 X119.741 Y61.406 E.05938
G1 X121.612 Y61.792 E.0599
G1 X123.428 Y62.355 E.05961
G1 X125.182 Y63.088 E.0596
G1 X126.832 Y63.972 E.05869
G1 X128.4 Y65.015 E.05905
G1 X129.988 Y66.317 E.06439
G1 X131.357 Y67.691 E.06081
G1 X132.55 Y69.147 E.05902
G1 X133.603 Y70.717 E.05927
G1 X134.498 Y72.373 E.05902
G1 X135.234 Y74.115 E.05929
G1 X135.801 Y75.92 E.05932
G1 X136.218 Y77.931 E.06439
G1 X136.416 Y79.843 E.06027
G1 X136.428 Y81.772 E.06048
G1 X136.264 Y83.608 E.0578
G1 X135.928 Y85.425 E.05794
G1 X135.307 Y87.542 E.06917
G1 X134.579 Y89.313 E.06004
G1 X133.406 Y91.459 E.07668
G1 X132.73 Y92.463 E.03795
G1 X131.146 Y94.387 E.07814
G1 X130.882 Y95.403 E.03291
G1 X130.407 Y96.341 E.03297
G1 X129.608 Y97.286 E.0388
G1 X128.85 Y97.85 E.02962
G1 X127.959 Y98.271 E.0309
G1 X126.788 Y98.531 E.03761
G1 X125.689 Y98.501 E.03447
G1 X123.947 Y99.305 E.06016
G1 X122.544 Y99.799 E.04664
G1 X121.112 Y100.186 E.04651
G1 X119.551 Y100.479 E.0498
G1 X118.044 Y100.64 E.04752
G1 X115.705 Y100.663 E.07334
G1 X113.841 Y100.482 E.05872
G1 X112.004 Y100.124 E.05868
G1 X110.19 Y99.588 E.05931
G1 X108.287 Y98.813 E.06443
G1 X106.606 Y97.923 E.05964
G1 X105.02 Y96.875 E.0596
G1 X103.548 Y95.686 E.05933
G1 X102.19 Y94.355 E.05962
G1 X100.973 Y92.907 E.05931
G1 X99.814 Y91.211 E.06441
G1 X98.894 Y89.522 E.0603
G1 X98.141 Y87.745 E.06051
G1 X97.574 Y85.94 E.05932
G1 X97.157 Y83.929 E.06439
G1 X96.958 Y82.016 E.0603
G1 X96.946 Y80.087 E.06048
G1 X97.105 Y78.284 E.05675
G1 X97.313 Y77.043 E.03945
G1 X97.771 Y75.217 E.05903
G1 X98.408 Y73.426 E.0596
G1 X99.45 Y71.268 E.07514
G1 X100.119 Y70.161 E.04056
G1 X101.396 Y68.414 E.06785
G1 X102.246 Y67.45 E.0403
G1 X102.559 Y66.286 E.03779
G1 X102.972 Y65.53 E.02701
G1 X103.301 Y65.708 F9000
G1 F1200
G1 X103.338 Y65.638 E.00248
G1 X104.003 Y64.867 E.03192
G1 X104.706 Y64.338 E.02759
G1 X105.527 Y63.944 E.02855
G1 X106.678 Y63.697 E.03691
G1 X107.751 Y63.747 E.03368
G1 X109.561 Y62.904 E.0626
G1 X110.953 Y62.414 E.04627
G1 X112.373 Y62.032 E.04611
G1 X113.892 Y61.749 E.04845
G1 X116.668 Y61.546 E.08727
G1 X118.776 Y61.659 E.06619
G1 X120.609 Y61.947 E.05818
G1 X122.415 Y62.412 E.05847
G1 X124.169 Y63.048 E.0585
G1 X125.835 Y63.841 E.05785
G1 X127.419 Y64.789 E.05788
G1 X128.913 Y65.888 E.05815
G1 X130.422 Y67.253 E.0638
G1 X131.679 Y68.644 E.05878
G1 X132.78 Y70.126 E.05789
G1 X133.734 Y71.706 E.05787
G1 X134.538 Y73.378 E.05817
G1 X135.176 Y75.111 E.0579
G1 X135.681 Y77.071 E.06346
G1 X135.965 Y78.924 E.05878
G1 X136.069 Y80.806 E.0591
G1 X135.993 Y82.65 E.05787
G1 X135.746 Y84.451 E.057
G1 X135.243 Y86.527 E.06697
G1 X134.617 Y88.288 E.0586
G1 X133.719 Y90.179 E.06564
G1 X133.084 Y91.263 E.03939
G1 X131.699 Y93.189 E.07438
G1 X130.775 Y94.238 E.04383
G1 X130.523 Y95.284 E.03373
G1 X130.081 Y96.15 E.03049
G1 X129.364 Y96.997 E.03479
G1 X128.67 Y97.518 E.02721
G1 X127.856 Y97.908 E.0283
G1 X126.73 Y98.157 E.03616
G1 X125.603 Y98.12 E.03536
G1 X123.815 Y98.952 E.06183
G1 X122.439 Y99.437 E.04575
G1 X121.021 Y99.82 E.04605
G1 X119.488 Y100.107 E.0489
G1 X116.732 Y100.31 E.08665
G1 X114.811 Y100.219 E.0603
G1 X112.994 Y99.955 E.05757
G1 X111.21 Y99.52 E.05757
G1 X109.307 Y98.85 E.06326
G1 X107.612 Y98.055 E.0587
G1 X106.016 Y97.108 E.05819
G1 X104.51 Y96.008 E.05847
G1 X103.123 Y94.773 E.05823
G1 X101.861 Y93.413 E.05817
G1 X100.644 Y91.804 E.06325
G1 X99.665 Y90.197 E.059
G1 X98.841 Y88.491 E.0594
G1 X98.199 Y86.749 E.05821
G1 X97.695 Y84.796 E.06324
G1 X97.409 Y82.936 E.059
G1 X97.305 Y81.053 E.05913
G1 X97.38 Y79.218 E.05758
G1 X97.682 Y77.121 E.06643
G1 X98.131 Y75.33 E.05789
G1 X98.754 Y73.575 E.05839
G1 X99.782 Y71.448 E.07407
G1 X100.439 Y70.361 E.03982
G1 X101.691 Y68.649 E.0665
G1 X102.608 Y67.61 E.04345
G1 X102.9 Y66.449 E.03754
G1 X103.272 Y65.761 E.02452
G1 X103.601 Y65.937 F9000
G1 F1200
G1 X103.639 Y65.867 E.0025
G1 X104.247 Y65.155 E.02936
G1 X104.917 Y64.651 E.02629
G1 X105.668 Y64.294 E.02607
G1 X106.731 Y64.071 E.03406
G1 X107.835 Y64.129 E.03466
G1 X109.693 Y63.257 E.06435
G1 X111.058 Y62.776 E.04538
G1 X112.463 Y62.398 E.04562
G1 X113.953 Y62.121 E.04752
G1 X115.411 Y61.966 E.04597
G1 X117.825 Y61.957 E.07569
G1 X119.633 Y62.153 E.05702
G1 X121.424 Y62.523 E.05734
G1 X123.171 Y63.063 E.05733
G1 X124.85 Y63.765 E.05706
G1 X126.437 Y64.615 E.05645
G1 X127.945 Y65.617 E.05677
G1 X129.489 Y66.882 E.06258
G1 X130.797 Y68.196 E.05813
G1 X131.944 Y69.597 E.05677
G1 X132.953 Y71.099 E.05673
G1 X133.814 Y72.691 E.05675
G1 X134.524 Y74.367 E.05707
G1 X135.069 Y76.1 E.05696
G1 X135.474 Y78.054 E.06257
G1 X135.663 Y79.884 E.05768
G1 X135.675 Y81.732 E.05794
G1 X135.518 Y83.498 E.05559
G1 X135.194 Y85.251 E.0559
G1 X134.883 Y86.414 E.03775
G1 X134.27 Y88.141 E.05746
G1 X133.385 Y90.004 E.06467
G1 X132.761 Y91.068 E.03867
G1 X131.403 Y92.955 E.07289
G1 X130.412 Y94.062 E.04659
G1 X130.165 Y95.165 E.03544
G1 X129.756 Y95.958 E.02798
G1 X129.12 Y96.709 E.03086
G1 X128.488 Y97.187 E.02485
G1 X127.752 Y97.544 E.02565
G1 X126.672 Y97.784 E.03469
G1 X125.557 Y97.719 E.03502
G1 X123.683 Y98.599 E.06491
G1 X122.32 Y99.079 E.04531
G1 X120.93 Y99.454 E.04514
G1 X119.426 Y99.735 E.04797
G1 X117.978 Y99.889 E.04566
G1 X115.751 Y99.91 E.06983
G1 X113.958 Y99.736 E.05648
G1 X112.191 Y99.394 E.05643
G1 X110.448 Y98.88 E.05698
G1 X108.6 Y98.127 E.06257
G1 X106.991 Y97.274 E.0571
G1 X105.465 Y96.266 E.05734
G1 X104.049 Y95.123 E.05706
G1 X102.749 Y93.849 E.05707
G1 X101.579 Y92.458 E.05699
G1 X100.453 Y90.811 E.06256
G1 X99.574 Y89.194 E.05771
G1 X98.852 Y87.493 E.05794
G1 X98.306 Y85.76 E.05697
G1 X97.901 Y83.806 E.06257
G1 X97.711 Y81.975 E.05772
G1 X97.699 Y80.127 E.05794
G1 X97.854 Y78.378 E.05505
G1 X98.051 Y77.199 E.03748
G1 X98.491 Y75.443 E.05676
G1 X99.101 Y73.723 E.05722
G1 X100.107 Y71.638 E.07259
G1 X100.759 Y70.561 E.03947
G1 X101.979 Y68.892 E.06482
G1 X102.969 Y67.788 E.04649
G1 X103.014 Y67.367 E.01328
G1 X103.241 Y66.609 E.02481
G1 X103.573 Y65.99 E.02202
G1 X103.903 Y66.164 F9000
G1 F1200
G1 X103.94 Y66.095 E.00245
G1 X104.492 Y65.442 E.02681
G1 X105.097 Y64.983 E.02381
G1 X105.809 Y64.645 E.02471
G1 X106.782 Y64.445 E.03115
G1 X107.87 Y64.537 E.03424
G1 X109.825 Y63.61 E.06784
G1 X111.176 Y63.134 E.04491
G1 X112.554 Y62.765 E.04473
G1 X114.015 Y62.493 E.0466
G1 X116.682 Y62.3 E.08384
G1 X118.704 Y62.41 E.06349
G1 X120.456 Y62.686 E.05561
G1 X122.184 Y63.13 E.05594
G1 X123.869 Y63.741 E.0562
G1 X125.472 Y64.502 E.05564
G1 X126.995 Y65.412 E.05563
G1 X128.428 Y66.466 E.05578
G1 X129.894 Y67.791 E.06196
G1 X131.096 Y69.122 E.05623
G1 X132.154 Y70.546 E.05562
G1 X133.071 Y72.064 E.05561
G1 X133.84 Y73.664 E.05566
G1 X134.453 Y75.329 E.05563
G1 X134.945 Y77.232 E.06163
G1 X135.216 Y79.01 E.05639
G1 X135.315 Y80.811 E.05655
G1 X135.241 Y82.583 E.05561
G1 X135.005 Y84.314 E.05478
G1 X134.523 Y86.302 E.06414
G1 X133.923 Y87.993 E.05626
G1 X133.051 Y89.828 E.0637
G1 X132.445 Y90.862 E.03758
G1 X131.107 Y92.721 E.07182
G1 X130.047 Y93.893 E.04955
G1 X129.82 Y95.013 E.03583
G1 X129.453 Y95.733 E.02534
G1 X128.874 Y96.423 E.02824
G1 X128.304 Y96.858 E.02248
G1 X127.646 Y97.182 E.023
G1 X126.661 Y97.406 E.03167
G1 X125.509 Y97.318 E.03623
G1 X123.551 Y98.245 E.06792
G1 X122.215 Y98.717 E.04443
G1 X120.84 Y99.087 E.04465
G1 X119.365 Y99.363 E.04705
G1 X116.717 Y99.556 E.08325
G1 X114.893 Y99.47 E.05725
G1 X113.146 Y99.217 E.05535
G1 X111.431 Y98.799 E.05535
G1 X109.584 Y98.149 E.06139
G1 X107.957 Y97.384 E.05637
G1 X106.431 Y96.479 E.05563
G1 X104.984 Y95.421 E.0562
G1 X103.651 Y94.235 E.05594
G1 X102.444 Y92.934 E.05564
G1 X101.262 Y91.372 E.06142
G1 X100.323 Y89.829 E.05663
G1 X99.539 Y88.205 E.05654
G1 X98.921 Y86.531 E.05595
G1 X98.432 Y84.635 E.06139
G1 X98.158 Y82.849 E.05665
G1 X98.059 Y81.048 E.05655
G1 X98.132 Y79.284 E.05536
G1 X98.42 Y77.276 E.0636
G1 X98.85 Y75.556 E.05559
G1 X99.447 Y73.872 E.05602
G1 X100.439 Y71.817 E.07155
G1 X101.073 Y70.769 E.0384
G1 X102.275 Y69.126 E.06383
G1 X103.331 Y67.959 E.04935
G1 X103.381 Y67.456 E.01585
G1 X103.584 Y66.768 E.02249
G1 X103.875 Y66.218 E.01951
G1 X104.206 Y66.39 F9000
G1 F1200
G1 X104.243 Y66.32 E.00248
G1 X104.739 Y65.728 E.02422
G1 X105.279 Y65.313 E.02135
G1 X105.911 Y65.009 E.02199
G1 X106.787 Y64.823 E.02808
G1 X107.913 Y64.94 E.0355
G1 X109.957 Y63.964 E.07102
G1 X111.281 Y63.496 E.04403
G1 X112.644 Y63.131 E.04424
G1 X114.076 Y62.865 E.04567
G1 X115.476 Y62.718 E.04414
G1 X117.792 Y62.711 E.07262
G1 X119.525 Y62.899 E.05466
G1 X121.236 Y63.253 E.05478
G1 X122.906 Y63.769 E.0548
G1 X124.518 Y64.443 E.05478
G1 X126.043 Y65.258 E.05422
G1 X127.491 Y66.219 E.05449
G1 X128.989 Y67.447 E.06073
G1 X130.237 Y68.702 E.05549
G1 X131.339 Y70.046 E.05449
G1 X132.303 Y71.482 E.05423
G1 X133.131 Y73.01 E.05449
G1 X133.813 Y74.619 E.05479
G1 X134.336 Y76.281 E.05463
G1 X134.729 Y78.177 E.06071
G1 X134.911 Y79.935 E.05542
G1 X134.922 Y81.691 E.05506
G1 X134.769 Y83.404 E.05392
G1 X134.458 Y85.086 E.05363
G1 X134.163 Y86.19 E.03583
G1 X133.576 Y87.846 E.05509
G1 X132.717 Y89.653 E.06273
G1 X132.129 Y90.656 E.03645
G1 X130.812 Y92.486 E.07069
G1 X129.68 Y93.726 E.05264
G1 X129.645 Y94.205 E.01506
G1 X129.473 Y94.862 E.02129
G1 X129.148 Y95.509 E.0227
G1 X128.627 Y96.137 E.02558
G1 X128.118 Y96.529 E.02014
G1 X127.537 Y96.82 E.02037
G1 X126.65 Y97.028 E.02857
G1 X125.774 Y96.995 E.02749
G1 X125.464 Y96.915 E.01004
G1 X123.42 Y97.892 E.07103
G1 X122.097 Y98.359 E.04399
G1 X120.749 Y98.721 E.04376
G1 X119.303 Y98.991 E.04612
G1 X117.912 Y99.138 E.04386
G1 X115.796 Y99.157 E.06635
G1 X114.075 Y98.991 E.05421
G1 X112.378 Y98.663 E.05419
G1 X110.706 Y98.171 E.05465
G1 X108.913 Y97.441 E.0607
G1 X107.368 Y96.621 E.05484
G1 X105.91 Y95.658 E.05479
G1 X104.557 Y94.565 E.05454
G1 X103.308 Y93.342 E.05481
G1 X102.186 Y92.01 E.05461
G1 X101.093 Y90.411 E.06073
G1 X100.249 Y88.858 E.05542
G1 X99.562 Y87.24 E.05511
G1 X99.039 Y85.579 E.0546
G1 X98.645 Y83.683 E.06072
G1 X98.463 Y81.925 E.05542
G1 X98.452 Y80.167 E.05512
G1 X98.602 Y78.472 E.05335
G1 X98.79 Y77.354 E.03555
G1 X99.21 Y75.669 E.05445
G1 X99.794 Y74.021 E.05482
G1 X100.771 Y71.997 E.07047
G1 X101.387 Y70.978 E.03733
G1 X102.57 Y69.361 E.06282
G1 X103.695 Y68.129 E.05231
G1 X103.748 Y67.542 E.01848
G1 X103.927 Y66.925 E.02014
G1 X104.179 Y66.444 E.01703
G1 X104.511 Y66.615 F9000
G1 F1200
G1 X104.547 Y66.544 E.0025
G1 X104.987 Y66.013 E.02162
G1 X105.464 Y65.643 E.01893
G1 X106.015 Y65.372 E.01925
G1 X106.793 Y65.201 E.02498
G1 X107.603 Y65.245 E.02543
G1 X107.953 Y65.346 E.01142
G1 X110.089 Y64.317 E.07434
G1 X111.4 Y63.854 E.04359
G1 X112.735 Y63.497 E.04333
G1 X114.138 Y63.237 E.04474
G1 X116.694 Y63.054 E.08035
G1 X118.631 Y63.16 E.06082
G1 X120.312 Y63.426 E.05336
G1 X121.961 Y63.85 E.05339
G1 X123.571 Y64.433 E.05369
G1 X125.108 Y65.163 E.05335
G1 X126.57 Y66.035 E.05337
G1 X127.944 Y67.045 E.05347
G1 X129.365 Y68.329 E.06005
G1 X130.512 Y69.6 E.05368
G1 X131.527 Y70.966 E.05336
G1 X132.408 Y72.423 E.05339
G1 X133.146 Y73.958 E.0534
G1 X133.732 Y75.547 E.0531
G1 X134.208 Y77.393 E.05977
G1 X134.466 Y79.088 E.05376
G1 X134.56 Y80.807 E.05398
G1 X134.491 Y82.507 E.05335
G1 X134.263 Y84.176 E.05282
G1 X133.803 Y86.077 E.06132
G1 X133.229 Y87.699 E.05395
G1 X132.384 Y89.478 E.06175
G1 X131.813 Y90.45 E.03535
G1 X130.516 Y92.252 E.06961
G1 X129.313 Y93.559 E.0557
G1 X129.275 Y94.129 E.01791
G1 X129.126 Y94.714 E.01893
G1 X128.843 Y95.287 E.02004
G1 X128.378 Y95.853 E.02297
G1 X127.929 Y96.202 E.01783
G1 X127.425 Y96.459 E.01774
G1 X126.637 Y96.65 E.02542
G1 X125.812 Y96.619 E.02589
G1 X125.423 Y96.51 E.01267
G1 X123.287 Y97.539 E.07434
G1 X121.992 Y97.997 E.04307
G1 X120.658 Y98.355 E.04331
G1 X119.242 Y98.619 E.04516
G1 X116.702 Y98.802 E.07985
G1 X114.974 Y98.72 E.05424
G1 X113.298 Y98.478 E.05309
G1 X111.652 Y98.078 E.05311
G1 X109.861 Y97.447 E.05954
G1 X108.303 Y96.714 E.05399
G1 X106.839 Y95.845 E.05338
G1 X105.464 Y94.84 E.0534
G1 X104.185 Y93.702 E.05368
G1 X103.026 Y92.455 E.05338
G1 X101.88 Y90.94 E.05956
G1 X100.985 Y89.469 E.05399
G1 X100.237 Y87.918 E.05399
G1 X99.643 Y86.312 E.05369
G1 X99.168 Y84.473 E.05955
G1 X98.908 Y82.771 E.05398
G1 X98.814 Y81.052 E.05398
G1 X98.883 Y79.351 E.05338
G1 X99.159 Y77.431 E.06082
G1 X99.57 Y75.782 E.05328
G1 X100.14 Y74.169 E.05364
G1 X101.102 Y72.177 E.06936
G1 X101.701 Y71.187 E.03628
G1 X102.865 Y69.596 E.06181
G1 X104.06 Y68.299 E.0553
G1 X104.116 Y67.627 E.02114
G1 X104.271 Y67.08 E.01783
G1 X104.483 Y66.668 E.01453
G1 X104.817 Y66.837 F9000
G1 F1200
G1 X104.853 Y66.766 E.0025
G1 X105.237 Y66.295 E.01905
G1 X105.651 Y65.971 E.01648
G1 X106.123 Y65.734 E.01656
G1 X106.8 Y65.579 E.02178
G1 X107.557 Y65.62 E.02377
G1 X107.99 Y65.753 E.0142
G1 X110.221 Y64.67 E.07776
G1 X111.504 Y64.217 E.04266
G1 X112.825 Y63.863 E.04288
G1 X114.199 Y63.609 E.04381
G1 X115.541 Y63.469 E.04231
G1 X117.759 Y63.464 E.06954
G1 X119.416 Y63.646 E.05227
G1 X121.056 Y63.986 E.05251
G1 X122.649 Y64.478 E.05228
G1 X124.187 Y65.12 E.05226
G1 X125.649 Y65.901 E.05197
G1 X127.038 Y66.822 E.05226
G1 X128.489 Y68.012 E.05884
G1 X129.677 Y69.207 E.05283
G1 X130.734 Y70.496 E.05227
G1 X131.658 Y71.872 E.05197
G1 X132.451 Y73.337 E.05223
G1 X133.102 Y74.872 E.05228
G1 X133.604 Y76.462 E.05228
G1 X133.985 Y78.3 E.05885
G1 X134.157 Y79.967 E.05255
G1 X134.169 Y81.652 E.05283
G1 X134.023 Y83.294 E.05169
G1 X133.722 Y84.922 E.05191
G1 X133.443 Y85.965 E.03385
G1 X132.882 Y87.552 E.05278
G1 X132.05 Y89.302 E.06076
G1 X130.894 Y91.141 E.06811
G1 X130.221 Y92.018 E.03466
G1 X128.908 Y93.429 E.06043
G1 X128.905 Y94.057 E.01969
G1 X128.778 Y94.568 E.01651
G1 X128.535 Y95.068 E.01743
G1 X128.128 Y95.571 E.02029
G1 X127.31 Y96.1 E.03054
G1 X126.624 Y96.273 E.02218
G1 X125.852 Y96.243 E.02422
G1 X125.385 Y96.104 E.01528
G1 X123.155 Y97.185 E.0777
G1 X121.873 Y97.639 E.04264
G1 X120.568 Y97.989 E.04236
G1 X119.18 Y98.246 E.04426
G1 X117.846 Y98.386 E.04206
G1 X115.841 Y98.405 E.06287
G1 X114.191 Y98.246 E.05197
G1 X112.564 Y97.932 E.05195
G1 X110.964 Y97.463 E.05228
G1 X109.226 Y96.754 E.05885
G1 X107.746 Y95.968 E.05254
G1 X106.355 Y95.049 E.05227
G1 X105.058 Y94.002 E.05226
G1 X103.867 Y92.836 E.05226
G1 X102.792 Y91.561 E.05229
G1 X101.733 Y90.012 E.05883
G1 X100.928 Y88.53 E.05288
G1 X100.273 Y86.988 E.05253
G1 X99.771 Y85.398 E.05228
G1 X99.389 Y83.56 E.05886
G1 X99.217 Y81.892 E.05258
G1 X99.205 Y80.207 E.05283
G1 X99.35 Y78.567 E.05162
G1 X99.528 Y77.509 E.03364
G1 X99.93 Y75.895 E.05215
G1 X100.487 Y74.318 E.05244
G1 X101.434 Y72.356 E.06831
G1 X102.015 Y71.395 E.03521
G1 X103.16 Y69.83 E.0608
G1 X104.466 Y68.428 E.06008
G1 X104.49 Y67.678 E.02353
G1 X104.616 Y67.233 E.0145
G1 X104.79 Y66.89 E.01206
G1 X105.132 Y67.116 F9000
G1 F1200
G1 X105.488 Y66.578 E.02023
G1 X106.268 Y66.082 E.02898
G1 X106.854 Y65.953 E.01881
G1 X107.508 Y65.995 E.02055
G1 X108.024 Y66.161 E.017
G1 X110.353 Y65.024 E.08126
G1 X111.623 Y64.575 E.04224
G1 X112.915 Y64.229 E.04194
G1 X114.26 Y63.982 E.04288
G1 X116.707 Y63.809 E.07692
G1 X118.557 Y63.911 E.05809
G1 X120.159 Y64.164 E.05085
G1 X121.738 Y64.571 E.05113
G1 X123.272 Y65.126 E.05115
G1 X124.746 Y65.824 E.05114
G1 X126.146 Y66.659 E.05111
G1 X127.46 Y67.623 E.0511
G1 X128.831 Y68.861 E.05792
G1 X129.923 Y70.071 E.0511
G1 X130.896 Y71.38 E.05114
G1 X131.74 Y72.775 E.05112
G1 X132.448 Y74.244 E.05113
G1 X133.01 Y75.766 E.05087
G1 X133.471 Y77.554 E.05789
G1 X133.717 Y79.174 E.05138
G1 X133.806 Y80.812 E.05143
G1 X133.74 Y82.441 E.05112
G1 X133.52 Y84.048 E.05086
G1 X133.083 Y85.853 E.05823
G1 X132.534 Y87.405 E.05162
G1 X131.716 Y89.127 E.05977
G1 X130.591 Y90.916 E.06626
G1 X129.221 Y92.589 E.0678
G1 X128.508 Y93.294 E.03144
G1 X128.529 Y94.017 E.02268
G1 X128.429 Y94.425 E.01317
G1 X128.227 Y94.851 E.01478
G1 X127.875 Y95.29 E.01764
G1 X127.157 Y95.755 E.02682
G1 X126.562 Y95.9 E.0192
G1 X125.896 Y95.868 E.02091
G1 X125.349 Y95.696 E.01798
G1 X123.023 Y96.832 E.08116
G1 X121.768 Y97.277 E.04175
G1 X120.477 Y97.623 E.04191
G1 X119.119 Y97.874 E.0433
G1 X116.688 Y98.048 E.07642
G1 X115.055 Y97.97 E.05126
G1 X113.45 Y97.739 E.05084
G1 X111.873 Y97.357 E.05088
G1 X110.138 Y96.746 E.05767
G1 X108.657 Y96.048 E.05133
G1 X107.255 Y95.215 E.05113
G1 X105.931 Y94.247 E.05142
G1 X104.712 Y93.163 E.05115
G1 X103.608 Y91.975 E.05085
G1 X102.498 Y90.508 E.05768
G1 X101.648 Y89.108 E.05135
G1 X100.931 Y87.623 E.0517
G1 X100.365 Y86.094 E.05112
G1 X99.905 Y84.312 E.0577
G1 X99.658 Y82.685 E.0516
G1 X99.568 Y81.047 E.05144
G1 X99.634 Y79.417 E.05115
G1 X99.897 Y77.586 E.058
G1 X100.29 Y76.007 E.05102
G1 X100.834 Y74.466 E.05124
G1 X101.765 Y72.536 E.06719
G1 X102.329 Y71.604 E.03416
G1 X103.448 Y70.074 E.05943
G1 X104.865 Y68.564 E.06493
G1 X104.864 Y67.73 E.02615
G1 X104.973 Y67.356 E.01221
G1 X105.099 Y67.166 E.00715
G1 X105.43 Y67.298 F9000
G1 F1200
G1 X105.468 Y67.204 E.00318
G1 X105.741 Y66.858 E.01382
G1 X106.413 Y66.431 E.02496
G1 X106.904 Y66.327 E.01574
G1 X107.454 Y66.369 E.0173
G1 X108.022 Y66.612 E.01937
G1 X109.508 Y65.803 E.05305
G1 X110.485 Y65.377 E.03342
G1 X111.728 Y64.937 E.04134
G1 X112.991 Y64.599 E.04099
G1 X114.321 Y64.354 E.0424
G1 X115.605 Y64.221 E.04047
G1 X117.725 Y64.218 E.06647
G1 X119.307 Y64.392 E.0499
G1 X120.859 Y64.714 E.0497
G1 X122.392 Y65.188 E.05031
G1 X123.856 Y65.798 E.04973
G1 X125.255 Y66.544 E.04971
G1 X126.585 Y67.425 E.05002
G1 X127.99 Y68.577 E.05697
G1 X129.112 Y69.706 E.04991
G1 X130.123 Y70.939 E.04999
G1 X131.008 Y72.255 E.04972
G1 X131.768 Y73.657 E.05
G1 X132.392 Y75.125 E.05001
G1 X132.872 Y76.642 E.04989
G1 X133.241 Y78.421 E.05697
G1 X133.405 Y80.017 E.0503
G1 X133.416 Y81.612 E.05001
G1 X133.276 Y83.191 E.0497
G1 X132.986 Y84.757 E.04994
G1 X132.187 Y87.258 E.08232
G1 X131.387 Y88.942 E.05846
G1 X130.281 Y90.701 E.06515
G1 X128.942 Y92.336 E.06626
G1 X128.106 Y93.161 E.03683
G1 X128.175 Y93.634 E.01499
G1 X128.068 Y94.314 E.02158
G1 X127.623 Y95.009 E.02588
G1 X127.007 Y95.408 E.02301
G1 X126.504 Y95.526 E.0162
G1 X125.944 Y95.493 E.01759
G1 X125.352 Y95.245 E.02012
G1 X123.867 Y96.053 E.05301
G1 X122.891 Y96.479 E.03339
G1 X121.649 Y96.919 E.04131
G1 X120.387 Y97.257 E.04096
G1 X119.058 Y97.502 E.04237
G1 X117.782 Y97.635 E.04022
G1 X115.886 Y97.652 E.05945
G1 X114.307 Y97.501 E.04973
G1 X112.75 Y97.201 E.04972
G1 X111.222 Y96.754 E.04992
G1 X109.539 Y96.069 E.05697
G1 X108.139 Y95.324 E.04972
G1 X106.808 Y94.445 E.05001
G1 X105.566 Y93.444 E.05002
G1 X104.425 Y92.329 E.05002
G1 X103.398 Y91.113 E.04991
G1 X102.373 Y89.613 E.05696
G1 X101.607 Y88.203 E.05031
G1 X100.983 Y86.734 E.05004
G1 X100.503 Y85.217 E.04989
G1 X100.133 Y83.438 E.05697
G1 X99.97 Y81.851 E.05002
G1 X99.958 Y80.247 E.05029
G1 X100.266 Y77.664 E.08156
G1 X100.652 Y76.112 E.05014
G1 X101.18 Y74.614 E.0498
G1 X102.097 Y72.716 E.06609
G1 X103.096 Y71.151 E.05821
G1 X104.432 Y69.521 E.06608
G1 X105.266 Y68.697 E.03676
G1 X105.199 Y68.224 E.01498
G1 X105.238 Y67.783 E.01388
G1 X105.408 Y67.354 E.01447
G1 X105.756 Y67.492 F9000
G1 F1200
G1 X105.796 Y67.389 E.00346
G1 X105.994 Y67.139 E.01
G1 X106.552 Y66.782 E.02077
G1 X106.951 Y66.702 E.01276
G1 X107.356 Y66.733 E.01274
G1 X108.023 Y67.055 E.02322
G1 X109.677 Y66.14 E.05927
G1 X110.629 Y65.725 E.03256
G1 X111.846 Y65.295 E.04047
G1 X113.081 Y64.965 E.04008
G1 X114.367 Y64.728 E.041
G1 X116.706 Y64.563 E.07352
G1 X118.484 Y64.662 E.05583
G1 X120.015 Y64.905 E.0486
G1 X121.524 Y65.294 E.04886
G1 X122.99 Y65.825 E.04889
G1 X124.391 Y66.489 E.04861
G1 X125.722 Y67.283 E.04859
G1 X126.975 Y68.201 E.0487
G1 X128.302 Y69.399 E.05605
G1 X129.34 Y70.549 E.04857
G1 X130.271 Y71.8 E.04889
G1 X131.073 Y73.126 E.04859
G1 X131.75 Y74.531 E.0489
G1 X132.288 Y75.985 E.04861
G1 X132.734 Y77.715 E.05602
G1 X132.966 Y79.251 E.04871
G1 X133.052 Y80.817 E.04917
G1 X132.989 Y82.366 E.04861
G1 X132.78 Y83.902 E.0486
G1 X132.36 Y85.638 E.056
G1 X131.839 Y87.112 E.04902
G1 X131.059 Y88.756 E.05705
G1 X129.972 Y90.485 E.06404
G1 X128.663 Y92.082 E.06474
G1 X127.662 Y93.069 E.04408
G1 X127.773 Y93.417 E.01145
G1 X127.779 Y93.933 E.01618
G1 X127.604 Y94.423 E.01631
G1 X127.366 Y94.732 E.01223
G1 X126.857 Y95.061 E.019
G1 X126.449 Y95.152 E.01311
G1 X126.037 Y95.127 E.01294
G1 X125.349 Y94.803 E.02384
G1 X123.698 Y95.716 E.05915
G1 X122.747 Y96.131 E.03253
G1 X121.53 Y96.561 E.04047
G1 X120.297 Y96.891 E.04002
G1 X119.012 Y97.128 E.04097
G1 X116.685 Y97.294 E.07315
G1 X115.135 Y97.22 E.04865
G1 X113.601 Y97 E.04859
G1 X112.094 Y96.636 E.04861
G1 X110.415 Y96.044 E.05582
G1 X109.003 Y95.378 E.04895
G1 X107.67 Y94.586 E.04862
G1 X106.412 Y93.666 E.04887
G1 X105.246 Y92.63 E.04891
G1 X104.19 Y91.495 E.04861
G1 X103.117 Y90.076 E.05578
G1 X102.307 Y88.741 E.04896
G1 X101.625 Y87.328 E.04919
G1 X101.087 Y85.874 E.04861
G1 X100.642 Y84.151 E.0558
G1 X100.408 Y82.607 E.04896
G1 X100.322 Y81.042 E.04914
G1 X100.385 Y79.493 E.04861
G1 X100.637 Y77.731 E.05581
G1 X101.015 Y76.216 E.04896
G1 X101.531 Y74.753 E.04864
G1 X102.428 Y72.896 E.06466
G1 X103.404 Y71.368 E.05685
G1 X104.711 Y69.774 E.06463
G1 X105.712 Y68.787 E.04408
G1 X105.604 Y68.454 E.01098
G1 X105.605 Y67.87 E.01831
G1 X105.733 Y67.548 E.01086
G1 X106.037 Y67.749 F9000
G1 F1200
G1 X106.272 Y67.394 E.01335
G1 X106.687 Y67.135 E.01534
G1 X107.263 Y67.099 E.0181
G1 X107.711 Y67.308 E.0155
G1 X107.95 Y67.544 E.01053
G1 X109.846 Y66.477 E.06821
G1 X110.774 Y66.074 E.03172
G1 X113.171 Y65.331 E.07868
G1 X115.67 Y64.972 E.07916
G1 X117.69 Y64.971 E.06334
G1 X119.197 Y65.138 E.04754
G1 X120.68 Y65.446 E.04749
G1 X122.135 Y65.897 E.04776
G1 X123.533 Y66.479 E.04748
G1 X124.869 Y67.192 E.04748
G1 X126.132 Y68.028 E.04749
G1 X127.49 Y69.141 E.05505
G1 X128.558 Y70.218 E.04756
G1 X129.518 Y71.389 E.04748
G1 X130.363 Y72.645 E.04746
G1 X131.085 Y73.976 E.04748
G1 X131.681 Y75.378 E.04777
G1 X132.139 Y76.823 E.04753
G1 X132.497 Y78.543 E.05509
G1 X132.652 Y80.058 E.04775
G1 X132.662 Y81.573 E.0475
G1 X132.53 Y83.081 E.04746
G1 X132.255 Y84.572 E.04754
G1 X131.492 Y86.965 E.07875
G1 X130.731 Y88.571 E.05572
G1 X129.663 Y90.27 E.06292
G1 X128.382 Y91.83 E.06329
G1 X127.179 Y92.989 E.05238
G1 X127.421 Y93.653 E.02216
G1 X127.359 Y94.058 E.01285
G1 X127.108 Y94.457 E.01478
G1 X126.709 Y94.713 E.01486
G1 X126.126 Y94.76 E.01834
G1 X125.669 Y94.553 E.01573
G1 X125.424 Y94.313 E.01075
G1 X123.53 Y95.378 E.06813
G1 X122.602 Y95.782 E.03173
G1 X120.207 Y96.524 E.07861
G1 X117.717 Y96.883 E.07888
G1 X115.931 Y96.899 E.056
G1 X114.423 Y96.756 E.04749
G1 X112.936 Y96.47 E.04748
G1 X111.48 Y96.045 E.04756
G1 X109.854 Y95.383 E.05505
G1 X108.516 Y94.671 E.04752
G1 X107.253 Y93.837 E.04746
G1 X106.073 Y92.886 E.04752
G1 X104.984 Y91.821 E.04776
G1 X104.004 Y90.664 E.04754
G1 X103.013 Y89.214 E.05507
G1 X102.29 Y87.883 E.04749
G1 X101.694 Y86.481 E.04777
G1 X101.235 Y85.036 E.04754
G1 X100.878 Y83.316 E.05508
G1 X100.722 Y81.801 E.04775
G1 X100.711 Y80.286 E.0475
G1 X101.008 Y77.799 E.07853
G1 X101.377 Y76.32 E.04779
G1 X101.882 Y74.892 E.04749
G1 X102.76 Y73.076 E.06325
G1 X103.712 Y71.586 E.05544
G1 X104.992 Y70.026 E.06327
G1 X106.196 Y68.868 E.05238
G1 X105.953 Y68.18 E.02288
G1 X106.022 Y67.806 E.01192
; printing object TPW_01_Q_GlassBracket_v1 id:0 copy 0
G1 X107.176 Y69.227 F9000
;TYPE:External perimeter
;WIDTH:0.498879
G1 F1200
G1 X107.287 Y69.147 E.00519
;WIDTH:0.459439
G1 X107.618 Y68.907 E.01416
;WIDTH:0.458919
G1 X107.93 Y68.659 E.01379
;WIDTH:0.497839
G1 X108.243 Y68.412 E.01508
G1 X108.885 Y68.005 E.02875
;WIDTH:0.492538
G1 X109.532 Y67.636 E.02785
;WIDTH:0.495658
G1 X110.195 Y67.297 E.02803
G1 X110.876 Y66.995 E.02804
;WIDTH:0.493489
G1 X111.571 Y66.726 E.02792
;WIDTH:0.496927
G1 X112.226 Y66.505 E.0261
G1 X112.995 Y66.291 E.03013
;WIDTH:0.491377
G1 X113.721 Y66.127 E.02775
;WIDTH:0.494523
G1 X114.455 Y65.997 E.02799
G1 X115.194 Y65.907 E.02796
;WIDTH:0.49811
G1 X115.738 Y65.863 E.02066
G1 X116.656 Y65.831 E.03477
;WIDTH:0.495794
G1 X117.18 Y65.84 E.01973
;WIDTH:0.494412
G1 X117.922 Y65.882 E.0279
G1 X118.662 Y65.961 E.02794
G1 X119.398 Y66.077 E.02797
;WIDTH:0.494312
G1 X120.127 Y66.228 E.02794
G1 X120.848 Y66.416 E.02797
G1 X121.559 Y66.639 E.02797
;WIDTH:0.494462
G1 X122.258 Y66.897 E.02798
;WIDTH:0.494577
G1 X122.943 Y67.188 E.02795
;WIDTH:0.494717
G1 X123.613 Y67.514 E.02799
;WIDTH:0.494887
G1 X124.267 Y67.871 E.028
;WIDTH:0.495087
G1 X124.902 Y68.261 E.02802
;WIDTH:0.495321
G1 X125.516 Y68.682 E.028
G1 X126.109 Y69.133 E.02803
;WIDTH:0.494379
G1 X126.68 Y69.612 E.02798
G1 X127.226 Y70.118 E.02794
;WIDTH:0.494571
G1 X127.746 Y70.651 E.02796
;WIDTH:0.494713
G1 X128.24 Y71.209 E.028
;WIDTH:0.494882
G1 X128.705 Y71.791 E.028
;WIDTH:0.495083
G1 X129.141 Y72.395 E.02801
;WIDTH:0.495311
G1 X129.547 Y73.019 E.028
;WIDTH:0.495574
G1 X129.922 Y73.663 E.02805
;WIDTH:0.495863
G1 X130.264 Y74.325 E.02806
;WIDTH:0.496179
G1 X130.573 Y75.002 E.02805
;WIDTH:0.496528
G1 X130.847 Y75.688 E.02786
;WIDTH:0.49676
G1 X131.08 Y76.37 E.0272
G1 X131.295 Y77.116 E.0293
;WIDTH:0.495078
G1 X131.465 Y77.841 E.028
;WIDTH:0.495307
G1 X131.6 Y78.573 E.028
;WIDTH:0.495565
G1 X131.698 Y79.312 E.02806
;WIDTH:0.495852
G1 X131.76 Y80.054 E.02804
;WIDTH:0.496171
G1 X131.784 Y80.798 E.02805
;WIDTH:0.496518
G1 X131.773 Y81.538 E.02791
;WIDTH:0.496858
G1 X131.726 Y82.251 E.02697
;WIDTH:0.49717
G1 X131.647 Y82.961 E.02698
;WIDTH:0.497451
G1 X131.533 Y83.667 E.02703
;WIDTH:0.497695
G1 X131.387 Y84.365 E.02697
G1 X131.165 Y85.209 E.033
;WIDTH:0.495844
G1 X130.937 Y85.918 E.02805
;WIDTH:0.496163
G1 X130.673 Y86.615 E.02809
G1 X130.375 Y87.297 E.02805
;WIDTH:0.49357
G1 X130.043 Y87.964 E.02792
;WIDTH:0.493089
G1 X129.68 Y88.615 E.0279
;WIDTH:0.497405
G1 X129.337 Y89.168 E.02459
;WIDTH:0.497688
G1 X128.934 Y89.754 E.02689
G1 X128.405 Y90.448 E.033
;WIDTH:0.495155
G1 X127.921 Y91.013 E.02798
;WIDTH:0.493142
G1 X127.409 Y91.555 E.02791
;WIDTH:0.498375
G1 X127.05 Y91.904 E.01896
;WIDTH:0.498878
G1 X126.418 Y92.47 E.03217
G1 X126.087 Y92.71 E.0155
;WIDTH:0.459439
G1 X125.756 Y92.949 E.01414
;WIDTH:0.458917
G1 X125.443 Y93.197 E.01381
;WIDTH:0.497835
G1 X125.131 Y93.445 E.01508
G1 X124.489 Y93.852 E.02875
;WIDTH:0.492544
G1 X123.842 Y94.22 E.02783
;WIDTH:0.495683
G1 X123.179 Y94.559 E.02803
G1 X122.497 Y94.86 E.02806
;WIDTH:0.493339
G1 X121.804 Y95.131 E.02787
;WIDTH:0.497011
G1 X121.153 Y95.35 E.02593
G1 X120.379 Y95.565 E.03033
;WIDTH:0.491353
G1 X119.653 Y95.73 E.02776
;WIDTH:0.494593
G1 X118.919 Y95.86 E.028
G1 X118.18 Y95.949 E.02796
;WIDTH:0.498147
G1 X117.649 Y95.993 E.02017
G1 X116.693 Y96.026 E.03621
;WIDTH:0.496734
G1 X115.972 Y96.009 E.02721
;WIDTH:0.497056
G1 X115.259 Y95.958 E.02699
;WIDTH:0.497347
G1 X114.549 Y95.873 E.02702
;WIDTH:0.49761
G1 X113.844 Y95.755 E.02703
;WIDTH:0.497843
G1 X113.146 Y95.603 E.02702
;WIDTH:0.498046
G1 X112.455 Y95.419 E.02706
;WIDTH:0.498208
G1 X111.776 Y95.202 E.02699
G1 X110.886 Y94.867 E.036
;WIDTH:0.496715
G1 X110.226 Y94.574 E.02725
;WIDTH:0.497039
G1 X109.587 Y94.252 E.02702
;WIDTH:0.497332
G1 X108.965 Y93.901 E.02699
;WIDTH:0.497596
G1 X108.36 Y93.52 E.02703
;WIDTH:0.497831
G1 X107.773 Y93.112 E.02704
;WIDTH:0.498037
G1 X107.207 Y92.676 E.02704
;WIDTH:0.49821
G1 X106.661 Y92.214 E.02708
;WIDTH:0.498356
G1 X106.138 Y91.726 E.02709
;WIDTH:0.498473
G1 X105.639 Y91.215 E.02705
G1 X105.165 Y90.68 E.02708
;WIDTH:0.498599
G1 X104.717 Y90.125 E.02703
G1 X104.16 Y89.352 E.0361
;WIDTH:0.497815
G1 X103.772 Y88.745 E.02725
;WIDTH:0.498024
G1 X103.417 Y88.125 E.02704
;WIDTH:0.498203
G1 X103.091 Y87.488 E.02709
;WIDTH:0.496579
G1 X102.793 Y86.837 E.02701
G1 X102.528 Y86.171 E.02704
;WIDTH:0.496899
G1 X102.297 Y85.494 E.027
;WIDTH:0.4972
G1 X102.097 Y84.81 E.02692
G1 X101.909 Y84.016 E.03082
;WIDTH:0.495308
G1 X101.774 Y83.283 E.02804
;WIDTH:0.495587
G1 X101.676 Y82.545 E.02802
;WIDTH:0.495877
G1 X101.614 Y81.802 E.02808
;WIDTH:0.496195
G1 X101.589 Y81.058 E.02806
;WIDTH:0.49654
G1 X101.601 Y80.321 E.0278
;WIDTH:0.496878
G1 X101.647 Y79.607 E.02701
;WIDTH:0.497184
G1 X101.727 Y78.899 E.02691
G1 X101.858 Y78.095 E.03077
;WIDTH:0.495292
G1 X102.015 Y77.367 E.02801
;WIDTH:0.495568
G1 X102.209 Y76.648 E.02803
;WIDTH:0.495857
G1 X102.437 Y75.939 E.02805
;WIDTH:0.496176
G1 X102.701 Y75.242 E.02809
G1 X102.999 Y74.559 E.02808
;WIDTH:0.493578
G1 X103.331 Y73.892 E.02792
;WIDTH:0.494351
G1 X103.693 Y73.242 E.02793
G1 X104.089 Y72.61 E.028
;WIDTH:0.49765
G1 X104.441 Y72.101 E.0234
G1 X104.969 Y71.409 E.03291
;WIDTH:0.495163
G1 X105.453 Y70.843 E.028
;WIDTH:0.493142
G1 X105.965 Y70.302 E.02788
;WIDTH:0.498376
G1 X106.323 Y69.953 E.01893
;WIDTH:0.498879
G1 X106.956 Y69.386 E.03222
G1 X107.128 Y69.262 E.00804
G1 E-3.5 F3600
;WIPE_START
G1 F7200
G1 X107.176 Y69.227 E-.02822
G1 X107.287 Y69.147 E-.06499
G1 X107.618 Y68.907 E-.19421
G1 X107.93 Y68.659 E-.18931
G1 X108.243 Y68.412 E-.18939
G1 X108.885 Y68.005 E-.36107
G1 X109.532 Y67.636 E-.35379
G1 X109.755 Y67.522 E-.11902
;WIPE_END
G1 X125.669 Y93.542 F9000
G1 E5 F2400
;TYPE:Perimeter
;WIDTH:0.524868
G1 F1200
G1 X126.347 Y93.031 E.03402
G1 X126.367 Y93.338 E.01233
G1 X126.563 Y93.624 E.01389
;WIDTH:0.524058
G1 X126.556 Y93.803 E.00717
G1 X126.405 Y93.93 E.00789
G1 X126.241 Y93.93 E.00656
;WIDTH:0.524868
G1 X125.949 Y93.59 E.01796
G1 X125.728 Y93.552 E.00899
G1 E-3.5 F3600
;WIPE_START
G1 F7200
G1 X125.669 Y93.542 E-.02842
G1 X126.347 Y93.031 E-.40328
G1 X126.367 Y93.338 E-.14613
G1 X126.563 Y93.624 E-.16469
G1 X126.556 Y93.803 E-.08509
G1 X126.405 Y93.93 E-.09372
G1 X126.241 Y93.93 E-.0779
G1 X125.949 Y93.59 E-.21288
G1 X125.728 Y93.552 E-.10652
;WIPE_END
G1 E-.18137 F3600
G1 X107.027 Y68.826 F9000
G1 E5 F2400
;WIDTH:0.524776
G1 F1200
G1 X107.007 Y68.519 E.01233
G1 X106.854 Y68.322 E.00999
;WIDTH:0.524617
G1 X106.795 Y68.172 E.00646
G1 X106.841 Y68.02 E.00636
G1 X106.962 Y67.92 E.00629
G1 X107.136 Y67.928 E.00698
;WIDTH:0.524776
G1 X107.425 Y68.267 E.01785
G1 X107.705 Y68.315 E.01138
G1 X107.075 Y68.789 E.03159
G1 X106.679 Y68.88 F9000
;TYPE:External perimeter
;WIDTH:0.465393
G1 F1200
G1 X106.656 Y68.766 E.00409
;WIDTH:0.419999
G1 X106.43 Y68.477 E.0115
G1 X106.355 Y68.188 E.00936
G1 X106.408 Y67.897 E.00927
G1 X106.549 Y67.682 E.00806
G1 X106.831 Y67.508 E.01039
G1 X107.167 Y67.487 E.01056
G1 X107.466 Y67.624 E.01031
G1 X107.742 Y67.977 E.01405
;WIDTH:0.458481
G1 X107.882 Y67.995 E.00488
;WIDTH:0.496963
G1 X108.023 Y68.013 E.00537
G1 X108.664 Y67.612 E.02855
;WIDTH:0.492679
G1 X109.337 Y67.233 E.02889
;WIDTH:0.496546
G1 X110.036 Y66.871 E.02969
;WIDTH:0.498233
G1 X110.935 Y66.481 E.0371
G1 X111.436 Y66.299 E.02018
;WIDTH:0.49493
G1 X112.169 Y66.05 E.0291
G1 X112.898 Y65.853 E.02838
;WIDTH:0.491206
G1 X113.653 Y65.683 E.02885
;WIDTH:0.497165
G1 X114.491 Y65.533 E.03215
G1 X115.166 Y65.46 E.02564
;WIDTH:0.493646
G1 X115.935 Y65.399 E.02891
;WIDTH:0.496631
G1 X116.701 Y65.377 E.02891
;WIDTH:0.498501
G1 X117.676 Y65.409 E.03695
;WIDTH:0.498629
G1 X118.408 Y65.473 E.02784
G1 X119.138 Y65.572 E.02791
G1 X119.862 Y65.705 E.02789
G1 X120.58 Y65.873 E.02794
G1 X121.288 Y66.074 E.02789
;WIDTH:0.498501
G1 X121.987 Y66.309 E.02794
G1 X122.673 Y66.576 E.02789
;WIDTH:0.498393
G1 X123.346 Y66.876 E.02791
;WIDTH:0.498255
G1 X124.004 Y67.207 E.02789
;WIDTH:0.498087
G1 X124.646 Y67.569 E.02789
;WIDTH:0.497888
G1 X125.27 Y67.96 E.02786
;WIDTH:0.497663
G1 X125.874 Y68.381 E.02784
;WIDTH:0.498505
G1 X126.649 Y68.988 E.03729
G1 X127.202 Y69.472 E.02784
G1 X127.733 Y69.983 E.02792
;WIDTH:0.498397
G1 X128.239 Y70.518 E.02789
;WIDTH:0.49826
G1 X128.719 Y71.077 E.0279
;WIDTH:0.498093
G1 X129.172 Y71.658 E.02788
;WIDTH:0.497896
G1 X129.597 Y72.259 E.02785
;WIDTH:0.497669
G1 X129.994 Y72.88 E.02787
;WIDTH:0.497414
G1 X130.36 Y73.519 E.02783
;WIDTH:0.49713
G1 X130.696 Y74.175 E.02784
;WIDTH:0.496815
G1 X131 Y74.846 E.0278
;WIDTH:0.49647
G1 X131.281 Y75.558 E.02887
;WIDTH:0.49612
G1 X131.528 Y76.286 E.02897
;WIDTH:0.497893
G1 X131.778 Y77.175 E.03494
G1 X131.939 Y77.892 E.0278
;WIDTH:0.497677
G1 X132.065 Y78.618 E.02786
;WIDTH:0.497423
G1 X132.158 Y79.349 E.02785
;WIDTH:0.497137
G1 X132.215 Y80.083 E.02781
;WIDTH:0.496823
G1 X132.238 Y80.819 E.02779
;WIDTH:0.49648
G1 X132.224 Y81.584 E.02886
;WIDTH:0.496135
G1 X132.173 Y82.349 E.02889
;WIDTH:0.49582
G1 X132.083 Y83.11 E.02886
;WIDTH:0.495537
G1 X131.957 Y83.867 E.02888
;WIDTH:0.495279
G1 X131.792 Y84.617 E.02888
;WIDTH:0.497141
G1 X131.575 Y85.422 E.03149
G1 X131.346 Y86.121 E.02778
;WIDTH:0.496833
G1 X131.084 Y86.809 E.02779
;WIDTH:0.498219
G1 X130.682 Y87.708 E.03728
G1 X130.434 Y88.188 E.02045
;WIDTH:0.492968
G1 X130.058 Y88.86 E.02882
;WIDTH:0.495287
G1 X129.652 Y89.513 E.02892
G1 X129.211 Y90.142 E.0289
;WIDTH:0.497103
G1 X128.701 Y90.803 E.03153
G1 X128.246 Y91.325 E.02615
;WIDTH:0.493284
G1 X127.717 Y91.884 E.02882
;WIDTH:0.494181
G1 X127.163 Y92.417 E.02885
;WIDTH:0.502307
G1 X126.694 Y92.837 E.02405
G1 X126.706 Y92.963 E.00483
;WIDTH:0.461153
G1 X126.718 Y93.09 E.00444
;WIDTH:0.419999
G1 X126.946 Y93.383 E.01164
G1 X127.019 Y93.678 E.00953
G1 X126.959 Y93.975 E.0095
G1 X126.815 Y94.182 E.00791
G1 X126.549 Y94.345 E.00978
G1 X126.216 Y94.371 E.01047
G1 X125.912 Y94.235 E.01044
G1 X125.632 Y93.88 E.01418
;WIDTH:0.458482
G1 X125.492 Y93.862 E.00488
;WIDTH:0.496964
G1 X125.351 Y93.844 E.00537
G1 X124.71 Y94.244 E.02853
;WIDTH:0.492683
G1 X124.037 Y94.624 E.0289
;WIDTH:0.496469
G1 X123.34 Y94.985 E.0296
G1 X122.656 Y95.279 E.02808
;WIDTH:0.493189
G1 X121.938 Y95.562 E.02889
;WIDTH:0.494883
G1 X121.205 Y95.806 E.02903
G1 X120.476 Y96.003 E.02838
;WIDTH:0.49122
G1 X119.721 Y96.173 E.02885
;WIDTH:0.497126
G1 X118.887 Y96.323 E.032
G1 X118.208 Y96.396 E.02579
;WIDTH:0.493533
G1 X117.439 Y96.457 E.0289
;WIDTH:0.49626
G1 X116.671 Y96.48 E.02896
G1 X115.904 Y96.459 E.02892
;WIDTH:0.495936
G1 X115.139 Y96.401 E.0289
;WIDTH:0.49564
G1 X114.379 Y96.306 E.02883
;WIDTH:0.495375
G1 X113.623 Y96.173 E.02888
;WIDTH:0.495137
G1 X112.876 Y96.003 E.02881
;WIDTH:0.494931
G1 X112.137 Y95.797 E.02883
;WIDTH:0.494753
G1 X111.409 Y95.552 E.02886
;WIDTH:0.49617
G1 X110.691 Y95.277 E.02898
G1 X109.991 Y94.964 E.0289
;WIDTH:0.495954
G1 X109.308 Y94.616 E.02888
;WIDTH:0.495657
G1 X108.642 Y94.235 E.02888
;WIDTH:0.49539
G1 X107.996 Y93.822 E.02885
;WIDTH:0.495152
G1 X107.371 Y93.378 E.02883
;WIDTH:0.494942
G1 X106.769 Y92.903 E.02882
;WIDTH:0.494763
G1 X106.191 Y92.4 E.02879
;WIDTH:0.494613
G1 X105.638 Y91.868 E.02882
;WIDTH:0.494493
G1 X105.112 Y91.31 E.02879
;WIDTH:0.49434
G1 X104.615 Y90.727 E.02876
G1 X104.147 Y90.117 E.02886
;WIDTH:0.495072
G1 X103.706 Y89.488 E.02888
G1 X103.3 Y88.838 E.02881
;WIDTH:0.494952
G1 X102.926 Y88.168 E.02884
;WIDTH:0.494773
G1 X102.588 Y87.484 E.02867
;WIDTH:0.496232
G1 X102.365 Y86.988 E.0205
G1 X102.093 Y86.298 E.02796
;WIDTH:0.496098
G1 X101.846 Y85.572 E.0289
;WIDTH:0.495787
G1 X101.636 Y84.833 E.02893
;WIDTH:0.497566
G1 X101.437 Y83.972 E.03341
G1 X101.309 Y83.241 E.02806
;WIDTH:0.497403
G1 X101.216 Y82.51 E.02785
;WIDTH:0.497119
G1 X101.159 Y81.776 E.0278
;WIDTH:0.496801
G1 X101.136 Y81.039 E.02783
;WIDTH:0.496459
G1 X101.15 Y80.273 E.02889
;WIDTH:0.496116
G1 X101.201 Y79.508 E.02889
;WIDTH:0.495804
G1 X101.292 Y78.744 E.02897
;WIDTH:0.497579
G1 X101.439 Y77.872 E.03343
G1 X101.603 Y77.147 E.0281
;WIDTH:0.497419
G1 X101.798 Y76.437 E.02783
;WIDTH:0.497135
G1 X102.028 Y75.737 E.02783
;WIDTH:0.49682
G1 X102.29 Y75.048 E.02782
;WIDTH:0.498216
G1 X102.692 Y74.15 E.03725
G1 X102.94 Y73.668 E.02052
;WIDTH:0.49432
G1 X103.314 Y72.997 E.02883
G1 X103.724 Y72.347 E.02885
;WIDTH:0.494422
G1 X104.163 Y71.714 E.02892
;WIDTH:0.497101
G1 X104.673 Y71.054 E.0315
G1 X105.127 Y70.532 E.02613
;WIDTH:0.493286
G1 X105.657 Y69.973 E.02885
;WIDTH:0.494181
G1 X106.211 Y69.439 E.02887
;WIDTH:0.510786
G1 X106.703 Y68.994 E.02581
G1 X106.692 Y68.939 E.00218
M106 S255
;LAYER_CHANGE
M117 DASHBOARD_LAYER_INDICATOR 2
;Z:0.3
;HEIGHT:0.1
;BEFORE_LAYER_CHANGE
M117 OBICO_LAYER_INDICATOR 1
G92 E0
;0.3
G1 E-3.5 F3600
;WIPE_START
G1 F7200
G1 X106.679 Y68.88 E-.0287
G1 X106.656 Y68.766 E-.05524
G1 X106.43 Y68.477 E-.17427
G1 X106.355 Y68.188 E-.14182
G1 X106.408 Y67.897 E-.1405
G1 X106.549 Y67.682 E-.12213
G1 X106.831 Y67.508 E-.1574
G1 X107.167 Y67.487 E-.15991
G1 X107.466 Y67.624 E-.15622
G1 X107.742 Y67.977 E-.21284
G1 X107.882 Y67.995 E-.06705
G1 X108.023 Y68.013 E-.06752
G1 X108.052 Y67.995 E-.0164
;WIPE_END
G1 Z.3 F9000
;AFTER_LAYER_CHANGE
;0.3
M104 S205 ; set temperature
M140 S60 ; set bed temperature
; stop printing object TPW_01_Q_GlassBracket_v1 id:0 copy 0
G1 X98.857 Y64.125
G1 E5 F2400
;TYPE:Skirt/Brim
;WIDTH:0.42
G1 F1505
G1 X99.403 Y63.236 E.01729
G1 X100.006 Y62.408 E.01697
G1 X100.618 Y61.733 E.0151
G1 X101.46 Y60.989 E.01862
G1 X102.388 Y60.356 E.01861
G1 X103.387 Y59.841 E.01862
G1 X104.442 Y59.454 E.01862
G1 X111.803 Y57.442 E.12644
G1 X114.363 Y57.053 E.0429
G1 X116.715 Y56.94 E.03902
G1 X119.001 Y57.052 E.03792
G1 X121.533 Y57.434 E.04243
G1 X123.758 Y58.006 E.03807
G1 X125.932 Y58.793 E.03831
G1 X127.985 Y59.767 E.03765
G1 X129.957 Y60.945 E.03806
G1 X132.012 Y62.473 E.04243
G1 X133.707 Y64.024 E.03807
G1 X135.255 Y65.74 E.03829
G1 X136.623 Y67.586 E.03807
G1 X137.931 Y69.787 E.04242
G1 X138.9 Y71.871 E.03808
G1 X139.668 Y74.051 E.0383
G1 X140.221 Y76.28 E.03805
G1 X140.582 Y78.816 E.04244
G1 X140.675 Y81.086 E.03764
G1 X140.55 Y83.38 E.03807
G1 X140.203 Y85.665 E.0383
G1 X139.65 Y87.869 E.03765
G1 X138.88 Y90.034 E.03807
G1 X138.104 Y91.733 E.03095
G1 X137.185 Y93.389 E.03138
G1 X133.892 Y98.741 E.10412
G1 X132.738 Y100.142 E.03007
G1 X131.876 Y100.896 E.01898
G1 X130.927 Y101.536 E.01897
G1 X129.905 Y102.051 E.01896
G1 X128.922 Y102.405 E.01731
G1 X121.567 Y104.415 E.12634
G1 X119.01 Y104.804 E.04286
G1 X116.676 Y104.917 E.03872
G1 X114.381 Y104.806 E.03807
G1 X111.848 Y104.424 E.04244
G1 X109.623 Y103.853 E.03806
G1 X107.458 Y103.07 E.03815
G1 X105.396 Y102.094 E.0378
G1 X103.423 Y100.916 E.03807
G1 X101.367 Y99.387 E.04245
G1 X99.671 Y97.837 E.03807
G1 X98.122 Y96.12 E.03832
G1 X96.76 Y94.283 E.03789
G1 X95.445 Y92.073 E.04261
G1 X94.476 Y89.99 E.03807
G1 X93.707 Y87.81 E.0383
G1 X93.156 Y85.59 E.0379
G1 X92.819 Y83.332 E.03783
G1 X92.699 Y80.774 E.04243
G1 X92.824 Y78.479 E.03808
G1 X93.168 Y76.203 E.03814
G1 X93.724 Y73.991 E.03779
G1 X94.493 Y71.824 E.0381
G1 X95.269 Y70.124 E.03096
G1 X96.188 Y68.468 E.03138
G1 X98.825 Y64.176 E.08347
G1 E-3.5 F3600
;WIPE_START
G1 F7200
G1 X98.857 Y64.125 E-.0286
G1 X99.403 Y63.236 E-.49556
G1 X100.006 Y62.408 E-.48654
G1 X100.618 Y61.733 E-.43279
G1 X100.707 Y61.654 E-.05651
;WIPE_END
; printing object TPW_01_Q_GlassBracket_v1 id:0 copy 0
G1 X105.757 Y70.72 F9000
G1 E5 F2400
;TYPE:External perimeter
;WIDTH:0.419999
G1 F1500
G1 X106.062 Y70.397 E.00736
G1 X106.594 Y69.886 E.01222
G1 X107.151 Y69.401 E.01224
G1 X107.68 Y68.985 E.01115
G1 X108.333 Y68.518 E.0133
G1 X108.956 Y68.121 E.01224
G1 X109.445 Y67.842 E.00933
G1 X110.255 Y67.422 E.01512
G1 X110.929 Y67.121 E.01223
G1 X111.617 Y66.854 E.01223
G1 X112.318 Y66.621 E.01224
G1 X113.029 Y66.423 E.01223
G1 X113.644 Y66.283 E.01045
G1 X114.476 Y66.133 E.01401
G1 X115.208 Y66.042 E.01222
G1 X116.621 Y65.969 E.02344
G1 X117.175 Y65.976 E.00918
G1 X117.911 Y66.018 E.01221
G1 X118.645 Y66.097 E.01223
G1 X119.374 Y66.212 E.01223
G1 X120.097 Y66.362 E.01223
G1 X120.811 Y66.548 E.01223
G1 X121.515 Y66.769 E.01223
G1 X122.208 Y67.024 E.01224
G1 X122.887 Y67.314 E.01223
G1 X123.551 Y67.636 E.01223
G1 X124.198 Y67.991 E.01223
G1 X124.827 Y68.377 E.01223
G1 X125.436 Y68.794 E.01223
G1 X126.024 Y69.24 E.01223
G1 X126.589 Y69.715 E.01223
G1 X127.13 Y70.217 E.01223
G1 X127.646 Y70.745 E.01223
G1 X128.135 Y71.298 E.01223
G1 X128.596 Y71.874 E.01222
G1 X129.028 Y72.473 E.01224
G1 X129.43 Y73.092 E.01223
G1 X129.801 Y73.73 E.01223
G1 X130.14 Y74.385 E.01222
G1 X130.447 Y75.057 E.01224
G1 X130.72 Y75.743 E.01223
G1 X130.958 Y76.441 E.01222
G1 X131.162 Y77.151 E.01224
G1 X131.331 Y77.869 E.01222
G1 X131.464 Y78.595 E.01223
G1 X131.561 Y79.327 E.01223
G1 X131.622 Y80.063 E.01224
G1 X131.646 Y80.8 E.01222
G1 X131.635 Y81.536 E.0122
G1 X131.588 Y82.242 E.01172
G1 X131.509 Y82.945 E.01172
G1 X131.396 Y83.644 E.01173
G1 X131.251 Y84.337 E.01173
G1 X131.073 Y85.022 E.01173
G1 X130.863 Y85.696 E.0117
G1 X130.545 Y86.563 E.0153
G1 X130.252 Y87.236 E.01216
G1 X129.922 Y87.901 E.0123
G1 X129.562 Y88.546 E.01224
G1 X129.171 Y89.171 E.01222
G1 X128.818 Y89.678 E.01024
G1 X128.393 Y90.239 E.01166
G1 X127.819 Y90.923 E.0148
G1 X127.312 Y91.459 E.01222
G1 X126.78 Y91.971 E.01223
G1 X126.344 Y92.35 E.00957
G1 X125.694 Y92.871 E.0138
G1 X125.041 Y93.339 E.01331
G1 X124.418 Y93.735 E.01223
G1 X123.945 Y94.006 E.00903
G1 X123.119 Y94.435 E.01542
G1 X122.445 Y94.736 E.01223
G1 X121.757 Y95.003 E.01223
G1 X121.056 Y95.236 E.01224
G1 X120.345 Y95.434 E.01223
G1 X119.625 Y95.597 E.01223
G1 X118.898 Y95.724 E.01223
G1 X118.166 Y95.815 E.01222
G1 X117.65 Y95.853 E.00857
G1 X116.692 Y95.888 E.01588
G1 X115.975 Y95.871 E.01188
G1 X115.269 Y95.82 E.01173
G1 X114.568 Y95.736 E.0117
G1 X113.758 Y95.599 E.01361
G1 X113.038 Y95.436 E.01223
G1 X112.327 Y95.239 E.01222
G1 X111.626 Y95.006 E.01224
G1 X110.938 Y94.74 E.01222
G1 X110.282 Y94.447 E.0119
G1 X109.65 Y94.128 E.01173
G1 X109.035 Y93.781 E.0117
G1 X108.341 Y93.344 E.01359
G1 X107.739 Y92.917 E.01223
G1 X107.159 Y92.461 E.01222
G1 X106.602 Y91.977 E.01223
G1 X106.199 Y91.595 E.0092
G1 X105.728 Y91.111 E.01119
G1 X105.239 Y90.559 E.01222
G1 X104.778 Y89.982 E.01224
G1 X104.346 Y89.384 E.01222
G1 X103.944 Y88.765 E.01223
G1 X103.573 Y88.127 E.01223
G1 X103.234 Y87.471 E.01224
G1 X102.927 Y86.799 E.01224
G1 X102.654 Y86.114 E.01222
G1 X102.416 Y85.415 E.01223
G1 X102.212 Y84.706 E.01222
G1 X102.043 Y83.987 E.01224
G1 X101.91 Y83.261 E.01223
G1 X101.813 Y82.53 E.01222
G1 X101.752 Y81.794 E.01224
G1 X101.728 Y81.056 E.01223
G1 X101.739 Y80.318 E.01223
G1 X101.788 Y79.582 E.01222
G1 X101.872 Y78.848 E.01224
G1 X101.993 Y78.12 E.01223
G1 X102.149 Y77.399 E.01222
G1 X102.341 Y76.686 E.01223
G1 X102.568 Y75.984 E.01222
G1 X102.829 Y75.293 E.01224
G1 X103.124 Y74.617 E.01222
G1 X103.452 Y73.955 E.01224
G1 X103.812 Y73.311 E.01222
G1 X104.203 Y72.685 E.01223
G1 X104.554 Y72.18 E.01019
G1 X105.076 Y71.495 E.01427
G1 X105.555 Y70.934 E.01222
G1 X105.716 Y70.764 E.00388
G1 E-3.5 F3600
;WIPE_START
G1 F7200
G1 X105.757 Y70.72 E-.02857
G1 X106.062 Y70.397 E-.21102
G1 X106.594 Y69.886 E-.35039
G1 X107.151 Y69.401 E-.35082
G1 X107.68 Y68.985 E-.31966
G1 X108.09 Y68.692 E-.23954
;WIPE_END
G1 X125.551 Y93.582 F9000
G1 E5 F2400
;TYPE:Perimeter
;WIDTH:0.609928
G1 F1500
G1 X125.948 Y93.299 E.01193
G1 X126.399 Y92.945 E.01403
G1 X126.434 Y93.341 E.00973
G1 X126.542 Y93.496 E.00462
;WIDTH:0.600329
G1 X126.62 Y93.713 E.00555
G1 X126.571 Y93.849 E.00348
G1 X126.396 Y93.979 E.00525
G1 X126.179 Y93.923 E.00539
;WIDTH:0.609928
G1 X125.934 Y93.661 E.00878
G1 X125.609 Y93.594 E.00812
G1 E-3.5 F3600
;WIPE_START
G1 F7200
G1 X125.551 Y93.582 E-.02813
G1 X125.948 Y93.299 E-.23158
G1 X126.399 Y92.945 E-.27234
G1 X126.434 Y93.341 E-.18883
G1 X126.542 Y93.496 E-.08973
G1 X126.62 Y93.713 E-.10953
G1 X126.571 Y93.849 E-.06867
G1 X126.396 Y93.979 E-.10355
G1 X126.179 Y93.923 E-.10645
G1 X125.934 Y93.661 E-.17038
G1 X125.665 Y93.605 E-.13081
;WIPE_END
G1 X108.134 Y68.206 F9000
G1 E5 F2400
;WIDTH:0.362318
G1 F1505
G1 X108.763 Y67.818 E.01047
;WIDTH:0.355792
G1 X109.264 Y67.523 E.00808
G1 X110.092 Y67.1 E.01292
;WIDTH:0.344738
G1 X110.782 Y66.791 E.01016
G1 X111.487 Y66.517 E.01017
;WIDTH:0.34627
G1 X112.204 Y66.277 E.01021
G1 X112.932 Y66.077 E.0102
;WIDTH:0.354902
G1 X113.563 Y65.926 E.00899
G1 X114.413 Y65.775 E.01197
;WIDTH:0.349892
G1 X115.164 Y65.685 E.01033
;WIDTH:0.356126
G1 X115.721 Y65.636 E.00778
G1 X116.612 Y65.605 E.0124
;WIDTH:0.350218
G1 X117.18 Y65.615 E.00776
;WIDTH:0.348854
G1 X117.932 Y65.656 E.01025
G1 X118.684 Y65.736 E.01029
;WIDTH:0.348716
G1 X119.431 Y65.853 E.01029
G1 X120.171 Y66.007 E.01028
G1 X120.903 Y66.197 E.01029
G1 X121.624 Y66.423 E.01028
;WIDTH:0.34892
G1 X122.334 Y66.684 E.0103
;WIDTH:0.349146
G1 X123.029 Y66.979 E.01029
;WIDTH:0.349418
G1 X123.71 Y67.309 E.01032
;WIDTH:0.349754
G1 X124.373 Y67.672 E.01032
G1 X125.016 Y68.069 E.01031
;WIDTH:0.348622
G1 X125.641 Y68.494 E.01028
G1 X126.244 Y68.951 E.01029
;WIDTH:0.34876
G1 X126.823 Y69.437 E.01029
;WIDTH:0.34892
G1 X127.377 Y69.951 E.01029
;WIDTH:0.349134
G1 X127.906 Y70.491 E.0103
;WIDTH:0.349412
G1 X128.407 Y71.057 E.01031
;WIDTH:0.349744
G1 X128.88 Y71.647 E.01032
;WIDTH:0.350142
G1 X129.323 Y72.26 E.01034
;WIDTH:0.350594
G1 X129.735 Y72.894 E.01035
G1 X130.114 Y73.548 E.01034
;WIDTH:0.348758
G1 X130.463 Y74.219 E.01029
;WIDTH:0.34891
G1 X130.777 Y74.906 E.01028
;WIDTH:0.34913
G1 X131.057 Y75.609 E.01031
;WIDTH:0.349402
G1 X131.302 Y76.324 E.0103
;WIDTH:0.349736
G1 X131.511 Y77.05 E.01031
;WIDTH:0.35013
G1 X131.685 Y77.786 E.01033
;WIDTH:0.350584
G1 X131.822 Y78.53 E.01035
;WIDTH:0.351098
G1 X131.922 Y79.279 E.01036
;WIDTH:0.351664
G1 X131.985 Y80.033 E.01039
;WIDTH:0.352296
G1 X132.011 Y80.788 E.01039
;WIDTH:0.352986
G1 X132 Y81.542 E.01039
;WIDTH:0.353664
G1 X131.953 Y82.266 E.01002
;WIDTH:0.354288
G1 X131.872 Y82.987 E.01004
;WIDTH:0.35485
G1 X131.757 Y83.704 E.01007
;WIDTH:0.355354
G1 X131.609 Y84.415 E.01008
;WIDTH:0.355796
G1 X131.427 Y85.118 E.01009
;WIDTH:0.356154
G1 X131.212 Y85.809 E.01007
G1 X130.886 Y86.692 E.0131
;WIDTH:0.352966
G1 X130.587 Y87.382 E.01036
G1 X130.247 Y88.062 E.01048
;WIDTH:0.347602
G1 X129.878 Y88.722 E.01025
;WIDTH:0.34588
G1 X129.477 Y89.363 E.0102
;WIDTH:0.355248
G1 X129.118 Y89.888 E.00883
;WIDTH:0.355766
G1 X128.683 Y90.463 E.01002
G1 X128.095 Y91.159 E.01266
;WIDTH:0.351038
G1 X127.575 Y91.708 E.01036
;WIDTH:0.346634
G1 X127.03 Y92.231 E.01021
;WIDTH:0.35758
G1 X126.649 Y92.572 E.00715
;WIDTH:0.365982
G1 X126.588 Y92.63 E.00121
G1 E-3.5 F3600
;WIPE_START
G1 F7200
G1 X126.649 Y92.572 E-.03998
G1 X127.03 Y92.231 E-.24287
G1 X127.575 Y91.708 E-.35879
G1 X128.095 Y91.159 E-.35918
G1 X128.683 Y90.463 E-.43279
G1 X128.767 Y90.351 E-.06639
;WIPE_END
G1 X107.823 Y68.275 F9000
G1 E5 F2400
;WIDTH:0.609922
G1 F1500
G1 X107.426 Y68.557 E.01191
G1 X106.975 Y68.912 E.01404
G1 X106.94 Y68.515 E.00975
G1 X106.82 Y68.345 E.00509
;WIDTH:0.600085
G1 X106.753 Y68.147 E.00503
G1 X106.842 Y67.948 E.00524
G1 X107.038 Y67.87 E.00507
G1 X107.205 Y67.927 E.00424
;WIDTH:0.609922
G1 X107.44 Y68.196 E.00874
G1 X107.765 Y68.262 E.00811
G1 E-3.5 F3600
;WIPE_START
G1 F7200
G1 X107.823 Y68.275 E-.02823
G1 X107.426 Y68.557 E-.23131
G1 X106.975 Y68.912 E-.27263
G1 X106.94 Y68.515 E-.18931
G1 X106.82 Y68.345 E-.09884
G1 X106.753 Y68.147 E-.09929
G1 X106.842 Y67.948 E-.10355
G1 X107.038 Y67.87 E-.1002
G1 X107.205 Y67.927 E-.08382
G1 X107.44 Y68.196 E-.16967
G1 X107.694 Y68.248 E-.12315
;WIPE_END
G1 X125.231 Y93.655 F9000
G1 E5 F2400
;WIDTH:0.360746
G1 F1505
G1 X124.611 Y94.038 E.01028
;WIDTH:0.355952
G1 X124.127 Y94.324 E.00782
G1 X123.284 Y94.76 E.0132
;WIDTH:0.351634
G1 X122.591 Y95.064 E.01039
;WIDTH:0.344604
G1 X121.887 Y95.339 E.01015
;WIDTH:0.346894
G1 X121.17 Y95.579 E.01023
G1 X120.442 Y95.782 E.01023
;WIDTH:0.345044
G1 X119.705 Y95.948 E.01016
;WIDTH:0.349052
G1 X118.961 Y96.082 E.0103
G1 X118.21 Y96.171 E.0103
;WIDTH:0.356242
G1 X117.677 Y96.219 E.00745
G1 X116.701 Y96.253 E.01359
;WIDTH:0.353412
G1 X115.966 Y96.236 E.01015
;WIDTH:0.354058
G1 X115.242 Y96.184 E.01004
;WIDTH:0.35463
G1 X114.523 Y96.099 E.01003
G1 X113.696 Y95.957 E.01162
;WIDTH:0.350774
G1 X112.958 Y95.791 E.01036
;WIDTH:0.351412
G1 X112.229 Y95.59 E.01037
;WIDTH:0.352014
G1 X111.512 Y95.352 E.01038
;WIDTH:0.35268
G1 X110.806 Y95.08 E.01042
;WIDTH:0.353374
G1 X110.133 Y94.781 E.01016
;WIDTH:0.354022
G1 X109.484 Y94.454 E.01005
;WIDTH:0.354598
G1 X108.854 Y94.099 E.01002
G1 X108.146 Y93.65 E.01161
;WIDTH:0.350746
G1 X107.529 Y93.214 E.01034
;WIDTH:0.351384
G1 X106.934 Y92.748 E.01037
;WIDTH:0.351982
G1 X106.362 Y92.253 E.01039
G1 X105.949 Y91.859 E.00784
;WIDTH:0.349818
G1 X105.467 Y91.364 E.00943
;WIDTH:0.34945
G1 X104.967 Y90.799 E.01029
;WIDTH:0.349788
G1 X104.494 Y90.209 E.01032
G1 X104.053 Y89.595 E.01032
;WIDTH:0.348314
G1 X103.64 Y88.962 E.01027
;WIDTH:0.348668
G1 X103.259 Y88.309 E.01028
;WIDTH:0.348772
G1 X102.911 Y87.638 E.01029
;WIDTH:0.34893
G1 X102.597 Y86.95 E.0103
;WIDTH:0.349154
G1 X102.317 Y86.248 E.0103
;WIDTH:0.34943
G1 X102.072 Y85.533 E.01031
;WIDTH:0.349766
G1 X101.863 Y84.806 E.01033
;WIDTH:0.350162
G1 X101.689 Y84.07 E.01034
;WIDTH:0.350624
G1 X101.552 Y83.327 E.01034
;WIDTH:0.351138
G1 X101.452 Y82.577 E.01037
;WIDTH:0.35171
G1 X101.389 Y81.824 E.01037
G1 X101.366 Y81.068 E.01038
;WIDTH:0.348926
G1 X101.377 Y80.312 E.01029
;WIDTH:0.349408
G1 X101.425 Y79.558 E.0103
;WIDTH:0.349744
G1 X101.511 Y78.807 E.01032
;WIDTH:0.350136
G1 X101.634 Y78.061 E.01033
;WIDTH:0.350594
G1 X101.794 Y77.322 E.01035
;WIDTH:0.351102
G1 X101.99 Y76.591 E.01037
;WIDTH:0.351672
G1 X102.221 Y75.872 E.01037
;WIDTH:0.352306
G1 X102.488 Y75.164 E.01041
G1 X102.792 Y74.472 E.0104
;WIDTH:0.347106
G1 X103.128 Y73.795 E.01023
;WIDTH:0.348364
G1 X103.495 Y73.134 E.01028
G1 X103.897 Y72.493 E.01028
;WIDTH:0.355226
G1 X104.254 Y71.971 E.00878
G1 X104.788 Y71.273 E.0122
;WIDTH:0.350244
G1 X105.28 Y70.699 E.01033
;WIDTH:0.348662
G1 X105.798 Y70.148 E.01029
G1 X106.344 Y69.625 E.01029
;WIDTH:0.357582
G1 X106.725 Y69.285 E.00714
G1 X106.522 Y68.879 F9000
;TYPE:External perimeter
;WIDTH:0.419999
G1 F1500
G1 X106.515 Y68.766 E.00188
G1 X106.319 Y68.476 E.0058
G1 X106.254 Y68.142 E.00564
G1 X106.314 Y67.861 E.00476
G1 X106.434 Y67.679 E.00361
G1 X106.615 Y67.501 E.00421
G1 X107.042 Y67.381 E.00735
G1 X107.468 Y67.503 E.00734
G1 X107.773 Y67.832 E.00743
G1 X108.011 Y67.855 E.00396
G1 X109.086 Y67.203 E.02083
G1 X110.175 Y66.654 E.02021
G1 X111.108 Y66.264 E.01676
G1 X112.283 Y65.869 E.02054
G1 X113.487 Y65.568 E.02056
G1 X114.462 Y65.397 E.0164
G1 X115.933 Y65.262 E.02448
G1 X116.719 Y65.239 E.01303
G1 X117.688 Y65.271 E.01606
G1 X118.427 Y65.335 E.01229
G1 X119.163 Y65.435 E.01231
G1 X119.894 Y65.57 E.01232
G1 X120.618 Y65.739 E.01232
G1 X121.333 Y65.942 E.01232
G1 X122.037 Y66.179 E.01231
G1 X122.73 Y66.449 E.01232
G1 X123.409 Y66.751 E.01231
G1 X124.073 Y67.086 E.01232
G1 X124.72 Y67.451 E.01231
G1 X125.557 Y67.986 E.01646
G1 X126.158 Y68.419 E.01227
G1 X126.74 Y68.882 E.01232
G1 X127.299 Y69.372 E.01232
G1 X127.834 Y69.887 E.0123
G1 X128.345 Y70.427 E.01232
G1 X128.829 Y70.991 E.01231
G1 X129.286 Y71.577 E.01231
G1 X129.714 Y72.185 E.01232
G1 X130.114 Y72.812 E.01232
G1 X130.601 Y73.677 E.01645
G1 X130.927 Y74.342 E.01227
G1 X131.223 Y75.024 E.01232
G1 X131.487 Y75.719 E.01232
G1 X131.717 Y76.426 E.01232
G1 X131.913 Y77.143 E.01232
G1 X132.075 Y77.868 E.01231
G1 X132.203 Y78.6 E.01231
G1 X132.296 Y79.338 E.01232
G1 X132.354 Y80.079 E.01232
G1 X132.376 Y80.822 E.01232
G1 X132.364 Y81.556 E.01216
G1 X132.317 Y82.298 E.01232
G1 X132.235 Y83.037 E.01232
G1 X132.117 Y83.771 E.01232
G1 X131.965 Y84.498 E.01231
G1 X131.779 Y85.218 E.01232
G1 X131.559 Y85.927 E.0123
G1 X131.214 Y86.857 E.01644
G1 X130.917 Y87.537 E.01229
G1 X130.471 Y88.423 E.01644
G1 X129.97 Y89.278 E.01642
G1 X129.416 Y90.101 E.01644
G1 X128.969 Y90.692 E.01228
G1 X128.327 Y91.448 E.01643
G1 X127.64 Y92.162 E.01642
G1 X126.848 Y92.911 E.01806
G1 X126.859 Y93.091 E.00299
G1 X127.057 Y93.385 E.00587
G1 X127.119 Y93.725 E.00573
G1 X127.052 Y94.014 E.00492
G1 X126.885 Y94.253 E.00483
G1 X126.492 Y94.459 E.00735
G1 X126.053 Y94.426 E.00729
G1 X125.759 Y94.231 E.00585
G1 X125.601 Y94.025 E.0043
G1 X125.363 Y94.002 E.00396
G1 X124.306 Y94.644 E.02049
G1 X123.408 Y95.106 E.01673
G1 X122.267 Y95.592 E.02055
G1 X121.112 Y95.981 E.02019
G1 X120.134 Y96.235 E.01674
G1 X118.915 Y96.459 E.02054
G1 X117.702 Y96.585 E.02021
G1 X116.691 Y96.618 E.01676
G1 X115.949 Y96.601 E.0123
G1 X115.208 Y96.548 E.01231
G1 X114.47 Y96.461 E.01231
G1 X113.512 Y96.293 E.01612
G1 X112.769 Y96.121 E.01264
G1 X112.054 Y95.919 E.01231
G1 X111.349 Y95.682 E.01232
G1 X110.656 Y95.413 E.01232
G1 X109.977 Y95.111 E.01231
G1 X109.313 Y94.777 E.01232
G1 X108.666 Y94.413 E.0123
G1 X107.846 Y93.89 E.01612
G1 X107.226 Y93.445 E.01265
G1 X106.644 Y92.983 E.01231
G1 X106.084 Y92.493 E.01233
G1 X105.548 Y91.978 E.01232
G1 X105.037 Y91.438 E.01232
G1 X104.553 Y90.875 E.0123
G1 X104.096 Y90.289 E.01231
G1 X103.54 Y89.491 E.01612
G1 X103.139 Y88.842 E.01264
G1 X102.78 Y88.192 E.0123
G1 X102.451 Y87.525 E.01232
G1 X102.155 Y86.843 E.01232
G1 X101.891 Y86.148 E.01232
G1 X101.66 Y85.441 E.01232
G1 X101.463 Y84.725 E.0123
G1 X101.301 Y83.999 E.01233
G1 X101.172 Y83.267 E.01232
G1 X101.079 Y82.529 E.01232
G1 X101.021 Y81.789 E.0123
G1 X100.998 Y80.817 E.01611
G1 X101.021 Y80.054 E.01265
G1 X101.08 Y79.314 E.0123
G1 X101.174 Y78.576 E.01233
G1 X101.303 Y77.844 E.01232
G1 X101.467 Y77.119 E.01232
G1 X101.664 Y76.402 E.01232
G1 X101.895 Y75.696 E.01231
G1 X102.159 Y75.002 E.0123
G1 X102.563 Y74.096 E.01644
G1 X103.013 Y73.235 E.0161
G1 X103.403 Y72.579 E.01265
G1 X103.957 Y71.757 E.01642
G1 X104.561 Y70.971 E.01642
G1 X105.201 Y70.24 E.0161
G1 X105.733 Y69.695 E.01262
G1 X106.526 Y68.945 E.01809
G1 X106.526 Y68.939 E.0001
;LAYER_CHANGE
M117 DASHBOARD_LAYER_INDICATOR 3
;Z:0.4
;HEIGHT:0.1
;BEFORE_LAYER_CHANGE
M117 OBICO_LAYER_INDICATOR 2
G92 E0
;0.4
G1 E-3.5 F3600
;WIPE_START
G1 F7200
G1 X106.522 Y68.879 E-.02856
G1 X106.515 Y68.766 E-.05378
G1 X106.319 Y68.476 E-.16626
G1 X106.254 Y68.142 E-.16163
G1 X106.314 Y67.861 E-.13648
G1 X106.434 Y67.679 E-.10355
G1 X106.615 Y67.501 E-.12058
G1 X107.042 Y67.381 E-.21068
G1 X107.468 Y67.503 E-.21048
G1 X107.773 Y67.832 E-.2131
G1 X107.972 Y67.851 E-.0949
;WIPE_END
G1 Z.4 F9000
;AFTER_LAYER_CHANGE
;0.4
G1 X107.014 Y69.52
G1 E5 F2400
G1 F973
G1 X107.151 Y69.401 E.00301
G1 X107.68 Y68.985 E.01115
G1 X108.333 Y68.518 E.0133
G1 X108.956 Y68.121 E.01224
G1 X109.445 Y67.842 E.00933
G1 X110.255 Y67.422 E.01512
G1 X110.929 Y67.121 E.01223
G1 X111.617 Y66.854 E.01223
G1 X112.318 Y66.621 E.01224
G1 X113.029 Y66.423 E.01223
G1 X113.643 Y66.283 E.01043
G1 X114.476 Y66.133 E.01402
G1 X115.208 Y66.042 E.01222
G1 X116.597 Y65.969 E.02305
G1 X117.175 Y65.976 E.00958
G1 X117.911 Y66.018 E.01221
G1 X118.645 Y66.097 E.01223
G1 X119.374 Y66.212 E.01223
G1 X120.097 Y66.362 E.01223
G1 X120.811 Y66.548 E.01223
G1 X121.515 Y66.769 E.01223
G1 X122.208 Y67.024 E.01224
G1 X122.887 Y67.314 E.01223
G1 X123.551 Y67.636 E.01223
G1 X124.198 Y67.991 E.01223
G1 X124.827 Y68.377 E.01223
G1 X125.436 Y68.794 E.01223
G1 X126.024 Y69.24 E.01223
G1 X126.589 Y69.715 E.01223
G1 X127.13 Y70.217 E.01223
G1 X127.646 Y70.745 E.01223
G1 X128.135 Y71.298 E.01223
G1 X128.596 Y71.874 E.01222
G1 X129.028 Y72.473 E.01224
G1 X129.43 Y73.092 E.01223
G1 X129.801 Y73.73 E.01223
G1 X130.14 Y74.385 E.01222
G1 X130.447 Y75.057 E.01224
G1 X130.72 Y75.743 E.01223
G1 X130.958 Y76.441 E.01222
G1 X131.162 Y77.151 E.01224
G1 X131.331 Y77.869 E.01222
G1 X131.464 Y78.595 E.01223
G1 X131.561 Y79.327 E.01223
G1 X131.622 Y80.063 E.01224
G1 X131.646 Y80.8 E.01222
G1 X131.634 Y81.538 E.01223
G1 X131.586 Y82.275 E.01224
G1 X131.502 Y83.008 E.01222
G1 X131.381 Y83.736 E.01223
G1 X131.225 Y84.458 E.01224
G1 X131.033 Y85.17 E.01222
G1 X130.806 Y85.873 E.01224
G1 X130.545 Y86.563 E.01222
G1 X130.25 Y87.24 E.01224
G1 X129.922 Y87.901 E.01223
G1 X129.562 Y88.546 E.01224
G1 X129.171 Y89.171 E.01222
G1 X128.818 Y89.678 E.01024
G1 X128.393 Y90.239 E.01166
G1 X127.819 Y90.923 E.0148
G1 X127.312 Y91.459 E.01222
G1 X126.78 Y91.971 E.01223
G1 X126.344 Y92.35 E.00957
G1 X125.694 Y92.871 E.0138
G1 X125.041 Y93.339 E.01331
G1 X124.418 Y93.735 E.01223
G1 X123.952 Y94.002 E.0089
G1 X123.119 Y94.435 E.01556
G1 X122.445 Y94.736 E.01223
G1 X121.757 Y95.003 E.01223
G1 X121.056 Y95.236 E.01224
G1 X120.345 Y95.434 E.01223
G1 X119.625 Y95.597 E.01223
G1 X118.898 Y95.724 E.01223
G1 X118.166 Y95.815 E.01222
G1 X117.658 Y95.853 E.00844
G1 X116.692 Y95.888 E.01602
G1 X115.975 Y95.871 E.01188
G1 X115.269 Y95.82 E.01173
G1 X114.568 Y95.736 E.0117
G1 X113.758 Y95.599 E.01361
G1 X113.038 Y95.436 E.01223
G1 X112.327 Y95.239 E.01222
G1 X111.626 Y95.006 E.01224
G1 X110.938 Y94.74 E.01222
G1 X110.282 Y94.447 E.0119
G1 X109.65 Y94.128 E.01173
G1 X109.035 Y93.781 E.0117
G1 X108.341 Y93.344 E.01359
G1 X107.739 Y92.917 E.01223
G1 X107.159 Y92.461 E.01222
G1 X106.601 Y91.977 E.01224
G1 X106.069 Y91.466 E.01222
G1 X105.574 Y90.943 E.01193
G1 X105.113 Y90.405 E.01174
G1 X104.679 Y89.848 E.0117
G1 X104.208 Y89.18 E.01354
G1 X103.816 Y88.553 E.01225
G1 X103.456 Y87.91 E.01221
G1 X103.128 Y87.249 E.01223
G1 X102.894 Y86.719 E.0096
G1 X102.654 Y86.113 E.0108
G1 X102.416 Y85.415 E.01222
G1 X102.212 Y84.706 E.01222
G1 X102.043 Y83.987 E.01224
G1 X101.91 Y83.261 E.01223
G1 X101.813 Y82.53 E.01222
G1 X101.752 Y81.794 E.01224
G1 X101.728 Y81.056 E.01223
G1 X101.739 Y80.318 E.01223
G1 X101.788 Y79.582 E.01222
G1 X101.872 Y78.848 E.01224
G1 X101.993 Y78.12 E.01223
G1 X102.149 Y77.399 E.01222
G1 X102.341 Y76.686 E.01223
G1 X102.568 Y75.984 E.01222
G1 X102.829 Y75.293 E.01224
G1 X103.124 Y74.617 E.01222
G1 X103.452 Y73.955 E.01224
G1 X103.812 Y73.311 E.01222
G1 X104.203 Y72.685 E.01223
G1 X104.554 Y72.18 E.01019
G1 X105.076 Y71.495 E.01427
G1 X105.555 Y70.934 E.01222
G1 X106.062 Y70.397 E.01224
G1 X106.594 Y69.886 E.01222
G1 X106.969 Y69.56 E.00823
G1 E-3.5 F3600
;WIPE_START
G1 F7200
G1 X107.014 Y69.52 E-.0286
G1 X107.151 Y69.401 E-.0862
G1 X107.68 Y68.985 E-.31966
G1 X108.333 Y68.518 E-.38133
G1 X108.956 Y68.121 E-.3509
G1 X109.445 Y67.842 E-.26742
G1 X109.568 Y67.778 E-.06589
;WIPE_END
G1 X125.551 Y93.582 F9000
G1 E5 F2400
;TYPE:Perimeter
;WIDTH:0.609944
G1 F973
G1 X125.948 Y93.299 E.01193
G1 X126.399 Y92.945 E.01403
G1 X126.434 Y93.341 E.00973
G1 X126.542 Y93.496 E.00462
;WIDTH:0.600353
G1 X126.62 Y93.712 E.00553
G1 X126.571 Y93.849 E.0035
G1 X126.392 Y93.977 E.0053
G1 X126.179 Y93.923 E.00529
;WIDTH:0.609944
G1 X125.934 Y93.661 E.00878
G1 X125.609 Y93.594 E.00812
G1 E-3.5 F3600
;WIPE_START
G1 F7200
G1 X125.551 Y93.582 E-.02813
G1 X125.948 Y93.299 E-.23158
G1 X126.399 Y92.945 E-.27234
G1 X126.434 Y93.341 E-.18883
G1 X126.542 Y93.496 E-.08973
G1 X126.62 Y93.712 E-.10908
G1 X126.571 Y93.849 E-.06911
G1 X126.392 Y93.977 E-.10453
G1 X126.179 Y93.923 E-.10438
G1 X125.934 Y93.661 E-.17038
G1 X125.662 Y93.605 E-.13191
;WIPE_END
G1 X108.134 Y68.206 F9000
G1 E5 F2400
;WIDTH:0.362326
G1 F973
G1 X108.763 Y67.818 E.01047
;WIDTH:0.355796
G1 X109.264 Y67.523 E.00808
G1 X110.092 Y67.1 E.01292
;WIDTH:0.344834
G1 X110.782 Y66.791 E.01016
;WIDTH:0.344582
G1 X111.487 Y66.517 E.01016
;WIDTH:0.34627
G1 X112.204 Y66.277 E.01021
G1 X112.932 Y66.077 E.0102
;WIDTH:0.354902
G1 X113.563 Y65.926 E.00899
G1 X114.413 Y65.775 E.01197
;WIDTH:0.349892
G1 X115.164 Y65.685 E.01033
;WIDTH:0.356124
G1 X115.721 Y65.636 E.00778
G1 X116.587 Y65.606 E.01206
;WIDTH:0.349394
G1 X117.18 Y65.615 E.00809
;WIDTH:0.348854
G1 X117.932 Y65.656 E.01025
G1 X118.684 Y65.736 E.01029
;WIDTH:0.348716
G1 X119.431 Y65.853 E.01029
G1 X120.171 Y66.007 E.01028
G1 X120.903 Y66.197 E.01029
G1 X121.624 Y66.423 E.01028
;WIDTH:0.348922
G1 X122.334 Y66.684 E.0103
;WIDTH:0.349146
G1 X123.029 Y66.979 E.01029
;WIDTH:0.34942
G1 X123.71 Y67.309 E.01032
G1 X124.372 Y67.674 E.01031
;WIDTH:0.348642
G1 X125.017 Y68.068 E.01028
G1 X125.641 Y68.494 E.01028
G1 X126.244 Y68.951 E.01029
;WIDTH:0.34876
G1 X126.823 Y69.437 E.01029
;WIDTH:0.348922
G1 X127.377 Y69.951 E.01029
;WIDTH:0.349134
G1 X127.906 Y70.491 E.0103
;WIDTH:0.349412
G1 X128.407 Y71.057 E.01031
;WIDTH:0.349744
G1 X128.88 Y71.647 E.01032
;WIDTH:0.350142
G1 X129.323 Y72.26 E.01034
G1 X129.735 Y72.894 E.01033
;WIDTH:0.349874
G1 X130.114 Y73.548 E.01032
;WIDTH:0.348758
G1 X130.463 Y74.219 E.01029
;WIDTH:0.348912
G1 X130.777 Y74.906 E.01028
;WIDTH:0.349128
G1 X131.057 Y75.609 E.01031
;WIDTH:0.3494
G1 X131.302 Y76.324 E.0103
;WIDTH:0.349738
G1 X131.511 Y77.05 E.01031
G1 X131.683 Y77.787 E.01033
;WIDTH:0.348622
G1 X131.821 Y78.53 E.01028
G1 X131.921 Y79.279 E.01028
;WIDTH:0.348752
G1 X131.984 Y80.033 E.0103
;WIDTH:0.348906
G1 X132.009 Y80.788 E.01028
;WIDTH:0.34912
G1 X131.998 Y81.544 E.0103
;WIDTH:0.349394
G1 X131.949 Y82.299 E.01032
;WIDTH:0.349724
G1 X131.863 Y83.05 E.01032
;WIDTH:0.350118
G1 X131.74 Y83.796 E.01033
;WIDTH:0.350572
G1 X131.58 Y84.535 E.01035
;WIDTH:0.351078
G1 X131.384 Y85.265 E.01036
;WIDTH:0.351648
G1 X131.153 Y85.985 E.01038
;WIDTH:0.35228
G1 X130.886 Y86.692 E.01039
G1 X130.582 Y87.385 E.01041
;WIDTH:0.347092
G1 X130.246 Y88.062 E.01023
;WIDTH:0.348732
G1 X129.879 Y88.723 E.01029
G1 X129.477 Y89.363 E.01028
;WIDTH:0.355248
G1 X129.118 Y89.888 E.00883
;WIDTH:0.355766
G1 X128.683 Y90.463 E.01002
G1 X128.095 Y91.159 E.01266
;WIDTH:0.35104
G1 X127.575 Y91.708 E.01036
;WIDTH:0.346634
G1 X127.03 Y92.231 E.01021
;WIDTH:0.35758
G1 X126.649 Y92.572 E.00715
;WIDTH:0.365982
G1 X126.588 Y92.63 E.00121
G1 E-3.5 F3600
;WIPE_START
G1 F7200
G1 X126.649 Y92.572 E-.03998
G1 X127.03 Y92.231 E-.24287
G1 X127.575 Y91.708 E-.35879
G1 X128.095 Y91.159 E-.35918
G1 X128.683 Y90.463 E-.43279
G1 X128.767 Y90.351 E-.06639
;WIPE_END
G1 X107.823 Y68.275 F9000
G1 E5 F2400
;WIDTH:0.60994
G1 F973
G1 X107.426 Y68.557 E.01191
G1 X106.975 Y68.912 E.01404
G1 X106.94 Y68.515 E.00975
G1 X106.821 Y68.345 E.00508
;WIDTH:0.600049
G1 X106.753 Y68.147 E.00504
G1 X106.844 Y67.946 E.00531
G1 X107.041 Y67.873 E.00505
G1 X107.206 Y67.928 E.00418
;WIDTH:0.60994
G1 X107.44 Y68.196 E.0087
G1 X107.765 Y68.262 E.00811
G1 E-3.5 F3600
;WIPE_START
G1 F7200
G1 X107.823 Y68.275 E-.02823
G1 X107.426 Y68.557 E-.23131
G1 X106.975 Y68.912 E-.27263
G1 X106.94 Y68.515 E-.18931
G1 X106.821 Y68.345 E-.09857
G1 X106.753 Y68.147 E-.09944
G1 X106.844 Y67.946 E-.1048
G1 X107.041 Y67.873 E-.09979
G1 X107.206 Y67.928 E-.08261
G1 X107.44 Y68.196 E-.169
G1 X107.696 Y68.248 E-.12431
;WIPE_END
G1 X125.231 Y93.655 F9000
G1 E5 F2400
;WIDTH:0.360744
G1 F973
G1 X124.611 Y94.038 E.01028
;WIDTH:0.355984
G1 X124.134 Y94.32 E.00771
G1 X123.284 Y94.76 E.01331
;WIDTH:0.351612
G1 X122.591 Y95.064 E.01039
;WIDTH:0.344666
G1 X121.887 Y95.339 E.01016
;WIDTH:0.347116
G1 X121.171 Y95.58 E.01023
G1 X120.442 Y95.782 E.01024
;WIDTH:0.344914
G1 X119.705 Y95.948 E.01016
;WIDTH:0.349048
G1 X118.961 Y96.082 E.0103
G1 X118.21 Y96.171 E.0103
;WIDTH:0.356264
G1 X117.685 Y96.218 E.00734
G1 X116.701 Y96.253 E.01371
;WIDTH:0.353408
G1 X115.966 Y96.236 E.01015
;WIDTH:0.354054
G1 X115.242 Y96.184 E.01004
;WIDTH:0.354626
G1 X114.523 Y96.099 E.01003
G1 X113.696 Y95.957 E.01162
;WIDTH:0.350734
G1 X112.958 Y95.791 E.01036
;WIDTH:0.351408
G1 X112.229 Y95.59 E.01037
;WIDTH:0.352014
G1 X111.511 Y95.352 E.0104
;WIDTH:0.352678
G1 X110.806 Y95.08 E.01041
;WIDTH:0.35337
G1 X110.133 Y94.781 E.01016
;WIDTH:0.35402
G1 X109.484 Y94.454 E.01005
;WIDTH:0.354598
G1 X108.854 Y94.099 E.01002
G1 X108.146 Y93.651 E.0116
;WIDTH:0.350708
G1 X107.529 Y93.214 E.01035
;WIDTH:0.351384
G1 X106.934 Y92.748 E.01037
;WIDTH:0.351978
G1 X106.362 Y92.252 E.0104
;WIDTH:0.352642
G1 X105.816 Y91.73 E.0104
;WIDTH:0.353338
G1 X105.309 Y91.193 E.01019
;WIDTH:0.353986
G1 X104.835 Y90.643 E.01004
;WIDTH:0.354564
G1 X104.39 Y90.072 E.01003
G1 X103.91 Y89.387 E.01158
;WIDTH:0.350672
G1 X103.508 Y88.747 E.01034
;WIDTH:0.351348
G1 X103.138 Y88.088 E.01037
;WIDTH:0.351944
G1 X102.801 Y87.411 E.01039
G1 X102.561 Y86.866 E.00818
;WIDTH:0.350164
G1 X102.317 Y86.247 E.00909
;WIDTH:0.34943
G1 X102.072 Y85.532 E.01031
;WIDTH:0.349764
G1 X101.863 Y84.806 E.01031
G1 X101.691 Y84.07 E.01032
;WIDTH:0.348196
G1 X101.553 Y83.326 E.01028
;WIDTH:0.348666
G1 X101.453 Y82.577 E.01028
G1 X101.39 Y81.824 E.01028
;WIDTH:0.348918
G1 X101.365 Y81.068 E.0103
;WIDTH:0.349134
G1 X101.376 Y80.312 E.0103
;WIDTH:0.349412
G1 X101.425 Y79.558 E.0103
;WIDTH:0.349746
G1 X101.511 Y78.807 E.01032
;WIDTH:0.350136
G1 X101.634 Y78.061 E.01033
;WIDTH:0.350594
G1 X101.794 Y77.322 E.01035
;WIDTH:0.3511
G1 X101.99 Y76.591 E.01037
;WIDTH:0.351672
G1 X102.221 Y75.872 E.01037
;WIDTH:0.352304
G1 X102.488 Y75.164 E.01041
G1 X102.792 Y74.472 E.0104
;WIDTH:0.347106
G1 X103.128 Y73.795 E.01023
;WIDTH:0.348226
G1 X103.495 Y73.134 E.01027
G1 X103.897 Y72.493 E.01028
;WIDTH:0.355226
G1 X104.254 Y71.971 E.00878
G1 X104.788 Y71.273 E.0122
;WIDTH:0.350246
G1 X105.28 Y70.699 E.01033
;WIDTH:0.348568
G1 X105.798 Y70.148 E.01028
G1 X106.344 Y69.625 E.01028
;WIDTH:0.35758
G1 X106.725 Y69.285 E.00714
G1 X106.522 Y68.879 F9000
;TYPE:External perimeter
;WIDTH:0.419999
G1 F973
G1 X106.515 Y68.766 E.00188
G1 X106.319 Y68.475 E.00581
G1 X106.254 Y68.143 E.00561
G1 X106.314 Y67.862 E.00476
G1 X106.436 Y67.677 E.00367
G1 X106.615 Y67.501 E.00416
G1 X107.043 Y67.381 E.00737
G1 X107.469 Y67.504 E.00735
G1 X107.773 Y67.832 E.00741
G1 X108.011 Y67.855 E.00396
G1 X109.086 Y67.203 E.02083
G1 X110.168 Y66.657 E.02008
G1 X111.108 Y66.264 E.01688
G1 X112.283 Y65.869 E.02054
G1 X113.487 Y65.568 E.02056
G1 X114.462 Y65.397 E.0164
G1 X115.933 Y65.262 E.02448
G1 X116.727 Y65.239 E.01316
G1 X117.688 Y65.271 E.01593
G1 X118.427 Y65.335 E.01229
G1 X119.163 Y65.435 E.01231
G1 X119.894 Y65.57 E.01232
G1 X120.618 Y65.739 E.01232
G1 X121.333 Y65.942 E.01232
G1 X122.037 Y66.179 E.01231
G1 X122.73 Y66.449 E.01232
G1 X123.409 Y66.751 E.01231
G1 X124.073 Y67.086 E.01232
G1 X124.934 Y67.581 E.01646
G1 X125.555 Y67.985 E.01228
G1 X126.158 Y68.419 E.01231
G1 X126.74 Y68.882 E.01232
G1 X127.299 Y69.372 E.01232
G1 X127.834 Y69.887 E.0123
G1 X128.345 Y70.427 E.01232
G1 X128.829 Y70.991 E.01231
G1 X129.286 Y71.577 E.01231
G1 X129.715 Y72.185 E.01233
G1 X130.129 Y72.836 E.01278
G1 X130.601 Y73.677 E.01598
G1 X130.927 Y74.342 E.01227
G1 X131.223 Y75.024 E.01232
G1 X131.487 Y75.719 E.01232
G1 X131.717 Y76.426 E.01232
G1 X131.913 Y77.143 E.01232
G1 X132.122 Y78.114 E.01646
G1 X132.238 Y78.846 E.01228
G1 X132.319 Y79.584 E.0123
G1 X132.365 Y80.326 E.01232
G1 X132.376 Y81.061 E.01218
G1 X132.352 Y81.804 E.01232
G1 X132.293 Y82.545 E.01232
G1 X132.199 Y83.282 E.01231
G1 X132.071 Y84.014 E.01231
G1 X131.907 Y84.739 E.01232
G1 X131.71 Y85.456 E.01232
G1 X131.478 Y86.162 E.01231
G1 X131.214 Y86.856 E.0123
G1 X130.811 Y87.762 E.01643
G1 X130.351 Y88.64 E.01642
G1 X129.971 Y89.278 E.0123
G1 X129.416 Y90.101 E.01645
G1 X128.969 Y90.692 E.01228
G1 X128.327 Y91.448 E.01643
G1 X127.64 Y92.162 E.01642
G1 X126.848 Y92.911 E.01806
G1 X126.859 Y93.091 E.00299
G1 X127.057 Y93.386 E.00589
G1 X127.119 Y93.723 E.00568
G1 X127.052 Y94.014 E.00495
G1 X126.885 Y94.253 E.00483
G1 X126.492 Y94.459 E.00735
G1 X126.052 Y94.425 E.00731
G1 X125.758 Y94.23 E.00585
G1 X125.601 Y94.025 E.00428
G1 X125.363 Y94.002 E.00396
G1 X124.313 Y94.64 E.02036
G1 X123.408 Y95.106 E.01687
G1 X122.267 Y95.592 E.02055
G1 X121.12 Y95.979 E.02006
G1 X120.134 Y96.235 E.01688
G1 X118.915 Y96.459 E.02054
G1 X117.71 Y96.585 E.02007
G1 X116.691 Y96.618 E.01689
G1 X115.949 Y96.601 E.0123
G1 X115.207 Y96.548 E.01233
G1 X114.47 Y96.461 E.0123
G1 X113.52 Y96.295 E.01598
G1 X112.769 Y96.121 E.01277
G1 X112.054 Y95.918 E.01232
G1 X111.349 Y95.682 E.01232
G1 X110.656 Y95.413 E.01232
G1 X109.977 Y95.111 E.01231
G1 X109.313 Y94.777 E.01232
G1 X108.666 Y94.413 E.0123
G1 X107.853 Y93.894 E.01598
G1 X107.226 Y93.445 E.01278
G1 X106.644 Y92.983 E.01231
G1 X106.084 Y92.493 E.01233
G1 X105.548 Y91.978 E.01232
G1 X105.037 Y91.438 E.01232
G1 X104.553 Y90.875 E.0123
G1 X104.096 Y90.289 E.01231
G1 X103.545 Y89.498 E.01597
G1 X103.139 Y88.842 E.01278
G1 X102.78 Y88.192 E.0123
G1 X102.451 Y87.525 E.01232
G1 X102.155 Y86.843 E.01232
G1 X101.891 Y86.148 E.01232
G1 X101.66 Y85.441 E.01232
G1 X101.463 Y84.725 E.0123
G1 X101.259 Y83.783 E.01597
G1 X101.137 Y83.021 E.01279
G1 X101.056 Y82.283 E.0123
G1 X101.009 Y81.541 E.01232
G1 X100.998 Y80.798 E.01231
G1 X101.021 Y80.055 E.01232
G1 X101.08 Y79.314 E.01232
G1 X101.174 Y78.576 E.01233
G1 X101.303 Y77.844 E.01232
G1 X101.467 Y77.119 E.01232
G1 X101.664 Y76.402 E.01232
G1 X101.895 Y75.696 E.01231
G1 X102.159 Y75.002 E.0123
G1 X102.563 Y74.095 E.01645
G1 X103.009 Y73.242 E.01595
G1 X103.403 Y72.579 E.01278
G1 X103.957 Y71.757 E.01642
G1 X104.561 Y70.971 E.01642
G1 X105.195 Y70.246 E.01596
G1 X105.733 Y69.695 E.01276
G1 X106.526 Y68.945 E.01809
G1 X106.526 Y68.939 E.0001
;LAYER_CHANGE
M117 DASHBOARD_LAYER_INDICATOR 4
;Z:0.5
;HEIGHT:0.1
;BEFORE_LAYER_CHANGE
M117 OBICO_LAYER_INDICATOR 3
G92 E0
;0.5
G1 E-3.5 F3600
;WIPE_START
G1 F7200
G1 X106.522 Y68.879 E-.02856
G1 X106.515 Y68.766 E-.05378
G1 X106.319 Y68.475 E-.16665
G1 X106.254 Y68.143 E-.16069
G1 X106.314 Y67.862 E-.13648
G1 X106.436 Y67.677 E-.10526
G1 X106.615 Y67.501 E-.11924
G1 X107.043 Y67.381 E-.21114
G1 X107.469 Y67.504 E-.21062
G1 X107.773 Y67.832 E-.21243
G1 X107.972 Y67.851 E-.09515
;WIPE_END
G1 Z.5 F9000
;AFTER_LAYER_CHANGE
;0.5
G1 X107.014 Y69.52
G1 E5 F2400
G1 F973
G1 X107.151 Y69.401 E.00301
G1 X107.68 Y68.985 E.01115
G1 X108.333 Y68.518 E.0133
G1 X108.956 Y68.121 E.01224
G1 X109.445 Y67.842 E.00933
G1 X110.255 Y67.422 E.01512
G1 X110.929 Y67.121 E.01223
G1 X111.617 Y66.854 E.01223
G1 X112.318 Y66.621 E.01224
G1 X113.029 Y66.423 E.01223
G1 X113.749 Y66.26 E.01223
G1 X114.476 Y66.133 E.01223
G1 X115.208 Y66.042 E.01222
G1 X115.748 Y66.001 E.00897
G1 X116.572 Y65.969 E.01366
G1 X117.175 Y65.976 E.00999
G1 X117.911 Y66.018 E.01221
G1 X118.645 Y66.097 E.01223
G1 X119.374 Y66.212 E.01223
G1 X120.097 Y66.362 E.01223
G1 X120.811 Y66.548 E.01223
G1 X121.515 Y66.769 E.01223
G1 X122.208 Y67.024 E.01224
G1 X122.887 Y67.314 E.01223
G1 X123.551 Y67.636 E.01223
G1 X124.198 Y67.991 E.01223
G1 X124.827 Y68.377 E.01223
G1 X125.436 Y68.794 E.01223
G1 X126.024 Y69.24 E.01223
G1 X126.589 Y69.715 E.01223
G1 X127.13 Y70.217 E.01223
G1 X127.646 Y70.745 E.01223
G1 X128.135 Y71.298 E.01223
G1 X128.596 Y71.874 E.01222
G1 X129.028 Y72.473 E.01224
G1 X129.43 Y73.092 E.01223
G1 X129.801 Y73.73 E.01223
G1 X130.14 Y74.385 E.01222
G1 X130.447 Y75.057 E.01224
G1 X130.72 Y75.743 E.01223
G1 X130.958 Y76.441 E.01222
G1 X131.162 Y77.151 E.01224
G1 X131.331 Y77.869 E.01222
G1 X131.464 Y78.595 E.01223
G1 X131.561 Y79.327 E.01223
G1 X131.622 Y80.063 E.01224
G1 X131.646 Y80.8 E.01222
G1 X131.634 Y81.538 E.01223
G1 X131.586 Y82.275 E.01224
G1 X131.502 Y83.008 E.01222
G1 X131.381 Y83.736 E.01223
G1 X131.225 Y84.458 E.01224
G1 X131.033 Y85.17 E.01222
G1 X130.806 Y85.873 E.01224
G1 X130.545 Y86.563 E.01222
G1 X130.252 Y87.236 E.01216
G1 X129.922 Y87.901 E.0123
G1 X129.562 Y88.546 E.01224
G1 X129.171 Y89.171 E.01222
G1 X128.818 Y89.678 E.01024
G1 X128.393 Y90.239 E.01166
G1 X127.819 Y90.923 E.0148
G1 X127.312 Y91.459 E.01222
G1 X126.78 Y91.971 E.01223
G1 X126.344 Y92.35 E.00957
G1 X125.694 Y92.871 E.0138
G1 X125.041 Y93.339 E.01331
G1 X124.418 Y93.735 E.01223
G1 X123.959 Y93.998 E.00877
G1 X123.119 Y94.435 E.01569
G1 X122.445 Y94.736 E.01223
G1 X121.757 Y95.003 E.01223
G1 X121.056 Y95.236 E.01224
G1 X120.345 Y95.434 E.01223
G1 X119.625 Y95.597 E.01223
G1 X118.898 Y95.724 E.01223
G1 X118.166 Y95.815 E.01222
G1 X117.666 Y95.852 E.00831
G1 X116.692 Y95.888 E.01615
G1 X115.975 Y95.871 E.01188
G1 X115.269 Y95.82 E.01173
G1 X114.568 Y95.736 E.0117
G1 X113.758 Y95.599 E.01361
G1 X113.038 Y95.436 E.01223
G1 X112.327 Y95.239 E.01222
G1 X111.626 Y95.006 E.01224
G1 X110.938 Y94.74 E.01222
G1 X110.282 Y94.447 E.0119
G1 X109.649 Y94.128 E.01174
G1 X109.035 Y93.781 E.01169
G1 X108.341 Y93.344 E.01359
G1 X107.739 Y92.917 E.01223
G1 X107.159 Y92.461 E.01222
G1 X106.601 Y91.977 E.01224
G1 X106.069 Y91.466 E.01222
G1 X105.574 Y90.943 E.01193
G1 X105.113 Y90.405 E.01174
G1 X104.679 Y89.848 E.0117
G1 X104.208 Y89.18 E.01354
G1 X103.817 Y88.554 E.01223
G1 X103.456 Y87.91 E.01223
G1 X103.128 Y87.249 E.01223
G1 X102.654 Y86.113 E.0204
G1 X102.416 Y85.415 E.01222
G1 X102.212 Y84.706 E.01222
G1 X102.043 Y83.987 E.01224
G1 X101.91 Y83.261 E.01223
G1 X101.813 Y82.53 E.01222
G1 X101.752 Y81.794 E.01224
G1 X101.728 Y81.056 E.01223
G1 X101.739 Y80.318 E.01223
G1 X101.788 Y79.582 E.01222
G1 X101.872 Y78.848 E.01224
G1 X101.993 Y78.12 E.01223
G1 X102.149 Y77.399 E.01222
G1 X102.341 Y76.686 E.01223
G1 X102.568 Y75.984 E.01222
G1 X102.829 Y75.293 E.01224
G1 X103.124 Y74.617 E.01222
G1 X103.452 Y73.955 E.01224
G1 X103.812 Y73.311 E.01222
G1 X104.203 Y72.685 E.01223
G1 X104.555 Y72.18 E.0102
G1 X105.076 Y71.495 E.01426
G1 X105.555 Y70.934 E.01222
G1 X106.062 Y70.397 E.01224
G1 X106.594 Y69.886 E.01222
G1 X106.969 Y69.56 E.00823
G1 E-3.5 F3600
;WIPE_START
G1 F7200
G1 X107.014 Y69.52 E-.0286
G1 X107.151 Y69.401 E-.0862
G1 X107.68 Y68.985 E-.31966
G1 X108.333 Y68.518 E-.38133
G1 X108.956 Y68.121 E-.3509
G1 X109.445 Y67.842 E-.26742
G1 X109.568 Y67.778 E-.06589
;WIPE_END
G1 X125.551 Y93.582 F9000
G1 E5 F2400
;TYPE:Perimeter
;WIDTH:0.609954
G1 F973
G1 X125.948 Y93.299 E.01193
G1 X126.399 Y92.945 E.01403
G1 X126.434 Y93.341 E.00973
G1 X126.542 Y93.496 E.00462
;WIDTH:0.60037
G1 X126.62 Y93.711 E.0055
G1 X126.571 Y93.849 E.00352
G1 X126.393 Y93.981 E.00533
G1 X126.178 Y93.922 E.00537
;WIDTH:0.609954
G1 X125.934 Y93.661 E.00874
G1 X125.609 Y93.594 E.00812
G1 E-3.5 F3600
;WIPE_START
G1 F7200
G1 X125.551 Y93.582 E-.02813
G1 X125.948 Y93.299 E-.23158
G1 X126.399 Y92.945 E-.27234
G1 X126.434 Y93.341 E-.18883
G1 X126.542 Y93.496 E-.08973
G1 X126.62 Y93.711 E-.10864
G1 X126.571 Y93.849 E-.06956
G1 X126.393 Y93.981 E-.10526
G1 X126.178 Y93.922 E-.1059
G1 X125.934 Y93.661 E-.16971
G1 X125.666 Y93.606 E-.13032
;WIPE_END
G1 X108.134 Y68.206 F9000
G1 E5 F2400
;WIDTH:0.362322
G1 F973
G1 X108.763 Y67.818 E.01047
;WIDTH:0.355796
G1 X109.264 Y67.523 E.00808
G1 X110.092 Y67.099 E.01293
;WIDTH:0.34504
G1 X110.782 Y66.791 E.01017
;WIDTH:0.344488
G1 X111.487 Y66.517 E.01016
;WIDTH:0.346266
G1 X112.204 Y66.277 E.01021
G1 X112.932 Y66.075 E.0102
;WIDTH:0.34535
G1 X113.669 Y65.909 E.01017
;WIDTH:0.348924
G1 X114.413 Y65.775 E.01029
G1 X115.164 Y65.685 E.0103
;WIDTH:0.356124
G1 X115.721 Y65.636 E.00778
G1 X116.562 Y65.607 E.01171
;WIDTH:0.348592
G1 X117.179 Y65.615 E.00839
;WIDTH:0.348854
G1 X117.932 Y65.656 E.01026
G1 X118.684 Y65.736 E.01029
;WIDTH:0.348716
G1 X119.431 Y65.853 E.01029
G1 X120.171 Y66.007 E.01028
G1 X120.903 Y66.197 E.01029
G1 X121.624 Y66.423 E.01028
;WIDTH:0.348922
G1 X122.334 Y66.684 E.0103
;WIDTH:0.349142
G1 X123.029 Y66.979 E.01029
;WIDTH:0.34942
G1 X123.71 Y67.309 E.01032
;WIDTH:0.349754
G1 X124.373 Y67.672 E.01032
;WIDTH:0.350152
G1 X125.018 Y68.067 E.01034
;WIDTH:0.350612
G1 X125.642 Y68.493 E.01034
;WIDTH:0.351126
G1 X126.244 Y68.95 E.01036
G1 X126.822 Y69.438 E.01037
;WIDTH:0.34892
G1 X127.377 Y69.951 E.01029
;WIDTH:0.349134
G1 X127.906 Y70.491 E.0103
;WIDTH:0.349412
G1 X128.407 Y71.057 E.01031
;WIDTH:0.349746
G1 X128.88 Y71.647 E.01032
;WIDTH:0.35014
G1 X129.323 Y72.26 E.01034
;WIDTH:0.350594
G1 X129.735 Y72.894 E.01035
;WIDTH:0.35111
G1 X130.116 Y73.547 E.01036
;WIDTH:0.351686
G1 X130.464 Y74.218 E.01038
G1 X130.776 Y74.907 E.01038
;WIDTH:0.349128
G1 X131.057 Y75.609 E.0103
;WIDTH:0.349402
G1 X131.302 Y76.324 E.0103
;WIDTH:0.34974
G1 X131.511 Y77.05 E.01031
G1 X131.684 Y77.786 E.01032
;WIDTH:0.349256
G1 X131.82 Y78.53 E.01031
;WIDTH:0.34866
G1 X131.921 Y79.279 E.01028
G1 X131.984 Y80.033 E.01029
;WIDTH:0.348906
G1 X132.009 Y80.788 E.01028
;WIDTH:0.34912
G1 X131.998 Y81.544 E.0103
;WIDTH:0.349394
G1 X131.949 Y82.299 E.01032
;WIDTH:0.349724
G1 X131.863 Y83.05 E.01032
;WIDTH:0.350118
G1 X131.74 Y83.796 E.01033
;WIDTH:0.350568
G1 X131.58 Y84.535 E.01035
;WIDTH:0.351076
G1 X131.384 Y85.265 E.01036
;WIDTH:0.35165
G1 X131.153 Y85.985 E.01038
;WIDTH:0.35228
G1 X130.886 Y86.692 E.01039
;WIDTH:0.352964
G1 X130.587 Y87.382 E.01036
G1 X130.247 Y88.062 E.01048
;WIDTH:0.347602
G1 X129.878 Y88.722 E.01025
;WIDTH:0.345882
G1 X129.477 Y89.363 E.0102
;WIDTH:0.35525
G1 X129.118 Y89.888 E.00883
;WIDTH:0.355766
G1 X128.683 Y90.463 E.01002
G1 X128.095 Y91.159 E.01266
;WIDTH:0.35104
G1 X127.575 Y91.708 E.01036
;WIDTH:0.346632
G1 X127.03 Y92.231 E.01021
;WIDTH:0.357578
G1 X126.649 Y92.572 E.00715
;WIDTH:0.36598
G1 X126.588 Y92.63 E.00121
G1 E-3.5 F3600
;WIPE_START
G1 F7200
G1 X126.649 Y92.572 E-.03998
G1 X127.03 Y92.231 E-.24287
G1 X127.575 Y91.708 E-.35879
G1 X128.095 Y91.159 E-.35918
G1 X128.683 Y90.463 E-.43279
G1 X128.767 Y90.351 E-.06639
;WIPE_END
G1 X107.823 Y68.275 F9000
G1 E5 F2400
;WIDTH:0.609957
G1 F973
G1 X107.426 Y68.557 E.01191
G1 X106.975 Y68.912 E.01404
G1 X106.94 Y68.515 E.00975
G1 X106.821 Y68.345 E.00508
;WIDTH:0.600011
G1 X106.753 Y68.148 E.00501
G1 X106.845 Y67.945 E.00536
G1 X107.042 Y67.869 E.00508
G1 X107.208 Y67.929 E.00425
;WIDTH:0.609957
G1 X107.44 Y68.196 E.00865
G1 X107.765 Y68.262 E.00811
G1 E-3.5 F3600
;WIPE_START
G1 F7200
G1 X107.823 Y68.275 E-.02823
G1 X107.426 Y68.557 E-.23131
G1 X106.975 Y68.912 E-.27263
G1 X106.94 Y68.515 E-.18931
G1 X106.821 Y68.345 E-.09857
G1 X106.753 Y68.148 E-.09899
G1 X106.845 Y67.945 E-.10587
G1 X107.042 Y67.869 E-.1003
G1 X107.208 Y67.929 E-.08384
G1 X107.44 Y68.196 E-.16801
G1 X107.693 Y68.248 E-.12294
;WIPE_END
G1 X125.231 Y93.655 F9000
G1 E5 F2400
;WIDTH:0.360732
G1 F973
G1 X124.611 Y94.038 E.01028
;WIDTH:0.356022
G1 X124.141 Y94.316 E.0076
G1 X123.284 Y94.76 E.01343
;WIDTH:0.351596
G1 X122.591 Y95.064 E.01039
;WIDTH:0.344732
G1 X121.887 Y95.339 E.01016
;WIDTH:0.347344
G1 X121.171 Y95.58 E.01024
G1 X120.442 Y95.782 E.01025
;WIDTH:0.344788
G1 X119.705 Y95.948 E.01016
;WIDTH:0.349042
G1 X118.961 Y96.082 E.0103
G1 X118.21 Y96.171 E.0103
;WIDTH:0.356286
G1 X117.693 Y96.218 E.00723
G1 X116.701 Y96.253 E.01382
;WIDTH:0.353402
G1 X115.966 Y96.236 E.01015
;WIDTH:0.354052
G1 X115.242 Y96.184 E.01004
;WIDTH:0.354624
G1 X114.523 Y96.099 E.01003
G1 X113.696 Y95.957 E.01162
;WIDTH:0.350696
G1 X112.958 Y95.791 E.01035
;WIDTH:0.351404
G1 X112.229 Y95.59 E.01037
;WIDTH:0.352008
G1 X111.511 Y95.352 E.0104
;WIDTH:0.352672
G1 X110.806 Y95.08 E.01041
;WIDTH:0.353366
G1 X110.133 Y94.781 E.01016
;WIDTH:0.354018
G1 X109.484 Y94.454 E.01005
;WIDTH:0.354592
G1 X108.854 Y94.099 E.01002
G1 X108.146 Y93.651 E.0116
;WIDTH:0.350668
G1 X107.529 Y93.214 E.01035
;WIDTH:0.35138
G1 X106.934 Y92.748 E.01037
;WIDTH:0.351976
G1 X106.362 Y92.252 E.0104
;WIDTH:0.352636
G1 X105.816 Y91.73 E.0104
;WIDTH:0.353328
G1 X105.308 Y91.193 E.0102
;WIDTH:0.353984
G1 X104.835 Y90.643 E.01003
;WIDTH:0.354564
G1 X104.39 Y90.072 E.01003
G1 X103.91 Y89.387 E.01158
;WIDTH:0.350634
G1 X103.508 Y88.747 E.01034
;WIDTH:0.351346
G1 X103.138 Y88.088 E.01037
;WIDTH:0.351942
G1 X102.801 Y87.411 E.01039
G1 X102.551 Y86.843 E.00853
;WIDTH:0.35054
G1 X102.316 Y86.246 E.00878
;WIDTH:0.34943
G1 X102.072 Y85.533 E.01028
;WIDTH:0.349764
G1 X101.863 Y84.806 E.01032
G1 X101.691 Y84.07 E.01032
;WIDTH:0.348078
G1 X101.553 Y83.326 E.01028
;WIDTH:0.348666
G1 X101.453 Y82.577 E.01028
G1 X101.39 Y81.824 E.01028
;WIDTH:0.348916
G1 X101.365 Y81.068 E.0103
;WIDTH:0.349134
G1 X101.376 Y80.312 E.0103
;WIDTH:0.34941
G1 X101.425 Y79.558 E.0103
;WIDTH:0.349744
G1 X101.511 Y78.807 E.01032
;WIDTH:0.350136
G1 X101.634 Y78.061 E.01033
;WIDTH:0.350592
G1 X101.794 Y77.322 E.01035
;WIDTH:0.3511
G1 X101.99 Y76.591 E.01037
;WIDTH:0.351672
G1 X102.221 Y75.872 E.01037
;WIDTH:0.352302
G1 X102.488 Y75.164 E.01041
G1 X102.792 Y74.472 E.0104
;WIDTH:0.347104
G1 X103.128 Y73.795 E.01023
;WIDTH:0.348086
G1 X103.495 Y73.134 E.01027
G1 X103.897 Y72.493 E.01027
;WIDTH:0.35523
G1 X104.254 Y71.971 E.00878
G1 X104.788 Y71.273 E.0122
;WIDTH:0.351532
G1 X105.278 Y70.697 E.01038
G1 X105.799 Y70.149 E.01038
;WIDTH:0.346636
G1 X106.344 Y69.625 E.01022
;WIDTH:0.357584
G1 X106.725 Y69.285 E.00714
G1 X106.522 Y68.879 F9000
;TYPE:External perimeter
;WIDTH:0.419999
G1 F973
G1 X106.514 Y68.766 E.00188
G1 X106.318 Y68.474 E.00583
G1 X106.254 Y68.144 E.00557
G1 X106.314 Y67.863 E.00476
G1 X106.437 Y67.675 E.00372
G1 X106.615 Y67.501 E.00412
G1 X107.043 Y67.381 E.00737
G1 X107.471 Y67.504 E.00738
G1 X107.773 Y67.832 E.00739
G1 X108.011 Y67.855 E.00396
G1 X109.086 Y67.203 E.02083
G1 X110.161 Y66.66 E.01996
G1 X111.108 Y66.264 E.01701
G1 X112.284 Y65.869 E.02056
G1 X113.243 Y65.621 E.01641
G1 X114.463 Y65.397 E.02055
G1 X115.932 Y65.263 E.02444
G1 X116.735 Y65.239 E.01331
G1 X117.688 Y65.271 E.0158
G1 X118.427 Y65.335 E.01229
G1 X119.163 Y65.435 E.01231
G1 X119.894 Y65.57 E.01232
G1 X120.618 Y65.739 E.01232
G1 X121.333 Y65.942 E.01232
G1 X122.037 Y66.179 E.01231
G1 X122.73 Y66.449 E.01232
G1 X123.409 Y66.751 E.01231
G1 X124.073 Y67.086 E.01232
G1 X124.72 Y67.451 E.01231
G1 X125.349 Y67.846 E.01231
G1 X125.959 Y68.271 E.01232
G1 X126.548 Y68.725 E.01232
G1 X127.3 Y69.373 E.01645
G1 X127.834 Y69.887 E.01228
G1 X128.345 Y70.427 E.01232
G1 X128.829 Y70.991 E.01231
G1 X129.286 Y71.577 E.01231
G1 X129.715 Y72.185 E.01233
G1 X130.114 Y72.811 E.0123
G1 X130.483 Y73.456 E.01231
G1 X130.822 Y74.119 E.01234
G1 X131.224 Y75.026 E.01644
G1 X131.487 Y75.719 E.01228
G1 X131.717 Y76.426 E.01232
G1 X131.913 Y77.143 E.01232
G1 X132.082 Y77.905 E.01293
G1 X132.238 Y78.848 E.01584
G1 X132.319 Y79.584 E.01227
G1 X132.365 Y80.326 E.01232
G1 X132.376 Y81.061 E.01218
G1 X132.352 Y81.804 E.01232
G1 X132.293 Y82.545 E.01232
G1 X132.199 Y83.282 E.01231
G1 X132.071 Y84.014 E.01231
G1 X131.907 Y84.739 E.01232
G1 X131.71 Y85.456 E.01232
G1 X131.478 Y86.162 E.01231
G1 X131.214 Y86.857 E.01232
G1 X130.917 Y87.537 E.01229
G1 X130.471 Y88.423 E.01644
G1 X129.97 Y89.278 E.01642
G1 X129.416 Y90.101 E.01644
G1 X128.969 Y90.692 E.01228
G1 X128.327 Y91.449 E.01645
G1 X127.64 Y92.162 E.01641
G1 X126.848 Y92.911 E.01806
G1 X126.859 Y93.091 E.00299
G1 X127.057 Y93.387 E.0059
G1 X127.119 Y93.722 E.00564
G1 X127.051 Y94.014 E.00497
G1 X126.885 Y94.253 E.00482
G1 X126.491 Y94.459 E.00737
G1 X126.051 Y94.425 E.00731
G1 X125.758 Y94.229 E.00584
G1 X125.601 Y94.025 E.00427
G1 X125.363 Y94.002 E.00396
G1 X124.32 Y94.636 E.02022
G1 X123.408 Y95.106 E.017
G1 X122.267 Y95.592 E.02055
G1 X121.127 Y95.976 E.01993
G1 X120.134 Y96.235 E.017
G1 X118.915 Y96.459 E.02054
G1 X117.718 Y96.584 E.01994
G1 X116.691 Y96.618 E.01703
G1 X115.949 Y96.601 E.0123
G1 X115.207 Y96.548 E.01233
G1 X114.47 Y96.461 E.0123
G1 X113.528 Y96.297 E.01584
G1 X112.769 Y96.121 E.01291
G1 X112.054 Y95.918 E.01232
G1 X111.349 Y95.682 E.01232
G1 X110.656 Y95.413 E.01232
G1 X109.977 Y95.111 E.01231
G1 X109.312 Y94.777 E.01233
G1 X108.665 Y94.413 E.0123
G1 X107.859 Y93.899 E.01584
G1 X107.226 Y93.445 E.01291
G1 X106.644 Y92.983 E.01231
G1 X106.084 Y92.493 E.01233
G1 X105.548 Y91.978 E.01232
G1 X105.037 Y91.438 E.01232
G1 X104.553 Y90.875 E.0123
G1 X104.095 Y90.289 E.01232
G1 X103.549 Y89.505 E.01583
G1 X103.139 Y88.842 E.01292
G1 X102.779 Y88.192 E.01231
G1 X102.451 Y87.525 E.01232
G1 X102.155 Y86.843 E.01232
G1 X101.891 Y86.148 E.01232
G1 X101.66 Y85.441 E.01232
G1 X101.463 Y84.725 E.0123
G1 X101.261 Y83.791 E.01583
G1 X101.137 Y83.021 E.01292
G1 X101.056 Y82.283 E.0123
G1 X101.009 Y81.541 E.01232
G1 X100.998 Y80.797 E.01233
G1 X101.021 Y80.054 E.01232
G1 X101.08 Y79.313 E.01232
G1 X101.174 Y78.576 E.01231
G1 X101.303 Y77.844 E.01232
G1 X101.467 Y77.119 E.01232
G1 X101.664 Y76.402 E.01232
G1 X101.895 Y75.696 E.01231
G1 X102.159 Y75.002 E.0123
G1 X102.563 Y74.095 E.01645
G1 X103.005 Y73.249 E.01582
G1 X103.403 Y72.579 E.01291
G1 X103.957 Y71.757 E.01642
G1 X104.539 Y70.999 E.01583
G1 X105.046 Y70.409 E.01289
G1 X105.734 Y69.694 E.01644
G1 X106.526 Y68.945 E.01806
G1 X106.525 Y68.939 E.0001
;LAYER_CHANGE
M117 DASHBOARD_LAYER_INDICATOR 5
;Z:0.6
;HEIGHT:0.1
;BEFORE_LAYER_CHANGE
M117 OBICO_LAYER_INDICATOR 4
G92 E0
;0.6
G1 E-3.5 F3600
;WIPE_START
G1 F7200
G1 X106.522 Y68.879 E-.02854
G1 X106.514 Y68.766 E-.05381
G1 X106.318 Y68.474 E-.16705
G1 X106.254 Y68.144 E-.15967
G1 X106.314 Y67.863 E-.13648
G1 X106.437 Y67.675 E-.10671
G1 X106.615 Y67.501 E-.11824
G1 X107.043 Y67.381 E-.21114
G1 X107.471 Y67.504 E-.21153
G1 X107.773 Y67.832 E-.21178
G1 X107.972 Y67.851 E-.09505
;WIPE_END
G1 Z.6 F9000
;AFTER_LAYER_CHANGE
;0.6
G1 X107.015 Y69.52
G1 E5 F2400
G1 F973
G1 X107.151 Y69.401 E.00299
G1 X107.68 Y68.985 E.01115
G1 X108.333 Y68.518 E.0133
G1 X108.956 Y68.121 E.01224
G1 X109.597 Y67.755 E.01223
G1 X110.255 Y67.422 E.01222
G1 X110.929 Y67.121 E.01223
G1 X111.617 Y66.854 E.01223
G1 X112.318 Y66.621 E.01224
G1 X113.029 Y66.423 E.01223
G1 X113.749 Y66.26 E.01223
G1 X114.476 Y66.133 E.01223
G1 X115.208 Y66.042 E.01222
G1 X116.548 Y65.969 E.02224
G1 X117.175 Y65.976 E.01039
G1 X117.911 Y66.018 E.01221
G1 X118.645 Y66.097 E.01223
G1 X119.374 Y66.212 E.01223
G1 X120.097 Y66.362 E.01223
G1 X120.811 Y66.548 E.01223
G1 X121.515 Y66.769 E.01223
G1 X122.208 Y67.024 E.01224
G1 X122.887 Y67.314 E.01223
G1 X123.551 Y67.636 E.01223
G1 X124.198 Y67.991 E.01223
G1 X124.827 Y68.377 E.01223
G1 X125.436 Y68.794 E.01223
G1 X126.024 Y69.24 E.01223
G1 X126.589 Y69.715 E.01223
G1 X127.13 Y70.217 E.01223
G1 X127.646 Y70.745 E.01223
G1 X128.135 Y71.298 E.01223
G1 X128.596 Y71.874 E.01222
G1 X129.028 Y72.473 E.01224
G1 X129.43 Y73.092 E.01223
G1 X129.801 Y73.73 E.01223
G1 X130.14 Y74.385 E.01222
G1 X130.447 Y75.057 E.01224
G1 X130.72 Y75.743 E.01223
G1 X130.958 Y76.441 E.01222
G1 X131.162 Y77.151 E.01224
G1 X131.331 Y77.869 E.01222
G1 X131.464 Y78.595 E.01223
G1 X131.561 Y79.327 E.01223
G1 X131.622 Y80.063 E.01224
G1 X131.646 Y80.8 E.01222
G1 X131.634 Y81.538 E.01223
G1 X131.586 Y82.275 E.01224
G1 X131.502 Y83.008 E.01222
G1 X131.381 Y83.736 E.01223
G1 X131.225 Y84.458 E.01224
G1 X131.033 Y85.17 E.01222
G1 X130.806 Y85.873 E.01224
G1 X130.545 Y86.563 E.01222
G1 X130.25 Y87.24 E.01224
G1 X129.922 Y87.901 E.01223
G1 X129.562 Y88.546 E.01224
G1 X129.171 Y89.171 E.01222
G1 X128.818 Y89.678 E.01024
G1 X128.393 Y90.239 E.01166
G1 X127.819 Y90.923 E.0148
G1 X127.312 Y91.459 E.01222
G1 X126.78 Y91.971 E.01223
G1 X126.344 Y92.35 E.00957
G1 X125.694 Y92.871 E.0138
G1 X125.041 Y93.339 E.01331
G1 X124.418 Y93.735 E.01223
G1 X123.966 Y93.994 E.00863
G1 X123.119 Y94.435 E.01582
G1 X122.445 Y94.736 E.01223
G1 X121.757 Y95.003 E.01223
G1 X121.056 Y95.236 E.01224
G1 X120.345 Y95.434 E.01223
G1 X119.625 Y95.597 E.01223
G1 X118.898 Y95.724 E.01223
G1 X118.166 Y95.815 E.01222
G1 X116.941 Y95.886 E.02033
G1 X116.2 Y95.88 E.01228
G1 X115.463 Y95.838 E.01223
G1 X114.729 Y95.76 E.01223
G1 X114 Y95.645 E.01223
G1 X113.277 Y95.494 E.01224
G1 X112.563 Y95.309 E.01222
G1 X111.859 Y95.088 E.01223
G1 X111.166 Y94.832 E.01224
G1 X110.487 Y94.543 E.01223
G1 X109.823 Y94.221 E.01223
G1 X109.176 Y93.866 E.01223
G1 X108.547 Y93.48 E.01223
G1 X107.938 Y93.063 E.01223
G1 X107.35 Y92.617 E.01223
G1 X106.785 Y92.142 E.01223
G1 X106.244 Y91.64 E.01223
G1 X105.728 Y91.111 E.01224
G1 X105.239 Y90.559 E.01222
G1 X104.778 Y89.982 E.01224
G1 X104.346 Y89.384 E.01222
G1 X103.944 Y88.765 E.01223
G1 X103.573 Y88.127 E.01223
G1 X103.234 Y87.471 E.01224
G1 X102.927 Y86.799 E.01224
G1 X102.654 Y86.114 E.01222
G1 X102.416 Y85.415 E.01223
G1 X102.212 Y84.706 E.01222
G1 X102.043 Y83.987 E.01224
G1 X101.91 Y83.261 E.01223
G1 X101.813 Y82.529 E.01223
G1 X101.752 Y81.794 E.01222
G1 X101.728 Y81.056 E.01223
G1 X101.739 Y80.318 E.01223
G1 X101.788 Y79.582 E.01222
G1 X101.872 Y78.848 E.01224
G1 X101.993 Y78.12 E.01223
G1 X102.149 Y77.399 E.01222
G1 X102.341 Y76.686 E.01223
G1 X102.568 Y75.984 E.01222
G1 X102.829 Y75.293 E.01224
G1 X103.124 Y74.617 E.01222
G1 X103.452 Y73.955 E.01224
G1 X103.812 Y73.311 E.01222
G1 X104.203 Y72.685 E.01223
G1 X104.554 Y72.18 E.01019
G1 X105.076 Y71.495 E.01427
G1 X105.555 Y70.934 E.01222
G1 X106.062 Y70.397 E.01224
G1 X106.594 Y69.886 E.01222
G1 X106.969 Y69.56 E.00823
G1 E-3.5 F3600
;WIPE_START
G1 F7200
G1 X107.015 Y69.52 E-.02896
G1 X107.151 Y69.401 E-.08584
G1 X107.68 Y68.985 E-.31966
G1 X108.333 Y68.518 E-.38133
G1 X108.956 Y68.121 E-.3509
G1 X109.565 Y67.773 E-.33331
;WIPE_END
G1 X125.551 Y93.582 F9000
G1 E5 F2400
;TYPE:Perimeter
;WIDTH:0.609967
G1 F973
G1 X125.948 Y93.299 E.01193
G1 X126.399 Y92.945 E.01403
G1 X126.434 Y93.341 E.00973
G1 X126.595 Y93.575 E.00695
;WIDTH:0.600389
G1 X126.596 Y93.813 E.00573
G1 X126.392 Y93.98 E.00635
G1 X126.177 Y93.922 E.00536
;WIDTH:0.609967
G1 X125.934 Y93.661 E.00873
G1 X125.609 Y93.594 E.00812
G1 E-3.5 F3600
;WIPE_START
G1 F7200
G1 X125.551 Y93.582 E-.02813
G1 X125.948 Y93.299 E-.23158
G1 X126.399 Y92.945 E-.27234
G1 X126.434 Y93.341 E-.18883
G1 X126.595 Y93.575 E-.13492
G1 X126.596 Y93.813 E-.11305
G1 X126.392 Y93.98 E-.12523
G1 X126.177 Y93.922 E-.10578
G1 X125.934 Y93.661 E-.16939
G1 X125.665 Y93.605 E-.13075
;WIPE_END
G1 X108.134 Y68.206 F9000
G1 E5 F2400
;WIDTH:0.36227
G1 F973
G1 X108.762 Y67.817 E.01047
;WIDTH:0.344726
G1 X109.418 Y67.443 E.01015
;WIDTH:0.35125
G1 X110.091 Y67.097 E.01038
G1 X110.783 Y66.793 E.01036
;WIDTH:0.344488
G1 X111.487 Y66.517 E.01016
;WIDTH:0.34627
G1 X112.204 Y66.277 E.01021
G1 X112.932 Y66.075 E.0102
;WIDTH:0.34535
G1 X113.669 Y65.909 E.01017
;WIDTH:0.348924
G1 X114.413 Y65.775 E.01029
G1 X115.164 Y65.685 E.0103
;WIDTH:0.356122
G1 X115.721 Y65.636 E.00778
G1 X116.538 Y65.607 E.01137
;WIDTH:0.347808
G1 X117.179 Y65.615 E.0087
;WIDTH:0.348854
G1 X117.932 Y65.656 E.01026
G1 X118.684 Y65.736 E.01029
;WIDTH:0.348716
G1 X119.431 Y65.853 E.01029
G1 X120.171 Y66.007 E.01028
G1 X120.903 Y66.197 E.01029
G1 X121.624 Y66.423 E.01028
;WIDTH:0.348922
G1 X122.334 Y66.684 E.0103
;WIDTH:0.349144
G1 X123.029 Y66.979 E.01029
G1 X123.709 Y67.31 E.0103
;WIDTH:0.348464
G1 X124.372 Y67.674 E.01028
;WIDTH:0.348642
G1 X125.017 Y68.068 E.01028
G1 X125.641 Y68.494 E.01028
G1 X126.244 Y68.951 E.01029
;WIDTH:0.34876
G1 X126.823 Y69.437 E.01029
;WIDTH:0.34892
G1 X127.377 Y69.951 E.01029
;WIDTH:0.349134
G1 X127.906 Y70.491 E.0103
;WIDTH:0.349412
G1 X128.407 Y71.057 E.01031
;WIDTH:0.349746
G1 X128.88 Y71.647 E.01032
;WIDTH:0.350142
G1 X129.323 Y72.26 E.01034
;WIDTH:0.350596
G1 X129.735 Y72.894 E.01035
G1 X130.114 Y73.548 E.01034
;WIDTH:0.348758
G1 X130.463 Y74.219 E.01029
;WIDTH:0.348912
G1 X130.777 Y74.906 E.01028
;WIDTH:0.349128
G1 X131.057 Y75.609 E.01031
;WIDTH:0.349402
G1 X131.302 Y76.324 E.0103
;WIDTH:0.349738
G1 X131.511 Y77.05 E.01031
;WIDTH:0.35013
G1 X131.685 Y77.786 E.01033
;WIDTH:0.350582
G1 X131.822 Y78.53 E.01035
G1 X131.919 Y79.28 E.01035
;WIDTH:0.348754
G1 X131.984 Y80.033 E.01028
;WIDTH:0.348906
G1 X132.009 Y80.788 E.01028
;WIDTH:0.34912
G1 X131.998 Y81.544 E.0103
;WIDTH:0.349394
G1 X131.949 Y82.299 E.01032
;WIDTH:0.349726
G1 X131.863 Y83.05 E.01032
;WIDTH:0.350118
G1 X131.74 Y83.796 E.01033
;WIDTH:0.350572
G1 X131.58 Y84.535 E.01035
;WIDTH:0.351078
G1 X131.384 Y85.265 E.01036
;WIDTH:0.35165
G1 X131.153 Y85.985 E.01038
;WIDTH:0.352278
G1 X130.886 Y86.692 E.01039
G1 X130.583 Y87.385 E.0104
;WIDTH:0.348984
G1 X130.248 Y88.063 E.0103
G1 X129.878 Y88.722 E.01029
;WIDTH:0.34588
G1 X129.477 Y89.363 E.0102
;WIDTH:0.35525
G1 X129.118 Y89.888 E.00883
;WIDTH:0.355764
G1 X128.683 Y90.463 E.01002
G1 X128.095 Y91.159 E.01266
;WIDTH:0.35104
G1 X127.575 Y91.708 E.01036
;WIDTH:0.346632
G1 X127.03 Y92.231 E.01021
;WIDTH:0.35758
G1 X126.649 Y92.572 E.00715
;WIDTH:0.36598
G1 X126.588 Y92.63 E.00121
G1 E-3.5 F3600
;WIPE_START
G1 F7200
G1 X126.649 Y92.572 E-.03998
G1 X127.03 Y92.231 E-.24287
G1 X127.575 Y91.708 E-.35879
G1 X128.095 Y91.159 E-.35918
G1 X128.683 Y90.463 E-.43279
G1 X128.767 Y90.351 E-.06639
;WIPE_END
G1 X107.823 Y68.275 F9000
G1 E5 F2400
;WIDTH:0.60997
G1 F973
G1 X107.426 Y68.557 E.01191
G1 X106.975 Y68.912 E.01404
G1 X106.94 Y68.515 E.00975
G1 X106.821 Y68.345 E.00508
;WIDTH:0.599976
G1 X106.753 Y68.148 E.00501
G1 X106.846 Y67.943 E.00541
G1 X107.042 Y67.87 E.00503
G1 X107.21 Y67.93 E.00429
;WIDTH:0.60997
G1 X107.44 Y68.196 E.0086
G1 X107.764 Y68.263 E.0081
G1 E-3.5 F3600
;WIPE_START
G1 F7200
G1 X107.823 Y68.275 E-.0286
G1 X107.426 Y68.557 E-.23131
G1 X106.975 Y68.912 E-.27263
G1 X106.94 Y68.515 E-.18931
G1 X106.821 Y68.345 E-.09857
G1 X106.753 Y68.148 E-.09899
G1 X106.846 Y67.943 E-.10693
G1 X107.042 Y67.87 E-.09935
G1 X107.21 Y67.93 E-.08474
G1 X107.44 Y68.196 E-.16703
G1 X107.693 Y68.248 E-.12254
;WIPE_END
G1 X125.231 Y93.655 F9000
G1 E5 F2400
;WIDTH:0.360744
G1 F973
G1 X124.611 Y94.038 E.01028
;WIDTH:0.356058
G1 X124.148 Y94.312 E.00748
G1 X123.284 Y94.76 E.01354
;WIDTH:0.351578
G1 X122.591 Y95.064 E.01039
;WIDTH:0.344796
G1 X121.887 Y95.339 E.01016
;WIDTH:0.34757
G1 X121.171 Y95.58 E.01024
G1 X120.442 Y95.782 E.01026
;WIDTH:0.34466
G1 X119.705 Y95.948 E.01015
;WIDTH:0.349036
G1 X118.961 Y96.082 E.0103
G1 X118.21 Y96.172 E.0103
;WIDTH:0.364176
G1 X116.962 Y96.247 E.01781
;WIDTH:0.349188
G1 X116.197 Y96.243 E.01042
;WIDTH:0.349474
G1 X115.442 Y96.201 E.01031
;WIDTH:0.349822
G1 X114.69 Y96.121 E.01032
G1 X113.944 Y96.002 E.01031
;WIDTH:0.347978
G1 X113.203 Y95.849 E.01027
;WIDTH:0.348676
G1 X112.471 Y95.66 E.01028
;WIDTH:0.348782
G1 X111.75 Y95.434 E.01028
;WIDTH:0.348948
G1 X111.04 Y95.173 E.0103
;WIDTH:0.349174
G1 X110.345 Y94.877 E.01029
;WIDTH:0.349462
G1 X109.664 Y94.547 E.01032
;WIDTH:0.349802
G1 X109.001 Y94.185 E.01031
G1 X108.357 Y93.788 E.01033
;WIDTH:0.347968
G1 X107.733 Y93.362 E.01026
;WIDTH:0.348668
G1 X107.13 Y92.905 E.01029
;WIDTH:0.348778
G1 X106.551 Y92.419 E.01029
;WIDTH:0.34894
G1 X105.997 Y91.906 E.01028
;WIDTH:0.349158
G1 X105.468 Y91.365 E.01031
;WIDTH:0.349444
G1 X104.967 Y90.799 E.01031
;WIDTH:0.349782
G1 X104.494 Y90.209 E.01032
G1 X104.053 Y89.595 E.01032
;WIDTH:0.347966
G1 X103.64 Y88.962 E.01026
;WIDTH:0.348666
G1 X103.259 Y88.309 E.01028
;WIDTH:0.34877
G1 X102.911 Y87.638 E.01029
;WIDTH:0.348928
G1 X102.597 Y86.95 E.0103
;WIDTH:0.34915
G1 X102.317 Y86.248 E.0103
;WIDTH:0.349428
G1 X102.072 Y85.533 E.01031
;WIDTH:0.349764
G1 X101.863 Y84.806 E.01032
G1 X101.691 Y84.07 E.01032
;WIDTH:0.347962
G1 X101.553 Y83.326 E.01027
;WIDTH:0.348668
G1 X101.453 Y82.577 E.01028
G1 X101.39 Y81.824 E.01028
;WIDTH:0.348916
G1 X101.365 Y81.068 E.0103
;WIDTH:0.349132
G1 X101.376 Y80.312 E.0103
;WIDTH:0.349408
G1 X101.425 Y79.558 E.0103
;WIDTH:0.349744
G1 X101.511 Y78.807 E.01032
;WIDTH:0.350134
G1 X101.634 Y78.061 E.01033
;WIDTH:0.350592
G1 X101.794 Y77.322 E.01035
;WIDTH:0.3511
G1 X101.99 Y76.591 E.01037
;WIDTH:0.351672
G1 X102.221 Y75.872 E.01037
;WIDTH:0.3523
G1 X102.488 Y75.164 E.01041
G1 X102.792 Y74.472 E.0104
;WIDTH:0.347104
G1 X103.128 Y73.795 E.01023
;WIDTH:0.347952
G1 X103.495 Y73.134 E.01026
G1 X103.897 Y72.493 E.01027
;WIDTH:0.355224
G1 X104.254 Y71.971 E.00878
G1 X104.788 Y71.273 E.0122
;WIDTH:0.350246
G1 X105.28 Y70.699 E.01033
;WIDTH:0.34839
G1 X105.798 Y70.148 E.01028
G1 X106.344 Y69.625 E.01028
;WIDTH:0.35758
G1 X106.725 Y69.285 E.00714
G1 X106.522 Y68.879 F9000
;TYPE:External perimeter
;WIDTH:0.419999
G1 F973
G1 X106.514 Y68.766 E.00188
G1 X106.318 Y68.473 E.00584
G1 X106.254 Y68.145 E.00554
G1 X106.313 Y67.863 E.00477
G1 X106.439 Y67.674 E.00376
G1 X106.614 Y67.501 E.00408
G1 X107.044 Y67.381 E.0074
G1 X107.472 Y67.505 E.00738
G1 X107.773 Y67.832 E.00736
G1 X108.012 Y67.854 E.00398
G1 X108.908 Y67.303 E.01743
G1 X109.968 Y66.75 E.01981
G1 X111.108 Y66.264 E.02053
G1 X112.284 Y65.869 E.02056
G1 X113.243 Y65.621 E.01641
G1 X114.463 Y65.397 E.02055
G1 X115.932 Y65.263 E.02444
G1 X116.743 Y65.239 E.01344
G1 X117.688 Y65.271 E.01567
G1 X118.427 Y65.335 E.01229
G1 X119.163 Y65.435 E.01231
G1 X119.894 Y65.57 E.01232
G1 X120.618 Y65.739 E.01232
G1 X121.333 Y65.942 E.01232
G1 X122.037 Y66.179 E.01231
G1 X122.73 Y66.449 E.01232
G1 X123.409 Y66.751 E.01231
G1 X124.112 Y67.107 E.01306
G1 X124.933 Y67.58 E.0157
G1 X125.555 Y67.985 E.0123
G1 X126.158 Y68.419 E.01231
G1 X126.74 Y68.882 E.01232
G1 X127.299 Y69.372 E.01232
G1 X127.834 Y69.887 E.0123
G1 X128.345 Y70.427 E.01232
G1 X128.829 Y70.991 E.01231
G1 X129.286 Y71.577 E.01231
G1 X129.714 Y72.185 E.01232
G1 X130.114 Y72.812 E.01232
G1 X130.601 Y73.677 E.01645
G1 X130.927 Y74.342 E.01227
G1 X131.223 Y75.024 E.01232
G1 X131.487 Y75.719 E.01232
G1 X131.717 Y76.426 E.01232
G1 X131.913 Y77.143 E.01232
G1 X132.075 Y77.868 E.01231
G1 X132.203 Y78.601 E.01233
G1 X132.319 Y79.587 E.01645
G1 X132.365 Y80.326 E.01227
G1 X132.376 Y81.061 E.01218
G1 X132.352 Y81.804 E.01232
G1 X132.293 Y82.545 E.01232
G1 X132.199 Y83.282 E.01231
G1 X132.071 Y84.014 E.01231
G1 X131.907 Y84.739 E.01232
G1 X131.71 Y85.455 E.0123
G1 X131.478 Y86.162 E.01233
G1 X131.214 Y86.856 E.0123
G1 X130.829 Y87.722 E.0157
G1 X130.471 Y88.422 E.01303
G1 X129.97 Y89.278 E.01643
G1 X129.416 Y90.101 E.01644
G1 X128.969 Y90.692 E.01228
G1 X128.327 Y91.449 E.01645
G1 X127.64 Y92.162 E.01641
G1 X126.848 Y92.911 E.01806
G1 X126.859 Y93.091 E.00299
G1 X127.058 Y93.387 E.00591
G1 X127.119 Y93.721 E.00563
G1 X127.051 Y94.014 E.00498
G1 X126.885 Y94.253 E.00482
G1 X126.491 Y94.46 E.00737
G1 X126.05 Y94.424 E.00733
G1 X125.757 Y94.228 E.00584
G1 X125.601 Y94.025 E.00424
G1 X125.363 Y94.002 E.00396
G1 X124.327 Y94.632 E.02009
G1 X123.407 Y95.106 E.01715
G1 X122.267 Y95.592 E.02053
G1 X121.135 Y95.974 E.0198
G1 X120.134 Y96.235 E.01714
G1 X118.915 Y96.459 E.02054
G1 X117.726 Y96.583 E.01981
G1 X116.691 Y96.618 E.01716
G1 X115.949 Y96.601 E.0123
G1 X115.207 Y96.548 E.01233
G1 X114.47 Y96.461 E.0123
G1 X113.536 Y96.298 E.01571
G1 X112.768 Y96.121 E.01306
G1 X112.053 Y95.918 E.01232
G1 X111.349 Y95.682 E.0123
G1 X110.656 Y95.413 E.01232
G1 X109.976 Y95.111 E.01233
G1 X109.312 Y94.777 E.01232
G1 X108.665 Y94.412 E.01231
G1 X107.866 Y93.903 E.0157
G1 X107.226 Y93.445 E.01304
G1 X106.644 Y92.982 E.01232
G1 X106.084 Y92.493 E.01232
G1 X105.548 Y91.978 E.01232
G1 X105.037 Y91.438 E.01232
G1 X104.552 Y90.874 E.01233
G1 X104.095 Y90.289 E.0123
G1 X103.553 Y89.512 E.0157
G1 X103.139 Y88.842 E.01305
G1 X102.779 Y88.191 E.01233
G1 X102.451 Y87.525 E.0123
G1 X102.155 Y86.843 E.01232
G1 X101.891 Y86.148 E.01232
G1 X101.66 Y85.441 E.01232
G1 X101.463 Y84.725 E.0123
G1 X101.262 Y83.799 E.0157
G1 X101.137 Y83.021 E.01306
G1 X101.056 Y82.283 E.0123
G1 X101.009 Y81.541 E.01232
G1 X100.998 Y80.797 E.01233
G1 X101.021 Y80.054 E.01232
G1 X101.08 Y79.313 E.01232
G1 X101.174 Y78.576 E.01231
G1 X101.303 Y77.844 E.01232
G1 X101.467 Y77.119 E.01232
G1 X101.664 Y76.402 E.01232
G1 X101.895 Y75.696 E.01231
G1 X102.159 Y75.002 E.0123
G1 X102.563 Y74.095 E.01645
G1 X103.001 Y73.256 E.01568
G1 X103.403 Y72.579 E.01305
G1 X103.957 Y71.757 E.01642
G1 X104.561 Y70.971 E.01642
G1 X105.184 Y70.258 E.01569
G1 X105.733 Y69.695 E.01303
G1 X106.526 Y68.945 E.01809
G1 X106.525 Y68.939 E.0001
;LAYER_CHANGE
M117 DASHBOARD_LAYER_INDICATOR 6
;Z:0.7
;HEIGHT:0.1
;BEFORE_LAYER_CHANGE
M117 OBICO_LAYER_INDICATOR 5
G92 E0
;0.7
G1 E-3.5 F3600
;WIPE_START
G1 F7200
G1 X106.522 Y68.879 E-.02854
G1 X106.514 Y68.766 E-.05381
G1 X106.318 Y68.473 E-.16744
G1 X106.254 Y68.145 E-.15874
G1 X106.313 Y67.863 E-.13685
G1 X106.439 Y67.674 E-.1079
G1 X106.614 Y67.501 E-.11689
G1 X107.044 Y67.381 E-.21205
G1 X107.472 Y67.505 E-.21166
G1 X107.773 Y67.832 E-.21111
G1 X107.972 Y67.851 E-.09501
;WIPE_END
G1 Z.7 F9000
;AFTER_LAYER_CHANGE
;0.7
G1 X107.015 Y69.52
G1 E5 F2400
G1 F973
G1 X107.151 Y69.401 E.00299
G1 X107.68 Y68.985 E.01115
G1 X108.333 Y68.518 E.0133
G1 X108.956 Y68.121 E.01224
G1 X109.445 Y67.842 E.00933
G1 X110.255 Y67.422 E.01512
G1 X110.929 Y67.121 E.01223
G1 X111.617 Y66.854 E.01223
G1 X112.318 Y66.621 E.01224
G1 X113.029 Y66.423 E.01223
G1 X113.749 Y66.26 E.01223
G1 X114.476 Y66.133 E.01223
G1 X115.208 Y66.042 E.01222
G1 X116.523 Y65.97 E.02182
G1 X117.175 Y65.976 E.0108
G1 X117.911 Y66.018 E.01221
G1 X118.645 Y66.097 E.01223
G1 X119.374 Y66.212 E.01223
G1 X120.097 Y66.362 E.01223
G1 X120.811 Y66.548 E.01223
G1 X121.515 Y66.769 E.01223
G1 X122.208 Y67.024 E.01224
G1 X122.887 Y67.314 E.01223
G1 X123.551 Y67.636 E.01223
G1 X124.198 Y67.991 E.01223
G1 X124.827 Y68.377 E.01223
G1 X125.436 Y68.794 E.01223
G1 X126.024 Y69.24 E.01223
G1 X126.589 Y69.715 E.01223
G1 X127.13 Y70.217 E.01223
G1 X127.646 Y70.745 E.01223
G1 X128.135 Y71.298 E.01223
G1 X128.596 Y71.874 E.01222
G1 X129.028 Y72.473 E.01224
G1 X129.43 Y73.092 E.01223
G1 X129.801 Y73.73 E.01223
G1 X130.14 Y74.385 E.01222
G1 X130.447 Y75.057 E.01224
G1 X130.72 Y75.743 E.01223
G1 X130.958 Y76.441 E.01222
G1 X131.162 Y77.151 E.01224
G1 X131.331 Y77.869 E.01222
G1 X131.464 Y78.595 E.01223
G1 X131.561 Y79.327 E.01223
G1 X131.622 Y80.063 E.01224
G1 X131.646 Y80.8 E.01222
G1 X131.634 Y81.538 E.01223
G1 X131.586 Y82.275 E.01224
G1 X131.502 Y83.008 E.01222
G1 X131.381 Y83.736 E.01223
G1 X131.225 Y84.458 E.01224
G1 X131.033 Y85.17 E.01222
G1 X130.806 Y85.873 E.01224
G1 X130.545 Y86.563 E.01222
G1 X130.252 Y87.236 E.01216
G1 X129.922 Y87.901 E.0123
G1 X129.562 Y88.546 E.01224
G1 X129.171 Y89.171 E.01222
G1 X128.818 Y89.678 E.01024
G1 X128.393 Y90.239 E.01166
G1 X127.819 Y90.923 E.0148
G1 X127.312 Y91.459 E.01222
G1 X126.78 Y91.971 E.01223
G1 X126.344 Y92.35 E.00957
G1 X125.694 Y92.871 E.0138
G1 X125.041 Y93.339 E.01331
G1 X124.418 Y93.735 E.01223
G1 X123.973 Y93.99 E.0085
G1 X123.119 Y94.435 E.01596
G1 X122.445 Y94.736 E.01223
G1 X121.757 Y95.003 E.01223
G1 X121.056 Y95.236 E.01224
G1 X120.345 Y95.434 E.01223
G1 X119.625 Y95.597 E.01223
G1 X118.898 Y95.724 E.01223
G1 X118.166 Y95.815 E.01222
G1 X116.941 Y95.886 E.02033
G1 X116.2 Y95.88 E.01228
G1 X115.463 Y95.838 E.01223
G1 X114.729 Y95.76 E.01223
G1 X114 Y95.645 E.01223
G1 X113.277 Y95.494 E.01224
G1 X112.563 Y95.309 E.01222
G1 X111.859 Y95.088 E.01223
G1 X111.166 Y94.832 E.01224
G1 X110.487 Y94.543 E.01223
G1 X109.823 Y94.221 E.01223
G1 X109.176 Y93.866 E.01223
G1 X108.547 Y93.48 E.01223
G1 X107.938 Y93.063 E.01223
G1 X107.35 Y92.617 E.01223
G1 X106.785 Y92.142 E.01223
G1 X106.244 Y91.64 E.01223
G1 X105.728 Y91.111 E.01224
G1 X105.239 Y90.559 E.01222
G1 X104.778 Y89.982 E.01224
G1 X104.346 Y89.384 E.01222
G1 X103.944 Y88.765 E.01223
G1 X103.573 Y88.127 E.01223
G1 X103.234 Y87.471 E.01224
G1 X102.927 Y86.799 E.01224
G1 X102.654 Y86.114 E.01222
G1 X102.416 Y85.415 E.01223
G1 X102.212 Y84.706 E.01222
G1 X102.043 Y83.987 E.01224
G1 X101.91 Y83.261 E.01223
G1 X101.813 Y82.53 E.01222
G1 X101.752 Y81.794 E.01224
G1 X101.728 Y81.056 E.01223
G1 X101.739 Y80.318 E.01223
G1 X101.788 Y79.582 E.01222
G1 X101.872 Y78.848 E.01224
G1 X101.993 Y78.12 E.01223
G1 X102.149 Y77.399 E.01222
G1 X102.341 Y76.686 E.01223
G1 X102.568 Y75.984 E.01222
G1 X102.829 Y75.293 E.01224
G1 X103.124 Y74.617 E.01222
G1 X103.452 Y73.955 E.01224
G1 X103.812 Y73.311 E.01222
G1 X104.203 Y72.685 E.01223
G1 X104.554 Y72.18 E.01019
G1 X105.076 Y71.495 E.01427
G1 X105.555 Y70.934 E.01222
G1 X106.062 Y70.397 E.01224
G1 X106.594 Y69.886 E.01222
G1 X106.969 Y69.56 E.00823
G1 E-3.5 F3600
;WIPE_START
G1 F7200
G1 X107.015 Y69.52 E-.02896
G1 X107.151 Y69.401 E-.08584
G1 X107.68 Y68.985 E-.31966
G1 X108.333 Y68.518 E-.38133
G1 X108.956 Y68.121 E-.3509
G1 X109.445 Y67.842 E-.26742
G1 X109.568 Y67.778 E-.06589
;WIPE_END
G1 X125.551 Y93.582 F9000
G1 E5 F2400
;TYPE:Perimeter
;WIDTH:0.609977
G1 F973
G1 X125.948 Y93.299 E.01193
G1 X126.399 Y92.945 E.01403
G1 X126.434 Y93.341 E.00973
G1 X126.567 Y93.525 E.00556
;WIDTH:0.591171
G1 X126.625 Y93.709 E.00457
G1 X126.532 Y93.913 E.00531
G1 X126.33 Y93.989 E.00511
G1 X126.228 Y93.954 E.00255
;WIDTH:0.609977
G1 X125.934 Y93.661 E.01016
G1 X125.609 Y93.594 E.00812
G1 E-3.5 F3600
;WIPE_START
G1 F7200
G1 X125.551 Y93.582 E-.02813
G1 X125.948 Y93.299 E-.23158
G1 X126.399 Y92.945 E-.27234
G1 X126.434 Y93.341 E-.18883
G1 X126.567 Y93.525 E-.10784
G1 X126.625 Y93.709 E-.09164
G1 X126.532 Y93.913 E-.10649
G1 X126.33 Y93.989 E-.10252
G1 X126.228 Y93.954 E-.05122
G1 X125.934 Y93.661 E-.19716
G1 X125.682 Y93.609 E-.12225
;WIPE_END
G1 X108.134 Y68.206 F9000
G1 E5 F2400
;WIDTH:0.362326
G1 F973
G1 X108.763 Y67.818 E.01047
;WIDTH:0.3558
G1 X109.264 Y67.523 E.00808
G1 X110.092 Y67.099 E.01293
;WIDTH:0.345464
G1 X110.782 Y66.791 E.01018
;WIDTH:0.344488
G1 X111.487 Y66.517 E.01016
;WIDTH:0.346268
G1 X112.204 Y66.277 E.01021
G1 X112.932 Y66.075 E.0102
;WIDTH:0.34535
G1 X113.669 Y65.909 E.01017
;WIDTH:0.348924
G1 X114.413 Y65.775 E.01029
G1 X115.164 Y65.685 E.0103
;WIDTH:0.356116
G1 X115.721 Y65.636 E.00778
G1 X116.513 Y65.608 E.01103
;WIDTH:0.34704
G1 X117.178 Y65.615 E.009
;WIDTH:0.348854
G1 X117.932 Y65.656 E.01028
G1 X118.684 Y65.736 E.01029
;WIDTH:0.348716
G1 X119.431 Y65.853 E.01029
G1 X120.171 Y66.007 E.01028
G1 X120.903 Y66.197 E.01029
G1 X121.624 Y66.423 E.01028
;WIDTH:0.348922
G1 X122.334 Y66.684 E.0103
;WIDTH:0.349146
G1 X123.029 Y66.979 E.01029
G1 X123.709 Y67.31 E.0103
;WIDTH:0.348306
G1 X124.372 Y67.674 E.01028
;WIDTH:0.348642
G1 X125.017 Y68.068 E.01028
G1 X125.641 Y68.494 E.01028
G1 X126.244 Y68.951 E.01029
;WIDTH:0.34876
G1 X126.823 Y69.437 E.01029
;WIDTH:0.34892
G1 X127.377 Y69.951 E.01029
;WIDTH:0.349134
G1 X127.906 Y70.491 E.0103
;WIDTH:0.349412
G1 X128.407 Y71.057 E.01031
;WIDTH:0.349744
G1 X128.88 Y71.647 E.01032
;WIDTH:0.350142
G1 X129.323 Y72.26 E.01034
;WIDTH:0.350598
G1 X129.735 Y72.894 E.01035
G1 X130.114 Y73.548 E.01034
;WIDTH:0.348756
G1 X130.463 Y74.219 E.01029
;WIDTH:0.34891
G1 X130.777 Y74.906 E.01028
;WIDTH:0.349124
G1 X131.057 Y75.609 E.01031
;WIDTH:0.349404
G1 X131.302 Y76.324 E.0103
;WIDTH:0.349734
G1 X131.511 Y77.05 E.01031
G1 X131.683 Y77.787 E.01033
;WIDTH:0.348624
G1 X131.821 Y78.53 E.01028
G1 X131.921 Y79.279 E.01028
;WIDTH:0.348752
G1 X131.984 Y80.033 E.0103
;WIDTH:0.348906
G1 X132.009 Y80.788 E.01028
;WIDTH:0.34912
G1 X131.998 Y81.544 E.0103
;WIDTH:0.349396
G1 X131.949 Y82.299 E.01032
;WIDTH:0.349726
G1 X131.863 Y83.05 E.01032
;WIDTH:0.350116
G1 X131.74 Y83.796 E.01033
;WIDTH:0.35057
G1 X131.58 Y84.535 E.01035
;WIDTH:0.351078
G1 X131.384 Y85.265 E.01036
;WIDTH:0.351648
G1 X131.153 Y85.985 E.01038
;WIDTH:0.35228
G1 X130.886 Y86.692 E.01039
;WIDTH:0.352964
G1 X130.587 Y87.382 E.01036
G1 X130.247 Y88.062 E.01048
;WIDTH:0.3476
G1 X129.878 Y88.722 E.01025
;WIDTH:0.34588
G1 X129.477 Y89.363 E.0102
;WIDTH:0.355248
G1 X129.118 Y89.888 E.00883
;WIDTH:0.355768
G1 X128.683 Y90.463 E.01002
G1 X128.095 Y91.159 E.01266
;WIDTH:0.35104
G1 X127.575 Y91.708 E.01036
;WIDTH:0.346632
G1 X127.03 Y92.231 E.01021
;WIDTH:0.357578
G1 X126.649 Y92.572 E.00715
;WIDTH:0.36598
G1 X126.588 Y92.63 E.00121
G1 E-3.5 F3600
;WIPE_START
G1 F7200
G1 X126.649 Y92.572 E-.03998
G1 X127.03 Y92.231 E-.24287
G1 X127.575 Y91.708 E-.35879
G1 X128.095 Y91.159 E-.35918
G1 X128.683 Y90.463 E-.43279
G1 X128.767 Y90.352 E-.06639
;WIPE_END
G1 X107.823 Y68.275 F9000
G1 E5 F2400
;WIDTH:0.609991
G1 F973
G1 X107.426 Y68.557 E.01192
G1 X106.975 Y68.912 E.01404
G1 X106.94 Y68.515 E.00975
G1 X106.821 Y68.346 E.00506
;WIDTH:0.599941
G1 X106.753 Y68.149 E.00501
G1 X106.848 Y67.942 E.00548
G1 X107.042 Y67.87 E.00498
G1 X107.212 Y67.931 E.00434
;WIDTH:0.609991
G1 X107.44 Y68.196 E.00855
G1 X107.765 Y68.262 E.00811
G1 E-3.5 F3600
;WIPE_START
G1 F7200
G1 X107.823 Y68.275 E-.02823
G1 X107.426 Y68.557 E-.23131
G1 X106.975 Y68.912 E-.27263
G1 X106.94 Y68.515 E-.18931
G1 X106.821 Y68.346 E-.09818
G1 X106.753 Y68.149 E-.09899
G1 X106.848 Y67.942 E-.10819
G1 X107.042 Y67.87 E-.09829
G1 X107.212 Y67.931 E-.08579
G1 X107.44 Y68.196 E-.16605
G1 X107.693 Y68.248 E-.12303
;WIPE_END
G1 X125.231 Y93.655 F9000
G1 E5 F2400
;WIDTH:0.360744
G1 F973
G1 X124.612 Y94.039 E.01028
;WIDTH:0.356094
G1 X124.155 Y94.308 E.00738
G1 X123.284 Y94.76 E.01365
;WIDTH:0.351562
G1 X122.591 Y95.064 E.01039
;WIDTH:0.344862
G1 X121.887 Y95.339 E.01016
;WIDTH:0.347804
G1 X121.171 Y95.58 E.01025
G1 X120.442 Y95.782 E.01026
;WIDTH:0.344538
G1 X119.705 Y95.948 E.01015
;WIDTH:0.349032
G1 X118.961 Y96.081 E.01029
G1 X118.21 Y96.172 E.0103
;WIDTH:0.364066
G1 X116.962 Y96.247 E.01781
;WIDTH:0.349184
G1 X116.197 Y96.243 E.01042
;WIDTH:0.349474
G1 X115.442 Y96.201 E.01031
;WIDTH:0.34982
G1 X114.69 Y96.121 E.01032
G1 X113.944 Y96.002 E.01031
;WIDTH:0.347864
G1 X113.203 Y95.849 E.01027
;WIDTH:0.348674
G1 X112.471 Y95.66 E.01028
;WIDTH:0.348782
G1 X111.75 Y95.434 E.01028
;WIDTH:0.348948
G1 X111.04 Y95.173 E.0103
;WIDTH:0.349176
G1 X110.345 Y94.877 E.01029
;WIDTH:0.349458
G1 X109.664 Y94.547 E.01032
;WIDTH:0.349798
G1 X109.001 Y94.185 E.01031
G1 X108.357 Y93.788 E.01033
;WIDTH:0.347858
G1 X107.733 Y93.362 E.01025
;WIDTH:0.348672
G1 X107.13 Y92.905 E.01029
;WIDTH:0.348774
G1 X106.551 Y92.42 E.01028
;WIDTH:0.348938
G1 X105.997 Y91.906 E.01029
;WIDTH:0.349158
G1 X105.468 Y91.365 E.01031
;WIDTH:0.349442
G1 X104.967 Y90.799 E.01031
;WIDTH:0.349782
G1 X104.494 Y90.209 E.01032
G1 X104.052 Y89.595 E.01033
;WIDTH:0.347852
G1 X103.64 Y88.962 E.01025
;WIDTH:0.348666
G1 X103.259 Y88.309 E.01028
;WIDTH:0.34877
G1 X102.911 Y87.638 E.01029
;WIDTH:0.348928
G1 X102.597 Y86.95 E.0103
;WIDTH:0.34915
G1 X102.317 Y86.248 E.0103
;WIDTH:0.349428
G1 X102.072 Y85.533 E.01031
;WIDTH:0.349764
G1 X101.863 Y84.806 E.01032
G1 X101.691 Y84.07 E.01032
;WIDTH:0.34785
G1 X101.554 Y83.326 E.01027
;WIDTH:0.348664
G1 X101.453 Y82.577 E.01028
;WIDTH:0.348764
G1 X101.39 Y81.824 E.01028
;WIDTH:0.348916
G1 X101.365 Y81.068 E.0103
;WIDTH:0.349134
G1 X101.376 Y80.312 E.0103
;WIDTH:0.349408
G1 X101.425 Y79.558 E.0103
;WIDTH:0.349744
G1 X101.511 Y78.807 E.01032
;WIDTH:0.350134
G1 X101.634 Y78.061 E.01033
;WIDTH:0.350592
G1 X101.794 Y77.322 E.01035
;WIDTH:0.3511
G1 X101.99 Y76.591 E.01037
;WIDTH:0.351672
G1 X102.221 Y75.872 E.01037
;WIDTH:0.3523
G1 X102.488 Y75.164 E.01041
G1 X102.792 Y74.472 E.0104
;WIDTH:0.347104
G1 X103.128 Y73.795 E.01023
;WIDTH:0.347822
G1 X103.495 Y73.134 E.01026
G1 X103.897 Y72.493 E.01027
;WIDTH:0.355224
G1 X104.254 Y71.971 E.00878
G1 X104.788 Y71.273 E.0122
;WIDTH:0.350248
G1 X105.28 Y70.699 E.01033
;WIDTH:0.348304
G1 X105.798 Y70.148 E.01028
G1 X106.344 Y69.625 E.01027
;WIDTH:0.357572
G1 X106.725 Y69.285 E.00714
G1 X106.522 Y68.879 F9000
;TYPE:External perimeter
;WIDTH:0.419999
G1 F973
G1 X106.514 Y68.766 E.00188
G1 X106.318 Y68.472 E.00585
G1 X106.254 Y68.145 E.00552
G1 X106.313 Y67.864 E.00476
G1 X106.44 Y67.672 E.00381
G1 X106.614 Y67.501 E.00404
G1 X107.045 Y67.381 E.00741
G1 X107.473 Y67.506 E.00739
G1 X107.773 Y67.831 E.00733
G1 X108.011 Y67.855 E.00396
G1 X109.086 Y67.203 E.02083
G1 X110.146 Y66.667 E.01968
G1 X111.108 Y66.264 E.01728
G1 X112.284 Y65.869 E.02056
G1 X113.243 Y65.621 E.01641
G1 X114.463 Y65.397 E.02055
G1 X115.932 Y65.263 E.02444
G1 X116.751 Y65.239 E.01358
G1 X117.688 Y65.271 E.01553
G1 X118.427 Y65.335 E.01229
G1 X119.163 Y65.435 E.01231
G1 X119.894 Y65.57 E.01232
G1 X120.618 Y65.739 E.01232
G1 X121.333 Y65.942 E.01232
G1 X122.037 Y66.179 E.01231
G1 X122.73 Y66.449 E.01232
G1 X123.409 Y66.751 E.01231
G1 X124.12 Y67.111 E.0132
G1 X124.933 Y67.58 E.01555
G1 X125.555 Y67.985 E.0123
G1 X126.158 Y68.419 E.01231
G1 X126.74 Y68.882 E.01232
G1 X127.299 Y69.372 E.01232
G1 X127.834 Y69.887 E.0123
G1 X128.345 Y70.427 E.01232
G1 X128.829 Y70.991 E.01231
G1 X129.286 Y71.577 E.01231
G1 X129.714 Y72.185 E.01232
G1 X130.114 Y72.812 E.01232
G1 X130.601 Y73.677 E.01645
G1 X130.927 Y74.342 E.01227
G1 X131.223 Y75.024 E.01232
G1 X131.487 Y75.719 E.01232
G1 X131.717 Y76.426 E.01232
G1 X131.913 Y77.143 E.01232
G1 X132.122 Y78.114 E.01646
G1 X132.238 Y78.846 E.01228
G1 X132.319 Y79.584 E.0123
G1 X132.365 Y80.326 E.01232
G1 X132.376 Y81.061 E.01218
G1 X132.352 Y81.804 E.01232
G1 X132.293 Y82.545 E.01232
G1 X132.199 Y83.282 E.01231
G1 X132.071 Y84.014 E.01231
G1 X131.907 Y84.739 E.01232
G1 X131.71 Y85.456 E.01232
G1 X131.478 Y86.162 E.01231
G1 X131.214 Y86.857 E.01232
G1 X130.917 Y87.537 E.01229
G1 X130.471 Y88.423 E.01644
G1 X129.97 Y89.278 E.01642
G1 X129.416 Y90.101 E.01644
G1 X128.969 Y90.692 E.01228
G1 X128.327 Y91.448 E.01643
G1 X127.64 Y92.162 E.01642
G1 X126.848 Y92.911 E.01806
G1 X126.86 Y93.091 E.00299
G1 X127.058 Y93.388 E.00591
G1 X127.119 Y93.719 E.00558
G1 X127.051 Y94.015 E.00503
G1 X126.929 Y94.19 E.00353
G1 X126.734 Y94.371 E.00441
G1 X126.299 Y94.474 E.00741
G1 X125.885 Y94.336 E.00723
G1 X125.601 Y94.025 E.00698
G1 X125.363 Y94.002 E.00396
G1 X124.334 Y94.628 E.01996
G1 X123.407 Y95.106 E.01728
G1 X122.267 Y95.592 E.02053
G1 X121.143 Y95.972 E.01966
G1 X120.134 Y96.235 E.01728
G1 X118.914 Y96.459 E.02055
G1 X117.734 Y96.583 E.01966
G1 X116.691 Y96.618 E.01729
G1 X115.948 Y96.601 E.01231
G1 X115.207 Y96.548 E.01231
G1 X114.469 Y96.461 E.01231
G1 X113.544 Y96.3 E.01556
G1 X112.768 Y96.121 E.0132
G1 X112.053 Y95.918 E.01232
G1 X111.348 Y95.682 E.01232
G1 X110.656 Y95.413 E.0123
G1 X109.976 Y95.111 E.01233
G1 X109.312 Y94.777 E.01232
G1 X108.665 Y94.412 E.01231
G1 X107.872 Y93.908 E.01557
G1 X107.225 Y93.444 E.01319
G1 X106.643 Y92.982 E.01231
G1 X106.084 Y92.493 E.01231
G1 X105.548 Y91.978 E.01232
G1 X105.037 Y91.438 E.01232
G1 X104.552 Y90.874 E.01233
G1 X104.095 Y90.289 E.0123
G1 X103.558 Y89.518 E.01557
G1 X103.139 Y88.842 E.01318
G1 X102.779 Y88.191 E.01233
G1 X102.451 Y87.524 E.01232
G1 X102.154 Y86.843 E.01231
G1 X101.891 Y86.148 E.01231
G1 X101.66 Y85.441 E.01232
G1 X101.463 Y84.725 E.0123
G1 X101.264 Y83.807 E.01556
G1 X101.137 Y83.021 E.01319
G1 X101.056 Y82.282 E.01232
G1 X101.009 Y81.541 E.0123
G1 X100.998 Y80.797 E.01233
G1 X101.021 Y80.054 E.01232
G1 X101.08 Y79.313 E.01232
G1 X101.174 Y78.576 E.01231
G1 X101.303 Y77.844 E.01232
G1 X101.467 Y77.119 E.01232
G1 X101.664 Y76.402 E.01232
G1 X101.895 Y75.695 E.01232
G1 X102.16 Y75.002 E.01229
G1 X102.563 Y74.095 E.01645
G1 X102.997 Y73.263 E.01555
G1 X103.403 Y72.579 E.01318
G1 X103.957 Y71.757 E.01642
G1 X104.561 Y70.971 E.01642
G1 X105.179 Y70.264 E.01556
G1 X105.733 Y69.695 E.01316
G1 X106.526 Y68.945 E.01809
G1 X106.525 Y68.939 E.0001
;LAYER_CHANGE
M117 DASHBOARD_LAYER_INDICATOR 7
;Z:0.8
;HEIGHT:0.1
;BEFORE_LAYER_CHANGE
M117 OBICO_LAYER_INDICATOR 6
G92 E0
;0.8
G1 E-3.5 F3600
;WIPE_START
G1 F7200
G1 X106.522 Y68.879 E-.02854
G1 X106.514 Y68.766 E-.05381
G1 X106.318 Y68.472 E-.16784
G1 X106.254 Y68.145 E-.15827
G1 X106.313 Y67.864 E-.13639
G1 X106.44 Y67.672 E-.10935
G1 X106.614 Y67.501 E-.11588
G1 X107.045 Y67.381 E-.21251
G1 X107.473 Y67.506 E-.21179
G1 X107.773 Y67.831 E-.21009
G1 X107.973 Y67.851 E-.09553
;WIPE_END
G1 Z.8 F9000
;AFTER_LAYER_CHANGE
;0.8
G1 X107.016 Y69.519
G1 E5 F2400
G1 F973
G1 X107.151 Y69.401 E.00297
G1 X107.68 Y68.985 E.01115
G1 X108.333 Y68.518 E.0133
G1 X108.956 Y68.121 E.01224
G1 X109.445 Y67.842 E.00933
G1 X110.255 Y67.422 E.01512
G1 X110.929 Y67.121 E.01223
G1 X111.617 Y66.854 E.01223
G1 X112.318 Y66.621 E.01224
G1 X113.029 Y66.423 E.01223
G1 X113.584 Y66.297 E.00943
G1 X114.476 Y66.133 E.01503
G1 X115.208 Y66.042 E.01222
G1 X116.499 Y65.97 E.02142
G1 X117.174 Y65.976 E.01118
G1 X117.911 Y66.018 E.01223
G1 X118.645 Y66.097 E.01223
G1 X119.374 Y66.212 E.01223
G1 X120.097 Y66.362 E.01223
G1 X120.811 Y66.548 E.01223
G1 X121.515 Y66.769 E.01223
G1 X122.208 Y67.024 E.01224
G1 X122.887 Y67.314 E.01223
G1 X123.551 Y67.636 E.01223
G1 X124.198 Y67.991 E.01223
G1 X124.827 Y68.377 E.01223
G1 X125.436 Y68.794 E.01223
G1 X126.024 Y69.24 E.01223
G1 X126.589 Y69.715 E.01223
G1 X127.13 Y70.217 E.01223
G1 X127.646 Y70.745 E.01223
G1 X128.135 Y71.298 E.01223
G1 X128.596 Y71.874 E.01222
G1 X129.028 Y72.473 E.01224
G1 X129.43 Y73.092 E.01223
G1 X129.801 Y73.73 E.01223
G1 X130.14 Y74.385 E.01222
G1 X130.447 Y75.057 E.01224
G1 X130.719 Y75.743 E.01223
G1 X130.958 Y76.441 E.01222
G1 X131.162 Y77.151 E.01224
G1 X131.331 Y77.869 E.01222
G1 X131.464 Y78.595 E.01223
G1 X131.561 Y79.327 E.01223
G1 X131.622 Y80.063 E.01224
G1 X131.646 Y80.8 E.01222
G1 X131.634 Y81.538 E.01223
G1 X131.586 Y82.275 E.01224
G1 X131.502 Y83.008 E.01222
G1 X131.381 Y83.736 E.01223
G1 X131.225 Y84.458 E.01224
G1 X131.033 Y85.17 E.01222
G1 X130.806 Y85.873 E.01224
G1 X130.545 Y86.563 E.01222
G1 X130.252 Y87.236 E.01216
G1 X129.922 Y87.901 E.0123
G1 X129.562 Y88.546 E.01224
G1 X129.171 Y89.171 E.01222
G1 X128.818 Y89.678 E.01024
G1 X128.393 Y90.239 E.01166
G1 X127.819 Y90.923 E.0148
G1 X127.312 Y91.459 E.01222
G1 X126.78 Y91.971 E.01223
G1 X126.344 Y92.35 E.00957
G1 X125.694 Y92.871 E.0138
G1 X125.041 Y93.339 E.01331
G1 X124.418 Y93.735 E.01223
G1 X123.98 Y93.986 E.00836
G1 X123.087 Y94.437 E.01658
G1 X121.999 Y94.913 E.01968
G1 X121.291 Y95.162 E.01244
G1 X120.583 Y95.372 E.01224
G1 X119.968 Y95.522 E.01049
G1 X119.141 Y95.685 E.01397
G1 X118.41 Y95.789 E.01223
G1 X117.684 Y95.855 E.01208
G1 X116.938 Y95.886 E.01237
G1 X116.2 Y95.88 E.01223
G1 X115.463 Y95.838 E.01223
G1 X114.729 Y95.76 E.01223
G1 X114 Y95.645 E.01223
G1 X113.277 Y95.494 E.01224
G1 X112.563 Y95.309 E.01222
G1 X111.859 Y95.088 E.01223
G1 X111.166 Y94.832 E.01224
G1 X110.487 Y94.543 E.01223
G1 X109.823 Y94.221 E.01223
G1 X109.176 Y93.866 E.01223
G1 X108.547 Y93.48 E.01223
G1 X107.938 Y93.063 E.01223
G1 X107.35 Y92.617 E.01223
G1 X106.785 Y92.142 E.01223
G1 X106.244 Y91.64 E.01223
G1 X105.728 Y91.111 E.01224
G1 X105.239 Y90.559 E.01222
G1 X104.778 Y89.982 E.01224
G1 X104.346 Y89.384 E.01222
G1 X103.944 Y88.765 E.01223
G1 X103.573 Y88.127 E.01223
G1 X103.234 Y87.471 E.01224
G1 X102.927 Y86.799 E.01224
G1 X102.654 Y86.114 E.01222
G1 X102.416 Y85.415 E.01223
G1 X102.212 Y84.706 E.01222
G1 X102.043 Y83.987 E.01224
G1 X101.91 Y83.261 E.01223
G1 X101.813 Y82.529 E.01223
G1 X101.752 Y81.794 E.01222
G1 X101.728 Y81.056 E.01223
G1 X101.739 Y80.318 E.01223
G1 X101.788 Y79.582 E.01222
G1 X101.872 Y78.848 E.01224
G1 X101.993 Y78.12 E.01223
G1 X102.149 Y77.399 E.01222
G1 X102.341 Y76.686 E.01223
G1 X102.568 Y75.984 E.01222
G1 X102.829 Y75.293 E.01224
G1 X103.124 Y74.617 E.01222
G1 X103.452 Y73.955 E.01224
G1 X103.812 Y73.311 E.01222
G1 X104.203 Y72.685 E.01223
G1 X104.554 Y72.18 E.01019
G1 X105.076 Y71.495 E.01427
G1 X105.555 Y70.934 E.01222
G1 X106.062 Y70.397 E.01224
G1 X106.594 Y69.886 E.01222
G1 X106.971 Y69.558 E.00828
G1 E-3.5 F3600
;WIPE_START
G1 F7200
G1 X107.016 Y69.519 E-.02829
G1 X107.151 Y69.401 E-.08517
G1 X107.68 Y68.985 E-.31966
G1 X108.333 Y68.518 E-.38133
G1 X108.956 Y68.121 E-.3509
G1 X109.445 Y67.842 E-.26742
G1 X109.571 Y67.777 E-.06723
;WIPE_END
G1 X125.551 Y93.582 F9000
G1 E5 F2400
;TYPE:Perimeter
;WIDTH:0.609996
G1 F973
G1 X125.948 Y93.299 E.01193
G1 X126.399 Y92.945 E.01403
G1 X126.434 Y93.341 E.00973
G1 X126.568 Y93.525 E.00557
;WIDTH:0.591075
G1 X126.625 Y93.707 E.00452
G1 X126.532 Y93.913 E.00535
G1 X126.33 Y93.989 E.00511
G1 X126.228 Y93.954 E.00255
;WIDTH:0.609996
G1 X125.934 Y93.661 E.01016
G1 X125.609 Y93.594 E.00812
G1 E-3.5 F3600
;WIPE_START
G1 F7200
G1 X125.551 Y93.582 E-.02813
G1 X125.948 Y93.299 E-.23158
G1 X126.399 Y92.945 E-.27234
G1 X126.434 Y93.341 E-.18883
G1 X126.568 Y93.525 E-.10812
G1 X126.625 Y93.707 E-.09059
G1 X126.532 Y93.913 E-.10736
G1 X126.33 Y93.989 E-.10252
G1 X126.228 Y93.954 E-.05122
G1 X125.934 Y93.661 E-.19716
G1 X125.682 Y93.609 E-.12215
;WIPE_END
G1 X108.134 Y68.206 F9000
G1 E5 F2400
;WIDTH:0.362334
G1 F973
G1 X108.763 Y67.818 E.01047
;WIDTH:0.355802
G1 X109.264 Y67.523 E.00808
G1 X110.092 Y67.099 E.01293
;WIDTH:0.345678
G1 X110.782 Y66.791 E.01019
;WIDTH:0.344488
G1 X111.487 Y66.517 E.01016
;WIDTH:0.34627
G1 X112.204 Y66.277 E.01021
G1 X112.932 Y66.076 E.0102
;WIDTH:0.355434
G1 X113.504 Y65.939 E.00817
G1 X114.413 Y65.775 E.01283
;WIDTH:0.349618
G1 X115.164 Y65.685 E.01032
;WIDTH:0.356114
G1 X115.721 Y65.636 E.00778
G1 X116.488 Y65.608 E.01068
;WIDTH:0.346296
G1 X117.178 Y65.615 E.00932
;WIDTH:0.348854
G1 X117.932 Y65.656 E.01028
G1 X118.684 Y65.736 E.01029
;WIDTH:0.348716
G1 X119.431 Y65.853 E.01029
G1 X120.171 Y66.007 E.01028
G1 X120.903 Y66.197 E.01029
G1 X121.624 Y66.423 E.01028
;WIDTH:0.348924
G1 X122.334 Y66.684 E.0103
;WIDTH:0.349146
G1 X123.029 Y66.979 E.01029
;WIDTH:0.34942
G1 X123.71 Y67.309 E.01032
G1 X124.372 Y67.674 E.01031
;WIDTH:0.34864
G1 X125.017 Y68.068 E.01028
G1 X125.641 Y68.494 E.01028
G1 X126.244 Y68.951 E.01029
;WIDTH:0.34876
G1 X126.823 Y69.437 E.01029
;WIDTH:0.34892
G1 X127.377 Y69.951 E.01029
;WIDTH:0.349134
G1 X127.906 Y70.491 E.0103
;WIDTH:0.349412
G1 X128.407 Y71.057 E.01031
;WIDTH:0.349744
G1 X128.88 Y71.647 E.01032
;WIDTH:0.350142
G1 X129.323 Y72.26 E.01034
;WIDTH:0.350594
G1 X129.735 Y72.894 E.01035
G1 X130.114 Y73.548 E.01034
;WIDTH:0.348758
G1 X130.463 Y74.219 E.01029
;WIDTH:0.348914
G1 X130.777 Y74.906 E.01028
;WIDTH:0.349126
G1 X131.057 Y75.609 E.01031
;WIDTH:0.349402
G1 X131.302 Y76.324 E.0103
G1 X131.509 Y77.051 E.01031
;WIDTH:0.348646
G1 X131.684 Y77.786 E.01028
G1 X131.821 Y78.53 E.01029
G1 X131.921 Y79.279 E.01028
;WIDTH:0.348752
G1 X131.984 Y80.033 E.0103
;WIDTH:0.348906
G1 X132.009 Y80.788 E.01028
;WIDTH:0.349122
G1 X131.998 Y81.544 E.0103
;WIDTH:0.349394
G1 X131.949 Y82.299 E.01032
;WIDTH:0.349724
G1 X131.863 Y83.05 E.01032
;WIDTH:0.350118
G1 X131.74 Y83.796 E.01033
;WIDTH:0.350572
G1 X131.58 Y84.535 E.01035
;WIDTH:0.351078
G1 X131.384 Y85.265 E.01036
;WIDTH:0.351648
G1 X131.153 Y85.985 E.01038
;WIDTH:0.352282
G1 X130.886 Y86.692 E.01039
;WIDTH:0.352964
G1 X130.587 Y87.382 E.01036
G1 X130.247 Y88.062 E.01048
;WIDTH:0.347602
G1 X129.878 Y88.722 E.01025
;WIDTH:0.345878
G1 X129.477 Y89.363 E.0102
;WIDTH:0.355248
G1 X129.118 Y89.888 E.00883
;WIDTH:0.355766
G1 X128.683 Y90.463 E.01002
G1 X128.095 Y91.159 E.01266
;WIDTH:0.35104
G1 X127.575 Y91.708 E.01036
;WIDTH:0.346628
G1 X127.03 Y92.231 E.01021
;WIDTH:0.357578
G1 X126.649 Y92.572 E.00715
;WIDTH:0.36598
G1 X126.588 Y92.63 E.00121
G1 E-3.5 F3600
;WIPE_START
G1 F7200
G1 X126.649 Y92.572 E-.03998
G1 X127.03 Y92.231 E-.24287
G1 X127.575 Y91.708 E-.35879
G1 X128.095 Y91.159 E-.35918
G1 X128.683 Y90.463 E-.43279
G1 X128.767 Y90.352 E-.06639
;WIPE_END
G1 X107.823 Y68.275 F9000
G1 E5 F2400
;WIDTH:0.610004
G1 F973
G1 X107.426 Y68.557 E.01192
G1 X106.975 Y68.912 E.01404
G1 X106.94 Y68.515 E.00975
G1 X106.821 Y68.346 E.00506
;WIDTH:0.599904
G1 X106.753 Y68.15 E.00499
G1 X106.849 Y67.94 E.00555
G1 X107.043 Y67.87 E.00496
G1 X107.214 Y67.932 E.00437
;WIDTH:0.610004
G1 X107.44 Y68.196 E.0085
G1 X107.765 Y68.262 E.00811
G1 E-3.5 F3600
;WIPE_START
G1 F7200
G1 X107.823 Y68.275 E-.02823
G1 X107.426 Y68.557 E-.23131
G1 X106.975 Y68.912 E-.27263
G1 X106.94 Y68.515 E-.18931
G1 X106.821 Y68.346 E-.09818
G1 X106.753 Y68.15 E-.09854
G1 X106.849 Y67.94 E-.10968
G1 X107.043 Y67.87 E-.09797
G1 X107.214 Y67.932 E-.0864
G1 X107.44 Y68.196 E-.16507
G1 X107.693 Y68.248 E-.12268
;WIPE_END
G1 X125.231 Y93.655 F9000
G1 E5 F2400
;WIDTH:0.360736
G1 F973
G1 X124.612 Y94.039 E.01027
;WIDTH:0.35613
G1 X124.162 Y94.304 E.00727
;WIDTH:0.36429
G1 X123.249 Y94.77 E.01461
G1 X122.137 Y95.251 E.01727
;WIDTH:0.352944
G1 X121.41 Y95.502 E.0106
;WIDTH:0.344552
G1 X120.686 Y95.718 E.01015
;WIDTH:0.35482
G1 X120.054 Y95.877 E.00903
G1 X119.209 Y96.039 E.01192
;WIDTH:0.342786
G1 X118.461 Y96.145 E.01009
;WIDTH:0.352578
G1 X117.717 Y96.218 E.01029
G1 X116.953 Y96.247 E.01053
;WIDTH:0.349184
G1 X116.197 Y96.243 E.0103
;WIDTH:0.34947
G1 X115.442 Y96.201 E.01031
;WIDTH:0.349818
G1 X114.69 Y96.121 E.01032
G1 X113.944 Y96.002 E.01031
;WIDTH:0.347756
G1 X113.203 Y95.849 E.01026
;WIDTH:0.348674
G1 X112.471 Y95.66 E.01028
;WIDTH:0.34878
G1 X111.75 Y95.434 E.01028
;WIDTH:0.348946
G1 X111.04 Y95.173 E.0103
;WIDTH:0.349172
G1 X110.345 Y94.877 E.01029
;WIDTH:0.349458
G1 X109.664 Y94.547 E.01032
;WIDTH:0.349798
G1 X109.001 Y94.185 E.01031
G1 X108.357 Y93.788 E.01033
;WIDTH:0.347748
G1 X107.733 Y93.362 E.01025
;WIDTH:0.34867
G1 X107.13 Y92.905 E.01029
;WIDTH:0.348778
G1 X106.551 Y92.419 E.01029
;WIDTH:0.348938
G1 X105.997 Y91.906 E.01028
;WIDTH:0.34916
G1 X105.468 Y91.365 E.01031
;WIDTH:0.349444
G1 X104.967 Y90.799 E.01031
;WIDTH:0.349778
G1 X104.494 Y90.209 E.01032
G1 X104.052 Y89.595 E.01033
;WIDTH:0.347744
G1 X103.64 Y88.962 E.01025
;WIDTH:0.348666
G1 X103.259 Y88.309 E.01028
;WIDTH:0.348768
G1 X102.911 Y87.638 E.01029
;WIDTH:0.348926
G1 X102.597 Y86.95 E.0103
;WIDTH:0.349148
G1 X102.317 Y86.248 E.0103
;WIDTH:0.349428
G1 X102.072 Y85.533 E.01031
;WIDTH:0.349762
G1 X101.863 Y84.806 E.01032
G1 X101.691 Y84.07 E.01032
;WIDTH:0.347738
G1 X101.554 Y83.326 E.01026
;WIDTH:0.348664
G1 X101.453 Y82.577 E.01028
G1 X101.39 Y81.824 E.01028
;WIDTH:0.348916
G1 X101.365 Y81.068 E.0103
;WIDTH:0.349132
G1 X101.376 Y80.312 E.0103
;WIDTH:0.349406
G1 X101.425 Y79.558 E.0103
;WIDTH:0.349742
G1 X101.511 Y78.807 E.01032
;WIDTH:0.350134
G1 X101.634 Y78.061 E.01033
;WIDTH:0.350592
G1 X101.794 Y77.322 E.01035
;WIDTH:0.351098
G1 X101.99 Y76.591 E.01037
;WIDTH:0.35167
G1 X102.221 Y75.872 E.01037
;WIDTH:0.3523
G1 X102.488 Y75.164 E.01041
G1 X102.792 Y74.472 E.0104
;WIDTH:0.347104
G1 X103.128 Y73.795 E.01023
;WIDTH:0.347692
G1 X103.495 Y73.134 E.01025
G1 X103.897 Y72.493 E.01026
;WIDTH:0.355224
G1 X104.254 Y71.971 E.00878
G1 X104.788 Y71.273 E.0122
;WIDTH:0.350246
G1 X105.28 Y70.699 E.01033
;WIDTH:0.348218
G1 X105.798 Y70.148 E.01027
G1 X106.344 Y69.625 E.01027
;WIDTH:0.35758
G1 X106.725 Y69.285 E.00714
G1 X106.522 Y68.879 F9000
;TYPE:External perimeter
;WIDTH:0.419999
G1 F973
G1 X106.514 Y68.766 E.00188
G1 X106.317 Y68.472 E.00586
G1 X106.254 Y68.146 E.0055
G1 X106.313 Y67.864 E.00477
G1 X106.442 Y67.67 E.00386
G1 X106.614 Y67.502 E.00398
G1 X107.046 Y67.38 E.00744
G1 X107.474 Y67.507 E.0074
G1 X107.773 Y67.831 E.00731
G1 X108.011 Y67.855 E.00396
G1 X109.086 Y67.203 E.02083
G1 X110.138 Y66.671 E.01953
G1 X111.108 Y66.264 E.01743
G1 X112.284 Y65.869 E.02056
G1 X113.427 Y65.581 E.01953
G1 X114.462 Y65.397 E.01742
G1 X115.931 Y65.263 E.02444
G1 X116.76 Y65.239 E.01374
G1 X117.688 Y65.271 E.01539
G1 X118.427 Y65.335 E.01229
G1 X119.163 Y65.435 E.01231
G1 X119.894 Y65.57 E.01232
G1 X120.618 Y65.739 E.01232
G1 X121.333 Y65.942 E.01232
G1 X122.037 Y66.179 E.01231
G1 X122.73 Y66.449 E.01232
G1 X123.409 Y66.751 E.01231
G1 X124.073 Y67.086 E.01232
G1 X124.934 Y67.581 E.01646
G1 X125.555 Y67.985 E.01228
G1 X126.158 Y68.419 E.01231
G1 X126.74 Y68.882 E.01232
G1 X127.299 Y69.372 E.01232
G1 X127.834 Y69.887 E.0123
G1 X128.345 Y70.427 E.01232
G1 X128.829 Y70.991 E.01231
G1 X129.286 Y71.577 E.01231
G1 X129.714 Y72.185 E.01232
G1 X130.114 Y72.812 E.01232
G1 X130.601 Y73.677 E.01645
G1 X130.928 Y74.342 E.01228
G1 X131.223 Y75.024 E.01231
G1 X131.487 Y75.719 E.01232
G1 X131.717 Y76.426 E.01232
G1 X131.972 Y77.386 E.01646
G1 X132.122 Y78.111 E.01227
G1 X132.238 Y78.846 E.01233
G1 X132.319 Y79.584 E.0123
G1 X132.365 Y80.326 E.01232
G1 X132.376 Y81.061 E.01218
G1 X132.352 Y81.804 E.01232
G1 X132.293 Y82.545 E.01232
G1 X132.199 Y83.282 E.01231
G1 X132.071 Y84.014 E.01231
G1 X131.907 Y84.739 E.01232
G1 X131.71 Y85.456 E.01232
G1 X131.478 Y86.162 E.01231
G1 X131.214 Y86.857 E.01232
G1 X130.917 Y87.537 E.01229
G1 X130.471 Y88.423 E.01644
G1 X129.97 Y89.278 E.01642
G1 X129.416 Y90.101 E.01644
G1 X128.969 Y90.692 E.01228
G1 X128.327 Y91.448 E.01643
G1 X127.64 Y92.162 E.01642
G1 X126.848 Y92.911 E.01806
G1 X126.86 Y93.091 E.00299
G1 X127.058 Y93.388 E.00591
G1 X127.119 Y93.718 E.00556
G1 X127.051 Y94.015 E.00505
G1 X126.929 Y94.19 E.00353
G1 X126.734 Y94.371 E.00441
G1 X126.299 Y94.474 E.00741
G1 X125.885 Y94.337 E.00723
G1 X125.601 Y94.025 E.00699
G1 X125.363 Y94.002 E.00396
G1 X124.341 Y94.624 E.01982
G1 X123.407 Y95.106 E.01741
G1 X122.267 Y95.592 E.02053
G1 X121.15 Y95.969 E.01953
G1 X120.134 Y96.235 E.0174
G1 X118.914 Y96.459 E.02055
G1 X117.742 Y96.582 E.01953
G1 X116.69 Y96.618 E.01744
G1 X115.948 Y96.601 E.0123
G1 X115.207 Y96.548 E.01231
G1 X114.469 Y96.461 E.01231
G1 X113.551 Y96.301 E.01544
G1 X112.768 Y96.121 E.01331
G1 X112.053 Y95.918 E.01232
G1 X111.348 Y95.682 E.01232
G1 X110.655 Y95.413 E.01232
G1 X109.976 Y95.111 E.01231
G1 X109.312 Y94.777 E.01232
G1 X108.665 Y94.412 E.01231
G1 X107.879 Y93.912 E.01544
G1 X107.225 Y93.444 E.01333
G1 X106.643 Y92.982 E.01231
G1 X106.084 Y92.493 E.01231
G1 X105.548 Y91.978 E.01232
G1 X105.037 Y91.438 E.01232
G1 X104.552 Y90.874 E.01233
G1 X104.095 Y90.289 E.0123
G1 X103.562 Y89.525 E.01544
G1 X103.139 Y88.842 E.01331
G1 X102.779 Y88.191 E.01233
G1 X102.451 Y87.524 E.01232
G1 X102.154 Y86.843 E.01231
G1 X101.891 Y86.148 E.01231
G1 X101.66 Y85.441 E.01232
G1 X101.463 Y84.725 E.0123
G1 X101.265 Y83.815 E.01543
G1 X101.137 Y83.021 E.01333
G1 X101.056 Y82.282 E.01232
G1 X101.009 Y81.541 E.0123
G1 X100.998 Y80.797 E.01233
G1 X101.021 Y80.054 E.01232
G1 X101.08 Y79.313 E.01232
G1 X101.174 Y78.576 E.01231
G1 X101.303 Y77.844 E.01232
G1 X101.467 Y77.119 E.01232
G1 X101.664 Y76.402 E.01232
G1 X101.895 Y75.695 E.01232
G1 X102.16 Y75.002 E.01229
G1 X102.563 Y74.095 E.01645
G1 X102.993 Y73.27 E.01542
G1 X103.403 Y72.579 E.01331
G1 X103.957 Y71.757 E.01642
G1 X104.561 Y70.971 E.01642
G1 X105.173 Y70.27 E.01542
G1 X105.733 Y69.695 E.0133
G1 X106.526 Y68.945 E.01809
G1 X106.525 Y68.938 E.00012
;LAYER_CHANGE
M117 DASHBOARD_LAYER_INDICATOR 8
;Z:0.9
;HEIGHT:0.1
;BEFORE_LAYER_CHANGE
M117 OBICO_LAYER_INDICATOR 7
G92 E0
;0.9
G1 E-3.5 F3600
;WIPE_START
G1 F7200
G1 X106.522 Y68.879 E-.02806
G1 X106.514 Y68.766 E-.05381
G1 X106.317 Y68.472 E-.1681
G1 X106.254 Y68.146 E-.15772
G1 X106.313 Y67.864 E-.13685
G1 X106.442 Y67.67 E-.11066
G1 X106.614 Y67.502 E-.11421
G1 X107.046 Y67.38 E-.21323
G1 X107.474 Y67.507 E-.21206
G1 X107.773 Y67.831 E-.20942
G1 X107.974 Y67.851 E-.09588
;WIPE_END
G1 Z.9 F9000
;AFTER_LAYER_CHANGE
;0.9
G1 X107.015 Y69.52
G1 E5 F2400
G1 F975
G1 X107.151 Y69.401 E.00299
G1 X107.68 Y68.985 E.01115
G1 X108.333 Y68.518 E.0133
G1 X108.956 Y68.121 E.01224
G1 X109.445 Y67.841 E.00934
G1 X110.255 Y67.422 E.01511
G1 X110.929 Y67.121 E.01223
G1 X111.617 Y66.854 E.01223
G1 X112.318 Y66.621 E.01224
G1 X113.029 Y66.423 E.01223
G1 X113.749 Y66.26 E.01223
G1 X114.476 Y66.133 E.01223
G1 X115.208 Y66.042 E.01222
G1 X115.748 Y66.001 E.00897
G1 X116.474 Y65.97 E.01204
G1 X117.174 Y65.976 E.0116
G1 X117.911 Y66.018 E.01223
G1 X118.645 Y66.097 E.01223
G1 X119.374 Y66.212 E.01223
G1 X120.097 Y66.362 E.01223
G1 X120.811 Y66.548 E.01223
G1 X121.515 Y66.769 E.01223
G1 X122.208 Y67.024 E.01224
G1 X122.887 Y67.314 E.01223
G1 X123.551 Y67.636 E.01223
G1 X124.198 Y67.991 E.01223
G1 X124.827 Y68.377 E.01223
G1 X125.436 Y68.794 E.01223
G1 X126.024 Y69.24 E.01223
G1 X126.589 Y69.715 E.01223
G1 X127.13 Y70.217 E.01223
G1 X127.646 Y70.745 E.01223
G1 X128.135 Y71.298 E.01223
G1 X128.596 Y71.874 E.01222
G1 X129.028 Y72.473 E.01224
G1 X129.43 Y73.092 E.01223
G1 X129.801 Y73.73 E.01223
G1 X130.14 Y74.385 E.01222
G1 X130.447 Y75.057 E.01224
G1 X130.72 Y75.743 E.01223
G1 X130.958 Y76.441 E.01222
G1 X131.162 Y77.151 E.01224
G1 X131.331 Y77.869 E.01222
G1 X131.464 Y78.595 E.01223
G1 X131.561 Y79.327 E.01223
G1 X131.622 Y80.063 E.01224
G1 X131.646 Y80.8 E.01222
G1 X131.634 Y81.538 E.01223
G1 X131.586 Y82.275 E.01224
G1 X131.502 Y83.008 E.01222
G1 X131.381 Y83.736 E.01223
G1 X131.225 Y84.458 E.01224
G1 X131.033 Y85.17 E.01222
G1 X130.778 Y85.918 E.01309
G1 X130.536 Y86.575 E.0116
G1 X130.149 Y87.444 E.01576
G1 X129.71 Y88.289 E.01578
G1 X129.349 Y88.893 E.01166
G1 X128.893 Y89.578 E.01363
G1 X128.452 Y90.169 E.01222
G1 X127.982 Y90.738 E.01223
G1 X127.484 Y91.283 E.01223
G1 X127.125 Y91.639 E.00838
G1 X126.411 Y92.297 E.01609
G1 X125.839 Y92.762 E.01221
G1 X125.244 Y93.199 E.01223
G1 X124.628 Y93.607 E.01224
G1 X123.993 Y93.983 E.01223
G1 X123.34 Y94.327 E.01223
G1 X122.671 Y94.639 E.01223
G1 X121.999 Y94.913 E.01202
G1 X121.291 Y95.162 E.01244
G1 X120.583 Y95.372 E.01224
G1 X119.968 Y95.522 E.01049
G1 X119.141 Y95.685 E.01397
G1 X118.41 Y95.789 E.01223
G1 X117.692 Y95.854 E.01195
G1 X116.938 Y95.886 E.0125
G1 X116.2 Y95.88 E.01223
G1 X115.463 Y95.838 E.01223
G1 X114.729 Y95.76 E.01223
G1 X114 Y95.645 E.01223
G1 X113.277 Y95.494 E.01224
G1 X112.563 Y95.309 E.01222
G1 X111.859 Y95.088 E.01223
G1 X111.166 Y94.832 E.01224
G1 X110.487 Y94.543 E.01223
G1 X109.823 Y94.221 E.01223
G1 X109.176 Y93.866 E.01223
G1 X108.547 Y93.48 E.01223
G1 X107.938 Y93.063 E.01223
G1 X107.35 Y92.617 E.01223
G1 X106.785 Y92.142 E.01223
G1 X106.243 Y91.64 E.01224
G1 X105.728 Y91.111 E.01223
G1 X105.237 Y90.557 E.01227
G1 X104.778 Y89.982 E.01219
G1 X104.346 Y89.384 E.01222
G1 X103.944 Y88.765 E.01223
G1 X103.573 Y88.127 E.01223
G1 X103.234 Y87.471 E.01224
G1 X102.927 Y86.799 E.01224
G1 X102.654 Y86.114 E.01222
G1 X102.416 Y85.415 E.01223
G1 X102.212 Y84.706 E.01222
G1 X102.043 Y83.987 E.01224
G1 X101.91 Y83.261 E.01223
G1 X101.813 Y82.529 E.01223
G1 X101.752 Y81.794 E.01222
G1 X101.728 Y81.056 E.01223
G1 X101.739 Y80.318 E.01223
G1 X101.788 Y79.582 E.01222
G1 X101.872 Y78.848 E.01224
G1 X101.993 Y78.12 E.01223
G1 X102.149 Y77.399 E.01222
G1 X102.341 Y76.686 E.01223
G1 X102.568 Y75.984 E.01222
G1 X102.829 Y75.293 E.01224
G1 X103.124 Y74.617 E.01222
G1 X103.452 Y73.955 E.01224
G1 X103.812 Y73.311 E.01222
G1 X104.203 Y72.685 E.01223
G1 X104.555 Y72.18 E.0102
G1 X105.076 Y71.495 E.01426
G1 X105.555 Y70.934 E.01222
G1 X106.062 Y70.397 E.01224
G1 X106.594 Y69.886 E.01222
G1 X106.969 Y69.56 E.00823
G1 E-3.5 F3600
;WIPE_START
G1 F7200
G1 X107.015 Y69.52 E-.02896
G1 X107.151 Y69.401 E-.08584
G1 X107.68 Y68.985 E-.31966
G1 X108.333 Y68.518 E-.38133
G1 X108.956 Y68.121 E-.3509
G1 X109.445 Y67.841 E-.26766
G1 X109.568 Y67.777 E-.06565
;WIPE_END
G1 X126.602 Y92.617 F9000
G1 E5 F2400
;TYPE:Perimeter
;WIDTH:0.410658
G1 F975
G1 X126.557 Y92.736 E.00206
;WIDTH:0.46053
G1 X126.511 Y92.855 E.00233
;WIDTH:0.510402
G1 X126.466 Y92.973 E.00257
;WIDTH:0.560273
G1 X126.42 Y93.092 E.00286
;WIDTH:0.610145
G1 X126.375 Y93.211 E.00311
G1 X126.568 Y93.526 E.00904
;WIDTH:0.590976
G1 X126.625 Y93.706 E.00447
G1 X126.532 Y93.913 E.00537
G1 X126.33 Y93.99 E.00512
G1 X126.17 Y93.931 E.00404
;WIDTH:0.604911
G1 X125.999 Y93.731 E.00638
;WIDTH:0.610145
G1 X125.621 Y93.535 E.01042
G1 X126.15 Y93.145 E.01609
G1 X126.24 Y93.04 E.00338
;WIDTH:0.560273
G1 X126.331 Y92.934 E.00313
;WIDTH:0.510402
G1 X126.421 Y92.829 E.00281
;WIDTH:0.46053
G1 X126.512 Y92.723 E.00255
;WIDTH:0.410658
G1 X126.563 Y92.663 E.00127
G1 E-3.5 F3600
;WIPE_START
G1 F7200
G1 X126.602 Y92.617 E-.02865
G1 X126.557 Y92.736 E-.06043
G1 X126.511 Y92.855 E-.0606
G1 X126.466 Y92.973 E-.05999
G1 X126.42 Y93.092 E-.0606
G1 X126.375 Y93.211 E-.06043
G1 X126.568 Y93.526 E-.17548
G1 X126.625 Y93.706 E-.08968
G1 X126.532 Y93.913 E-.10779
G1 X126.33 Y93.99 E-.10268
G1 X126.17 Y93.931 E-.081
G1 X125.999 Y93.731 E-.12499
G1 X125.621 Y93.535 E-.20225
G1 X126.105 Y93.179 E-.28543
;WIPE_END
G1 X108.134 Y68.206 F9000
G1 E5 F2400
;WIDTH:0.362328
G1 F975
G1 X108.763 Y67.818 E.01047
;WIDTH:0.355804
G1 X109.264 Y67.523 E.00808
G1 X110.092 Y67.099 E.01293
;WIDTH:0.3459
G1 X110.782 Y66.792 E.01019
;WIDTH:0.344488
G1 X111.487 Y66.517 E.01016
;WIDTH:0.34627
G1 X112.204 Y66.277 E.01021
G1 X112.932 Y66.075 E.0102
;WIDTH:0.34535
G1 X113.669 Y65.909 E.01017
;WIDTH:0.348924
G1 X114.413 Y65.775 E.01029
G1 X115.164 Y65.685 E.0103
;WIDTH:0.356108
G1 X115.72 Y65.636 E.00777
G1 X116.463 Y65.609 E.01034
;WIDTH:0.346018
G1 X117.178 Y65.615 E.00965
;WIDTH:0.348854
G1 X117.932 Y65.656 E.01028
G1 X118.684 Y65.736 E.01029
;WIDTH:0.348716
G1 X119.431 Y65.853 E.01029
G1 X120.171 Y66.007 E.01028
G1 X120.903 Y66.197 E.01029
G1 X121.624 Y66.423 E.01028
;WIDTH:0.348922
G1 X122.334 Y66.684 E.0103
;WIDTH:0.349146
G1 X123.029 Y66.979 E.01029
;WIDTH:0.34942
G1 X123.71 Y67.309 E.01032
;WIDTH:0.349756
G1 X124.373 Y67.672 E.01032
G1 X125.017 Y68.068 E.01032
;WIDTH:0.348562
G1 X125.641 Y68.495 E.01028
G1 X126.244 Y68.951 E.01028
;WIDTH:0.34876
G1 X126.823 Y69.437 E.01029
;WIDTH:0.348918
G1 X127.377 Y69.951 E.01029
;WIDTH:0.349132
G1 X127.906 Y70.491 E.0103
;WIDTH:0.349412
G1 X128.407 Y71.057 E.01031
;WIDTH:0.349746
G1 X128.88 Y71.647 E.01032
;WIDTH:0.350142
G1 X129.323 Y72.26 E.01034
;WIDTH:0.350594
G1 X129.735 Y72.894 E.01035
G1 X130.114 Y73.548 E.01034
;WIDTH:0.348758
G1 X130.463 Y74.219 E.01029
;WIDTH:0.348912
G1 X130.777 Y74.906 E.01028
G1 X131.055 Y75.609 E.01029
G1 X131.302 Y76.324 E.0103
G1 X131.511 Y77.051 E.0103
;WIDTH:0.348726
G1 X131.684 Y77.786 E.01027
G1 X131.821 Y78.53 E.01029
G1 X131.921 Y79.279 E.01028
G1 X131.984 Y80.033 E.01029
;WIDTH:0.348906
G1 X132.009 Y80.788 E.01028
;WIDTH:0.349122
G1 X131.998 Y81.544 E.0103
;WIDTH:0.349394
G1 X131.949 Y82.299 E.01032
;WIDTH:0.349726
G1 X131.863 Y83.05 E.01032
;WIDTH:0.350116
G1 X131.74 Y83.796 E.01033
;WIDTH:0.35057
G1 X131.58 Y84.535 E.01035
;WIDTH:0.351076
G1 X131.384 Y85.265 E.01036
;WIDTH:0.364278
G1 X131.129 Y86.038 E.0116
G1 X130.875 Y86.716 E.01032
;WIDTH:0.356764
G1 X130.674 Y87.18 E.00705
;WIDTH:0.34673
G1 X130.362 Y87.838 E.00985
;WIDTH:0.353972
G1 X130.031 Y88.462 E.00976
;WIDTH:0.354644
G1 X129.662 Y89.082 E.00999
G1 X129.194 Y89.78 E.01164
;WIDTH:0.350886
G1 X128.743 Y90.387 E.01036
G1 X128.26 Y90.969 E.01036
;WIDTH:0.34612
G1 X127.751 Y91.527 E.01019
;WIDTH:0.35656
G1 X127.384 Y91.9 E.00729
G1 X126.655 Y92.568 E.01378
;WIDTH:0.360786
G1 X126.602 Y92.617 E.00102
G1 E-3.5 F3600
;WIPE_START
G1 F7200
G1 X126.655 Y92.568 E-.03429
G1 X127.384 Y91.9 E-.46967
G1 X127.751 Y91.527 E-.24856
G1 X128.26 Y90.969 E-.35876
G1 X128.743 Y90.387 E-.35925
G1 X128.78 Y90.337 E-.02947
;WIPE_END
G1 X107.823 Y68.275 F9000
G1 E5 F2400
;WIDTH:0.610027
G1 F975
G1 X107.426 Y68.557 E.01192
G1 X106.975 Y68.912 E.01404
G1 X106.94 Y68.515 E.00975
G1 X106.821 Y68.346 E.00506
;WIDTH:0.599872
G1 X106.752 Y68.15 E.005
G1 X106.851 Y67.937 E.00565
G1 X107.006 Y67.887 E.00392
G1 X107.216 Y67.933 E.00517
;WIDTH:0.610027
G1 X107.44 Y68.196 E.00845
G1 X107.765 Y68.262 E.00812
G1 E-3.5 F3600
;WIPE_START
G1 F7200
G1 X107.823 Y68.275 E-.02823
G1 X107.426 Y68.557 E-.23131
G1 X106.975 Y68.912 E-.27263
G1 X106.94 Y68.515 E-.18931
G1 X106.821 Y68.346 E-.09818
G1 X106.752 Y68.15 E-.0987
G1 X106.851 Y67.937 E-.11157
G1 X107.006 Y67.887 E-.07736
G1 X107.216 Y67.933 E-.10212
G1 X107.44 Y68.196 E-.1641
G1 X107.701 Y68.249 E-.12649
;WIPE_END
G1 X125.172 Y93.688 F9000
G1 E5 F2400
;WIDTH:0.358152
G1 F975
G1 X124.179 Y94.297 E.01631
;WIDTH:0.351944
G1 X123.509 Y94.647 E.01039
;WIDTH:0.3456
G1 X122.823 Y94.965 E.01019
;WIDTH:0.352944
G1 X122.137 Y95.251 E.01024
G1 X121.41 Y95.502 E.0106
;WIDTH:0.34436
G1 X120.686 Y95.718 E.01014
;WIDTH:0.354812
G1 X120.054 Y95.877 E.00903
G1 X119.209 Y96.039 E.01192
;WIDTH:0.342796
G1 X118.461 Y96.145 E.01009
;WIDTH:0.352728
G1 X117.725 Y96.217 E.01018
G1 X116.953 Y96.247 E.01064
;WIDTH:0.349182
G1 X116.197 Y96.243 E.0103
;WIDTH:0.349468
G1 X115.442 Y96.201 E.01031
;WIDTH:0.349818
G1 X114.69 Y96.121 E.01032
G1 X113.944 Y96.002 E.01031
;WIDTH:0.347648
G1 X113.203 Y95.849 E.01026
;WIDTH:0.348672
G1 X112.471 Y95.66 E.01028
;WIDTH:0.34878
G1 X111.75 Y95.434 E.01028
;WIDTH:0.348946
G1 X111.04 Y95.173 E.0103
;WIDTH:0.349172
G1 X110.345 Y94.877 E.01029
;WIDTH:0.349454
G1 X109.664 Y94.547 E.01032
;WIDTH:0.349794
G1 X109.001 Y94.185 E.01031
G1 X108.357 Y93.788 E.01033
;WIDTH:0.34764
G1 X107.733 Y93.362 E.01025
;WIDTH:0.34867
G1 X107.13 Y92.905 E.01029
;WIDTH:0.348776
G1 X106.551 Y92.42 E.01028
;WIDTH:0.348938
G1 X105.996 Y91.906 E.0103
;WIDTH:0.349158
G1 X105.468 Y91.365 E.0103
;WIDTH:0.34944
G1 X104.967 Y90.799 E.01031
;WIDTH:0.349776
G1 X104.494 Y90.209 E.01032
G1 X104.052 Y89.595 E.01033
;WIDTH:0.347634
G1 X103.64 Y88.962 E.01024
;WIDTH:0.348666
G1 X103.259 Y88.309 E.01028
;WIDTH:0.348768
G1 X102.911 Y87.638 E.01029
;WIDTH:0.348924
G1 X102.597 Y86.95 E.0103
;WIDTH:0.349144
G1 X102.317 Y86.248 E.0103
;WIDTH:0.349426
G1 X102.072 Y85.533 E.01031
;WIDTH:0.34976
G1 X101.863 Y84.806 E.01032
G1 X101.691 Y84.07 E.01032
;WIDTH:0.347632
G1 X101.554 Y83.326 E.01026
;WIDTH:0.348664
G1 X101.453 Y82.577 E.01028
G1 X101.39 Y81.824 E.01028
;WIDTH:0.348916
G1 X101.365 Y81.068 E.0103
;WIDTH:0.349134
G1 X101.376 Y80.312 E.0103
;WIDTH:0.349406
G1 X101.425 Y79.558 E.0103
;WIDTH:0.349742
G1 X101.511 Y78.807 E.01032
;WIDTH:0.350132
G1 X101.634 Y78.061 E.01033
;WIDTH:0.35059
G1 X101.794 Y77.322 E.01035
;WIDTH:0.351098
G1 X101.99 Y76.591 E.01037
;WIDTH:0.35167
G1 X102.221 Y75.872 E.01037
;WIDTH:0.3523
G1 X102.488 Y75.164 E.01041
G1 X102.792 Y74.472 E.0104
;WIDTH:0.347102
G1 X103.128 Y73.795 E.01023
;WIDTH:0.347564
G1 X103.495 Y73.134 E.01025
G1 X103.897 Y72.493 E.01026
;WIDTH:0.35523
G1 X104.254 Y71.97 E.00879
G1 X104.788 Y71.272 E.0122
;WIDTH:0.351832
G1 X105.278 Y70.697 E.01038
;WIDTH:0.351442
G1 X105.799 Y70.149 E.01037
;WIDTH:0.346636
G1 X106.344 Y69.625 E.01022
;WIDTH:0.35758
G1 X106.725 Y69.285 E.00714
G1 X106.522 Y68.879 F9000
;TYPE:External perimeter
;WIDTH:0.419999
G1 F975
G1 X106.514 Y68.766 E.00188
G1 X106.317 Y68.471 E.00588
G1 X106.254 Y68.147 E.00547
G1 X106.313 Y67.865 E.00477
G1 X106.486 Y67.604 E.00519
G1 X106.791 Y67.417 E.00593
G1 X107.136 Y67.384 E.00574
G1 X107.475 Y67.508 E.00598
G1 X107.773 Y67.831 E.00728
G1 X108.011 Y67.855 E.00396
G1 X109.086 Y67.202 E.02084
G1 X110.131 Y66.674 E.0194
G1 X111.108 Y66.264 E.01756
G1 X112.284 Y65.869 E.02056
G1 X113.243 Y65.621 E.01641
G1 X114.463 Y65.397 E.02055
G1 X115.696 Y65.27 E.02054
G1 X116.756 Y65.239 E.01757
G1 X117.678 Y65.27 E.01529
G1 X118.418 Y65.334 E.01231
G1 X119.155 Y65.434 E.01232
G1 X119.885 Y65.568 E.0123
G1 X120.609 Y65.737 E.01232
G1 X121.325 Y65.939 E.01233
G1 X122.029 Y66.176 E.01231
G1 X122.722 Y66.445 E.01232
G1 X123.401 Y66.747 E.01231
G1 X124.065 Y67.081 E.01232
G1 X124.712 Y67.446 E.01231
G1 X125.399 Y67.88 E.01346
G1 X126.151 Y68.414 E.01528
G1 X126.733 Y68.876 E.01231
G1 X127.293 Y69.366 E.01233
G1 X127.828 Y69.881 E.0123
G1 X128.339 Y70.421 E.01232
G1 X128.823 Y70.984 E.0123
G1 X129.281 Y71.57 E.01232
G1 X129.71 Y72.177 E.01232
G1 X130.109 Y72.803 E.0123
G1 X130.596 Y73.668 E.01645
G1 X130.924 Y74.334 E.0123
G1 X131.22 Y75.015 E.0123
G1 X131.568 Y75.956 E.01662
G1 X131.786 Y76.664 E.01227
G1 X131.971 Y77.384 E.01232
G1 X132.122 Y78.111 E.0123
G1 X132.238 Y78.846 E.01233
G1 X132.319 Y79.584 E.0123
G1 X132.365 Y80.326 E.01232
G1 X132.376 Y81.061 E.01218
G1 X132.352 Y81.804 E.01232
G1 X132.293 Y82.545 E.01232
G1 X132.199 Y83.282 E.01231
G1 X132.071 Y84.014 E.01231
G1 X131.907 Y84.739 E.01232
G1 X131.71 Y85.456 E.01232
G1 X131.478 Y86.162 E.01231
G1 X131.214 Y86.856 E.0123
G1 X130.811 Y87.762 E.01643
G1 X130.351 Y88.64 E.01642
G1 X129.971 Y89.278 E.0123
G1 X129.416 Y90.101 E.01645
G1 X128.969 Y90.692 E.01228
G1 X128.327 Y91.449 E.01645
G1 X127.64 Y92.162 E.01641
G1 X126.902 Y92.838 E.01658
G1 X126.842 Y93.053 E.0037
G1 X127.058 Y93.389 E.00662
G1 X127.119 Y93.716 E.00551
G1 X127.051 Y94.015 E.00508
G1 X126.929 Y94.19 E.00353
G1 X126.734 Y94.371 E.00441
G1 X126.3 Y94.474 E.00739
G1 X125.885 Y94.337 E.00724
G1 X125.635 Y94.061 E.00617
G1 X125.476 Y93.973 E.00301
G1 X125.363 Y94.002 E.00193
G1 X124.348 Y94.62 E.01969
G1 X123.407 Y95.106 E.01755
G1 X122.267 Y95.592 E.02053
G1 X121.158 Y95.967 E.0194
G1 X120.133 Y96.235 E.01755
G1 X118.914 Y96.459 E.02054
G1 X117.75 Y96.582 E.01939
G1 X116.69 Y96.618 E.01757
G1 X115.948 Y96.601 E.0123
G1 X115.207 Y96.548 E.01231
G1 X114.469 Y96.461 E.01231
G1 X113.559 Y96.303 E.0153
G1 X112.768 Y96.121 E.01345
G1 X112.053 Y95.918 E.01232
G1 X111.348 Y95.682 E.01232
G1 X110.655 Y95.412 E.01232
G1 X109.976 Y95.111 E.01231
G1 X109.312 Y94.777 E.01232
G1 X108.665 Y94.412 E.01231
G1 X107.886 Y93.917 E.01529
G1 X107.225 Y93.444 E.01347
G1 X106.643 Y92.982 E.01231
G1 X106.084 Y92.493 E.01231
G1 X105.548 Y91.978 E.01232
G1 X105.037 Y91.438 E.01232
G1 X104.552 Y90.874 E.01233
G1 X104.095 Y90.289 E.0123
G1 X103.567 Y89.532 E.01529
G1 X103.139 Y88.841 E.01347
G1 X102.779 Y88.191 E.01231
G1 X102.451 Y87.524 E.01232
G1 X102.154 Y86.843 E.01231
G1 X101.891 Y86.148 E.01231
G1 X101.66 Y85.441 E.01232
G1 X101.463 Y84.725 E.0123
G1 X101.267 Y83.823 E.01529
G1 X101.137 Y83.021 E.01346
G1 X101.056 Y82.282 E.01232
G1 X101.009 Y81.541 E.0123
G1 X100.998 Y80.797 E.01233
G1 X101.021 Y80.054 E.01232
G1 X101.08 Y79.313 E.01232
G1 X101.174 Y78.576 E.01231
G1 X101.303 Y77.844 E.01232
G1 X101.467 Y77.119 E.01232
G1 X101.664 Y76.402 E.01232
G1 X101.895 Y75.695 E.01232
G1 X102.16 Y75.001 E.01231
G1 X102.563 Y74.095 E.01643
G1 X102.989 Y73.277 E.01528
G1 X103.403 Y72.579 E.01345
G1 X103.957 Y71.757 E.01642
G1 X104.518 Y71.025 E.01528
G1 X105.046 Y70.409 E.01344
G1 X105.734 Y69.694 E.01644
G1 X106.526 Y68.945 E.01806
G1 X106.525 Y68.938 E.00012
;LAYER_CHANGE
M117 DASHBOARD_LAYER_INDICATOR 9
;Z:1
;HEIGHT:0.1
;BEFORE_LAYER_CHANGE
M117 OBICO_LAYER_INDICATOR 8
G92 E0
;1
G1 E-3.5 F3600
;WIPE_START
G1 F7200
G1 X106.522 Y68.879 E-.02806
G1 X106.514 Y68.766 E-.05381
G1 X106.317 Y68.471 E-.1685
G1 X106.254 Y68.147 E-.15678
G1 X106.313 Y67.865 E-.13685
G1 X106.486 Y67.604 E-.14874
G1 X106.791 Y67.417 E-.16994
G1 X107.136 Y67.384 E-.16462
G1 X107.475 Y67.508 E-.17146
G1 X107.773 Y67.831 E-.20875
G1 X107.966 Y67.85 E-.09249
;WIPE_END
G1 Z1 F9000
;AFTER_LAYER_CHANGE
;1
G1 X107.015 Y69.52
G1 E5 F2400
G1 F973
G1 X107.151 Y69.401 E.00299
G1 X107.681 Y68.985 E.01116
G1 X108.333 Y68.518 E.01329
G1 X108.956 Y68.121 E.01224
G1 X109.445 Y67.842 E.00933
G1 X110.255 Y67.422 E.01512
G1 X110.929 Y67.121 E.01223
G1 X111.528 Y66.888 E.01065
G1 X112.318 Y66.621 E.01382
G1 X113.029 Y66.423 E.01223
G1 X113.749 Y66.26 E.01223
G1 X114.476 Y66.133 E.01223
G1 X115.208 Y66.042 E.01222
G1 X115.742 Y66.011 E.00886
G1 X116.445 Y65.97 E.01167
G1 X117.174 Y65.976 E.01208
G1 X117.911 Y66.018 E.01223
G1 X118.645 Y66.097 E.01223
G1 X119.374 Y66.212 E.01223
G1 X120.097 Y66.362 E.01223
G1 X120.811 Y66.548 E.01223
G1 X121.515 Y66.769 E.01223
G1 X122.208 Y67.024 E.01224
G1 X122.887 Y67.314 E.01223
G1 X123.551 Y67.636 E.01223
G1 X124.198 Y67.991 E.01223
G1 X124.827 Y68.377 E.01223
G1 X125.436 Y68.794 E.01223
G1 X126.024 Y69.24 E.01223
G1 X126.589 Y69.715 E.01223
G1 X127.13 Y70.217 E.01223
G1 X127.646 Y70.745 E.01223
G1 X128.135 Y71.298 E.01223
G1 X128.596 Y71.874 E.01222
G1 X129.028 Y72.473 E.01224
G1 X129.43 Y73.092 E.01223
G1 X129.801 Y73.73 E.01223
G1 X130.14 Y74.385 E.01222
G1 X130.447 Y75.057 E.01224
G1 X130.72 Y75.743 E.01223
G1 X130.958 Y76.441 E.01222
G1 X131.162 Y77.151 E.01224
G1 X131.331 Y77.869 E.01222
G1 X131.464 Y78.595 E.01223
G1 X131.561 Y79.327 E.01223
G1 X131.622 Y80.063 E.01224
G1 X131.646 Y80.8 E.01222
G1 X131.634 Y81.538 E.01223
G1 X131.586 Y82.275 E.01224
G1 X131.502 Y83.008 E.01222
G1 X131.381 Y83.736 E.01223
G1 X131.225 Y84.458 E.01224
G1 X131.033 Y85.17 E.01222
G1 X130.806 Y85.873 E.01224
G1 X130.545 Y86.563 E.01222
G1 X130.25 Y87.24 E.01224
G1 X129.922 Y87.901 E.01223
G1 X129.562 Y88.546 E.01224
G1 X129.171 Y89.171 E.01222
G1 X128.818 Y89.678 E.01024
G1 X128.393 Y90.239 E.01166
G1 X127.819 Y90.923 E.0148
G1 X127.312 Y91.459 E.01222
G1 X126.78 Y91.971 E.01223
G1 X126.344 Y92.349 E.00956
G1 X125.694 Y92.871 E.01381
G1 X125.041 Y93.339 E.01331
G1 X124.418 Y93.735 E.01223
G1 X123.777 Y94.101 E.01223
G1 X123.119 Y94.435 E.01223
G1 X122.456 Y94.731 E.01203
G1 X121.294 Y95.161 E.02053
G1 X120.583 Y95.372 E.01229
G1 X119.967 Y95.522 E.0105
G1 X119.141 Y95.685 E.01395
G1 X118.411 Y95.789 E.01222
G1 X117.7 Y95.853 E.01183
G1 X116.938 Y95.886 E.01264
G1 X116.2 Y95.88 E.01223
G1 X115.463 Y95.838 E.01223
G1 X114.729 Y95.76 E.01223
G1 X114 Y95.645 E.01223
G1 X113.277 Y95.494 E.01224
G1 X112.563 Y95.309 E.01222
G1 X111.859 Y95.088 E.01223
G1 X111.166 Y94.832 E.01224
G1 X110.487 Y94.543 E.01223
G1 X109.823 Y94.221 E.01223
G1 X109.176 Y93.866 E.01223
G1 X108.547 Y93.48 E.01223
G1 X107.938 Y93.063 E.01223
G1 X107.35 Y92.617 E.01223
G1 X106.785 Y92.142 E.01223
G1 X106.243 Y91.64 E.01224
G1 X105.728 Y91.111 E.01223
G1 X105.239 Y90.559 E.01222
G1 X104.778 Y89.982 E.01224
G1 X104.346 Y89.384 E.01222
G1 X103.944 Y88.765 E.01223
G1 X103.573 Y88.127 E.01223
G1 X103.234 Y87.471 E.01224
G1 X102.927 Y86.799 E.01224
G1 X102.654 Y86.114 E.01222
G1 X102.416 Y85.415 E.01223
G1 X102.212 Y84.706 E.01222
G1 X102.043 Y83.987 E.01224
G1 X101.91 Y83.261 E.01223
G1 X101.813 Y82.529 E.01223
G1 X101.752 Y81.794 E.01222
G1 X101.728 Y81.056 E.01223
G1 X101.739 Y80.318 E.01223
G1 X101.788 Y79.582 E.01222
G1 X101.872 Y78.848 E.01224
G1 X101.993 Y78.12 E.01223
G1 X102.149 Y77.399 E.01222
G1 X102.341 Y76.686 E.01223
G1 X102.568 Y75.984 E.01222
G1 X102.829 Y75.293 E.01224
G1 X103.124 Y74.617 E.01222
G1 X103.452 Y73.955 E.01224
G1 X103.812 Y73.311 E.01222
G1 X104.203 Y72.685 E.01223
G1 X104.555 Y72.18 E.0102
G1 X105.076 Y71.495 E.01426
G1 X105.555 Y70.934 E.01222
G1 X106.062 Y70.397 E.01224
G1 X106.594 Y69.886 E.01222
G1 X106.97 Y69.559 E.00826
G1 E-3.5 F3600
;WIPE_START
G1 F7200
G1 X107.015 Y69.52 E-.02829
G1 X107.151 Y69.401 E-.08584
G1 X107.681 Y68.985 E-.32004
G1 X108.333 Y68.518 E-.38095
G1 X108.956 Y68.121 E-.3509
G1 X109.445 Y67.842 E-.26742
G1 X109.569 Y67.777 E-.06656
;WIPE_END
G1 X125.551 Y93.582 F9000
G1 E5 F2400
;TYPE:Perimeter
;WIDTH:0.610032
G1 F973
G1 X125.948 Y93.299 E.01193
G1 X126.399 Y92.945 E.01403
G1 X126.434 Y93.341 E.00973
G1 X126.568 Y93.527 E.00561
;WIDTH:0.590881
G1 X126.625 Y93.705 E.00442
G1 X126.532 Y93.913 E.00539
G1 X126.33 Y93.99 E.00512
G1 X126.229 Y93.955 E.00253
;WIDTH:0.610032
G1 X125.934 Y93.661 E.01019
G1 X125.609 Y93.594 E.00812
G1 E-3.5 F3600
;WIPE_START
G1 F7200
G1 X125.551 Y93.582 E-.02813
G1 X125.948 Y93.299 E-.23158
G1 X126.399 Y92.945 E-.27234
G1 X126.434 Y93.341 E-.18883
G1 X126.568 Y93.527 E-.10889
G1 X126.625 Y93.705 E-.08878
G1 X126.532 Y93.913 E-.10823
G1 X126.33 Y93.99 E-.10268
G1 X126.229 Y93.955 E-.05077
G1 X125.934 Y93.661 E-.19783
G1 X125.683 Y93.609 E-.12194
;WIPE_END
G1 X108.135 Y68.206 F9000
G1 E5 F2400
;WIDTH:0.362414
G1 F973
G1 X108.763 Y67.818 E.01046
;WIDTH:0.355788
G1 X109.263 Y67.523 E.00807
G1 X110.092 Y67.1 E.01294
;WIDTH:0.344126
G1 X110.783 Y66.792 E.01015
;WIDTH:0.354276
G1 X111.396 Y66.547 E.00913
G1 X112.203 Y66.277 E.01177
;WIDTH:0.347342
G1 X112.932 Y66.075 E.01025
;WIDTH:0.34535
G1 X113.669 Y65.909 E.01017
;WIDTH:0.348926
G1 X114.413 Y65.775 E.01029
G1 X115.164 Y65.685 E.0103
;WIDTH:0.365008
G1 X116.424 Y65.61 E.01803
;WIDTH:0.346138
G1 X117.177 Y65.615 E.01016
;WIDTH:0.348854
G1 X117.932 Y65.656 E.01029
G1 X118.684 Y65.736 E.01029
;WIDTH:0.348714
G1 X119.431 Y65.853 E.01029
G1 X120.171 Y66.007 E.01028
G1 X120.903 Y66.197 E.01029
G1 X121.624 Y66.423 E.01028
;WIDTH:0.348922
G1 X122.334 Y66.684 E.0103
;WIDTH:0.349144
G1 X123.029 Y66.979 E.01029
;WIDTH:0.34942
G1 X123.71 Y67.309 E.01032
;WIDTH:0.349754
G1 X124.373 Y67.672 E.01032
;WIDTH:0.350154
G1 X125.018 Y68.067 E.01034
;WIDTH:0.350612
G1 X125.642 Y68.493 E.01034
G1 X126.244 Y68.951 E.01035
;WIDTH:0.349184
G1 X126.822 Y69.438 E.0103
;WIDTH:0.34892
G1 X127.377 Y69.951 E.01029
;WIDTH:0.349134
G1 X127.906 Y70.491 E.0103
;WIDTH:0.349412
G1 X128.407 Y71.057 E.01031
;WIDTH:0.349744
G1 X128.88 Y71.647 E.01032
;WIDTH:0.350144
G1 X129.323 Y72.26 E.01034
G1 X129.733 Y72.895 E.01033
;WIDTH:0.348658
G1 X130.115 Y73.548 E.01029
G1 X130.463 Y74.219 E.01028
;WIDTH:0.348914
G1 X130.777 Y74.906 E.01028
;WIDTH:0.349126
G1 X131.057 Y75.609 E.01031
;WIDTH:0.349402
G1 X131.302 Y76.324 E.0103
;WIDTH:0.349738
G1 X131.511 Y77.05 E.01031
;WIDTH:0.350132
G1 X131.685 Y77.786 E.01033
;WIDTH:0.350584
G1 X131.822 Y78.53 E.01035
G1 X131.919 Y79.28 E.01035
;WIDTH:0.348754
G1 X131.984 Y80.033 E.01028
;WIDTH:0.348906
G1 X132.009 Y80.788 E.01028
;WIDTH:0.349122
G1 X131.998 Y81.544 E.0103
;WIDTH:0.349394
G1 X131.949 Y82.299 E.01032
;WIDTH:0.349726
G1 X131.863 Y83.05 E.01032
;WIDTH:0.350118
G1 X131.74 Y83.796 E.01033
;WIDTH:0.35057
G1 X131.58 Y84.535 E.01035
;WIDTH:0.351078
G1 X131.384 Y85.265 E.01036
;WIDTH:0.35165
G1 X131.153 Y85.985 E.01038
;WIDTH:0.35228
G1 X130.886 Y86.692 E.01039
G1 X130.582 Y87.385 E.01041
;WIDTH:0.349386
G1 X130.248 Y88.063 E.0103
G1 X129.878 Y88.722 E.0103
;WIDTH:0.34588
G1 X129.477 Y89.363 E.0102
;WIDTH:0.35525
G1 X129.118 Y89.888 E.00883
;WIDTH:0.355764
G1 X128.683 Y90.463 E.01002
G1 X128.095 Y91.159 E.01266
;WIDTH:0.351038
G1 X127.575 Y91.708 E.01036
;WIDTH:0.346632
G1 X127.03 Y92.231 E.01021
;WIDTH:0.357576
G1 X126.649 Y92.572 E.00715
;WIDTH:0.365976
G1 X126.588 Y92.63 E.00121
G1 E-3.5 F3600
;WIPE_START
G1 F7200
G1 X126.649 Y92.572 E-.03998
G1 X127.03 Y92.231 E-.24287
G1 X127.575 Y91.708 E-.35879
G1 X128.095 Y91.159 E-.35918
G1 X128.683 Y90.463 E-.43279
G1 X128.767 Y90.351 E-.06639
;WIPE_END
G1 X107.823 Y68.274 F9000
G1 E5 F2400
;WIDTH:0.610491
G1 F973
G1 X107.426 Y68.557 E.01194
G1 X106.975 Y68.912 E.01406
G1 X106.94 Y68.515 E.00976
G1 X106.822 Y68.347 E.00503
;WIDTH:0.600166
G1 X106.753 Y68.151 E.005
G1 X106.852 Y67.937 E.00567
G1 X107.006 Y67.887 E.0039
G1 X107.217 Y67.934 E.0052
;WIDTH:0.610491
G1 X107.44 Y68.195 E.00841
G1 X107.765 Y68.262 E.00813
G1 E-3.5 F3600
;WIPE_START
G1 F7200
G1 X107.823 Y68.274 E-.02813
G1 X107.426 Y68.557 E-.23158
G1 X106.975 Y68.912 E-.27263
G1 X106.94 Y68.515 E-.18931
G1 X106.822 Y68.347 E-.09752
G1 X106.753 Y68.151 E-.0987
G1 X106.852 Y67.937 E-.112
G1 X107.006 Y67.887 E-.07691
G1 X107.217 Y67.934 E-.10268
G1 X107.44 Y68.195 E-.16306
G1 X107.703 Y68.249 E-.12748
;WIPE_END
G1 X125.231 Y93.655 F9000
G1 E5 F2400
;WIDTH:0.360734
G1 F973
G1 X124.612 Y94.039 E.01027
;WIDTH:0.3562
G1 X124.176 Y94.296 E.00704
G1 X123.283 Y94.76 E.01401
;WIDTH:0.35151
G1 X122.602 Y95.059 E.01021
;WIDTH:0.364574
G1 X121.419 Y95.499 E.018
;WIDTH:0.344176
G1 X120.686 Y95.718 E.01026
;WIDTH:0.35481
G1 X120.054 Y95.877 E.00903
G1 X119.209 Y96.039 E.01192
;WIDTH:0.342898
G1 X118.461 Y96.145 E.0101
;WIDTH:0.35288
G1 X117.733 Y96.217 E.01008
G1 X116.953 Y96.247 E.01076
;WIDTH:0.34918
G1 X116.197 Y96.243 E.0103
;WIDTH:0.349468
G1 X115.442 Y96.201 E.01031
;WIDTH:0.349814
G1 X114.69 Y96.121 E.01032
G1 X113.944 Y96.002 E.01031
;WIDTH:0.34754
G1 X113.203 Y95.849 E.01026
;WIDTH:0.348672
G1 X112.471 Y95.66 E.01028
;WIDTH:0.348776
G1 X111.75 Y95.434 E.01028
;WIDTH:0.348946
G1 X111.04 Y95.173 E.0103
;WIDTH:0.34917
G1 X110.345 Y94.877 E.01029
;WIDTH:0.349452
G1 X109.664 Y94.547 E.01032
;WIDTH:0.349794
G1 X109.001 Y94.185 E.01031
G1 X108.357 Y93.788 E.01033
;WIDTH:0.347536
G1 X107.733 Y93.362 E.01024
;WIDTH:0.34867
G1 X107.13 Y92.905 E.01029
;WIDTH:0.348774
G1 X106.551 Y92.42 E.01028
;WIDTH:0.348936
G1 X105.996 Y91.906 E.0103
;WIDTH:0.349156
G1 X105.468 Y91.365 E.0103
;WIDTH:0.349438
G1 X104.967 Y90.799 E.01031
;WIDTH:0.349776
G1 X104.494 Y90.209 E.01032
G1 X104.052 Y89.595 E.01033
;WIDTH:0.347528
G1 X103.64 Y88.962 E.01024
;WIDTH:0.348666
G1 X103.259 Y88.309 E.01028
;WIDTH:0.348768
G1 X102.911 Y87.638 E.01029
;WIDTH:0.348926
G1 X102.597 Y86.95 E.0103
;WIDTH:0.349148
G1 X102.317 Y86.248 E.0103
;WIDTH:0.349426
G1 X102.072 Y85.533 E.01031
;WIDTH:0.349758
G1 X101.863 Y84.806 E.01032
G1 X101.691 Y84.07 E.01032
;WIDTH:0.347524
G1 X101.554 Y83.326 E.01026
;WIDTH:0.348666
G1 X101.453 Y82.577 E.01028
G1 X101.39 Y81.824 E.01028
;WIDTH:0.348916
G1 X101.365 Y81.068 E.0103
;WIDTH:0.349132
G1 X101.376 Y80.312 E.0103
;WIDTH:0.349406
G1 X101.425 Y79.558 E.0103
;WIDTH:0.349742
G1 X101.511 Y78.807 E.01032
;WIDTH:0.350132
G1 X101.634 Y78.061 E.01033
;WIDTH:0.35059
G1 X101.794 Y77.322 E.01035
;WIDTH:0.351098
G1 X101.99 Y76.591 E.01037
;WIDTH:0.351666
G1 X102.221 Y75.872 E.01037
;WIDTH:0.352298
G1 X102.488 Y75.164 E.01041
G1 X102.792 Y74.472 E.0104
;WIDTH:0.347106
G1 X103.128 Y73.794 E.01024
;WIDTH:0.34744
G1 X103.495 Y73.134 E.01023
G1 X103.897 Y72.493 E.01025
;WIDTH:0.355222
G1 X104.254 Y71.971 E.00878
G1 X104.788 Y71.273 E.01219
;WIDTH:0.350242
G1 X105.28 Y70.698 E.01034
;WIDTH:0.348052
G1 X105.798 Y70.148 E.01026
G1 X106.344 Y69.625 E.01027
;WIDTH:0.35758
G1 X106.725 Y69.285 E.00714
G1 X106.522 Y68.879 F9000
;TYPE:External perimeter
;WIDTH:0.419999
G1 F973
G1 X106.514 Y68.766 E.00188
G1 X106.316 Y68.47 E.0059
G1 X106.254 Y68.147 E.00545
G1 X106.313 Y67.865 E.00477
G1 X106.487 Y67.603 E.00521
G1 X106.791 Y67.417 E.00591
G1 X107.136 Y67.384 E.00574
G1 X107.477 Y67.508 E.00601
G1 X107.774 Y67.831 E.00727
G1 X108.012 Y67.854 E.00396
G1 X109.086 Y67.203 E.02081
G1 X110.193 Y66.645 E.02054
G1 X111.269 Y66.204 E.01927
G1 X112.284 Y65.869 E.01771
G1 X113.243 Y65.621 E.01641
G1 X114.463 Y65.397 E.02055
G1 X115.71 Y65.269 E.02077
G1 X116.776 Y65.239 E.01767
G1 X117.688 Y65.27 E.01512
G1 X118.427 Y65.335 E.01229
G1 X119.163 Y65.435 E.01231
G1 X119.894 Y65.57 E.01232
G1 X120.618 Y65.739 E.01232
G1 X121.333 Y65.942 E.01232
G1 X122.037 Y66.179 E.01231
G1 X122.73 Y66.449 E.01232
G1 X123.409 Y66.751 E.01231
G1 X124.073 Y67.086 E.01232
G1 X124.72 Y67.451 E.01231
G1 X125.349 Y67.846 E.01231
G1 X125.959 Y68.272 E.01233
G1 X126.608 Y68.774 E.01359
G1 X127.3 Y69.373 E.01516
G1 X127.834 Y69.887 E.01228
G1 X128.345 Y70.427 E.01232
G1 X128.829 Y70.991 E.01231
G1 X129.286 Y71.577 E.01231
G1 X129.715 Y72.185 E.01233
G1 X130.242 Y73.026 E.01644
G1 X130.6 Y73.675 E.01228
G1 X130.928 Y74.342 E.01232
G1 X131.223 Y75.024 E.01231
G1 X131.487 Y75.719 E.01232
G1 X131.717 Y76.426 E.01232
G1 X131.913 Y77.143 E.01232
G1 X132.075 Y77.868 E.01231
G1 X132.203 Y78.601 E.01233
G1 X132.319 Y79.587 E.01645
G1 X132.365 Y80.326 E.01227
G1 X132.376 Y81.061 E.01218
G1 X132.352 Y81.804 E.01232
G1 X132.293 Y82.545 E.01232
G1 X132.199 Y83.282 E.01231
G1 X132.071 Y84.014 E.01231
G1 X131.907 Y84.739 E.01232
G1 X131.71 Y85.455 E.0123
G1 X131.478 Y86.162 E.01233
G1 X131.214 Y86.856 E.0123
G1 X130.81 Y87.763 E.01645
G1 X130.471 Y88.422 E.01228
G1 X129.97 Y89.278 E.01643
G1 X129.416 Y90.101 E.01644
G1 X128.969 Y90.692 E.01228
G1 X128.327 Y91.449 E.01645
G1 X127.64 Y92.162 E.01641
G1 X126.848 Y92.911 E.01806
G1 X126.86 Y93.091 E.00299
G1 X127.059 Y93.389 E.00594
G1 X127.119 Y93.715 E.00549
G1 X127.051 Y94.015 E.0051
G1 X126.929 Y94.19 E.00353
G1 X126.734 Y94.371 E.00441
G1 X126.3 Y94.474 E.00739
G1 X125.886 Y94.337 E.00723
G1 X125.601 Y94.025 E.007
G1 X125.363 Y94.002 E.00396
G1 X124.355 Y94.616 E.01956
G1 X123.407 Y95.106 E.01768
G1 X122.267 Y95.592 E.02053
G1 X121.166 Y95.965 E.01926
G1 X120.133 Y96.235 E.01769
G1 X118.914 Y96.459 E.02054
G1 X117.758 Y96.581 E.01926
G1 X116.69 Y96.618 E.01771
G1 X115.948 Y96.601 E.0123
G1 X115.206 Y96.548 E.01233
G1 X114.469 Y96.461 E.0123
G1 X113.567 Y96.304 E.01517
G1 X112.768 Y96.121 E.01358
G1 X112.053 Y95.918 E.01232
G1 X111.348 Y95.682 E.01232
G1 X110.655 Y95.412 E.01232
G1 X109.976 Y95.11 E.01231
G1 X109.312 Y94.777 E.01231
G1 X108.665 Y94.412 E.01231
G1 X107.892 Y93.921 E.01517
G1 X107.225 Y93.444 E.01359
G1 X106.643 Y92.982 E.01231
G1 X106.084 Y92.493 E.01231
G1 X105.548 Y91.978 E.01232
G1 X105.037 Y91.438 E.01232
G1 X104.552 Y90.874 E.01233
G1 X104.095 Y90.289 E.0123
G1 X103.571 Y89.538 E.01517
G1 X103.139 Y88.841 E.01359
G1 X102.779 Y88.191 E.01231
G1 X102.451 Y87.524 E.01232
G1 X102.154 Y86.842 E.01233
G1 X101.891 Y86.148 E.0123
G1 X101.66 Y85.441 E.01232
G1 X101.463 Y84.725 E.0123
G1 X101.268 Y83.831 E.01516
G1 X101.137 Y83.021 E.0136
G1 X101.056 Y82.282 E.01232
G1 X101.009 Y81.54 E.01232
G1 X100.998 Y80.797 E.01231
G1 X101.021 Y80.054 E.01232
G1 X101.08 Y79.313 E.01232
G1 X101.174 Y78.576 E.01231
G1 X101.303 Y77.844 E.01232
G1 X101.467 Y77.118 E.01233
G1 X101.664 Y76.402 E.0123
G1 X101.895 Y75.695 E.01232
G1 X102.16 Y75.001 E.01231
G1 X102.563 Y74.095 E.01643
G1 X102.986 Y73.284 E.01516
G1 X103.403 Y72.579 E.01357
G1 X103.957 Y71.757 E.01642
G1 X104.561 Y70.971 E.01642
G1 X105.162 Y70.282 E.01515
G1 X105.734 Y69.695 E.01358
G1 X106.526 Y68.945 E.01807
G1 X106.525 Y68.938 E.00012
;LAYER_CHANGE
M117 DASHBOARD_LAYER_INDICATOR 10
;Z:1.1
;HEIGHT:0.1
;BEFORE_LAYER_CHANGE
M117 OBICO_LAYER_INDICATOR 9
G92 E0
;1.1
G1 E-3.5 F3600
;WIPE_START
G1 F7200
G1 X106.522 Y68.879 E-.02806
G1 X106.514 Y68.766 E-.05381
G1 X106.316 Y68.47 E-.16916
G1 X106.254 Y68.147 E-.15623
G1 X106.313 Y67.865 E-.13685
G1 X106.487 Y67.603 E-.14939
G1 X106.791 Y67.417 E-.16928
G1 X107.136 Y67.384 E-.16462
G1 X107.477 Y67.508 E-.17235
G1 X107.774 Y67.831 E-.20843
G1 X107.966 Y67.85 E-.09182
;WIPE_END
G1 Z1.1 F9000
;AFTER_LAYER_CHANGE
;1.1
G1 X107.034 Y69.543
G1 E5 F2400
G1 F954
G1 X107.691 Y68.998 E.01414
G1 X108.363 Y68.518 E.01368
G1 X108.98 Y68.126 E.01211
G1 X109.453 Y67.857 E.00902
G1 X110.266 Y67.435 E.01518
G1 X110.934 Y67.137 E.01212
G1 X111.615 Y66.872 E.01211
G1 X112.308 Y66.641 E.0121
G1 X113.011 Y66.444 E.0121
G1 X113.724 Y66.282 E.01212
G1 X114.498 Y66.146 E.01302
G1 X115.223 Y66.057 E.0121
G1 X115.748 Y66.018 E.00872
G1 X116.664 Y65.985 E.01519
G1 X117.412 Y66.003 E.0124
G1 X118.141 Y66.056 E.01211
G1 X118.866 Y66.145 E.0121
G1 X119.586 Y66.269 E.01211
G1 X120.353 Y66.442 E.01303
G1 X121.057 Y66.638 E.01211
G1 X121.75 Y66.869 E.0121
G1 X122.431 Y67.133 E.0121
G1 X123.089 Y67.426 E.01193
G1 X123.721 Y67.745 E.01173
G1 X124.336 Y68.092 E.0117
G1 X125.002 Y68.512 E.01305
G1 X125.599 Y68.934 E.01211
G1 X126.175 Y69.384 E.01211
G1 X126.728 Y69.861 E.0121
G1 X127.151 Y70.26 E.00963
G1 X127.621 Y70.743 E.01117
G1 X128.141 Y71.332 E.01302
G1 X128.597 Y71.903 E.01211
G1 X129.024 Y72.496 E.01211
G1 X129.421 Y73.109 E.0121
G1 X129.788 Y73.741 E.01211
G1 X130.124 Y74.39 E.01211
G1 X130.427 Y75.054 E.01209
G1 X130.698 Y75.733 E.01211
G1 X130.935 Y76.424 E.0121
G1 X131.152 Y77.179 E.01302
G1 X131.318 Y77.891 E.01211
G1 X131.449 Y78.61 E.01211
G1 X131.545 Y79.334 E.0121
G1 X131.605 Y80.062 E.0121
G1 X131.63 Y80.792 E.0121
G1 X131.618 Y81.523 E.01211
G1 X131.572 Y82.252 E.0121
G1 X131.481 Y83.033 E.01303
G1 X131.361 Y83.754 E.01211
G1 X131.205 Y84.467 E.01209
G1 X131.015 Y85.173 E.01211
G1 X130.79 Y85.868 E.0121
G1 X130.532 Y86.551 E.0121
G1 X130.241 Y87.221 E.0121
G1 X129.917 Y87.876 E.01211
G1 X129.561 Y88.514 E.01211
G1 X129.145 Y89.181 E.01303
G1 X128.804 Y89.668 E.00985
G1 X128.38 Y90.228 E.01164
G1 X127.804 Y90.913 E.01483
G1 X127.303 Y91.445 E.01211
G1 X126.776 Y91.951 E.01211
G1 X125.683 Y92.859 E.02354
G1 X125.011 Y93.338 E.01367
G1 X124.394 Y93.731 E.01212
G1 X123.92 Y94.001 E.00904
G1 X123.108 Y94.422 E.01516
G1 X122.44 Y94.72 E.01212
G1 X121.759 Y94.984 E.0121
G1 X121.066 Y95.215 E.0121
G1 X120.363 Y95.412 E.0121
G1 X119.596 Y95.586 E.01303
G1 X118.876 Y95.71 E.01211
G1 X118.151 Y95.8 E.0121
G1 X117.422 Y95.853 E.01211
G1 X116.692 Y95.872 E.0121
G1 X115.974 Y95.854 E.0119
G1 X115.269 Y95.803 E.01171
G1 X114.568 Y95.719 E.0117
G1 X113.788 Y95.588 E.01311
G1 X113.021 Y95.415 E.01303
G1 X112.317 Y95.218 E.01211
G1 X111.624 Y94.988 E.0121
G1 X110.943 Y94.723 E.01211
G1 X110.288 Y94.432 E.01188
G1 X109.656 Y94.113 E.01173
G1 X109.042 Y93.766 E.01169
G1 X108.371 Y93.344 E.01313
G1 X107.775 Y92.923 E.01209
G1 X107.199 Y92.473 E.01211
G1 X106.646 Y91.995 E.01211
G1 X106.223 Y91.596 E.00963
G1 X105.753 Y91.114 E.01115
G1 X105.233 Y90.525 E.01302
G1 X104.777 Y89.953 E.01212
G1 X104.35 Y89.36 E.01211
G1 X103.953 Y88.747 E.0121
G1 X103.586 Y88.116 E.0121
G1 X103.25 Y87.467 E.01211
G1 X102.947 Y86.802 E.01211
G1 X102.676 Y86.124 E.0121
G1 X102.439 Y85.433 E.0121
G1 X102.222 Y84.677 E.01303
G1 X102.056 Y83.965 E.01211
G1 X101.925 Y83.247 E.01209
G1 X101.829 Y82.522 E.01212
G1 X101.769 Y81.794 E.0121
G1 X101.744 Y81.064 E.0121
G1 X101.755 Y80.334 E.0121
G1 X101.802 Y79.605 E.0121
G1 X101.893 Y78.824 E.01303
G1 X102.013 Y78.103 E.01211
G1 X102.169 Y77.389 E.01211
G1 X102.359 Y76.684 E.0121
G1 X102.584 Y75.989 E.0121
G1 X102.842 Y75.305 E.01211
G1 X103.133 Y74.635 E.0121
G1 X103.457 Y73.98 E.01211
G1 X103.813 Y73.342 E.01211
G1 X104.229 Y72.675 E.01303
G1 X104.568 Y72.19 E.0098
G1 X105.093 Y71.501 E.01435
G1 X105.569 Y70.943 E.01215
G1 X106.071 Y70.412 E.01211
G1 X106.597 Y69.905 E.0121
G1 X106.988 Y69.581 E.00841
G1 E-3.5 F3600
;WIPE_START
G1 F7200
G1 X107.034 Y69.543 E-.02834
G1 X107.691 Y68.998 E-.40547
G1 X108.363 Y68.518 E-.39227
G1 X108.98 Y68.126 E-.34722
G1 X109.453 Y67.857 E-.25847
G1 X109.581 Y67.791 E-.06823
;WIPE_END
G1 X125.229 Y93.646 F9000
G1 E5 F2400
;TYPE:Perimeter
;WIDTH:0.4251
G1 F954
G1 X125.375 Y93.572 E.00275
;WIDTH:0.472035
G1 X125.521 Y93.497 E.00307
;WIDTH:0.518969
G1 X125.667 Y93.422 E.0034
;WIDTH:0.565903
G1 X125.813 Y93.347 E.00372
;WIDTH:0.612837
G1 X125.958 Y93.272 E.00401
G1 X126.403 Y92.922 E.01392
G1 X126.429 Y93.333 E.01013
G1 X126.601 Y93.575 E.0073
;WIDTH:0.5915
G1 X126.599 Y93.816 E.00571
G1 X126.404 Y93.981 E.00605
G1 X126.204 Y93.96 E.00477
;WIDTH:0.612837
G1 X125.915 Y93.644 E.01053
G1 X125.778 Y93.644 E.00337
;WIDTH:0.565903
G1 X125.641 Y93.645 E.0031
;WIDTH:0.518969
G1 X125.504 Y93.645 E.00283
;WIDTH:0.472035
G1 X125.366 Y93.646 E.00259
;WIDTH:0.4251
G1 X125.289 Y93.646 E.00129
G1 E-3.5 F3600
;WIPE_START
G1 F7200
G1 X125.229 Y93.646 E-.0285
G1 X125.375 Y93.572 E-.07775
G1 X125.521 Y93.497 E-.07797
G1 X125.667 Y93.422 E-.07797
G1 X125.813 Y93.347 E-.07797
G1 X125.958 Y93.272 E-.07754
G1 X126.403 Y92.922 E-.26892
G1 X126.429 Y93.333 E-.19562
G1 X126.601 Y93.575 E-.14103
G1 X126.599 Y93.816 E-.11448
G1 X126.404 Y93.981 E-.12133
G1 X126.204 Y93.96 E-.09552
G1 X125.997 Y93.734 E-.1454
;WIPE_END
G1 X106.971 Y68.935 F9000
G1 E5 F2400
;WIDTH:0.612824
G1 F954
G1 X106.944 Y68.523 E.01015
G1 X106.778 Y68.28 E.00724
;WIDTH:0.600942
G1 X106.763 Y68.104 E.00426
G1 X106.868 Y67.924 E.00502
G1 X107.105 Y67.879 E.00581
G1 X107.195 Y67.932 E.00252
;WIDTH:0.612824
G1 X107.433 Y68.19 E.00863
G1 X107.858 Y68.27 E.01063
G1 X107.415 Y68.584 E.01335
G1 X107.018 Y68.897 E.01243
G1 E-3.5 F3600
;WIPE_START
G1 F7200
G1 X106.971 Y68.935 E-.02871
G1 X106.944 Y68.523 E-.19612
G1 X106.778 Y68.28 E-.13979
G1 X106.763 Y68.104 E-.0839
G1 X106.868 Y67.924 E-.09898
G1 X107.105 Y67.879 E-.11459
G1 X107.195 Y67.932 E-.04961
G1 X107.433 Y68.19 E-.16673
G1 X107.858 Y68.27 E-.20542
G1 X107.415 Y68.584 E-.25792
G1 X107.153 Y68.791 E-.15823
;WIPE_END
G1 X125.229 Y93.646 F9000
G1 E5 F2400
;WIDTH:0.378166
G1 F954
G1 X124.591 Y94.041 E.01113
;WIDTH:0.372572
G1 X124.105 Y94.327 E.00823
G1 X123.276 Y94.755 E.01362
;WIDTH:0.368396
G1 X122.59 Y95.055 E.0108
;WIDTH:0.361918
G1 X121.893 Y95.329 E.0106
;WIDTH:0.364928
G1 X121.184 Y95.567 E.01068
G1 X120.462 Y95.768 E.0107
;WIDTH:0.360558
G1 X119.677 Y95.945 E.01134
;WIDTH:0.366372
G1 X118.939 Y96.077 E.01075
G1 X118.196 Y96.165 E.01073
;WIDTH:0.361808
G1 X117.449 Y96.222 E.0106
;WIDTH:0.368974
G1 X116.701 Y96.245 E.01081
;WIDTH:0.369816
G1 X115.965 Y96.228 E.01066
;WIDTH:0.370346
G1 X115.241 Y96.176 E.01053
;WIDTH:0.37085
G1 X114.523 Y96.09 E.0105
G1 X113.724 Y95.954 E.01177
;WIDTH:0.36763
G1 X112.939 Y95.778 E.01158
;WIDTH:0.368334
G1 X112.217 Y95.577 E.01081
;WIDTH:0.368782
G1 X111.506 Y95.341 E.01082
;WIDTH:0.369288
G1 X110.808 Y95.071 E.01082
;WIDTH:0.369832
G1 X110.136 Y94.773 E.01065
;WIDTH:0.370354
G1 X109.487 Y94.447 E.01053
;WIDTH:0.370854
G1 X108.857 Y94.091 E.01051
G1 X108.172 Y93.658 E.01177
;WIDTH:0.367144
G1 X107.56 Y93.226 E.01077
;WIDTH:0.367512
G1 X106.97 Y92.766 E.01076
;WIDTH:0.368006
G1 X106.403 Y92.277 E.01079
G1 X105.968 Y91.867 E.00861
;WIDTH:0.366172
G1 X105.487 Y91.373 E.00988
;WIDTH:0.366548
G1 X104.954 Y90.771 E.01154
;WIDTH:0.366776
G1 X104.486 Y90.185 E.01077
G1 X104.049 Y89.577 E.01075
;WIDTH:0.364074
G1 X103.642 Y88.949 E.01066
;WIDTH:0.365268
G1 X103.265 Y88.302 E.0107
G1 X102.92 Y87.637 E.01071
;WIDTH:0.36547
G1 X102.609 Y86.956 E.01071
;WIDTH:0.36565
G1 X102.331 Y86.261 E.01071
;WIDTH:0.365884
G1 X102.087 Y85.553 E.01072
;WIDTH:0.366814
G1 X101.864 Y84.78 E.01155
G1 X101.695 Y84.049 E.01077
;WIDTH:0.364082
G1 X101.56 Y83.313 E.01066
;WIDTH:0.365276
G1 X101.461 Y82.571 E.0107
G1 X101.399 Y81.825 E.0107
;WIDTH:0.365468
G1 X101.373 Y81.077 E.0107
;WIDTH:0.36564
G1 X101.384 Y80.328 E.01072
;WIDTH:0.365868
G1 X101.432 Y79.581 E.01072
;WIDTH:0.36684
G1 X101.523 Y78.781 E.01156
;WIDTH:0.36711
G1 X101.646 Y78.041 E.01078
;WIDTH:0.36745
G1 X101.805 Y77.31 E.01076
;WIDTH:0.36783
G1 X102 Y76.587 E.01078
;WIDTH:0.368266
G1 X102.229 Y75.874 E.0108
;WIDTH:0.368756
G1 X102.493 Y75.173 E.01082
G1 X102.794 Y74.487 E.01082
;WIDTH:0.363516
G1 X103.125 Y73.816 E.01064
;WIDTH:0.364072
G1 X103.489 Y73.162 E.01066
G1 X103.916 Y72.479 E.01147
;WIDTH:0.372094
G1 X104.261 Y71.975 E.0089
G1 X104.798 Y71.272 E.0129
;WIDTH:0.369098
G1 X105.286 Y70.701 E.01086
;WIDTH:0.36805
G1 X105.802 Y70.158 E.01079
;WIDTH:0.363168
G1 X106.342 Y69.639 E.01064
;WIDTH:0.374008
G1 X106.73 Y69.292 E.00763
G1 X108.15 Y68.207 F9000
;WIDTH:0.377062
G1 F954
G1 X108.783 Y67.816 E.011
;WIDTH:0.3725
G1 X109.267 Y67.531 E.0082
G1 X110.1 Y67.105 E.01365
;WIDTH:0.361736
G1 X110.783 Y66.799 E.01059
G1 X111.481 Y66.528 E.01059
;WIDTH:0.362472
G1 X112.191 Y66.29 E.01062
G1 X112.912 Y66.088 E.01062
;WIDTH:0.361922
G1 X113.642 Y65.922 E.0106
;WIDTH:0.366264
G1 X114.434 Y65.78 E.01153
G1 X115.178 Y65.692 E.01074
;WIDTH:0.37273
G1 X115.721 Y65.644 E.00796
G1 X116.655 Y65.614 E.01365
;WIDTH:0.365604
G1 X117.421 Y65.632 E.01096
;WIDTH:0.366012
G1 X118.168 Y65.685 E.01073
;WIDTH:0.3663
G1 X118.911 Y65.776 E.01073
;WIDTH:0.366644
G1 X119.65 Y65.903 E.01076
;WIDTH:0.367872
G1 X120.435 Y66.078 E.01158
;WIDTH:0.368266
G1 X121.157 Y66.279 E.01081
;WIDTH:0.368712
G1 X121.868 Y66.515 E.01082
;WIDTH:0.369216
G1 X122.566 Y66.785 E.01082
;WIDTH:0.369758
G1 X123.241 Y67.085 E.0107
;WIDTH:0.370288
G1 X123.889 Y67.411 E.01052
;WIDTH:0.370796
G1 X124.52 Y67.767 E.01052
G1 X125.203 Y68.198 E.01173
;WIDTH:0.369062
G1 X125.814 Y68.63 E.01081
;WIDTH:0.367468
G1 X126.404 Y69.091 E.01077
;WIDTH:0.367954
G1 X126.971 Y69.579 E.01078
G1 X127.406 Y69.99 E.00862
;WIDTH:0.366148
G1 X127.887 Y70.483 E.00987
;WIDTH:0.366518
G1 X128.42 Y71.086 E.01155
;WIDTH:0.366744
G1 X128.888 Y71.671 E.01075
;WIDTH:0.367032
G1 X129.326 Y72.279 E.01077
;WIDTH:0.36737
G1 X129.734 Y72.907 E.01077
G1 X130.108 Y73.555 E.01076
;WIDTH:0.365338
G1 X130.454 Y74.219 E.0107
;WIDTH:0.365458
G1 X130.765 Y74.9 E.01071
;WIDTH:0.365638
G1 X131.043 Y75.595 E.01071
;WIDTH:0.365862
G1 X131.287 Y76.303 E.01072
;WIDTH:0.366788
G1 X131.51 Y77.077 E.01156
;WIDTH:0.367064
G1 X131.681 Y77.807 E.01077
;WIDTH:0.3674
G1 X131.816 Y78.543 E.01076
G1 X131.912 Y79.286 E.01078
;WIDTH:0.364316
G1 X131.975 Y80.032 E.01067
;WIDTH:0.36546
G1 X132.001 Y80.78 E.0107
;WIDTH:0.365632
G1 X131.99 Y81.529 E.01072
;WIDTH:0.36586
G1 X131.942 Y82.276 E.01072
;WIDTH:0.366826
G1 X131.851 Y83.076 E.01156
;WIDTH:0.367094
G1 X131.728 Y83.815 E.01077
;WIDTH:0.367432
G1 X131.569 Y84.547 E.01077
;WIDTH:0.367812
G1 X131.374 Y85.27 E.01078
;WIDTH:0.368252
G1 X131.145 Y85.983 E.0108
;WIDTH:0.368736
G1 X130.881 Y86.683 E.0108
G1 X130.58 Y87.369 E.01082
;WIDTH:0.363506
G1 X130.248 Y88.04 E.01065
;WIDTH:0.36557
G1 X129.886 Y88.695 E.01071
G1 X129.458 Y89.377 E.01152
;WIDTH:0.372112
G1 X129.112 Y89.883 E.00894
;WIDTH:0.372466
G1 X128.676 Y90.458 E.01053
G1 X128.087 Y91.156 E.01333
;WIDTH:0.367704
G1 X127.572 Y91.699 E.01077
;WIDTH:0.363168
G1 X127.032 Y92.218 E.01064
;WIDTH:0.374008
G1 X126.644 Y92.565 E.00763
;WIDTH:0.382546
G1 X126.582 Y92.624 E.00128
G1 X126.855 Y92.976 F9000
;TYPE:External perimeter
;WIDTH:0.419999
G1 F954
G1 X126.859 Y93.088 E.00186
G1 X127.059 Y93.389 E.00599
G1 X127.119 Y93.713 E.00546
G1 X127.051 Y94.016 E.00515
G1 X126.885 Y94.253 E.00479
G1 X126.495 Y94.458 E.0073
G1 X126.138 Y94.439 E.00592
G1 X125.892 Y94.345 E.00436
G1 X125.608 Y94.033 E.00699
G1 X125.362 Y94.002 E.00411
G1 X124.288 Y94.654 E.02082
G1 X123.407 Y95.106 E.01641
G1 X122.267 Y95.592 E.02053
G1 X121.174 Y95.962 E.01912
G1 X120.133 Y96.235 E.01783
G1 X118.914 Y96.459 E.02054
G1 X117.766 Y96.581 E.01913
G1 X116.69 Y96.618 E.01784
G1 X115.948 Y96.601 E.0123
G1 X115.206 Y96.548 E.01233
G1 X114.469 Y96.461 E.0123
G1 X113.575 Y96.306 E.01503
G1 X112.768 Y96.121 E.01372
G1 X112.053 Y95.918 E.01232
G1 X111.348 Y95.682 E.01232
G1 X110.655 Y95.412 E.01232
G1 X109.976 Y95.11 E.01231
G1 X109.312 Y94.777 E.01231
G1 X108.664 Y94.412 E.01232
G1 X107.899 Y93.926 E.01502
G1 X107.225 Y93.444 E.01373
G1 X106.643 Y92.982 E.01231
G1 X106.083 Y92.493 E.01232
G1 X105.548 Y91.978 E.0123
G1 X105.037 Y91.438 E.01232
G1 X104.552 Y90.874 E.01233
G1 X104.095 Y90.289 E.0123
G1 X103.576 Y89.545 E.01503
G1 X103.139 Y88.841 E.01373
G1 X102.779 Y88.191 E.01231
G1 X102.451 Y87.524 E.01232
G1 X102.154 Y86.842 E.01233
G1 X101.891 Y86.147 E.01231
G1 X101.66 Y85.441 E.01231
G1 X101.463 Y84.724 E.01232
G1 X101.27 Y83.838 E.01502
G1 X101.137 Y83.021 E.01372
G1 X101.056 Y82.282 E.01232
G1 X101.009 Y81.54 E.01232
G1 X100.998 Y80.797 E.01231
G1 X101.021 Y80.054 E.01232
G1 X101.08 Y79.313 E.01232
G1 X101.174 Y78.576 E.01231
G1 X101.303 Y77.844 E.01232
G1 X101.467 Y77.118 E.01233
G1 X101.664 Y76.402 E.0123
G1 X101.895 Y75.695 E.01232
G1 X102.16 Y75.001 E.01231
G1 X102.563 Y74.095 E.01643
G1 X102.982 Y73.291 E.01502
G1 X103.403 Y72.579 E.01371
G1 X103.957 Y71.756 E.01644
G1 X104.508 Y71.037 E.01501
G1 X105.046 Y70.408 E.01371
G1 X105.734 Y69.694 E.01643
G1 X106.522 Y68.953 E.01792
G1 X106.515 Y68.769 E.00305
G1 X106.316 Y68.469 E.00596
G1 X106.254 Y68.148 E.00542
G1 X106.312 Y67.866 E.00477
G1 X106.488 Y67.602 E.00526
G1 X106.791 Y67.417 E.00588
G1 X107.231 Y67.405 E.00729
G1 X107.612 Y67.623 E.00727
G1 X107.766 Y67.823 E.00418
G1 X108.012 Y67.854 E.00411
G1 X109.086 Y67.203 E.02081
G1 X110.194 Y66.645 E.02056
G1 X111.108 Y66.264 E.01641
G1 X112.284 Y65.869 E.02056
G1 X113.243 Y65.621 E.01641
G1 X114.463 Y65.397 E.02055
G1 X115.942 Y65.263 E.02461
G1 X116.784 Y65.239 E.01396
G1 X117.688 Y65.271 E.01499
G1 X118.427 Y65.335 E.01229
G1 X119.163 Y65.435 E.01231
G1 X119.894 Y65.57 E.01232
G1 X120.618 Y65.739 E.01232
G1 X121.333 Y65.942 E.01232
G1 X122.037 Y66.179 E.01231
G1 X122.744 Y66.455 E.01258
G1 X123.443 Y66.769 E.0127
G1 X124.126 Y67.116 E.01269
G1 X124.793 Y67.497 E.01273
G1 X125.442 Y67.91 E.01275
G1 X126.159 Y68.42 E.01458
G1 X126.74 Y68.882 E.0123
G1 X127.299 Y69.372 E.01232
G1 X127.834 Y69.887 E.0123
G1 X128.345 Y70.428 E.01233
G1 X128.829 Y70.991 E.0123
G1 X129.286 Y71.578 E.01233
G1 X129.715 Y72.185 E.01232
G1 X130.114 Y72.812 E.01231
G1 X130.601 Y73.677 E.01645
G1 X130.928 Y74.342 E.01228
G1 X131.223 Y75.024 E.01231
G1 X131.487 Y75.719 E.01232
G1 X131.717 Y76.426 E.01232
G1 X131.913 Y77.143 E.01232
G1 X132.075 Y77.868 E.01231
G1 X132.203 Y78.601 E.01233
G1 X132.311 Y79.502 E.01504
G1 X132.365 Y80.327 E.0137
G1 X132.376 Y81.061 E.01216
G1 X132.352 Y81.804 E.01232
G1 X132.293 Y82.545 E.01232
G1 X132.199 Y83.282 E.01231
G1 X132.071 Y84.014 E.01231
G1 X131.907 Y84.739 E.01232
G1 X131.71 Y85.456 E.01232
G1 X131.478 Y86.162 E.01231
G1 X131.214 Y86.856 E.0123
G1 X130.811 Y87.762 E.01643
G1 X130.351 Y88.64 E.01642
G1 X129.971 Y89.278 E.0123
G1 X129.416 Y90.101 E.01645
G1 X128.969 Y90.692 E.01228
G1 X128.327 Y91.449 E.01645
G1 X127.64 Y92.162 E.01641
G1 X126.852 Y92.904 E.01793
G1 X126.852 Y92.916 E.0002
;LAYER_CHANGE
M117 DASHBOARD_LAYER_INDICATOR 11
;Z:1.2
;HEIGHT:0.1
;BEFORE_LAYER_CHANGE
M117 OBICO_LAYER_INDICATOR 10
G92 E0
;1.2
G1 E-3.5 F3600
;WIPE_START
G1 F7200
G1 X126.855 Y92.976 E-.02854
G1 X126.859 Y93.088 E-.05323
G1 X127.059 Y93.389 E-.17166
G1 X127.119 Y93.713 E-.15652
G1 X127.051 Y94.016 E-.1475
G1 X126.885 Y94.253 E-.13744
G1 X126.495 Y94.458 E-.20928
G1 X126.138 Y94.439 E-.16981
G1 X125.892 Y94.345 E-.12509
G1 X125.608 Y94.033 E-.2004
G1 X125.398 Y94.007 E-.10053
;WIPE_END
G1 Z1.2 F9000
;AFTER_LAYER_CHANGE
;1.2
G1 X126.32 Y92.302
G1 E5 F2400
G1 F936
G1 X125.671 Y92.828 E.01384
G1 X124.951 Y93.338 E.01462
G1 X124.346 Y93.721 E.01186
G1 X123.085 Y94.396 E.0237
G1 X122.431 Y94.687 E.01186
G1 X121.765 Y94.947 E.01185
G1 X121.086 Y95.175 E.01187
G1 X120.398 Y95.369 E.01184
G1 X119.537 Y95.563 E.01462
G1 X118.831 Y95.683 E.01187
G1 X118.121 Y95.769 E.01185
G1 X117.407 Y95.821 E.01186
G1 X116.692 Y95.838 E.01185
G1 X115.977 Y95.821 E.01185
G1 X115.271 Y95.771 E.01173
G1 X114.571 Y95.687 E.01168
G1 X113.847 Y95.565 E.01217
G1 X112.986 Y95.372 E.01462
G1 X112.297 Y95.177 E.01186
G1 X111.618 Y94.95 E.01186
G1 X110.952 Y94.691 E.01184
G1 X110.301 Y94.402 E.0118
G1 X109.671 Y94.084 E.01169
G1 X109.057 Y93.738 E.01168
G1 X108.431 Y93.344 E.01226
G1 X107.845 Y92.934 E.01185
G1 X107.28 Y92.496 E.01185
G1 X106.736 Y92.031 E.01186
G1 X106.185 Y91.512 E.01254
G1 X105.689 Y90.996 E.01186
G1 X105.219 Y90.457 E.01185
G1 X104.775 Y89.896 E.01185
G1 X104.359 Y89.314 E.01185
G1 X103.97 Y88.713 E.01186
G1 X103.612 Y88.094 E.01185
G1 X103.283 Y87.459 E.01185
G1 X102.985 Y86.808 E.01186
G1 X102.719 Y86.144 E.01185
G1 X102.485 Y85.468 E.01185
G1 X102.241 Y84.62 E.01462
G1 X102.081 Y83.922 E.01187
G1 X101.954 Y83.218 E.01185
G1 X101.861 Y82.508 E.01186
G1 X101.802 Y81.795 E.01185
G1 X101.778 Y81.08 E.01185
G1 X101.788 Y80.365 E.01185
G1 X101.832 Y79.651 E.01185
G1 X101.933 Y78.774 E.01463
G1 X102.054 Y78.068 E.01187
G1 X102.208 Y77.369 E.01186
G1 X102.395 Y76.679 E.01185
G1 X102.615 Y75.998 E.01186
G1 X102.868 Y75.329 E.01185
G1 X103.153 Y74.673 E.01185
G1 X103.663 Y73.678 E.01853
G1 X104.069 Y72.997 E.01314
G1 X104.595 Y72.21 E.01568
G1 X105.114 Y71.528 E.0142
G1 X105.598 Y70.961 E.01235
G1 X106.089 Y70.441 E.01185
G1 X106.604 Y69.944 E.01186
G1 X106.999 Y69.599 E.00869
G1 X107.703 Y69.029 E.01501
G1 X108.423 Y68.518 E.01463
G1 X109.028 Y68.136 E.01186
G1 X110.289 Y67.46 E.02371
G1 X110.943 Y67.169 E.01186
G1 X111.531 Y66.94 E.01046
G1 X112.288 Y66.682 E.01325
G1 X112.976 Y66.487 E.01185
G1 X113.673 Y66.326 E.01185
G1 X114.542 Y66.173 E.01462
G1 X115.253 Y66.087 E.01187
G1 X115.967 Y66.035 E.01186
G1 X116.628 Y66.019 E.01096
G1 X117.397 Y66.035 E.01274
G1 X117.986 Y66.075 E.00978
G1 X118.696 Y66.154 E.01184
G1 X119.402 Y66.267 E.01185
G1 X120.103 Y66.415 E.01187
G1 X120.795 Y66.595 E.01185
G1 X121.478 Y66.809 E.01186
G1 X122.149 Y67.055 E.01184
G1 X122.809 Y67.333 E.01187
G1 X123.454 Y67.642 E.01185
G1 X124.228 Y68.066 E.01462
G1 X124.837 Y68.443 E.01187
G1 X125.427 Y68.848 E.01186
G1 X125.996 Y69.281 E.01185
G1 X126.544 Y69.741 E.01185
G1 X127.069 Y70.227 E.01185
G1 X127.571 Y70.737 E.01186
G1 X128.047 Y71.271 E.01185
G1 X128.598 Y71.96 E.01462
G1 X129.015 Y72.542 E.01186
G1 X129.403 Y73.143 E.01185
G1 X129.762 Y73.762 E.01186
G1 X130.091 Y74.398 E.01186
G1 X130.389 Y75.048 E.01185
G1 X130.655 Y75.712 E.01185
G1 X130.889 Y76.389 E.01187
G1 X131.133 Y77.236 E.0146
G1 X131.293 Y77.935 E.01188
G1 X131.42 Y78.639 E.01185
G1 X131.513 Y79.348 E.01185
G1 X131.572 Y80.061 E.01185
G1 X131.596 Y80.776 E.01185
G1 X131.586 Y81.492 E.01186
G1 X131.542 Y82.206 E.01185
G1 X131.441 Y83.082 E.01461
G1 X131.32 Y83.788 E.01187
G1 X131.166 Y84.487 E.01186
G1 X130.979 Y85.178 E.01186
G1 X130.759 Y85.858 E.01184
G1 X130.506 Y86.527 E.01185
G1 X130.221 Y87.184 E.01187
G1 X129.906 Y87.826 E.01185
G1 X129.559 Y88.452 E.01186
G1 X129.092 Y89.2 E.01461
G1 X128.778 Y89.648 E.00906
G1 X128.354 Y90.207 E.01163
G1 X127.776 Y90.895 E.01489
G1 X127.285 Y91.416 E.01186
G1 X126.77 Y91.912 E.01185
G1 X126.375 Y92.258 E.0087
G1 X126.366 Y92.265 E.00019
G1 X126.411 Y92.875 F9000
;TYPE:Perimeter
;WIDTH:0.616819
G1 F936
G1 X126.414 Y93.31 E.01077
G1 X126.601 Y93.576 E.00805
;WIDTH:0.591378
G1 X126.599 Y93.817 E.00571
G1 X126.404 Y93.981 E.00604
G1 X126.204 Y93.96 E.00476
;WIDTH:0.616819
G1 X125.928 Y93.652 E.01024
G1 X125.778 Y93.653 E.00371
;WIDTH:0.574514
G1 X125.628 Y93.654 E.00345
;WIDTH:0.532209
G1 X125.478 Y93.655 E.00319
;WIDTH:0.489904
G1 X125.328 Y93.656 E.00292
;WIDTH:0.447599
G1 X125.178 Y93.657 E.00266
G1 X125.338 Y93.569 E.00324
;WIDTH:0.489904
G1 X125.498 Y93.481 E.00356
;WIDTH:0.532209
G1 X125.659 Y93.393 E.0039
;WIDTH:0.574514
G1 X125.819 Y93.305 E.0042
;WIDTH:0.616819
G1 X125.98 Y93.217 E.00454
G1 X126.364 Y92.913 E.01212
G1 E-3.5 F3600
;WIPE_START
G1 F7200
G1 X126.411 Y92.875 E-.02871
G1 X126.414 Y93.31 E-.20663
G1 X126.601 Y93.576 E-.15445
G1 X126.599 Y93.817 E-.11448
G1 X126.404 Y93.981 E-.12103
G1 X126.204 Y93.96 E-.09552
G1 X125.928 Y93.652 E-.19645
G1 X125.778 Y93.653 E-.07125
G1 X125.628 Y93.654 E-.07125
G1 X125.478 Y93.655 E-.07125
G1 X125.328 Y93.656 E-.07125
G1 X125.178 Y93.657 E-.07125
G1 X125.338 Y93.569 E-.08674
G1 X125.498 Y93.481 E-.08674
G1 X125.596 Y93.428 E-.053
;WIPE_END
G1 X108.196 Y68.199 F9000
G1 E5 F2400
;WIDTH:0.447585
G1 F936
G1 X108.036 Y68.287 E.00324
;WIDTH:0.489892
G1 X107.875 Y68.375 E.00357
;WIDTH:0.532199
G1 X107.715 Y68.463 E.00388
;WIDTH:0.574505
G1 X107.555 Y68.551 E.0042
;WIDTH:0.616812
G1 X107.394 Y68.639 E.00454
G1 X106.963 Y68.981 E.01362
G1 X106.959 Y68.547 E.01074
G1 X106.777 Y68.28 E.008
;WIDTH:0.600879
G1 X106.763 Y68.105 E.00423
G1 X106.869 Y67.924 E.00505
G1 X107.105 Y67.878 E.00579
G1 X107.195 Y67.932 E.00253
;WIDTH:0.616812
G1 X107.446 Y68.205 E.00918
G1 X107.596 Y68.204 E.00371
;WIDTH:0.574505
G1 X107.746 Y68.203 E.00345
;WIDTH:0.532199
G1 X107.896 Y68.202 E.00319
;WIDTH:0.489892
G1 X108.046 Y68.2 E.00292
;WIDTH:0.447585
G1 X108.136 Y68.2 E.00159
G1 E-3.5 F3600
;WIPE_START
G1 F7200
G1 X108.196 Y68.199 E-.0285
G1 X108.036 Y68.287 E-.08674
G1 X107.875 Y68.375 E-.08715
G1 X107.715 Y68.463 E-.08674
G1 X107.555 Y68.551 E-.08674
G1 X107.394 Y68.639 E-.08715
G1 X106.963 Y68.981 E-.26135
G1 X106.959 Y68.547 E-.20616
G1 X106.777 Y68.28 E-.15349
G1 X106.763 Y68.105 E-.08339
G1 X106.869 Y67.924 E-.09963
G1 X107.105 Y67.878 E-.11421
G1 X107.195 Y67.932 E-.04985
G1 X107.293 Y68.039 E-.0689
;WIPE_END
G1 X125.178 Y93.657 F9000
G1 E5 F2400
;WIDTH:0.405294
G1 F936
G1 X124.551 Y94.046 E.01177
;WIDTH:0.405924
G1 X124.097 Y94.312 E.00841
G1 X123.26 Y94.744 E.01506
;WIDTH:0.40186
G1 X122.588 Y95.038 E.0116
;WIDTH:0.39556
G1 X121.905 Y95.307 E.01142
;WIDTH:0.397494
G1 X121.209 Y95.542 E.01148
G1 X120.502 Y95.74 E.01148
;WIDTH:0.393428
G1 X119.622 Y95.938 E.01395
;WIDTH:0.40107
G1 X118.896 Y96.067 E.01164
G1 X118.167 Y96.151 E.01158
;WIDTH:0.394592
G1 X117.435 Y96.206 E.01139
;WIDTH:0.402126
G1 X116.701 Y96.228 E.01162
;WIDTH:0.402674
G1 X115.967 Y96.211 E.01164
;WIDTH:0.40293
G1 X115.243 Y96.16 E.01151
;WIDTH:0.403204
G1 X114.525 Y96.074 E.01148
G1 X113.782 Y95.948 E.01196
;WIDTH:0.401924
G1 X112.901 Y95.752 E.01428
;WIDTH:0.402214
G1 X112.191 Y95.552 E.01168
;WIDTH:0.402372
G1 X111.495 Y95.32 E.01162
;WIDTH:0.402558
G1 X110.81 Y95.054 E.01164
;WIDTH:0.402782
G1 X110.142 Y94.758 E.01158
;WIDTH:0.403024
G1 X109.495 Y94.432 E.01149
;WIDTH:0.403284
G1 X108.865 Y94.077 E.01148
G1 X108.224 Y93.672 E.01204
;WIDTH:0.399474
G1 X107.623 Y93.251 E.01153
;WIDTH:0.39982
G1 X107.042 Y92.803 E.01154
;WIDTH:0.400102
G1 X106.483 Y92.326 E.01157
;WIDTH:0.400766
G1 X105.918 Y91.795 E.01223
G1 X105.409 Y91.265 E.01159
G1 X104.926 Y90.712 E.01158
G1 X104.47 Y90.137 E.01157
G1 X104.044 Y89.539 E.01158
;WIDTH:0.397344
G1 X103.645 Y88.923 E.01147
;WIDTH:0.398474
G1 X103.276 Y88.288 E.01151
G1 X102.938 Y87.637 E.0115
G1 X102.633 Y86.969 E.01151
;WIDTH:0.398666
G1 X102.359 Y86.288 E.01151
;WIDTH:0.3988
G1 X102.118 Y85.595 E.01151
;WIDTH:0.400922
G1 X101.867 Y84.727 E.01425
G1 X101.703 Y84.009 E.01162
;WIDTH:0.39742
G1 X101.573 Y83.286 E.01148
;WIDTH:0.398492
G1 X101.476 Y82.559 E.0115
G1 X101.416 Y81.827 E.01151
G1 X101.39 Y81.093 E.01151
;WIDTH:0.398668
G1 X101.4 Y80.359 E.01151
;WIDTH:0.398794
G1 X101.445 Y79.627 E.01151
;WIDTH:0.401036
G1 X101.547 Y78.73 E.01425
G1 X101.67 Y78.003 E.01164
;WIDTH:0.401174
G1 X101.828 Y77.286 E.01159
;WIDTH:0.401302
G1 X102.02 Y76.577 E.0116
;WIDTH:0.40147
G1 X102.245 Y75.878 E.0116
;WIDTH:0.401668
G1 X102.504 Y75.191 E.01161
G1 X102.798 Y74.519 E.01159
;WIDTH:0.396342
G1 X103.121 Y73.86 E.01144
;WIDTH:0.397436
G1 X103.476 Y73.217 E.01148
;WIDTH:0.40905
G1 X103.735 Y72.789 E.00806
G1 X104.275 Y71.985 E.01561
;WIDTH:0.40568
G1 X104.806 Y71.289 E.01398
;WIDTH:0.402868
G1 X105.302 Y70.708 E.01211
;WIDTH:0.401338
G1 X105.807 Y70.175 E.0116
;WIDTH:0.396238
G1 X106.336 Y69.666 E.01144
;WIDTH:0.406782
G1 X106.741 Y69.304 E.0087
G1 X108.196 Y68.199 F9000
;WIDTH:0.405278
G1 F936
G1 X108.823 Y67.811 E.01177
;WIDTH:0.40585
G1 X109.276 Y67.545 E.0084
G1 X110.116 Y67.116 E.01507
;WIDTH:0.394214
G1 X110.786 Y66.818 E.01136
;WIDTH:0.403756
G1 X111.389 Y66.576 E.01033
G1 X112.165 Y66.315 E.01301
;WIDTH:0.396068
G1 X112.871 Y66.116 E.01142
;WIDTH:0.395074
G1 X113.586 Y65.95 E.0114
;WIDTH:0.400938
G1 X114.475 Y65.79 E.01425
G1 X115.207 Y65.706 E.01162
;WIDTH:0.405942
G1 X115.722 Y65.661 E.00826
G1 X116.618 Y65.631 E.01433
;WIDTH:0.397918
G1 X117.405 Y65.648 E.01232
;WIDTH:0.398556
G1 X118.012 Y65.688 E.00954
G1 X118.739 Y65.769 E.01147
G1 X119.464 Y65.885 E.01151
G1 X120.182 Y66.035 E.0115
;WIDTH:0.398434
G1 X120.893 Y66.22 E.01151
G1 X121.594 Y66.439 E.01151
;WIDTH:0.398548
G1 X122.283 Y66.691 E.0115
;WIDTH:0.39866
G1 X122.959 Y66.976 E.0115
;WIDTH:0.3988
G1 X123.622 Y67.293 E.01153
G1 X124.413 Y67.727 E.01415
;WIDTH:0.39848
G1 X125.041 Y68.113 E.01155
G1 X125.646 Y68.529 E.01151
G1 X126.231 Y68.973 E.01151
G1 X126.793 Y69.444 E.01149
G1 X127.333 Y69.942 E.01151
;WIDTH:0.398656
G1 X127.847 Y70.466 E.01151
;WIDTH:0.398796
G1 X128.336 Y71.013 E.01151
;WIDTH:0.400766
G1 X128.902 Y71.717 E.01424
G1 X129.332 Y72.316 E.01163
G1 X129.728 Y72.934 E.01157
;WIDTH:0.398464
G1 X130.098 Y73.568 E.01151
G1 X130.435 Y74.22 E.0115
G1 X130.741 Y74.887 E.0115
;WIDTH:0.398654
G1 X131.015 Y75.568 E.01151
;WIDTH:0.398788
G1 X131.256 Y76.262 E.01152
;WIDTH:0.400892
G1 X131.507 Y77.129 E.01424
G1 X131.673 Y77.848 E.01164
;WIDTH:0.401038
G1 X131.803 Y78.57 E.01158
G1 X131.896 Y79.298 E.01158
;WIDTH:0.39851
G1 X131.958 Y80.029 E.0115
G1 X131.984 Y80.763 E.01151
;WIDTH:0.398664
G1 X131.974 Y81.497 E.01151
;WIDTH:0.39879
G1 X131.929 Y82.23 E.01152
;WIDTH:0.401018
G1 X131.827 Y83.127 E.01425
G1 X131.704 Y83.854 E.01164
;WIDTH:0.401154
G1 X131.546 Y84.571 E.01159
;WIDTH:0.401286
G1 X131.354 Y85.28 E.0116
;WIDTH:0.401454
G1 X131.129 Y85.978 E.01159
;WIDTH:0.401652
G1 X130.87 Y86.665 E.01161
;WIDTH:0.40189
G1 X130.579 Y87.339 E.01161
G1 X130.253 Y87.997 E.01161
;WIDTH:0.39653
G1 X129.897 Y88.639 E.01145
;WIDTH:0.409
G1 X129.638 Y89.069 E.00809
G1 X129.098 Y89.873 E.0156
;WIDTH:0.405808
G1 X128.663 Y90.447 E.01151
G1 X128.072 Y91.148 E.01465
;WIDTH:0.401032
G1 X127.567 Y91.681 E.01159
;WIDTH:0.396238
G1 X127.038 Y92.19 E.01144
;WIDTH:0.406784
G1 X126.633 Y92.553 E.00871
;WIDTH:0.41559
G1 X126.569 Y92.615 E.00146
G1 X126.866 Y92.977 F9000
;TYPE:External perimeter
;WIDTH:0.419999
G1 F936
G1 X126.855 Y93.081 E.00173
G1 X127.059 Y93.39 E.00614
G1 X127.119 Y93.712 E.00543
G1 X127.051 Y94.016 E.00516
G1 X126.885 Y94.253 E.00479
G1 X126.495 Y94.458 E.0073
G1 X126.138 Y94.439 E.00592
G1 X125.893 Y94.345 E.00435
G1 X125.613 Y94.038 E.00688
G1 X125.362 Y94.002 E.0042
G1 X124.288 Y94.654 E.02082
G1 X123.407 Y95.106 E.01641
G1 X122.267 Y95.592 E.02053
G1 X121.181 Y95.96 E.019
G1 X120.133 Y96.235 E.01795
G1 X118.914 Y96.459 E.02054
G1 X117.774 Y96.58 E.019
G1 X116.689 Y96.618 E.01799
G1 X115.947 Y96.601 E.0123
G1 X115.206 Y96.548 E.01231
G1 X114.468 Y96.461 E.01231
G1 X113.583 Y96.308 E.01488
G1 X112.767 Y96.121 E.01387
G1 X112.052 Y95.918 E.01232
G1 X111.348 Y95.682 E.0123
G1 X110.655 Y95.412 E.01232
G1 X109.976 Y95.11 E.01231
G1 X109.311 Y94.777 E.01232
G1 X108.664 Y94.412 E.01231
G1 X107.906 Y93.93 E.01488
G1 X107.225 Y93.444 E.01386
G1 X106.643 Y92.982 E.01231
G1 X106.083 Y92.493 E.01232
G1 X105.547 Y91.977 E.01233
G1 X105.037 Y91.437 E.01231
G1 X104.552 Y90.874 E.01231
G1 X104.095 Y90.288 E.01231
G1 X103.58 Y89.552 E.01488
G1 X103.139 Y88.841 E.01386
G1 X102.779 Y88.191 E.01231
G1 X102.451 Y87.524 E.01232
G1 X102.154 Y86.842 E.01233
G1 X101.891 Y86.147 E.01231
G1 X101.66 Y85.441 E.01231
G1 X101.463 Y84.724 E.01232
G1 X101.271 Y83.846 E.01489
G1 X101.137 Y83.021 E.01385
G1 X101.056 Y82.282 E.01232
G1 X101.009 Y81.54 E.01232
G1 X100.998 Y80.797 E.01231
G1 X101.021 Y80.054 E.01232
G1 X101.08 Y79.313 E.01232
G1 X101.174 Y78.576 E.01231
G1 X101.303 Y77.843 E.01233
G1 X101.467 Y77.118 E.01232
G1 X101.664 Y76.402 E.0123
G1 X101.895 Y75.695 E.01232
G1 X102.16 Y75.001 E.01231
G1 X102.563 Y74.095 E.01643
G1 X102.978 Y73.298 E.01489
G1 X103.403 Y72.579 E.01384
G1 X103.957 Y71.756 E.01644
G1 X104.503 Y71.044 E.01487
G1 X105.046 Y70.408 E.01386
G1 X105.725 Y69.703 E.01622
G1 X106.516 Y68.965 E.01792
G1 X106.519 Y68.776 E.00313
G1 X106.316 Y68.468 E.00611
G1 X106.254 Y68.149 E.00538
G1 X106.312 Y67.866 E.00479
G1 X106.489 Y67.601 E.00528
G1 X106.79 Y67.417 E.00585
G1 X107.231 Y67.405 E.00731
G1 X107.612 Y67.622 E.00727
G1 X107.757 Y67.813 E.00397
G1 X108.012 Y67.854 E.00428
G1 X109.086 Y67.203 E.02081
G1 X110.193 Y66.645 E.02054
G1 X111.254 Y66.21 E.019
G1 X112.284 Y65.869 E.01798
G1 X113.243 Y65.621 E.01641
G1 X114.463 Y65.397 E.02055
G1 X115.956 Y65.262 E.02484
G1 X116.793 Y65.24 E.01387
G1 X117.688 Y65.271 E.01484
G1 X118.427 Y65.335 E.01229
G1 X119.164 Y65.435 E.01232
G1 X119.895 Y65.57 E.01232
G1 X120.618 Y65.739 E.0123
G1 X121.333 Y65.942 E.01232
G1 X122.038 Y66.179 E.01232
G1 X122.73 Y66.449 E.01231
G1 X123.409 Y66.752 E.01232
G1 X124.074 Y67.086 E.01233
G1 X124.934 Y67.581 E.01644
G1 X125.555 Y67.985 E.01228
G1 X126.158 Y68.42 E.01232
G1 X126.74 Y68.882 E.01231
G1 X127.299 Y69.372 E.01232
G1 X127.835 Y69.887 E.01232
G1 X128.345 Y70.428 E.01232
G1 X128.829 Y70.992 E.01231
G1 X129.286 Y71.578 E.01231
G1 X129.715 Y72.186 E.01233
G1 X130.242 Y73.027 E.01644
G1 X130.6 Y73.676 E.01228
G1 X130.928 Y74.343 E.01232
G1 X131.224 Y75.025 E.01232
G1 X131.487 Y75.72 E.01231
G1 X131.717 Y76.426 E.0123
G1 X131.913 Y77.143 E.01232
G1 X132.075 Y77.869 E.01233
G1 X132.203 Y78.602 E.01233
G1 X132.319 Y79.587 E.01643
G1 X132.365 Y80.327 E.01228
G1 X132.376 Y81.061 E.01216
G1 X132.352 Y81.804 E.01232
G1 X132.293 Y82.545 E.01232
G1 X132.199 Y83.282 E.01231
G1 X132.071 Y84.014 E.01231
G1 X131.907 Y84.739 E.01232
G1 X131.71 Y85.456 E.01232
G1 X131.478 Y86.162 E.01231
G1 X131.214 Y86.857 E.01232
G1 X130.917 Y87.537 E.01229
G1 X130.471 Y88.423 E.01644
G1 X129.97 Y89.278 E.01642
G1 X129.416 Y90.101 E.01644
G1 X128.969 Y90.692 E.01228
G1 X128.327 Y91.449 E.01645
G1 X127.649 Y92.153 E.01619
G1 X126.877 Y92.864 E.01739
G1 X126.872 Y92.917 E.00088
;LAYER_CHANGE
M117 DASHBOARD_LAYER_INDICATOR 12
;Z:1.3
;HEIGHT:0.0999999
;BEFORE_LAYER_CHANGE
M117 OBICO_LAYER_INDICATOR 11
G92 E0
;1.3
G1 E-3.5 F3600
;WIPE_START
G1 F7200
G1 X126.866 Y92.977 E-.02864
G1 X126.855 Y93.081 E-.04968
G1 X127.059 Y93.39 E-.17588
G1 X127.119 Y93.712 E-.15558
G1 X127.051 Y94.016 E-.14797
G1 X126.885 Y94.253 E-.13744
G1 X126.495 Y94.458 E-.20928
G1 X126.138 Y94.439 E-.16981
G1 X125.893 Y94.345 E-.12465
G1 X125.613 Y94.038 E-.19737
G1 X125.397 Y94.007 E-.1037
;WIPE_END
G1 Z1.3 F9000
;AFTER_LAYER_CHANGE
;1.3
G1 X126.31 Y92.268
G1 E5 F2400
G1 F936
G1 X125.69 Y92.772 E.01324
G1 X124.915 Y93.321 E.01574
G1 X124.297 Y93.711 E.01211
G1 X123.687 Y94.055 E.0116
G1 X123.062 Y94.37 E.0116
G1 X122.422 Y94.655 E.01161
G1 X121.77 Y94.91 E.0116
G1 X121.106 Y95.134 E.01161
G1 X120.433 Y95.326 E.0116
G1 X119.478 Y95.541 E.01622
G1 X118.788 Y95.656 E.01159
G1 X118.09 Y95.739 E.01165
G1 X117.392 Y95.789 E.0116
G1 X116.692 Y95.805 E.0116
G1 X115.992 Y95.789 E.0116
G1 X115.293 Y95.74 E.01161
G1 X114.597 Y95.658 E.01161
G1 X113.907 Y95.543 E.01159
G1 X112.957 Y95.33 E.01613
G1 X112.284 Y95.138 E.0116
G1 X111.616 Y94.914 E.01167
G1 X110.96 Y94.659 E.01166
G1 X110.321 Y94.374 E.01159
G1 X109.695 Y94.06 E.0116
G1 X109.085 Y93.716 E.0116
G1 X108.491 Y93.344 E.01161
G1 X107.954 Y92.972 E.01082
G1 X107.361 Y92.519 E.01236
G1 X106.825 Y92.067 E.01162
G1 X106.147 Y91.427 E.01545
G1 X105.634 Y90.885 E.01237
G1 X105.176 Y90.353 E.01163
G1 X104.745 Y89.801 E.0116
G1 X104.367 Y89.267 E.01084
G1 X103.988 Y88.679 E.01159
G1 X103.638 Y88.072 E.01161
G1 X103.316 Y87.45 E.01161
G1 X103.024 Y86.814 E.0116
G1 X102.762 Y86.164 E.01161
G1 X102.531 Y85.503 E.0116
G1 X102.261 Y84.563 E.0162
G1 X102.105 Y83.878 E.01164
G1 X101.983 Y83.189 E.01159
G1 X101.893 Y82.494 E.01161
G1 X101.835 Y81.796 E.01161
G1 X101.811 Y81.096 E.01161
G1 X101.82 Y80.396 E.0116
G1 X101.861 Y79.697 E.0116
G1 X101.974 Y78.725 E.01621
G1 X102.094 Y78.033 E.01164
G1 X102.247 Y77.35 E.0116
G1 X102.431 Y76.674 E.01161
G1 X102.647 Y76.008 E.0116
G1 X102.894 Y75.353 E.0116
G1 X103.172 Y74.71 E.01161
G1 X103.48 Y74.081 E.0116
G1 X103.817 Y73.467 E.01161
G1 X104.622 Y72.23 E.02445
G1 X105.135 Y71.556 E.01403
G1 X105.626 Y70.979 E.01255
G1 X106.106 Y70.47 E.01159
G1 X106.61 Y69.984 E.0116
G1 X107.021 Y69.623 E.00906
G1 X107.684 Y69.085 E.01415
G1 X108.459 Y68.535 E.01575
G1 X109.077 Y68.145 E.01211
G1 X109.687 Y67.801 E.0116
G1 X110.312 Y67.486 E.0116
G1 X110.952 Y67.201 E.01161
G1 X111.604 Y66.947 E.01159
G1 X112.268 Y66.723 E.01161
G1 X112.941 Y66.531 E.0116
G1 X113.623 Y66.37 E.01161
G1 X114.265 Y66.25 E.01082
G1 X115.005 Y66.147 E.01238
G1 X115.656 Y66.087 E.01083
G1 X116.589 Y66.052 E.01547
G1 X117.382 Y66.068 E.01314
G1 X118.035 Y66.113 E.01085
G1 X118.73 Y66.192 E.01159
G1 X119.421 Y66.305 E.0116
G1 X120.107 Y66.45 E.01162
G1 X120.784 Y66.627 E.01159
G1 X121.453 Y66.835 E.01161
G1 X122.111 Y67.075 E.01161
G1 X122.756 Y67.346 E.01159
G1 X123.389 Y67.647 E.01161
G1 X124.247 Y68.116 E.0162
G1 X124.844 Y68.487 E.01165
G1 X125.42 Y68.884 E.01159
G1 X125.977 Y69.309 E.01161
G1 X126.514 Y69.759 E.01161
G1 X127.028 Y70.234 E.0116
G1 X127.52 Y70.732 E.0116
G1 X127.988 Y71.253 E.0116
G1 X128.6 Y72.017 E.01622
G1 X129.007 Y72.589 E.01163
G1 X129.386 Y73.178 E.01161
G1 X129.736 Y73.784 E.0116
G1 X130.058 Y74.406 E.01161
G1 X130.35 Y75.043 E.01161
G1 X130.612 Y75.692 E.0116
G1 X130.843 Y76.353 E.0116
G1 X131.113 Y77.294 E.01622
G1 X131.268 Y77.978 E.01162
G1 X131.391 Y78.668 E.01161
G1 X131.481 Y79.362 E.0116
G1 X131.539 Y80.06 E.01161
G1 X131.563 Y80.76 E.01161
G1 X131.554 Y81.46 E.0116
G1 X131.513 Y82.159 E.0116
G1 X131.4 Y83.131 E.01621
G1 X131.28 Y83.823 E.01164
G1 X131.127 Y84.507 E.01161
G1 X130.943 Y85.182 E.01159
G1 X130.727 Y85.848 E.0116
G1 X130.48 Y86.504 E.01161
G1 X130.202 Y87.147 E.01161
G1 X129.894 Y87.776 E.0116
G1 X129.637 Y88.245 E.00886
G1 X129.276 Y88.84 E.01153
G1 X128.751 Y89.628 E.01569
G1 X128.328 Y90.186 E.0116
G1 X127.748 Y90.877 E.01495
G1 X127.268 Y91.387 E.0116
G1 X126.764 Y91.873 E.0116
G1 X126.357 Y92.23 E.00897
G1 X126.417 Y92.831 F9000
;TYPE:Perimeter
;WIDTH:0.621704
G1 F936
G1 X126.389 Y93.261 E.01075
G1 X126.601 Y93.576 E.00948
;WIDTH:0.591258
G1 X126.599 Y93.817 E.00571
G1 X126.404 Y93.981 E.00604
G1 X126.204 Y93.96 E.00476
;WIDTH:0.621704
G1 X125.936 Y93.656 E.01011
G1 X125.74 Y93.656 E.00489
;WIDTH:0.5758
G1 X125.544 Y93.655 E.00452
;WIDTH:0.529895
G1 X125.347 Y93.654 E.00416
;WIDTH:0.483991
G1 X125.151 Y93.654 E.00377
G1 X125.364 Y93.531 E.00473
;WIDTH:0.529895
G1 X125.576 Y93.408 E.00518
;WIDTH:0.5758
G1 X125.789 Y93.285 E.00567
;WIDTH:0.621704
G1 X126.001 Y93.162 E.00612
G1 X126.37 Y92.868 E.01177
G1 E-3.5 F3600
;WIPE_START
G1 F7200
G1 X126.417 Y92.831 E-.02841
G1 X126.389 Y93.261 E-.20468
G1 X126.601 Y93.576 E-.18036
G1 X126.599 Y93.817 E-.11448
G1 X126.404 Y93.981 E-.12103
G1 X126.204 Y93.96 E-.09552
G1 X125.936 Y93.656 E-.1925
G1 X125.74 Y93.656 E-.0931
G1 X125.544 Y93.655 E-.0931
G1 X125.347 Y93.654 E-.09358
G1 X125.151 Y93.654 E-.0931
G1 X125.364 Y93.531 E-.11683
G1 X125.498 Y93.454 E-.07331
;WIPE_END
G1 X108.223 Y68.203 F9000
G1 E5 F2400
;WIDTH:0.483987
G1 F936
G1 X108.01 Y68.326 E.00473
;WIDTH:0.52989
G1 X107.798 Y68.448 E.00517
;WIDTH:0.575793
G1 X107.585 Y68.571 E.00567
;WIDTH:0.621696
G1 X107.373 Y68.694 E.00612
G1 X106.957 Y69.026 E.01328
G1 X106.985 Y68.596 E.01075
G1 X106.829 Y68.358 E.0071
;WIDTH:0.600814
G1 X106.753 Y68.152 E.00529
G1 X106.855 Y67.934 E.0058
G1 X107.105 Y67.878 E.00617
G1 X107.195 Y67.932 E.00253
;WIDTH:0.621696
G1 X107.438 Y68.2 E.00903
G1 X107.634 Y68.201 E.00489
;WIDTH:0.575793
G1 X107.83 Y68.202 E.00452
;WIDTH:0.52989
G1 X108.027 Y68.202 E.00416
;WIDTH:0.483987
G1 X108.163 Y68.203 E.00262
G1 E-3.5 F3600
;WIPE_START
G1 F7200
G1 X108.223 Y68.203 E-.0285
G1 X108.01 Y68.326 E-.11683
G1 X107.798 Y68.448 E-.11618
G1 X107.585 Y68.571 E-.11683
G1 X107.373 Y68.694 E-.11642
G1 X106.957 Y69.026 E-.25281
G1 X106.985 Y68.596 E-.20468
G1 X106.829 Y68.358 E-.13517
G1 X106.753 Y68.152 E-.1043
G1 X106.855 Y67.934 E-.11432
G1 X107.105 Y67.878 E-.12169
G1 X107.195 Y67.932 E-.04985
G1 X107.227 Y67.967 E-.02242
;WIPE_END
G1 X125.151 Y93.654 F9000
G1 E5 F2400
;WIDTH:0.438086
G1 F936
G1 X124.51 Y94.051 E.01306
;WIDTH:0.430174
G1 X123.886 Y94.407 E.01221
;WIDTH:0.435324
G1 X123.244 Y94.733 E.01239
G1 X122.585 Y95.021 E.01237
;WIDTH:0.438974
G1 X122.121 Y95.211 E.0087
G1 X121.235 Y95.516 E.01627
;WIDTH:0.430056
G1 X120.543 Y95.712 E.01222
;WIDTH:0.443532
G1 X119.543 Y95.936 E.01798
;WIDTH:0.435738
G1 X118.855 Y96.057 E.01203
G1 X118.138 Y96.138 E.01243
;WIDTH:0.427384
G1 X117.42 Y96.19 E.01215
;WIDTH:0.435284
G1 X116.701 Y96.211 E.01238
;WIDTH:0.435516
G1 X115.982 Y96.195 E.01238
G1 X115.264 Y96.145 E.01239
G1 X114.55 Y96.061 E.01238
;WIDTH:0.435382
G1 X113.84 Y95.942 E.01239
;WIDTH:0.436262
G1 X112.868 Y95.727 E.01717
G1 X112.172 Y95.529 E.01248
;WIDTH:0.436088
G1 X111.486 Y95.299 E.01247
;WIDTH:0.435954
G1 X110.813 Y95.038 E.01244
;WIDTH:0.43583
G1 X110.155 Y94.745 E.01241
;WIDTH:0.435726
G1 X109.512 Y94.423 E.01239
G1 X108.885 Y94.07 E.01239
;WIDTH:0.435572
G1 X108.276 Y93.687 E.01239
;WIDTH:0.43179
G1 X107.724 Y93.304 E.01146
;WIDTH:0.432154
G1 X107.115 Y92.84 E.01307
G1 X106.564 Y92.376 E.0123
;WIDTH:0.43536
G1 X105.869 Y91.723 E.01641
;WIDTH:0.43594
G1 X105.339 Y91.165 E.01326
G1 X104.868 Y90.618 E.01244
G1 X104.425 Y90.051 E.0124
;WIDTH:0.435766
G1 X104.037 Y89.501 E.01159
;WIDTH:0.4311
G1 X103.649 Y88.897 E.01223
;WIDTH:0.431674
G1 X103.288 Y88.275 E.01227
G1 X102.957 Y87.636 E.01227
G1 X102.656 Y86.982 E.01228
G1 X102.387 Y86.315 E.01227
G1 X102.149 Y85.636 E.01227
;WIDTH:0.435022
G1 X101.871 Y84.675 E.0172
G1 X101.711 Y83.968 E.01246
;WIDTH:0.431252
G1 X101.585 Y83.259 E.01227
;WIDTH:0.431716
G1 X101.492 Y82.546 E.01226
G1 X101.432 Y81.829 E.01227
G1 X101.407 Y81.11 E.01227
G1 X101.415 Y80.391 E.01226
G1 X101.457 Y79.673 E.01227
;WIDTH:0.435236
G1 X101.571 Y78.678 E.01723
G1 X101.694 Y77.964 E.01246
;WIDTH:0.43504
G1 X101.851 Y77.261 E.01239
;WIDTH:0.4349
G1 X102.04 Y76.567 E.01236
;WIDTH:0.434774
G1 X102.261 Y75.883 E.01235
;WIDTH:0.434672
G1 X102.515 Y75.21 E.01236
G1 X102.802 Y74.55 E.01236
;WIDTH:0.429506
G1 X103.117 Y73.904 E.01219
;WIDTH:0.430784
G1 X103.462 Y73.272 E.01225
;WIDTH:0.443654
G1 X103.75 Y72.798 E.00974
G1 X104.289 Y71.995 E.01698
;WIDTH:0.43908
G1 X104.814 Y71.306 E.01504
;WIDTH:0.436546
G1 X105.318 Y70.715 E.0134
;WIDTH:0.434626
G1 X105.813 Y70.193 E.01236
;WIDTH:0.42931
G1 X106.331 Y69.694 E.0122
;WIDTH:0.439436
G1 X106.752 Y69.316 E.00983
;WIDTH:0.462056
G1 X106.86 Y69.206 E.00282
G1 X108.223 Y68.203 F9000
;WIDTH:0.438084
G1 F936
G1 X108.864 Y67.806 E.01306
;WIDTH:0.428166
G1 X109.489 Y67.45 E.01216
G1 X110.131 Y67.127 E.01215
G1 X110.788 Y66.833 E.01217
;WIDTH:0.428538
G1 X111.458 Y66.571 E.01218
G1 X112.139 Y66.342 E.01216
;WIDTH:0.428234
G1 X112.831 Y66.143 E.01218
;WIDTH:0.439052
G1 X113.331 Y66.02 E.00894
G1 X114.191 Y65.855 E.0152
;WIDTH:0.426008
G1 X114.95 Y65.75 E.01289
;WIDTH:0.431856
G1 X115.619 Y65.684 E.01147
G1 X116.574 Y65.649 E.01631
;WIDTH:0.430524
G1 X117.389 Y65.664 E.01386
;WIDTH:0.431774
G1 X118.063 Y65.709 E.01152
G1 X118.776 Y65.791 E.01224
G1 X119.486 Y65.906 E.01227
;WIDTH:0.431666
G1 X120.19 Y66.054 E.01227
G1 X120.886 Y66.235 E.01226
G1 X121.573 Y66.449 E.01227
G1 X122.249 Y66.695 E.01227
G1 X122.913 Y66.973 E.01228
G1 X123.563 Y67.281 E.01227
;WIDTH:0.434576
G1 X124.442 Y67.76 E.01719
G1 X125.057 Y68.143 E.01244
;WIDTH:0.431864
G1 X125.649 Y68.552 E.01228
;WIDTH:0.431638
G1 X126.222 Y68.987 E.01227
G1 X126.774 Y69.449 E.01228
G1 X127.303 Y69.936 E.01226
G1 X127.808 Y70.448 E.01226
G1 X128.289 Y70.983 E.01227
;WIDTH:0.43478
G1 X128.916 Y71.763 E.0172
G1 X129.337 Y72.354 E.01247
;WIDTH:0.434596
G1 X129.727 Y72.959 E.01236
;WIDTH:0.43447
G1 X130.085 Y73.582 E.01234
;WIDTH:0.431652
G1 X130.417 Y74.22 E.01227
G1 X130.718 Y74.874 E.01228
G1 X130.987 Y75.541 E.01227
G1 X131.225 Y76.22 E.01227
;WIDTH:0.434994
G1 X131.503 Y77.182 E.01722
G1 X131.664 Y77.889 E.01247
;WIDTH:0.434808
G1 X131.791 Y78.597 E.01236
;WIDTH:0.434672
G1 X131.882 Y79.31 E.01235
;WIDTH:0.431026
G1 X131.941 Y80.027 E.01225
;WIDTH:0.431676
G1 X131.967 Y80.746 E.01227
G1 X131.959 Y81.465 E.01226
G1 X131.917 Y82.184 E.01228
;WIDTH:0.435214
G1 X131.803 Y83.178 E.01721
G1 X131.68 Y83.893 E.01248
;WIDTH:0.435022
G1 X131.523 Y84.595 E.01237
;WIDTH:0.434882
G1 X131.334 Y85.289 E.01236
;WIDTH:0.434758
G1 X131.113 Y85.974 E.01237
;WIDTH:0.434656
G1 X130.859 Y86.647 E.01236
G1 X130.572 Y87.306 E.01235
;WIDTH:0.429164
G1 X130.256 Y87.953 E.01221
;WIDTH:0.438772
G1 X129.994 Y88.441 E.00961
;WIDTH:0.44369
G1 X129.624 Y89.058 E.01263
G1 X129.084 Y89.863 E.01702
;WIDTH:0.439112
G1 X128.65 Y90.437 E.0125
G1 X128.056 Y91.141 E.01599
;WIDTH:0.434358
G1 X127.561 Y91.663 E.01235
;WIDTH:0.42931
G1 X127.043 Y92.163 E.01221
;WIDTH:0.439434
G1 X126.622 Y92.541 E.00983
;WIDTH:0.448512
G1 X126.555 Y92.605 E.00165
G1 X126.861 Y92.977 F9000
;TYPE:External perimeter
;WIDTH:0.419999
G1 F936
G1 X126.849 Y93.066 E.00149
G1 X127.059 Y93.391 E.00641
G1 X127.119 Y93.71 E.00538
G1 X127.05 Y94.016 E.0052
G1 X126.885 Y94.253 E.00478
G1 X126.496 Y94.458 E.00729
G1 X126.138 Y94.439 E.00594
G1 X125.893 Y94.345 E.00435
G1 X125.613 Y94.038 E.00688
G1 X125.362 Y94.002 E.0042
G1 X124.288 Y94.654 E.02082
G1 X123.407 Y95.106 E.01641
G1 X122.267 Y95.592 E.02053
G1 X121.189 Y95.958 E.01886
G1 X120.133 Y96.235 E.01809
G1 X118.913 Y96.459 E.02055
G1 X117.782 Y96.579 E.01885
G1 X116.689 Y96.618 E.01812
G1 X115.947 Y96.601 E.0123
G1 X115.206 Y96.548 E.01231
G1 X114.468 Y96.46 E.01231
G1 X113.591 Y96.309 E.01475
G1 X112.767 Y96.121 E.014
G1 X112.052 Y95.918 E.01232
G1 X111.348 Y95.682 E.0123
G1 X110.655 Y95.412 E.01232
G1 X109.976 Y95.11 E.01231
G1 X109.311 Y94.776 E.01233
G1 X108.664 Y94.412 E.0123
G1 X107.912 Y93.935 E.01476
G1 X107.225 Y93.444 E.01399
G1 X106.643 Y92.982 E.01231
G1 X106.083 Y92.493 E.01232
G1 X105.547 Y91.977 E.01233
G1 X105.037 Y91.437 E.01231
G1 X104.552 Y90.874 E.01231
G1 X104.095 Y90.288 E.01231
G1 X103.584 Y89.558 E.01476
G1 X103.138 Y88.841 E.01399
G1 X102.779 Y88.191 E.0123
G1 X102.451 Y87.524 E.01232
G1 X102.154 Y86.842 E.01233
G1 X101.89 Y86.147 E.01232
G1 X101.66 Y85.441 E.0123
G1 X101.463 Y84.724 E.01232
G1 X101.273 Y83.854 E.01476
G1 X101.137 Y83.02 E.014
G1 X101.056 Y82.282 E.0123
G1 X101.009 Y81.54 E.01232
G1 X100.998 Y80.797 E.01231
G1 X101.021 Y80.054 E.01232
G1 X101.08 Y79.313 E.01232
G1 X101.174 Y78.576 E.01231
G1 X101.303 Y77.843 E.01233
G1 X101.467 Y77.118 E.01232
G1 X101.664 Y76.402 E.0123
G1 X101.895 Y75.695 E.01232
G1 X102.16 Y75.001 E.01231
G1 X102.563 Y74.095 E.01643
G1 X102.974 Y73.306 E.01474
G1 X103.403 Y72.579 E.01399
G1 X103.957 Y71.756 E.01644
G1 X104.498 Y71.05 E.01474
G1 X105.046 Y70.408 E.01399
G1 X105.542 Y69.893 E.01185
G1 X106.509 Y68.977 E.02207
G1 X106.525 Y68.79 E.00311
G1 X106.315 Y68.468 E.00637
G1 X106.254 Y68.15 E.00537
G1 X106.312 Y67.867 E.00479
G1 X106.49 Y67.6 E.00532
G1 X106.79 Y67.417 E.00582
G1 X107.231 Y67.405 E.00731
G1 X107.612 Y67.622 E.00727
G1 X107.749 Y67.804 E.00377
G1 X108.012 Y67.854 E.00444
G1 X109.086 Y67.203 E.02081
G1 X110.194 Y66.645 E.02056
G1 X111.108 Y66.264 E.01641
G1 X112.284 Y65.869 E.02056
G1 X113.243 Y65.621 E.01641
G1 X114.147 Y65.455 E.01523
G1 X114.936 Y65.348 E.01319
G1 X115.711 Y65.269 E.01291
G1 X116.802 Y65.24 E.01808
G1 X117.689 Y65.271 E.01471
G1 X118.427 Y65.335 E.01227
G1 X119.164 Y65.435 E.01232
G1 X119.895 Y65.57 E.01232
G1 X120.619 Y65.739 E.01232
G1 X121.334 Y65.942 E.01232
G1 X122.038 Y66.179 E.01231
G1 X122.731 Y66.449 E.01232
G1 X123.41 Y66.752 E.01232
G1 X124.074 Y67.086 E.01232
G1 X124.721 Y67.452 E.01232
G1 X125.435 Y67.904 E.014
G1 X126.16 Y68.421 E.01475
G1 X126.74 Y68.883 E.01229
G1 X127.3 Y69.372 E.01232
G1 X127.835 Y69.888 E.01232
G1 X128.345 Y70.428 E.01231
G1 X128.829 Y70.992 E.01231
G1 X129.286 Y71.578 E.01231
G1 X129.715 Y72.185 E.01232
G1 X130.115 Y72.813 E.01234
G1 X130.601 Y73.678 E.01644
G1 X130.928 Y74.343 E.01228
G1 X131.224 Y75.025 E.01232
G1 X131.487 Y75.72 E.01231
G1 X131.717 Y76.427 E.01232
G1 X131.913 Y77.144 E.01232
G1 X132.076 Y77.869 E.01231
G1 X132.203 Y78.602 E.01233
G1 X132.31 Y79.486 E.01475
G1 X132.365 Y80.328 E.01398
G1 X132.376 Y81.061 E.01215
G1 X132.352 Y81.804 E.01232
G1 X132.293 Y82.545 E.01232
G1 X132.199 Y83.282 E.01231
G1 X132.071 Y84.014 E.01231
G1 X131.907 Y84.739 E.01232
G1 X131.71 Y85.455 E.0123
G1 X131.478 Y86.162 E.01233
G1 X131.214 Y86.856 E.0123
G1 X130.811 Y87.762 E.01643
G1 X130.351 Y88.64 E.01642
G1 X129.971 Y89.278 E.0123
G1 X129.416 Y90.101 E.01645
G1 X128.969 Y90.692 E.01228
G1 X128.327 Y91.449 E.01645
G1 X127.832 Y91.963 E.01182
G1 X126.877 Y92.864 E.02175
G1 X126.869 Y92.917 E.00089
;LAYER_CHANGE
M117 DASHBOARD_LAYER_INDICATOR 13
;Z:1.4
;HEIGHT:0.1
;BEFORE_LAYER_CHANGE
M117 OBICO_LAYER_INDICATOR 12
G92 E0
;1.4
G1 E-3.5 F3600
;WIPE_START
G1 F7200
G1 X126.861 Y92.977 E-.02875
G1 X126.849 Y93.066 E-.04266
G1 X127.059 Y93.391 E-.1838
G1 X127.119 Y93.71 E-.15418
G1 X127.05 Y94.016 E-.149
G1 X126.885 Y94.253 E-.13717
G1 X126.496 Y94.458 E-.20886
G1 X126.138 Y94.439 E-.17029
G1 X125.893 Y94.345 E-.12465
G1 X125.613 Y94.038 E-.19737
G1 X125.398 Y94.007 E-.10327
;WIPE_END
G1 Z1.4 F9000
;AFTER_LAYER_CHANGE
;1.4
G1 X126.29 Y92.242
G1 E5 F2400
G1 F956
G1 X125.622 Y92.773 E.01414
G1 X124.901 Y93.291 E.01471
G1 X124.262 Y93.694 E.01252
G1 X123.66 Y94.032 E.01144
G1 X123.043 Y94.343 E.01145
G1 X122.412 Y94.624 E.01145
G1 X121.768 Y94.875 E.01145
G1 X121.114 Y95.097 E.01144
G1 X120.117 Y95.37 E.01713
G1 X119.439 Y95.515 E.01149
G1 X118.784 Y95.623 E.011
G1 X118.071 Y95.707 E.0119
G1 X117.382 Y95.756 E.01145
G1 X116.692 Y95.772 E.01144
G1 X116.001 Y95.756 E.01145
G1 X115.312 Y95.708 E.01144
G1 X114.626 Y95.628 E.01144
G1 X113.944 Y95.516 E.01145
G1 X112.965 Y95.297 E.01662
G1 X112.294 Y95.106 E.01156
G1 X111.627 Y94.883 E.01165
G1 X110.971 Y94.627 E.01167
G1 X110.34 Y94.347 E.01144
G1 X109.701 Y94.024 E.01186
G1 X109.097 Y93.676 E.01155
G1 X108.389 Y93.233 E.01384
G1 X107.728 Y92.763 E.01344
G1 X107.149 Y92.302 E.01226
G1 X106.649 Y91.863 E.01102
G1 X106.142 Y91.375 E.01166
G1 X105.659 Y90.864 E.01165
G1 X105.209 Y90.34 E.01144
G1 X104.783 Y89.796 E.01145
G1 X104.384 Y89.233 E.01143
G1 X104.01 Y88.651 E.01146
G1 X103.665 Y88.053 E.01144
G1 X103.214 Y87.156 E.01664
G1 X102.935 Y86.515 E.01158
G1 X102.686 Y85.857 E.01166
G1 X102.468 Y85.19 E.01163
G1 X102.285 Y84.524 E.01144
G1 X102.134 Y83.85 E.01144
G1 X102.013 Y83.17 E.01144
G1 X101.925 Y82.484 E.01146
G1 X101.869 Y81.796 E.01144
G1 X101.844 Y81.106 E.01144
G1 X101.866 Y80.118 E.01637
G1 X101.923 Y79.39 E.0121
G1 X102.012 Y78.696 E.01159
G1 X102.132 Y78.016 E.01144
G1 X102.283 Y77.342 E.01144
G1 X102.465 Y76.675 E.01146
G1 X102.679 Y76.018 E.01145
G1 X102.922 Y75.372 E.01144
G1 X103.332 Y74.451 E.0167
G1 X103.66 Y73.812 E.0119
G1 X104.006 Y73.213 E.01146
G1 X104.378 Y72.632 E.01143
G1 X104.778 Y72.068 E.01146
G1 X105.156 Y71.583 E.01019
G1 X105.653 Y70.999 E.01271
G1 X106.127 Y70.497 E.01144
G1 X106.623 Y70.017 E.01144
G1 X107.043 Y69.647 E.00927
G1 X107.752 Y69.084 E.015
G1 X108.414 Y68.606 E.01353
G1 X109.112 Y68.163 E.0137
G1 X109.714 Y67.824 E.01145
G1 X110.331 Y67.514 E.01144
G1 X110.962 Y67.233 E.01145
G1 X111.54 Y67.007 E.01028
G1 X112.26 Y66.76 E.01261
G1 X112.924 Y66.569 E.01145
G1 X114.275 Y66.282 E.02288
G1 X114.959 Y66.185 E.01145
G1 X115.647 Y66.121 E.01145
G1 X116.552 Y66.086 E.01501
G1 X117.372 Y66.1 E.01359
G1 X118.062 Y66.148 E.01146
G1 X118.748 Y66.228 E.01144
G1 X119.43 Y66.34 E.01145
G1 X120.106 Y66.483 E.01145
G1 X120.774 Y66.658 E.01144
G1 X121.434 Y66.864 E.01146
G1 X122.083 Y67.1 E.01144
G1 X122.762 Y67.385 E.0122
G1 X123.65 Y67.819 E.01638
G1 X124.254 Y68.158 E.01148
G1 X124.84 Y68.524 E.01145
G1 X125.408 Y68.917 E.01144
G1 X125.958 Y69.335 E.01145
G1 X126.487 Y69.779 E.01144
G1 X126.995 Y70.247 E.01144
G1 X127.481 Y70.738 E.01145
G1 X127.973 Y71.287 E.01221
G1 X128.589 Y72.059 E.01636
G1 X128.99 Y72.624 E.01148
G1 X129.363 Y73.205 E.01144
G1 X129.709 Y73.803 E.01145
G1 X130.026 Y74.417 E.01145
G1 X130.315 Y75.045 E.01145
G1 X130.574 Y75.685 E.01144
G1 X130.803 Y76.337 E.01145
G1 X131.001 Y76.999 E.01145
G1 X131.168 Y77.669 E.01144
G1 X131.304 Y78.346 E.01144
G1 X131.409 Y79.029 E.01145
G1 X131.474 Y79.658 E.01048
G1 X131.512 Y80.354 E.01155
G1 X131.526 Y81.051 E.01155
G1 X131.501 Y81.75 E.01159
G1 X131.45 Y82.473 E.01201
G1 X131.362 Y83.16 E.01148
G1 X131.242 Y83.841 E.01146
G1 X131.091 Y84.515 E.01144
G1 X130.909 Y85.181 E.01144
G1 X130.695 Y85.838 E.01145
G1 X130.452 Y86.485 E.01145
G1 X130.042 Y87.405 E.01669
G1 X129.714 Y88.045 E.01192
G1 X129.368 Y88.643 E.01145
G1 X128.996 Y89.225 E.01144
G1 X128.596 Y89.789 E.01146
G1 X128.171 Y90.333 E.01144
G1 X127.721 Y90.857 E.01144
G1 X127.247 Y91.36 E.01145
G1 X126.751 Y91.84 E.01144
G1 X126.336 Y92.205 E.00916
G1 E-3.5 F3600
;WIPE_START
G1 F7200
G1 X126.29 Y92.242 E-.02804
G1 X125.622 Y92.773 E-.40534
G1 X124.901 Y93.291 E-.4217
G1 X124.262 Y93.694 E-.35885
G1 X123.737 Y93.989 E-.28607
;WIPE_END
G1 X108.171 Y68.254 F9000
G1 E5 F2400
;TYPE:Perimeter
;WIDTH:0.529256
G1 F956
G1 X107.996 Y68.345 E.00416
;WIDTH:0.578738
G1 X107.822 Y68.436 E.00455
;WIDTH:0.62822
G1 X107.647 Y68.527 E.00498
G1 X106.947 Y69.074 E.02241
G1 X106.98 Y68.575 E.01262
G1 X106.829 Y68.357 E.00669
;WIDTH:0.600754
G1 X106.753 Y68.153 E.00524
G1 X106.856 Y67.934 E.00583
G1 X107.105 Y67.878 E.00615
G1 X107.195 Y67.932 E.00253
;WIDTH:0.62822
G1 X107.452 Y68.218 E.0097
G1 X107.66 Y68.34 E.00608
G1 X107.83 Y68.312 E.00435
;WIDTH:0.578738
G1 X108 Y68.283 E.004
;WIDTH:0.529256
G1 X108.111 Y68.264 E.00238
G1 E-3.5 F3600
;WIPE_START
G1 F7200
G1 X108.171 Y68.254 E-.02889
G1 X107.996 Y68.345 E-.09369
G1 X107.822 Y68.436 E-.09327
G1 X107.647 Y68.527 E-.09369
G1 X106.947 Y69.074 E-.42198
G1 X106.98 Y68.575 E-.23754
G1 X106.829 Y68.357 E-.12596
G1 X106.753 Y68.153 E-.10341
G1 X106.856 Y67.934 E-.11496
G1 X107.105 Y67.878 E-.12123
G1 X107.195 Y67.932 E-.04985
G1 X107.217 Y67.956 E-.01553
;WIPE_END
G1 X125.142 Y93.64 F9000
G1 E5 F2400
;WIDTH:0.510643
G1 F956
G1 X125.288 Y93.562 E.00337
;WIDTH:0.549836
G1 X125.435 Y93.484 E.00366
;WIDTH:0.589028
G1 X125.581 Y93.407 E.00389
;WIDTH:0.628221
G1 X125.727 Y93.329 E.00418
G1 X126.427 Y92.782 E.02241
G1 X126.394 Y93.282 E.01264
G1 X126.602 Y93.577 E.00911
;WIDTH:0.591133
G1 X126.599 Y93.817 E.00568
G1 X126.404 Y93.981 E.00603
G1 X126.204 Y93.96 E.00476
;WIDTH:0.628221
G1 X125.922 Y93.639 E.01078
G1 X125.714 Y93.516 E.0061
G1 X125.571 Y93.547 E.00369
;WIDTH:0.589028
G1 X125.428 Y93.578 E.00345
;WIDTH:0.549836
G1 X125.285 Y93.609 E.00321
;WIDTH:0.510643
G1 X125.201 Y93.627 E.00175
G1 E-3.5 F3600
;WIPE_START
G1 F7200
G1 X125.142 Y93.64 E-.0287
G1 X125.288 Y93.562 E-.07863
G1 X125.435 Y93.484 E-.07905
G1 X125.581 Y93.407 E-.0784
G1 X125.727 Y93.329 E-.07863
G1 X126.427 Y92.782 E-.42198
G1 X126.394 Y93.282 E-.23802
G1 X126.602 Y93.577 E-.17145
G1 X126.599 Y93.817 E-.11401
G1 X126.404 Y93.981 E-.12103
G1 X126.215 Y93.961 E-.0901
;WIPE_END
G1 X108.171 Y68.254 F9000
G1 E5 F2400
;WIDTH:0.479774
G1 F956
G1 X108.891 Y67.809 E.01613
;WIDTH:0.460992
G1 X109.509 Y67.459 E.01298
G1 X110.143 Y67.139 E.01298
G1 X110.792 Y66.851 E.01297
;WIDTH:0.469768
G1 X111.386 Y66.613 E.01193
G1 X112.126 Y66.363 E.01456
;WIDTH:0.46141
G1 X112.809 Y66.166 E.013
;WIDTH:0.471668
G1 X113.334 Y66.036 E.01012
G1 X114.198 Y65.871 E.01646
;WIDTH:0.45927
G1 X114.901 Y65.772 E.01292
;WIDTH:0.464622
G1 X115.608 Y65.702 E.01309
G1 X116.536 Y65.666 E.01711
;WIDTH:0.463688
G1 X117.379 Y65.68 E.0155
;WIDTH:0.46498
G1 X118.091 Y65.728 E.01316
G1 X118.797 Y65.81 E.01311
G1 X119.498 Y65.925 E.0131
;WIDTH:0.46487
G1 X120.193 Y66.072 E.0131
G1 X120.881 Y66.251 E.01311
G1 X121.559 Y66.462 E.01309
G1 X122.227 Y66.704 E.0131
;WIDTH:0.465286
G1 X122.925 Y66.997 E.01397
;WIDTH:0.468454
G1 X123.835 Y67.439 E.0188
G1 X124.461 Y67.79 E.01334
;WIDTH:0.468142
G1 X125.064 Y68.166 E.0132
;WIDTH:0.467882
G1 X125.648 Y68.569 E.01317
;WIDTH:0.467628
G1 X126.214 Y69 E.0132
;WIDTH:0.467388
G1 X126.757 Y69.458 E.01317
;WIDTH:0.46478
G1 X127.28 Y69.938 E.01308
G1 X127.78 Y70.443 E.0131
;WIDTH:0.465284
G1 X128.286 Y71.006 E.01397
;WIDTH:0.46844
G1 X128.92 Y71.795 E.01881
G1 X129.335 Y72.379 E.01331
;WIDTH:0.46813
G1 X129.719 Y72.977 E.0132
;WIDTH:0.46787
G1 X130.073 Y73.594 E.0132
;WIDTH:0.46482
G1 X130.4 Y74.224 E.01308
G1 X130.697 Y74.869 E.01309
G1 X130.964 Y75.527 E.01309
G1 X131.2 Y76.197 E.01309
G1 X131.404 Y76.878 E.0131
G1 X131.577 Y77.567 E.01309
G1 X131.717 Y78.263 E.01309
G1 X131.824 Y78.966 E.01311
;WIDTH:0.471524
G1 X131.896 Y79.615 E.01222
;WIDTH:0.476938
G1 X131.938 Y80.334 E.01364
G1 X131.951 Y81.057 E.01369
;WIDTH:0.475528
G1 X131.927 Y81.78 E.01366
G1 X131.872 Y82.501 E.01365
;WIDTH:0.4693
G1 X131.782 Y83.214 E.01338
;WIDTH:0.468954
G1 X131.659 Y83.914 E.01322
;WIDTH:0.46866
G1 X131.503 Y84.607 E.01321
;WIDTH:0.46838
G1 X131.316 Y85.293 E.01321
;WIDTH:0.468106
G1 X131.097 Y85.969 E.0132
;WIDTH:0.46785
G1 X130.847 Y86.634 E.01318
;WIDTH:0.46997
G1 X130.429 Y87.577 E.01923
G1 X130.087 Y88.238 E.01388
;WIDTH:0.465312
G1 X129.733 Y88.854 E.01311
G1 X129.349 Y89.451 E.0131
G1 X128.94 Y90.032 E.01311
G1 X128.502 Y90.592 E.01312
;WIDTH:0.467618
G1 X128.042 Y91.132 E.01316
G1 X127.553 Y91.648 E.01319
;WIDTH:0.462426
G1 X127.042 Y92.141 E.01302
;WIDTH:0.472244
G1 X126.611 Y92.529 E.01087
;WIDTH:0.481578
G1 X126.542 Y92.596 E.00184
G1 X125.142 Y93.64 F9000
;WIDTH:0.47145
G1 F956
G1 X124.483 Y94.048 E.0145
;WIDTH:0.463114
G1 X123.866 Y94.399 E.01303
;WIDTH:0.468664
G1 X123.232 Y94.72 E.01321
G1 X122.581 Y95.005 E.01321
;WIDTH:0.471984
G1 X122.115 Y95.196 E.00943
G1 X121.248 Y95.495 E.01718
;WIDTH:0.46336
G1 X120.228 Y95.775 E.01943
G1 X119.526 Y95.923 E.01318
;WIDTH:0.469348
G1 X118.853 Y96.04 E.01272
G1 X118.12 Y96.123 E.01374
;WIDTH:0.460268
G1 X117.411 Y96.173 E.01297
;WIDTH:0.468436
G1 X116.701 Y96.195 E.0132
G1 X115.991 Y96.179 E.0132
G1 X115.282 Y96.13 E.01321
;WIDTH:0.468222
G1 X114.577 Y96.048 E.01318
;WIDTH:0.467954
G1 X113.876 Y95.932 E.01319
;WIDTH:0.470204
G1 X112.872 Y95.71 E.01918
G1 X112.177 Y95.513 E.01348
;WIDTH:0.469614
G1 X111.492 Y95.284 E.01346
;WIDTH:0.469344
G1 X110.817 Y95.022 E.01348
;WIDTH:0.469058
G1 X110.168 Y94.733 E.01322
;WIDTH:0.470008
G1 X109.51 Y94.402 E.01374
;WIDTH:0.476128
G1 X108.883 Y94.046 E.01363
G1 X108.156 Y93.587 E.01625
;WIDTH:0.471364
G1 X107.479 Y93.105 E.01554
;WIDTH:0.470044
G1 X106.914 Y92.656 E.01346
;WIDTH:0.469846
G1 X106.369 Y92.18 E.01349
;WIDTH:0.469588
G1 X105.848 Y91.679 E.01347
;WIDTH:0.469318
G1 X105.351 Y91.154 E.01346
;WIDTH:0.469036
G1 X104.888 Y90.616 E.01321
;WIDTH:0.468736
G1 X104.45 Y90.056 E.01322
;WIDTH:0.46845
G1 X104.04 Y89.476 E.0132
;WIDTH:0.464706
G1 X103.657 Y88.878 E.01309
;WIDTH:0.464868
G1 X103.3 Y88.264 E.01309
;WIDTH:0.4702
G1 X102.835 Y87.346 E.0192
G1 X102.546 Y86.683 E.01349
;WIDTH:0.469564
G1 X102.29 Y86.006 E.01348
;WIDTH:0.469292
G1 X102.066 Y85.321 E.01342
;WIDTH:0.469008
G1 X101.877 Y84.636 E.01322
;WIDTH:0.46871
G1 X101.723 Y83.942 E.01322
;WIDTH:0.4649
G1 X101.599 Y83.243 E.01309
G1 X101.507 Y82.538 E.01311
G1 X101.449 Y81.83 E.0131
G1 X101.424 Y81.12 E.0131
;WIDTH:0.468966
G1 X101.443 Y80.108 E.01883
;WIDTH:0.469284
G1 X101.501 Y79.357 E.01402
G1 X101.592 Y78.642 E.01342
;WIDTH:0.46898
G1 X101.715 Y77.942 E.01322
;WIDTH:0.46868
G1 X101.871 Y77.249 E.01321
;WIDTH:0.4684
G1 X102.058 Y76.564 E.01319
;WIDTH:0.468124
G1 X102.277 Y75.888 E.0132
;WIDTH:0.467864
G1 X102.527 Y75.223 E.01319
;WIDTH:0.469992
G1 X102.945 Y74.279 E.01925
G1 X103.286 Y73.618 E.01387
;WIDTH:0.465802
G1 X103.641 Y73.003 E.01312
;WIDTH:0.46431
G1 X104.025 Y72.405 E.01308
;WIDTH:0.464194
G1 X104.434 Y71.825 E.01306
;WIDTH:0.470024
G1 X104.822 Y71.323 E.01183
G1 X105.332 Y70.724 E.01467
;WIDTH:0.46786
G1 X105.821 Y70.209 E.01318
;WIDTH:0.462428
G1 X106.332 Y69.715 E.01303
;WIDTH:0.472244
G1 X106.763 Y69.328 E.01086
;WIDTH:0.48866
G1 X106.856 Y69.235 E.00255
G1 X106.514 Y68.88 F9000
;TYPE:External perimeter
;WIDTH:0.419999
G1 F956
G1 X106.523 Y68.785 E.00158
G1 X106.315 Y68.467 E.0063
G1 X106.254 Y68.15 E.00535
G1 X106.312 Y67.867 E.00479
G1 X106.491 Y67.599 E.00534
G1 X106.79 Y67.417 E.0058
G1 X107.231 Y67.405 E.00731
G1 X107.464 Y67.525 E.00434
G1 X107.827 Y67.866 E.00825
G1 X108.012 Y67.854 E.00307
G1 X109.086 Y67.203 E.02081
G1 X110.193 Y66.645 E.02054
G1 X111.238 Y66.215 E.01872
G1 X112.284 Y65.869 E.01826
G1 X113.243 Y65.621 E.01641
G1 X114.463 Y65.397 E.02055
G1 X115.696 Y65.27 E.02054
G1 X116.797 Y65.239 E.01825
G1 X117.678 Y65.27 E.01461
G1 X118.418 Y65.334 E.01231
G1 X119.155 Y65.434 E.01232
G1 X119.886 Y65.568 E.01231
G1 X120.609 Y65.737 E.0123
G1 X121.325 Y65.939 E.01233
G1 X122.029 Y66.176 E.01231
G1 X122.722 Y66.445 E.01232
G1 X123.401 Y66.747 E.01231
G1 X124.065 Y67.081 E.01232
G1 X124.713 Y67.446 E.01232
G1 X125.342 Y67.841 E.01231
G1 X125.952 Y68.266 E.01232
G1 X126.541 Y68.719 E.01231
G1 X127.293 Y69.366 E.01644
G1 X127.828 Y69.881 E.0123
G1 X128.339 Y70.421 E.01232
G1 X128.823 Y70.984 E.0123
G1 X129.281 Y71.57 E.01232
G1 X129.71 Y72.177 E.01232
G1 X130.109 Y72.803 E.0123
G1 X130.791 Y74.064 E.02375
G1 X131.095 Y74.728 E.0121
G1 X131.368 Y75.405 E.0121
G1 X131.609 Y76.094 E.01209
G1 X131.818 Y76.794 E.0121
G1 X131.994 Y77.503 E.0121
G1 X132.137 Y78.219 E.0121
G1 X132.244 Y78.946 E.01218
G1 X132.328 Y79.728 E.01303
G1 X132.365 Y80.328 E.00996
G1 X132.376 Y81.061 E.01215
G1 X132.352 Y81.804 E.01232
G1 X132.293 Y82.545 E.01232
G1 X132.199 Y83.282 E.01231
G1 X132.071 Y84.014 E.01231
G1 X131.907 Y84.739 E.01232
G1 X131.71 Y85.455 E.0123
G1 X131.478 Y86.162 E.01233
G1 X131.214 Y86.856 E.0123
G1 X130.811 Y87.762 E.01643
G1 X130.351 Y88.64 E.01642
G1 X129.971 Y89.278 E.0123
G1 X129.416 Y90.101 E.01645
G1 X128.969 Y90.692 E.01228
G1 X128.327 Y91.449 E.01645
G1 X127.835 Y91.96 E.01175
G1 X126.877 Y92.864 E.02182
G1 X126.851 Y93.072 E.00347
G1 X127.059 Y93.391 E.00631
G1 X127.119 Y93.709 E.00536
G1 X127.05 Y94.016 E.00521
G1 X126.885 Y94.253 E.00478
G1 X126.659 Y94.393 E.0044
G1 X126.409 Y94.477 E.00437
G1 X125.973 Y94.387 E.00738
G1 X125.547 Y93.991 E.00964
G1 X125.362 Y94.002 E.00307
G1 X124.288 Y94.654 E.02082
G1 X123.407 Y95.106 E.01641
G1 X122.266 Y95.593 E.02056
G1 X121.197 Y95.955 E.0187
G1 X120.133 Y96.235 E.01823
G1 X118.913 Y96.459 E.02055
G1 X117.79 Y96.579 E.01871
G1 X116.689 Y96.618 E.01825
G1 X115.947 Y96.601 E.0123
G1 X115.206 Y96.548 E.01231
G1 X114.468 Y96.46 E.01231
G1 X113.598 Y96.311 E.01463
G1 X112.767 Y96.121 E.01412
G1 X112.052 Y95.918 E.01232
G1 X111.347 Y95.682 E.01232
G1 X110.655 Y95.412 E.01231
G1 X109.975 Y95.11 E.01233
G1 X109.311 Y94.776 E.01232
G1 X108.664 Y94.412 E.0123
G1 X107.919 Y93.939 E.01462
G1 X107.225 Y93.444 E.01412
G1 X106.643 Y92.982 E.01231
G1 X106.083 Y92.493 E.01232
G1 X105.547 Y91.977 E.01233
G1 X105.037 Y91.437 E.01231
G1 X104.552 Y90.874 E.01231
G1 X104.095 Y90.288 E.01231
G1 X103.589 Y89.565 E.01462
G1 X103.138 Y88.841 E.01413
G1 X102.779 Y88.191 E.0123
G1 X102.451 Y87.524 E.01232
G1 X102.154 Y86.842 E.01233
G1 X101.89 Y86.147 E.01232
G1 X101.66 Y85.44 E.01232
G1 X101.463 Y84.724 E.0123
G1 X101.274 Y83.862 E.01462
G1 X101.137 Y83.02 E.01413
G1 X101.056 Y82.282 E.0123
G1 X101.009 Y81.54 E.01232
G1 X100.998 Y80.797 E.01231
G1 X101.021 Y80.054 E.01232
G1 X101.08 Y79.313 E.01232
G1 X101.174 Y78.576 E.01231
G1 X101.303 Y77.843 E.01233
G1 X101.467 Y77.118 E.01232
G1 X101.664 Y76.402 E.0123
G1 X101.895 Y75.695 E.01232
G1 X102.16 Y75.001 E.01231
G1 X102.563 Y74.095 E.01643
G1 X102.97 Y73.313 E.01461
G1 X103.403 Y72.579 E.01412
G1 X103.957 Y71.756 E.01644
G1 X104.493 Y71.056 E.01461
G1 X105.046 Y70.408 E.01412
G1 X105.539 Y69.897 E.01177
G1 X106.504 Y68.984 E.02201
G1 X106.508 Y68.94 E.00073
;LAYER_CHANGE
M117 DASHBOARD_LAYER_INDICATOR 14
;Z:1.5
;HEIGHT:0.1
;BEFORE_LAYER_CHANGE
M117 OBICO_LAYER_INDICATOR 13
G92 E0
;1.5
G1 E-3.5 F3600
;WIPE_START
G1 F7200
G1 X106.514 Y68.88 E-.02864
G1 X106.523 Y68.785 E-.04533
G1 X106.315 Y68.467 E-.18049
G1 X106.254 Y68.15 E-.15334
G1 X106.312 Y67.867 E-.13722
G1 X106.491 Y67.599 E-.15308
G1 X106.79 Y67.417 E-.16627
G1 X107.231 Y67.405 E-.20955
G1 X107.464 Y67.525 E-.12449
G1 X107.827 Y67.866 E-.23657
G1 X107.963 Y67.857 E-.06502
;WIPE_END
G1 Z1.5 F9000
;AFTER_LAYER_CHANGE
;1.5
G1 X107.108 Y69.638
G1 E5 F2400
G1 F935
G1 X107.772 Y69.11 E.01406
G1 X108.431 Y68.635 E.01346
G1 X109.129 Y68.191 E.01371
G1 X109.73 Y67.853 E.01142
G1 X110.346 Y67.544 E.01142
G1 X110.975 Y67.263 E.01141
G1 X111.617 Y67.012 E.01142
G1 X112.27 Y66.792 E.01142
G1 X112.933 Y66.601 E.01143
G1 X113.44 Y66.481 E.00863
G1 X114.28 Y66.314 E.01419
G1 X114.963 Y66.218 E.01143
G1 X115.649 Y66.154 E.01142
G1 X116.516 Y66.12 E.01438
G1 X117.37 Y66.133 E.01415
G1 X118.059 Y66.181 E.01144
G1 X118.744 Y66.261 E.01143
G1 X119.424 Y66.373 E.01142
G1 X120.098 Y66.516 E.01142
G1 X120.765 Y66.69 E.01142
G1 X121.423 Y66.895 E.01142
G1 X122.071 Y67.131 E.01143
G1 X123.018 Y67.539 E.01709
G1 X123.636 Y67.849 E.01146
G1 X124.237 Y68.187 E.01142
G1 X124.822 Y68.552 E.01143
G1 X125.389 Y68.943 E.01141
G1 X125.937 Y69.361 E.01142
G1 X126.465 Y69.804 E.01142
G1 X126.972 Y70.271 E.01142
G1 X127.457 Y70.761 E.01142
G1 X127.918 Y71.273 E.01142
G1 X128.355 Y71.806 E.01142
G1 X128.767 Y72.359 E.01143
G1 X129.235 Y73.063 E.01401
G1 X129.679 Y73.818 E.01451
G1 X129.997 Y74.432 E.01146
G1 X130.285 Y75.058 E.01142
G1 X130.596 Y75.844 E.01401
G1 X130.874 Y76.675 E.01452
G1 X131.057 Y77.341 E.01144
G1 X131.208 Y78.013 E.01141
G1 X131.328 Y78.692 E.01142
G1 X131.416 Y79.376 E.01143
G1 X131.472 Y80.062 E.0114
G1 X131.497 Y80.751 E.01142
G1 X131.473 Y81.769 E.01687
G1 X131.418 Y82.463 E.01154
G1 X131.329 Y83.155 E.01156
G1 X131.21 Y83.834 E.01142
G1 X131.059 Y84.507 E.01143
G1 X130.877 Y85.172 E.01142
G1 X130.664 Y85.827 E.01141
G1 X130.421 Y86.472 E.01142
G1 X130.012 Y87.391 E.01667
G1 X129.684 Y88.029 E.01189
G1 X129.34 Y88.626 E.01142
G1 X128.968 Y89.206 E.01142
G1 X128.57 Y89.769 E.01142
G1 X128.145 Y90.312 E.01143
G1 X127.697 Y90.835 E.01141
G1 X127.224 Y91.337 E.01143
G1 X126.728 Y91.815 E.01141
G1 X126.308 Y92.185 E.00927
G1 X125.602 Y92.747 E.01495
G1 X124.883 Y93.263 E.01466
G1 X124.245 Y93.665 E.01249
G1 X123.644 Y94.003 E.01142
G1 X123.028 Y94.313 E.01143
G1 X122.399 Y94.593 E.01141
G1 X121.757 Y94.844 E.01142
G1 X121.104 Y95.065 E.01142
G1 X120.109 Y95.338 E.0171
G1 X119.433 Y95.482 E.01145
G1 X118.779 Y95.59 E.01098
G1 X118.068 Y95.674 E.01186
G1 X117.381 Y95.723 E.01141
G1 X116.692 Y95.739 E.01142
G1 X116.003 Y95.723 E.01142
G1 X115.315 Y95.675 E.01143
G1 X114.63 Y95.595 E.01143
G1 X113.768 Y95.447 E.01449
G1 X112.975 Y95.265 E.01348
G1 X112.303 Y95.075 E.01157
G1 X111.638 Y94.851 E.01163
G1 X110.984 Y94.597 E.01162
G1 X110.354 Y94.317 E.01142
G1 X109.738 Y94.007 E.01143
G1 X109.137 Y93.67 E.01142
G1 X108.552 Y93.305 E.01143
G1 X107.985 Y92.913 E.01142
G1 X107.196 Y92.296 E.0166
G1 X106.653 Y91.822 E.01194
G1 X106.165 Y91.351 E.01124
G1 X105.684 Y90.842 E.0116
G1 X105.234 Y90.319 E.01143
G1 X104.81 Y89.776 E.01142
G1 X104.322 Y89.077 E.01413
G1 X103.893 Y88.386 E.01348
G1 X103.555 Y87.776 E.01156
G1 X103.246 Y87.146 E.01163
G1 X102.966 Y86.502 E.01164
G1 X102.717 Y85.845 E.01164
G1 X102.5 Y85.18 E.01159
G1 X102.317 Y84.516 E.01141
G1 X102.166 Y83.843 E.01143
G1 X102.046 Y83.165 E.01141
G1 X101.958 Y82.481 E.01143
G1 X101.902 Y81.794 E.01142
G1 X101.877 Y81.105 E.01142
G1 X101.901 Y80.089 E.01684
G1 X101.956 Y79.394 E.01155
G1 X102.045 Y78.701 E.01158
G1 X102.164 Y78.022 E.01142
G1 X102.315 Y77.35 E.01141
G1 X102.497 Y76.685 E.01142
G1 X102.71 Y76.029 E.01143
G1 X102.953 Y75.384 E.01142
G1 X103.362 Y74.465 E.01667
G1 X103.69 Y73.827 E.01189
G1 X104.034 Y73.23 E.01142
G1 X104.406 Y72.65 E.01142
G1 X104.804 Y72.088 E.01141
G1 X105.177 Y71.61 E.01005
G1 X105.677 Y71.021 E.0128
G1 X106.15 Y70.52 E.01142
G1 X106.646 Y70.041 E.01143
G1 X107.061 Y69.676 E.00916
G1 X106.947 Y69.113 F9000
;TYPE:Perimeter
;WIDTH:0.634368
G1 F935
G1 X106.99 Y68.59 E.01337
G1 X106.829 Y68.357 E.00722
;WIDTH:0.600691
G1 X106.753 Y68.154 E.00522
G1 X106.855 Y67.935 E.00582
G1 X107.036 Y67.87 E.00463
G1 X107.195 Y67.932 E.00411
;WIDTH:0.634368
G1 X107.465 Y68.232 E.01028
G1 X107.674 Y68.349 E.0061
G1 X107.842 Y68.322 E.00434
;WIDTH:0.593978
G1 X108.01 Y68.296 E.00405
;WIDTH:0.553588
G1 X108.178 Y68.269 E.00376
G1 X108.007 Y68.363 E.00432
;WIDTH:0.593978
G1 X107.836 Y68.458 E.00466
;WIDTH:0.634368
G1 X107.665 Y68.552 E.00497
G1 X106.994 Y69.076 E.02169
G1 E-3.5 F3600
;WIPE_START
G1 F7200
G1 X106.947 Y69.113 E-.02841
G1 X106.99 Y68.59 E-.24926
G1 X106.829 Y68.357 E-.13453
G1 X106.753 Y68.154 E-.10296
G1 X106.855 Y67.935 E-.11475
G1 X107.036 Y67.87 E-.09135
G1 X107.195 Y67.932 E-.08106
G1 X107.465 Y68.232 E-.19171
G1 X107.674 Y68.349 E-.11377
G1 X107.842 Y68.322 E-.08082
G1 X108.01 Y68.296 E-.08075
G1 X108.178 Y68.269 E-.08082
G1 X108.007 Y68.363 E-.09269
G1 X107.902 Y68.421 E-.05712
;WIPE_END
G1 X125.134 Y93.625 F9000
G1 E5 F2400
;WIDTH:0.547893
G1 F935
G1 X125.326 Y93.518 E.00481
;WIDTH:0.591128
G1 X125.518 Y93.412 E.00519
;WIDTH:0.634363
G1 X125.709 Y93.305 E.00558
G1 X126.427 Y92.744 E.02322
G1 X126.384 Y93.266 E.01335
G1 X126.602 Y93.577 E.00968
;WIDTH:0.59101
G1 X126.599 Y93.818 E.00571
G1 X126.404 Y93.981 E.00602
G1 X126.204 Y93.96 E.00476
;WIDTH:0.634363
G1 X125.909 Y93.625 E.01137
G1 X125.7 Y93.508 E.0061
G1 X125.511 Y93.547 E.00492
;WIDTH:0.591128
G1 X125.323 Y93.586 E.00455
;WIDTH:0.547893
G1 X125.192 Y93.613 E.00293
G1 E-3.5 F3600
;WIPE_START
G1 F7200
G1 X125.134 Y93.625 E-.02813
G1 X125.326 Y93.518 E-.10441
G1 X125.518 Y93.412 E-.10418
G1 X125.709 Y93.305 E-.10399
G1 X126.427 Y92.744 E-.43281
G1 X126.384 Y93.266 E-.24879
G1 X126.602 Y93.577 E-.1804
G1 X126.599 Y93.818 E-.11448
G1 X126.404 Y93.981 E-.12072
G1 X126.274 Y93.967 E-.06209
;WIPE_END
G1 X108.178 Y68.269 F9000
G1 E5 F2400
;WIDTH:0.513198
G1 F935
G1 X108.899 Y67.823 E.01733
;WIDTH:0.494188
G1 X109.516 Y67.474 E.01393
G1 X110.15 Y67.155 E.01395
;WIDTH:0.49449
G1 X110.798 Y66.865 E.01396
;WIDTH:0.505236
G1 X111.263 Y66.677 E.01009
G1 X112.131 Y66.379 E.01846
;WIDTH:0.494602
G1 X112.812 Y66.182 E.01395
;WIDTH:0.504834
G1 X113.338 Y66.052 E.01089
G1 X114.2 Y65.887 E.01764
;WIDTH:0.49245
G1 X114.902 Y65.788 E.01388
;WIDTH:0.497794
G1 X115.609 Y65.718 E.01407
G1 X116.498 Y65.684 E.01762
;WIDTH:0.49696
G1 X117.377 Y65.696 E.01738
;WIDTH:0.49817
G1 X118.09 Y65.745 E.01416
G1 X118.794 Y65.826 E.01404
G1 X119.495 Y65.941 E.01408
;WIDTH:0.49806
G1 X120.189 Y66.088 E.01406
G1 X120.876 Y66.267 E.01407
G1 X121.553 Y66.478 E.01405
G1 X122.22 Y66.72 E.01406
;WIDTH:0.501916
G1 X123.192 Y67.135 E.02111
G1 X123.833 Y67.456 E.01432
;WIDTH:0.501594
G1 X124.452 Y67.804 E.01418
;WIDTH:0.50132
G1 X125.054 Y68.181 E.01417
;WIDTH:0.498104
G1 X125.637 Y68.584 E.01404
G1 X126.202 Y69.013 E.01406
G1 X126.746 Y69.469 E.01407
;WIDTH:0.497984
G1 X127.268 Y69.949 E.01405
G1 X127.768 Y70.454 E.01408
G1 X128.243 Y70.981 E.01406
G1 X128.693 Y71.529 E.01405
G1 X129.118 Y72.098 E.01407
;WIDTH:0.499408
G1 X129.6 Y72.82 E.01725
G1 X130.055 Y73.597 E.01789
;WIDTH:0.498014
G1 X130.385 Y74.231 E.01416
G1 X130.682 Y74.875 E.01405
;WIDTH:0.5
G1 X131.004 Y75.682 E.01729
;WIDTH:0.502154
G1 X131.291 Y76.536 E.01801
G1 X131.48 Y77.225 E.01428
;WIDTH:0.501852
G1 X131.637 Y77.917 E.01417
;WIDTH:0.501568
G1 X131.76 Y78.616 E.01417
;WIDTH:0.501298
G1 X131.849 Y79.32 E.01416
;WIDTH:0.498052
G1 X131.908 Y80.027 E.01406
G1 X131.934 Y80.736 E.01406
;WIDTH:0.50289
G1 X131.913 Y81.779 E.02088
G1 X131.856 Y82.499 E.01446
;WIDTH:0.50242
G1 X131.765 Y83.212 E.01437
;WIDTH:0.502132
G1 X131.642 Y83.911 E.01418
;WIDTH:0.501838
G1 X131.487 Y84.603 E.01416
;WIDTH:0.501558
G1 X131.3 Y85.288 E.01417
;WIDTH:0.501284
G1 X131.082 Y85.963 E.01415
;WIDTH:0.501026
G1 X130.832 Y86.627 E.01415
;WIDTH:0.50314
G1 X130.414 Y87.57 E.02066
G1 X130.073 Y88.23 E.01488
;WIDTH:0.498498
G1 X129.719 Y88.845 E.01407
G1 X129.335 Y89.442 E.01408
G1 X128.927 Y90.022 E.01406
G1 X128.49 Y90.581 E.01407
;WIDTH:0.50079
G1 X128.029 Y91.121 E.01415
G1 X127.541 Y91.636 E.01414
;WIDTH:0.495612
G1 X127.031 Y92.129 E.01398
;WIDTH:0.505424
G1 X126.6 Y92.516 E.01166
;WIDTH:0.515008
G1 X126.529 Y92.585 E.00203
G1 X125.134 Y93.625 F9000
;WIDTH:0.504658
G1 F935
G1 X124.475 Y94.033 E.01557
;WIDTH:0.496308
G1 X123.858 Y94.384 E.01401
;WIDTH:0.50183
G1 X123.226 Y94.705 E.01416
G1 X122.575 Y94.989 E.01418
;WIDTH:0.50515
G1 X122.109 Y95.18 E.01013
G1 X121.244 Y95.479 E.0184
;WIDTH:0.49648
G1 X120.225 Y95.759 E.02087
G1 X119.523 Y95.906 E.01416
;WIDTH:0.502516
G1 X118.85 Y96.024 E.01367
G1 X118.119 Y96.106 E.01471
;WIDTH:0.49327
G1 X117.411 Y96.157 E.01392
;WIDTH:0.501586
G1 X116.702 Y96.178 E.01416
G1 X115.992 Y96.162 E.01418
G1 X115.284 Y96.113 E.01417
;WIDTH:0.501398
G1 X114.579 Y96.031 E.01416
;WIDTH:0.50276
G1 X113.693 Y95.881 E.01798
;WIDTH:0.503204
G1 X112.876 Y95.694 E.01679
G1 X112.182 Y95.498 E.01444
;WIDTH:0.502784
G1 X111.497 Y95.268 E.01446
;WIDTH:0.502514
G1 X110.824 Y95.006 E.01444
;WIDTH:0.50223
G1 X110.175 Y94.718 E.01419
;WIDTH:0.501934
G1 X109.541 Y94.4 E.01417
;WIDTH:0.501648
G1 X108.922 Y94.053 E.01417
;WIDTH:0.501374
G1 X108.32 Y93.676 E.01417
;WIDTH:0.497878
G1 X107.737 Y93.272 E.01405
;WIDTH:0.503404
G1 X106.925 Y92.643 E.02058
G1 X106.38 Y92.168 E.01449
;WIDTH:0.502762
G1 X105.86 Y91.667 E.01445
;WIDTH:0.50249
G1 X105.364 Y91.144 E.01442
;WIDTH:0.502208
G1 X104.901 Y90.606 E.01419
;WIDTH:0.501912
G1 X104.464 Y90.047 E.01417
;WIDTH:0.503372
G1 X103.961 Y89.329 E.01756
;WIDTH:0.503802
G1 X103.518 Y88.618 E.0168
G1 X103.169 Y87.987 E.01446
;WIDTH:0.50325
G1 X102.85 Y87.339 E.01447
;WIDTH:0.502996
G1 X102.562 Y86.676 E.01447
;WIDTH:0.502736
G1 X102.305 Y86.001 E.01445
;WIDTH:0.502464
G1 X102.082 Y85.316 E.01441
;WIDTH:0.502182
G1 X101.894 Y84.632 E.01418
;WIDTH:0.501886
G1 X101.739 Y83.939 E.01418
;WIDTH:0.498254
G1 X101.616 Y83.24 E.01407
;WIDTH:0.49811
G1 X101.524 Y82.537 E.01405
G1 X101.466 Y81.83 E.01406
G1 X101.44 Y81.12 E.01408
;WIDTH:0.502922
G1 X101.461 Y80.078 E.02086
G1 X101.518 Y79.358 E.01446
;WIDTH:0.50244
G1 X101.609 Y78.645 E.01437
;WIDTH:0.502154
G1 X101.731 Y77.946 E.01418
;WIDTH:0.501856
G1 X101.887 Y77.253 E.01419
;WIDTH:0.501576
G1 X102.074 Y76.569 E.01415
;WIDTH:0.501298
G1 X102.292 Y75.894 E.01415
;WIDTH:0.501042
G1 X102.542 Y75.229 E.01417
;WIDTH:0.50316
G1 X102.96 Y74.286 E.02066
G1 X103.3 Y73.626 E.01487
;WIDTH:0.499166
G1 X103.655 Y73.012 E.01409
;WIDTH:0.49743
G1 X104.039 Y72.415 E.01405
G1 X104.448 Y71.835 E.01404
;WIDTH:0.503328
G1 X104.83 Y71.339 E.01254
G1 X105.344 Y70.735 E.01589
;WIDTH:0.50102
G1 X105.833 Y70.221 E.01414
;WIDTH:0.495612
G1 X106.343 Y69.727 E.014
;WIDTH:0.505428
G1 X106.774 Y69.34 E.01166
;WIDTH:0.521234
G1 X106.867 Y69.248 E.00272
G1 X106.505 Y68.88 F9000
;TYPE:External perimeter
;WIDTH:0.419999
G1 F935
G1 X106.525 Y68.789 E.00154
G1 X106.315 Y68.466 E.00638
G1 X106.254 Y68.151 E.00532
G1 X106.312 Y67.868 E.00479
G1 X106.55 Y67.552 E.00655
G1 X106.952 Y67.381 E.00724
G1 X107.212 Y67.4 E.00432
G1 X107.465 Y67.525 E.00468
G1 X107.831 Y67.868 E.00831
G1 X108.012 Y67.854 E.00301
G1 X109.086 Y67.203 E.02081
G1 X110.194 Y66.645 E.02056
G1 X111.108 Y66.264 E.01641
G1 X112.284 Y65.869 E.02056
G1 X113.243 Y65.621 E.01641
G1 X114.15 Y65.454 E.01528
G1 X114.887 Y65.353 E.01233
G1 X115.713 Y65.269 E.01376
G1 X116.819 Y65.24 E.01833
G1 X117.689 Y65.271 E.01442
G1 X118.428 Y65.335 E.01229
G1 X119.165 Y65.435 E.01232
G1 X119.896 Y65.57 E.01232
G1 X120.619 Y65.739 E.0123
G1 X121.334 Y65.943 E.01232
G1 X122.039 Y66.18 E.01232
G1 X122.732 Y66.45 E.01232
G1 X123.423 Y66.758 E.01254
G1 X124.075 Y67.087 E.0121
G1 X124.722 Y67.452 E.01231
G1 X125.449 Y67.914 E.01427
G1 X126.16 Y68.421 E.01447
G1 X126.741 Y68.883 E.0123
G1 X127.3 Y69.373 E.01232
G1 X127.835 Y69.888 E.0123
G1 X128.346 Y70.429 E.01233
G1 X128.83 Y70.993 E.01231
G1 X129.287 Y71.579 E.01231
G1 X129.715 Y72.186 E.01231
G1 X130.115 Y72.814 E.01234
G1 X130.602 Y73.679 E.01645
G1 X130.928 Y74.344 E.01227
G1 X131.224 Y75.026 E.01232
G1 X131.487 Y75.721 E.01231
G1 X131.724 Y76.452 E.01273
G1 X131.916 Y77.157 E.01211
G1 X132.076 Y77.87 E.01211
G1 X132.203 Y78.603 E.01233
G1 X132.319 Y79.589 E.01645
G1 X132.365 Y80.328 E.01227
G1 X132.376 Y81.061 E.01215
G1 X132.352 Y81.804 E.01232
G1 X132.293 Y82.545 E.01232
G1 X132.199 Y83.282 E.01231
G1 X132.071 Y84.014 E.01231
G1 X131.907 Y84.739 E.01232
G1 X131.71 Y85.455 E.0123
G1 X131.478 Y86.162 E.01233
G1 X131.214 Y86.856 E.0123
G1 X130.811 Y87.762 E.01643
G1 X130.351 Y88.64 E.01642
G1 X129.971 Y89.278 E.0123
G1 X129.416 Y90.101 E.01645
G1 X128.969 Y90.692 E.01228
G1 X128.327 Y91.449 E.01645
G1 X127.64 Y92.162 E.01641
G1 X126.898 Y92.842 E.01668
G1 X126.849 Y93.067 E.00382
G1 X127.06 Y93.392 E.00642
G1 X127.119 Y93.708 E.00533
G1 X127.05 Y94.017 E.00525
G1 X126.885 Y94.253 E.00477
G1 X126.496 Y94.458 E.00729
G1 X126.139 Y94.44 E.00592
G1 X125.894 Y94.346 E.00435
G1 X125.543 Y93.989 E.0083
G1 X125.362 Y94.002 E.00301
G1 X124.288 Y94.654 E.02082
G1 X123.407 Y95.106 E.01641
G1 X122.266 Y95.593 E.02056
G1 X121.205 Y95.953 E.01856
G1 X120.133 Y96.235 E.01837
G1 X118.913 Y96.459 E.02055
G1 X117.798 Y96.578 E.01858
G1 X116.689 Y96.618 E.01839
G1 X115.947 Y96.601 E.0123
G1 X115.205 Y96.548 E.01233
G1 X114.468 Y96.46 E.0123
G1 X113.606 Y96.312 E.01449
G1 X112.767 Y96.121 E.01426
G1 X112.052 Y95.918 E.01232
G1 X111.347 Y95.682 E.01232
G1 X110.654 Y95.412 E.01232
G1 X109.975 Y95.11 E.01231
G1 X109.311 Y94.776 E.01232
G1 X108.664 Y94.412 E.0123
G1 X107.926 Y93.944 E.01448
G1 X107.224 Y93.444 E.01428
G1 X106.643 Y92.982 E.0123
G1 X106.083 Y92.492 E.01233
G1 X105.547 Y91.977 E.01232
G1 X105.036 Y91.437 E.01232
G1 X104.552 Y90.874 E.0123
G1 X104.095 Y90.288 E.01231
G1 X103.593 Y89.572 E.01449
G1 X103.138 Y88.841 E.01427
G1 X102.779 Y88.191 E.0123
G1 X102.451 Y87.524 E.01232
G1 X102.154 Y86.842 E.01233
G1 X101.89 Y86.147 E.01232
G1 X101.66 Y85.44 E.01232
G1 X101.463 Y84.724 E.0123
G1 X101.276 Y83.87 E.01449
G1 X101.137 Y83.02 E.01427
G1 X101.056 Y82.282 E.0123
G1 X101.009 Y81.54 E.01232
G1 X100.998 Y80.797 E.01231
G1 X101.021 Y80.054 E.01232
G1 X101.08 Y79.313 E.01232
G1 X101.174 Y78.575 E.01233
G1 X101.303 Y77.843 E.01232
G1 X101.467 Y77.118 E.01232
G1 X101.664 Y76.402 E.0123
G1 X101.895 Y75.695 E.01232
G1 X102.16 Y75.001 E.01231
G1 X102.563 Y74.095 E.01643
G1 X102.966 Y73.32 E.01447
G1 X103.403 Y72.579 E.01425
G1 X103.957 Y71.756 E.01644
G1 X104.488 Y71.063 E.01447
G1 X105.046 Y70.408 E.01426
G1 X105.734 Y69.694 E.01643
G1 X106.476 Y69.015 E.01667
G1 X106.493 Y68.938 E.00131
;LAYER_CHANGE
M117 DASHBOARD_LAYER_INDICATOR 15
;Z:1.6
;HEIGHT:0.1
;BEFORE_LAYER_CHANGE
M117 OBICO_LAYER_INDICATOR 14
G92 E0
;1.6
G1 E-3.5 F3600
;WIPE_START
G1 F7200
G1 X106.505 Y68.88 E-.02813
G1 X106.525 Y68.789 E-.04426
G1 X106.315 Y68.466 E-.183
G1 X106.254 Y68.151 E-.1524
G1 X106.312 Y67.868 E-.13722
G1 X106.55 Y67.552 E-.18791
G1 X106.952 Y67.381 E-.20751
G1 X107.212 Y67.4 E-.12383
G1 X107.465 Y67.525 E-.13404
G1 X107.831 Y67.868 E-.23826
G1 X107.964 Y67.858 E-.06344
;WIPE_END
G1 Z1.6 F9000
;AFTER_LAYER_CHANGE
;1.6
G1 X107.121 Y69.67
G1 E5 F2400
G1 F936
G1 X107.451 Y69.393 E.00714
G1 X107.997 Y68.976 E.01138
G1 X108.447 Y68.664 E.00907
G1 X109.146 Y68.22 E.01372
G1 X109.745 Y67.883 E.01139
G1 X110.36 Y67.574 E.0114
G1 X110.988 Y67.294 E.01139
G1 X111.548 Y67.075 E.00996
G1 X112.28 Y66.823 E.01283
G1 X112.941 Y66.633 E.0114
G1 X114.286 Y66.347 E.02278
G1 X114.967 Y66.251 E.0114
G1 X115.652 Y66.187 E.0114
G1 X116.479 Y66.153 E.01371
G1 X117.368 Y66.167 E.01473
G1 X118.056 Y66.214 E.01143
G1 X118.739 Y66.294 E.01139
G1 X119.418 Y66.405 E.0114
G1 X120.09 Y66.548 E.01138
G1 X120.756 Y66.722 E.01141
G1 X121.412 Y66.927 E.01139
G1 X122.059 Y67.162 E.01141
G1 X122.693 Y67.427 E.01139
G1 X123.552 Y67.843 E.01581
G1 X124.219 Y68.215 E.01265
G1 X124.803 Y68.579 E.0114
G1 X125.369 Y68.97 E.0114
G1 X125.916 Y69.387 E.0114
G1 X126.443 Y69.829 E.0114
G1 X126.949 Y70.295 E.0114
G1 X127.433 Y70.784 E.0114
G1 X127.893 Y71.295 E.01139
G1 X128.536 Y72.098 E.01705
G1 X128.935 Y72.661 E.01143
G1 X129.307 Y73.24 E.0114
G1 X129.651 Y73.835 E.01139
G1 X129.967 Y74.446 E.0114
G1 X130.254 Y75.071 E.0114
G1 X130.628 Y76.029 E.01704
G1 X130.842 Y76.686 E.01145
G1 X131.024 Y77.349 E.01139
G1 X131.175 Y78.02 E.0114
G1 X131.295 Y78.697 E.01139
G1 X131.383 Y79.379 E.01139
G1 X131.439 Y80.064 E.01139
G1 X131.463 Y80.752 E.01141
G1 X131.44 Y81.768 E.01684
G1 X131.385 Y82.46 E.0115
G1 X131.296 Y83.15 E.01153
G1 X131.177 Y83.828 E.01141
G1 X131.027 Y84.499 E.01139
G1 X130.845 Y85.162 E.01139
G1 X130.633 Y85.816 E.01139
G1 X130.39 Y86.46 E.01141
G1 X129.982 Y87.377 E.01663
G1 X129.655 Y88.013 E.01185
G1 X129.312 Y88.609 E.01139
G1 X128.941 Y89.188 E.01139
G1 X128.543 Y89.749 E.0114
G1 X128.12 Y90.291 E.01139
G1 X127.672 Y90.813 E.0114
G1 X127.2 Y91.313 E.01139
G1 X126.706 Y91.791 E.01139
G1 X126.286 Y92.16 E.00926
G1 X125.652 Y92.675 E.01353
G1 X125.096 Y93.08 E.0114
G1 X124.522 Y93.458 E.01139
G1 X123.93 Y93.809 E.0114
G1 X123.323 Y94.132 E.01139
G1 X122.457 Y94.532 E.01581
G1 X121.937 Y94.738 E.00927
G1 X121.094 Y95.033 E.0148
G1 X120.433 Y95.223 E.0114
G1 X119.764 Y95.382 E.01139
G1 X119.088 Y95.509 E.0114
G1 X118.407 Y95.605 E.0114
G1 X117.722 Y95.669 E.0114
G1 X117.035 Y95.702 E.0114
G1 X116.444 Y95.702 E.00979
G1 X115.751 Y95.672 E.01149
G1 X115.058 Y95.608 E.01153
G1 X114.37 Y95.519 E.01149
G1 X113.563 Y95.368 E.0136
G1 X112.763 Y95.172 E.01365
G1 X112.094 Y94.971 E.01157
G1 X111.434 Y94.738 E.0116
G1 X110.785 Y94.474 E.01161
G1 X110.15 Y94.179 E.0116
G1 X109.531 Y93.853 E.01159
G1 X108.347 Y93.123 E.02305
G1 X107.779 Y92.714 E.0116
G1 X107.23 Y92.279 E.01161
G1 X106.704 Y91.819 E.01158
G1 X106.115 Y91.248 E.01359
G1 X105.555 Y90.644 E.01365
G1 X104.694 Y89.555 E.023
G1 X104.298 Y88.977 E.01161
G1 X103.931 Y88.381 E.0116
G1 X103.592 Y87.768 E.01161
G1 X103.283 Y87.14 E.0116
G1 X102.745 Y85.827 E.02351
G1 X102.532 Y85.171 E.01143
G1 X102.35 Y84.508 E.01139
G1 X102.199 Y83.837 E.0114
G1 X102.079 Y83.16 E.01139
G1 X101.991 Y82.477 E.01141
G1 X101.935 Y81.792 E.01139
G1 X101.911 Y81.105 E.01139
G1 X101.934 Y80.09 E.01682
G1 X101.989 Y79.397 E.01152
G1 X102.078 Y78.706 E.01154
G1 X102.197 Y78.029 E.01139
G1 X102.347 Y77.358 E.01139
G1 X102.529 Y76.694 E.01141
G1 X102.741 Y76.04 E.01139
G1 X102.984 Y75.397 E.01139
G1 X103.392 Y74.479 E.01665
G1 X103.719 Y73.843 E.01185
G1 X104.062 Y73.248 E.01138
G1 X104.433 Y72.669 E.01139
G1 X104.831 Y72.107 E.01141
G1 X105.198 Y71.637 E.00988
G1 X105.702 Y71.044 E.01289
G1 X106.174 Y70.543 E.01141
G1 X106.922 Y69.837 E.01704
G1 X107.075 Y69.708 E.00332
G1 X107.07 Y68.197 F9000
;TYPE:Perimeter
;WIDTH:0.3825
G1 F936
G1 X107.178 Y68.343 E.00273
;WIDTH:0.422282
G1 X107.286 Y68.489 E.00303
G1 X107.531 Y68.818 F9000
;WIDTH:0.439999
G1 F936
G1 X107.21 Y69.062 E.00702
;WIDTH:0.489687
G1 X106.998 Y69.208 E.00501
;WIDTH:0.539374
G1 X106.786 Y69.353 E.00553
G1 X106.865 Y69.15 E.00469
;WIDTH:0.489687
G1 X106.944 Y68.947 E.00424
;WIDTH:0.439999
G1 X106.906 Y68.642 E.00535
G1 X106.7 Y68.308 E.00683
G1 X106.683 Y68.091 E.00379
G1 X106.792 Y67.885 E.00406
G1 X107.06 Y67.79 E.00495
G1 X107.239 Y67.865 E.00338
G1 X107.447 Y68.08 E.00521
G1 X107.692 Y68.252 E.00521
;WIDTH:0.475542
G1 X107.856 Y68.263 E.0031
;WIDTH:0.511085
G1 X108.02 Y68.274 E.00335
;WIDTH:0.546628
G1 X108.185 Y68.284 E.00361
G1 X108.04 Y68.407 E.00415
;WIDTH:0.511085
G1 X107.895 Y68.529 E.00386
;WIDTH:0.475542
G1 X107.75 Y68.651 E.00358
;WIDTH:0.439999
G1 X107.579 Y68.781 E.00374
G1 E-3.5 F3600
;WIPE_START
G1 F7200
G1 X107.531 Y68.818 E-.02879
G1 X107.21 Y69.062 E-.19152
G1 X106.998 Y69.208 E-.12227
G1 X106.786 Y69.353 E-.122
G1 X106.865 Y69.15 E-.10347
G1 X106.944 Y68.947 E-.10347
G1 X106.906 Y68.642 E-.146
G1 X106.7 Y68.308 E-.1864
G1 X106.683 Y68.091 E-.10339
G1 X106.792 Y67.885 E-.1107
G1 X107.06 Y67.79 E-.13506
G1 X107.239 Y67.865 E-.09219
G1 X107.319 Y67.948 E-.05474
;WIPE_END
G1 X126.476 Y92.618 F9000
G1 E5 F2400
;WIDTH:0.600889
G1 F936
G1 X126.415 Y92.905 E.00707
;WIDTH:0.639862
G1 X126.354 Y93.192 E.00754
G1 X126.602 Y93.578 E.0118
;WIDTH:0.590891
G1 X126.598 Y93.818 E.00568
G1 X126.404 Y93.981 E.006
G1 X126.204 Y93.96 E.00476
;WIDTH:0.639862
G1 X125.899 Y93.613 E.01188
G1 X125.388 Y93.481 E.01357
G1 X125.97 Y93.072 E.01829
G1 X126.223 Y92.845 E.00874
;WIDTH:0.600889
G1 X126.431 Y92.658 E.00674
G1 E-3.5 F3600
;WIPE_START
G1 F7200
G1 X126.476 Y92.618 E-.0286
G1 X126.415 Y92.905 E-.13937
G1 X126.354 Y93.192 E-.13937
G1 X126.602 Y93.578 E-.21793
G1 X126.598 Y93.818 E-.11402
G1 X126.404 Y93.981 E-.12036
G1 X126.204 Y93.96 E-.09552
G1 X125.899 Y93.613 E-.21944
G1 X125.388 Y93.481 E-.25069
G1 X125.689 Y93.27 E-.1747
;WIPE_END
G1 X108.185 Y68.284 F9000
G1 E5 F2400
;WIDTH:0.546628
G1 F936
G1 X108.907 Y67.838 E.01853
;WIDTH:0.527384
G1 X109.524 Y67.488 E.01492
G1 X110.157 Y67.17 E.0149
;WIDTH:0.52726
G1 X110.804 Y66.882 E.01489
;WIDTH:0.536374
G1 X111.382 Y66.649 E.01334
G1 X112.135 Y66.395 E.01701
;WIDTH:0.527794
G1 X112.816 Y66.199 E.01492
;WIDTH:0.538004
G1 X113.341 Y66.068 E.01162
G1 X114.202 Y65.904 E.01882
;WIDTH:0.52563
G1 X114.904 Y65.805 E.01486
;WIDTH:0.530962
G1 X115.609 Y65.735 E.01501
G1 X116.461 Y65.701 E.01806
;WIDTH:0.530236
G1 X117.375 Y65.713 E.01934
;WIDTH:0.531356
G1 X118.088 Y65.761 E.01515
G1 X118.792 Y65.843 E.01503
G1 X119.491 Y65.957 E.01501
;WIDTH:0.531246
G1 X120.185 Y66.104 E.01504
G1 X120.871 Y66.283 E.01503
G1 X121.548 Y66.493 E.01502
G1 X122.214 Y66.735 E.01502
;WIDTH:0.531146
G1 X122.868 Y67.007 E.01501
;WIDTH:0.534002
G1 X123.751 Y67.433 E.02089
;WIDTH:0.534504
G1 X124.441 Y67.817 E.01684
G1 X125.043 Y68.195 E.01516
;WIDTH:0.53124
G1 X125.628 Y68.597 E.01504
G1 X126.192 Y69.026 E.01502
G1 X126.735 Y69.481 E.01501
G1 X127.257 Y69.961 E.01503
G1 X127.755 Y70.465 E.01502
G1 X128.23 Y70.991 E.01502
;WIDTH:0.534808
G1 X128.892 Y71.813 E.02253
G1 X129.306 Y72.398 E.0153
;WIDTH:0.531306
G1 X129.689 Y72.995 E.01503
G1 X130.044 Y73.608 E.01502
G1 X130.37 Y74.238 E.01504
;WIDTH:0.531202
G1 X130.667 Y74.882 E.01503
;WIDTH:0.53566
G1 X131.053 Y75.863 E.02254
G1 X131.276 Y76.545 E.01534
;WIDTH:0.535322
G1 X131.461 Y77.229 E.01514
;WIDTH:0.531414
G1 X131.619 Y77.92 E.01503
G1 X131.742 Y78.618 E.01503
G1 X131.833 Y79.321 E.01503
;WIDTH:0.53129
G1 X131.892 Y80.027 E.01502
G1 X131.917 Y80.736 E.01504
;WIDTH:0.53606
G1 X131.896 Y81.778 E.0223
G1 X131.839 Y82.498 E.01545
;WIDTH:0.535596
G1 X131.749 Y83.209 E.01532
;WIDTH:0.535308
G1 X131.626 Y83.907 E.01514
;WIDTH:0.535014
G1 X131.471 Y84.599 E.01514
;WIDTH:0.534734
G1 X131.284 Y85.283 E.01513
;WIDTH:0.534462
G1 X131.066 Y85.957 E.01511
;WIDTH:0.534206
G1 X130.816 Y86.62 E.0151
;WIDTH:0.536304
G1 X130.399 Y87.563 E.02207
G1 X130.058 Y88.221 E.01586
;WIDTH:0.531682
G1 X129.705 Y88.836 E.01504
G1 X129.321 Y89.432 E.01504
G1 X128.914 Y90.012 E.01503
G1 X128.477 Y90.57 E.01503
;WIDTH:0.533964
G1 X128.017 Y91.11 E.01511
G1 X127.53 Y91.624 E.01509
;WIDTH:0.528796
G1 X127.02 Y92.117 E.01496
;WIDTH:0.538604
G1 X126.588 Y92.504 E.01247
;WIDTH:0.548436
G1 X126.516 Y92.575 E.00222
G1 X125.125 Y93.61 F9000
;WIDTH:0.540114
G1 F936
G1 X124.162 Y94.199 E.02434
;WIDTH:0.531164
G1 X123.535 Y94.53 E.01502
;WIDTH:0.52615
G1 X122.646 Y94.942 E.02056
;WIDTH:0.539046
G1 X122.105 Y95.164 E.01258
G1 X121.239 Y95.461 E.0197
;WIDTH:0.526426
G1 X120.557 Y95.656 E.01489
;WIDTH:0.532344
G1 X119.869 Y95.824 E.01504
G1 X119.172 Y95.953 E.01506
;WIDTH:0.52775
G1 X118.47 Y96.053 E.01493
;WIDTH:0.531522
G1 X117.765 Y96.122 E.01502
G1 X117.056 Y96.151 E.01505
;WIDTH:0.537138
G1 X116.444 Y96.159 E.01312
;WIDTH:0.539164
G1 X115.728 Y96.13 E.01542
;WIDTH:0.543108
G1 X115.009 Y96.065 E.01566
G1 X114.296 Y95.971 E.0156
;WIDTH:0.538954
G1 X113.468 Y95.816 E.01812
;WIDTH:0.538572
G1 X112.647 Y95.615 E.01817
;WIDTH:0.537986
G1 X111.958 Y95.408 E.01545
;WIDTH:0.537882
G1 X111.277 Y95.168 E.0155
;WIDTH:0.537708
G1 X110.609 Y94.896 E.01548
;WIDTH:0.537524
G1 X109.954 Y94.592 E.01549
;WIDTH:0.539152
G1 X109.315 Y94.257 E.01553
;WIDTH:0.543106
G1 X108.693 Y93.891 E.01565
G1 X108.087 Y93.5 E.01564
;WIDTH:0.539062
G1 X107.501 Y93.078 E.01554
G1 X106.936 Y92.63 E.01552
G1 X106.394 Y92.156 E.01549
G1 X105.789 Y91.57 E.01813
;WIDTH:0.538382
G1 X105.215 Y90.95 E.01816
;WIDTH:0.544
G1 X104.757 Y90.394 E.01565
G1 X104.32 Y89.82 E.01567
;WIDTH:0.538938
G1 X103.913 Y89.224 E.01553
G1 X103.534 Y88.61 E.01552
;WIDTH:0.539072
G1 X103.185 Y87.978 E.01554
G1 X102.866 Y87.331 E.01552
;WIDTH:0.542612
G1 X102.58 Y86.669 E.01562
G1 X102.321 Y85.995 E.01564
;WIDTH:0.53571
G1 X102.098 Y85.312 E.01536
;WIDTH:0.535356
G1 X101.91 Y84.628 E.01516
;WIDTH:0.535058
G1 X101.755 Y83.936 E.01514
;WIDTH:0.531612
G1 X101.632 Y83.238 E.01503
;WIDTH:0.531296
G1 X101.541 Y82.535 E.01503
G1 X101.482 Y81.829 E.01502
G1 X101.457 Y81.121 E.01502
;WIDTH:0.536088
G1 X101.477 Y80.079 E.0223
G1 X101.534 Y79.36 E.01543
;WIDTH:0.535616
G1 X101.625 Y78.648 E.01534
;WIDTH:0.535328
G1 X101.748 Y77.95 E.01514
;WIDTH:0.535032
G1 X101.903 Y77.258 E.01514
;WIDTH:0.534752
G1 X102.089 Y76.574 E.01513
;WIDTH:0.534476
G1 X102.308 Y75.9 E.01512
;WIDTH:0.534218
G1 X102.558 Y75.236 E.01513
;WIDTH:0.536322
G1 X102.975 Y74.293 E.02207
G1 X103.315 Y73.635 E.01585
;WIDTH:0.532534
G1 X103.669 Y73.021 E.01506
;WIDTH:0.530546
G1 X104.053 Y72.424 E.01502
;WIDTH:0.530706
G1 X104.461 Y71.845 E.015
;WIDTH:0.536634
G1 X104.838 Y71.356 E.01322
G1 X105.357 Y70.747 E.01714
;WIDTH:0.53418
G1 X105.844 Y70.232 E.01511
;WIDTH:0.530446
G1 X106.611 Y69.507 E.02233
;WIDTH:0.539374
G1 X106.786 Y69.353 E.00502
G1 X106.538 Y68.88 F9000
;TYPE:External perimeter
;WIDTH:0.419999
G1 F936
G1 X106.527 Y68.794 E.00144
G1 X106.314 Y68.465 E.00649
G1 X106.254 Y68.152 E.00528
G1 X106.312 Y67.868 E.0048
G1 X106.551 Y67.551 E.00658
G1 X106.952 Y67.381 E.00722
G1 X107.212 Y67.4 E.00432
G1 X107.467 Y67.526 E.00471
G1 X107.837 Y67.87 E.00837
G1 X108.012 Y67.854 E.00291
G1 X109.086 Y67.203 E.02081
G1 X110.193 Y66.645 E.02054
G1 X111.223 Y66.221 E.01846
G1 X112.284 Y65.869 E.01852
G1 X113.243 Y65.621 E.01641
G1 X114.151 Y65.454 E.0153
G1 X114.888 Y65.353 E.01233
G1 X115.713 Y65.269 E.01374
G1 X116.828 Y65.24 E.01848
G1 X117.69 Y65.271 E.01429
G1 X118.429 Y65.336 E.01229
G1 X119.165 Y65.436 E.01231
G1 X119.896 Y65.57 E.01231
G1 X120.62 Y65.739 E.01232
G1 X121.335 Y65.943 E.01232
G1 X122.039 Y66.18 E.01231
G1 X122.732 Y66.45 E.01232
G1 X123.411 Y66.752 E.01231
G1 X124.074 Y67.087 E.01231
G1 X124.722 Y67.453 E.01233
G1 X125.559 Y67.988 E.01646
G1 X126.159 Y68.421 E.01226
G1 X126.741 Y68.883 E.01231
G1 X127.3 Y69.373 E.01232
G1 X127.836 Y69.889 E.01233
G1 X128.346 Y70.429 E.01231
G1 X128.83 Y70.993 E.01231
G1 X129.289 Y71.582 E.01237
G1 X129.786 Y72.293 E.01437
G1 X130.242 Y73.028 E.01433
G1 X130.601 Y73.677 E.01229
G1 X130.928 Y74.344 E.01231
G1 X131.224 Y75.026 E.01232
G1 X131.499 Y75.758 E.01296
G1 X131.725 Y76.457 E.01217
G1 X131.972 Y77.388 E.01596
G1 X132.122 Y78.114 E.01228
G1 X132.238 Y78.848 E.01231
G1 X132.319 Y79.587 E.01232
G1 X132.365 Y80.328 E.0123
G1 X132.376 Y81.061 E.01215
G1 X132.352 Y81.804 E.01232
G1 X132.293 Y82.545 E.01232
G1 X132.199 Y83.282 E.01231
G1 X132.071 Y84.014 E.01231
G1 X131.907 Y84.739 E.01232
G1 X131.71 Y85.455 E.0123
G1 X131.478 Y86.162 E.01233
G1 X131.214 Y86.856 E.0123
G1 X130.811 Y87.762 E.01643
G1 X130.351 Y88.64 E.01642
G1 X129.971 Y89.278 E.0123
G1 X129.416 Y90.101 E.01645
G1 X128.969 Y90.692 E.01228
G1 X128.327 Y91.449 E.01645
G1 X127.64 Y92.162 E.01641
G1 X126.898 Y92.842 E.01668
G1 X126.841 Y93.046 E.00351
G1 X127.06 Y93.392 E.00678
G1 X127.119 Y93.706 E.00529
G1 X127.05 Y94.017 E.00528
G1 X126.885 Y94.253 E.00477
G1 X126.496 Y94.458 E.00729
G1 X126.139 Y94.44 E.00592
G1 X125.894 Y94.346 E.00435
G1 X125.633 Y94.06 E.00642
G1 X125.443 Y93.975 E.00345
G1 X125.362 Y94.002 E.00141
G1 X124.288 Y94.654 E.02082
G1 X123.296 Y95.158 E.01844
G1 X122.267 Y95.592 E.0185
G1 X121.092 Y95.987 E.02054
G1 X119.889 Y96.288 E.02055
G1 X118.792 Y96.476 E.01844
G1 X117.681 Y96.587 E.0185
G1 X116.44 Y96.616 E.02057
G1 X115.699 Y96.587 E.01229
G1 X114.959 Y96.523 E.01231
G1 X114.223 Y96.423 E.01231
G1 X113.371 Y96.263 E.01436
G1 X112.527 Y96.057 E.0144
G1 X111.816 Y95.843 E.0123
G1 X111.115 Y95.595 E.01232
G1 X110.426 Y95.315 E.01232
G1 X109.752 Y95.002 E.01231
G1 X109.093 Y94.658 E.01232
G1 X108.451 Y94.283 E.01232
G1 X107.828 Y93.878 E.01231
G1 X107.225 Y93.444 E.01231
G1 X106.643 Y92.982 E.01231
G1 X106.083 Y92.493 E.01232
G1 X105.462 Y91.89 E.01434
G1 X104.872 Y91.251 E.01441
G1 X104.396 Y90.681 E.0123
G1 X103.948 Y90.088 E.01231
G1 X103.529 Y89.474 E.01232
G1 X103.138 Y88.841 E.01233
G1 X102.779 Y88.19 E.01232
G1 X102.451 Y87.524 E.0123
G1 X102.154 Y86.842 E.01233
G1 X101.89 Y86.147 E.01232
G1 X101.66 Y85.44 E.01232
G1 X101.463 Y84.724 E.0123
G1 X101.277 Y83.878 E.01435
G1 X101.137 Y83.02 E.0144
G1 X101.056 Y82.282 E.0123
G1 X101.009 Y81.54 E.01232
G1 X100.998 Y80.797 E.01231
G1 X101.021 Y80.054 E.01232
G1 X101.08 Y79.313 E.01232
G1 X101.174 Y78.575 E.01233
G1 X101.303 Y77.843 E.01232
G1 X101.467 Y77.118 E.01232
G1 X101.664 Y76.402 E.0123
G1 X101.895 Y75.695 E.01232
G1 X102.16 Y75.001 E.01231
G1 X102.563 Y74.095 E.01643
G1 X102.962 Y73.327 E.01434
G1 X103.403 Y72.579 E.01439
G1 X103.957 Y71.756 E.01644
G1 X104.482 Y71.069 E.01433
G1 X105.046 Y70.408 E.0144
G1 X105.734 Y69.694 E.01643
G1 X106.476 Y69.015 E.01667
G1 X106.518 Y68.934 E.00151
;LAYER_CHANGE
M117 DASHBOARD_LAYER_INDICATOR 16
;Z:1.7
;HEIGHT:0.1
;BEFORE_LAYER_CHANGE
M117 OBICO_LAYER_INDICATOR 15
G92 E0
;1.7
G1 E-3.5 F3600
;WIPE_START
G1 F7200
G1 X106.538 Y68.88 E-.02735
G1 X106.527 Y68.794 E-.04118
G1 X106.314 Y68.465 E-.18617
G1 X106.254 Y68.152 E-.15138
G1 X106.312 Y67.868 E-.13768
G1 X106.551 Y67.551 E-.18858
G1 X106.952 Y67.381 E-.20688
G1 X107.212 Y67.4 E-.12383
G1 X107.467 Y67.526 E-.1351
G1 X107.837 Y67.87 E-.23997
G1 X107.966 Y67.858 E-.06188
;WIPE_END
G1 Z1.7 F9000
;AFTER_LAYER_CHANGE
;1.7
G1 X107.158 Y69.679
G1 E5 F2400
G1 F937
G1 X107.21 Y69.633 E.00115
G1 X108.015 Y69.004 E.01693
G1 X108.464 Y68.693 E.00905
G1 X109.163 Y68.248 E.01373
G1 X109.761 Y67.912 E.01137
G1 X110.374 Y67.604 E.01137
G1 X111.001 Y67.325 E.01137
G1 X111.64 Y67.075 E.01137
G1 X112.29 Y66.855 E.01137
G1 X112.949 Y66.666 E.01136
G1 X113.454 Y66.546 E.0086
G1 X114.291 Y66.38 E.01414
G1 X114.971 Y66.284 E.01138
G1 X115.654 Y66.22 E.01137
G1 X116.443 Y66.187 E.01308
G1 X117.366 Y66.2 E.0153
G1 X118.053 Y66.247 E.01141
G1 X118.734 Y66.327 E.01136
G1 X119.412 Y66.438 E.01138
G1 X120.083 Y66.58 E.01136
G1 X120.747 Y66.754 E.01137
G1 X121.402 Y66.958 E.01137
G1 X122.047 Y67.193 E.01137
G1 X122.957 Y67.584 E.01641
G1 X123.605 Y67.908 E.012
G1 X124.203 Y68.244 E.01137
G1 X124.785 Y68.607 E.01137
G1 X125.35 Y68.997 E.01138
G1 X125.895 Y69.413 E.01136
G1 X126.421 Y69.854 E.01137
G1 X126.926 Y70.319 E.01137
G1 X127.408 Y70.807 E.01137
G1 X127.868 Y71.317 E.01138
G1 X128.509 Y72.118 E.017
G1 X128.908 Y72.679 E.01141
G1 X129.278 Y73.257 E.01137
G1 X129.622 Y73.851 E.01137
G1 X129.937 Y74.461 E.01138
G1 X130.224 Y75.084 E.01137
G1 X130.597 Y76.04 E.017
G1 X130.81 Y76.695 E.01141
G1 X130.992 Y77.357 E.01138
G1 X131.143 Y78.026 E.01136
G1 X131.262 Y78.702 E.01137
G1 X131.35 Y79.382 E.01136
G1 X131.406 Y80.066 E.01137
G1 X131.43 Y80.752 E.01137
G1 X131.422 Y81.438 E.01137
G1 X131.383 Y82.123 E.01137
G1 X131.311 Y82.806 E.01138
G1 X131.208 Y83.484 E.01136
G1 X130.995 Y84.488 E.01701
G1 X130.813 Y85.152 E.01141
G1 X130.601 Y85.805 E.01138
G1 X130.359 Y86.447 E.01137
G1 X129.952 Y87.363 E.01661
G1 X129.626 Y87.997 E.01181
G1 X129.283 Y88.592 E.01138
G1 X128.913 Y89.169 E.01136
G1 X128.516 Y89.729 E.01137
G1 X128.094 Y90.27 E.01137
G1 X127.647 Y90.791 E.01137
G1 X127.176 Y91.29 E.01137
G1 X126.683 Y91.767 E.01137
G1 X126.264 Y92.136 E.00925
G1 X125.562 Y92.694 E.01486
G1 X124.847 Y93.207 E.01458
G1 X124.211 Y93.608 E.01246
G1 X123.613 Y93.944 E.01137
G1 X123 Y94.253 E.01137
G1 X122.373 Y94.532 E.01137
G1 X121.734 Y94.782 E.01137
G1 X121.084 Y95.002 E.01137
G1 X120.425 Y95.191 E.01136
G1 X119.757 Y95.349 E.01137
G1 X119.083 Y95.477 E.01137
G1 X118.403 Y95.572 E.01138
G1 X117.72 Y95.636 E.01137
G1 X117.035 Y95.668 E.01136
G1 X116.444 Y95.669 E.00979
G1 X115.752 Y95.64 E.01148
G1 X114.375 Y95.486 E.02296
G1 X113.578 Y95.337 E.01343
G1 X112.772 Y95.14 E.01375
G1 X112.104 Y94.939 E.01156
G1 X111.445 Y94.707 E.01158
G1 X110.798 Y94.443 E.01158
G1 X110.171 Y94.146 E.0115
G1 X109.555 Y93.828 E.01149
G1 X108.952 Y93.476 E.01157
G1 X108.366 Y93.096 E.01157
G1 X107.799 Y92.688 E.01157
G1 X107.252 Y92.253 E.01158
G1 X106.726 Y91.794 E.01157
G1 X106.144 Y91.23 E.01343
G1 X105.58 Y90.622 E.01374
G1 X104.721 Y89.536 E.02294
G1 X104.326 Y88.959 E.01159
G1 X103.959 Y88.364 E.01158
G1 X103.621 Y87.753 E.01157
G1 X103.313 Y87.126 E.01157
G1 X102.777 Y85.816 E.02345
G1 X102.563 Y85.161 E.01142
G1 X102.382 Y84.5 E.01136
G1 X102.231 Y83.83 E.01138
G1 X102.112 Y83.155 E.01136
G1 X102.024 Y82.474 E.01138
G1 X101.968 Y81.79 E.01137
G1 X101.944 Y81.104 E.01137
G1 X101.952 Y80.418 E.01137
G1 X101.991 Y79.733 E.01137
G1 X102.063 Y79.051 E.01136
G1 X102.166 Y78.372 E.01138
G1 X102.379 Y77.368 E.01701
G1 X102.561 Y76.704 E.01141
G1 X102.773 Y76.051 E.01138
G1 X103.015 Y75.409 E.01137
G1 X103.422 Y74.493 E.01661
G1 X103.748 Y73.859 E.01181
G1 X104.091 Y73.265 E.01137
G1 X104.461 Y72.687 E.01137
G1 X104.858 Y72.127 E.01137
G1 X105.219 Y71.664 E.00973
G1 X105.727 Y71.066 E.013
G1 X106.197 Y70.567 E.01136
G1 X106.691 Y70.09 E.01138
G1 X107.113 Y69.718 E.00932
G1 X107.07 Y68.197 F9000
;TYPE:Perimeter
;WIDTH:0.390261
G1 F937
G1 X107.187 Y68.354 E.003
;WIDTH:0.43793
G1 X107.303 Y68.512 E.00339
G1 X107.552 Y68.846 F9000
;WIDTH:0.488825
G1 F937
G1 X107.336 Y68.985 E.00499
;WIDTH:0.537651
G1 X107.112 Y69.13 E.00573
;WIDTH:0.586476
G1 X106.888 Y69.275 E.00627
G1 X106.904 Y69.238 E.00095
;WIDTH:0.57178
G1 X106.907 Y69.044 E.00444
;WIDTH:0.527853
G1 X106.909 Y68.851 E.00406
;WIDTH:0.483926
G1 X106.912 Y68.657 E.00373
;WIDTH:0.439999
G1 X106.7 Y68.307 E.00712
G1 X106.683 Y68.092 E.00375
G1 X106.793 Y67.883 E.00411
G1 X107.06 Y67.79 E.00492
G1 X107.239 Y67.865 E.00338
G1 X107.447 Y68.08 E.00521
G1 X107.697 Y68.254 E.0053
;WIDTH:0.486685
G1 X107.862 Y68.269 E.0032
;WIDTH:0.53337
G1 X108.027 Y68.284 E.00353
;WIDTH:0.580056
G1 X108.192 Y68.3 E.00385
G1 X107.981 Y68.48 E.00644
;WIDTH:0.53337
G1 X107.771 Y68.66 E.00589
;WIDTH:0.486685
G1 X107.599 Y68.808 E.00439
G1 E-3.5 F3600
;WIPE_START
G1 F7200
G1 X107.552 Y68.846 E-.02871
G1 X107.336 Y68.985 E-.12201
G1 X107.112 Y69.13 E-.12675
G1 X106.888 Y69.275 E-.12675
G1 X106.904 Y69.238 E-.01915
G1 X106.907 Y69.044 E-.09216
G1 X106.909 Y68.851 E-.09168
G1 X106.912 Y68.657 E-.09216
G1 X106.7 Y68.307 E-.19437
G1 X106.683 Y68.092 E-.10244
G1 X106.793 Y67.883 E-.11219
G1 X107.06 Y67.79 E-.1343
G1 X107.239 Y67.865 E-.09219
G1 X107.447 Y68.08 E-.14209
G1 X107.487 Y68.108 E-.02305
;WIPE_END
G1 X125.117 Y93.597 F9000
G1 E5 F2400
;WIDTH:0.609646
G1 F937
G1 X125.497 Y93.347 E.01112
;WIDTH:0.648222
G1 X125.878 Y93.098 E.01186
G1 X126.168 Y92.855 E.00986
;WIDTH:0.620367
G1 X126.459 Y92.611 E.00946
G1 X126.412 Y92.924 E.00788
;WIDTH:0.648222
G1 X126.364 Y93.236 E.00823
G1 X126.484 Y93.407 E.00544
;WIDTH:0.619493
G1 X126.603 Y93.578 E.00518
;WIDTH:0.590764
G1 X126.598 Y93.818 E.00568
G1 X126.405 Y93.981 E.00598
G1 X126.204 Y93.96 E.00478
;WIDTH:0.619493
G1 X126.045 Y93.779 E.00599
;WIDTH:0.648222
G1 X125.886 Y93.598 E.00628
G1 X125.674 Y93.492 E.00618
G1 X125.395 Y93.544 E.0074
;WIDTH:0.609646
G1 X125.176 Y93.586 E.00545
G1 E-3.5 F3600
;WIPE_START
G1 F7200
G1 X125.117 Y93.597 E-.02851
G1 X125.497 Y93.347 E-.21606
G1 X125.878 Y93.098 E-.2162
G1 X126.168 Y92.855 E-.17972
G1 X126.459 Y92.611 E-.18039
G1 X126.412 Y92.924 E-.15034
G1 X126.364 Y93.236 E-.14994
G1 X126.484 Y93.407 E-.09923
G1 X126.603 Y93.578 E-.09896
G1 X126.598 Y93.818 E-.11402
G1 X126.491 Y93.909 E-.06663
;WIPE_END
G1 X108.192 Y68.3 F9000
G1 E5 F2400
;WIDTH:0.580056
G1 F937
G1 X108.915 Y67.852 E.01975
;WIDTH:0.560578
G1 X109.531 Y67.503 E.01587
G1 X110.164 Y67.185 E.01588
;WIDTH:0.560872
G1 X110.81 Y66.896 E.01587
;WIDTH:0.57157
G1 X111.275 Y66.708 E.01147
G1 X112.14 Y66.411 E.02092
;WIDTH:0.560984
G1 X112.82 Y66.215 E.01587
;WIDTH:0.571172
G1 X113.345 Y66.084 E.01237
G1 X114.205 Y65.92 E.02001
;WIDTH:0.55881
G1 X114.906 Y65.821 E.01582
;WIDTH:0.564128
G1 X115.61 Y65.752 E.01596
G1 X116.423 Y65.719 E.01836
;WIDTH:0.56351
G1 X117.373 Y65.729 E.02141
;WIDTH:0.564544
G1 X118.086 Y65.778 E.01614
G1 X118.789 Y65.859 E.01598
G1 X119.488 Y65.973 E.01599
;WIDTH:0.564438
G1 X120.181 Y66.12 E.01599
G1 X120.866 Y66.298 E.01598
G1 X121.542 Y66.509 E.01599
G1 X122.208 Y66.75 E.01599
;WIDTH:0.567848
G1 X123.144 Y67.15 E.02312
;WIDTH:0.567952
G1 X123.816 Y67.485 E.01706
G1 X124.435 Y67.832 E.01612
;WIDTH:0.567678
G1 X125.035 Y68.208 E.01608
;WIDTH:0.564124
G1 X125.617 Y68.611 E.01597
;WIDTH:0.56439
G1 X126.181 Y69.039 E.01598
G1 X126.724 Y69.493 E.01598
G1 X127.245 Y69.973 E.01599
G1 X127.743 Y70.476 E.01598
G1 X128.218 Y71.002 E.016
;WIDTH:0.567982
G1 X128.878 Y71.823 E.02393
G1 X129.293 Y72.406 E.01626
;WIDTH:0.567664
G1 X129.676 Y73.002 E.01609
;WIDTH:0.567404
G1 X130.028 Y73.616 E.01606
;WIDTH:0.564392
G1 X130.355 Y74.244 E.01598
G1 X130.651 Y74.888 E.016
;WIDTH:0.56883
G1 X131.038 Y75.868 E.02398
G1 X131.26 Y76.549 E.0163
;WIDTH:0.568498
G1 X131.448 Y77.232 E.01611
;WIDTH:0.568204
G1 X131.604 Y77.923 E.0161
;WIDTH:0.567926
G1 X131.727 Y78.62 E.01608
;WIDTH:0.567654
G1 X131.816 Y79.323 E.01609
;WIDTH:0.56443
G1 X131.875 Y80.028 E.01597
G1 X131.901 Y80.736 E.01599
G1 X131.893 Y81.444 E.01598
G1 X131.853 Y82.151 E.01599
G1 X131.779 Y82.855 E.01598
G1 X131.673 Y83.555 E.01598
;WIDTH:0.56796
G1 X131.457 Y84.587 E.02396
G1 X131.269 Y85.277 E.01625
;WIDTH:0.56764
G1 X131.05 Y85.951 E.01609
;WIDTH:0.567384
G1 X130.801 Y86.614 E.01607
;WIDTH:0.569472
G1 X130.384 Y87.556 E.02347
G1 X130.044 Y88.213 E.01685
;WIDTH:0.56487
G1 X129.691 Y88.827 E.016
G1 X129.308 Y89.422 E.01599
G1 X128.901 Y90.002 E.01601
G1 X128.465 Y90.559 E.01598
;WIDTH:0.567134
G1 X128.005 Y91.098 E.01608
G1 X127.518 Y91.612 E.01606
;WIDTH:0.561978
G1 X127.009 Y92.104 E.01591
;WIDTH:0.571786
G1 X126.577 Y92.492 E.01329
;WIDTH:0.581864
G1 X126.503 Y92.564 E.00241
G1 X125.117 Y93.597 F9000
;WIDTH:0.57107
G1 F937
G1 X124.459 Y94.004 E.01768
;WIDTH:0.56161
G1 X123.843 Y94.354 E.01591
;WIDTH:0.564198
G1 X123.211 Y94.673 E.01597
G1 X122.563 Y94.959 E.01598
;WIDTH:0.571498
G1 X122.099 Y95.148 E.01146
G1 X121.234 Y95.445 E.02091
;WIDTH:0.5596
G1 X120.553 Y95.64 E.01585
;WIDTH:0.565506
G1 X119.866 Y95.808 E.016
G1 X119.169 Y95.936 E.01603
;WIDTH:0.560728
G1 X118.469 Y96.037 E.01586
;WIDTH:0.564652
G1 X117.764 Y96.105 E.016
G1 X117.056 Y96.135 E.016
;WIDTH:0.570302
G1 X116.444 Y96.142 E.01397
;WIDTH:0.571342
G1 X115.729 Y96.114 E.01636
;WIDTH:0.576686
G1 X115.011 Y96.049 E.01664
G1 X114.298 Y95.955 E.0166
;WIDTH:0.572126
G1 X113.479 Y95.801 E.01908
;WIDTH:0.571772
G1 X112.652 Y95.599 E.01948
;WIDTH:0.571154
G1 X111.963 Y95.392 E.01644
;WIDTH:0.571054
G1 X111.283 Y95.152 E.01648
;WIDTH:0.57088
G1 X110.615 Y94.88 E.01648
;WIDTH:0.576678
G1 X109.963 Y94.574 E.01663
G1 X109.323 Y94.242 E.01664
;WIDTH:0.572798
G1 X108.7 Y93.879 E.01653
;WIDTH:0.572176
G1 X108.096 Y93.486 E.0165
G1 X107.511 Y93.065 E.0165
;WIDTH:0.572284
G1 X106.946 Y92.617 E.01651
G1 X106.405 Y92.143 E.01647
G1 X105.807 Y91.564 E.01906
;WIDTH:0.5716
G1 X105.228 Y90.939 E.01949
;WIDTH:0.577162
G1 X104.77 Y90.384 E.01662
G1 X104.333 Y89.81 E.01667
;WIDTH:0.572116
G1 X103.927 Y89.215 E.01649
G1 X103.548 Y88.602 E.0165
;WIDTH:0.572242
G1 X103.2 Y87.971 E.0165
G1 X102.881 Y87.324 E.01652
;WIDTH:0.575776
G1 X102.596 Y86.662 E.01661
G1 X102.337 Y85.99 E.0166
;WIDTH:0.568872
G1 X102.114 Y85.307 E.01635
;WIDTH:0.568528
G1 X101.926 Y84.625 E.01609
;WIDTH:0.568232
G1 X101.772 Y83.934 E.01609
;WIDTH:0.564974
G1 X101.649 Y83.236 E.01602
;WIDTH:0.564484
G1 X101.557 Y82.534 E.01598
G1 X101.499 Y81.828 E.01599
G1 X101.473 Y81.121 E.01597
G1 X101.481 Y80.413 E.01599
;WIDTH:0.564362
G1 X101.521 Y79.706 E.01598
G1 X101.595 Y79.002 E.01598
G1 X101.701 Y78.302 E.01598
;WIDTH:0.567976
G1 X101.917 Y77.27 E.02396
G1 X102.105 Y76.579 E.01627
;WIDTH:0.567654
G1 X102.324 Y75.905 E.01609
;WIDTH:0.567398
G1 X102.573 Y75.243 E.01605
;WIDTH:0.569488
G1 X102.99 Y74.3 E.02349
G1 X103.329 Y73.643 E.01684
;WIDTH:0.565908
G1 X103.683 Y73.03 E.01602
;WIDTH:0.563666
G1 X104.066 Y72.434 E.01597
;WIDTH:0.56396
G1 X104.474 Y71.855 E.01598
;WIDTH:0.569936
G1 X104.846 Y71.373 E.01388
G1 X105.369 Y70.758 E.01841
;WIDTH:0.567338
G1 X105.856 Y70.244 E.01607
;WIDTH:0.56198
G1 X106.365 Y69.752 E.01591
;WIDTH:0.571786
G1 X106.797 Y69.365 E.01327
;WIDTH:0.586476
G1 X106.888 Y69.275 E.00301
G1 X106.509 Y68.88 F9000
;TYPE:External perimeter
;WIDTH:0.419999
G1 F937
G1 X106.529 Y68.799 E.00138
G1 X106.314 Y68.464 E.0066
G1 X106.254 Y68.152 E.00526
G1 X106.311 Y67.869 E.00478
G1 X106.551 Y67.55 E.00661
G1 X106.952 Y67.381 E.00721
G1 X107.212 Y67.4 E.00432
G1 X107.466 Y67.525 E.00469
G1 X107.839 Y67.871 E.00843
G1 X108.011 Y67.854 E.00286
G1 X109.086 Y67.203 E.02082
G1 X110.194 Y66.645 E.02056
G1 X111.108 Y66.264 E.01641
G1 X112.284 Y65.869 E.02056
G1 X113.243 Y65.621 E.01641
G1 X114.151 Y65.454 E.0153
G1 X114.888 Y65.353 E.01233
G1 X115.714 Y65.269 E.01376
G1 X116.836 Y65.24 E.0186
G1 X117.69 Y65.271 E.01416
G1 X118.429 Y65.336 E.01229
G1 X119.166 Y65.436 E.01232
G1 X119.896 Y65.57 E.0123
G1 X120.62 Y65.74 E.01232
G1 X121.335 Y65.943 E.01232
G1 X122.04 Y66.18 E.01232
G1 X122.732 Y66.45 E.01231
G1 X123.411 Y66.752 E.01231
G1 X124.077 Y67.088 E.01236
G1 X124.723 Y67.453 E.01229
G1 X125.463 Y67.924 E.01453
G1 X126.161 Y68.422 E.01421
G1 X126.741 Y68.884 E.01229
G1 X127.301 Y69.373 E.01232
G1 X127.836 Y69.889 E.01232
G1 X128.346 Y70.429 E.01231
G1 X128.83 Y70.993 E.01231
G1 X129.288 Y71.581 E.01235
G1 X129.716 Y72.187 E.01229
G1 X130.116 Y72.815 E.01234
G1 X130.602 Y73.68 E.01644
G1 X130.929 Y74.345 E.01228
G1 X131.224 Y75.026 E.0123
G1 X131.5 Y75.759 E.01298
G1 X131.725 Y76.454 E.0121
G1 X131.917 Y77.159 E.01211
G1 X132.076 Y77.872 E.0121
G1 X132.203 Y78.604 E.01231
G1 X132.319 Y79.59 E.01645
G1 X132.365 Y80.329 E.01227
G1 X132.376 Y81.061 E.01213
G1 X132.352 Y81.804 E.01232
G1 X132.293 Y82.545 E.01232
G1 X132.199 Y83.282 E.01231
G1 X132.071 Y84.014 E.01231
G1 X131.907 Y84.739 E.01232
G1 X131.71 Y85.455 E.0123
G1 X131.478 Y86.162 E.01233
G1 X131.214 Y86.856 E.0123
G1 X130.811 Y87.762 E.01643
G1 X130.351 Y88.64 E.01642
G1 X129.971 Y89.278 E.0123
G1 X129.416 Y90.101 E.01645
G1 X128.969 Y90.692 E.01228
G1 X128.327 Y91.449 E.01645
G1 X127.64 Y92.162 E.01641
G1 X126.898 Y92.842 E.01668
G1 X126.845 Y93.058 E.00369
G1 X127.06 Y93.393 E.0066
G1 X127.119 Y93.705 E.00526
G1 X127.05 Y94.017 E.00529
G1 X126.885 Y94.254 E.00478
G1 X126.496 Y94.458 E.00728
G1 X126.139 Y94.44 E.00592
G1 X125.895 Y94.346 E.00433
G1 X125.535 Y93.986 E.00844
G1 X125.362 Y94.002 E.00288
G1 X124.288 Y94.654 E.02082
G1 X123.303 Y95.154 E.0183
G1 X122.267 Y95.592 E.01864
G1 X121.092 Y95.987 E.02054
G1 X119.889 Y96.288 E.02055
G1 X118.8 Y96.475 E.01831
G1 X117.681 Y96.587 E.01863
G1 X116.44 Y96.616 E.02057
G1 X115.699 Y96.587 E.01229
G1 X114.959 Y96.523 E.01231
G1 X114.222 Y96.423 E.01232
G1 X113.379 Y96.265 E.01421
G1 X112.527 Y96.057 E.01453
G1 X111.816 Y95.843 E.0123
G1 X111.115 Y95.595 E.01232
G1 X110.426 Y95.315 E.01232
G1 X109.752 Y95.002 E.01231
G1 X109.093 Y94.658 E.01232
G1 X108.451 Y94.283 E.01232
G1 X107.828 Y93.878 E.01231
G1 X107.225 Y93.444 E.01231
G1 X106.642 Y92.982 E.01233
G1 X106.083 Y92.492 E.01232
G1 X105.467 Y91.895 E.01421
G1 X104.871 Y91.251 E.01454
G1 X104.396 Y90.68 E.01231
G1 X103.948 Y90.087 E.01231
G1 X103.528 Y89.474 E.01231
G1 X103.138 Y88.841 E.01232
G1 X102.779 Y88.19 E.01232
G1 X102.451 Y87.524 E.0123
G1 X102.154 Y86.842 E.01233
G1 X101.89 Y86.147 E.01232
G1 X101.66 Y85.44 E.01232
G1 X101.463 Y84.724 E.0123
G1 X101.279 Y83.886 E.01422
G1 X101.137 Y83.02 E.01454
G1 X101.056 Y82.282 E.0123
G1 X101.009 Y81.54 E.01232
G1 X100.998 Y80.797 E.01231
G1 X101.021 Y80.054 E.01232
G1 X101.08 Y79.313 E.01232
G1 X101.174 Y78.575 E.01233
G1 X101.303 Y77.843 E.01232
G1 X101.467 Y77.118 E.01232
G1 X101.664 Y76.402 E.0123
G1 X101.895 Y75.695 E.01232
G1 X102.16 Y75.001 E.01231
G1 X102.563 Y74.095 E.01643
G1 X102.958 Y73.334 E.01421
G1 X103.403 Y72.579 E.01452
G1 X103.957 Y71.756 E.01644
G1 X104.477 Y71.075 E.0142
G1 X105.046 Y70.408 E.01453
G1 X105.734 Y69.694 E.01643
G1 X106.476 Y69.015 E.01667
G1 X106.495 Y68.938 E.00131
;LAYER_CHANGE
M117 DASHBOARD_LAYER_INDICATOR 17
;Z:1.8
;HEIGHT:0.0999999
;BEFORE_LAYER_CHANGE
M117 OBICO_LAYER_INDICATOR 16
G92 E0
;1.8
G1 E-3.5 F3600
;WIPE_START
G1 F7200
G1 X106.509 Y68.88 E-.02834
G1 X106.529 Y68.799 E-.03963
G1 X106.314 Y68.464 E-.18908
G1 X106.254 Y68.152 E-.15092
G1 X106.311 Y67.869 E-.13712
G1 X106.551 Y67.55 E-.18962
G1 X106.952 Y67.381 E-.2067
G1 X107.212 Y67.4 E-.12383
G1 X107.466 Y67.525 E-.13447
G1 X107.839 Y67.871 E-.24166
G1 X107.962 Y67.859 E-.05863
;WIPE_END
G1 Z1.8 F9000
;AFTER_LAYER_CHANGE
;1.8
G1 X107.168 Y69.721
G1 E5 F2400
G1 F936
G1 X107.491 Y69.446 E.00703
G1 X108.036 Y69.029 E.01137
G1 X108.48 Y68.722 E.00894
G1 X109.18 Y68.277 E.01374
G1 X109.776 Y67.941 E.01134
G1 X110.388 Y67.634 E.01134
G1 X111.013 Y67.355 E.01134
G1 X111.557 Y67.143 E.00967
G1 X112.3 Y66.887 E.01302
G1 X112.958 Y66.698 E.01134
G1 X113.462 Y66.578 E.00858
G1 X114.404 Y66.391 E.01591
G1 X115.656 Y66.253 E.02087
G1 X116.406 Y66.22 E.01244
G1 X117.365 Y66.233 E.01589
G1 X118.05 Y66.28 E.01138
G1 X118.73 Y66.36 E.01134
G1 X119.405 Y66.471 E.01133
G1 X120.075 Y66.613 E.01135
G1 X120.737 Y66.786 E.01134
G1 X121.391 Y66.99 E.01135
G1 X122.034 Y67.224 E.01134
G1 X122.666 Y67.487 E.01134
G1 X123.285 Y67.78 E.01135
G1 X123.89 Y68.101 E.01135
G1 X124.992 Y68.794 E.02157
G1 X125.557 Y69.196 E.01149
G1 X126.103 Y69.63 E.01156
G1 X126.627 Y70.089 E.01154
G1 X127.13 Y70.572 E.01155
G1 X127.604 Y71.077 E.01148
G1 X127.969 Y71.489 E.00912
G1 X128.483 Y72.139 E.01373
G1 X128.88 Y72.698 E.01136
G1 X129.25 Y73.274 E.01134
G1 X129.593 Y73.867 E.01135
G1 X129.907 Y74.475 E.01134
G1 X130.193 Y75.097 E.01134
G1 X130.566 Y76.051 E.01697
G1 X130.779 Y76.705 E.0114
G1 X130.96 Y77.365 E.01134
G1 X131.11 Y78.033 E.01134
G1 X131.229 Y78.707 E.01134
G1 X131.317 Y79.386 E.01134
G1 X131.373 Y80.068 E.01134
G1 X131.397 Y80.752 E.01134
G1 X131.389 Y81.437 E.01135
G1 X131.336 Y82.266 E.01376
G1 X131.231 Y83.139 E.01457
G1 X131.112 Y83.815 E.01137
G1 X130.962 Y84.483 E.01134
G1 X130.781 Y85.143 E.01134
G1 X130.57 Y85.794 E.01134
G1 X130.329 Y86.435 E.01135
G1 X129.995 Y87.196 E.01377
G1 X129.598 Y87.98 E.01456
G1 X129.255 Y88.574 E.01137
G1 X128.886 Y89.151 E.01135
G1 X128.49 Y89.709 E.01134
G1 X128.068 Y90.249 E.01136
G1 X127.623 Y90.768 E.01133
G1 X127.153 Y91.267 E.01136
G1 X126.661 Y91.742 E.01133
G1 X126.242 Y92.111 E.00925
G1 X125.612 Y92.622 E.01344
G1 X125.058 Y93.025 E.01135
G1 X124.487 Y93.401 E.01133
G1 X123.898 Y93.751 E.01135
G1 X123.293 Y94.072 E.01135
G1 X122.496 Y94.443 E.01457
G1 X121.911 Y94.676 E.01043
G1 X121.074 Y94.97 E.0147
G1 X120.416 Y95.159 E.01134
G1 X119.75 Y95.317 E.01134
G1 X119.077 Y95.444 E.01135
G1 X118.399 Y95.539 E.01134
G1 X117.718 Y95.603 E.01133
G1 X117.034 Y95.635 E.01135
G1 X116.444 Y95.635 E.00978
G1 X115.753 Y95.608 E.01146
G1 X115.058 Y95.547 E.01156
G1 X114.372 Y95.451 E.01148
G1 X113.589 Y95.303 E.0132
G1 X112.78 Y95.108 E.01379
G1 X112.114 Y94.908 E.01152
G1 X111.457 Y94.676 E.01154
G1 X110.811 Y94.412 E.01156
G1 X110.178 Y94.119 E.01156
G1 X109.56 Y93.796 E.01155
G1 X108.963 Y93.442 E.0115
G1 X108.383 Y93.063 E.01148
G1 X107.819 Y92.661 E.01148
G1 X107.273 Y92.228 E.01155
G1 X106.749 Y91.77 E.01153
G1 X106.173 Y91.213 E.01328
G1 X105.609 Y90.599 E.01381
G1 X105.168 Y90.068 E.01144
G1 X104.747 Y89.516 E.0115
G1 X104.354 Y88.941 E.01154
G1 X103.988 Y88.347 E.01156
G1 X103.651 Y87.737 E.01155
G1 X103.343 Y87.112 E.01155
G1 X102.808 Y85.805 E.0234
G1 X102.595 Y85.152 E.01138
G1 X102.414 Y84.492 E.01134
G1 X102.264 Y83.824 E.01134
G1 X102.145 Y83.15 E.01134
G1 X102.057 Y82.471 E.01134
G1 X102.001 Y81.788 E.01135
G1 X101.977 Y81.104 E.01134
G1 X101.985 Y80.419 E.01135
G1 X102.038 Y79.591 E.01375
G1 X102.143 Y78.718 E.01457
G1 X102.262 Y78.042 E.01137
G1 X102.412 Y77.374 E.01134
G1 X102.593 Y76.714 E.01134
G1 X102.804 Y76.062 E.01135
G1 X103.045 Y75.422 E.01133
G1 X103.379 Y74.661 E.01377
G1 X103.776 Y73.877 E.01456
G1 X104.119 Y73.282 E.01138
G1 X104.488 Y72.706 E.01133
G1 X104.884 Y72.147 E.01135
G1 X105.24 Y71.691 E.00959
G1 X105.751 Y71.088 E.0131
G1 X106.221 Y70.59 E.01135
G1 X106.822 Y70.016 E.01377
G1 X107.122 Y69.76 E.00653
G1 X107.07 Y68.197 F9000
;TYPE:Perimeter
;WIDTH:0.378903
G1 F936
G1 X107.153 Y68.308 E.00206
;WIDTH:0.415336
G1 X107.235 Y68.419 E.00226
;WIDTH:0.451768
G1 X107.317 Y68.53 E.00247
G1 X107.571 Y68.871 F9000
;WIDTH:0.439999
G1 F936
G1 X107.252 Y69.114 E.00698
;WIDTH:0.482365
G1 X107.141 Y69.18 E.00247
;WIDTH:0.524731
G1 X107.03 Y69.246 E.0027
;WIDTH:0.567096
G1 X106.92 Y69.313 E.00292
;WIDTH:0.609462
G1 X106.809 Y69.379 E.00316
G1 X106.842 Y69.277 E.00262
;WIDTH:0.567096
G1 X106.875 Y69.175 E.00243
;WIDTH:0.524731
G1 X106.908 Y69.074 E.00222
;WIDTH:0.482365
G1 X106.941 Y68.972 E.00205
;WIDTH:0.439999
G1 X106.916 Y68.669 E.00529
G1 X106.7 Y68.306 E.00735
G1 X106.683 Y68.093 E.00372
G1 X106.795 Y67.882 E.00416
G1 X107.06 Y67.79 E.00488
G1 X107.239 Y67.865 E.00338
G1 X107.448 Y68.081 E.00523
G1 X107.715 Y68.26 E.00559
;WIDTH:0.48337
G1 X107.836 Y68.274 E.00234
;WIDTH:0.526742
G1 X107.957 Y68.287 E.00256
;WIDTH:0.570113
G1 X108.078 Y68.301 E.00278
;WIDTH:0.613484
G1 X108.199 Y68.315 E.003
G1 X108.096 Y68.412 E.00348
;WIDTH:0.570113
G1 X107.994 Y68.51 E.00323
;WIDTH:0.526742
G1 X107.891 Y68.607 E.00297
;WIDTH:0.48337
G1 X107.789 Y68.705 E.00272
;WIDTH:0.439999
G1 X107.618 Y68.834 E.00373
G1 E-3.5 F3600
;WIPE_START
G1 F7200
G1 X107.571 Y68.871 E-.02841
G1 X107.252 Y69.114 E-.19048
G1 X107.141 Y69.18 E-.06134
G1 X107.03 Y69.246 E-.06134
G1 X106.92 Y69.313 E-.06118
G1 X106.809 Y69.379 E-.06134
G1 X106.842 Y69.277 E-.05092
G1 X106.875 Y69.175 E-.05092
G1 X106.908 Y69.074 E-.05047
G1 X106.941 Y68.972 E-.05092
G1 X106.916 Y68.669 E-.14441
G1 X106.7 Y68.306 E-.20064
G1 X106.683 Y68.093 E-.1015
G1 X106.795 Y67.882 E-.11347
G1 X107.06 Y67.79 E-.13324
G1 X107.239 Y67.865 E-.09219
G1 X107.308 Y67.936 E-.04723
;WIPE_END
G1 X125.867 Y92.941 F9000
G1 E5 F2400
;WIDTH:0.4816
G1 F936
G1 X126.018 Y92.847 E.0034
;WIDTH:0.523201
G1 X126.169 Y92.753 E.00371
;WIDTH:0.564802
G1 X126.32 Y92.658 E.00403
;WIDTH:0.606403
G1 X126.471 Y92.564 E.00433
G1 X126.468 Y92.603 E.00095
;WIDTH:0.592028
G1 X126.461 Y92.736 E.00316
;WIDTH:0.554021
G1 X126.455 Y92.869 E.00295
;WIDTH:0.516014
G1 X126.449 Y93.002 E.00274
;WIDTH:0.478006
G1 X126.442 Y93.136 E.00255
;WIDTH:0.486397
G1 X126.459 Y93.234 E.00192
;WIDTH:0.532795
G1 X126.475 Y93.332 E.00211
;WIDTH:0.561716
G1 X126.539 Y93.456 E.00313
;WIDTH:0.590637
G1 X126.603 Y93.579 E.00328
G1 X126.598 Y93.819 E.00568
G1 X126.405 Y93.981 E.00596
G1 X126.204 Y93.96 E.00478
G1 X126.076 Y93.846 E.00406
;WIDTH:0.561716
G1 X125.948 Y93.731 E.00386
;WIDTH:0.532795
G1 X125.382 Y93.548 E.01265
;WIDTH:0.525497
G1 X125.29 Y93.559 E.00194
;WIDTH:0.565995
G1 X125.199 Y93.571 E.00208
;WIDTH:0.606492
G1 X125.107 Y93.582 E.00225
G1 X125.176 Y93.512 E.00239
;WIDTH:0.565995
G1 X125.244 Y93.443 E.00219
;WIDTH:0.525497
G1 X125.312 Y93.374 E.00203
;WIDTH:0.485
G1 X125.82 Y92.978 E.01241
G1 E-3.5 F3600
;WIPE_START
G1 F7200
G1 X125.867 Y92.941 E-.02841
G1 X126.018 Y92.847 E-.08449
G1 X126.169 Y92.753 E-.08449
G1 X126.32 Y92.658 E-.08474
G1 X126.471 Y92.564 E-.08449
G1 X126.468 Y92.603 E-.01858
G1 X126.461 Y92.736 E-.06326
G1 X126.455 Y92.869 E-.06324
G1 X126.449 Y93.002 E-.06324
G1 X126.442 Y93.136 E-.06374
G1 X126.459 Y93.234 E-.04725
G1 X126.475 Y93.332 E-.04717
G1 X126.539 Y93.456 E-.06628
G1 X126.603 Y93.579 E-.06586
G1 X126.598 Y93.819 E-.11402
G1 X126.405 Y93.981 E-.11969
G1 X126.204 Y93.96 E-.09599
G1 X126.076 Y93.846 E-.08142
G1 X125.948 Y93.731 E-.08173
G1 X125.664 Y93.639 E-.14191
;WIPE_END
G1 X108.199 Y68.315 F9000
G1 E5 F2400
;WIDTH:0.613484
G1 F936
G1 X108.923 Y67.867 E.02096
;WIDTH:0.593772
G1 X109.539 Y67.518 E.01685
G1 X110.17 Y67.2 E.01681
;WIDTH:0.59361
G1 X110.816 Y66.912 E.01682
;WIDTH:0.60298
G1 X111.379 Y66.686 E.01467
G1 X112.144 Y66.427 E.01953
;WIDTH:0.594178
G1 X112.824 Y66.231 E.01685
;WIDTH:0.60434
G1 X113.349 Y66.101 E.01311
G1 X114.207 Y65.937 E.02117
;WIDTH:0.59199
G1 X114.907 Y65.838 E.01677
;WIDTH:0.597296
G1 X115.611 Y65.768 E.01694
G1 X116.385 Y65.736 E.01855
;WIDTH:0.596792
G1 X117.371 Y65.746 E.02359
;WIDTH:0.597732
G1 X118.084 Y65.794 E.01712
G1 X118.786 Y65.876 E.01693
G1 X119.484 Y65.99 E.01694
;WIDTH:0.597622
G1 X120.176 Y66.136 E.01694
G1 X120.861 Y66.314 E.01695
G1 X121.536 Y66.524 E.01693
G1 X122.201 Y66.766 E.01695
G1 X122.854 Y67.037 E.01694
G1 X123.494 Y67.339 E.01695
G1 X124.118 Y67.672 E.01694
;WIDTH:0.606822
G1 X124.668 Y67.995 E.01552
;WIDTH:0.608536
G1 X125.269 Y68.387 E.01751
G1 X125.855 Y68.806 E.01758
;WIDTH:0.605462
G1 X126.418 Y69.254 E.01747
G1 X126.96 Y69.728 E.01748
G1 X127.479 Y70.227 E.01748
;WIDTH:0.608044
G1 X128.333 Y71.163 E.0309
;WIDTH:0.601126
G1 X128.867 Y71.835 E.02069
G1 X129.279 Y72.415 E.01715
;WIDTH:0.60084
G1 X129.662 Y73.01 E.01704
;WIDTH:0.600584
G1 X130.014 Y73.624 E.01704
;WIDTH:0.59758
G1 X130.34 Y74.251 E.01693
G1 X130.636 Y74.894 E.01695
;WIDTH:0.602002
G1 X131.022 Y75.873 E.0254
G1 X131.244 Y76.553 E.01727
;WIDTH:0.601672
G1 X131.432 Y77.235 E.01707
;WIDTH:0.601382
G1 X131.586 Y77.926 E.01707
;WIDTH:0.59752
G1 X131.709 Y78.622 E.01693
;WIDTH:0.597664
G1 X131.8 Y79.324 E.01696
G1 X131.859 Y80.029 E.01695
G1 X131.884 Y80.735 E.01692
G1 X131.877 Y81.443 E.01696
;WIDTH:0.599418
G1 X131.823 Y82.297 E.02056
;WIDTH:0.601672
G1 X131.717 Y83.198 E.02188
G1 X131.594 Y83.9 E.01719
;WIDTH:0.601366
G1 X131.439 Y84.59 E.01705
;WIDTH:0.601088
G1 X131.253 Y85.272 E.01704
;WIDTH:0.60082
G1 X131.035 Y85.945 E.01704
;WIDTH:0.600562
G1 X130.786 Y86.607 E.01703
;WIDTH:0.600314
G1 X130.442 Y87.391 E.0206
;WIDTH:0.59819
G1 X130.032 Y88.2 E.02175
;WIDTH:0.598056
G1 X129.677 Y88.818 E.01709
G1 X129.294 Y89.413 E.01696
;WIDTH:0.598162
G1 X128.888 Y89.991 E.01694
G1 X128.452 Y90.549 E.01698
;WIDTH:0.600306
G1 X127.993 Y91.087 E.01702
G1 X127.506 Y91.6 E.01702
;WIDTH:0.595162
G1 X126.998 Y92.092 E.01687
;WIDTH:0.604964
G1 X126.566 Y92.48 E.01409
;WIDTH:0.615294
G1 X126.489 Y92.554 E.00264
G1 X125.107 Y93.582 F9000
;WIDTH:0.606492
G1 F936
G1 X124.146 Y94.17 E.0274
;WIDTH:0.597496
G1 X123.521 Y94.5 E.01693
;WIDTH:0.59278
G1 X122.7 Y94.883 E.02152
;WIDTH:0.605908
G1 X122.093 Y95.132 E.01594
G1 X121.229 Y95.429 E.0222
;WIDTH:0.592778
G1 X120.55 Y95.624 E.01678
;WIDTH:0.598668
G1 X119.863 Y95.792 E.01697
G1 X119.167 Y95.92 E.01698
;WIDTH:0.593716
G1 X118.467 Y96.02 E.01682
;WIDTH:0.597784
G1 X117.763 Y96.088 E.01695
G1 X117.056 Y96.118 E.01696
;WIDTH:0.60347
G1 X116.444 Y96.126 E.01481
G1 X115.73 Y96.098 E.01729
G1 X115.012 Y96.035 E.01744
;WIDTH:0.60679
G1 X114.3 Y95.938 E.01749
;WIDTH:0.607278
G1 X113.491 Y95.785 E.02005
G1 X112.656 Y95.583 E.02092
;WIDTH:0.604322
G1 X111.968 Y95.376 E.01741
G1 X111.289 Y95.137 E.01744
;WIDTH:0.60405
G1 X110.622 Y94.865 E.01745
;WIDTH:0.603868
G1 X109.969 Y94.562 E.01743
;WIDTH:0.603674
G1 X109.33 Y94.229 E.01744
;WIDTH:0.606944
G1 X108.709 Y93.864 E.01753
;WIDTH:0.608542
G1 X108.106 Y93.471 E.01757
G1 X107.521 Y93.052 E.01756
;WIDTH:0.60546
G1 X106.957 Y92.604 E.01749
G1 X106.416 Y92.131 E.01745
G1 X105.824 Y91.558 E.02
;WIDTH:0.607258
G1 X105.241 Y90.926 E.02094
;WIDTH:0.608598
G1 X104.782 Y90.374 E.01752
G1 X104.347 Y89.801 E.01756
;WIDTH:0.605286
G1 X103.94 Y89.206 E.0175
G1 X103.563 Y88.593 E.01747
;WIDTH:0.605414
G1 X103.214 Y87.963 E.01749
G1 X102.896 Y87.317 E.01748
;WIDTH:0.608938
G1 X102.611 Y86.656 E.01758
G1 X102.352 Y85.983 E.01761
;WIDTH:0.601998
G1 X102.13 Y85.303 E.01726
;WIDTH:0.601706
G1 X101.942 Y84.621 E.01707
;WIDTH:0.601406
G1 X101.788 Y83.931 E.01705
;WIDTH:0.598338
G1 X101.665 Y83.234 E.01698
;WIDTH:0.59767
G1 X101.574 Y82.533 E.01693
G1 X101.515 Y81.828 E.01695
G1 X101.49 Y81.121 E.01695
G1 X101.497 Y80.414 E.01694
;WIDTH:0.599426
G1 X101.551 Y79.559 E.02059
;WIDTH:0.60169
G1 X101.657 Y78.659 E.02186
G1 X101.78 Y77.957 E.01719
;WIDTH:0.601382
G1 X101.935 Y77.267 E.01705
;WIDTH:0.601104
G1 X102.121 Y76.584 E.01706
;WIDTH:0.600832
G1 X102.339 Y75.911 E.01704
;WIDTH:0.600574
G1 X102.588 Y75.249 E.01703
;WIDTH:0.600324
G1 X102.932 Y74.465 E.0206
;WIDTH:0.599308
G1 X103.341 Y73.656 E.02178
G1 X103.697 Y73.039 E.01711
;WIDTH:0.596788
G1 X104.08 Y72.444 E.01693
;WIDTH:0.597216
G1 X104.487 Y71.865 E.01694
;WIDTH:0.60324
G1 X104.854 Y71.389 E.01454
G1 X105.381 Y70.77 E.01966
;WIDTH:0.600496
G1 X105.868 Y70.256 E.01705
;WIDTH:0.595306
G1 X106.486 Y69.665 E.0204
;WIDTH:0.609462
G1 X106.809 Y69.379 E.01055
G1 X106.536 Y68.88 F9000
;TYPE:External perimeter
;WIDTH:0.419999
G1 F936
G1 X106.53 Y68.803 E.00128
G1 X106.314 Y68.463 E.00667
G1 X106.254 Y68.153 E.00523
G1 X106.311 Y67.87 E.00478
G1 X106.552 Y67.55 E.00664
G1 X106.951 Y67.381 E.00718
G1 X107.212 Y67.4 E.00434
G1 X107.499 Y67.547 E.00534
G1 X107.845 Y67.873 E.00788
G1 X108.011 Y67.854 E.00277
G1 X109.086 Y67.203 E.02082
G1 X110.193 Y66.645 E.02054
G1 X111.208 Y66.227 E.01819
G1 X112.284 Y65.869 E.01879
G1 X113.243 Y65.621 E.01641
G1 X114.463 Y65.397 E.02055
G1 X115.696 Y65.27 E.02054
G1 X116.83 Y65.239 E.0188
G1 X117.427 Y65.261 E.0099
G1 X118.158 Y65.311 E.01214
G1 X118.883 Y65.397 E.0121
G1 X119.604 Y65.516 E.01211
G1 X120.318 Y65.669 E.0121
G1 X121.025 Y65.854 E.01211
G1 X121.722 Y66.073 E.01211
G1 X122.408 Y66.323 E.0121
G1 X123.081 Y66.605 E.01209
G1 X123.741 Y66.918 E.0121
G1 X124.391 Y67.269 E.01224
G1 X125.119 Y67.701 E.01403
G1 X125.557 Y67.987 E.00867
G1 X126.16 Y68.421 E.01231
G1 X126.742 Y68.884 E.01232
G1 X127.301 Y69.374 E.01232
G1 X127.836 Y69.889 E.0123
G1 X128.346 Y70.43 E.01232
G1 X128.831 Y70.994 E.01233
G1 X129.289 Y71.582 E.01235
G1 X129.716 Y72.187 E.01227
G1 X130.116 Y72.815 E.01234
G1 X130.602 Y73.68 E.01644
G1 X130.929 Y74.345 E.01228
G1 X131.224 Y75.027 E.01231
G1 X131.5 Y75.76 E.01298
G1 X131.725 Y76.455 E.0121
G1 X131.917 Y77.162 E.01214
G1 X132.103 Y78.012 E.01442
G1 X132.238 Y78.85 E.01406
G1 X132.319 Y79.587 E.01229
G1 X132.365 Y80.329 E.01232
G1 X132.376 Y81.061 E.01213
G1 X132.352 Y81.804 E.01232
G1 X132.293 Y82.545 E.01232
G1 X132.199 Y83.282 E.01231
G1 X132.071 Y84.014 E.01231
G1 X131.907 Y84.739 E.01232
G1 X131.71 Y85.455 E.0123
G1 X131.478 Y86.162 E.01233
G1 X131.214 Y86.856 E.0123
G1 X130.811 Y87.762 E.01643
G1 X130.351 Y88.64 E.01642
G1 X129.971 Y89.277 E.01229
G1 X129.416 Y90.101 E.01646
G1 X128.969 Y90.692 E.01228
G1 X128.327 Y91.449 E.01645
G1 X127.64 Y92.162 E.01641
G1 X126.898 Y92.842 E.01668
G1 X126.839 Y93.037 E.00338
G1 X127.06 Y93.393 E.00694
G1 X127.119 Y93.703 E.00523
G1 X127.05 Y94.017 E.00533
G1 X126.884 Y94.254 E.00479
G1 X126.496 Y94.458 E.00726
G1 X126.139 Y94.44 E.00592
G1 X125.895 Y94.346 E.00433
G1 X125.613 Y94.038 E.00692
G1 X125.439 Y93.975 E.00307
G1 X125.362 Y94.002 E.00135
G1 X124.288 Y94.654 E.02082
G1 X123.31 Y95.151 E.01818
G1 X122.267 Y95.592 E.01876
G1 X121.092 Y95.987 E.02054
G1 X119.889 Y96.288 E.02055
G1 X118.808 Y96.474 E.01817
G1 X117.681 Y96.587 E.01877
G1 X116.44 Y96.616 E.02057
G1 X115.699 Y96.587 E.01229
G1 X114.958 Y96.523 E.01232
G1 X114.222 Y96.423 E.01231
G1 X113.387 Y96.267 E.01407
G1 X112.527 Y96.057 E.01467
G1 X111.815 Y95.843 E.01232
G1 X111.114 Y95.595 E.01232
G1 X110.426 Y95.315 E.01231
G1 X109.752 Y95.002 E.01231
G1 X109.093 Y94.658 E.01232
G1 X108.451 Y94.283 E.01232
G1 X107.828 Y93.878 E.01231
G1 X107.224 Y93.444 E.01232
G1 X106.642 Y92.981 E.01232
G1 X106.083 Y92.492 E.01231
G1 X105.473 Y91.901 E.01407
G1 X104.871 Y91.251 E.01468
G1 X104.396 Y90.68 E.01231
G1 X103.948 Y90.087 E.01231
G1 X103.528 Y89.474 E.01231
G1 X103.138 Y88.841 E.01232
G1 X102.779 Y88.19 E.01232
G1 X102.45 Y87.523 E.01232
G1 X102.154 Y86.842 E.0123
G1 X101.89 Y86.147 E.01232
G1 X101.66 Y85.44 E.01232
G1 X101.463 Y84.724 E.0123
G1 X101.28 Y83.894 E.01408
G1 X101.137 Y83.02 E.01467
G1 X101.056 Y82.282 E.0123
G1 X101.009 Y81.54 E.01232
G1 X100.998 Y80.797 E.01231
G1 X101.021 Y80.054 E.01232
G1 X101.08 Y79.313 E.01232
G1 X101.174 Y78.575 E.01233
G1 X101.303 Y77.843 E.01232
G1 X101.467 Y77.118 E.01232
G1 X101.664 Y76.402 E.0123
G1 X101.895 Y75.695 E.01232
G1 X102.16 Y75.001 E.01231
G1 X102.563 Y74.095 E.01643
G1 X102.954 Y73.341 E.01407
G1 X103.403 Y72.579 E.01465
G1 X103.957 Y71.756 E.01644
G1 X104.472 Y71.082 E.01405
G1 X105.046 Y70.408 E.01467
G1 X105.734 Y69.694 E.01643
G1 X106.476 Y69.015 E.01667
G1 X106.52 Y68.935 E.00151
;LAYER_CHANGE
M117 DASHBOARD_LAYER_INDICATOR 18
;Z:1.9
;HEIGHT:0.1
;BEFORE_LAYER_CHANGE
M117 OBICO_LAYER_INDICATOR 17
G92 E0
;1.9
G1 E-3.5 F3600
;WIPE_START
G1 F7200
G1 X106.536 Y68.88 E-.02721
G1 X106.53 Y68.803 E-.03669
G1 X106.314 Y68.463 E-.19133
G1 X106.254 Y68.153 E-.14998
G1 X106.311 Y67.87 E-.13712
G1 X106.552 Y67.55 E-.19029
G1 X106.951 Y67.381 E-.20582
G1 X107.212 Y67.4 E-.1243
G1 X107.499 Y67.547 E-.15317
G1 X107.845 Y67.873 E-.22581
G1 X107.967 Y67.859 E-.05828
;WIPE_END
G1 Z1.9 F9000
;AFTER_LAYER_CHANGE
;1.9
G1 X107.203 Y69.731
G1 E5 F2400
G1 F935
G1 X107.782 Y69.26 E.01237
G1 X108.334 Y68.859 E.0113
G1 X109.195 Y68.307 E.01695
G1 X109.792 Y67.971 E.01135
G1 X110.402 Y67.664 E.01132
G1 X111.026 Y67.386 E.01132
G1 X111.663 Y67.137 E.01133
G1 X112.31 Y66.918 E.01132
G1 X112.966 Y66.73 E.01131
G1 X113.469 Y66.61 E.00857
G1 X114.409 Y66.424 E.01588
G1 X115.659 Y66.286 E.02084
G1 X116.369 Y66.254 E.01178
G1 X117.363 Y66.266 E.01647
G1 X118.047 Y66.313 E.01136
G1 X118.725 Y66.393 E.01131
G1 X119.399 Y66.503 E.01132
G1 X120.067 Y66.645 E.01132
G1 X120.728 Y66.818 E.01132
G1 X121.38 Y67.021 E.01131
G1 X122.022 Y67.254 E.01132
G1 X122.653 Y67.517 E.01133
G1 X123.572 Y67.965 E.01694
G1 X124.169 Y68.301 E.01135
G1 X124.749 Y68.663 E.01133
G1 X125.311 Y69.051 E.01132
G1 X125.854 Y69.465 E.01131
G1 X126.377 Y69.904 E.01131
G1 X126.88 Y70.367 E.01133
G1 X127.36 Y70.852 E.01131
G1 X127.817 Y71.36 E.01132
G1 X128.25 Y71.888 E.01131
G1 X128.804 Y72.646 E.01556
G1 X129.221 Y73.291 E.01273
G1 X129.563 Y73.883 E.01133
G1 X129.877 Y74.49 E.01132
G1 X130.163 Y75.11 E.01131
G1 X130.534 Y76.061 E.01691
G1 X130.747 Y76.714 E.01138
G1 X130.928 Y77.373 E.01132
G1 X131.078 Y78.039 E.01131
G1 X131.197 Y78.712 E.01132
G1 X131.284 Y79.389 E.01131
G1 X131.34 Y80.07 E.01132
G1 X131.364 Y80.753 E.01132
G1 X131.341 Y81.764 E.01676
G1 X131.285 Y82.451 E.01142
G1 X131.198 Y83.135 E.01142
G1 X131.08 Y83.808 E.01132
G1 X130.93 Y84.475 E.01133
G1 X130.75 Y85.133 E.0113
G1 X130.539 Y85.783 E.01132
G1 X130.298 Y86.422 E.01132
G1 X130.027 Y87.05 E.01133
G1 X129.728 Y87.664 E.01132
G1 X129.463 Y88.15 E.00917
G1 X129.107 Y88.735 E.01135
G1 X128.587 Y89.513 E.01551
G1 X128.173 Y90.062 E.01139
G1 X127.598 Y90.746 E.01481
G1 X127.129 Y91.243 E.01132
G1 X126.638 Y91.718 E.01132
G1 X126.22 Y92.086 E.00923
G1 X125.592 Y92.596 E.0134
G1 X125.04 Y92.998 E.01131
G1 X124.469 Y93.373 E.01132
G1 X123.882 Y93.722 E.01132
G1 X123.279 Y94.043 E.01132
G1 X122.584 Y94.369 E.01272
G1 X121.897 Y94.645 E.01227
G1 X121.064 Y94.938 E.01463
G1 X120.408 Y95.127 E.01131
G1 X119.743 Y95.284 E.01132
G1 X119.072 Y95.411 E.01132
G1 X118.396 Y95.506 E.01131
G1 X117.715 Y95.57 E.01133
G1 X117.033 Y95.602 E.01131
G1 X116.444 Y95.602 E.00976
G1 X115.754 Y95.575 E.01144
G1 X115.061 Y95.514 E.01153
G1 X114.38 Y95.415 E.0114
G1 X113.607 Y95.275 E.01302
G1 X112.788 Y95.076 E.01397
G1 X112.124 Y94.876 E.01149
G1 X111.468 Y94.644 E.01153
G1 X110.824 Y94.382 E.01152
G1 X110.201 Y94.086 E.01143
G1 X109.587 Y93.771 E.01143
G1 X108.987 Y93.42 E.01152
G1 X108.403 Y93.041 E.01154
G1 X107.839 Y92.635 E.01151
G1 X107.294 Y92.202 E.01153
G1 X106.771 Y91.745 E.01151
G1 X106.203 Y91.195 E.0131
G1 X105.629 Y90.577 E.01398
G1 X105.185 Y90.044 E.01149
G1 X104.773 Y89.489 E.01145
G1 X104.382 Y88.92 E.01144
G1 X104.017 Y88.331 E.01148
G1 X103.68 Y87.722 E.01153
G1 X103.373 Y87.098 E.01152
G1 X103.096 Y86.46 E.01152
G1 X102.849 Y85.81 E.01152
G1 X102.633 Y85.148 E.01154
G1 X102.451 Y84.48 E.01147
G1 X102.178 Y83.146 E.02256
G1 X102.09 Y82.467 E.01134
G1 X102.034 Y81.786 E.01132
G1 X102.01 Y81.104 E.01131
G1 X102.033 Y80.094 E.01674
G1 X102.088 Y79.406 E.01144
G1 X102.176 Y78.721 E.01144
G1 X102.294 Y78.048 E.01132
G1 X102.444 Y77.382 E.01131
G1 X102.624 Y76.723 E.01132
G1 X102.835 Y76.073 E.01132
G1 X103.076 Y75.434 E.01132
G1 X103.347 Y74.807 E.01132
G1 X103.646 Y74.193 E.01132
G1 X103.973 Y73.593 E.01132
G1 X104.786 Y72.345 E.02468
G1 X105.261 Y71.718 E.01303
G1 X105.776 Y71.11 E.0132
G1 X106.245 Y70.613 E.01132
G1 X106.736 Y70.139 E.01131
G1 X107.154 Y69.77 E.00924
G1 X107.156 Y69.769 E.00004
G1 X107.07 Y68.196 F9000
;TYPE:Perimeter
;WIDTH:0.383742
G1 F935
G1 X107.157 Y68.314 E.00221
;WIDTH:0.425144
G1 X107.244 Y68.431 E.00245
;WIDTH:0.466546
G1 X107.331 Y68.549 E.00271
G1 X107.586 Y68.891 F9000
;WIDTH:0.478107
G1 F935
G1 X107.527 Y68.941 E.00147
;WIDTH:0.482361
G1 X107.403 Y69.013 E.00275
;WIDTH:0.524724
G1 X107.28 Y69.085 E.00298
;WIDTH:0.567086
G1 X107.156 Y69.157 E.00325
;WIDTH:0.609448
G1 X107.032 Y69.229 E.00351
;WIDTH:0.65181
G1 X106.909 Y69.301 E.00374
G1 X106.921 Y69.269 E.0009
;WIDTH:0.634041
G1 X106.923 Y69.128 E.00359
;WIDTH:0.585531
G1 X106.924 Y68.988 E.00328
;WIDTH:0.53702
G1 X106.926 Y68.847 E.00302
;WIDTH:0.48851
G1 X106.928 Y68.707 E.00272
;WIDTH:0.439999
G1 X106.699 Y68.306 E.00804
G1 X106.683 Y68.093 E.00372
G1 X106.796 Y67.88 E.0042
G1 X107.023 Y67.79 E.00425
G1 X107.179 Y67.825 E.00278
G1 X107.571 Y68.19 E.00932
;WIDTH:0.478107
G1 X107.715 Y68.24 E.00289
;WIDTH:0.516215
G1 X107.859 Y68.291 E.00314
;WIDTH:0.554323
G1 X108.004 Y68.342 E.00341
;WIDTH:0.603714
G1 X108.094 Y68.342 E.00218
;WIDTH:0.653104
G1 X108.184 Y68.343 E.00236
G1 X108.122 Y68.412 E.00244
;WIDTH:0.603714
G1 X108.061 Y68.482 E.00225
;WIDTH:0.554323
G1 X107.883 Y68.635 E.0052
;WIDTH:0.516215
G1 X107.705 Y68.788 E.00483
;WIDTH:0.478107
G1 X107.631 Y68.852 E.00186
G1 E-3.5 F3600
;WIPE_START
G1 F7200
G1 X107.586 Y68.891 E-.02829
G1 X107.527 Y68.941 E-.03674
G1 X107.403 Y69.013 E-.06811
G1 X107.28 Y69.085 E-.0677
G1 X107.156 Y69.157 E-.06811
G1 X107.032 Y69.229 E-.06811
G1 X106.909 Y69.301 E-.0677
G1 X106.921 Y69.269 E-.01623
G1 X106.923 Y69.128 E-.06698
G1 X106.924 Y68.988 E-.0665
G1 X106.926 Y68.847 E-.06698
G1 X106.928 Y68.707 E-.06651
G1 X106.699 Y68.306 E-.21935
G1 X106.683 Y68.093 E-.10146
G1 X106.796 Y67.88 E-.11453
G1 X107.023 Y67.79 E-.11599
G1 X107.179 Y67.825 E-.07594
G1 X107.464 Y68.09 E-.18477
;WIPE_END
G1 X125.847 Y92.915 F9000
G1 E5 F2400
;WIDTH:0.48001
G1 F935
G1 X125.97 Y92.842 E.00273
;WIDTH:0.520022
G1 X126.093 Y92.769 E.00296
;WIDTH:0.560033
G1 X126.216 Y92.697 E.00319
;WIDTH:0.600044
G1 X126.338 Y92.624 E.00342
;WIDTH:0.640055
G1 X126.461 Y92.551 E.00368
G1 X126.458 Y92.591 E.00103
;WIDTH:0.622546
G1 X126.453 Y92.724 E.00333
;WIDTH:0.576909
G1 X126.448 Y92.857 E.00307
;WIDTH:0.531273
G1 X126.444 Y92.99 E.00282
;WIDTH:0.485636
G1 X126.439 Y93.123 E.00257
;WIDTH:0.486439
G1 X126.457 Y93.227 E.00204
;WIDTH:0.532878
G1 X126.475 Y93.332 E.00227
;WIDTH:0.561697
G1 X126.539 Y93.456 E.00313
;WIDTH:0.590515
G1 X126.604 Y93.579 E.00329
G1 X126.598 Y93.819 E.00568
G1 X126.405 Y93.981 E.00596
G1 X126.204 Y93.961 E.00478
G1 X126.076 Y93.846 E.00407
;WIDTH:0.561697
G1 X125.948 Y93.731 E.00386
;WIDTH:0.532878
G1 X125.375 Y93.544 E.01282
;WIDTH:0.542805
G1 X125.283 Y93.552 E.002
;WIDTH:0.591243
G1 X125.191 Y93.56 E.00219
;WIDTH:0.63968
G1 X125.099 Y93.568 E.00237
G1 X125.164 Y93.495 E.00251
;WIDTH:0.591243
G1 X125.23 Y93.423 E.00231
;WIDTH:0.542805
G1 X125.296 Y93.35 E.00213
;WIDTH:0.494368
G1 X125.572 Y93.133 E.0069
;WIDTH:0.467184
G1 X125.8 Y92.952 E.00539
G1 E-3.5 F3600
;WIPE_START
G1 F7200
G1 X125.847 Y92.915 E-.02841
G1 X125.97 Y92.842 E-.06794
G1 X126.093 Y92.769 E-.06794
G1 X126.216 Y92.697 E-.0677
G1 X126.338 Y92.624 E-.06753
G1 X126.461 Y92.551 E-.06794
G1 X126.458 Y92.591 E-.01905
G1 X126.453 Y92.724 E-.06322
G1 X126.448 Y92.857 E-.06322
G1 X126.444 Y92.99 E-.0632
G1 X126.439 Y93.123 E-.06322
G1 X126.457 Y93.227 E-.05013
G1 X126.475 Y93.332 E-.0506
G1 X126.539 Y93.456 E-.06628
G1 X126.604 Y93.579 E-.06608
G1 X126.598 Y93.819 E-.11404
G1 X126.405 Y93.981 E-.11969
G1 X126.204 Y93.961 E-.09595
G1 X126.076 Y93.846 E-.08173
G1 X125.948 Y93.731 E-.08173
G1 X125.679 Y93.643 E-.1344
;WIPE_END
G1 X108.184 Y68.343 F9000
G1 E5 F2400
;WIDTH:0.653104
G1 F935
G1 X108.925 Y67.886 E.02286
;WIDTH:0.62697
G1 X109.546 Y67.533 E.01798
G1 X110.177 Y67.215 E.01779
;WIDTH:0.627254
G1 X110.822 Y66.927 E.01779
;WIDTH:0.637908
G1 X111.286 Y66.739 E.01283
G1 X112.149 Y66.443 E.02338
;WIDTH:0.62737
G1 X112.828 Y66.247 E.0178
;WIDTH:0.637508
G1 X113.352 Y66.117 E.01383
G1 X114.209 Y65.953 E.02235
;WIDTH:0.62517
G1 X114.909 Y65.854 E.01774
;WIDTH:0.630464
G1 X115.612 Y65.785 E.01789
G1 X116.347 Y65.754 E.01863
;WIDTH:0.630072
G1 X117.369 Y65.762 E.02586
;WIDTH:0.63092
G1 X118.082 Y65.811 E.01811
G1 X118.784 Y65.892 E.01791
G1 X119.481 Y66.006 E.0179
;WIDTH:0.630812
G1 X120.172 Y66.152 E.01789
G1 X120.856 Y66.33 E.01791
G1 X121.531 Y66.54 E.01791
G1 X122.195 Y66.781 E.0179
G1 X122.847 Y67.052 E.01789
;WIDTH:0.634352
G1 X123.793 Y67.511 E.02679
G1 X124.417 Y67.86 E.01822
;WIDTH:0.634032
G1 X125.017 Y68.234 E.01801
;WIDTH:0.633774
G1 X125.598 Y68.635 E.01797
;WIDTH:0.633522
G1 X126.16 Y69.063 E.01798
;WIDTH:0.633288
G1 X126.701 Y69.518 E.01798
;WIDTH:0.62964
G1 X127.221 Y69.997 E.01788
;WIDTH:0.630718
G1 X127.718 Y70.498 E.01788
G1 X128.192 Y71.023 E.01792
G1 X128.64 Y71.569 E.01789
;WIDTH:0.63324
G1 X129.212 Y72.348 E.02458
G1 X129.644 Y73.017 E.02026
;WIDTH:0.630172
G1 X129.999 Y73.631 E.01795
;WIDTH:0.630768
G1 X130.325 Y74.258 E.0179
G1 X130.621 Y74.9 E.01791
;WIDTH:0.63519
G1 X131.006 Y75.877 E.02679
G1 X131.226 Y76.558 E.01826
;WIDTH:0.630968
G1 X131.413 Y77.24 E.01792
G1 X131.569 Y77.929 E.0179
G1 X131.693 Y78.624 E.01789
G1 X131.784 Y79.325 E.01791
;WIDTH:0.630852
G1 X131.842 Y80.029 E.0179
G1 X131.867 Y80.735 E.0179
;WIDTH:0.63557
G1 X131.847 Y81.775 E.02656
G1 X131.79 Y82.492 E.01836
;WIDTH:0.635124
G1 X131.7 Y83.2 E.01821
;WIDTH:0.634836
G1 X131.578 Y83.896 E.01802
;WIDTH:0.634546
G1 X131.423 Y84.586 E.01803
;WIDTH:0.634266
G1 X131.237 Y85.267 E.01799
;WIDTH:0.634
G1 X131.019 Y85.939 E.01799
;WIDTH:0.633742
G1 X130.771 Y86.601 E.018
;WIDTH:0.633492
G1 X130.489 Y87.249 E.01798
;WIDTH:0.628064
G1 X130.18 Y87.884 E.01781
;WIDTH:0.637234
G1 X129.908 Y88.393 E.01477
;WIDTH:0.642366
G1 X129.54 Y89.004 E.01841
G1 X129.003 Y89.805 E.02489
;WIDTH:0.639006
G1 X128.573 Y90.374 E.01831
;WIDTH:0.638124
G1 X127.981 Y91.075 E.02352
;WIDTH:0.633476
G1 X127.495 Y91.588 E.01798
;WIDTH:0.628346
G1 X126.987 Y92.079 E.01783
;WIDTH:0.638144
G1 X126.555 Y92.467 E.01489
;WIDTH:0.64872
G1 X126.476 Y92.543 E.00286
G1 X125.099 Y93.568 F9000
;WIDTH:0.63968
G1 F935
G1 X124.139 Y94.155 E.02892
;WIDTH:0.630666
G1 X123.514 Y94.485 E.0179
;WIDTH:0.62666
G1 X122.797 Y94.823 E.01994
;WIDTH:0.639738
G1 X122.086 Y95.117 E.01978
G1 X121.225 Y95.413 E.0234
;WIDTH:0.625954
G1 X120.546 Y95.608 E.01775
;WIDTH:0.631832
G1 X119.86 Y95.775 E.01792
G1 X119.165 Y95.904 E.01794
;WIDTH:0.626704
G1 X118.465 Y96.003 E.01779
;WIDTH:0.630916
G1 X117.762 Y96.072 E.0179
G1 X117.056 Y96.101 E.0179
;WIDTH:0.636634
G1 X116.444 Y96.109 E.01565
G1 X115.731 Y96.081 E.01825
G1 X115.014 Y96.019 E.01841
;WIDTH:0.643264
G1 X114.303 Y95.919 E.01856
G1 X113.502 Y95.772 E.02105
;WIDTH:0.638172
G1 X112.66 Y95.567 E.02222
;WIDTH:0.637488
G1 X111.973 Y95.36 E.01838
G1 X111.295 Y95.121 E.01841
;WIDTH:0.637222
G1 X110.628 Y94.85 E.01843
;WIDTH:0.643488
G1 X109.977 Y94.544 E.0186
G1 X109.339 Y94.213 E.01859
;WIDTH:0.638456
G1 X108.718 Y93.85 E.01845
G1 X108.115 Y93.458 E.01845
;WIDTH:0.638586
G1 X107.531 Y93.038 E.01846
G1 X106.967 Y92.591 E.01846
G1 X106.427 Y92.119 E.0184
G1 X105.842 Y91.552 E.0209
;WIDTH:0.638044
G1 X105.252 Y90.916 E.02224
;WIDTH:0.636954
G1 X104.793 Y90.365 E.01835
;WIDTH:0.642212
G1 X104.362 Y89.79 E.01855
G1 X103.955 Y89.197 E.01856
;WIDTH:0.640084
G1 X103.577 Y88.585 E.0185
;WIDTH:0.638586
G1 X103.229 Y87.955 E.01847
G1 X102.911 Y87.31 E.01845
G1 X102.625 Y86.65 E.01846
;WIDTH:0.638696
G1 X102.369 Y85.978 E.01845
G1 X102.146 Y85.294 E.01846
;WIDTH:0.63997
G1 X101.957 Y84.601 E.01847
;WIDTH:0.641734
G1 X101.782 Y83.806 E.02099
G1 X101.683 Y83.239 E.01484
;WIDTH:0.63086
G1 X101.59 Y82.531 E.01809
G1 X101.532 Y81.827 E.0179
G1 X101.507 Y81.121 E.0179
;WIDTH:0.635592
G1 X101.527 Y80.082 E.02653
G1 X101.584 Y79.365 E.01836
;WIDTH:0.63514
G1 X101.674 Y78.656 E.01823
;WIDTH:0.634852
G1 X101.796 Y77.961 E.01799
;WIDTH:0.634558
G1 X101.951 Y77.271 E.01803
;WIDTH:0.634278
G1 X102.137 Y76.589 E.01801
;WIDTH:0.63401
G1 X102.355 Y75.917 E.01799
;WIDTH:0.63375
G1 X102.603 Y75.256 E.01797
;WIDTH:0.633506
G1 X102.885 Y74.608 E.01798
;WIDTH:0.629258
G1 X103.194 Y73.972 E.01787
G1 X103.532 Y73.352 E.01784
;WIDTH:0.642298
G1 X103.835 Y72.851 E.01511
G1 X104.37 Y72.052 E.02482
;WIDTH:0.638986
G1 X104.862 Y71.406 E.02085
;WIDTH:0.636544
G1 X105.393 Y70.781 E.02097
;WIDTH:0.633654
G1 X105.879 Y70.268 E.01799
;WIDTH:0.628348
G1 X106.387 Y69.777 E.01783
;WIDTH:0.638148
G1 X106.819 Y69.389 E.01489
;WIDTH:0.65181
G1 X106.909 Y69.301 E.0033
G1 X106.518 Y68.881 F9000
;TYPE:External perimeter
;WIDTH:0.419999
G1 F935
G1 X106.536 Y68.824 E.00099
G1 X106.313 Y68.463 E.00703
G1 X106.254 Y68.154 E.00521
G1 X106.311 Y67.87 E.0048
G1 X106.552 Y67.549 E.00665
G1 X106.951 Y67.381 E.00717
G1 X107.315 Y67.426 E.00608
G1 X107.61 Y67.62 E.00585
G1 X107.749 Y67.804 E.00382
G1 X107.937 Y67.881 E.00337
G1 X108.011 Y67.854 E.00131
G1 X109.086 Y67.203 E.02082
G1 X110.194 Y66.645 E.02056
G1 X111.108 Y66.264 E.01641
G1 X112.284 Y65.869 E.02056
G1 X113.243 Y65.621 E.01641
G1 X114.463 Y65.397 E.02055
G1 X115.696 Y65.27 E.02054
G1 X116.854 Y65.24 E.01919
G1 X117.691 Y65.271 E.01388
G1 X118.43 Y65.336 E.01229
G1 X119.166 Y65.436 E.01231
G1 X119.897 Y65.571 E.01232
G1 X120.621 Y65.74 E.01232
G1 X121.336 Y65.943 E.01232
G1 X122.04 Y66.18 E.01231
G1 X122.733 Y66.45 E.01232
G1 X123.412 Y66.753 E.01232
G1 X124.078 Y67.089 E.01236
G1 X124.723 Y67.453 E.01227
G1 X125.352 Y67.848 E.01231
G1 X125.962 Y68.273 E.01232
G1 X126.551 Y68.727 E.01232
G1 X127.23 Y69.309 E.01482
G1 X127.837 Y69.89 E.01392
G1 X128.347 Y70.43 E.01231
G1 X128.831 Y70.994 E.01231
G1 X129.288 Y71.58 E.01231
G1 X129.717 Y72.188 E.01233
G1 X130.193 Y72.945 E.01482
G1 X130.602 Y73.679 E.01392
G1 X130.929 Y74.345 E.01229
G1 X131.225 Y75.027 E.01232
G1 X131.501 Y75.763 E.01302
G1 X131.76 Y76.575 E.01412
G1 X131.972 Y77.388 E.01392
G1 X132.122 Y78.115 E.0123
G1 X132.238 Y78.849 E.01231
G1 X132.319 Y79.588 E.01232
G1 X132.365 Y80.33 E.01232
G1 X132.376 Y81.061 E.01211
G1 X132.352 Y81.804 E.01232
G1 X132.293 Y82.545 E.01232
G1 X132.199 Y83.282 E.01231
G1 X132.071 Y84.014 E.01231
G1 X131.907 Y84.739 E.01232
G1 X131.71 Y85.455 E.0123
G1 X131.478 Y86.162 E.01233
G1 X131.214 Y86.856 E.0123
G1 X130.811 Y87.762 E.01643
G1 X130.351 Y88.64 E.01642
G1 X129.971 Y89.278 E.0123
G1 X129.416 Y90.101 E.01645
G1 X128.969 Y90.692 E.01228
G1 X128.327 Y91.449 E.01645
G1 X127.64 Y92.162 E.01641
G1 X126.898 Y92.842 E.01668
G1 X126.838 Y93.033 E.00332
G1 X127.061 Y93.394 E.00703
G1 X127.119 Y93.702 E.00519
G1 X127.05 Y94.018 E.00536
G1 X126.884 Y94.254 E.00478
G1 X126.497 Y94.458 E.00725
G1 X126.14 Y94.44 E.00592
G1 X125.896 Y94.347 E.00433
G1 X125.613 Y94.038 E.00694
G1 X125.437 Y93.975 E.0031
G1 X125.362 Y94.002 E.00132
G1 X124.288 Y94.654 E.02082
G1 X123.318 Y95.148 E.01804
G1 X122.267 Y95.592 E.0189
G1 X121.092 Y95.987 E.02054
G1 X119.889 Y96.288 E.02055
G1 X118.816 Y96.473 E.01804
G1 X117.681 Y96.587 E.0189
G1 X116.44 Y96.616 E.02057
G1 X115.699 Y96.587 E.01229
G1 X114.958 Y96.523 E.01232
G1 X114.222 Y96.423 E.01231
G1 X113.395 Y96.268 E.01394
G1 X112.527 Y96.057 E.0148
G1 X111.815 Y95.843 E.01232
G1 X111.114 Y95.595 E.01232
G1 X110.426 Y95.315 E.01231
G1 X109.752 Y95.002 E.01231
G1 X109.093 Y94.658 E.01232
G1 X108.451 Y94.283 E.01232
G1 X107.828 Y93.878 E.01231
G1 X107.224 Y93.444 E.01232
G1 X106.642 Y92.981 E.01232
G1 X106.083 Y92.492 E.01231
G1 X105.479 Y91.907 E.01393
G1 X104.871 Y91.251 E.01482
G1 X104.396 Y90.68 E.01231
G1 X103.948 Y90.087 E.01231
G1 X103.528 Y89.474 E.01231
G1 X103.138 Y88.841 E.01232
G1 X102.779 Y88.19 E.01232
G1 X102.45 Y87.523 E.01232
G1 X102.154 Y86.842 E.0123
G1 X101.89 Y86.147 E.01232
G1 X101.66 Y85.44 E.01232
G1 X101.463 Y84.724 E.0123
G1 X101.282 Y83.902 E.01395
G1 X101.137 Y83.02 E.01481
G1 X101.056 Y82.282 E.0123
G1 X101.009 Y81.54 E.01232
G1 X100.998 Y80.797 E.01231
G1 X101.021 Y80.054 E.01232
G1 X101.08 Y79.313 E.01232
G1 X101.174 Y78.575 E.01233
G1 X101.303 Y77.843 E.01232
G1 X101.467 Y77.118 E.01232
G1 X101.664 Y76.401 E.01232
G1 X101.896 Y75.695 E.01231
G1 X102.16 Y75.001 E.0123
G1 X102.563 Y74.095 E.01643
G1 X102.95 Y73.348 E.01394
G1 X103.403 Y72.579 E.01479
G1 X103.957 Y71.756 E.01644
G1 X104.467 Y71.088 E.01393
G1 X105.046 Y70.408 E.0148
G1 X105.734 Y69.694 E.01643
G1 X106.476 Y69.015 E.01667
G1 X106.5 Y68.938 E.00134
;LAYER_CHANGE
M117 DASHBOARD_LAYER_INDICATOR 19
;Z:2
;HEIGHT:0.1
;BEFORE_LAYER_CHANGE
M117 OBICO_LAYER_INDICATOR 18
G92 E0
;2
G1 E-3.5 F3600
;WIPE_START
G1 F7200
G1 X106.518 Y68.881 E-.02839
G1 X106.536 Y68.824 E-.02839
G1 X106.313 Y68.463 E-.20155
G1 X106.254 Y68.154 E-.14943
G1 X106.311 Y67.87 E-.13759
G1 X106.552 Y67.549 E-.19067
G1 X106.951 Y67.381 E-.20564
G1 X107.315 Y67.426 E-.17422
G1 X107.61 Y67.62 E-.16771
G1 X107.749 Y67.804 E-.10954
G1 X107.937 Y67.881 E-.0965
G1 X107.958 Y67.874 E-.01037
;WIPE_END
G1 Z2 F9000
;AFTER_LAYER_CHANGE
;2
G1 X107.212 Y69.766
G1 E5 F2400
G1 F935
G1 X107.802 Y69.287 E.01259
G1 X108.353 Y68.886 E.01129
G1 X108.923 Y68.511 E.01131
G1 X109.603 Y68.118 E.01301
G1 X110.417 Y67.694 E.01521
G1 X111.039 Y67.416 E.01129
G1 X111.674 Y67.168 E.0113
G1 X112.319 Y66.95 E.01128
G1 X112.975 Y66.762 E.01131
G1 X113.477 Y66.643 E.00855
G1 X114.307 Y66.478 E.01402
G1 X114.982 Y66.383 E.01129
G1 X115.661 Y66.32 E.0113
G1 X116.348 Y66.288 E.0114
G1 X117.361 Y66.299 E.01679
G1 X118.044 Y66.347 E.01134
G1 X118.721 Y66.425 E.01129
G1 X119.393 Y66.536 E.01129
G1 X120.06 Y66.677 E.0113
G1 X120.719 Y66.85 E.01129
G1 X121.37 Y67.052 E.01129
G1 X122.01 Y67.285 E.01129
G1 X122.663 Y67.559 E.01173
G1 X123.556 Y67.995 E.01647
G1 X124.152 Y68.329 E.01132
G1 X124.73 Y68.69 E.01129
G1 X125.291 Y69.078 E.0113
G1 X125.833 Y69.491 E.01129
G1 X126.355 Y69.929 E.01129
G1 X126.857 Y70.391 E.0113
G1 X127.336 Y70.875 E.01128
G1 X127.792 Y71.381 E.01129
G1 X128.224 Y71.908 E.01129
G1 X128.647 Y72.477 E.01175
G1 X129.192 Y73.307 E.01645
G1 X129.534 Y73.899 E.01133
G1 X129.847 Y74.504 E.01129
G1 X130.132 Y75.124 E.01131
G1 X130.388 Y75.755 E.01128
G1 X130.613 Y76.398 E.01129
G1 X130.809 Y77.051 E.0113
G1 X130.974 Y77.713 E.0113
G1 X131.163 Y78.715 E.0169
G1 X131.251 Y79.393 E.01133
G1 X131.307 Y80.072 E.01129
G1 X131.331 Y80.753 E.01129
G1 X131.323 Y81.435 E.0113
G1 X131.283 Y82.115 E.01129
G1 X131.212 Y82.793 E.0113
G1 X131.11 Y83.467 E.01129
G1 X130.976 Y84.135 E.01129
G1 X130.718 Y85.122 E.0169
G1 X130.507 Y85.772 E.01132
G1 X130.267 Y86.41 E.01129
G1 X129.862 Y87.321 E.01652
G1 X129.539 Y87.949 E.0117
G1 X129.198 Y88.54 E.01131
G1 X128.831 Y89.114 E.01129
G1 X128.437 Y89.67 E.01129
G1 X128.017 Y90.207 E.0113
G1 X127.573 Y90.724 E.01129
G1 X127.106 Y91.22 E.01129
G1 X126.616 Y91.693 E.01128
G1 X126.197 Y92.061 E.00924
G1 X125.502 Y92.614 E.01472
G1 X124.793 Y93.123 E.01446
G1 X124.16 Y93.523 E.01241
G1 X123.566 Y93.857 E.01129
G1 X122.957 Y94.163 E.01129
G1 X122.335 Y94.44 E.01128
G1 X121.809 Y94.646 E.00936
G1 X121.054 Y94.907 E.01324
G1 X120.399 Y95.095 E.01129
G1 X119.736 Y95.252 E.01129
G1 X119.067 Y95.378 E.01128
G1 X118.392 Y95.473 E.01129
G1 X117.713 Y95.537 E.0113
G1 X117.032 Y95.569 E.0113
G1 X116.444 Y95.569 E.00974
G1 X115.756 Y95.542 E.01141
G1 X115.064 Y95.481 E.01151
G1 X114.378 Y95.388 E.01147
G1 X113.617 Y95.24 E.01285
G1 X112.797 Y95.044 E.01397
G1 X112.134 Y94.845 E.01147
G1 X111.479 Y94.613 E.01151
G1 X110.837 Y94.351 E.01149
G1 X110.207 Y94.059 E.01151
G1 X109.592 Y93.737 E.0115
G1 X108.993 Y93.387 E.0115
G1 X108.42 Y93.006 E.0114
G1 X107.859 Y92.608 E.0114
G1 X107.315 Y92.177 E.0115
G1 X106.793 Y91.721 E.01148
G1 X106.232 Y91.177 E.01295
G1 X105.655 Y90.555 E.01406
G1 X105.22 Y90.024 E.01137
G1 X104.801 Y89.478 E.0114
G1 X104.41 Y88.905 E.01149
G1 X104.045 Y88.314 E.01151
G1 X103.71 Y87.707 E.01149
G1 X103.403 Y87.084 E.01151
G1 X103.126 Y86.447 E.01151
G1 X102.88 Y85.799 E.01148
G1 X102.665 Y85.139 E.0115
G1 X102.482 Y84.471 E.01148
G1 X102.318 Y83.713 E.01285
G1 X102.211 Y83.142 E.00963
G1 X102.123 Y82.464 E.01133
G1 X102.067 Y81.784 E.01131
G1 X102.043 Y81.103 E.01129
G1 X102.051 Y80.422 E.01128
G1 X102.09 Y79.741 E.0113
G1 X102.161 Y79.064 E.01128
G1 X102.264 Y78.39 E.0113
G1 X102.476 Y77.392 E.01691
G1 X102.656 Y76.733 E.01132
G1 X102.867 Y76.084 E.01131
G1 X103.107 Y75.447 E.01128
G1 X103.388 Y74.797 E.01173
G1 X103.834 Y73.909 E.01647
G1 X104.176 Y73.317 E.01133
G1 X104.543 Y72.743 E.01129
G1 X104.937 Y72.187 E.01129
G1 X105.282 Y71.745 E.00929
G1 X105.801 Y71.132 E.01331
G1 X106.268 Y70.637 E.01128
G1 X106.758 Y70.163 E.0113
G1 X107.165 Y69.805 E.00898
G1 X107.07 Y68.196 F9000
;TYPE:Perimeter
;WIDTH:0.389267
G1 F935
G1 X107.162 Y68.32 E.00236
;WIDTH:0.436314
G1 X107.254 Y68.444 E.00266
;WIDTH:0.48336
G1 X107.346 Y68.569 E.00298
G1 X107.605 Y68.917 F9000
;WIDTH:0.48243
G1 F935
G1 X107.547 Y68.968 E.00148
;WIDTH:0.488903
G1 X107.421 Y69.037 E.00279
;WIDTH:0.537808
G1 X107.296 Y69.106 E.00307
;WIDTH:0.586712
G1 X107.17 Y69.176 E.00339
;WIDTH:0.635616
G1 X107.045 Y69.245 E.00365
;WIDTH:0.68452
G1 X106.919 Y69.314 E.00396
G1 X106.931 Y69.281 E.00097
;WIDTH:0.663544
G1 X106.931 Y69.168 E.00302
;WIDTH:0.618835
G1 X106.931 Y69.056 E.00278
;WIDTH:0.574126
G1 X106.931 Y68.944 E.00257
;WIDTH:0.529417
G1 X106.931 Y68.832 E.00237
;WIDTH:0.484708
G1 X106.931 Y68.719 E.00218
;WIDTH:0.439999
G1 X106.699 Y68.305 E.00826
G1 X106.683 Y68.094 E.00368
G1 X106.797 Y67.879 E.00423
G1 X107.023 Y67.79 E.00423
G1 X107.179 Y67.825 E.00278
G1 X107.582 Y68.197 E.00954
;WIDTH:0.48243
G1 X107.725 Y68.247 E.0029
;WIDTH:0.52486
G1 X107.868 Y68.297 E.00317
;WIDTH:0.56729
G1 X108.011 Y68.347 E.00344
;WIDTH:0.605976
G1 X108.073 Y68.349 E.00151
;WIDTH:0.644661
G1 X108.135 Y68.351 E.00161
;WIDTH:0.683346
G1 X108.198 Y68.353 E.00173
G1 X108.157 Y68.404 E.0018
;WIDTH:0.644661
G1 X108.116 Y68.454 E.00168
;WIDTH:0.605976
G1 X108.076 Y68.504 E.00156
;WIDTH:0.56729
G1 X107.899 Y68.659 E.00534
;WIDTH:0.52486
G1 X107.723 Y68.813 E.00489
;WIDTH:0.48243
G1 X107.65 Y68.877 E.00186
G1 E-3.5 F3600
;WIPE_START
G1 F7200
G1 X107.605 Y68.917 E-.0286
G1 X107.547 Y68.968 E-.03669
G1 X107.421 Y69.037 E-.06824
G1 X107.296 Y69.106 E-.06782
G1 X107.17 Y69.176 E-.06847
G1 X107.045 Y69.245 E-.06782
G1 X106.919 Y69.314 E-.06824
G1 X106.931 Y69.281 E-.01668
G1 X106.931 Y69.168 E-.05367
G1 X106.931 Y69.056 E-.0532
G1 X106.931 Y68.944 E-.0532
G1 X106.931 Y68.832 E-.0532
G1 X106.931 Y68.719 E-.05367
G1 X106.699 Y68.305 E-.22542
G1 X106.683 Y68.094 E-.10051
G1 X106.797 Y67.879 E-.11559
G1 X107.023 Y67.79 E-.11537
G1 X107.179 Y67.825 E-.07594
G1 X107.454 Y68.079 E-.17767
;WIPE_END
G1 X125.754 Y92.937 F9000
G1 E5 F2400
;WIDTH:0.48857
G1 F935
G1 X125.896 Y92.856 E.00317
;WIDTH:0.537141
G1 X126.038 Y92.775 E.0035
;WIDTH:0.585712
G1 X126.18 Y92.694 E.00384
;WIDTH:0.634283
G1 X126.322 Y92.613 E.00417
;WIDTH:0.682854
G1 X126.464 Y92.532 E.0045
G1 X126.45 Y92.572 E.00117
;WIDTH:0.657352
G1 X126.437 Y92.613 E.00114
;WIDTH:0.631849
G1 X126.456 Y92.973 E.00915
;WIDTH:0.582409
G1 X126.475 Y93.332 E.00838
;WIDTH:0.561678
G1 X126.54 Y93.456 E.00314
;WIDTH:0.590388
G1 X126.604 Y93.58 E.0033
G1 X126.598 Y93.82 E.00568
G1 X126.405 Y93.981 E.00594
G1 X126.204 Y93.961 E.00478
G1 X125.973 Y93.749 E.00742
;WIDTH:0.544113
G1 X125.852 Y93.693 E.0029
;WIDTH:0.509409
G1 X125.731 Y93.638 E.0027
;WIDTH:0.474704
G1 X125.61 Y93.582 E.00251
;WIDTH:0.486138
G1 X125.506 Y93.577 E.00201
;WIDTH:0.532277
G1 X125.402 Y93.571 E.00221
;WIDTH:0.578416
G1 X125.298 Y93.565 E.00241
;WIDTH:0.624555
G1 X125.195 Y93.56 E.00259
;WIDTH:0.670694
G1 X125.091 Y93.554 E.00281
G1 X125.177 Y93.466 E.00332
;WIDTH:0.624555
G1 X125.264 Y93.378 E.0031
;WIDTH:0.578416
G1 X125.35 Y93.291 E.00283
;WIDTH:0.532277
G1 X125.437 Y93.203 E.00263
;WIDTH:0.486138
G1 X125.524 Y93.115 E.00239
;WIDTH:0.439999
G1 X125.706 Y92.973 E.00402
G1 E-3.5 F3600
;WIPE_START
G1 F7200
G1 X125.754 Y92.937 E-.0285
G1 X125.896 Y92.856 E-.07765
G1 X126.038 Y92.775 E-.07765
G1 X126.18 Y92.694 E-.07765
G1 X126.322 Y92.613 E-.07765
G1 X126.464 Y92.532 E-.07765
G1 X126.45 Y92.572 E-.02013
G1 X126.437 Y92.613 E-.02043
G1 X126.456 Y92.973 E-.17124
G1 X126.475 Y93.332 E-.17076
G1 X126.54 Y93.456 E-.0665
G1 X126.604 Y93.58 E-.06628
G1 X126.598 Y93.82 E-.11404
G1 X126.405 Y93.981 E-.11938
G1 X126.204 Y93.961 E-.09595
G1 X125.973 Y93.749 E-.14893
G1 X125.852 Y93.693 E-.06333
G1 X125.802 Y93.67 E-.02628
;WIPE_END
G1 X108.198 Y68.353 F9000
G1 E5 F2400
;WIDTH:0.683346
G1 F935
G1 X108.638 Y68.079 E.01426
;WIDTH:0.673992
G1 X109.341 Y67.663 E.02216
G1 X110.184 Y67.231 E.0257
;WIDTH:0.660444
G1 X110.828 Y66.943 E.01874
;WIDTH:0.671074
G1 X111.292 Y66.755 E.01352
G1 X112.154 Y66.459 E.02462
;WIDTH:0.660562
G1 X112.832 Y66.263 E.01875
;WIDTH:0.670676
G1 X113.356 Y66.133 E.01457
G1 X114.212 Y65.969 E.02352
;WIDTH:0.65835
G1 X114.91 Y65.871 E.01866
;WIDTH:0.663634
G1 X115.612 Y65.801 E.01884
G1 X116.324 Y65.771 E.01903
;WIDTH:0.676082
G1 X117.367 Y65.779 E.02839
;WIDTH:0.664106
G1 X118.08 Y65.827 E.01909
G1 X118.781 Y65.908 E.01885
G1 X119.477 Y66.022 E.01884
;WIDTH:0.664
G1 X120.168 Y66.168 E.01887
G1 X120.851 Y66.346 E.01885
G1 X121.525 Y66.556 E.01886
G1 X122.188 Y66.796 E.01884
;WIDTH:0.664204
G1 X122.865 Y67.079 E.01961
;WIDTH:0.667524
G1 X123.785 Y67.525 E.02746
G1 X124.408 Y67.874 E.01918
;WIDTH:0.66721
G1 X125.006 Y68.249 E.01895
;WIDTH:0.663174
G1 X125.587 Y68.65 E.01883
;WIDTH:0.663958
G1 X126.149 Y69.077 E.01885
G1 X126.69 Y69.53 E.01885
G1 X127.209 Y70.008 E.01885
G1 X127.706 Y70.509 E.01885
G1 X128.179 Y71.033 E.01886
G1 X128.627 Y71.579 E.01887
;WIDTH:0.664198
G1 X129.065 Y72.166 E.01957
;WIDTH:0.666998
G1 X129.629 Y73.02 E.02747
G1 X129.984 Y73.639 E.01915
;WIDTH:0.663956
G1 X130.31 Y74.265 E.01885
G1 X130.605 Y74.906 E.01885
G1 X130.87 Y75.56 E.01885
G1 X131.105 Y76.226 E.01887
G1 X131.308 Y76.902 E.01885
G1 X131.478 Y77.587 E.01885
;WIDTH:0.676246
G1 X131.674 Y78.618 E.02857
;WIDTH:0.66404
G1 X131.767 Y79.326 E.01908
G1 X131.825 Y80.03 E.01887
G1 X131.851 Y80.735 E.01885
G1 X131.843 Y81.441 E.01886
;WIDTH:0.663928
G1 X131.803 Y82.145 E.01883
G1 X131.73 Y82.847 E.01885
G1 X131.625 Y83.545 E.01885
G1 X131.487 Y84.237 E.01885
;WIDTH:0.667232
G1 X131.224 Y85.254 E.0282
G1 X131.004 Y85.934 E.01919
;WIDTH:0.66692
G1 X130.755 Y86.594 E.01893
;WIDTH:0.66897
G1 X130.34 Y87.534 E.02766
G1 X130.001 Y88.188 E.01983
;WIDTH:0.664426
G1 X129.649 Y88.8 E.01887
G1 X129.267 Y89.394 E.01888
;WIDTH:0.664548
G1 X128.861 Y89.971 E.01886
G1 X128.427 Y90.527 E.01886
;WIDTH:0.666648
G1 X127.969 Y91.064 E.01893
G1 X127.483 Y91.576 E.01894
;WIDTH:0.661532
G1 X126.976 Y92.067 E.01878
;WIDTH:0.672042
G1 X126.543 Y92.455 E.01573
;WIDTH:0.682854
G1 X126.464 Y92.532 E.00303
G1 X125.091 Y93.554 F9000
;WIDTH:0.670694
G1 F935
G1 X124.434 Y93.961 E.02086
;WIDTH:0.660164
G1 X123.82 Y94.309 E.01874
G1 X123.19 Y94.626 E.01873
;WIDTH:0.659978
G1 X122.546 Y94.913 E.01872
;WIDTH:0.669608
G1 X121.999 Y95.133 E.01589
G1 X121.22 Y95.398 E.02217
;WIDTH:0.659916
G1 X120.542 Y95.592 E.01872
;WIDTH:0.664992
G1 X119.856 Y95.759 E.01889
G1 X119.163 Y95.887 E.01885
;WIDTH:0.659698
G1 X118.464 Y95.987 E.01874
;WIDTH:0.66405
G1 X117.762 Y96.055 E.01884
G1 X117.056 Y96.085 E.01888
;WIDTH:0.669804
G1 X116.444 Y96.093 E.0165
G1 X115.732 Y96.064 E.01921
G1 X115.016 Y96.002 E.01937
;WIDTH:0.66961
G1 X114.305 Y95.907 E.01933
;WIDTH:0.674978
G1 X113.513 Y95.756 E.02191
G1 X112.664 Y95.551 E.02373
;WIDTH:0.670656
G1 X111.978 Y95.345 E.01933
G1 X111.3 Y95.105 E.01941
;WIDTH:0.670392
G1 X110.635 Y94.834 E.01937
;WIDTH:0.670212
G1 X109.983 Y94.532 E.01938
;WIDTH:0.670014
G1 X109.346 Y94.2 E.01937
;WIDTH:0.66981
G1 X108.726 Y93.837 E.01937
;WIDTH:0.676442
G1 X108.125 Y93.443 E.01957
G1 X107.541 Y93.025 E.01956
;WIDTH:0.671804
G1 X106.978 Y92.578 E.01944
G1 X106.438 Y92.106 E.01939
G1 X105.859 Y91.546 E.02178
;WIDTH:0.671264
G1 X105.265 Y90.905 E.02361
;WIDTH:0.67637
G1 X104.809 Y90.353 E.01949
G1 X104.374 Y89.781 E.01957
;WIDTH:0.671632
G1 X103.968 Y89.188 E.01943
G1 X103.591 Y88.576 E.01943
;WIDTH:0.671762
G1 X103.244 Y87.947 E.01942
G1 X102.926 Y87.303 E.01942
G1 X102.64 Y86.644 E.01942
;WIDTH:0.671868
G1 X102.385 Y85.972 E.01944
G1 X102.162 Y85.289 E.01943
;WIDTH:0.672298
G1 X101.972 Y84.597 E.01942
;WIDTH:0.675704
G1 X101.801 Y83.81 E.02191
G1 X101.7 Y83.238 E.0158
;WIDTH:0.664044
G1 X101.607 Y82.53 E.01908
G1 X101.549 Y81.827 E.01884
G1 X101.523 Y81.121 E.01887
G1 X101.531 Y80.416 E.01884
;WIDTH:0.663926
G1 X101.571 Y79.711 E.01886
G1 X101.644 Y79.009 E.01885
G1 X101.749 Y78.311 E.01885
;WIDTH:0.667504
G1 X101.965 Y77.284 E.02819
G1 X102.153 Y76.594 E.01921
;WIDTH:0.667184
G1 X102.37 Y75.923 E.01893
;WIDTH:0.66693
G1 X102.619 Y75.262 E.01896
;WIDTH:0.66668
G1 X102.911 Y74.59 E.01965
;WIDTH:0.666092
G1 X103.368 Y73.675 E.02741
G1 X103.725 Y73.057 E.01913
;WIDTH:0.66303
G1 X104.107 Y72.463 E.01884
;WIDTH:0.663734
G1 X104.513 Y71.886 E.01884
;WIDTH:0.669848
G1 X104.87 Y71.423 E.01576
G1 X105.405 Y70.792 E.0223
;WIDTH:0.66681
G1 X105.891 Y70.28 E.01894
;WIDTH:0.661532
G1 X106.398 Y69.79 E.01876
;WIDTH:0.671326
G1 X106.83 Y69.401 E.01571
;WIDTH:0.68452
G1 X106.919 Y69.314 E.00343
G1 X106.52 Y68.881 F9000
;TYPE:External perimeter
;WIDTH:0.419999
G1 F935
G1 X106.537 Y68.828 E.00092
G1 X106.313 Y68.462 E.00711
G1 X106.254 Y68.155 E.00518
G1 X106.311 Y67.871 E.0048
G1 X106.553 Y67.549 E.00667
G1 X106.951 Y67.381 E.00716
G1 X107.315 Y67.426 E.00608
G1 X107.609 Y67.62 E.00584
G1 X107.757 Y67.814 E.00404
G1 X107.939 Y67.881 E.00321
G1 X108.011 Y67.854 E.00127
G1 X109.086 Y67.203 E.02082
G1 X110.194 Y66.645 E.02056
G1 X111.108 Y66.264 E.01641
G1 X112.284 Y65.869 E.02056
G1 X113.243 Y65.621 E.01641
G1 X114.463 Y65.397 E.02055
G1 X115.696 Y65.27 E.02054
G1 X116.846 Y65.24 E.01906
G1 X117.678 Y65.27 E.01379
G1 X118.418 Y65.334 E.01231
G1 X119.154 Y65.434 E.01231
G1 X119.885 Y65.568 E.01231
G1 X120.609 Y65.737 E.01232
G1 X121.324 Y65.939 E.01231
G1 X122.029 Y66.176 E.01232
G1 X122.722 Y66.445 E.01232
G1 X123.401 Y66.747 E.01231
G1 X124.065 Y67.081 E.01232
G1 X124.712 Y67.446 E.01231
G1 X125.473 Y67.93 E.01494
G1 X126.151 Y68.414 E.0138
G1 X126.733 Y68.876 E.01231
G1 X127.292 Y69.365 E.01231
G1 X127.828 Y69.881 E.01233
G1 X128.339 Y70.421 E.01232
G1 X128.823 Y70.984 E.0123
G1 X129.281 Y71.57 E.01232
G1 X129.71 Y72.177 E.01232
G1 X130.109 Y72.803 E.0123
G1 X130.792 Y74.065 E.02378
G1 X131.096 Y74.73 E.01212
G1 X131.369 Y75.407 E.0121
G1 X131.61 Y76.096 E.01209
G1 X131.819 Y76.796 E.0121
G1 X132.106 Y78.029 E.02098
G1 X132.238 Y78.851 E.01379
G1 X132.319 Y79.588 E.01229
G1 X132.365 Y80.33 E.01232
G1 X132.376 Y81.061 E.01211
G1 X132.352 Y81.804 E.01232
G1 X132.293 Y82.545 E.01232
G1 X132.199 Y83.282 E.01231
G1 X132.071 Y84.014 E.01231
G1 X131.907 Y84.739 E.01232
G1 X131.71 Y85.455 E.0123
G1 X131.478 Y86.162 E.01233
G1 X131.214 Y86.856 E.0123
G1 X130.811 Y87.762 E.01643
G1 X130.351 Y88.64 E.01642
G1 X129.971 Y89.278 E.0123
G1 X129.416 Y90.101 E.01645
G1 X128.969 Y90.692 E.01228
G1 X128.327 Y91.449 E.01645
G1 X127.64 Y92.162 E.01641
G1 X126.898 Y92.842 E.01668
G1 X126.841 Y93.045 E.00349
G1 X127.061 Y93.394 E.00684
G1 X127.119 Y93.7 E.00516
G1 X127.05 Y94.018 E.00539
G1 X126.884 Y94.254 E.00478
G1 X126.659 Y94.393 E.00438
G1 X126.41 Y94.476 E.00435
G1 X125.975 Y94.388 E.00735
G1 X125.572 Y94.004 E.00922
G1 X125.362 Y94.002 E.00348
G1 X124.288 Y94.654 E.02082
G1 X123.181 Y95.211 E.02053
G1 X122.182 Y95.624 E.01791
G1 X121.092 Y95.987 E.01904
G1 X119.889 Y96.288 E.02055
G1 X118.824 Y96.471 E.0179
G1 X117.68 Y96.587 E.01905
G1 X116.44 Y96.616 E.02055
G1 X115.699 Y96.587 E.01229
G1 X114.958 Y96.523 E.01232
G1 X114.222 Y96.423 E.01231
G1 X113.403 Y96.27 E.01381
G1 X112.526 Y96.056 E.01496
G1 X111.815 Y95.843 E.0123
G1 X111.114 Y95.595 E.01232
G1 X110.426 Y95.315 E.01231
G1 X109.751 Y95.002 E.01233
G1 X109.093 Y94.658 E.0123
G1 X108.451 Y94.283 E.01232
G1 X107.828 Y93.878 E.01231
G1 X107.224 Y93.443 E.01233
G1 X106.642 Y92.981 E.01231
G1 X106.083 Y92.492 E.01231
G1 X105.484 Y91.913 E.0138
G1 X104.871 Y91.251 E.01495
G1 X104.396 Y90.68 E.01231
G1 X103.948 Y90.087 E.01231
G1 X103.528 Y89.474 E.01231
G1 X103.138 Y88.841 E.01232
G1 X102.779 Y88.19 E.01232
G1 X102.45 Y87.523 E.01232
G1 X102.154 Y86.842 E.0123
G1 X101.89 Y86.147 E.01232
G1 X101.66 Y85.44 E.01232
G1 X101.463 Y84.724 E.0123
G1 X101.283 Y83.91 E.01381
G1 X101.137 Y83.02 E.01494
G1 X101.056 Y82.282 E.0123
G1 X101.009 Y81.54 E.01232
G1 X100.998 Y80.796 E.01233
G1 X101.021 Y80.054 E.0123
G1 X101.08 Y79.313 E.01232
G1 X101.174 Y78.575 E.01233
G1 X101.303 Y77.843 E.01232
G1 X101.467 Y77.118 E.01232
G1 X101.664 Y76.401 E.01232
G1 X101.896 Y75.695 E.01231
G1 X102.16 Y75.001 E.0123
G1 X102.563 Y74.095 E.01643
G1 X102.946 Y73.355 E.01381
G1 X103.403 Y72.579 E.01492
G1 X103.957 Y71.756 E.01644
G1 X104.462 Y71.094 E.0138
G1 X105.046 Y70.408 E.01493
G1 X105.734 Y69.694 E.01643
G1 X106.476 Y69.015 E.01667
G1 X106.501 Y68.938 E.00134
;LAYER_CHANGE
M117 DASHBOARD_LAYER_INDICATOR 20
;Z:2.1
;HEIGHT:0.0999999
;BEFORE_LAYER_CHANGE
M117 OBICO_LAYER_INDICATOR 19
G92 E0
;2.1
G1 E-3.5 F3600
;WIPE_START
G1 F7200
G1 X106.52 Y68.881 E-.02854
G1 X106.537 Y68.828 E-.02644
G1 X106.313 Y68.462 E-.20383
G1 X106.254 Y68.155 E-.14849
G1 X106.311 Y67.871 E-.13759
G1 X106.553 Y67.549 E-.19133
G1 X106.951 Y67.381 E-.2052
G1 X107.315 Y67.426 E-.17422
G1 X107.609 Y67.62 E-.16731
G1 X107.757 Y67.814 E-.1159
G1 X107.939 Y67.881 E-.09212
G1 X107.957 Y67.874 E-.00903
;WIPE_END
G1 Z2.1 F9000
;AFTER_LAYER_CHANGE
;2.1
G1 X107.234 Y69.792
G1 E5 F2400
G1 F937
G1 X107.554 Y69.523 E.00693
G1 X108.095 Y69.11 E.01128
G1 X108.53 Y68.809 E.00876
G1 X109.231 Y68.363 E.01377
G1 X109.823 Y68.029 E.01126
G1 X110.431 Y67.724 E.01127
G1 X111.052 Y67.447 E.01127
G1 X111.685 Y67.2 E.01126
G1 X112.329 Y66.982 E.01127
G1 X112.983 Y66.794 E.01128
G1 X113.484 Y66.675 E.00853
G1 X114.313 Y66.511 E.014
G1 X114.986 Y66.416 E.01126
G1 X115.663 Y66.353 E.01127
G1 X116.376 Y66.32 E.01183
G1 X117.36 Y66.332 E.01631
G1 X118.04 Y66.38 E.0113
G1 X118.716 Y66.458 E.01128
G1 X119.387 Y66.568 E.01127
G1 X120.052 Y66.71 E.01127
G1 X120.71 Y66.881 E.01126
G1 X121.359 Y67.084 E.01127
G1 X121.998 Y67.316 E.01126
G1 X122.626 Y67.578 E.01127
G1 X123.361 Y67.931 E.01351
G1 X124.134 Y68.357 E.01462
G1 X124.712 Y68.718 E.01129
G1 X125.272 Y69.105 E.01128
G1 X125.812 Y69.517 E.01125
G1 X126.334 Y69.954 E.01128
G1 X126.834 Y70.414 E.01126
G1 X127.541 Y71.146 E.01686
G1 X127.986 Y71.663 E.0113
G1 X128.404 Y72.199 E.01126
G1 X128.798 Y72.754 E.01128
G1 X129.165 Y73.326 E.01126
G1 X129.505 Y73.915 E.01127
G1 X129.818 Y74.519 E.01127
G1 X130.102 Y75.137 E.01127
G1 X130.472 Y76.084 E.01685
G1 X130.683 Y76.733 E.01131
G1 X130.863 Y77.389 E.01127
G1 X131.013 Y78.052 E.01126
G1 X131.131 Y78.722 E.01127
G1 X131.218 Y79.396 E.01126
G1 X131.273 Y80.074 E.01127
G1 X131.297 Y80.754 E.01127
G1 X131.283 Y81.569 E.01351
G1 X131.219 Y82.449 E.01462
G1 X131.132 Y83.125 E.01129
G1 X131.014 Y83.795 E.01127
G1 X130.866 Y84.459 E.01127
G1 X130.686 Y85.114 E.01126
G1 X130.476 Y85.761 E.01127
G1 X130.236 Y86.398 E.01128
G1 X129.832 Y87.307 E.01648
G1 X129.51 Y87.933 E.01166
G1 X129.17 Y88.522 E.01127
G1 X128.803 Y89.095 E.01127
G1 X128.41 Y89.65 E.01127
G1 X127.991 Y90.186 E.01127
G1 X127.549 Y90.702 E.01126
G1 X127.082 Y91.197 E.01128
G1 X126.342 Y91.895 E.01686
G1 X125.82 Y92.334 E.0113
G1 X125.279 Y92.746 E.01127
G1 X124.775 Y93.096 E.01017
G1 X124.143 Y93.494 E.01238
G1 X123.551 Y93.827 E.01125
G1 X122.943 Y94.133 E.01128
G1 X122.322 Y94.409 E.01126
G1 X121.689 Y94.657 E.01126
G1 X121.045 Y94.875 E.01127
G1 X120.391 Y95.062 E.01127
G1 X119.729 Y95.219 E.01127
G1 X119.061 Y95.346 E.01127
G1 X118.388 Y95.44 E.01126
G1 X117.711 Y95.504 E.01127
G1 X117.032 Y95.536 E.01126
G1 X116.444 Y95.536 E.00974
G1 X115.761 Y95.505 E.01133
G1 X115.076 Y95.444 E.01139
G1 X114.395 Y95.355 E.01138
G1 X113.637 Y95.214 E.01277
G1 X112.805 Y95.012 E.01419
G1 X112.144 Y94.813 E.01144
G1 X111.491 Y94.582 E.01148
G1 X110.849 Y94.321 E.01148
G1 X110.221 Y94.029 E.01148
G1 X109.608 Y93.708 E.01147
G1 X109.014 Y93.357 E.01143
G1 X108.439 Y92.981 E.01138
G1 X107.879 Y92.582 E.01139
G1 X107.336 Y92.151 E.01149
G1 X106.816 Y91.696 E.01145
G1 X106.269 Y91.161 E.01268
G1 X105.833 Y90.71 E.01039
G1 X105.388 Y90.193 E.0113
G1 X104.828 Y89.458 E.01531
G1 X104.437 Y88.887 E.01147
G1 X104.074 Y88.297 E.01148
G1 X103.739 Y87.691 E.01147
G1 X103.433 Y87.07 E.01147
G1 X103.162 Y86.439 E.01138
G1 X102.902 Y85.772 E.01186
G1 X102.691 Y85.123 E.01131
G1 X102.511 Y84.468 E.01126
G1 X102.361 Y83.804 E.01128
G1 X102.243 Y83.135 E.01126
G1 X102.156 Y82.46 E.01128
G1 X102.1 Y81.782 E.01127
G1 X102.077 Y81.103 E.01126
G1 X102.1 Y80.096 E.01669
G1 X102.155 Y79.412 E.01137
G1 X102.242 Y78.731 E.01138
G1 X102.359 Y78.061 E.01127
G1 X102.508 Y77.398 E.01126
G1 X102.688 Y76.742 E.01127
G1 X102.898 Y76.095 E.01127
G1 X103.138 Y75.459 E.01126
G1 X103.543 Y74.548 E.01652
G1 X103.864 Y73.923 E.01164
G1 X104.204 Y73.334 E.01127
G1 X104.571 Y72.761 E.01127
G1 X104.964 Y72.207 E.01125
G1 X105.303 Y71.772 E.00914
G1 X105.825 Y71.155 E.01339
G1 X106.292 Y70.66 E.01128
G1 X107.032 Y69.961 E.01687
G1 X107.188 Y69.83 E.00338
G1 X107.07 Y68.196 F9000
;TYPE:Perimeter
;WIDTH:0.382143
G1 F937
G1 X107.143 Y68.294 E.00183
;WIDTH:0.422201
G1 X107.216 Y68.393 E.00205
;WIDTH:0.46226
G1 X107.289 Y68.491 E.00224
;WIDTH:0.502318
G1 X107.362 Y68.59 E.00246
G1 X107.631 Y68.95 F9000
;WIDTH:0.439999
G1 F937
G1 X107.314 Y69.192 E.00694
;WIDTH:0.484222
G1 X107.235 Y69.229 E.00168
;WIDTH:0.528444
G1 X107.156 Y69.266 E.00184
;WIDTH:0.572667
G1 X107.078 Y69.303 E.00198
;WIDTH:0.616889
G1 X106.999 Y69.34 E.00216
;WIDTH:0.661112
G1 X106.92 Y69.377 E.00232
;WIDTH:0.705334
G1 X106.842 Y69.414 E.00245
G1 X106.857 Y69.344 E.00204
;WIDTH:0.661112
G1 X106.873 Y69.274 E.00191
;WIDTH:0.616889
G1 X106.889 Y69.205 E.00175
;WIDTH:0.572667
G1 X106.905 Y69.135 E.00165
;WIDTH:0.528444
G1 X106.92 Y69.065 E.00151
;WIDTH:0.484222
G1 X106.936 Y68.995 E.00138
;WIDTH:0.439999
G1 X106.928 Y68.708 E.005
G1 X106.699 Y68.304 E.00808
G1 X106.683 Y68.095 E.00365
G1 X106.799 Y67.877 E.0043
G1 X107.06 Y67.79 E.00479
G1 X107.239 Y67.865 E.00338
G1 X107.457 Y68.091 E.00546
G1 X107.747 Y68.27 E.00593
;WIDTH:0.485628
G1 X107.826 Y68.285 E.00155
;WIDTH:0.531256
G1 X107.905 Y68.3 E.0017
;WIDTH:0.576885
G1 X107.983 Y68.315 E.00183
;WIDTH:0.622513
G1 X108.062 Y68.33 E.00201
;WIDTH:0.668142
G1 X108.141 Y68.345 E.00216
;WIDTH:0.71377
G1 X108.219 Y68.36 E.00229
G1 X108.157 Y68.431 E.00271
;WIDTH:0.668142
G1 X108.095 Y68.502 E.00253
;WIDTH:0.622513
G1 X108.033 Y68.573 E.00236
;WIDTH:0.576885
G1 X107.971 Y68.644 E.00218
;WIDTH:0.531256
G1 X107.909 Y68.714 E.00198
;WIDTH:0.485628
G1 X107.847 Y68.785 E.00182
;WIDTH:0.439999
G1 X107.678 Y68.914 E.0037
G1 E-3.5 F3600
;WIPE_START
G1 F7200
G1 X107.631 Y68.95 E-.02812
G1 X107.314 Y69.192 E-.18944
G1 X107.235 Y69.229 E-.04144
G1 X107.156 Y69.266 E-.04144
G1 X107.078 Y69.303 E-.04101
G1 X106.999 Y69.34 E-.04144
G1 X106.92 Y69.377 E-.04144
G1 X106.842 Y69.414 E-.04101
G1 X106.857 Y69.344 E-.034
G1 X106.873 Y69.274 E-.03411
G1 X106.889 Y69.205 E-.03364
G1 X106.905 Y69.135 E-.03411
G1 X106.92 Y69.065 E-.034
G1 X106.936 Y68.995 E-.03411
G1 X106.928 Y68.708 E-.13638
G1 X106.699 Y68.304 E-.22058
G1 X106.683 Y68.095 E-.09957
G1 X106.799 Y67.877 E-.1173
G1 X107.06 Y67.79 E-.13068
G1 X107.239 Y67.865 E-.09219
G1 X107.289 Y67.917 E-.03399
;WIPE_END
G1 X126.31 Y93.67 F9000
G1 E5 F2400
;WIDTH:0.382742
G1 F937
G1 X126.236 Y93.569 E.00188
;WIDTH:0.422585
G1 X126.161 Y93.469 E.00208
;WIDTH:0.462429
G1 X126.086 Y93.368 E.00231
;WIDTH:0.502272
G1 X126.012 Y93.267 E.0025
G1 X125.743 Y92.906 F9000
;WIDTH:0.439999
G1 F937
G1 X126.06 Y92.665 E.00693
;WIDTH:0.485978
G1 X126.127 Y92.639 E.00139
;WIDTH:0.531956
G1 X126.194 Y92.613 E.00153
;WIDTH:0.577935
G1 X126.261 Y92.587 E.00166
;WIDTH:0.623913
G1 X126.328 Y92.561 E.0018
;WIDTH:0.669892
G1 X126.394 Y92.535 E.00191
;WIDTH:0.71587
G1 X126.461 Y92.509 E.00207
G1 X126.459 Y92.616 E.00309
;WIDTH:0.669892
G1 X126.456 Y92.722 E.00286
;WIDTH:0.623913
G1 X126.453 Y92.829 E.00268
;WIDTH:0.577935
G1 X126.451 Y92.935 E.00245
;WIDTH:0.531956
G1 X126.448 Y93.042 E.00227
;WIDTH:0.485978
G1 X126.446 Y93.149 E.00207
;WIDTH:0.439999
G1 X126.675 Y93.552 E.00807
G1 X126.687 Y93.765 E.00371
G1 X126.594 Y93.957 E.00371
G1 X126.354 Y94.062 E.00456
G1 X126.172 Y94.013 E.00328
G1 X125.78 Y93.652 E.00927
G1 X125.599 Y93.58 E.00339
;WIDTH:0.483983
G1 X125.513 Y93.573 E.00166
;WIDTH:0.527966
G1 X125.427 Y93.566 E.00182
;WIDTH:0.57195
G1 X125.341 Y93.56 E.00197
;WIDTH:0.615933
G1 X125.255 Y93.553 E.00213
;WIDTH:0.659917
G1 X125.168 Y93.547 E.00231
;WIDTH:0.7039
G1 X125.082 Y93.54 E.00245
G1 X125.156 Y93.462 E.00305
;WIDTH:0.659917
G1 X125.23 Y93.384 E.00285
;WIDTH:0.615933
G1 X125.305 Y93.306 E.00267
;WIDTH:0.57195
G1 X125.379 Y93.228 E.00246
;WIDTH:0.527966
G1 X125.453 Y93.149 E.00228
;WIDTH:0.483983
G1 X125.527 Y93.071 E.00207
;WIDTH:0.439999
G1 X125.696 Y92.943 E.00369
G1 E-3.5 F3600
;WIPE_START
G1 F7200
G1 X125.743 Y92.906 E-.02841
G1 X126.06 Y92.665 E-.18915
G1 X126.127 Y92.639 E-.03414
G1 X126.194 Y92.613 E-.03414
G1 X126.261 Y92.587 E-.03414
G1 X126.328 Y92.561 E-.03414
G1 X126.394 Y92.535 E-.03369
G1 X126.461 Y92.509 E-.03414
G1 X126.459 Y92.616 E-.05083
G1 X126.456 Y92.722 E-.05037
G1 X126.453 Y92.829 E-.05084
G1 X126.451 Y92.935 E-.05036
G1 X126.448 Y93.042 E-.05084
G1 X126.446 Y93.149 E-.05083
G1 X126.675 Y93.552 E-.22017
G1 X126.687 Y93.765 E-.10134
G1 X126.594 Y93.957 E-.10134
G1 X126.354 Y94.062 E-.12443
G1 X126.172 Y94.013 E-.08953
G1 X125.959 Y93.817 E-.13717
;WIPE_END
G1 X108.219 Y68.36 F9000
G1 E5 F2400
;WIDTH:0.71377
G1 F937
G1 X108.948 Y67.91 E.02466
;WIDTH:0.693358
G1 X109.561 Y67.563 E.01968
G1 X110.191 Y67.246 E.0197
;WIDTH:0.693636
G1 X110.834 Y66.958 E.01969
;WIDTH:0.704242
G1 X111.298 Y66.77 E.01421
G1 X112.158 Y66.475 E.02581
;WIDTH:0.69375
G1 X112.835 Y66.279 E.0197
;WIDTH:0.703844
G1 X113.359 Y66.149 E.01532
G1 X114.214 Y65.986 E.02469
;WIDTH:0.691532
G1 X114.912 Y65.887 E.01964
;WIDTH:0.696804
G1 X115.613 Y65.818 E.01978
G1 X116.352 Y65.787 E.02077
;WIDTH:0.696606
G1 X117.367 Y65.796 E.02849
;WIDTH:0.697294
G1 X118.078 Y65.844 E.02002
G1 X118.778 Y65.925 E.0198
G1 X119.474 Y66.038 E.01981
;WIDTH:0.697188
G1 X120.164 Y66.184 E.01981
G1 X120.846 Y66.362 E.0198
G1 X121.519 Y66.571 E.0198
G1 X122.182 Y66.812 E.01982
G1 X122.833 Y67.082 E.0198
;WIDTH:0.69853
G1 X123.594 Y67.446 E.02375
;WIDTH:0.700416
G1 X124.394 Y67.885 E.02576
G1 X124.998 Y68.261 E.02008
;WIDTH:0.700132
G1 X125.578 Y68.662 E.0199
;WIDTH:0.699884
G1 X126.139 Y69.089 E.01989
;WIDTH:0.699646
G1 X126.678 Y69.543 E.01987
;WIDTH:0.697102
G1 X127.198 Y70.02 E.01982
;WIDTH:0.70125
G1 X127.929 Y70.772 E.02964
G1 X128.394 Y71.312 E.02014
;WIDTH:0.700926
G1 X128.829 Y71.867 E.01992
;WIDTH:0.700646
G1 X129.237 Y72.442 E.01991
;WIDTH:0.700376
G1 X129.618 Y73.035 E.0199
;WIDTH:0.700118
G1 X129.969 Y73.647 E.01991
;WIDTH:0.697144
G1 X130.295 Y74.272 E.0198
G1 X130.59 Y74.913 E.01982
;WIDTH:0.701532
G1 X130.974 Y75.888 E.02963
G1 X131.196 Y76.567 E.0202
;WIDTH:0.701202
G1 X131.383 Y77.246 E.0199
;WIDTH:0.700912
G1 X131.536 Y77.935 E.01994
;WIDTH:0.697286
G1 X131.66 Y78.629 E.01981
G1 X131.751 Y79.328 E.01981
G1 X131.809 Y80.03 E.01979
;WIDTH:0.697182
G1 X131.834 Y80.735 E.01982
;WIDTH:0.698978
G1 X131.821 Y81.578 E.02375
;WIDTH:0.7015
G1 X131.757 Y82.489 E.02582
G1 X131.667 Y83.194 E.02009
;WIDTH:0.701188
G1 X131.545 Y83.889 E.01994
;WIDTH:0.700898
G1 X131.391 Y84.577 E.01992
;WIDTH:0.70062
G1 X131.206 Y85.257 E.0199
;WIDTH:0.700354
G1 X130.988 Y85.928 E.01991
;WIDTH:0.700098
G1 X130.74 Y86.588 E.01989
;WIDTH:0.702132
G1 X130.325 Y87.527 E.02905
G1 X129.986 Y88.18 E.02082
;WIDTH:0.695812
G1 X129.634 Y88.79 E.01975
;WIDTH:0.696046
G1 X129.255 Y89.385 E.01979
;WIDTH:0.69774
G1 X128.848 Y89.961 E.01983
G1 X128.414 Y90.516 E.01981
;WIDTH:0.699818
G1 X127.957 Y91.053 E.01989
G1 X127.472 Y91.564 E.01987
;WIDTH:0.696348
G1 X126.711 Y92.285 E.02941
;WIDTH:0.71587
G1 X126.461 Y92.509 E.00969
G1 X125.082 Y93.54 F9000
;WIDTH:0.7039
G1 F937
G1 X124.426 Y93.946 E.02189
;WIDTH:0.694674
G1 X123.813 Y94.294 E.01973
;WIDTH:0.69792
G1 X123.184 Y94.613 E.01983
G1 X122.539 Y94.897 E.01982
;WIDTH:0.70414
G1 X122.075 Y95.087 E.01423
G1 X121.216 Y95.381 E.02577
;WIDTH:0.692306
G1 X120.538 Y95.575 E.01967
;WIDTH:0.698154
G1 X119.853 Y95.743 E.01984
G1 X119.16 Y95.871 E.01983
;WIDTH:0.692688
G1 X118.462 Y95.97 E.01967
;WIDTH:0.69718
G1 X117.761 Y96.039 E.01979
G1 X117.056 Y96.068 E.01982
;WIDTH:0.702968
G1 X116.444 Y96.076 E.01734
;WIDTH:0.706392
G1 X115.733 Y96.046 E.02026
;WIDTH:0.708184
G1 X115.018 Y95.983 E.02049
G1 X114.307 Y95.889 E.02048
;WIDTH:0.70483
G1 X113.524 Y95.743 E.02263
;WIDTH:0.70457
G1 X112.668 Y95.535 E.02502
;WIDTH:0.703822
G1 X111.983 Y95.329 E.02029
G1 X111.306 Y95.09 E.02037
;WIDTH:0.703562
G1 X110.641 Y94.819 E.02036
;WIDTH:0.703384
G1 X109.99 Y94.517 E.02035
;WIDTH:0.703186
G1 X109.354 Y94.185 E.02033
;WIDTH:0.706242
G1 X108.735 Y93.821 E.02044
;WIDTH:0.708152
G1 X108.134 Y93.43 E.02047
G1 X107.55 Y93.012 E.0205
;WIDTH:0.704978
G1 X106.989 Y92.565 E.02038
G1 X106.449 Y92.094 E.02036
;WIDTH:0.708938
G1 X105.878 Y91.538 E.02278
G1 X105.447 Y91.083 E.01791
;WIDTH:0.697446
G1 X104.981 Y90.543 E.02005
G1 X104.546 Y89.988 E.01982
G1 X104.138 Y89.413 E.01981
;WIDTH:0.697294
G1 X103.757 Y88.82 E.0198
G1 X103.404 Y88.21 E.0198
;WIDTH:0.697186
G1 X103.079 Y87.584 E.01982
G1 X102.784 Y86.944 E.0198
;WIDTH:0.701556
G1 X102.399 Y85.968 E.02967
G1 X102.178 Y85.29 E.02016
;WIDTH:0.701224
G1 X101.991 Y84.61 E.01993
;WIDTH:0.70093
G1 X101.837 Y83.922 E.01992
;WIDTH:0.698448
G1 X101.715 Y83.228 E.01983
;WIDTH:0.697234
G1 X101.623 Y82.529 E.01981
G1 X101.565 Y81.826 E.01982
G1 X101.54 Y81.122 E.01979
;WIDTH:0.701928
G1 X101.56 Y80.084 E.02937
G1 X101.617 Y79.368 E.02032
;WIDTH:0.70149
G1 X101.707 Y78.662 E.02012
;WIDTH:0.7012
G1 X101.829 Y77.968 E.01991
;WIDTH:0.700908
G1 X101.983 Y77.28 E.01992
;WIDTH:0.700632
G1 X102.168 Y76.6 E.0199
;WIDTH:0.700362
G1 X102.386 Y75.929 E.01991
;WIDTH:0.700108
G1 X102.634 Y75.269 E.01989
;WIDTH:0.702144
G1 X103.05 Y74.328 E.02912
G1 X103.386 Y73.676 E.02076
;WIDTH:0.69943
G1 X103.739 Y73.066 E.01987
;WIDTH:0.696154
G1 X104.12 Y72.472 E.01979
;WIDTH:0.696996
G1 X104.526 Y71.896 E.01979
;WIDTH:0.703152
G1 X104.878 Y71.44 E.01633
G1 X105.417 Y70.804 E.02363
;WIDTH:0.699966
G1 X105.902 Y70.292 E.01989
;WIDTH:0.69635
G1 X106.663 Y69.571 E.02941
;WIDTH:0.705334
G1 X106.842 Y69.414 E.00677
G1 X106.536 Y68.879 F9000
;TYPE:External perimeter
;WIDTH:0.419999
G1 F937
G1 X106.534 Y68.815 E.00106
G1 X106.313 Y68.461 E.00691
G1 X106.254 Y68.155 E.00516
G1 X106.311 Y67.871 E.0048
G1 X106.553 Y67.548 E.00669
G1 X106.951 Y67.381 E.00715
G1 X107.211 Y67.4 E.00432
G1 X107.498 Y67.546 E.00534
G1 X107.855 Y67.876 E.00806
G1 X108.011 Y67.854 E.00261
G1 X109.086 Y67.203 E.02082
G1 X110.194 Y66.645 E.02056
G1 X111.108 Y66.264 E.01641
G1 X112.284 Y65.869 E.02056
G1 X113.243 Y65.621 E.01641
G1 X114.463 Y65.397 E.02055
G1 X115.696 Y65.27 E.02054
G1 X116.871 Y65.24 E.01948
G1 X117.691 Y65.271 E.0136
G1 X118.431 Y65.336 E.01231
G1 X119.167 Y65.436 E.01231
G1 X119.898 Y65.571 E.01232
G1 X120.622 Y65.74 E.01232
G1 X121.337 Y65.943 E.01232
G1 X122.041 Y66.18 E.01231
G1 X122.734 Y66.451 E.01233
G1 X123.412 Y66.753 E.0123
G1 X124.076 Y67.088 E.01232
G1 X124.723 Y67.453 E.01231
G1 X125.353 Y67.849 E.01233
G1 X125.962 Y68.274 E.0123
G1 X126.552 Y68.728 E.01234
G1 X127.304 Y69.376 E.01645
G1 X127.837 Y69.89 E.01227
G1 X128.366 Y70.452 E.01279
G1 X128.841 Y71.007 E.0121
G1 X129.29 Y71.584 E.01211
G1 X129.717 Y72.188 E.01226
G1 X130.117 Y72.816 E.01234
G1 X130.603 Y73.682 E.01645
G1 X130.929 Y74.346 E.01226
G1 X131.225 Y75.028 E.01232
G1 X131.501 Y75.762 E.01299
G1 X131.725 Y76.457 E.0121
G1 X131.918 Y77.166 E.01218
G1 X132.123 Y78.118 E.01614
G1 X132.238 Y78.85 E.01228
G1 X132.319 Y79.589 E.01232
G1 X132.365 Y80.33 E.0123
G1 X132.376 Y81.061 E.01211
G1 X132.352 Y81.804 E.01232
G1 X132.293 Y82.545 E.01232
G1 X132.199 Y83.282 E.01231
G1 X132.071 Y84.014 E.01231
G1 X131.907 Y84.739 E.01232
G1 X131.71 Y85.455 E.0123
G1 X131.478 Y86.162 E.01233
G1 X131.214 Y86.856 E.0123
G1 X130.811 Y87.762 E.01643
G1 X130.351 Y88.64 E.01642
G1 X129.679 Y89.715 E.02101
G1 X129.256 Y90.312 E.01212
G1 X128.801 Y90.889 E.01218
G1 X128.315 Y91.461 E.01244
G1 X127.627 Y92.174 E.01642
G1 X126.88 Y92.861 E.01682
G1 X126.84 Y93.041 E.00306
G1 X127.061 Y93.395 E.00691
G1 X127.119 Y93.699 E.00513
G1 X127.049 Y94.018 E.00541
G1 X126.928 Y94.191 E.0035
G1 X126.735 Y94.371 E.00437
G1 X126.303 Y94.475 E.00736
G1 X125.879 Y94.336 E.00739
G1 X125.569 Y94.002 E.00755
G1 X125.362 Y94.002 E.00343
G1 X124.288 Y94.654 E.02082
G1 X123.332 Y95.141 E.01778
G1 X122.267 Y95.592 E.01916
G1 X121.091 Y95.987 E.02056
G1 X119.889 Y96.288 E.02053
G1 X118.832 Y96.47 E.01777
G1 X117.68 Y96.587 E.01919
G1 X116.44 Y96.616 E.02055
G1 X115.698 Y96.587 E.0123
G1 X114.958 Y96.523 E.01231
G1 X114.222 Y96.423 E.01231
G1 X113.41 Y96.272 E.01368
G1 X112.526 Y96.056 E.01508
G1 X111.815 Y95.843 E.0123
G1 X111.114 Y95.595 E.01232
G1 X110.426 Y95.315 E.01231
G1 X109.751 Y95.002 E.01233
G1 X109.093 Y94.658 E.0123
G1 X108.451 Y94.283 E.01232
G1 X107.827 Y93.878 E.01233
G1 X107.224 Y93.443 E.01232
G1 X106.642 Y92.981 E.01231
G1 X106.083 Y92.492 E.01231
G1 X105.49 Y91.918 E.01367
G1 X104.871 Y91.251 E.01508
G1 X104.396 Y90.68 E.01231
G1 X103.948 Y90.087 E.01231
G1 X103.528 Y89.473 E.01233
G1 X103.138 Y88.841 E.01231
G1 X102.779 Y88.19 E.01232
G1 X102.45 Y87.523 E.01232
G1 X102.154 Y86.841 E.01232
G1 X101.89 Y86.147 E.0123
G1 X101.66 Y85.44 E.01232
G1 X101.463 Y84.723 E.01232
G1 X101.285 Y83.918 E.01366
G1 X101.137 Y83.02 E.01508
G1 X101.056 Y82.281 E.01232
G1 X101.009 Y81.54 E.0123
G1 X100.998 Y80.796 E.01233
G1 X101.021 Y80.053 E.01232
G1 X101.08 Y79.313 E.0123
G1 X101.174 Y78.575 E.01233
G1 X101.303 Y77.843 E.01232
G1 X101.467 Y77.118 E.01232
G1 X101.664 Y76.401 E.01232
G1 X101.896 Y75.695 E.01231
G1 X102.16 Y75.001 E.0123
G1 X102.563 Y74.095 E.01643
G1 X102.942 Y73.362 E.01367
G1 X103.403 Y72.579 E.01506
G1 X103.957 Y71.756 E.01644
G1 X104.457 Y71.101 E.01365
G1 X105.046 Y70.408 E.01507
G1 X105.734 Y69.694 E.01643
G1 X106.301 Y69.175 E.01274
G1 X106.517 Y68.931 E.0054
;LAYER_CHANGE
M117 DASHBOARD_LAYER_INDICATOR 21
;Z:2.2
;HEIGHT:0.1
;BEFORE_LAYER_CHANGE
M117 OBICO_LAYER_INDICATOR 20
G92 E0
;2.2
G1 E-3.5 F3600
;WIPE_START
G1 F7200
G1 X106.536 Y68.879 E-.0263
G1 X106.534 Y68.815 E-.03041
G1 X106.313 Y68.461 E-.19823
G1 X106.254 Y68.155 E-.14803
G1 X106.311 Y67.871 E-.13759
G1 X106.553 Y67.548 E-.19171
G1 X106.951 Y67.381 E-.20502
G1 X107.211 Y67.4 E-.12383
G1 X107.498 Y67.546 E-.15295
G1 X107.855 Y67.876 E-.23092
G1 X107.97 Y67.86 E-.05501
;WIPE_END
G1 Z2.2 F9000
;AFTER_LAYER_CHANGE
;2.2
G1 X107.021 Y69.518
G1 E5 F2400
;TYPE:Perimeter
;WIDTH:0.411363
G1 F1223
G1 X107.153 Y69.392 E.00296
;WIDTH:0.439999
G1 X107.334 Y69.218 E.00437
G1 X107.867 Y68.812 E.01166
G1 X108.098 Y68.668 E.00474
;WIDTH:0.412165
G1 X108.33 Y68.525 E.00443
;WIDTH:0.38433
G1 X109.049 Y68.073 E.01281
;WIDTH:0.374006
G1 X109.655 Y67.731 E.0102
G1 X110.276 Y67.418 E.01019
;WIDTH:0.374143
G1 X110.912 Y67.135 E.01021
;WIDTH:0.374501
G1 X111.56 Y66.881 E.01022
G1 X112.219 Y66.658 E.01021
;WIDTH:0.3742
G1 X112.888 Y66.465 E.01021
;WIDTH:0.379236
G1 X113.404 Y66.339 E.0079
G1 X114.249 Y66.175 E.0128
;WIDTH:0.373085
G1 X114.938 Y66.078 E.01017
;WIDTH:0.375716
G1 X115.63 Y66.011 E.01024
G1 X116.387 Y65.979 E.01116
G1 X117.363 Y65.989 E.01438
;WIDTH:0.375971
G1 X118.064 Y66.037 E.01036
G1 X118.755 Y66.117 E.01025
G1 X119.442 Y66.229 E.01026
G1 X120.123 Y66.374 E.01026
G1 X120.796 Y66.549 E.01025
G1 X121.461 Y66.756 E.01027
G1 X122.115 Y66.993 E.01025
G1 X122.757 Y67.261 E.01025
;WIDTH:0.377171
G1 X123.607 Y67.671 E.01396
;WIDTH:0.377517
G1 X124.301 Y68.056 E.01175
G1 X124.893 Y68.427 E.01034
;WIDTH:0.37545
G1 X125.466 Y68.822 E.01024
;WIDTH:0.375897
G1 X126.02 Y69.243 E.01025
G1 X126.554 Y69.69 E.01026
G1 X127.066 Y70.161 E.01025
G1 X127.555 Y70.656 E.01025
G1 X128.022 Y71.173 E.01027
;WIDTH:0.377668
G1 X128.671 Y71.981 E.01535
G1 X129.078 Y72.554 E.01041
;WIDTH:0.377507
G1 X129.454 Y73.14 E.01031
;WIDTH:0.377378
G1 X129.802 Y73.743 E.0103
;WIDTH:0.375897
G1 X130.122 Y74.36 E.01024
G1 X130.413 Y74.993 E.01027
G1 X130.675 Y75.638 E.01026
G1 X130.906 Y76.294 E.01025
G1 X131.105 Y76.961 E.01026
;WIDTH:0.378828
G1 X131.254 Y77.547 E.00898
;WIDTH:0.382179
G1 X131.507 Y78.934 E.02114
;WIDTH:0.379758
G1 X131.584 Y79.638 E.01055
G1 X131.629 Y80.346 E.01057
;WIDTH:0.381446
G1 X131.637 Y81.052 E.01057
G1 X131.619 Y81.768 E.01072
;WIDTH:0.378268
G1 X131.563 Y82.473 E.01049
;WIDTH:0.378057
G1 X131.474 Y83.169 E.0104
;WIDTH:0.377912
G1 X131.354 Y83.854 E.01031
;WIDTH:0.377766
G1 X131.202 Y84.533 E.01031
;WIDTH:0.377629
G1 X131.018 Y85.205 E.01032
;WIDTH:0.377496
G1 X130.803 Y85.867 E.0103
;WIDTH:0.377368
G1 X130.558 Y86.518 E.01029
G1 X130.177 Y87.382 E.01397
G1 X129.816 Y88.088 E.01173
;WIDTH:0.37613
G1 X129.468 Y88.694 E.0103
G1 X129.092 Y89.279 E.01025
G1 X128.691 Y89.848 E.01026
G1 X128.262 Y90.396 E.01026
;WIDTH:0.377225
G1 X127.81 Y90.925 E.01029
G1 X127.332 Y91.431 E.0103
;WIDTH:0.37468
G1 X126.832 Y91.915 E.01022
;WIDTH:0.379572
G1 X126.403 Y92.296 E.00854
;WIDTH:0.409786
G1 X126.095 Y92.566 E.00661
;WIDTH:0.439999
G1 X125.787 Y92.836 E.00713
G1 X125.218 Y93.24 E.01214
;WIDTH:0.423428
G1 X124.92 Y93.421 E.00583
;WIDTH:0.398062
G1 X124.622 Y93.602 E.00546
;WIDTH:0.375814
G1 X124.025 Y93.959 E.01025
G1 X123.41 Y94.284 E.01025
;WIDTH:0.381409
G1 X122.872 Y94.539 E.00891
G1 X121.937 Y94.93 E.01517
;WIDTH:0.379108
G1 X121.155 Y95.199 E.0123
;WIDTH:0.373792
G1 X120.486 Y95.391 E.0102
;WIDTH:0.376386
G1 X119.809 Y95.554 E.01028
G1 X119.125 Y95.682 E.01027
;WIDTH:0.373616
G1 X118.436 Y95.779 E.01019
;WIDTH:0.375885
G1 X117.744 Y95.846 E.01024
G1 X117.048 Y95.877 E.01027
;WIDTH:0.378798
G1 X116.444 Y95.881 E.00897
G1 X115.742 Y95.853 E.01044
G1 X115.036 Y95.791 E.01053
;WIDTH:0.381401
G1 X114.337 Y95.693 E.01056
G1 X113.572 Y95.552 E.01164
;WIDTH:0.380302
G1 X112.717 Y95.346 E.01312
;WIDTH:0.379224
G1 X112.041 Y95.142 E.0105
G1 X111.373 Y94.906 E.01054
;WIDTH:0.379097
G1 X110.717 Y94.639 E.01053
;WIDTH:0.381553
G1 X110.077 Y94.338 E.01059
G1 X109.45 Y94.012 E.01058
;WIDTH:0.380592
G1 X108.838 Y93.656 E.01057
;WIDTH:0.379751
G1 X108.244 Y93.27 E.01055
G1 X107.669 Y92.856 E.01055
G1 X107.114 Y92.415 E.01056
G1 X106.582 Y91.95 E.01053
G1 X106.021 Y91.408 E.01162
;WIDTH:0.379581
G1 X105.422 Y90.763 E.01311
;WIDTH:0.382213
G1 X104.975 Y90.219 E.01056
G1 X104.546 Y89.658 E.01059
;WIDTH:0.37972
G1 X104.147 Y89.073 E.01055
G1 X103.775 Y88.47 E.01055
G1 X103.432 Y87.85 E.01055
G1 X103.119 Y87.214 E.01056
;WIDTH:0.379824
G1 X102.837 Y86.564 E.01056
G1 X102.585 Y85.902 E.01055
G1 X102.366 Y85.228 E.01056
G1 X102.178 Y84.546 E.01054
;WIDTH:0.381899
G1 X101.907 Y83.202 E.02055
;WIDTH:0.375941
G1 X101.816 Y82.505 E.01036
G1 X101.758 Y81.811 E.01026
G1 X101.733 Y81.116 E.01025
;WIDTH:0.378278
G1 X101.755 Y80.089 E.01524
G1 X101.811 Y79.384 E.01049
;WIDTH:0.378062
G1 X101.9 Y78.688 E.0104
;WIDTH:0.377918
G1 X102.02 Y78.002 E.01032
;WIDTH:0.377772
G1 X102.172 Y77.323 E.01031
;WIDTH:0.377635
G1 X102.356 Y76.652 E.0103
;WIDTH:0.3775
G1 X102.57 Y75.99 E.0103
;WIDTH:0.377373
G1 X102.816 Y75.338 E.01031
;WIDTH:0.378384
G1 X103.228 Y74.408 E.01509
G1 X103.558 Y73.766 E.01071
;WIDTH:0.377139
G1 X103.907 Y73.163 E.0103
;WIDTH:0.375368
G1 X104.282 Y72.577 E.01024
;WIDTH:0.375858
G1 X104.683 Y72.009 E.01024
;WIDTH:0.378958
G1 X105.026 Y71.566 E.00833
G1 X105.564 Y70.931 E.01237
;WIDTH:0.377292
G1 X106.042 Y70.425 E.0103
;WIDTH:0.374679
G1 X106.542 Y69.942 E.01021
;WIDTH:0.382727
G1 X106.973 Y69.565 E.0086
;WIDTH:0.411363
G1 X106.978 Y69.56 E.00011
G1 X107.232 Y69.856 F9000
;TYPE:External perimeter
;WIDTH:0.419999
G1 F1223
G1 X107.903 Y69.298 E.01446
G1 X108.546 Y68.838 E.0131
G1 X109.247 Y68.391 E.01378
G1 X109.839 Y68.059 E.01125
G1 X110.445 Y67.754 E.01124
G1 X111.065 Y67.478 E.01124
G1 X111.697 Y67.231 E.01124
G1 X112.339 Y67.013 E.01123
G1 X112.991 Y66.826 E.01124
G1 X114.318 Y66.544 E.02248
G1 X114.99 Y66.449 E.01125
G1 X115.665 Y66.386 E.01123
G1 X116.403 Y66.353 E.01224
G1 X117.359 Y66.365 E.01584
G1 X118.037 Y66.413 E.01126
G1 X118.711 Y66.491 E.01124
G1 X119.381 Y66.601 E.01125
G1 X120.044 Y66.742 E.01123
G1 X120.701 Y66.913 E.01125
G1 X121.349 Y67.115 E.01125
G1 X121.986 Y67.347 E.01123
G1 X122.612 Y67.608 E.01124
G1 X123.443 Y68.011 E.0153
G1 X124.118 Y68.386 E.01279
G1 X124.694 Y68.746 E.01125
G1 X125.252 Y69.131 E.01123
G1 X125.792 Y69.543 E.01125
G1 X126.312 Y69.979 E.01124
G1 X126.811 Y70.438 E.01123
G1 X127.288 Y70.921 E.01125
G1 X127.742 Y71.425 E.01124
G1 X128.376 Y72.217 E.01681
G1 X128.77 Y72.772 E.01128
G1 X129.137 Y73.343 E.01125
G1 X129.476 Y73.931 E.01125
G1 X129.788 Y74.533 E.01123
G1 X130.071 Y75.15 E.01125
G1 X130.326 Y75.779 E.01125
G1 X130.55 Y76.419 E.01124
G1 X130.745 Y77.069 E.01124
G1 X130.887 Y77.639 E.00973
G1 X131.131 Y78.982 E.02262
G1 X131.207 Y79.669 E.01145
G1 X131.25 Y80.359 E.01146
G1 X131.241 Y81.769 E.02336
G1 X131.186 Y82.442 E.01119
G1 X131.1 Y83.12 E.01132
G1 X130.982 Y83.789 E.01126
G1 X130.833 Y84.451 E.01124
G1 X130.654 Y85.105 E.01123
G1 X130.445 Y85.75 E.01123
G1 X130.205 Y86.385 E.01125
G1 X129.832 Y87.229 E.01529
G1 X129.481 Y87.917 E.0128
G1 X129.142 Y88.505 E.01125
G1 X128.776 Y89.077 E.01125
G1 X128.383 Y89.63 E.01124
G1 X127.966 Y90.165 E.01124
G1 X127.524 Y90.68 E.01125
G1 X127.058 Y91.173 E.01124
G1 X126.571 Y91.645 E.01124
G1 X126.153 Y92.012 E.00922
G1 X125.532 Y92.517 E.01326
G1 X124.983 Y92.916 E.01125
G1 X124.416 Y93.289 E.01125
G1 X123.833 Y93.635 E.01123
G1 X123.234 Y93.954 E.01124
G1 X122.713 Y94.195 E.00951
G1 X121.798 Y94.578 E.01644
G1 X121.035 Y94.843 E.01338
G1 X120.383 Y95.03 E.01124
G1 X119.723 Y95.187 E.01124
G1 X119.056 Y95.313 E.01125
G1 X118.384 Y95.407 E.01124
G1 X117.709 Y95.471 E.01123
G1 X117.031 Y95.502 E.01125
G1 X116.444 Y95.503 E.00973
G1 X115.759 Y95.475 E.01136
G1 X115.071 Y95.415 E.01144
G1 X114.393 Y95.318 E.01135
G1 X113.649 Y95.181 E.01253
G1 X112.813 Y94.98 E.01425
G1 X112.154 Y94.781 E.01141
G1 X111.502 Y94.551 E.01146
G1 X110.862 Y94.29 E.01145
G1 X110.243 Y93.997 E.01135
G1 X109.634 Y93.681 E.01137
G1 X109.039 Y93.335 E.0114
G1 X108.459 Y92.959 E.01145
G1 X107.899 Y92.555 E.01144
G1 X107.357 Y92.125 E.01146
G1 X106.838 Y91.671 E.01143
G1 X106.29 Y91.142 E.01262
G1 X105.703 Y90.511 E.01428
G1 X105.272 Y89.982 E.01131
G1 X104.855 Y89.439 E.01134
G1 X104.465 Y88.869 E.01144
G1 X104.103 Y88.28 E.01146
G1 X103.768 Y87.676 E.01144
G1 X103.463 Y87.056 E.01145
G1 X103.188 Y86.422 E.01145
G1 X102.942 Y85.776 E.01145
G1 X102.728 Y85.119 E.01145
G1 X102.545 Y84.454 E.01143
G1 X102.386 Y83.716 E.01251
G1 X102.276 Y83.132 E.00985
G1 X102.189 Y82.457 E.01128
G1 X102.134 Y81.781 E.01124
G1 X102.11 Y81.102 E.01126
G1 X102.133 Y80.097 E.01666
G1 X102.188 Y79.415 E.01134
G1 X102.274 Y78.736 E.01134
G1 X102.392 Y78.068 E.01124
G1 X102.541 Y77.406 E.01124
G1 X102.72 Y76.752 E.01123
G1 X102.929 Y76.106 E.01125
G1 X103.169 Y75.471 E.01125
G1 X103.573 Y74.562 E.01648
G1 X103.893 Y73.939 E.0116
G1 X104.232 Y73.351 E.01125
G1 X104.598 Y72.78 E.01124
G1 X104.991 Y72.226 E.01125
G1 X105.324 Y71.799 E.00897
G1 X105.85 Y71.177 E.0135
G1 X106.316 Y70.683 E.01125
G1 X106.803 Y70.212 E.01123
G1 X107.186 Y69.894 E.00825
G1 E-3.5 F3600
;WIPE_START
G1 F7200
G1 X107.232 Y69.856 E-.02834
G1 X107.903 Y69.298 E-.41453
G1 X108.546 Y68.838 E-.37554
G1 X109.247 Y68.391 E-.39491
G1 X109.773 Y68.095 E-.28668
;WIPE_END
G1 X126.31 Y93.67 F9000
G1 E5 F2400
;TYPE:Perimeter
;WIDTH:0.38695
G1 F1223
G1 X126.232 Y93.565 E.00199
;WIDTH:0.431008
G1 X126.154 Y93.46 E.00223
;WIDTH:0.475066
G1 X126.076 Y93.355 E.00247
;WIDTH:0.519124
G1 X125.998 Y93.249 E.00272
G1 E-3.5 F3600
;WIPE_START
G1 F7200
G1 X126.076 Y93.355 E-.06251
G1 X126.154 Y93.46 E-.06213
G1 X126.232 Y93.565 E-.06213
G1 X126.31 Y93.67 E-.06213
;WIPE_END
G1 E-1.2511 F3600
G1 X107.07 Y68.196 F9000
G1 E5 F2400
;WIDTH:0.386626
G1 F1223
G1 X107.146 Y68.299 E.00194
;WIDTH:0.431294
G1 X107.223 Y68.402 E.00219
;WIDTH:0.475962
G1 X107.3 Y68.505 E.00243
;WIDTH:0.52063
G1 X107.377 Y68.609 E.00269
G1 X107.802 Y68.266 F9000
;WIDTH:0.439999
G1 F1223
G1 X107.954 Y68.242 E.00268
;WIDTH:0.412165
G1 X108.151 Y68.211 E.00324
;WIDTH:0.38433
G1 X108.294 Y68.124 E.00253
;WIDTH:0.376643
G1 X108.895 Y67.757 E.0104
;WIDTH:0.373614
G1 X109.52 Y67.404 E.01051
;WIDTH:0.37431
G1 X110.149 Y67.088 E.01033
G1 X110.805 Y66.797 E.01053
;WIDTH:0.374136
G1 X111.473 Y66.538 E.01051
G1 X112.14 Y66.313 E.01032
G1 X112.829 Y66.116 E.01051
;WIDTH:0.374563
G1 X113.526 Y65.951 E.01051
G1 X114.219 Y65.823 E.01035
;WIDTH:0.373416
G1 X114.93 Y65.725 E.0105
;WIDTH:0.378741
G1 X115.727 Y65.647 E.0119
;WIDTH:0.381627
G1 X116.866 Y65.619 E.01706
G1 X117.659 Y65.648 E.01188
;WIDTH:0.379717
G1 X118.38 Y65.711 E.01078
G1 X119.099 Y65.808 E.01081
G1 X119.812 Y65.939 E.0108
G1 X120.519 Y66.104 E.01081
;WIDTH:0.379824
G1 X121.217 Y66.302 E.01081
G1 X121.904 Y66.533 E.0108
G1 X122.58 Y66.797 E.01081
;WIDTH:0.381384
G1 X123.242 Y67.092 E.01085
G1 X123.891 Y67.417 E.01086
;WIDTH:0.379362
G1 X124.522 Y67.772 E.01077
;WIDTH:0.379261
G1 X125.279 Y68.255 E.01336
;WIDTH:0.379771
G1 X125.927 Y68.719 E.01187
G1 X126.494 Y69.17 E.01079
G1 X127.04 Y69.647 E.0108
G1 X127.562 Y70.15 E.0108
G1 X128.061 Y70.678 E.01082
;WIDTH:0.38177
G1 X128.532 Y71.228 E.01085
G1 X128.982 Y71.802 E.01093
;WIDTH:0.378092
G1 X129.399 Y72.391 E.0107
G1 X129.788 Y73.002 E.01074
G1 X130.126 Y73.598 E.01016
;WIDTH:0.375961
G1 X130.454 Y74.232 E.01052
G1 X130.751 Y74.88 E.01051
G1 X131.017 Y75.541 E.0105
G1 X131.252 Y76.214 E.01051
G1 X131.454 Y76.899 E.01053
;WIDTH:0.376798
G1 X131.631 Y77.6 E.01068
;WIDTH:0.382179
G1 X131.748 Y78.175 E.0088
G1 X131.862 Y78.892 E.01089
;WIDTH:0.379758
G1 X131.942 Y79.613 E.01081
G1 X131.987 Y80.337 E.01081
;WIDTH:0.381446
G1 X131.997 Y81.062 E.01085
G1 X131.971 Y81.84 E.01165
;WIDTH:0.377544
G1 X131.912 Y82.55 E.01055
;WIDTH:0.377679
G1 X131.821 Y83.257 E.01056
;WIDTH:0.37782
G1 X131.696 Y83.959 E.01056
;WIDTH:0.377966
G1 X131.539 Y84.654 E.01056
;WIDTH:0.378105
G1 X131.347 Y85.351 E.01072
;WIDTH:0.37824
G1 X131.121 Y86.04 E.01076
;WIDTH:0.37843
G1 X130.863 Y86.716 E.01074
;WIDTH:0.378664
G1 X130.468 Y87.602 E.01441
;WIDTH:0.379462
G1 X130.018 Y88.46 E.01442
G1 X129.649 Y89.079 E.01073
G1 X129.367 Y89.502 E.00757
;WIDTH:0.376055
G1 X128.956 Y90.086 E.01053
G1 X128.514 Y90.647 E.01053
;WIDTH:0.378028
G1 X128.043 Y91.199 E.01076
G1 X127.563 Y91.7 E.01029
;WIDTH:0.374909
G1 X127.047 Y92.196 E.01052
;WIDTH:0.390897
G1 X126.558 Y92.649 E.01024
;WIDTH:0.439999
G1 X126.443 Y93.137 E.00872
G1 X126.676 Y93.552 E.00828
G1 X126.687 Y93.763 E.00368
G1 X126.581 Y93.974 E.00411
G1 X126.301 Y94.066 E.00513
G1 X126.04 Y93.927 E.00515
G1 X125.77 Y93.646 E.00678
G1 X125.336 Y93.59 E.00761
;WIDTH:0.417854
G1 X124.78 Y93.917 E.01063
;WIDTH:0.378553
G1 X124.099 Y94.326 E.01179
G1 X123.533 Y94.614 E.00943
;WIDTH:0.374086
G1 X122.656 Y95.022 E.01418
;WIDTH:0.375048
G1 X121.902 Y95.32 E.01192
G1 X121.234 Y95.544 E.01036
;WIDTH:0.374133
G1 X120.543 Y95.738 E.01052
;WIDTH:0.378295
G1 X119.804 Y95.919 E.01129
G1 X119.153 Y96.034 E.00981
;WIDTH:0.373761
G1 X118.444 Y96.132 E.01048
;WIDTH:0.378599
G1 X117.65 Y96.209 E.01184
G1 X117.026 Y96.228 E.00927
;WIDTH:0.376719
G1 X116.31 Y96.234 E.01058
G1 X115.599 Y96.2 E.01051
;WIDTH:0.376952
G1 X114.882 Y96.132 E.01064
G1 X113.93 Y95.986 E.01423
;WIDTH:0.375757
G1 X113.139 Y95.819 E.01191
;WIDTH:0.376386
G1 X112.448 Y95.64 E.01053
G1 X111.768 Y95.426 E.01052
;WIDTH:0.376546
G1 X111.099 Y95.182 E.01051
;WIDTH:0.376677
G1 X110.435 Y94.904 E.01063
G1 X109.57 Y94.482 E.01421
;WIDTH:0.376295
G1 X108.864 Y94.088 E.01193
;WIDTH:0.376083
G1 X108.261 Y93.71 E.01049
G1 X107.675 Y93.304 E.01051
G1 X107.109 Y92.871 E.01051
;WIDTH:0.375966
G1 X106.563 Y92.412 E.01051
G1 X106.04 Y91.928 E.0105
;WIDTH:0.37531
G1 X105.54 Y91.419 E.0105
;WIDTH:0.376698
G1 X105.055 Y90.883 E.01068
;WIDTH:0.382213
G1 X104.691 Y90.441 E.00859
G1 X104.253 Y89.863 E.01088
;WIDTH:0.37972
G1 X103.843 Y89.264 E.01081
G1 X103.463 Y88.646 E.01081
G1 X103.112 Y88.011 E.01081
G1 X102.792 Y87.36 E.0108
;WIDTH:0.379824
G1 X102.503 Y86.695 E.0108
G1 X102.246 Y86.017 E.0108
G1 X102.021 Y85.327 E.01081
G1 X101.829 Y84.628 E.0108
;WIDTH:0.381899
G1 X101.658 Y83.849 E.01195
G1 X101.512 Y82.963 E.01346
;WIDTH:0.379758
G1 X101.432 Y82.245 E.01076
G1 X101.387 Y81.521 E.01081
;WIDTH:0.381441
G1 X101.377 Y80.795 E.01087
G1 X101.403 Y80.017 E.01165
;WIDTH:0.377539
G1 X101.462 Y79.306 E.01056
;WIDTH:0.377674
G1 X101.553 Y78.6 E.01054
;WIDTH:0.377814
G1 X101.678 Y77.898 E.01056
;WIDTH:0.377961
G1 X101.835 Y77.203 E.01056
;WIDTH:0.378104
G1 X102.027 Y76.506 E.01072
;WIDTH:0.378236
G1 X102.253 Y75.817 E.01076
;WIDTH:0.378455
G1 X102.511 Y75.141 E.01074
G1 X102.935 Y74.197 E.01536
;WIDTH:0.377941
G1 X103.271 Y73.548 E.01083
;WIDTH:0.379467
G1 X103.727 Y72.776 E.01335
G1 X104.007 Y72.355 E.00753
;WIDTH:0.375668
G1 X104.419 Y71.771 E.01052
;WIDTH:0.375769
G1 X104.859 Y71.209 E.01051
;WIDTH:0.378032
G1 X105.33 Y70.658 E.01075
G1 X105.811 Y70.156 E.01031
;WIDTH:0.374909
G1 X106.333 Y69.655 E.01063
;WIDTH:0.382727
G1 X106.733 Y69.295 E.00808
;WIDTH:0.411363
G1 X106.833 Y69.153 E.00282
;WIDTH:0.439999
G1 X106.933 Y69.011 E.00302
G1 X106.931 Y68.72 E.00506
G1 X106.698 Y68.303 E.00831
G1 X106.682 Y68.096 E.00361
G1 X106.8 Y67.876 E.00434
G1 X107.06 Y67.79 E.00477
G1 X107.239 Y67.865 E.00338
G1 X107.605 Y68.211 E.00876
G1 X107.744 Y68.267 E.00261
G1 X107.873 Y67.875 F9000
;TYPE:External perimeter
;WIDTH:0.419999
G1 F1223
G1 X108.011 Y67.854 E.00231
G1 X109.086 Y67.203 E.02082
G1 X110.194 Y66.645 E.02056
G1 X111.108 Y66.264 E.01641
G1 X112.284 Y65.869 E.02056
G1 X113.243 Y65.621 E.01641
G1 X114.463 Y65.397 E.02055
G1 X115.696 Y65.27 E.02054
G1 X116.862 Y65.24 E.01933
G1 X117.678 Y65.27 E.01353
G1 X118.418 Y65.334 E.01231
G1 X119.155 Y65.434 E.01232
G1 X119.885 Y65.568 E.0123
G1 X120.609 Y65.737 E.01232
G1 X121.324 Y65.939 E.01231
G1 X122.029 Y66.176 E.01232
G1 X122.722 Y66.445 E.01232
G1 X123.401 Y66.747 E.01231
G1 X124.065 Y67.081 E.01232
G1 X124.712 Y67.446 E.01231
G1 X125.487 Y67.939 E.01522
G1 X126.151 Y68.414 E.01353
G1 X126.733 Y68.876 E.01231
G1 X127.293 Y69.366 E.01233
G1 X127.828 Y69.881 E.0123
G1 X128.339 Y70.421 E.01232
G1 X128.823 Y70.984 E.0123
G1 X129.281 Y71.57 E.01232
G1 X129.71 Y72.177 E.01232
G1 X130.109 Y72.803 E.0123
G1 X130.792 Y74.066 E.02379
G1 X131.096 Y74.73 E.0121
G1 X131.369 Y75.408 E.01211
G1 X131.61 Y76.097 E.01209
G1 X131.817 Y76.802 E.01217
G1 X132 Y77.523 E.01233
G1 X132.123 Y78.116 E.01003
G1 X132.238 Y78.85 E.01231
G1 X132.319 Y79.589 E.01232
G1 X132.365 Y80.331 E.01232
G1 X132.376 Y81.061 E.0121
G1 X132.352 Y81.804 E.01232
G1 X132.293 Y82.545 E.01232
G1 X132.199 Y83.282 E.01231
G1 X132.071 Y84.014 E.01231
G1 X131.907 Y84.739 E.01232
G1 X131.71 Y85.455 E.0123
G1 X131.478 Y86.162 E.01233
G1 X131.214 Y86.856 E.0123
G1 X130.811 Y87.762 E.01643
G1 X130.351 Y88.64 E.01642
G1 X129.971 Y89.278 E.0123
G1 X129.416 Y90.101 E.01645
G1 X128.969 Y90.692 E.01228
G1 X128.327 Y91.449 E.01645
G1 X127.64 Y92.162 E.01641
G1 X126.898 Y92.842 E.01668
G1 X126.835 Y93.02 E.00313
G1 X127.061 Y93.395 E.00725
G1 X127.119 Y93.697 E.0051
G1 X127.049 Y94.018 E.00544
G1 X126.928 Y94.191 E.0035
G1 X126.735 Y94.37 E.00436
G1 X126.303 Y94.475 E.00737
G1 X125.88 Y94.336 E.00738
G1 X125.617 Y94.042 E.00654
G1 X125.432 Y93.976 E.00325
G1 X125.363 Y94.002 E.00122
G1 X124.288 Y94.654 E.02083
G1 X123.181 Y95.211 E.02053
G1 X122.197 Y95.618 E.01764
G1 X121.092 Y95.987 E.0193
G1 X119.889 Y96.288 E.02055
G1 X118.84 Y96.469 E.01764
G1 X117.68 Y96.587 E.01932
G1 X116.439 Y96.616 E.02057
G1 X115.698 Y96.587 E.01229
G1 X114.958 Y96.523 E.01231
G1 X114.221 Y96.423 E.01232
G1 X113.418 Y96.273 E.01354
G1 X112.526 Y96.056 E.01521
G1 X111.815 Y95.843 E.0123
G1 X111.114 Y95.595 E.01232
G1 X110.425 Y95.315 E.01232
G1 X109.751 Y95.002 E.01231
G1 X109.092 Y94.658 E.01232
G1 X108.451 Y94.283 E.0123
G1 X107.827 Y93.877 E.01234
G1 X107.224 Y93.443 E.01231
G1 X106.642 Y92.981 E.01231
G1 X106.083 Y92.492 E.01231
G1 X105.495 Y91.924 E.01355
G1 X104.871 Y91.251 E.01521
G1 X104.396 Y90.68 E.01231
G1 X103.948 Y90.087 E.01231
G1 X103.528 Y89.473 E.01233
G1 X103.138 Y88.841 E.01231
G1 X102.779 Y88.19 E.01232
G1 X102.45 Y87.523 E.01232
G1 X102.154 Y86.841 E.01232
G1 X101.89 Y86.146 E.01232
G1 X101.66 Y85.44 E.0123
G1 X101.463 Y84.723 E.01232
G1 X101.286 Y83.926 E.01353
G1 X101.137 Y83.02 E.01521
G1 X101.055 Y82.281 E.01232
G1 X101.009 Y81.54 E.0123
G1 X100.998 Y80.796 E.01233
G1 X101.021 Y80.053 E.01232
G1 X101.08 Y79.312 E.01232
G1 X101.175 Y78.575 E.01231
G1 X101.303 Y77.843 E.01231
G1 X101.467 Y77.118 E.01232
G1 X101.664 Y76.401 E.01232
G1 X101.896 Y75.695 E.01231
G1 X102.16 Y75.001 E.0123
G1 X102.563 Y74.094 E.01645
G1 X102.938 Y73.37 E.01351
G1 X103.403 Y72.579 E.0152
G1 X103.957 Y71.756 E.01644
G1 X104.452 Y71.107 E.01352
G1 X105.046 Y70.408 E.0152
G1 X105.734 Y69.694 E.01643
G1 X106.476 Y69.015 E.01667
G1 X106.535 Y68.915 E.00192
G1 X106.535 Y68.819 E.00159
G1 X106.312 Y68.46 E.007
G1 X106.254 Y68.156 E.00513
G1 X106.31 Y67.872 E.0048
G1 X106.554 Y67.548 E.00672
G1 X106.951 Y67.381 E.00714
G1 X107.314 Y67.425 E.00606
G1 X107.609 Y67.619 E.00585
G1 X107.749 Y67.804 E.00384
G1 X107.821 Y67.852 E.00143
;LAYER_CHANGE
M117 DASHBOARD_LAYER_INDICATOR 22
;Z:2.3
;HEIGHT:0.0999999
;BEFORE_LAYER_CHANGE
M117 OBICO_LAYER_INDICATOR 21
G92 E0
;2.3
G1 E-3.5 F3600
;WIPE_START
G1 F7200
G1 X107.873 Y67.875 E-.02701
G1 X108.011 Y67.854 E-.0663
G1 X109.086 Y67.203 E-.59696
G1 X110.194 Y66.645 E-.58927
G1 X110.622 Y66.466 E-.22046
;WIPE_END
G1 Z2.3 F9000
;AFTER_LAYER_CHANGE
;2.3
G1 X108.305 Y68.57
G1 E5 F2400
;TYPE:Perimeter
;WIDTH:0.439999
G1 F1197
G1 X108.341 Y68.547 E.00074
;WIDTH:0.401049
G1 X109.061 Y68.095 E.01342
;WIDTH:0.390603
G1 X109.666 Y67.753 E.01067
G1 X110.287 Y67.441 E.01067
;WIDTH:0.390476
G1 X110.921 Y67.158 E.01065
;WIDTH:0.395477
G1 X111.438 Y66.953 E.00865
G1 X112.226 Y66.682 E.01296
;WIDTH:0.390333
G1 X112.894 Y66.489 E.01066
;WIDTH:0.395195
G1 X113.473 Y66.349 E.00926
G1 X114.253 Y66.2 E.01234
;WIDTH:0.389993
G1 X114.94 Y66.103 E.01063
;WIDTH:0.3923
G1 X115.632 Y66.036 E.01072
G1 X116.414 Y66.003 E.01207
G1 X117.362 Y66.014 E.01462
;WIDTH:0.392564
G1 X118.061 Y66.062 E.01081
G1 X118.751 Y66.142 E.01072
G1 X119.437 Y66.254 E.01072
G1 X120.117 Y66.398 E.01072
G1 X120.789 Y66.573 E.01071
G1 X121.453 Y66.779 E.01073
G1 X122.106 Y67.017 E.01072
;WIDTH:0.394399
G1 X123.057 Y67.425 E.01604
G1 X123.684 Y67.739 E.01087
;WIDTH:0.394235
G1 X124.29 Y68.08 E.01078
;WIDTH:0.392534
G1 X124.88 Y68.447 E.01072
G1 X125.451 Y68.842 E.01071
G1 X126.004 Y69.263 E.01072
G1 X126.537 Y69.709 E.01072
G1 X127.048 Y70.179 E.01071
G1 X127.537 Y70.673 E.01072
G1 X128.003 Y71.189 E.01073
G1 X128.443 Y71.726 E.01071
G1 X128.869 Y72.297 E.01099
;WIDTH:0.394
G1 X129.429 Y73.147 E.01577
G1 X129.78 Y73.755 E.01087
;WIDTH:0.392055
G1 X130.1 Y74.371 E.0107
;WIDTH:0.392478
G1 X130.39 Y75.002 E.01071
G1 X130.651 Y75.646 E.01072
G1 X130.882 Y76.302 E.01073
G1 X131.082 Y76.967 E.01071
G1 X131.25 Y77.641 E.01071
;WIDTH:0.398627
G1 X131.445 Y78.673 E.01647
;WIDTH:0.392533
G1 X131.534 Y79.354 E.0106
G1 X131.591 Y80.047 E.01073
G1 X131.616 Y80.741 E.01071
G1 X131.608 Y81.436 E.01072
G1 X131.568 Y82.129 E.01071
G1 X131.496 Y82.82 E.01072
G1 X131.389 Y83.525 E.011
;WIDTH:0.394242
G1 X131.179 Y84.521 E.01578
G1 X130.994 Y85.197 E.01086
;WIDTH:0.394085
G1 X130.78 Y85.858 E.01076
;WIDTH:0.393958
G1 X130.535 Y86.509 E.01077
;WIDTH:0.393834
G1 X130.259 Y87.146 E.01075
;WIDTH:0.391133
G1 X129.955 Y87.771 E.01068
;WIDTH:0.395689
G1 X129.686 Y88.271 E.00883
G1 X129.327 Y88.873 E.01091
G1 X128.865 Y89.566 E.01296
;WIDTH:0.39728
G1 X128.37 Y90.218 E.01279
G1 X127.792 Y90.909 E.01408
;WIDTH:0.393811
G1 X127.314 Y91.414 E.01076
;WIDTH:0.39127
G1 X126.815 Y91.896 E.01067
;WIDTH:0.396161
G1 X126.386 Y92.278 E.00895
;WIDTH:0.439999
G1 X125.767 Y92.81 E.0142
G1 X125.201 Y93.214 E.0121
;WIDTH:0.427953
G1 X124.609 Y93.581 E.01177
;WIDTH:0.392396
G1 X124.013 Y93.937 E.01071
G1 X123.399 Y94.262 E.01071
;WIDTH:0.398534
G1 X122.862 Y94.516 E.00931
G1 X121.936 Y94.904 E.01574
;WIDTH:0.395545
G1 X121.148 Y95.175 E.01296
;WIDTH:0.390342
G1 X120.48 Y95.366 E.01066
;WIDTH:0.392966
G1 X119.804 Y95.529 E.01074
G1 X119.121 Y95.657 E.01073
;WIDTH:0.3903
G1 X118.434 Y95.754 E.01064
;WIDTH:0.392452
G1 X117.742 Y95.821 E.01072
G1 X117.048 Y95.852 E.01071
;WIDTH:0.39538
G1 X116.444 Y95.856 E.00939
G1 X115.743 Y95.828 E.01091
G1 X115.038 Y95.767 E.011
G1 X114.338 Y95.672 E.01098
;WIDTH:0.398075
G1 X113.584 Y95.527 E.01202
G1 X112.724 Y95.321 E.01385
;WIDTH:0.395807
G1 X112.049 Y95.118 E.01097
G1 X111.381 Y94.883 E.01102
;WIDTH:0.395684
G1 X110.726 Y94.616 E.011
;WIDTH:0.398795
G1 X109.462 Y93.992 E.02211
;WIDTH:0.396304
G1 X108.851 Y93.635 E.01103
G1 X108.258 Y93.249 E.01103
G1 X107.684 Y92.836 E.01102
G1 X107.13 Y92.396 E.01103
G1 X106.598 Y91.931 E.01101
G1 X106.044 Y91.396 E.012
;WIDTH:0.396189
G1 X105.441 Y90.747 E.0138
;WIDTH:0.39554
G1 X104.989 Y90.205 E.01098
;WIDTH:0.398649
G1 X104.568 Y89.639 E.01106
G1 X104.168 Y89.059 E.01105
;WIDTH:0.396487
G1 X103.796 Y88.457 E.01103
;WIDTH:0.39637
G1 X103.454 Y87.838 E.01102
G1 X103.142 Y87.203 E.01103
G1 X102.86 Y86.555 E.01102
G1 X102.609 Y85.893 E.01104
G1 X102.389 Y85.221 E.01102
G1 X102.202 Y84.54 E.01101
;WIDTH:0.398468
G1 X101.931 Y83.198 E.02146
;WIDTH:0.392536
G1 X101.84 Y82.502 E.01083
G1 X101.783 Y81.81 E.01071
G1 X101.758 Y81.115 E.01073
;WIDTH:0.394863
G1 X101.78 Y80.09 E.01592
G1 X101.836 Y79.387 E.01095
;WIDTH:0.39465
G1 X101.925 Y78.692 E.01087
;WIDTH:0.394506
G1 X102.045 Y78.007 E.01079
;WIDTH:0.394359
G1 X102.197 Y77.329 E.01077
;WIDTH:0.394222
G1 X102.38 Y76.659 E.01076
;WIDTH:0.394088
G1 X102.594 Y75.998 E.01076
;WIDTH:0.393961
G1 X102.839 Y75.348 E.01076
;WIDTH:0.393837
G1 X103.114 Y74.71 E.01076
;WIDTH:0.391964
G1 X103.418 Y74.085 E.01071
G1 X103.751 Y73.475 E.01071
;WIDTH:0.395591
G1 X104.048 Y72.982 E.00895
;WIDTH:0.39738
G1 X104.58 Y72.198 E.01481
G1 X105.041 Y71.588 E.01195
;WIDTH:0.39561
G1 X105.582 Y70.948 E.01304
;WIDTH:0.393872
G1 X106.06 Y70.443 E.01077
;WIDTH:0.392087
G1 X106.812 Y69.732 E.01595
;WIDTH:0.439999
G1 X107.333 Y69.261 E.01222
G1 X107.886 Y68.839 E.0121
G1 X108.255 Y68.602 E.00763
G1 X108.474 Y68.928 F9000
;TYPE:External perimeter
;WIDTH:0.419999
G1 F1197
G1 X108.563 Y68.867 E.00179
G1 X109.264 Y68.42 E.01378
G1 X109.854 Y68.088 E.01122
G1 X110.459 Y67.784 E.01122
G1 X111.077 Y67.508 E.01121
G1 X111.579 Y67.312 E.00893
G1 X112.349 Y67.045 E.0135
G1 X113 Y66.858 E.01122
G1 X113.562 Y66.725 E.00957
G1 X114.324 Y66.576 E.01286
G1 X114.994 Y66.482 E.01121
G1 X115.668 Y66.419 E.01122
G1 X116.431 Y66.386 E.01265
G1 X117.357 Y66.399 E.01534
G1 X118.034 Y66.446 E.01124
G1 X118.707 Y66.524 E.01123
G1 X119.375 Y66.634 E.01122
G1 X120.037 Y66.774 E.01121
G1 X120.692 Y66.945 E.01122
G1 X121.338 Y67.147 E.01121
G1 X121.974 Y67.378 E.01121
G1 X122.904 Y67.779 E.01678
G1 X123.511 Y68.083 E.01125
G1 X124.102 Y68.415 E.01123
G1 X124.676 Y68.773 E.01121
G1 X125.233 Y69.158 E.01122
G1 X125.771 Y69.569 E.01122
G1 X126.29 Y70.004 E.01122
G1 X126.788 Y70.462 E.01121
G1 X127.264 Y70.943 E.01121
G1 X127.717 Y71.446 E.01122
G1 X128.146 Y71.97 E.01122
G1 X128.56 Y72.527 E.0115
G1 X129.107 Y73.359 E.0165
G1 X129.447 Y73.947 E.01125
G1 X129.758 Y74.548 E.01121
G1 X130.041 Y75.163 E.01122
G1 X130.294 Y75.791 E.01122
G1 X130.519 Y76.429 E.01121
G1 X130.713 Y77.078 E.01122
G1 X130.877 Y77.734 E.0112
G1 X131.098 Y78.988 E.0211
G1 X131.174 Y79.672 E.0114
G1 X131.217 Y80.36 E.01142
G1 X131.228 Y81.049 E.01142
G1 X131.206 Y81.738 E.01142
G1 X131.151 Y82.425 E.01142
G1 X131.064 Y83.109 E.01142
G1 X130.801 Y84.443 E.02253
G1 X130.622 Y85.095 E.0112
G1 X130.413 Y85.739 E.01122
G1 X130.175 Y86.373 E.01122
G1 X129.907 Y86.994 E.01121
G1 X129.61 Y87.603 E.01123
G1 X129.347 Y88.085 E.0091
G1 X128.997 Y88.672 E.01132
G1 X128.546 Y89.35 E.01349
G1 X128.063 Y89.983 E.01319
G1 X127.499 Y90.657 E.01456
G1 X127.035 Y91.15 E.01122
G1 X126.548 Y91.62 E.01121
G1 X126.131 Y91.987 E.0092
G1 X125.512 Y92.491 E.01323
G1 X124.964 Y92.889 E.01122
G1 X124.399 Y93.261 E.01121
G1 X123.817 Y93.606 E.01121
G1 X123.219 Y93.924 E.01122
G1 X121.795 Y94.544 E.02573
G1 X121.025 Y94.811 E.0135
G1 X120.374 Y94.998 E.01122
G1 X119.716 Y95.155 E.01121
G1 X119.05 Y95.28 E.01123
G1 X118.38 Y95.374 E.01121
G1 X117.706 Y95.438 E.01122
G1 X117.03 Y95.469 E.01121
G1 X116.444 Y95.47 E.00971
G1 X115.761 Y95.442 E.01133
G1 X115.074 Y95.382 E.01143
G1 X114.392 Y95.289 E.0114
G1 X113.66 Y95.147 E.01235
G1 X112.822 Y94.948 E.01427
G1 X112.164 Y94.75 E.01139
G1 X111.514 Y94.52 E.01142
G1 X110.875 Y94.26 E.01143
G1 X109.651 Y93.655 E.02262
G1 X109.056 Y93.307 E.01142
G1 X108.478 Y92.931 E.01143
G1 X107.918 Y92.529 E.01142
G1 X107.379 Y92.1 E.01141
G1 X106.86 Y91.647 E.01141
G1 X106.319 Y91.124 E.01247
G1 X105.728 Y90.488 E.01439
G1 X105.288 Y89.96 E.01139
G1 X104.493 Y88.85 E.02262
G1 X104.131 Y88.264 E.01141
G1 X103.798 Y87.66 E.01143
G1 X103.493 Y87.042 E.01142
G1 X103.218 Y86.41 E.01142
G1 X102.974 Y85.765 E.01143
G1 X102.76 Y85.11 E.01142
G1 X102.578 Y84.446 E.01141
G1 X102.42 Y83.718 E.01234
G1 X102.309 Y83.127 E.00996
G1 X102.222 Y82.453 E.01126
G1 X102.167 Y81.779 E.0112
G1 X102.143 Y81.102 E.01122
G1 X102.166 Y80.099 E.01662
G1 X102.221 Y79.418 E.01132
G1 X102.307 Y78.741 E.01131
G1 X102.425 Y78.074 E.01122
G1 X102.573 Y77.414 E.01121
G1 X102.752 Y76.761 E.01122
G1 X102.961 Y76.117 E.01122
G1 X103.199 Y75.484 E.01121
G1 X103.467 Y74.862 E.01122
G1 X103.764 Y74.254 E.01121
G1 X104.088 Y73.66 E.01121
G1 X104.378 Y73.183 E.00925
G1 X104.898 Y72.418 E.01533
G1 X105.345 Y71.826 E.01229
G1 X105.875 Y71.199 E.0136
G1 X106.339 Y70.707 E.01121
G1 X107.076 Y70.011 E.0168
G1 X107.596 Y69.574 E.01125
G1 X108.134 Y69.164 E.01121
G1 X108.425 Y68.962 E.00587
G1 X107.054 Y68.171 F9000
;TYPE:Perimeter
;WIDTH:0.391388
G1 F1197
G1 X107.138 Y68.285 E.00218
;WIDTH:0.440748
G1 X107.222 Y68.399 E.00247
;WIDTH:0.490108
G1 X107.306 Y68.514 E.00277
;WIDTH:0.539468
G1 X107.391 Y68.628 E.00306
G1 E-3.5 F3600
;WIPE_START
G1 F7200
G1 X107.306 Y68.514 E-.06755
G1 X107.222 Y68.399 E-.06765
G1 X107.138 Y68.285 E-.06726
G1 X107.054 Y68.171 E-.06726
;WIPE_END
G1 E-1.23028 F3600
G1 X126.31 Y93.67 F9000
G1 E5 F2400
;WIDTH:0.391674
G1 F1197
G1 X126.229 Y93.56 E.0021
;WIDTH:0.44046
G1 X126.147 Y93.45 E.00239
;WIDTH:0.489246
G1 X126.066 Y93.34 E.00266
;WIDTH:0.538032
G1 X125.984 Y93.23 E.00295
G1 X125.578 Y93.618 F9000
;WIDTH:0.439999
G1 F1197
G1 X125.331 Y93.588 E.00433
;WIDTH:0.423851
G1 X124.775 Y93.91 E.01075
;WIDTH:0.395135
G1 X124.095 Y94.319 E.01233
G1 X123.528 Y94.608 E.00989
;WIDTH:0.390217
G1 X122.581 Y95.044 E.01598
;WIDTH:0.391519
G1 X121.898 Y95.313 E.01129
G1 X121.231 Y95.536 E.01082
;WIDTH:0.390695
G1 X120.54 Y95.73 E.01102
;WIDTH:0.394882
G1 X119.802 Y95.911 E.0118
G1 X119.152 Y96.026 E.01025
;WIDTH:0.390452
G1 X118.442 Y96.124 E.011
;WIDTH:0.395183
G1 X117.648 Y96.201 E.01239
G1 X117.025 Y96.219 E.00968
;WIDTH:0.393311
G1 X116.31 Y96.226 E.01105
G1 X115.599 Y96.192 E.011
;WIDTH:0.393512
G1 X114.889 Y96.125 E.01103
G1 X114.158 Y96.02 E.01142
G1 X113.14 Y95.81 E.01608
;WIDTH:0.39298
G1 X112.45 Y95.631 E.01101
G1 X111.77 Y95.418 E.01101
;WIDTH:0.393138
G1 X111.101 Y95.174 E.011
;WIDTH:0.393286
G1 X110.436 Y94.895 E.01115
G1 X109.489 Y94.431 E.0163
;WIDTH:0.392727
G1 X108.868 Y94.081 E.011
G1 X108.265 Y93.703 E.01099
G1 X107.68 Y93.297 E.01099
;WIDTH:0.392593
G1 X107.114 Y92.864 E.011
G1 X106.569 Y92.406 E.01098
G1 X106.046 Y91.922 E.011
;WIDTH:0.391965
G1 X105.546 Y91.413 E.01099
;WIDTH:0.393232
G1 X105.067 Y90.884 E.01103
;WIDTH:0.393378
G1 X104.611 Y90.326 E.01114
;WIDTH:0.398649
G1 X104.26 Y89.857 E.00919
G1 X103.85 Y89.259 E.01137
;WIDTH:0.396487
G1 X103.47 Y88.641 E.01131
;WIDTH:0.39637
G1 X103.12 Y88.007 E.01129
G1 X102.8 Y87.356 E.01131
G1 X102.511 Y86.691 E.0113
G1 X102.254 Y86.014 E.01129
G1 X102.029 Y85.324 E.01131
G1 X101.837 Y84.626 E.01128
;WIDTH:0.398468
G1 X101.668 Y83.855 E.01237
G1 X101.52 Y82.962 E.01419
;WIDTH:0.396343
G1 X101.441 Y82.244 E.01126
G1 X101.395 Y81.52 E.01131
;WIDTH:0.398022
G1 X101.385 Y80.795 E.01135
G1 X101.411 Y80.017 E.01219
;WIDTH:0.394128
G1 X101.47 Y79.307 E.01104
;WIDTH:0.394263
G1 X101.562 Y78.6 E.01105
;WIDTH:0.394404
G1 X101.686 Y77.899 E.01104
;WIDTH:0.394549
G1 X101.843 Y77.204 E.01105
;WIDTH:0.394691
G1 X102.035 Y76.508 E.0112
;WIDTH:0.394826
G1 X102.261 Y75.819 E.01126
G1 X102.519 Y75.144 E.01122
G1 X102.791 Y74.529 E.01044
;WIDTH:0.391969
G1 X103.103 Y73.887 E.011
G1 X103.447 Y73.262 E.01099
;WIDTH:0.392497
G1 X103.823 Y72.644 E.01116
G1 X104.426 Y71.776 E.0163
;WIDTH:0.392299
G1 X104.866 Y71.214 E.011
;WIDTH:0.394618
G1 X105.337 Y70.663 E.01125
;WIDTH:0.397754
G1 X106.009 Y69.968 E.01512
G1 X106.738 Y69.3 E.01547
;WIDTH:0.439999
G1 X106.932 Y69.012 E.00604
G1 X106.934 Y68.732 E.00487
G1 X106.698 Y68.303 E.00852
G1 X106.682 Y68.096 E.00361
G1 X106.801 Y67.874 E.00438
G1 X106.987 Y67.802 E.00347
G1 X107.178 Y67.812 E.00333
G1 X107.352 Y67.954 E.00391
G1 X107.616 Y68.217 E.00648
G1 X107.767 Y68.275 E.00281
G1 X108.154 Y68.218 E.00681
;WIDTH:0.401049
G1 X108.299 Y68.13 E.00268
;WIDTH:0.393223
G1 X108.899 Y67.764 E.01086
;WIDTH:0.390202
G1 X109.525 Y67.411 E.01102
;WIDTH:0.390906
G1 X110.153 Y67.095 E.0108
G1 X110.809 Y66.805 E.01102
;WIDTH:0.391525
G1 X111.476 Y66.544 E.01102
G1 X112.143 Y66.321 E.01082
;WIDTH:0.390686
G1 X112.832 Y66.125 E.011
;WIDTH:0.392058
G1 X113.529 Y65.958 E.01104
G1 X114.221 Y65.831 E.01084
;WIDTH:0.390299
G1 X114.931 Y65.734 E.01099
;WIDTH:0.395365
G1 X115.728 Y65.655 E.01245
;WIDTH:0.398049
G1 X116.874 Y65.628 E.01795
G1 X117.658 Y65.656 E.01228
;WIDTH:0.396304
G1 X118.38 Y65.719 E.01129
G1 X119.098 Y65.816 E.01129
G1 X119.811 Y65.948 E.0113
G1 X120.517 Y66.112 E.0113
;WIDTH:0.39641
G1 X121.214 Y66.31 E.0113
G1 X121.902 Y66.541 E.01131
;WIDTH:0.398273
G1 X122.577 Y66.805 E.01135
G1 X123.255 Y67.106 E.01162
;WIDTH:0.394427
G1 X123.893 Y67.427 E.01107
;WIDTH:0.396278
G1 X124.728 Y67.908 E.01502
G1 X125.333 Y68.302 E.01125
G1 X125.921 Y68.725 E.01129
;WIDTH:0.396392
G1 X126.489 Y69.176 E.01131
G1 X127.034 Y69.654 E.0113
G1 X127.557 Y70.156 E.0113
G1 X128.054 Y70.683 E.01129
G1 X128.527 Y71.233 E.01131
;WIDTH:0.396579
G1 X128.973 Y71.805 E.01131
;WIDTH:0.398358
G1 X129.39 Y72.397 E.01135
G1 X129.781 Y73.007 E.01135
;WIDTH:0.395954
G1 X130.221 Y73.786 E.01393
G1 X130.446 Y74.236 E.00783
;WIDTH:0.392527
G1 X130.743 Y74.884 E.011
G1 X131.009 Y75.545 E.01099
G1 X131.244 Y76.217 E.01098
G1 X131.448 Y76.899 E.01098
G1 X131.62 Y77.601 E.01115
;WIDTH:0.398627
G1 X131.728 Y78.116 E.00825
G1 X131.854 Y78.894 E.01236
;WIDTH:0.396342
G1 X131.933 Y79.614 E.01129
G1 X131.979 Y80.337 E.01129
;WIDTH:0.396392
G1 X131.989 Y81.062 E.0113
G1 X131.966 Y81.786 E.01129
G1 X131.908 Y82.509 E.01131
;WIDTH:0.396569
G1 X131.816 Y83.228 E.0113
;WIDTH:0.398224
G1 X131.689 Y83.942 E.01136
G1 X131.531 Y84.652 E.01139
;WIDTH:0.394692
G1 X131.339 Y85.348 E.0112
;WIDTH:0.394827
G1 X131.113 Y86.037 E.01126
G1 X130.855 Y86.713 E.01123
G1 X130.583 Y87.327 E.01042
;WIDTH:0.391337
G1 X130.269 Y87.969 E.01099
;WIDTH:0.393079
G1 X129.928 Y88.597 E.01104
G1 X129.555 Y89.206 E.01103
;WIDTH:0.395878
G1 X129.099 Y89.88 E.01267
G1 X128.507 Y90.642 E.01502
;WIDTH:0.394615
G1 X128.037 Y91.194 E.01125
G1 X127.557 Y91.694 E.01075
;WIDTH:0.391504
G1 X127.041 Y92.19 E.01101
;WIDTH:0.405602
G1 X126.554 Y92.642 E.01061
;WIDTH:0.439999
G1 X126.44 Y93.125 E.00864
G1 X126.676 Y93.553 E.0085
G1 X126.687 Y93.761 E.00362
G1 X126.594 Y93.957 E.00378
G1 X126.354 Y94.062 E.00456
G1 X126.13 Y93.996 E.00406
G1 X125.759 Y93.64 E.00895
G1 X125.637 Y93.625 E.00214
G1 X125.5 Y93.999 F9000
;TYPE:External perimeter
;WIDTH:0.419999
G1 F1197
G1 X125.363 Y94.002 E.00227
G1 X124.288 Y94.654 E.02083
G1 X123.181 Y95.211 E.02053
G1 X122.205 Y95.615 E.0175
G1 X121.091 Y95.987 E.01946
G1 X119.888 Y96.288 E.02055
G1 X118.848 Y96.468 E.01749
G1 X117.68 Y96.587 E.01945
G1 X116.439 Y96.616 E.02057
G1 X115.698 Y96.587 E.01229
G1 X114.958 Y96.523 E.01231
G1 X114.221 Y96.423 E.01232
G1 X113.426 Y96.275 E.0134
G1 X112.526 Y96.056 E.01535
G1 X111.815 Y95.842 E.0123
G1 X111.114 Y95.595 E.01232
G1 X110.425 Y95.315 E.01232
G1 X109.751 Y95.002 E.01231
G1 X109.092 Y94.658 E.01232
G1 X108.451 Y94.282 E.01231
G1 X107.827 Y93.877 E.01233
G1 X107.224 Y93.443 E.01231
G1 X106.642 Y92.981 E.01231
G1 X106.082 Y92.492 E.01232
G1 X105.501 Y91.93 E.01339
G1 X104.871 Y91.251 E.01535
G1 X104.396 Y90.68 E.01231
G1 X103.948 Y90.087 E.01231
G1 X103.528 Y89.473 E.01233
G1 X103.138 Y88.84 E.01232
G1 X102.779 Y88.19 E.0123
G1 X102.45 Y87.523 E.01232
G1 X102.154 Y86.841 E.01232
G1 X101.89 Y86.146 E.01232
G1 X101.66 Y85.44 E.0123
G1 X101.463 Y84.723 E.01232
G1 X101.288 Y83.934 E.01339
G1 X101.137 Y83.019 E.01537
G1 X101.055 Y82.281 E.0123
G1 X101.009 Y81.54 E.0123
G1 X100.998 Y80.796 E.01233
G1 X101.021 Y80.053 E.01232
G1 X101.08 Y79.312 E.01232
G1 X101.175 Y78.575 E.01231
G1 X101.303 Y77.843 E.01231
G1 X101.467 Y77.118 E.01232
G1 X101.664 Y76.401 E.01232
G1 X101.896 Y75.695 E.01231
G1 X102.16 Y75.001 E.0123
G1 X102.563 Y74.094 E.01645
G1 X102.934 Y73.377 E.01338
G1 X103.403 Y72.579 E.01534
G1 X103.957 Y71.756 E.01644
G1 X104.447 Y71.113 E.0134
G1 X105.046 Y70.408 E.01533
G1 X105.734 Y69.694 E.01643
G1 X106.3 Y69.176 E.01271
G1 X106.535 Y68.915 E.00582
G1 X106.536 Y68.823 E.00152
G1 X106.312 Y68.459 E.00708
G1 X106.254 Y68.157 E.0051
G1 X106.31 Y67.872 E.00481
G1 X106.554 Y67.547 E.00673
G1 X106.85 Y67.418 E.00535
G1 X107.136 Y67.381 E.00478
G1 X107.48 Y67.51 E.00609
G1 X107.747 Y67.801 E.00654
G1 X107.862 Y67.878 E.00229
G1 X108.011 Y67.854 E.0025
G1 X109.086 Y67.203 E.02082
G1 X110.194 Y66.645 E.02056
G1 X111.17 Y66.241 E.0175
G1 X112.284 Y65.869 E.01946
G1 X113.307 Y65.607 E.0175
G1 X114.463 Y65.397 E.01947
G1 X115.696 Y65.27 E.02054
G1 X116.87 Y65.24 E.01946
G1 X117.678 Y65.27 E.0134
G1 X118.418 Y65.334 E.01231
G1 X119.155 Y65.434 E.01232
G1 X119.886 Y65.568 E.01231
G1 X120.609 Y65.737 E.0123
G1 X121.325 Y65.939 E.01233
G1 X122.029 Y66.176 E.01231
G1 X122.722 Y66.445 E.01232
G1 X123.401 Y66.747 E.01231
G1 X124.064 Y67.081 E.0123
G1 X124.925 Y67.575 E.01645
G1 X125.548 Y67.98 E.01231
G1 X126.151 Y68.414 E.01231
G1 X126.733 Y68.876 E.01231
G1 X127.293 Y69.366 E.01233
G1 X127.828 Y69.881 E.0123
G1 X128.339 Y70.421 E.01232
G1 X128.823 Y70.984 E.0123
G1 X129.281 Y71.57 E.01232
G1 X129.71 Y72.177 E.01232
G1 X130.109 Y72.803 E.0123
G1 X130.565 Y73.61 E.01536
G1 X130.791 Y74.065 E.00842
G1 X131.096 Y74.73 E.01212
G1 X131.369 Y75.408 E.01211
G1 X131.61 Y76.098 E.01211
G1 X131.819 Y76.798 E.0121
G1 X132.111 Y78.054 E.02137
G1 X132.239 Y78.851 E.01337
G1 X132.319 Y79.589 E.0123
G1 X132.365 Y80.331 E.01232
G1 X132.376 Y81.061 E.0121
G1 X132.352 Y81.804 E.01232
G1 X132.293 Y82.545 E.01232
G1 X132.199 Y83.282 E.01231
G1 X132.071 Y84.014 E.01231
G1 X131.907 Y84.739 E.01232
G1 X131.71 Y85.456 E.01232
G1 X131.478 Y86.162 E.01231
G1 X131.214 Y86.856 E.0123
G1 X130.811 Y87.762 E.01643
G1 X130.351 Y88.64 E.01642
G1 X129.971 Y89.278 E.0123
G1 X129.416 Y90.101 E.01645
G1 X128.969 Y90.692 E.01228
G1 X128.327 Y91.449 E.01645
G1 X127.64 Y92.162 E.01641
G1 X126.898 Y92.842 E.01668
G1 X126.835 Y93.016 E.00307
G1 X127.062 Y93.396 E.00733
G1 X127.119 Y93.696 E.00506
G1 X127.049 Y94.019 E.00548
G1 X126.928 Y94.191 E.00348
G1 X126.735 Y94.37 E.00436
G1 X126.303 Y94.475 E.00737
G1 X125.88 Y94.336 E.00738
G1 X125.562 Y93.998 E.00769
G1 X125.56 Y93.998 E.00003
;LAYER_CHANGE
M117 DASHBOARD_LAYER_INDICATOR 23
;Z:2.4
;HEIGHT:0.1
;BEFORE_LAYER_CHANGE
M117 OBICO_LAYER_INDICATOR 22
G92 E0
;2.4
G1 E-3.5 F3600
;WIPE_START
G1 F7200
G1 X125.5 Y93.999 E-.0285
G1 X125.363 Y94.002 E-.06509
G1 X124.288 Y94.654 E-.5972
G1 X123.181 Y95.211 E-.58864
G1 X122.752 Y95.389 E-.22057
;WIPE_END
G1 Z2.4 F9000
;AFTER_LAYER_CHANGE
;2.4
G1 X125.062 Y93.26
G1 E5 F2400
;TYPE:Perimeter
;WIDTH:0.439999
G1 F1222
G1 X124.945 Y93.337 E.00244
;WIDTH:0.412495
G1 X124.3 Y93.74 E.01236
;WIDTH:0.407201
G1 X123.696 Y94.081 E.01112
G1 X123.077 Y94.393 E.01112
;WIDTH:0.407069
G1 X122.443 Y94.676 E.01113
;WIDTH:0.412134
G1 X121.935 Y94.878 E.00888
G1 X121.14 Y95.151 E.01365
;WIDTH:0.406894
G1 X120.474 Y95.342 E.0111
;WIDTH:0.40955
G1 X119.799 Y95.505 E.0112
G1 X119.118 Y95.633 E.01118
;WIDTH:0.406986
G1 X118.431 Y95.73 E.01112
;WIDTH:0.409017
G1 X117.74 Y95.796 E.01118
G1 X117.048 Y95.827 E.01116
;WIDTH:0.411964
G1 X116.444 Y95.831 E.00981
G1 X115.744 Y95.803 E.01137
G1 X115.041 Y95.742 E.01146
G1 X114.341 Y95.648 E.01147
;WIDTH:0.411761
G1 X113.601 Y95.511 E.01221
;WIDTH:0.410875
G1 X112.803 Y95.318 E.01329
;WIDTH:0.412894
G1 X112.055 Y95.093 E.01271
G1 X111.39 Y94.86 E.01147
;WIDTH:0.41227
G1 X110.736 Y94.593 E.01148
G1 X110.095 Y94.296 E.01148
;WIDTH:0.412082
G1 X109.469 Y93.969 E.01147
;WIDTH:0.413501
G1 X108.862 Y93.611 E.01149
;WIDTH:0.41461
G1 X108.272 Y93.226 E.01152
G1 X107.699 Y92.816 E.01152
;WIDTH:0.412978
G1 X107.146 Y92.377 E.01149
G1 X106.615 Y91.913 E.01148
;WIDTH:0.414875
G1 X106.071 Y91.384 E.01241
G1 X105.625 Y90.917 E.01056
;WIDTH:0.409232
G1 X105.167 Y90.386 E.01131
G1 X104.74 Y89.84 E.01117
G1 X104.338 Y89.274 E.01119
G1 X103.963 Y88.691 E.01118
;WIDTH:0.40913
G1 X103.616 Y88.09 E.01119
G1 X103.297 Y87.475 E.01117
G1 X103.006 Y86.844 E.0112
;WIDTH:0.409874
G1 X102.702 Y86.082 E.01325
;WIDTH:0.411111
G1 X102.413 Y85.221 E.01471
G1 X102.227 Y84.548 E.01131
;WIDTH:0.410958
G1 X102.075 Y83.871 E.01124
;WIDTH:0.410026
G1 X101.955 Y83.188 E.0112
;WIDTH:0.409128
G1 X101.865 Y82.5 E.01118
G1 X101.808 Y81.809 E.01117
G1 X101.783 Y81.115 E.01119
;WIDTH:0.411446
G1 X101.805 Y80.091 E.01661
G1 X101.861 Y79.389 E.01142
;WIDTH:0.411237
G1 X101.949 Y78.696 E.01132
;WIDTH:0.411092
G1 X102.069 Y78.013 E.01123
;WIDTH:0.410947
G1 X102.221 Y77.336 E.01124
;WIDTH:0.41081
G1 X102.404 Y76.666 E.01124
;WIDTH:0.410677
G1 X102.617 Y76.007 E.01121
;WIDTH:0.41055
G1 X102.862 Y75.357 E.01124
;WIDTH:0.410427
G1 X103.137 Y74.721 E.01121
;WIDTH:0.40862
G1 X103.44 Y74.097 E.01117
G1 X103.773 Y73.488 E.01117
;WIDTH:0.412172
G1 X104.07 Y72.995 E.00935
;WIDTH:0.412647
G1 X104.599 Y72.211 E.01538
G1 X105.057 Y71.609 E.0123
G1 X105.601 Y70.965 E.01371
;WIDTH:0.410449
G1 X106.077 Y70.461 E.01121
;WIDTH:0.408677
G1 X106.828 Y69.75 E.01665
;WIDTH:0.439999
G1 X107.354 Y69.287 E.01219
G1 X107.906 Y68.866 E.01208
G1 X108.353 Y68.569 E.00934
;WIDTH:0.417765
G1 X109.074 Y68.116 E.01403
;WIDTH:0.407201
G1 X109.678 Y67.775 E.01112
G1 X110.297 Y67.463 E.01112
;WIDTH:0.407333
G1 X110.931 Y67.181 E.01113
;WIDTH:0.407696
G1 X111.577 Y66.928 E.01114
G1 X112.234 Y66.705 E.01114
;WIDTH:0.407392
G1 X112.9 Y66.513 E.01112
;WIDTH:0.412404
G1 X113.415 Y66.388 E.00861
G1 X114.256 Y66.224 E.01393
;WIDTH:0.406266
G1 X114.943 Y66.127 E.0111
;WIDTH:0.408885
G1 X115.634 Y66.061 E.01118
G1 X116.442 Y66.028 E.01303
G1 X117.361 Y66.039 E.0148
;WIDTH:0.409159
G1 X118.059 Y66.087 E.01128
G1 X118.748 Y66.166 E.01118
G1 X119.432 Y66.278 E.01117
G1 X120.111 Y66.422 E.01119
G1 X120.782 Y66.597 E.01118
G1 X121.444 Y66.803 E.01118
G1 X122.096 Y67.04 E.01118
G1 X122.737 Y67.306 E.01119
G1 X123.364 Y67.603 E.01118
G1 X123.977 Y67.928 E.01118
G1 X124.681 Y68.35 E.01323
;WIDTH:0.408801
G1 X125.433 Y68.859 E.01462
;WIDTH:0.409085
G1 X125.989 Y69.282 E.01126
G1 X126.52 Y69.727 E.01117
G1 X127.031 Y70.197 E.01119
G1 X127.519 Y70.69 E.01118
;WIDTH:0.409767
G1 X128.066 Y71.302 E.01325
;WIDTH:0.410834
G1 X128.632 Y72.012 E.0147
G1 X129.037 Y72.582 E.01132
;WIDTH:0.410685
G1 X129.412 Y73.165 E.01122
;WIDTH:0.410556
G1 X129.758 Y73.766 E.01122
;WIDTH:0.408699
G1 X130.077 Y74.382 E.01117
;WIDTH:0.409072
G1 X130.367 Y75.012 E.01118
;WIDTH:0.409871
G1 X130.672 Y75.775 E.01327
;WIDTH:0.411104
G1 X130.961 Y76.635 E.0147
G1 X131.145 Y77.309 E.01132
;WIDTH:0.409187
G1 X131.299 Y77.986 E.01119
G1 X131.42 Y78.669 E.01118
G1 X131.509 Y79.357 E.01118
G1 X131.566 Y80.048 E.01118
G1 X131.591 Y80.741 E.01118
;WIDTH:0.409084
G1 X131.583 Y81.435 E.01118
;WIDTH:0.410424
G1 X131.525 Y82.34 E.01467
;WIDTH:0.41109
G1 X131.425 Y83.157 E.01333
G1 X131.305 Y83.844 E.0113
;WIDTH:0.410944
G1 X131.153 Y84.521 E.01124
;WIDTH:0.410807
G1 X130.97 Y85.19 E.01123
;WIDTH:0.410673
G1 X130.757 Y85.85 E.01122
;WIDTH:0.410548
G1 X130.512 Y86.499 E.01122
;WIDTH:0.410424
G1 X130.237 Y87.136 E.01122
;WIDTH:0.407725
G1 X129.933 Y87.759 E.01113
;WIDTH:0.412276
G1 X129.664 Y88.259 E.00923
G1 X129.306 Y88.86 E.01137
G1 X128.78 Y89.641 E.0153
;WIDTH:0.413572
G1 X128.352 Y90.203 E.01152
G1 X127.773 Y90.892 E.01467
;WIDTH:0.410398
G1 X127.297 Y91.396 E.01121
;WIDTH:0.408678
G1 X126.546 Y92.106 E.01664
;WIDTH:0.438699
G1 X126.02 Y92.569 E.01216
;WIDTH:0.439999
G1 X125.468 Y92.991 E.01209
G1 X125.112 Y93.226 E.00742
G1 X124.889 Y92.896 F9000
;TYPE:External perimeter
;WIDTH:0.419999
G1 F1222
G1 X124.721 Y93.012 E.00338
G1 X124.093 Y93.408 E.0123
G1 X123.504 Y93.739 E.01119
G1 X122.901 Y94.043 E.01119
G1 X122.284 Y94.318 E.01119
G1 X121.015 Y94.78 E.02238
G1 X120.366 Y94.966 E.01119
G1 X119.709 Y95.122 E.01119
G1 X119.045 Y95.247 E.0112
G1 X118.376 Y95.342 E.0112
G1 X117.704 Y95.405 E.01118
G1 X117.029 Y95.436 E.0112
G1 X116.444 Y95.436 E.00969
G1 X115.762 Y95.409 E.01131
G1 X115.077 Y95.349 E.01139
G1 X114.396 Y95.257 E.01139
G1 X113.674 Y95.124 E.01216
G1 X112.896 Y94.935 E.01327
G1 X112.169 Y94.715 E.01259
G1 X111.525 Y94.489 E.01131
G1 X110.888 Y94.229 E.0114
G1 X110.264 Y93.939 E.0114
G1 X109.655 Y93.621 E.01138
G1 X109.065 Y93.272 E.01136
G1 X108.495 Y92.898 E.0113
G1 X107.939 Y92.502 E.01131
G1 X107.4 Y92.074 E.0114
G1 X106.883 Y91.622 E.01138
G1 X105.907 Y90.644 E.02289
G1 X105.463 Y90.128 E.01128
G1 X105.049 Y89.598 E.01114
G1 X104.659 Y89.047 E.01119
G1 X104.294 Y88.479 E.01119
G1 X103.956 Y87.894 E.01119
G1 X103.646 Y87.294 E.01119
G1 X103.364 Y86.68 E.0112
G1 X103.068 Y85.936 E.01327
G1 X102.787 Y85.096 E.01468
G1 X102.607 Y84.444 E.01121
G1 X102.459 Y83.785 E.01119
G1 X102.341 Y83.12 E.01119
G1 X102.255 Y82.45 E.01119
G1 X102.2 Y81.777 E.01119
G1 X102.176 Y81.102 E.01119
G1 X102.199 Y80.1 E.01661
G1 X102.254 Y79.421 E.01129
G1 X102.34 Y78.746 E.01127
G1 X102.457 Y78.081 E.01119
G1 X102.605 Y77.422 E.01119
G1 X102.783 Y76.771 E.01118
G1 X102.992 Y76.128 E.0112
G1 X103.23 Y75.496 E.01119
G1 X103.497 Y74.876 E.01119
G1 X103.793 Y74.269 E.01119
G1 X104.117 Y73.676 E.0112
G1 X104.407 Y73.2 E.00924
G1 X104.924 Y72.434 E.01531
G1 X105.369 Y71.851 E.01215
G1 X105.899 Y71.221 E.01364
G1 X106.363 Y70.73 E.01119
G1 X107.098 Y70.036 E.01675
G1 X107.616 Y69.6 E.01122
G1 X108.153 Y69.191 E.01118
G1 X109.281 Y68.448 E.02238
G1 X109.87 Y68.117 E.01119
G1 X110.473 Y67.814 E.01118
G1 X111.09 Y67.539 E.01119
G1 X111.719 Y67.293 E.01119
G1 X112.359 Y67.077 E.01119
G1 X113.008 Y66.89 E.01119
G1 X114.329 Y66.609 E.02238
G1 X114.998 Y66.515 E.01119
G1 X115.67 Y66.452 E.01118
G1 X116.458 Y66.419 E.01307
G1 X117.356 Y66.432 E.01488
G1 X118.031 Y66.479 E.01121
G1 X118.702 Y66.557 E.01119
G1 X119.369 Y66.666 E.0112
G1 X120.029 Y66.806 E.01118
G1 X120.683 Y66.977 E.0112
G1 X121.327 Y67.178 E.01118
G1 X121.962 Y67.409 E.0112
G1 X122.585 Y67.669 E.01119
G1 X123.196 Y67.958 E.0112
G1 X123.792 Y68.275 E.01119
G1 X124.479 Y68.687 E.01327
G1 X125.212 Y69.184 E.01467
G1 X125.75 Y69.595 E.01122
G1 X126.268 Y70.028 E.01119
G1 X126.764 Y70.486 E.01119
G1 X127.239 Y70.966 E.01119
G1 X127.772 Y71.564 E.01327
G1 X128.324 Y72.257 E.01468
G1 X128.715 Y72.809 E.01121
G1 X129.08 Y73.378 E.0112
G1 X129.418 Y73.963 E.01119
G1 X129.728 Y74.562 E.01118
G1 X130.01 Y75.176 E.0112
G1 X130.306 Y75.92 E.01327
G1 X130.587 Y76.76 E.01468
G1 X130.767 Y77.413 E.01122
G1 X130.915 Y78.072 E.01119
G1 X131.033 Y78.737 E.01119
G1 X131.119 Y79.407 E.01119
G1 X131.174 Y80.08 E.01119
G1 X131.198 Y80.755 E.01119
G1 X131.19 Y81.43 E.01119
G1 X131.132 Y82.314 E.01468
G1 X131.034 Y83.109 E.01327
G1 X130.917 Y83.776 E.01122
G1 X130.769 Y84.435 E.01119
G1 X130.591 Y85.086 E.01118
G1 X130.382 Y85.728 E.01119
G1 X130.144 Y86.36 E.01119
G1 X129.877 Y86.98 E.01119
G1 X129.581 Y87.588 E.0112
G1 X129.318 Y88.069 E.00908
G1 X128.968 Y88.655 E.01131
G1 X128.455 Y89.419 E.01525
G1 X128.038 Y89.962 E.01134
G1 X127.475 Y90.635 E.01454
G1 X127.011 Y91.127 E.01121
G1 X126.276 Y91.82 E.01674
G1 X125.757 Y92.256 E.01123
G1 X125.221 Y92.666 E.01118
G1 X124.938 Y92.862 E.0057
G1 E-3.5 F3600
;WIPE_START
G1 F7200
G1 X124.889 Y92.896 E-.02833
G1 X124.721 Y93.012 E-.09697
G1 X124.093 Y93.408 E-.35265
G1 X123.504 Y93.739 E-.32093
G1 X122.901 Y94.043 E-.32077
G1 X122.284 Y94.318 E-.32087
G1 X122.166 Y94.361 E-.05948
;WIPE_END
G1 X107.054 Y68.171 F9000
G1 E5 F2400
;TYPE:Perimeter
;WIDTH:0.385409
G1 F1222
G1 X107.124 Y68.266 E.00179
;WIDTH:0.428816
G1 X107.194 Y68.361 E.002
;WIDTH:0.472223
G1 X107.264 Y68.456 E.00221
;WIDTH:0.515629
G1 X107.335 Y68.551 E.00244
;WIDTH:0.559036
G1 X107.405 Y68.646 E.00264
G1 E-3.5 F3600
;WIPE_START
G1 F7200
G1 X107.335 Y68.551 E-.05605
G1 X107.264 Y68.456 E-.05634
G1 X107.194 Y68.361 E-.05605
G1 X107.124 Y68.266 E-.05605
G1 X107.054 Y68.171 E-.05605
;WIPE_END
G1 E-1.21946 F3600
G1 X126.31 Y93.67 F9000
G1 E5 F2400
;WIDTH:0.386129
G1 F1222
G1 X126.242 Y93.578 E.00173
;WIDTH:0.429372
G1 X126.174 Y93.486 E.00194
;WIDTH:0.472615
G1 X126.105 Y93.394 E.00216
;WIDTH:0.515857
G1 X126.037 Y93.302 E.00235
;WIDTH:0.5591
G1 X125.969 Y93.21 E.00256
G1 X125.566 Y93.585 F9000
;WIDTH:0.439999
G1 F1222
G1 X125.158 Y93.665 E.00723
;WIDTH:0.412495
G1 X125.07 Y93.72 E.00169
;WIDTH:0.409812
G1 X124.47 Y94.086 E.01135
;WIDTH:0.406791
G1 X123.845 Y94.438 E.01149
;WIDTH:0.412638
G1 X123.023 Y94.849 E.01495
G1 X122.562 Y95.044 E.00814
;WIDTH:0.407994
G1 X121.895 Y95.305 E.01151
G1 X121.228 Y95.528 E.0113
;WIDTH:0.407258
G1 X120.538 Y95.722 E.0115
;WIDTH:0.411473
G1 X119.8 Y95.903 E.01232
G1 X119.15 Y96.018 E.0107
;WIDTH:0.407147
G1 X118.441 Y96.116 E.01148
;WIDTH:0.411767
G1 X117.647 Y96.193 E.01294
G1 X117.025 Y96.211 E.0101
;WIDTH:0.409904
G1 X116.31 Y96.217 E.01155
G1 X115.599 Y96.183 E.0115
;WIDTH:0.410101
G1 X114.89 Y96.116 E.01151
G1 X114.185 Y96.016 E.01151
;WIDTH:0.410564
G1 X113.479 Y95.883 E.01162
;WIDTH:0.41214
G1 X112.624 Y95.674 E.0143
G1 X111.772 Y95.41 E.01449
;WIDTH:0.409731
G1 X111.104 Y95.166 E.01148
G1 X110.447 Y94.891 E.0115
;WIDTH:0.409909
G1 X109.804 Y94.586 E.01149
;WIDTH:0.410025
G1 X109.172 Y94.248 E.01158
G1 X108.487 Y93.837 E.0129
;WIDTH:0.41461
G1 X108.047 Y93.548 E.0086
G1 X107.459 Y93.125 E.01184
;WIDTH:0.412978
G1 X106.891 Y92.674 E.01181
G1 X106.346 Y92.197 E.01179
;WIDTH:0.414875
G1 X105.786 Y91.654 E.01276
G1 X105.164 Y90.986 E.01493
;WIDTH:0.41281
G1 X104.702 Y90.431 E.01175
G1 X104.266 Y89.852 E.01179
G1 X103.857 Y89.254 E.01179
;WIDTH:0.412926
G1 X103.477 Y88.637 E.01179
G1 X103.127 Y88.003 E.01179
G1 X102.807 Y87.353 E.01179
;WIDTH:0.413803
G1 X102.519 Y86.688 E.01182
G1 X102.262 Y86.01 E.01183
;WIDTH:0.413619
G1 X102.028 Y85.293 E.0123
;WIDTH:0.410942
G1 X101.84 Y84.606 E.01153
;WIDTH:0.411474
G1 X101.676 Y83.861 E.01237
;WIDTH:0.412872
G1 X101.528 Y82.96 E.01486
G1 X101.449 Y82.243 E.01174
G1 X101.404 Y81.519 E.0118
;WIDTH:0.414604
G1 X101.394 Y80.795 E.01183
G1 X101.419 Y80.017 E.01272
;WIDTH:0.410717
G1 X101.478 Y79.307 E.01153
;WIDTH:0.410852
G1 X101.57 Y78.601 E.01153
;WIDTH:0.410993
G1 X101.694 Y77.9 E.01153
;WIDTH:0.411137
G1 X101.851 Y77.205 E.01154
;WIDTH:0.41128
G1 X102.043 Y76.511 E.01167
;WIDTH:0.411414
G1 X102.269 Y75.822 E.01176
G1 X102.527 Y75.147 E.01172
G1 X102.798 Y74.532 E.0109
;WIDTH:0.408629
G1 X103.111 Y73.891 E.01148
G1 X103.455 Y73.266 E.01148
;WIDTH:0.409072
G1 X103.829 Y72.65 E.01161
;WIDTH:0.410276
G1 X104.355 Y71.883 E.01503
G1 X104.873 Y71.219 E.01361
;WIDTH:0.411205
G1 X105.343 Y70.668 E.01174
;WIDTH:0.414335
G1 X106.015 Y69.973 E.01579
G1 X106.743 Y69.306 E.01613
;WIDTH:0.439999
G1 X106.93 Y69.02 E.00595
G1 X106.937 Y68.744 E.0048
G1 X106.698 Y68.302 E.00874
G1 X106.682 Y68.097 E.00358
G1 X106.803 Y67.873 E.00443
G1 X107.023 Y67.79 E.00409
G1 X107.215 Y67.832 E.00342
G1 X107.416 Y68.041 E.00505
G1 X107.626 Y68.223 E.00484
G1 X107.776 Y68.277 E.00277
G1 X108.157 Y68.226 E.00669
;WIDTH:0.417765
G1 X108.304 Y68.137 E.00283
;WIDTH:0.409806
G1 X108.904 Y67.771 E.01135
;WIDTH:0.406791
G1 X109.529 Y67.418 E.0115
;WIDTH:0.407504
G1 X110.157 Y67.103 E.01128
G1 X110.812 Y66.812 E.0115
;WIDTH:0.407325
G1 X111.479 Y66.553 E.01148
G1 X112.145 Y66.329 E.01127
G1 X112.834 Y66.132 E.0115
;WIDTH:0.407737
G1 X113.531 Y65.967 E.0115
G1 X114.222 Y65.84 E.01128
;WIDTH:0.406609
G1 X114.933 Y65.742 E.01149
;WIDTH:0.411986
G1 X115.729 Y65.664 E.01299
;WIDTH:0.414464
G1 X116.882 Y65.636 E.01884
G1 X117.658 Y65.664 E.01269
;WIDTH:0.41289
G1 X118.379 Y65.727 E.01178
G1 X119.097 Y65.825 E.01179
G1 X119.809 Y65.956 E.01178
G1 X120.515 Y66.12 E.0118
;WIDTH:0.412995
G1 X121.212 Y66.318 E.01179
G1 X121.899 Y66.549 E.0118
G1 X122.574 Y66.812 E.01179
G1 X123.236 Y67.107 E.0118
G1 X123.883 Y67.432 E.01179
;WIDTH:0.413949
G1 X124.513 Y67.788 E.01181
;WIDTH:0.414439
G1 X125.283 Y68.279 E.01492
G1 X125.917 Y68.733 E.01274
;WIDTH:0.412977
G1 X126.483 Y69.183 E.01177
G1 X127.029 Y69.66 E.0118
G1 X127.551 Y70.162 E.01179
;WIDTH:0.413894
G1 X128.048 Y70.689 E.01182
G1 X128.52 Y71.239 E.01182
G1 X128.97 Y71.813 E.0119
;WIDTH:0.411268
G1 X129.385 Y72.401 E.01166
G1 X129.774 Y73.011 E.01172
;WIDTH:0.412588
G1 X130.222 Y73.807 E.01485
;WIDTH:0.412969
G1 X130.568 Y74.505 E.01268
;WIDTH:0.413806
G1 X130.856 Y75.169 E.01181
G1 X131.112 Y75.847 E.01182
;WIDTH:0.413622
G1 X131.346 Y76.565 E.01231
;WIDTH:0.412787
G1 X131.586 Y77.472 E.01526
G1 X131.733 Y78.179 E.01175
;WIDTH:0.412897
G1 X131.846 Y78.894 E.01178
G1 X131.925 Y79.614 E.01179
G1 X131.97 Y80.338 E.01181
;WIDTH:0.412979
G1 X131.981 Y81.062 E.01179
;WIDTH:0.414221
G1 X131.957 Y81.786 E.01183
G1 X131.9 Y82.508 E.01183
;WIDTH:0.412634
G1 X131.804 Y83.256 E.01226
;WIDTH:0.410996
G1 X131.68 Y83.957 E.01153
;WIDTH:0.411141
G1 X131.523 Y84.651 E.01153
;WIDTH:0.41128
G1 X131.331 Y85.346 E.01169
;WIDTH:0.411417
G1 X131.105 Y86.035 E.01176
G1 X130.847 Y86.71 E.01172
G1 X130.576 Y87.324 E.01088
;WIDTH:0.407934
G1 X130.261 Y87.966 E.01149
;WIDTH:0.409671
G1 X129.921 Y88.593 E.01151
G1 X129.546 Y89.205 E.01158
;WIDTH:0.411263
G1 X129.071 Y89.904 E.0137
G1 X128.501 Y90.637 E.01505
G1 X128.03 Y91.189 E.01176
;WIDTH:0.414334
G1 X127.359 Y91.883 E.01577
G1 X126.631 Y92.55 E.01613
;WIDTH:0.439999
G1 X126.437 Y92.864 E.00642
G1 X126.469 Y93.217 E.00617
G1 X126.676 Y93.554 E.00688
G1 X126.687 Y93.759 E.00357
G1 X126.594 Y93.957 E.00381
G1 X126.354 Y94.062 E.00456
G1 X126.131 Y93.997 E.00404
G1 X125.839 Y93.693 E.00733
G1 X125.623 Y93.591 E.00416
G1 X125.499 Y93.998 F9000
;TYPE:External perimeter
;WIDTH:0.419999
G1 F1222
G1 X125.363 Y94.002 E.00225
G1 X124.288 Y94.654 E.02083
G1 X123.181 Y95.211 E.02053
G1 X122.213 Y95.613 E.01737
G1 X121.091 Y95.987 E.0196
G1 X119.888 Y96.288 E.02055
G1 X118.856 Y96.467 E.01735
G1 X117.68 Y96.587 E.01959
G1 X116.439 Y96.616 E.02057
G1 X115.698 Y96.587 E.01229
G1 X114.957 Y96.523 E.01232
G1 X114.221 Y96.423 E.01231
G1 X113.434 Y96.277 E.01326
G1 X112.526 Y96.056 E.01548
G1 X111.814 Y95.842 E.01232
G1 X111.114 Y95.595 E.0123
G1 X110.425 Y95.314 E.01233
G1 X109.751 Y95.002 E.01231
G1 X109.092 Y94.657 E.01233
G1 X108.45 Y94.282 E.01232
G1 X107.827 Y93.877 E.01231
G1 X107.224 Y93.443 E.01231
G1 X106.642 Y92.981 E.01231
G1 X106.082 Y92.492 E.01232
G1 X105.507 Y91.936 E.01325
G1 X104.871 Y91.251 E.01549
G1 X104.396 Y90.68 E.01231
G1 X103.947 Y90.087 E.01232
G1 X103.528 Y89.473 E.01232
G1 X103.138 Y88.84 E.01232
G1 X102.779 Y88.19 E.0123
G1 X102.45 Y87.523 E.01232
G1 X102.154 Y86.841 E.01232
G1 X101.89 Y86.146 E.01232
G1 X101.66 Y85.44 E.0123
G1 X101.463 Y84.723 E.01232
G1 X101.289 Y83.942 E.01326
G1 X101.137 Y83.019 E.0155
G1 X101.055 Y82.281 E.0123
G1 X101.009 Y81.539 E.01232
G1 X100.998 Y80.796 E.01231
G1 X101.021 Y80.053 E.01232
G1 X101.08 Y79.312 E.01232
G1 X101.175 Y78.575 E.01231
G1 X101.303 Y77.843 E.01231
G1 X101.467 Y77.118 E.01232
G1 X101.664 Y76.401 E.01232
G1 X101.896 Y75.695 E.01231
G1 X102.16 Y75.001 E.0123
G1 X102.564 Y74.094 E.01645
G1 X102.93 Y73.384 E.01324
G1 X103.403 Y72.579 E.01547
G1 X103.957 Y71.756 E.01644
G1 X104.442 Y71.12 E.01325
G1 X105.047 Y70.408 E.01548
G1 X105.734 Y69.694 E.01642
G1 X106.299 Y69.177 E.01269
G1 X106.535 Y68.918 E.00581
G1 X106.537 Y68.827 E.00151
G1 X106.312 Y68.458 E.00716
G1 X106.254 Y68.157 E.00508
G1 X106.31 Y67.873 E.0048
G1 X106.555 Y67.547 E.00676
G1 X106.85 Y67.418 E.00533
G1 X107.136 Y67.381 E.00478
G1 X107.482 Y67.51 E.00612
G1 X107.747 Y67.801 E.00652
G1 X107.865 Y67.879 E.00234
G1 X108.011 Y67.854 E.00245
G1 X109.086 Y67.203 E.02082
G1 X110.194 Y66.645 E.02056
G1 X111.108 Y66.264 E.01641
G1 X112.284 Y65.869 E.02056
G1 X113.243 Y65.621 E.01641
G1 X114.151 Y65.454 E.0153
G1 X114.893 Y65.353 E.01241
G1 X115.719 Y65.269 E.01376
G1 X116.897 Y65.241 E.01952
G1 X117.692 Y65.271 E.01318
G1 X118.432 Y65.336 E.01231
G1 X119.168 Y65.436 E.01231
G1 X119.899 Y65.571 E.01232
G1 X120.623 Y65.74 E.01232
G1 X121.338 Y65.944 E.01232
G1 X122.042 Y66.181 E.01231
G1 X122.735 Y66.451 E.01232
G1 X123.413 Y66.754 E.0123
G1 X124.077 Y67.088 E.01232
G1 X124.725 Y67.454 E.01233
G1 X125.513 Y67.957 E.01549
G1 X126.163 Y68.423 E.01325
G1 X126.744 Y68.885 E.0123
G1 X127.303 Y69.375 E.01232
G1 X127.838 Y69.891 E.01232
G1 X128.348 Y70.431 E.01231
G1 X128.832 Y70.995 E.01231
G1 X129.291 Y71.585 E.01239
G1 X129.717 Y72.189 E.01225
G1 X130.117 Y72.817 E.01234
G1 X130.576 Y73.631 E.01548
G1 X130.93 Y74.348 E.01325
G1 X131.225 Y75.029 E.0123
G1 X131.488 Y75.724 E.01231
G1 X131.727 Y76.464 E.01288
G1 X131.973 Y77.392 E.01591
G1 X132.123 Y78.117 E.01227
G1 X132.238 Y78.851 E.01231
G1 X132.319 Y79.59 E.01232
G1 X132.365 Y80.332 E.01232
G1 X132.376 Y81.061 E.01208
G1 X132.352 Y81.804 E.01232
G1 X132.293 Y82.545 E.01232
G1 X132.199 Y83.282 E.01231
G1 X132.071 Y84.014 E.01231
G1 X131.907 Y84.739 E.01232
G1 X131.71 Y85.455 E.0123
G1 X131.478 Y86.162 E.01233
G1 X131.214 Y86.856 E.0123
G1 X130.934 Y87.484 E.01139
G1 X130.608 Y88.148 E.01226
G1 X130.259 Y88.795 E.01218
G1 X129.872 Y89.425 E.01225
G1 X129.385 Y90.142 E.01436
G1 X128.8 Y90.891 E.01575
G1 X128.314 Y91.462 E.01242
G1 X127.626 Y92.175 E.01642
G1 X126.88 Y92.861 E.01679
G1 X126.837 Y93.029 E.00287
G1 X127.062 Y93.397 E.00715
G1 X127.119 Y93.694 E.00501
G1 X127.049 Y94.019 E.00551
G1 X126.928 Y94.191 E.00348
G1 X126.735 Y94.37 E.00436
G1 X126.303 Y94.475 E.00737
G1 X125.881 Y94.337 E.00736
G1 X125.559 Y93.997 E.00776
;LAYER_CHANGE
M117 DASHBOARD_LAYER_INDICATOR 24
;Z:2.5
;HEIGHT:0.0999999
;BEFORE_LAYER_CHANGE
M117 OBICO_LAYER_INDICATOR 23
G92 E0
;2.5
G1 E-3.5 F3600
;WIPE_START
G1 F7200
G1 X125.499 Y93.998 E-.0285
G1 X125.363 Y94.002 E-.06463
G1 X124.288 Y94.654 E-.5972
G1 X123.181 Y95.211 E-.58864
G1 X122.751 Y95.389 E-.22103
;WIPE_END
G1 Z2.5 F9000
;AFTER_LAYER_CHANGE
;2.5
G1 X125.048 Y93.239
G1 E5 F2400
;TYPE:Perimeter
;WIDTH:0.437203
G1 F1221
G1 X124.583 Y93.538 E.00956
;WIDTH:0.425565
G1 X123.989 Y93.894 E.01163
G1 X123.377 Y94.217 E.01163
;WIDTH:0.429831
G1 X122.841 Y94.474 E.01009
G1 X121.931 Y94.851 E.01672
;WIDTH:0.429463
G1 X121.133 Y95.127 E.01432
;WIDTH:0.423447
G1 X120.468 Y95.318 E.01156
;WIDTH:0.426132
G1 X119.794 Y95.48 E.01166
G1 X119.114 Y95.608 E.01164
;WIDTH:0.423673
G1 X118.428 Y95.705 E.01159
;WIDTH:0.425583
G1 X117.739 Y95.771 E.01163
G1 X117.047 Y95.802 E.01164
;WIDTH:0.428547
G1 X116.443 Y95.806 E.01022
G1 X115.745 Y95.778 E.01182
G1 X115.043 Y95.717 E.01193
;WIDTH:0.431847
G1 X114.348 Y95.618 E.01198
G1 X113.611 Y95.485 E.01278
;WIDTH:0.429411
G1 X112.736 Y95.273 E.01527
;WIDTH:0.428975
G1 X112.063 Y95.071 E.0119
G1 X111.399 Y94.836 E.01193
;WIDTH:0.428856
G1 X110.746 Y94.57 E.01194
G1 X110.106 Y94.274 E.01194
;WIDTH:0.431927
G1 X108.877 Y93.592 E.02399
;WIDTH:0.429511
G1 X108.286 Y93.208 E.01196
G1 X107.714 Y92.796 E.01196
G1 X107.162 Y92.358 E.01195
G1 X106.632 Y91.894 E.01195
G1 X106.091 Y91.373 E.01274
;WIDTH:0.43122
G1 X105.482 Y90.712 E.01531
G1 X105.033 Y90.175 E.01192
;WIDTH:0.430411
G1 X104.607 Y89.614 E.01198
;WIDTH:0.429481
G1 X104.209 Y89.032 E.01196
G1 X103.839 Y88.432 E.01196
G1 X103.498 Y87.815 E.01196
G1 X103.187 Y87.182 E.01196
;WIDTH:0.429583
G1 X102.906 Y86.536 E.01195
G1 X102.656 Y85.877 E.01196
G1 X102.437 Y85.206 E.01198
G1 X102.251 Y84.527 E.01195
;WIDTH:0.431605
G1 X101.981 Y83.191 E.02324
;WIDTH:0.425723
G1 X101.89 Y82.498 E.01175
G1 X101.833 Y81.807 E.01165
G1 X101.808 Y81.115 E.01164
G1 X101.816 Y80.423 E.01163
G1 X101.855 Y79.732 E.01163
G1 X101.927 Y79.043 E.01164
G1 X102.031 Y78.358 E.01164
G1 X102.166 Y77.679 E.01164
G1 X102.333 Y77.007 E.01164
G1 X102.531 Y76.343 E.01165
;WIDTH:0.427055
G1 X102.882 Y75.373 E.01739
;WIDTH:0.428133
G1 X103.296 Y74.439 E.01727
G1 X103.623 Y73.802 E.01211
;WIDTH:0.427234
G1 X103.97 Y73.202 E.01169
;WIDTH:0.425057
G1 X104.344 Y72.619 E.01162
;WIDTH:0.425754
G1 X104.743 Y72.054 E.01163
;WIDTH:0.428912
G1 X105.07 Y71.632 E.00904
G1 X105.619 Y70.982 E.01441
;WIDTH:0.427029
G1 X106.095 Y70.478 E.01169
;WIDTH:0.425268
G1 X106.844 Y69.769 E.01731
;WIDTH:0.439999
G1 X107.375 Y69.313 E.01218
G1 X107.925 Y68.893 E.01204
G1 X108.365 Y68.591 E.00929
;WIDTH:0.434478
G1 X109.087 Y68.138 E.01464
;WIDTH:0.423799
G1 X109.689 Y67.797 E.01157
G1 X110.308 Y67.486 E.01159
;WIDTH:0.423929
G1 X110.94 Y67.204 E.01158
;WIDTH:0.424295
G1 X111.585 Y66.951 E.0116
G1 X112.241 Y66.729 E.0116
;WIDTH:0.423579
G1 X112.906 Y66.538 E.01157
;WIDTH:0.428519
G1 X113.468 Y66.401 E.00979
G1 X114.26 Y66.249 E.01365
;WIDTH:0.423092
G1 X114.946 Y66.152 E.01157
;WIDTH:0.42547
G1 X115.635 Y66.086 E.01163
G1 X116.469 Y66.052 E.01402
G1 X117.361 Y66.064 E.01498
;WIDTH:0.425752
G1 X118.056 Y66.111 E.01171
G1 X118.744 Y66.191 E.01164
G1 X119.427 Y66.303 E.01163
G1 X120.105 Y66.446 E.01165
G1 X120.775 Y66.621 E.01164
G1 X121.436 Y66.826 E.01163
G1 X122.087 Y67.063 E.01164
G1 X122.726 Y67.329 E.01163
G1 X123.353 Y67.625 E.01165
;WIDTH:0.427312
G1 X124.259 Y68.118 E.0174
G1 X124.852 Y68.488 E.01179
;WIDTH:0.427153
G1 X125.422 Y68.881 E.01168
;WIDTH:0.427029
G1 X125.973 Y69.301 E.01168
;WIDTH:0.426912
G1 X126.504 Y69.746 E.01168
;WIDTH:0.425301
G1 X127.013 Y70.215 E.01162
;WIDTH:0.425657
G1 X127.501 Y70.707 E.01165
;WIDTH:0.426981
G1 X128.118 Y71.402 E.01567
;WIDTH:0.427411
G1 X128.613 Y72.029 E.01348
G1 X129.016 Y72.595 E.01173
;WIDTH:0.427273
G1 X129.39 Y73.178 E.01169
;WIDTH:0.427147
G1 X129.736 Y73.778 E.01168
;WIDTH:0.42568
G1 X130.055 Y74.393 E.01164
G1 X130.345 Y75.022 E.01164
G1 X130.605 Y75.664 E.01164
;WIDTH:0.427703
G1 X130.937 Y76.64 E.01741
G1 X131.123 Y77.315 E.01183
;WIDTH:0.427538
G1 X131.275 Y77.99 E.01168
;WIDTH:0.427403
G1 X131.396 Y78.672 E.01169
;WIDTH:0.427269
G1 X131.484 Y79.359 E.01169
;WIDTH:0.426478
G1 X131.54 Y80.049 E.01166
;WIDTH:0.425679
G1 X131.566 Y80.741 E.01164
G1 X131.558 Y81.434 E.01165
G1 X131.519 Y82.125 E.01163
G1 X131.447 Y82.814 E.01164
G1 X131.343 Y83.498 E.01163
;WIDTH:0.427424
G1 X131.131 Y84.508 E.01742
G1 X130.947 Y85.183 E.01181
;WIDTH:0.427262
G1 X130.733 Y85.842 E.01169
;WIDTH:0.427137
G1 X130.489 Y86.49 E.01168
;WIDTH:0.428128
G1 X130.078 Y87.418 E.01716
G1 X129.76 Y88.037 E.01177
;WIDTH:0.427943
G1 X129.404 Y88.654 E.01204
;WIDTH:0.424894
G1 X129.03 Y89.237 E.01162
;WIDTH:0.425042
G1 X128.631 Y89.803 E.01162
;WIDTH:0.427167
G1 X128.206 Y90.349 E.01167
G1 X127.755 Y90.875 E.01169
G1 X127.279 Y91.378 E.01168
;WIDTH:0.424455
G1 X126.781 Y91.86 E.01161
;WIDTH:0.429343
G1 X126.353 Y92.241 E.00972
;WIDTH:0.439999
G1 X125.727 Y92.757 E.01412
G1 X125.166 Y93.163 E.01205
;WIDTH:0.437203
G1 X125.098 Y93.207 E.0014
G1 X124.871 Y92.87 F9000
;TYPE:External perimeter
;WIDTH:0.419999
G1 F1221
G1 X124.363 Y93.204 E.01007
G1 X123.784 Y93.548 E.01116
G1 X123.189 Y93.865 E.01117
G1 X122.67 Y94.108 E.0095
G1 X121.781 Y94.477 E.01595
G1 X121.005 Y94.748 E.01362
G1 X120.357 Y94.934 E.01117
G1 X119.702 Y95.09 E.01116
G1 X119.04 Y95.215 E.01116
G1 X118.372 Y95.309 E.01118
G1 X117.702 Y95.371 E.01115
G1 X117.029 Y95.403 E.01116
G1 X116.443 Y95.403 E.00971
G1 X115.764 Y95.376 E.01126
G1 X115.08 Y95.316 E.01138
G1 X114.409 Y95.218 E.01124
G1 X113.695 Y95.091 E.01202
G1 X112.838 Y94.883 E.01461
G1 X112.183 Y94.686 E.01133
G1 X111.536 Y94.458 E.01137
G1 X110.901 Y94.198 E.01137
G1 X110.278 Y93.909 E.01138
G1 X109.091 Y93.25 E.0225
G1 X108.515 Y92.876 E.01138
G1 X107.958 Y92.476 E.01136
G1 X107.421 Y92.049 E.01137
G1 X106.905 Y91.598 E.01136
G1 X106.378 Y91.089 E.01214
G1 X105.784 Y90.445 E.01452
G1 X105.35 Y89.925 E.01122
G1 X104.936 Y89.381 E.01133
G1 X104.549 Y88.814 E.01137
G1 X104.189 Y88.23 E.01137
G1 X103.857 Y87.63 E.01136
G1 X103.553 Y87.014 E.01138
G1 X103.28 Y86.385 E.01136
G1 X103.036 Y85.743 E.01138
G1 X102.823 Y85.091 E.01137
G1 X102.642 Y84.43 E.01136
G1 X102.375 Y83.117 E.0222
G1 X102.288 Y82.446 E.01121
G1 X102.233 Y81.775 E.01116
G1 X102.209 Y81.101 E.01117
G1 X102.217 Y80.428 E.01115
G1 X102.256 Y79.755 E.01117
G1 X102.326 Y79.085 E.01116
G1 X102.427 Y78.419 E.01116
G1 X102.56 Y77.758 E.01117
G1 X102.722 Y77.104 E.01116
G1 X102.915 Y76.458 E.01117
G1 X103.26 Y75.511 E.0167
G1 X103.664 Y74.603 E.01647
G1 X103.981 Y73.987 E.01148
G1 X104.317 Y73.403 E.01116
G1 X104.681 Y72.836 E.01116
G1 X105.07 Y72.286 E.01116
G1 X105.924 Y71.244 E.02232
G1 X106.386 Y70.753 E.01117
G1 X107.119 Y70.061 E.0167
G1 X107.637 Y69.626 E.01121
G1 X108.173 Y69.217 E.01117
G1 X109.298 Y68.477 E.02231
G1 X109.886 Y68.146 E.01118
G1 X110.488 Y67.844 E.01116
G1 X111.103 Y67.57 E.01116
G1 X111.731 Y67.324 E.01118
G1 X112.369 Y67.108 E.01116
G1 X113.017 Y66.922 E.01117
G1 X113.561 Y66.793 E.00926
G1 X114.334 Y66.642 E.01305
G1 X115.001 Y66.548 E.01116
G1 X115.672 Y66.485 E.01117
G1 X116.485 Y66.452 E.01348
G1 X117.354 Y66.465 E.0144
G1 X118.028 Y66.512 E.01119
G1 X118.697 Y66.59 E.01116
G1 X119.362 Y66.699 E.01117
G1 X120.022 Y66.839 E.01118
G1 X120.673 Y67.009 E.01115
G1 X121.317 Y67.21 E.01118
G1 X121.95 Y67.44 E.01116
G1 X122.572 Y67.699 E.01116
G1 X123.181 Y67.988 E.01117
G1 X124.066 Y68.471 E.01671
G1 X124.639 Y68.829 E.01119
G1 X125.194 Y69.212 E.01117
G1 X125.73 Y69.62 E.01116
G1 X126.246 Y70.053 E.01116
G1 X126.741 Y70.51 E.01116
G1 X127.215 Y70.989 E.01117
G1 X127.816 Y71.668 E.01502
G1 X128.297 Y72.278 E.01287
G1 X128.688 Y72.828 E.01118
G1 X129.052 Y73.395 E.01116
G1 X129.389 Y73.979 E.01117
G1 X129.698 Y74.577 E.01115
G1 X129.98 Y75.189 E.01117
G1 X130.232 Y75.814 E.01117
G1 X130.555 Y76.769 E.0167
G1 X130.735 Y77.421 E.01121
G1 X130.883 Y78.078 E.01116
G1 X131 Y78.742 E.01117
G1 X131.086 Y79.41 E.01116
G1 X131.141 Y80.082 E.01117
G1 X131.165 Y80.755 E.01116
G1 X131.157 Y81.429 E.01117
G1 X131.118 Y82.102 E.01117
G1 X131.048 Y82.772 E.01116
G1 X130.947 Y83.438 E.01116
G1 X130.737 Y84.424 E.0167
G1 X130.559 Y85.076 E.0112
G1 X130.351 Y85.717 E.01117
G1 X130.113 Y86.348 E.01117
G1 X129.71 Y87.254 E.01643
G1 X129.402 Y87.853 E.01116
G1 X129.057 Y88.453 E.01147
G1 X128.693 Y89.021 E.01118
G1 X128.304 Y89.571 E.01116
G1 X127.889 Y90.102 E.01117
G1 X127.45 Y90.613 E.01116
G1 X126.988 Y91.103 E.01116
G1 X126.503 Y91.571 E.01117
G1 X126.087 Y91.938 E.00919
G1 X125.471 Y92.438 E.01315
G1 X124.926 Y92.834 E.01116
G1 X124.922 Y92.837 E.00008
G1 E-3.5 F3600
;WIPE_START
G1 F7200
G1 X124.871 Y92.87 E-.02885
G1 X124.363 Y93.204 E-.28878
G1 X123.784 Y93.548 E-.3199
G1 X123.189 Y93.865 E-.32023
G1 X122.67 Y94.108 E-.27221
G1 X122.145 Y94.326 E-.27003
;WIPE_END
G1 X107.056 Y68.174 F9000
G1 E5 F2400
;TYPE:Perimeter
;WIDTH:0.389529
G1 F1221
G1 X107.128 Y68.272 E.00186
;WIDTH:0.436939
G1 X107.201 Y68.37 E.00211
;WIDTH:0.484349
G1 X107.274 Y68.468 E.00235
;WIDTH:0.53176
G1 X107.346 Y68.567 E.0026
;WIDTH:0.57917
G1 X107.419 Y68.665 E.00283
G1 E-3.5 F3600
;WIPE_START
G1 F7200
G1 X107.346 Y68.567 E-.05805
G1 X107.274 Y68.468 E-.05815
G1 X107.201 Y68.37 E-.05805
G1 X107.128 Y68.272 E-.05805
G1 X107.056 Y68.174 E-.05776
;WIPE_END
G1 E-1.20994 F3600
G1 X126.31 Y93.67 F9000
G1 E5 F2400
;WIDTH:0.389839
G1 F1221
G1 X126.239 Y93.575 E.00182
;WIDTH:0.436792
G1 X126.168 Y93.48 E.00205
;WIDTH:0.483745
G1 X126.098 Y93.384 E.00228
;WIDTH:0.530697
G1 X126.027 Y93.289 E.00251
;WIDTH:0.57765
G1 X125.956 Y93.193 E.00276
G1 X125.579 Y93.612 F9000
;WIDTH:0.439999
G1 F1221
G1 X125.32 Y93.585 E.00453
;WIDTH:0.436227
G1 X124.766 Y93.897 E.01096
;WIDTH:0.428303
G1 X124.086 Y94.305 E.01341
G1 X123.524 Y94.591 E.01067
;WIDTH:0.424998
G1 X122.779 Y94.944 E.01383
G1 X121.891 Y95.297 E.01603
;WIDTH:0.424472
G1 X121.226 Y95.52 E.01175
;WIDTH:0.423823
G1 X120.535 Y95.714 E.01201
;WIDTH:0.428063
G1 X119.797 Y95.895 E.01285
G1 X119.149 Y96.01 E.01113
;WIDTH:0.423843
G1 X118.439 Y96.107 E.01199
;WIDTH:0.42835
G1 X117.646 Y96.185 E.01348
G1 X117.024 Y96.203 E.01053
;WIDTH:0.426496
G1 X116.309 Y96.209 E.01204
G1 X115.599 Y96.175 E.01197
;WIDTH:0.426744
G1 X114.881 Y96.107 E.01215
G1 X113.84 Y95.944 E.01775
;WIDTH:0.425333
G1 X113.143 Y95.794 E.01197
;WIDTH:0.426166
G1 X112.453 Y95.615 E.01199
G1 X111.774 Y95.402 E.01197
;WIDTH:0.426323
G1 X111.106 Y95.158 E.01197
G1 X110.45 Y94.883 E.01197
;WIDTH:0.42656
G1 X109.799 Y94.574 E.01214
G1 X108.876 Y94.066 E.01774
;WIDTH:0.42587
G1 X108.273 Y93.689 E.01196
G1 X107.689 Y93.283 E.01196
G1 X107.124 Y92.851 E.01196
;WIDTH:0.425751
G1 X106.579 Y92.393 E.01197
G1 X106.057 Y91.909 E.01197
;WIDTH:0.425282
G1 X105.552 Y91.395 E.0121
;WIDTH:0.43122
G1 X105.171 Y90.979 E.00961
G1 X104.709 Y90.425 E.01229
;WIDTH:0.430411
G1 X104.272 Y89.847 E.01232
;WIDTH:0.429481
G1 X103.864 Y89.249 E.01228
G1 X103.484 Y88.633 E.01228
G1 X103.134 Y87.999 E.01228
G1 X102.814 Y87.349 E.01229
;WIDTH:0.429583
G1 X102.526 Y86.685 E.01228
G1 X102.269 Y86.007 E.0123
G1 X102.045 Y85.319 E.01228
G1 X101.853 Y84.621 E.01228
;WIDTH:0.431605
G1 X101.687 Y83.867 E.01316
G1 X101.536 Y82.959 E.0157
;WIDTH:0.429517
G1 X101.457 Y82.242 E.01224
G1 X101.412 Y81.519 E.01229
G1 X101.401 Y80.795 E.01228
G1 X101.425 Y80.071 E.01229
G1 X101.482 Y79.349 E.01229
G1 X101.574 Y78.631 E.01228
G1 X101.7 Y77.917 E.0123
G1 X101.859 Y77.211 E.01228
G1 X102.052 Y76.513 E.01229
;WIDTH:0.431714
G1 X102.279 Y75.825 E.01236
G1 X102.534 Y75.149 E.01232
;WIDTH:0.428206
G1 X102.958 Y74.206 E.01748
;WIDTH:0.427459
G1 X103.286 Y73.573 E.01203
;WIDTH:0.429219
G1 X103.748 Y72.788 E.01544
G1 X104.028 Y72.368 E.00856
;WIDTH:0.425567
G1 X104.44 Y71.785 E.01199
G1 X104.88 Y71.224 E.01198
;WIDTH:0.427789
G1 X105.349 Y70.674 E.01221
;WIDTH:0.430915
G1 X106.021 Y69.979 E.01646
G1 X106.749 Y69.312 E.01681
;WIDTH:0.439999
G1 X106.935 Y69 E.00632
G1 X106.908 Y68.646 E.00618
G1 X106.746 Y68.376 E.00548
G1 X106.67 Y68.159 E.004
G1 X106.738 Y67.969 E.00351
G1 X106.93 Y67.814 E.00429
G1 X107.177 Y67.812 E.0043
G1 X107.541 Y68.168 E.00886
G1 X107.785 Y68.279 E.00466
G1 X108.161 Y68.234 E.00659
;WIDTH:0.434478
G1 X108.309 Y68.143 E.00298
;WIDTH:0.426387
G1 X108.908 Y67.778 E.01181
;WIDTH:0.42338
G1 X109.534 Y67.425 E.01201
;WIDTH:0.424103
G1 X110.161 Y67.11 E.01175
G1 X110.815 Y66.82 E.01198
;WIDTH:0.42392
G1 X111.483 Y66.56 E.01199
G1 X112.148 Y66.337 E.01174
;WIDTH:0.42363
G1 X112.837 Y66.14 E.01198
;WIDTH:0.424997
G1 X113.533 Y65.974 E.012
G1 X114.224 Y65.847 E.01179
;WIDTH:0.423421
G1 X114.934 Y65.75 E.01198
;WIDTH:0.428605
G1 X115.73 Y65.672 E.01354
;WIDTH:0.430876
G1 X116.891 Y65.644 E.01977
G1 X117.658 Y65.673 E.01306
;WIDTH:0.429475
G1 X118.378 Y65.736 E.01226
G1 X119.096 Y65.833 E.01229
G1 X119.808 Y65.964 E.01228
G1 X120.513 Y66.128 E.01228
;WIDTH:0.429582
G1 X121.21 Y66.326 E.01229
G1 X121.896 Y66.557 E.01228
G1 X122.571 Y66.82 E.01229
G1 X123.233 Y67.114 E.01229
;WIDTH:0.431581
G1 X123.879 Y67.441 E.01235
G1 X124.511 Y67.795 E.01235
;WIDTH:0.427983
G1 X125.124 Y68.18 E.01223
;WIDTH:0.428111
G1 X125.718 Y68.594 E.01224
G1 X126.291 Y69.035 E.01222
;WIDTH:0.429299
G1 X126.989 Y69.635 E.01561
;WIDTH:0.429585
G1 X127.546 Y70.169 E.01309
;WIDTH:0.431032
G1 X128.042 Y70.695 E.01231
G1 X128.515 Y71.244 E.01234
;WIDTH:0.429133
G1 X128.963 Y71.818 E.01234
;WIDTH:0.427857
G1 X129.378 Y72.406 E.01216
G1 X129.767 Y73.015 E.01221
;WIDTH:0.429511
G1 X130.242 Y73.861 E.01646
G1 X130.56 Y74.508 E.01223
G1 X130.848 Y75.172 E.01228
;WIDTH:0.431361
G1 X131.104 Y75.85 E.01235
G1 X131.338 Y76.566 E.01284
;WIDTH:0.427578
G1 X131.526 Y77.253 E.01203
;WIDTH:0.42772
G1 X131.681 Y77.947 E.01201
;WIDTH:0.427845
G1 X131.804 Y78.656 E.01216
;WIDTH:0.428238
G1 X131.899 Y79.422 E.01305
;WIDTH:0.429516
G1 X131.962 Y80.341 E.01563
;WIDTH:0.429565
G1 X131.973 Y81.062 E.01223
G1 X131.949 Y81.786 E.01229
G1 X131.892 Y82.508 E.01229
G1 X131.8 Y83.226 E.01228
;WIDTH:0.431522
G1 X131.673 Y83.939 E.01235
G1 X131.514 Y84.65 E.01242
;WIDTH:0.427869
G1 X131.323 Y85.344 E.01216
;WIDTH:0.428003
G1 X131.097 Y86.032 E.01224
;WIDTH:0.428206
G1 X130.84 Y86.707 E.01221
G1 X130.416 Y87.65 E.01748
;WIDTH:0.427062
G1 X130.087 Y88.283 E.01203
;WIDTH:0.429214
G1 X129.625 Y89.069 E.01546
G1 X129.346 Y89.489 E.00855
;WIDTH:0.424744
G1 X128.933 Y90.072 E.01198
;WIDTH:0.427735
G1 X128.496 Y90.636 E.01205
G1 X128.026 Y91.181 E.01216
G1 X127.545 Y91.683 E.01174
;WIDTH:0.424699
G1 X127.03 Y92.178 E.01198
;WIDTH:0.434905
G1 X126.562 Y92.607 E.01091
;WIDTH:0.439999
G1 X126.427 Y93.051 E.00808
G1 X126.466 Y93.211 E.00287
G1 X126.676 Y93.554 E.007
G1 X126.688 Y93.757 E.00354
G1 X126.594 Y93.957 E.00385
G1 X126.354 Y94.062 E.00456
G1 X126.132 Y93.998 E.00402
G1 X125.957 Y93.814 E.00442
G1 X125.738 Y93.629 E.00499
G1 X125.639 Y93.618 E.00173
G1 X125.5 Y93.997 F9000
;TYPE:External perimeter
;WIDTH:0.419999
G1 F1221
G1 X125.363 Y94.002 E.00227
G1 X124.288 Y94.654 E.02083
G1 X123.181 Y95.211 E.02053
G1 X122.22 Y95.61 E.01724
G1 X121.091 Y95.987 E.01972
G1 X119.888 Y96.288 E.02055
G1 X118.864 Y96.466 E.01722
G1 X117.679 Y96.587 E.01974
G1 X116.439 Y96.616 E.02055
G1 X115.698 Y96.587 E.01229
G1 X114.957 Y96.523 E.01232
G1 X114.221 Y96.423 E.01231
G1 X113.442 Y96.279 E.01313
G1 X112.525 Y96.056 E.01564
G1 X111.814 Y95.842 E.0123
G1 X111.113 Y95.595 E.01232
G1 X110.425 Y95.314 E.01231
G1 X109.751 Y95.002 E.01231
G1 X109.092 Y94.657 E.01233
G1 X108.45 Y94.282 E.01232
G1 X107.827 Y93.877 E.01231
G1 X107.224 Y93.443 E.01231
G1 X106.642 Y92.981 E.01231
G1 X106.082 Y92.492 E.01232
G1 X105.512 Y91.941 E.01314
G1 X104.871 Y91.25 E.01562
G1 X104.395 Y90.68 E.0123
G1 X103.947 Y90.087 E.01231
G1 X103.528 Y89.473 E.01232
G1 X103.138 Y88.84 E.01232
G1 X102.779 Y88.19 E.0123
G1 X102.45 Y87.523 E.01232
G1 X102.154 Y86.841 E.01232
G1 X101.89 Y86.146 E.01232
G1 X101.66 Y85.44 E.0123
G1 X101.463 Y84.723 E.01232
G1 X101.291 Y83.949 E.01314
G1 X101.137 Y83.019 E.01562
G1 X101.055 Y82.281 E.0123
G1 X101.009 Y81.539 E.01232
G1 X100.998 Y80.796 E.01231
G1 X101.021 Y80.053 E.01232
G1 X101.08 Y79.312 E.01232
G1 X101.175 Y78.575 E.01231
G1 X101.303 Y77.843 E.01231
G1 X101.467 Y77.118 E.01232
G1 X101.664 Y76.401 E.01232
G1 X101.896 Y75.695 E.01231
G1 X102.16 Y75.001 E.0123
G1 X102.564 Y74.094 E.01645
G1 X102.926 Y73.391 E.0131
G1 X103.403 Y72.579 E.0156
G1 X103.957 Y71.756 E.01644
G1 X104.436 Y71.126 E.01311
G1 X105.046 Y70.408 E.01561
G1 X105.734 Y69.694 E.01643
G1 X106.298 Y69.178 E.01267
G1 X106.534 Y68.92 E.00579
G1 X106.538 Y68.831 E.00148
G1 X106.311 Y68.458 E.00723
G1 X106.254 Y68.158 E.00506
G1 X106.31 Y67.873 E.00481
G1 X106.496 Y67.598 E.0055
G1 X106.799 Y67.416 E.00586
G1 X107.146 Y67.383 E.00578
G1 X107.483 Y67.511 E.00597
G1 X107.747 Y67.801 E.0065
G1 X107.868 Y67.879 E.00239
G1 X108.011 Y67.854 E.00241
G1 X109.086 Y67.203 E.02082
G1 X110.194 Y66.645 E.02056
G1 X111.108 Y66.264 E.01641
G1 X112.284 Y65.869 E.02056
G1 X113.291 Y65.611 E.01722
G1 X114.152 Y65.454 E.0145
G1 X114.893 Y65.352 E.01239
G1 X115.719 Y65.269 E.01376
G1 X116.906 Y65.241 E.01967
G1 X117.693 Y65.271 E.01305
G1 X118.432 Y65.336 E.01229
G1 X119.169 Y65.436 E.01232
G1 X119.9 Y65.571 E.01232
G1 X120.623 Y65.74 E.0123
G1 X121.338 Y65.944 E.01232
G1 X122.043 Y66.181 E.01232
G1 X122.735 Y66.451 E.01231
G1 X123.414 Y66.754 E.01232
G1 X124.078 Y67.088 E.01232
G1 X124.725 Y67.454 E.01232
G1 X125.354 Y67.85 E.01232
G1 X125.963 Y68.275 E.0123
G1 X126.553 Y68.729 E.01234
G1 X127.268 Y69.344 E.01563
G1 X127.839 Y69.892 E.01311
G1 X128.348 Y70.432 E.0123
G1 X128.832 Y70.996 E.01231
G1 X129.292 Y71.586 E.0124
G1 X129.718 Y72.189 E.01223
G1 X130.117 Y72.818 E.01234
G1 X130.604 Y73.683 E.01645
G1 X130.93 Y74.347 E.01226
G1 X131.225 Y75.029 E.01231
G1 X131.489 Y75.725 E.01233
G1 X131.726 Y76.46 E.0128
G1 X131.918 Y77.165 E.01211
G1 X132.077 Y77.878 E.0121
G1 X132.204 Y78.606 E.01224
G1 X132.301 Y79.394 E.01316
G1 X132.365 Y80.335 E.01563
G1 X132.376 Y81.061 E.01203
G1 X132.352 Y81.804 E.01232
G1 X132.293 Y82.545 E.01232
G1 X132.199 Y83.282 E.01231
G1 X132.071 Y84.014 E.01231
G1 X131.907 Y84.739 E.01232
G1 X131.71 Y85.455 E.0123
G1 X131.478 Y86.162 E.01233
G1 X131.214 Y86.856 E.0123
G1 X130.81 Y87.762 E.01644
G1 X130.471 Y88.422 E.01229
G1 X129.97 Y89.278 E.01643
G1 X129.417 Y90.1 E.01642
G1 X128.812 Y90.886 E.01643
G1 X128.328 Y91.448 E.01229
G1 X127.64 Y92.162 E.01643
G1 X126.898 Y92.842 E.01668
G1 X126.834 Y93.009 E.00296
G1 X127.062 Y93.397 E.00746
G1 X127.119 Y93.693 E.00499
G1 X127.049 Y94.019 E.00552
G1 X126.928 Y94.191 E.00348
G1 X126.735 Y94.37 E.00436
G1 X126.304 Y94.475 E.00735
G1 X125.881 Y94.337 E.00737
G1 X125.559 Y93.998 E.00775
;LAYER_CHANGE
M117 DASHBOARD_LAYER_INDICATOR 25
;Z:2.6
;HEIGHT:0.0999999
;BEFORE_LAYER_CHANGE
M117 OBICO_LAYER_INDICATOR 24
G92 E0
;2.6
G1 E-3.5 F3600
;WIPE_START
G1 F7200
G1 X125.5 Y93.997 E-.02803
G1 X125.363 Y94.002 E-.06512
G1 X124.288 Y94.654 E-.5972
G1 X123.181 Y95.211 E-.58864
G1 X122.751 Y95.389 E-.22101
;WIPE_END
G1 Z2.6 F9000
;AFTER_LAYER_CHANGE
;2.6
G1 X125.03 Y93.215
G1 E5 F2400
;TYPE:Perimeter
;WIDTH:0.445699
G1 F1219
G1 X124.919 Y93.295 E.00241
G1 X124.275 Y93.697 E.01339
;WIDTH:0.440397
G1 X123.673 Y94.037 E.01204
G1 X123.056 Y94.348 E.01203
;WIDTH:0.440244
G1 X122.424 Y94.63 E.01205
;WIDTH:0.445434
G1 X121.932 Y94.825 E.00933
G1 X121.126 Y95.103 E.01503
;WIDTH:0.439999
G1 X120.461 Y95.294 E.01204
;WIDTH:0.442712
G1 X119.789 Y95.456 E.01211
G1 X119.11 Y95.583 E.0121
;WIDTH:0.440362
G1 X118.425 Y95.68 E.01205
;WIDTH:0.442149
G1 X117.737 Y95.746 E.01209
G1 X117.047 Y95.777 E.01208
;WIDTH:0.445244
G1 X116.444 Y95.781 E.01062
;WIDTH:0.448468
G1 X115.05 Y95.691 E.0248
;WIDTH:0.446086
G1 X114.354 Y95.597 E.0124
G1 X113.624 Y95.462 E.01311
G1 X112.742 Y95.249 E.01602
;WIDTH:0.445557
G1 X112.071 Y95.047 E.01236
G1 X111.407 Y94.813 E.01241
;WIDTH:0.445441
G1 X110.755 Y94.547 E.01241
;WIDTH:0.448536
G1 X109.498 Y93.926 E.02489
;WIDTH:0.446063
G1 X108.89 Y93.571 E.01243
G1 X108.3 Y93.187 E.01243
G1 X107.729 Y92.776 E.01242
G1 X107.178 Y92.339 E.01241
G1 X106.648 Y91.876 E.01242
G1 X106.114 Y91.361 E.0131
G1 X105.496 Y90.697 E.01601
;WIDTH:0.44529
G1 X105.048 Y90.158 E.01235
G1 X104.623 Y89.596 E.01242
;WIDTH:0.448471
G1 X103.861 Y88.419 E.02489
;WIDTH:0.446128
G1 X103.52 Y87.803 E.01243
G1 X103.209 Y87.172 E.01242
G1 X102.929 Y86.526 E.01243
G1 X102.679 Y85.868 E.01243
G1 X102.461 Y85.199 E.01242
G1 X102.275 Y84.521 E.01241
;WIDTH:0.448172
G1 X102.005 Y83.188 E.02413
;WIDTH:0.442317
G1 X101.915 Y82.495 E.01223
G1 X101.858 Y81.806 E.0121
G1 X101.833 Y81.115 E.0121
G1 X101.84 Y80.424 E.01209
G1 X101.88 Y79.734 E.01209
G1 X101.952 Y79.046 E.0121
G1 X102.057 Y78.355 E.01223
;WIDTH:0.444015
G1 X102.267 Y77.355 E.01795
G1 X102.451 Y76.681 E.01227
;WIDTH:0.443854
G1 X102.664 Y76.023 E.01215
;WIDTH:0.443728
G1 X102.908 Y75.376 E.01214
;WIDTH:0.444713
G1 X103.318 Y74.45 E.01782
G1 X103.645 Y73.814 E.01258
;WIDTH:0.443937
G1 X103.991 Y73.216 E.01214
;WIDTH:0.441619
G1 X104.364 Y72.634 E.01208
G1 X104.763 Y72.069 E.01208
;WIDTH:0.443754
G1 X105.187 Y71.523 E.01214
G1 X105.638 Y70.998 E.01215
;WIDTH:0.443277
G1 X106.112 Y70.496 E.01211
;WIDTH:0.441212
G1 X106.609 Y70.015 E.01207
;WIDTH:0.445933
G1 X107.038 Y69.634 E.01013
G1 X107.741 Y69.078 E.01582
;WIDTH:0.451193
G1 X108.376 Y68.613 E.01406
G1 X109.099 Y68.159 E.01525
;WIDTH:0.440396
G1 X109.701 Y67.819 E.01204
G1 X110.318 Y67.509 E.01203
;WIDTH:0.440524
G1 X110.95 Y67.227 E.01206
;WIDTH:0.440891
G1 X111.593 Y66.974 E.01205
G1 X112.248 Y66.753 E.01205
;WIDTH:0.440585
G1 X112.912 Y66.562 E.01204
;WIDTH:0.445573
G1 X113.426 Y66.437 E.00933
G1 X114.264 Y66.273 E.01506
;WIDTH:0.439446
G1 X114.949 Y66.177 E.01202
;WIDTH:0.442053
G1 X115.637 Y66.11 E.01209
G1 X116.497 Y66.077 E.01505
;WIDTH:0.442191
G1 X117.36 Y66.088 E.0151
;WIDTH:0.442347
G1 X118.054 Y66.136 E.01217
G1 X118.74 Y66.216 E.01209
G1 X119.423 Y66.327 E.01211
G1 X120.099 Y66.47 E.01209
G1 X120.768 Y66.645 E.0121
G1 X121.428 Y66.85 E.01209
G1 X122.078 Y67.086 E.0121
G1 X122.716 Y67.352 E.0121
G1 X123.341 Y67.647 E.01209
G1 X123.952 Y67.971 E.0121
G1 X124.825 Y68.502 E.01788
;WIDTH:0.442022
G1 X125.407 Y68.902 E.01235
;WIDTH:0.442274
G1 X125.957 Y69.321 E.0121
G1 X126.487 Y69.764 E.01209
G1 X126.996 Y70.233 E.01211
G1 X127.482 Y70.724 E.01209
G1 X127.946 Y71.237 E.0121
G1 X128.384 Y71.771 E.01208
G1 X128.798 Y72.325 E.0121
G1 X129.185 Y72.898 E.0121
G1 X129.71 Y73.784 E.01802
G1 X130.032 Y74.403 E.01221
G1 X130.322 Y75.031 E.0121
G1 X130.581 Y75.672 E.0121
G1 X130.811 Y76.324 E.0121
G1 X131.01 Y76.986 E.01209
G1 X131.177 Y77.657 E.0121
G1 X131.314 Y78.335 E.0121
G1 X131.458 Y79.354 E.018
G1 X131.516 Y80.05 E.01222
G1 X131.541 Y80.741 E.0121
G1 X131.534 Y81.433 E.01211
G1 X131.494 Y82.123 E.01209
G1 X131.422 Y82.81 E.01209
G1 X131.319 Y83.494 E.0121
G1 X131.184 Y84.172 E.01209
G1 X131.015 Y84.85 E.01222
;WIDTH:0.443761
G1 X130.712 Y85.826 E.01794
G1 X130.466 Y86.48 E.01227
;WIDTH:0.443603
G1 X130.192 Y87.115 E.01214
;WIDTH:0.44091
G1 X129.889 Y87.736 E.01205
;WIDTH:0.445447
G1 X129.62 Y88.234 E.00998
G1 X129.263 Y88.833 E.01229
;WIDTH:0.447124
G1 X128.733 Y89.616 E.01673
G1 X128.315 Y90.171 E.0123
;WIDTH:0.445893
G1 X127.736 Y90.858 E.01585
;WIDTH:0.443569
G1 X127.262 Y91.361 E.01213
;WIDTH:0.441047
G1 X126.765 Y91.841 E.01205
;WIDTH:0.449073
G1 X126.335 Y92.217 E.01015
G1 X125.639 Y92.777 E.01588
;WIDTH:0.445699
G1 X125.079 Y93.18 E.01217
G1 X124.849 Y92.839 F9000
;TYPE:External perimeter
;WIDTH:0.419999
G1 F1219
G1 X124.685 Y92.956 E.00334
G1 X124.059 Y93.351 E.01226
G1 X123.473 Y93.681 E.01114
G1 X122.872 Y93.983 E.01114
G1 X122.258 Y94.256 E.01113
G1 X120.995 Y94.716 E.02227
G1 X120.349 Y94.902 E.01114
G1 X119.695 Y95.057 E.01114
G1 X119.034 Y95.182 E.01115
G1 X118.369 Y95.276 E.01113
G1 X117.699 Y95.338 E.01115
G1 X117.028 Y95.37 E.01113
G1 X116.444 Y95.37 E.00968
G1 X115.774 Y95.337 E.01111
G1 X115.098 Y95.283 E.01124
G1 X114.42 Y95.191 E.01134
G1 X113.71 Y95.06 E.01196
G1 X112.846 Y94.851 E.01473
G1 X112.193 Y94.655 E.0113
G1 X111.548 Y94.426 E.01134
G1 X110.914 Y94.168 E.01134
G1 X110.302 Y93.877 E.01123
G1 X109.7 Y93.567 E.01122
G1 X109.108 Y93.222 E.01135
G1 X108.534 Y92.849 E.01134
G1 X107.978 Y92.449 E.01135
G1 X107.442 Y92.023 E.01134
G1 X106.927 Y91.573 E.01133
G1 X106.407 Y91.071 E.01198
G1 X105.802 Y90.422 E.0147
G1 X105.366 Y89.897 E.01131
G1 X104.953 Y89.351 E.01134
G1 X104.217 Y88.213 E.02246
G1 X103.886 Y87.614 E.01134
G1 X103.584 Y87 E.01134
G1 X103.31 Y86.372 E.01135
G1 X103.068 Y85.732 E.01134
G1 X102.855 Y85.081 E.01135
G1 X102.674 Y84.421 E.01134
G1 X102.407 Y83.112 E.02214
G1 X102.321 Y82.443 E.01118
G1 X102.266 Y81.773 E.01114
G1 X102.242 Y81.101 E.01114
G1 X102.25 Y80.429 E.01114
G1 X102.289 Y79.758 E.01114
G1 X102.359 Y79.089 E.01115
G1 X102.461 Y78.417 E.01126
G1 X102.669 Y77.44 E.01655
G1 X102.847 Y76.79 E.01117
G1 X103.054 Y76.15 E.01115
G1 X103.292 Y75.521 E.01114
G1 X103.694 Y74.617 E.01639
G1 X104.01 Y74.003 E.01144
G1 X104.346 Y73.42 E.01115
G1 X104.708 Y72.854 E.01113
G1 X105.097 Y72.306 E.01114
G1 X105.511 Y71.776 E.01114
G1 X105.949 Y71.266 E.01114
G1 X106.41 Y70.777 E.01114
G1 X106.893 Y70.309 E.01114
G1 X107.309 Y69.943 E.00918
G1 X107.993 Y69.4 E.01447
G1 X108.612 Y68.954 E.01264
G1 X109.315 Y68.505 E.01382
G1 X109.901 Y68.176 E.01114
G1 X110.502 Y67.874 E.01114
G1 X111.116 Y67.6 E.01114
G1 X111.742 Y67.355 E.01114
G1 X112.379 Y67.14 E.01114
G1 X113.025 Y66.955 E.01113
G1 X113.521 Y66.837 E.00845
G1 X114.34 Y66.675 E.01383
G1 X115.005 Y66.581 E.01113
G1 X115.675 Y66.518 E.01115
G1 X116.513 Y66.485 E.0139
G1 X117.353 Y66.498 E.01392
G1 X118.025 Y66.545 E.01116
G1 X118.693 Y66.623 E.01114
G1 X119.356 Y66.731 E.01113
G1 X120.014 Y66.871 E.01115
G1 X120.664 Y67.041 E.01113
G1 X121.306 Y67.241 E.01114
G1 X121.938 Y67.471 E.01114
G1 X122.558 Y67.73 E.01113
G1 X123.166 Y68.017 E.01114
G1 X123.76 Y68.333 E.01115
G1 X124.613 Y68.851 E.01654
G1 X125.174 Y69.239 E.0113
G1 X125.709 Y69.646 E.01114
G1 X126.224 Y70.078 E.01114
G1 X126.718 Y70.534 E.01114
G1 X127.191 Y71.012 E.01114
G1 X127.641 Y71.511 E.01113
G1 X128.067 Y72.031 E.01114
G1 X128.469 Y72.57 E.01114
G1 X128.845 Y73.127 E.01114
G1 X129.358 Y73.992 E.01666
G1 X129.669 Y74.592 E.0112
G1 X129.949 Y75.202 E.01112
G1 X130.201 Y75.826 E.01115
G1 X130.424 Y76.46 E.01114
G1 X130.617 Y77.104 E.01114
G1 X130.78 Y77.756 E.01114
G1 X130.912 Y78.415 E.01114
G1 X131.053 Y79.411 E.01667
G1 X131.108 Y80.084 E.01119
G1 X131.132 Y80.756 E.01114
G1 X131.124 Y81.428 E.01114
G1 X131.085 Y82.099 E.01114
G1 X131.015 Y82.768 E.01115
G1 X130.914 Y83.432 E.01113
G1 X130.782 Y84.091 E.01114
G1 X130.617 Y84.751 E.01127
G1 X130.32 Y85.704 E.01654
G1 X130.082 Y86.335 E.01117
G1 X129.816 Y86.953 E.01115
G1 X129.522 Y87.557 E.01113
G1 X128.912 Y88.62 E.02031
G1 X128.394 Y89.382 E.01527
G1 X127.99 Y89.918 E.01112
G1 X127.425 Y90.591 E.01456
G1 X126.964 Y91.08 E.01114
G1 X126.481 Y91.547 E.01113
G1 X126.066 Y91.904 E.00907
G1 X125.391 Y92.452 E.01441
G1 X124.898 Y92.804 E.01004
G1 E-3.5 F3600
;WIPE_START
G1 F7200
G1 X124.849 Y92.839 E-.0286
G1 X124.685 Y92.956 E-.09569
G1 X124.059 Y93.351 E-.3516
G1 X123.473 Y93.681 E-.31945
G1 X122.872 Y93.983 E-.31949
G1 X122.258 Y94.256 E-.31918
G1 X122.127 Y94.304 E-.06599
;WIPE_END
G1 X107.056 Y68.174 F9000
G1 E5 F2400
;TYPE:Perimeter
;WIDTH:0.385368
G1 F1219
G1 X107.119 Y68.259 E.0016
;WIDTH:0.428641
G1 X107.182 Y68.344 E.00179
;WIDTH:0.471914
G1 X107.245 Y68.429 E.00198
;WIDTH:0.515188
G1 X107.308 Y68.514 E.00217
;WIDTH:0.558461
G1 X107.371 Y68.599 E.00236
;WIDTH:0.601734
G1 X107.434 Y68.685 E.00257
G1 E-3.5 F3600
;WIPE_START
G1 F7200
G1 X107.371 Y68.599 E-.05064
G1 X107.308 Y68.514 E-.05026
G1 X107.245 Y68.429 E-.05026
G1 X107.182 Y68.344 E-.05026
G1 X107.119 Y68.259 E-.05026
G1 X107.056 Y68.174 E-.05026
;WIPE_END
G1 E-1.19806 F3600
G1 X126.31 Y93.67 F9000
G1 E5 F2400
;WIDTH:0.385716
G1 F1219
G1 X126.249 Y93.588 E.00155
;WIDTH:0.428553
G1 X126.187 Y93.505 E.00175
;WIDTH:0.47139
G1 X126.126 Y93.422 E.00193
;WIDTH:0.514228
G1 X126.064 Y93.339 E.00212
;WIDTH:0.557065
G1 X126.003 Y93.256 E.00229
;WIDTH:0.599902
G1 X125.941 Y93.174 E.00247
G1 X125.593 Y93.581 F9000
;WIDTH:0.439999
G1 F1219
G1 X125.58 Y93.576 E.00024
;WIDTH:0.445699
G1 X125.149 Y93.65 E.00771
G1 X125.059 Y93.707 E.00188
;WIDTH:0.442974
G1 X124.461 Y94.072 E.01228
;WIDTH:0.439969
G1 X123.836 Y94.424 E.01248
;WIDTH:0.445812
G1 X123.016 Y94.834 E.01617
G1 X122.555 Y95.029 E.00883
;WIDTH:0.44095
G1 X121.888 Y95.289 E.01249
G1 X121.223 Y95.512 E.01223
;WIDTH:0.440387
G1 X120.533 Y95.706 E.01248
;WIDTH:0.444654
G1 X119.795 Y95.887 E.01337
G1 X119.147 Y96.002 E.01158
;WIDTH:0.440541
G1 X118.438 Y96.099 E.01247
;WIDTH:0.444933
G1 X117.645 Y96.176 E.01403
G1 X117.023 Y96.194 E.01096
;WIDTH:0.443133
G1 X116.292 Y96.2 E.01282
G1 X115.249 Y96.137 E.01832
;WIDTH:0.442466
G1 X114.543 Y96.053 E.01244
G1 X113.841 Y95.936 E.01246
;WIDTH:0.442001
G1 X113.145 Y95.786 E.01245
;WIDTH:0.442758
G1 X112.455 Y95.607 E.01249
G1 X111.777 Y95.394 E.01245
;WIDTH:0.442915
G1 X111.109 Y95.15 E.01246
;WIDTH:0.443066
G1 X110.444 Y94.871 E.01264
G1 X109.5 Y94.408 E.01843
;WIDTH:0.442514
G1 X108.88 Y94.059 E.01245
G1 X108.278 Y93.681 E.01244
G1 X107.693 Y93.276 E.01246
;WIDTH:0.44238
G1 X107.128 Y92.844 E.01245
G1 X106.584 Y92.386 E.01244
G1 X106.062 Y91.903 E.01245
;WIDTH:0.441943
G1 X105.563 Y91.395 E.01245
;WIDTH:0.443008
G1 X105.085 Y90.867 E.01248
G1 X104.635 Y90.316 E.01247
;WIDTH:0.443252
G1 X104.205 Y89.737 E.01265
;WIDTH:0.448471
G1 X103.872 Y89.244 E.01056
G1 X103.491 Y88.628 E.01286
;WIDTH:0.446128
G1 X103.141 Y87.995 E.01277
G1 X102.822 Y87.345 E.01278
G1 X102.533 Y86.681 E.01279
G1 X102.277 Y86.004 E.01278
G1 X102.053 Y85.316 E.01277
G1 X101.861 Y84.619 E.01276
;WIDTH:0.448172
G1 X101.697 Y83.873 E.01355
G1 X101.544 Y82.957 E.01648
;WIDTH:0.446104
G1 X101.465 Y82.241 E.01272
G1 X101.42 Y81.518 E.01279
G1 X101.409 Y80.795 E.01277
G1 X101.433 Y80.071 E.01279
G1 X101.491 Y79.35 E.01277
;WIDTH:0.446252
G1 X101.583 Y78.632 E.01278
;WIDTH:0.448042
G1 X101.709 Y77.919 E.01284
G1 X101.868 Y77.208 E.01292
;WIDTH:0.444456
G1 X102.059 Y76.515 E.01264
;WIDTH:0.44459
G1 X102.285 Y75.827 E.01274
;WIDTH:0.444786
G1 X102.542 Y75.152 E.01271
G1 X102.966 Y74.21 E.01818
;WIDTH:0.443946
G1 X103.294 Y73.577 E.01252
;WIDTH:0.445802
G1 X103.755 Y72.792 E.01606
G1 X104.035 Y72.372 E.00891
;WIDTH:0.441334
G1 X104.448 Y71.789 E.01247
;WIDTH:0.444305
G1 X104.885 Y71.225 E.01254
;WIDTH:0.444668
G1 X105.382 Y70.651 E.01336
G1 X105.835 Y70.179 E.01151
;WIDTH:0.441443
G1 X106.35 Y69.684 E.01247
;WIDTH:0.451327
G1 X106.816 Y69.257 E.0113
G1 X106.941 Y68.767 E.00904
;WIDTH:0.439999
G1 X106.911 Y68.653 E.00205
G1 X106.746 Y68.376 E.00561
G1 X106.67 Y68.16 E.00398
G1 X106.738 Y67.97 E.00351
G1 X106.93 Y67.814 E.0043
G1 X107.177 Y67.812 E.0043
G1 X107.546 Y68.173 E.00898
G1 X107.787 Y68.28 E.00459
;WIDTH:0.451193
G1 X108.164 Y68.241 E.00677
G1 X108.315 Y68.15 E.00315
;WIDTH:0.442972
G1 X108.913 Y67.785 E.01228
;WIDTH:0.43997
G1 X109.538 Y67.432 E.01249
;WIDTH:0.4407
G1 X110.164 Y67.118 E.01221
G1 X110.819 Y66.827 E.01249
;WIDTH:0.440514
G1 X111.486 Y66.568 E.01247
G1 X112.151 Y66.345 E.01222
G1 X112.839 Y66.148 E.01247
;WIDTH:0.44091
G1 X113.536 Y65.983 E.01249
G1 X114.225 Y65.856 E.01222
;WIDTH:0.439806
G1 X114.936 Y65.758 E.01248
;WIDTH:0.445217
G1 X115.73 Y65.68 E.01406
;WIDTH:0.447279
G1 X116.899 Y65.653 E.0207
G1 X117.657 Y65.681 E.01343
;WIDTH:0.446062
G1 X118.377 Y65.744 E.01276
G1 X119.095 Y65.841 E.01279
G1 X119.806 Y65.972 E.01276
G1 X120.511 Y66.137 E.01278
;WIDTH:0.446167
G1 X121.208 Y66.334 E.01279
G1 X121.894 Y66.565 E.01278
G1 X122.568 Y66.827 E.01277
G1 X123.229 Y67.122 E.01278
G1 X123.876 Y67.447 E.01278
;WIDTH:0.448149
G1 X124.504 Y67.803 E.01281
G1 X125.288 Y68.301 E.01648
;WIDTH:0.446119
G1 X125.907 Y68.746 E.01346
G1 X126.473 Y69.196 E.01277
G1 X127.018 Y69.672 E.01278
G1 X127.539 Y70.174 E.01277
G1 X128.036 Y70.7 E.01278
G1 X128.508 Y71.249 E.01278
G1 X128.953 Y71.82 E.01278
G1 X129.371 Y72.411 E.01278
;WIDTH:0.448236
G1 X129.758 Y73.021 E.01282
G1 X130.234 Y73.865 E.01719
;WIDTH:0.446151
G1 X130.552 Y74.512 E.01273
G1 X130.841 Y75.176 E.01279
G1 X131.097 Y75.853 E.01278
G1 X131.321 Y76.541 E.01278
G1 X131.513 Y77.239 E.01278
G1 X131.671 Y77.945 E.01277
;WIDTH:0.448178
G1 X131.794 Y78.657 E.01282
G1 X131.909 Y79.62 E.01721
;WIDTH:0.44613
G1 X131.954 Y80.339 E.01272
;WIDTH:0.446151
G1 X131.964 Y81.062 E.01277
G1 X131.941 Y81.786 E.01279
G1 X131.883 Y82.507 E.01277
G1 X131.791 Y83.225 E.01278
G1 X131.666 Y83.938 E.01278
;WIDTH:0.446255
G1 X131.506 Y84.644 E.01278
;WIDTH:0.448177
G1 X131.313 Y85.341 E.01283
G1 X131.089 Y86.03 E.01285
;WIDTH:0.444645
G1 X130.832 Y86.704 E.01269
G1 X130.56 Y87.318 E.01182
;WIDTH:0.441129
G1 X130.246 Y87.959 E.01245
;WIDTH:0.442854
G1 X129.906 Y88.586 E.0125
G1 X129.528 Y89.201 E.01265
;WIDTH:0.442426
G1 X128.928 Y90.067 E.01844
G1 X128.487 Y90.627 E.01248
;WIDTH:0.444373
G1 X128.018 Y91.178 E.01272
G1 X127.539 Y91.677 E.01216
;WIDTH:0.441296
G1 X127.017 Y92.179 E.01264
;WIDTH:0.45513
G1 X126.556 Y92.598 E.01123
G1 X126.441 Y92.849 E.00498
;WIDTH:0.439999
G1 X126.464 Y93.204 E.00619
G1 X126.677 Y93.555 E.00714
G1 X126.688 Y93.755 E.00349
G1 X126.594 Y93.957 E.00388
G1 X126.354 Y94.062 E.00456
G1 X126.172 Y94.014 E.00328
G1 X125.828 Y93.685 E.00828
G1 X125.648 Y93.606 E.00342
G1 X125.5 Y93.995 F9000
;TYPE:External perimeter
;WIDTH:0.419999
G1 F1219
G1 X125.363 Y94.002 E.00227
G1 X124.288 Y94.654 E.02083
G1 X123.181 Y95.211 E.02053
G1 X122.228 Y95.607 E.0171
G1 X121.091 Y95.987 E.01986
G1 X119.888 Y96.288 E.02055
G1 X118.872 Y96.465 E.01709
G1 X117.679 Y96.587 E.01987
G1 X116.439 Y96.616 E.02055
G1 X115.697 Y96.587 E.0123
G1 X114.957 Y96.523 E.01231
G1 X114.22 Y96.423 E.01232
G1 X113.449 Y96.28 E.01299
G1 X112.525 Y96.056 E.01575
G1 X111.814 Y95.842 E.0123
G1 X111.113 Y95.595 E.01232
G1 X110.425 Y95.314 E.01231
G1 X109.751 Y95.002 E.01231
G1 X109.092 Y94.657 E.01233
G1 X108.45 Y94.282 E.01232
G1 X107.827 Y93.877 E.01231
G1 X107.224 Y93.443 E.01231
G1 X106.642 Y92.981 E.01231
G1 X106.082 Y92.492 E.01232
G1 X105.518 Y91.947 E.013
G1 X104.871 Y91.25 E.01576
G1 X104.395 Y90.68 E.0123
G1 X103.947 Y90.087 E.01231
G1 X103.528 Y89.473 E.01232
G1 X103.138 Y88.84 E.01232
G1 X102.778 Y88.19 E.01231
G1 X102.45 Y87.523 E.01232
G1 X102.154 Y86.841 E.01232
G1 X101.89 Y86.146 E.01232
G1 X101.66 Y85.439 E.01232
G1 X101.463 Y84.723 E.0123
G1 X101.293 Y83.957 E.013
G1 X101.137 Y83.019 E.01576
G1 X101.055 Y82.281 E.0123
G1 X101.009 Y81.539 E.01232
G1 X100.998 Y80.796 E.01231
G1 X101.021 Y80.053 E.01232
G1 X101.08 Y79.312 E.01232
G1 X101.175 Y78.575 E.01231
G1 X101.303 Y77.843 E.01231
G1 X101.467 Y77.118 E.01232
G1 X101.664 Y76.401 E.01232
G1 X101.896 Y75.695 E.01231
G1 X102.16 Y75.001 E.0123
G1 X102.564 Y74.094 E.01645
G1 X102.923 Y73.398 E.01298
G1 X103.403 Y72.579 E.01573
G1 X103.957 Y71.756 E.01644
G1 X104.562 Y70.971 E.01642
G1 X105.074 Y70.378 E.01298
G1 X105.734 Y69.694 E.01575
G1 X106.476 Y69.015 E.01667
G1 X106.538 Y68.835 E.00315
G1 X106.311 Y68.457 E.00731
G1 X106.254 Y68.159 E.00503
G1 X106.31 Y67.874 E.00481
G1 X106.497 Y67.597 E.00554
G1 X106.799 Y67.416 E.00583
G1 X107.146 Y67.383 E.00578
G1 X107.484 Y67.512 E.00599
G1 X107.747 Y67.801 E.00647
G1 X107.868 Y67.879 E.00239
G1 X108.011 Y67.854 E.00241
G1 X109.086 Y67.203 E.02082
G1 X110.194 Y66.645 E.02056
G1 X111.108 Y66.264 E.01641
G1 X112.284 Y65.869 E.02056
G1 X113.243 Y65.621 E.01641
G1 X114.151 Y65.454 E.0153
G1 X114.894 Y65.352 E.01243
G1 X115.72 Y65.269 E.01376
G1 X116.914 Y65.241 E.01979
G1 X117.693 Y65.271 E.01292
G1 X118.433 Y65.336 E.01231
G1 X119.169 Y65.436 E.01231
G1 X119.9 Y65.571 E.01232
G1 X120.624 Y65.741 E.01232
G1 X121.339 Y65.944 E.01232
G1 X122.043 Y66.181 E.01231
G1 X122.735 Y66.451 E.01231
G1 X123.414 Y66.754 E.01232
G1 X124.078 Y67.089 E.01232
G1 X124.726 Y67.455 E.01233
G1 X125.528 Y67.967 E.01577
G1 X126.163 Y68.424 E.01296
G1 X126.744 Y68.886 E.0123
G1 X127.303 Y69.376 E.01232
G1 X127.838 Y69.891 E.0123
G1 X128.349 Y70.432 E.01233
G1 X128.833 Y70.996 E.01231
G1 X129.289 Y71.582 E.0123
G1 X129.718 Y72.19 E.01233
G1 X130.118 Y72.818 E.01234
G1 X130.604 Y73.684 E.01645
G1 X130.93 Y74.348 E.01226
G1 X131.226 Y75.03 E.01232
G1 X131.489 Y75.725 E.01231
G1 X131.718 Y76.432 E.01231
G1 X131.915 Y77.149 E.01232
G1 X132.076 Y77.874 E.01231
G1 X132.204 Y78.608 E.01235
G1 X132.32 Y79.594 E.01645
G1 X132.365 Y80.332 E.01225
G1 X132.376 Y81.061 E.01208
G1 X132.352 Y81.804 E.01232
G1 X132.293 Y82.545 E.01232
G1 X132.199 Y83.282 E.01231
G1 X132.071 Y84.014 E.01231
G1 X131.907 Y84.739 E.01232
G1 X131.71 Y85.455 E.0123
G1 X131.478 Y86.162 E.01233
G1 X131.214 Y86.856 E.0123
G1 X130.811 Y87.762 E.01643
G1 X130.351 Y88.64 E.01642
G1 X129.971 Y89.278 E.0123
G1 X129.416 Y90.101 E.01645
G1 X128.969 Y90.692 E.01228
G1 X128.327 Y91.449 E.01645
G1 X127.834 Y91.961 E.01178
G1 X126.878 Y92.862 E.02177
G1 X126.836 Y93.022 E.00274
G1 X127.062 Y93.398 E.00727
G1 X127.119 Y93.692 E.00496
G1 X127.049 Y94.019 E.00554
G1 X126.928 Y94.191 E.00348
G1 X126.735 Y94.37 E.00436
G1 X126.304 Y94.475 E.00735
G1 X125.881 Y94.337 E.00737
G1 X125.558 Y93.999 E.00775
;LAYER_CHANGE
M117 DASHBOARD_LAYER_INDICATOR 26
;Z:2.7
;HEIGHT:0.1
;BEFORE_LAYER_CHANGE
M117 OBICO_LAYER_INDICATOR 25
G92 E0
;2.7
G1 E-3.5 F3600
;WIPE_START
G1 F7200
G1 X125.5 Y93.995 E-.02762
G1 X125.363 Y94.002 E-.06516
G1 X124.288 Y94.654 E-.5972
G1 X123.181 Y95.211 E-.58864
G1 X122.751 Y95.39 E-.22138
;WIPE_END
G1 Z2.7 F9000
;AFTER_LAYER_CHANGE
;2.7
G1 X125.015 Y93.195
G1 E5 F2400
;TYPE:Perimeter
;WIDTH:0.462302
G1 F1218
G1 X124.905 Y93.274 E.00248
G1 X124.262 Y93.676 E.0139
;WIDTH:0.456994
G1 X123.662 Y94.015 E.01248
G1 X123.045 Y94.325 E.0125
;WIDTH:0.456832
G1 X122.415 Y94.607 E.01249
;WIDTH:0.464919
G1 X121.453 Y94.97 E.01896
;WIDTH:0.461354
G1 X120.846 Y95.163 E.01165
G1 X120.121 Y95.354 E.01371
;WIDTH:0.457613
G1 X119.446 Y95.499 E.01252
;WIDTH:0.460562
G1 X118.765 Y95.613 E.01261
G1 X118.08 Y95.691 E.01259
;WIDTH:0.457058
G1 X117.391 Y95.741 E.01251
G1 X116.701 Y95.757 E.0125
;WIDTH:0.458976
G1 X116.011 Y95.743 E.01255
G1 X115.323 Y95.696 E.01254
G1 X114.637 Y95.616 E.01256
;WIDTH:0.459417
G1 X113.841 Y95.482 E.0147
G1 X112.951 Y95.28 E.01662
;WIDTH:0.459161
G1 X112.282 Y95.089 E.01266
G1 X111.628 Y94.869 E.01256
G1 X110.985 Y94.619 E.01255
;WIDTH:0.459057
G1 X110.354 Y94.339 E.01256
G1 X109.737 Y94.029 E.01256
G1 X109.135 Y93.692 E.01255
;WIDTH:0.460704
G1 X108.365 Y93.204 E.01665
;WIDTH:0.461505
G1 X107.738 Y92.754 E.01412
G1 X107.188 Y92.318 E.01284
;WIDTH:0.461278
G1 X106.66 Y91.856 E.01283
;WIDTH:0.461149
G1 X106.149 Y91.364 E.01297
;WIDTH:0.460526
G1 X105.676 Y90.862 E.01259
;WIDTH:0.459011
G1 X105.225 Y90.339 E.01256
G1 X104.8 Y89.796 E.01254
G1 X104.4 Y89.233 E.01256
G1 X104.027 Y88.652 E.01256
G1 X103.681 Y88.055 E.01255
;WIDTH:0.461409
G1 X103.227 Y87.155 E.01844
G1 X102.948 Y86.513 E.0128
;WIDTH:0.461142
G1 X102.698 Y85.856 E.01285
;WIDTH:0.46101
G1 X102.483 Y85.196 E.01268
;WIDTH:0.460863
G1 X102.3 Y84.53 E.01262
;WIDTH:0.46072
G1 X102.148 Y83.857 E.0126
;WIDTH:0.460112
G1 X102.029 Y83.177 E.01259
;WIDTH:0.45891
G1 X101.939 Y82.493 E.01255
G1 X101.883 Y81.805 E.01255
G1 X101.858 Y81.115 E.01256
;WIDTH:0.459641
G1 X101.87 Y80.308 E.0147
;WIDTH:0.46101
G1 X101.935 Y79.398 E.01667
G1 X102.023 Y78.708 E.01271
;WIDTH:0.460855
G1 X102.142 Y78.028 E.01261
;WIDTH:0.46071
G1 X102.293 Y77.354 E.01261
;WIDTH:0.460575
G1 X102.475 Y76.688 E.0126
;WIDTH:0.460442
G1 X102.688 Y76.032 E.01259
;WIDTH:0.460317
G1 X102.931 Y75.386 E.01259
;WIDTH:0.460195
G1 X103.205 Y74.752 E.0126
;WIDTH:0.458588
G1 X103.506 Y74.132 E.01253
G1 X103.837 Y73.526 E.01255
;WIDTH:0.461923
G1 X104.133 Y73.034 E.01051
G1 X104.58 Y72.363 E.01476
;WIDTH:0.459255
G1 X105.13 Y71.636 E.01659
;WIDTH:0.459984
G1 X105.654 Y71.018 E.01477
G1 X106.13 Y70.513 E.01265
;WIDTH:0.458448
G1 X106.877 Y69.807 E.01867
G1 X107.416 Y69.365 E.01266
;WIDTH:0.439999
G1 X107.964 Y68.946 E.012
;WIDTH:0.467909
G1 X108.388 Y68.635 E.00976
G1 X109.112 Y68.181 E.01586
;WIDTH:0.456993
G1 X109.712 Y67.841 E.01249
G1 X110.329 Y67.531 E.0125
;WIDTH:0.456829
G1 X110.959 Y67.251 E.01248
;WIDTH:0.459985
G1 X111.601 Y66.997 E.01259
G1 X112.255 Y66.776 E.01259
;WIDTH:0.457674
G1 X112.918 Y66.586 E.01251
;WIDTH:0.462157
G1 X113.432 Y66.461 E.00969
G1 X114.268 Y66.298 E.01561
;WIDTH:0.456035
G1 X114.951 Y66.202 E.01246
;WIDTH:0.458637
G1 X115.638 Y66.135 E.01255
G1 X116.524 Y66.101 E.01612
;WIDTH:0.458823
G1 X117.359 Y66.113 E.01518
;WIDTH:0.45894
G1 X118.051 Y66.161 E.01262
G1 X118.737 Y66.24 E.01256
G1 X119.418 Y66.352 E.01255
G1 X120.093 Y66.494 E.01255
G1 X120.761 Y66.669 E.01256
G1 X121.42 Y66.874 E.01255
G1 X122.069 Y67.109 E.01255
G1 X122.706 Y67.374 E.01255
;WIDTH:0.459452
G1 X123.435 Y67.723 E.01472
;WIDTH:0.460477
G1 X124.234 Y68.161 E.01663
G1 X124.824 Y68.53 E.0127
;WIDTH:0.458664
G1 X125.392 Y68.922 E.01254
;WIDTH:0.458869
G1 X125.942 Y69.34 E.01256
G1 X126.471 Y69.783 E.01255
G1 X126.979 Y70.25 E.01255
G1 X127.464 Y70.741 E.01255
;WIDTH:0.46008
G1 X128.07 Y71.422 E.01662
;WIDTH:0.460589
G1 X128.573 Y72.058 E.0148
G1 X128.974 Y72.623 E.01265
;WIDTH:0.460451
G1 X129.347 Y73.204 E.0126
;WIDTH:0.460325
G1 X129.692 Y73.802 E.0126
;WIDTH:0.458869
G1 X130.01 Y74.414 E.01254
G1 X130.299 Y75.041 E.01256
;WIDTH:0.459587
G1 X130.598 Y75.791 E.01471
;WIDTH:0.460868
G1 X130.889 Y76.656 E.01667
G1 X131.074 Y77.326 E.0127
;WIDTH:0.460716
G1 X131.225 Y78 E.01261
;WIDTH:0.458936
G1 X131.346 Y78.679 E.01254
G1 X131.435 Y79.364 E.01256
G1 X131.491 Y80.052 E.01255
G1 X131.516 Y80.741 E.01254
G1 X131.509 Y81.431 E.01255
;WIDTH:0.459585
G1 X131.459 Y82.238 E.01473
;WIDTH:0.460862
G1 X131.352 Y83.144 E.01667
G1 X131.232 Y83.829 E.0127
;WIDTH:0.460709
G1 X131.081 Y84.502 E.0126
;WIDTH:0.460573
G1 X130.899 Y85.168 E.0126
;WIDTH:0.46044
G1 X130.686 Y85.825 E.01261
;WIDTH:0.460314
G1 X130.443 Y86.471 E.01259
;WIDTH:0.461295
G1 X130.034 Y87.394 E.01846
G1 X129.706 Y88.03 E.01309
;WIDTH:0.459094
G1 X129.362 Y88.628 E.01255
G1 X128.989 Y89.209 E.01256
;WIDTH:0.458236
G1 X128.591 Y89.773 E.01253
;WIDTH:0.460337
G1 X128.167 Y90.317 E.01258
G1 X127.718 Y90.841 E.01259
G1 X127.244 Y91.343 E.0126
;WIDTH:0.458447
G1 X126.497 Y92.049 E.01867
G1 X125.959 Y92.492 E.01266
;WIDTH:0.442637
G1 X125.41 Y92.91 E.01208
;WIDTH:0.462302
G1 X125.064 Y93.159 E.00781
G1 X124.831 Y92.815 F9000
;TYPE:External perimeter
;WIDTH:0.419999
G1 F1218
G1 X124.667 Y92.928 E.0033
G1 X124.042 Y93.323 E.01225
G1 X123.457 Y93.651 E.01111
G1 X122.858 Y93.953 E.01112
G1 X122.245 Y94.226 E.01112
G1 X121.306 Y94.58 E.01663
G1 X120.721 Y94.763 E.01016
G1 X120.015 Y94.951 E.01211
G1 X119.359 Y95.091 E.01111
G1 X118.697 Y95.2 E.01112
G1 X118.031 Y95.278 E.01111
G1 X117.362 Y95.325 E.01111
G1 X116.692 Y95.341 E.0111
G1 X116.021 Y95.325 E.01112
G1 X115.352 Y95.279 E.01111
G1 X114.686 Y95.201 E.01111
G1 X113.911 Y95.07 E.01302
G1 X113.044 Y94.873 E.01473
G1 X112.398 Y94.688 E.01113
G1 X111.762 Y94.473 E.01112
G1 X111.137 Y94.229 E.01112
G1 X110.524 Y93.957 E.01111
G1 X109.925 Y93.656 E.01111
G1 X109.34 Y93.327 E.01112
G1 X108.59 Y92.85 E.01473
G1 X107.982 Y92.414 E.0124
G1 X107.45 Y91.991 E.01126
G1 X106.936 Y91.541 E.01132
G1 X106.44 Y91.063 E.01141
G1 X105.98 Y90.575 E.01111
G1 X105.542 Y90.067 E.01111
G1 X105.129 Y89.538 E.01112
G1 X104.741 Y88.991 E.01111
G1 X104.379 Y88.427 E.0111
G1 X104.043 Y87.846 E.01112
G1 X103.602 Y86.967 E.01629
G1 X103.332 Y86.347 E.0112
G1 X103.09 Y85.708 E.01132
G1 X102.881 Y85.066 E.01119
G1 X102.704 Y84.419 E.01111
G1 X102.557 Y83.765 E.01111
G1 X102.44 Y83.105 E.01111
G1 X102.354 Y82.439 E.01113
G1 X102.299 Y81.771 E.01111
G1 X102.276 Y81.101 E.01111
G1 X102.289 Y80.315 E.01303
G1 X102.353 Y79.428 E.01474
G1 X102.438 Y78.761 E.01114
G1 X102.555 Y78.101 E.01111
G1 X102.702 Y77.446 E.01112
G1 X102.879 Y76.799 E.01111
G1 X103.086 Y76.161 E.01111
G1 X103.322 Y75.534 E.0111
G1 X103.588 Y74.918 E.01112
G1 X103.882 Y74.315 E.01112
G1 X104.203 Y73.726 E.01111
G1 X104.492 Y73.252 E.0092
G1 X104.927 Y72.597 E.01303
G1 X105.463 Y71.888 E.01473
G1 X105.973 Y71.289 E.01304
G1 X106.434 Y70.8 E.01114
G1 X107.163 Y70.111 E.01662
G1 X107.679 Y69.678 E.01116
G1 X108.212 Y69.271 E.01111
G1 X109.332 Y68.534 E.02222
G1 X109.917 Y68.205 E.01112
G1 X110.516 Y67.904 E.01111
G1 X111.129 Y67.631 E.01112
G1 X111.753 Y67.387 E.0111
G1 X112.389 Y67.172 E.01112
G1 X113.033 Y66.987 E.0111
G1 X114.345 Y66.707 E.02223
G1 X115.009 Y66.614 E.01111
G1 X115.677 Y66.551 E.01112
G1 X116.54 Y66.518 E.01431
G1 X117.352 Y66.531 E.01346
G1 X118.022 Y66.578 E.01113
G1 X118.688 Y66.655 E.01111
G1 X119.35 Y66.764 E.01112
G1 X120.006 Y66.903 E.01111
G1 X120.655 Y67.073 E.01112
G1 X121.295 Y67.273 E.01111
G1 X121.926 Y67.502 E.01112
G1 X122.545 Y67.76 E.01111
G1 X123.254 Y68.1 E.01303
G1 X124.032 Y68.528 E.01471
G1 X124.603 Y68.884 E.01115
G1 X125.155 Y69.266 E.01112
G1 X125.688 Y69.672 E.0111
G1 X126.202 Y70.103 E.01111
G1 X126.695 Y70.558 E.01112
G1 X127.167 Y71.035 E.01112
G1 X127.756 Y71.7 E.01472
G1 X128.244 Y72.317 E.01303
G1 X128.633 Y72.865 E.01114
G1 X128.995 Y73.43 E.01112
G1 X129.331 Y74.01 E.01111
G1 X129.639 Y74.606 E.01112
G1 X129.919 Y75.216 E.01112
G1 X130.21 Y75.946 E.01302
G1 X130.492 Y76.789 E.01473
G1 X130.67 Y77.437 E.01113
G1 X130.817 Y78.091 E.01111
G1 X130.934 Y78.752 E.01112
G1 X131.02 Y79.417 E.01111
G1 X131.075 Y80.086 E.01112
G1 X131.098 Y80.756 E.01111
G1 X131.091 Y81.427 E.01112
G1 X131.041 Y82.211 E.01302
G1 X130.936 Y83.094 E.01473
G1 X130.819 Y83.756 E.01114
G1 X130.672 Y84.41 E.01111
G1 X130.495 Y85.057 E.01111
G1 X130.288 Y85.695 E.01111
G1 X130.052 Y86.323 E.01112
G1 X129.651 Y87.223 E.01633
G1 X129.335 Y87.838 E.01146
G1 X129 Y88.419 E.01111
G1 X128.638 Y88.984 E.01112
G1 X128.25 Y89.531 E.01111
G1 X127.837 Y90.06 E.01112
G1 X127.401 Y90.569 E.0111
G1 X126.94 Y91.057 E.01112
G1 X126.211 Y91.746 E.01662
G1 X125.695 Y92.178 E.01115
G1 X125.162 Y92.585 E.01111
G1 X124.88 Y92.78 E.00568
G1 E-3.5 F3600
;WIPE_START
G1 F7200
G1 X124.831 Y92.815 E-.0286
G1 X124.667 Y92.928 E-.0946
G1 X124.042 Y93.323 E-.35119
G1 X123.457 Y93.651 E-.31857
G1 X122.858 Y93.953 E-.31864
G1 X122.245 Y94.226 E-.31875
G1 X122.108 Y94.278 E-.06965
;WIPE_END
G1 X107.056 Y68.174 F9000
G1 E5 F2400
;TYPE:Perimeter
;WIDTH:0.38856
G1 F1218
G1 X107.121 Y68.262 E.00167
;WIDTH:0.435051
G1 X107.186 Y68.349 E.00187
;WIDTH:0.481542
G1 X107.251 Y68.437 E.00209
;WIDTH:0.528033
G1 X107.316 Y68.525 E.0023
;WIDTH:0.574525
G1 X107.381 Y68.613 E.00252
;WIDTH:0.621016
G1 X107.446 Y68.701 E.00273
G1 E-3.5 F3600
;WIPE_START
G1 F7200
G1 X107.381 Y68.613 E-.05197
G1 X107.316 Y68.525 E-.05197
G1 X107.251 Y68.437 E-.05197
G1 X107.186 Y68.349 E-.05197
G1 X107.121 Y68.262 E-.05159
G1 X107.056 Y68.174 E-.05197
;WIPE_END
G1 E-1.18856 F3600
G1 X126.31 Y93.67 F9000
G1 E5 F2400
;WIDTH:0.389238
G1 F1218
G1 X126.246 Y93.585 E.00163
;WIDTH:0.435606
G1 X126.182 Y93.499 E.00185
;WIDTH:0.481973
G1 X126.119 Y93.413 E.00204
;WIDTH:0.528341
G1 X126.055 Y93.327 E.00226
;WIDTH:0.574708
G1 X125.991 Y93.241 E.00247
;WIDTH:0.621076
G1 X125.928 Y93.156 E.00264
G1 X125.591 Y93.582 F9000
;WIDTH:0.439999
G1 F1218
G1 X125.571 Y93.574 E.00037
;WIDTH:0.462302
G1 X125.145 Y93.643 E.00791
G1 X125.054 Y93.7 E.00197
;WIDTH:0.459556
G1 X124.457 Y94.065 E.01274
;WIDTH:0.456558
G1 X123.832 Y94.417 E.01298
;WIDTH:0.457299
G1 X123.206 Y94.731 E.01269
G1 X122.568 Y95.015 E.01265
;WIDTH:0.464919
G1 X122.08 Y95.212 E.0097
G1 X121.553 Y95.394 E.01028
;WIDTH:0.45896
G1 X120.869 Y95.612 E.01306
G1 X120.191 Y95.783 E.01272
;WIDTH:0.457348
G1 X119.491 Y95.934 E.01298
;WIDTH:0.460144
G1 X118.785 Y96.053 E.01306
G1 X118.088 Y96.126 E.01278
;WIDTH:0.456615
G1 X117.373 Y96.177 E.01297
;WIDTH:0.46251
G1 X116.435 Y96.196 E.0172
G1 X115.719 Y96.167 E.01314
;WIDTH:0.462647
G1 X114.998 Y96.104 E.01328
;WIDTH:0.463321
G1 X114.281 Y96.007 E.01329
G1 X113.539 Y95.869 E.01386
G1 X112.629 Y95.649 E.0172
;WIDTH:0.462401
G1 X111.94 Y95.441 E.01319
G1 X111.257 Y95.2 E.01328
;WIDTH:0.462517
G1 X110.588 Y94.927 E.01325
G1 X109.931 Y94.622 E.01328
G1 X109.29 Y94.287 E.01326
;WIDTH:0.46368
G1 X108.666 Y93.921 E.0133
G1 X108.059 Y93.528 E.01329
;WIDTH:0.461715
G1 X107.408 Y93.055 E.01473
;WIDTH:0.46022
G1 X106.854 Y92.61 E.01296
G1 X106.32 Y92.14 E.01298
;WIDTH:0.460592
G1 X105.808 Y91.644 E.01301
;WIDTH:0.462497
G1 X105.182 Y90.968 E.01689
G1 X104.721 Y90.414 E.01322
;WIDTH:0.462614
G1 X104.285 Y89.837 E.01326
G1 X103.877 Y89.24 E.01326
G1 X103.498 Y88.624 E.01327
;WIDTH:0.46425
G1 X103.149 Y87.99 E.01332
G1 X102.801 Y87.279 E.01457
;WIDTH:0.460351
G1 X102.52 Y86.626 E.01297
;WIDTH:0.460479
G1 X102.27 Y85.961 E.01297
;WIDTH:0.460611
G1 X102.051 Y85.284 E.01299
;WIDTH:0.460725
G1 X101.864 Y84.598 E.01299
;WIDTH:0.461062
G1 X101.705 Y83.879 E.01346
;WIDTH:0.462629
G1 X101.552 Y82.956 E.01716
G1 X101.474 Y82.24 E.01321
G1 X101.429 Y81.518 E.01327
;WIDTH:0.463457
G1 X101.418 Y80.794 E.01331
G1 X101.442 Y80.071 E.01329
G1 X101.503 Y79.308 E.01407
;WIDTH:0.46062
G1 X101.595 Y78.603 E.01298
;WIDTH:0.460759
G1 X101.719 Y77.903 E.01298
;WIDTH:0.460904
G1 X101.876 Y77.21 E.01298
;WIDTH:0.461045
G1 X102.067 Y76.517 E.01314
;WIDTH:0.461178
G1 X102.293 Y75.83 E.01322
G1 X102.55 Y75.155 E.0132
G1 X102.821 Y74.542 E.01225
;WIDTH:0.458615
G1 X103.133 Y73.901 E.01296
G1 X103.477 Y73.277 E.01295
;WIDTH:0.458825
G1 X103.848 Y72.667 E.01298
;WIDTH:0.462163
G1 X104.302 Y71.996 E.01484
;WIDTH:0.462596
G1 X104.891 Y71.231 E.01771
G1 X105.382 Y70.662 E.01378
;WIDTH:0.464076
G1 X106.033 Y69.991 E.0172
G1 X106.76 Y69.325 E.01814
;WIDTH:0.462974
G1 X106.932 Y69.014 E.00652
;WIDTH:0.439999
G1 X106.913 Y68.659 E.00619
G1 X106.746 Y68.376 E.00572
G1 X106.67 Y68.16 E.00398
G1 X106.737 Y67.971 E.00349
G1 X106.929 Y67.814 E.00432
G1 X107.176 Y67.812 E.0043
G1 X107.551 Y68.176 E.00909
G1 X107.803 Y68.283 E.00476
;WIDTH:0.467909
G1 X108.168 Y68.249 E.0068
G1 X108.32 Y68.157 E.0033
;WIDTH:0.459554
G1 X108.917 Y67.792 E.01274
;WIDTH:0.456558
G1 X109.542 Y67.439 E.01298
;WIDTH:0.462334
G1 X110.359 Y67.032 E.01673
G1 X110.825 Y66.837 E.00926
;WIDTH:0.460863
G1 X111.493 Y66.568 E.01316
G1 X112.154 Y66.35 E.01272
;WIDTH:0.457939
G1 X112.841 Y66.156 E.01295
;WIDTH:0.457497
G1 X113.538 Y65.991 E.01298
G1 X114.227 Y65.864 E.0127
;WIDTH:0.456402
G1 X114.937 Y65.766 E.01296
;WIDTH:0.461829
G1 X115.731 Y65.688 E.01461
;WIDTH:0.463677
G1 X116.907 Y65.661 E.02163
G1 X117.657 Y65.689 E.0138
;WIDTH:0.462648
G1 X118.377 Y65.752 E.01326
G1 X119.094 Y65.849 E.01327
G1 X119.805 Y65.98 E.01326
G1 X120.509 Y66.145 E.01326
;WIDTH:0.462754
G1 X121.205 Y66.342 E.01327
G1 X121.891 Y66.573 E.01328
G1 X122.565 Y66.835 E.01327
;WIDTH:0.463622
G1 X123.226 Y67.13 E.01331
;WIDTH:0.463746
G1 X123.872 Y67.455 E.0133
G1 X124.501 Y67.809 E.01327
;WIDTH:0.462445
G1 X125.29 Y68.313 E.01716
;WIDTH:0.462707
G1 X125.902 Y68.753 E.01383
G1 X126.468 Y69.202 E.01325
G1 X127.012 Y69.679 E.01327
G1 X127.533 Y70.18 E.01326
;WIDTH:0.464132
G1 X128.03 Y70.706 E.01332
G1 X128.502 Y71.255 E.01332
;WIDTH:0.462493
G1 X128.951 Y71.829 E.01336
;WIDTH:0.461033
G1 X129.365 Y72.415 E.01311
G1 X129.753 Y73.024 E.0132
;WIDTH:0.462682
G1 X130.227 Y73.869 E.01777
G1 X130.545 Y74.516 E.01322
;WIDTH:0.463507
G1 X130.833 Y75.179 E.01328
G1 X131.089 Y75.856 E.0133
G1 X131.323 Y76.572 E.01384
;WIDTH:0.460615
G1 X131.51 Y77.26 E.01302
;WIDTH:0.462587
G1 X131.709 Y78.187 E.01739
G1 X131.821 Y78.898 E.0132
;WIDTH:0.462689
G1 X131.9 Y79.617 E.01327
G1 X131.945 Y80.339 E.01327
;WIDTH:0.462737
G1 X131.956 Y81.062 E.01327
;WIDTH:0.463508
G1 X131.932 Y81.785 E.01329
G1 X131.875 Y82.506 E.01329
G1 X131.779 Y83.253 E.01384
;WIDTH:0.460761
G1 X131.655 Y83.953 E.01298
;WIDTH:0.460905
G1 X131.498 Y84.647 E.013
;WIDTH:0.461045
G1 X131.307 Y85.339 E.01312
;WIDTH:0.46118
G1 X131.081 Y86.027 E.01324
;WIDTH:0.461373
G1 X130.824 Y86.701 E.01319
G1 X130.399 Y87.645 E.01893
;WIDTH:0.462392
G1 X129.981 Y88.441 E.01648
G1 X129.613 Y89.058 E.01317
G1 X129.331 Y89.48 E.0093
;WIDTH:0.457925
G1 X128.919 Y90.063 E.01295
;WIDTH:0.460911
G1 X128.483 Y90.627 E.01302
G1 X128.014 Y91.17 E.01311
;WIDTH:0.464073
G1 X127.341 Y91.866 E.01782
;WIDTH:0.468949
G1 X126.556 Y92.588 E.01984
G1 X126.442 Y92.842 E.00518
;WIDTH:0.439999
G1 X126.461 Y93.198 E.0062
G1 X126.677 Y93.555 E.00726
G1 X126.688 Y93.752 E.00343
G1 X126.594 Y93.957 E.00392
G1 X126.354 Y94.062 E.00456
G1 X126.172 Y94.014 E.00328
G1 X125.823 Y93.681 E.00839
G1 X125.647 Y93.606 E.00333
G1 X125.5 Y93.994 F9000
;TYPE:External perimeter
;WIDTH:0.419999
G1 F1218
G1 X125.363 Y94.002 E.00227
G1 X124.288 Y94.654 E.02083
G1 X123.18 Y95.211 E.02055
G1 X122.235 Y95.604 E.01696
G1 X121.091 Y95.987 E.01999
G1 X119.888 Y96.288 E.02055
G1 X118.88 Y96.464 E.01695
G1 X117.679 Y96.587 E.02
G1 X116.438 Y96.616 E.02057
G1 X115.697 Y96.587 E.01229
G1 X114.957 Y96.522 E.01231
G1 X114.22 Y96.423 E.01232
G1 X113.457 Y96.282 E.01286
G1 X112.525 Y96.056 E.01589
G1 X111.814 Y95.842 E.0123
G1 X111.113 Y95.595 E.01232
G1 X110.425 Y95.314 E.01231
G1 X109.75 Y95.002 E.01232
G1 X109.092 Y94.657 E.01231
G1 X108.45 Y94.282 E.01232
G1 X107.827 Y93.877 E.01231
G1 X107.223 Y93.443 E.01232
G1 X106.641 Y92.981 E.01231
G1 X106.082 Y92.491 E.01232
G1 X105.523 Y91.953 E.01286
G1 X104.87 Y91.25 E.0159
G1 X104.395 Y90.68 E.01229
G1 X103.947 Y90.086 E.01233
G1 X103.528 Y89.473 E.0123
G1 X103.138 Y88.84 E.01232
G1 X102.778 Y88.189 E.01233
G1 X102.45 Y87.523 E.0123
G1 X102.154 Y86.841 E.01232
G1 X101.89 Y86.146 E.01232
G1 X101.66 Y85.439 E.01232
G1 X101.463 Y84.723 E.0123
G1 X101.294 Y83.965 E.01287
G1 X101.137 Y83.019 E.01589
G1 X101.055 Y82.281 E.0123
G1 X101.009 Y81.539 E.01232
G1 X100.998 Y80.796 E.01231
G1 X101.021 Y80.053 E.01232
G1 X101.08 Y79.312 E.01232
G1 X101.175 Y78.575 E.01231
G1 X101.303 Y77.843 E.01231
G1 X101.467 Y77.118 E.01232
G1 X101.664 Y76.401 E.01232
G1 X101.896 Y75.695 E.01231
G1 X102.16 Y75.001 E.0123
G1 X102.564 Y74.094 E.01645
G1 X102.919 Y73.405 E.01284
G1 X103.403 Y72.578 E.01588
G1 X103.957 Y71.756 E.01642
G1 X104.562 Y70.971 E.01642
G1 X105.069 Y70.384 E.01285
G1 X105.734 Y69.694 E.01588
G1 X106.476 Y69.015 E.01667
G1 X106.539 Y68.838 E.00311
G1 X106.31 Y68.456 E.00738
G1 X106.254 Y68.16 E.00499
G1 X106.309 Y67.874 E.00483
G1 X106.498 Y67.596 E.00557
G1 X106.799 Y67.417 E.0058
G1 X107.146 Y67.383 E.00578
G1 X107.485 Y67.513 E.00602
G1 X107.825 Y67.866 E.00812
G1 X108.011 Y67.854 E.00309
G1 X109.086 Y67.203 E.02082
G1 X110.193 Y66.645 E.02054
G1 X111.342 Y66.177 E.02056
G1 X112.283 Y65.869 E.01641
G1 X113.243 Y65.621 E.01643
G1 X114.151 Y65.454 E.0153
G1 X114.895 Y65.352 E.01244
G1 X115.721 Y65.269 E.01376
G1 X116.923 Y65.241 E.01992
G1 X117.693 Y65.271 E.01277
G1 X118.433 Y65.336 E.01231
G1 X119.169 Y65.436 E.01231
G1 X119.9 Y65.571 E.01232
G1 X120.624 Y65.741 E.01232
G1 X121.339 Y65.944 E.01232
G1 X122.043 Y66.181 E.01231
G1 X122.736 Y66.452 E.01233
G1 X123.415 Y66.754 E.01231
G1 X124.078 Y67.089 E.01231
G1 X124.727 Y67.455 E.01235
G1 X125.535 Y67.972 E.01589
G1 X126.163 Y68.424 E.01282
G1 X126.744 Y68.886 E.0123
G1 X127.303 Y69.376 E.01232
G1 X127.839 Y69.892 E.01233
G1 X128.349 Y70.432 E.01231
G1 X128.833 Y70.996 E.01231
G1 X129.293 Y71.587 E.01241
G1 X129.718 Y72.19 E.01222
G1 X130.118 Y72.819 E.01235
G1 X130.604 Y73.684 E.01644
G1 X130.93 Y74.348 E.01226
G1 X131.226 Y75.03 E.01232
G1 X131.489 Y75.725 E.01231
G1 X131.727 Y76.461 E.01282
G1 X131.919 Y77.171 E.01219
G1 X132.123 Y78.121 E.0161
G1 X132.239 Y78.852 E.01226
G1 X132.319 Y79.591 E.01232
G1 X132.365 Y80.333 E.01232
G1 X132.376 Y81.061 E.01206
G1 X132.352 Y81.804 E.01232
G1 X132.293 Y82.545 E.01232
G1 X132.199 Y83.282 E.01231
G1 X132.071 Y84.014 E.01231
G1 X131.907 Y84.739 E.01232
G1 X131.71 Y85.455 E.0123
G1 X131.478 Y86.162 E.01233
G1 X131.214 Y86.856 E.0123
G1 X130.811 Y87.762 E.01643
G1 X130.351 Y88.64 E.01642
G1 X129.971 Y89.278 E.0123
G1 X129.249 Y90.318 E.02098
G1 X128.8 Y90.9 E.01218
G1 X128.316 Y91.461 E.01228
G1 X127.625 Y92.176 E.01648
G1 X126.879 Y92.861 E.01678
G1 X126.835 Y93.019 E.00272
G1 X127.063 Y93.398 E.00733
G1 X127.119 Y93.69 E.00493
G1 X127.049 Y94.02 E.00559
G1 X126.928 Y94.191 E.00347
G1 X126.735 Y94.37 E.00436
G1 X126.304 Y94.475 E.00735
G1 X125.882 Y94.338 E.00735
G1 X125.557 Y94 E.00777
;LAYER_CHANGE
M117 DASHBOARD_LAYER_INDICATOR 27
;Z:2.8
;HEIGHT:0.0999999
;BEFORE_LAYER_CHANGE
M117 OBICO_LAYER_INDICATOR 26
G92 E0
;2.8
G1 E-3.5 F3600
;WIPE_START
G1 F7200
G1 X125.5 Y93.994 E-.02722
G1 X125.363 Y94.002 E-.06519
G1 X124.288 Y94.654 E-.5972
G1 X123.18 Y95.211 E-.58906
G1 X122.75 Y95.39 E-.22133
;WIPE_END
G1 Z2.8 F9000
;AFTER_LAYER_CHANGE
;2.8
G1 X124.999 Y93.173
G1 E5 F2400
;TYPE:Perimeter
;WIDTH:0.478905
G1 F1217
G1 X124.892 Y93.253 E.00254
G1 X124.25 Y93.654 E.0144
;WIDTH:0.473591
G1 X123.65 Y93.993 E.01295
G1 X123.035 Y94.303 E.01295
;WIDTH:0.473482
G1 X122.405 Y94.584 E.01296
;WIDTH:0.481515
G1 X121.446 Y94.946 E.01961
;WIDTH:0.477935
G1 X120.839 Y95.14 E.01209
G1 X120.115 Y95.329 E.0142
;WIDTH:0.474255
G1 X119.442 Y95.474 E.01296
;WIDTH:0.477295
G1 X118.762 Y95.588 E.01307
G1 X118.077 Y95.666 E.01307
;WIDTH:0.473658
G1 X117.39 Y95.716 E.01295
G1 X116.702 Y95.733 E.01294
;WIDTH:0.475569
G1 X116.013 Y95.718 E.01301
G1 X115.325 Y95.671 E.01302
G1 X114.641 Y95.592 E.013
G1 X113.961 Y95.48 E.01301
;WIDTH:0.475266
G1 X113.287 Y95.337 E.013
;WIDTH:0.478723
G1 X112.755 Y95.201 E.01044
;WIDTH:0.481002
G1 X112.089 Y94.997 E.01331
G1 X111.429 Y94.765 E.01337
;WIDTH:0.480201
G1 X110.961 Y94.582 E.00958
;WIDTH:0.478931
G1 X110.136 Y94.204 E.01726
G1 X109.516 Y93.881 E.0133
;WIDTH:0.478325
G1 X108.911 Y93.527 E.01331
;WIDTH:0.478217
G1 X108.323 Y93.145 E.01332
;WIDTH:0.478103
G1 X107.753 Y92.735 E.01333
;WIDTH:0.477986
G1 X107.204 Y92.299 E.01331
;WIDTH:0.477864
G1 X106.676 Y91.837 E.01331
;WIDTH:0.477736
G1 X106.167 Y91.347 E.0134
;WIDTH:0.477229
G1 X105.694 Y90.845 E.01307
;WIDTH:0.477713
G1 X105.102 Y90.148 E.01735
;WIDTH:0.478508
G1 X104.663 Y89.566 E.01385
G1 X104.267 Y88.988 E.01331
;WIDTH:0.478098
G1 X103.899 Y88.39 E.01333
G1 X103.56 Y87.776 E.01332
;WIDTH:0.47798
G1 X103.25 Y87.147 E.01331
;WIDTH:0.477856
G1 X102.971 Y86.503 E.01332
;WIDTH:0.477729
G1 X102.722 Y85.847 E.01331
;WIDTH:0.477596
G1 X102.507 Y85.189 E.01313
;WIDTH:0.47745
G1 X102.324 Y84.524 E.01308
;WIDTH:0.477307
G1 X102.173 Y83.852 E.01305
;WIDTH:0.476812
G1 X102.053 Y83.174 E.01303
;WIDTH:0.475505
G1 X101.964 Y82.49 E.01302
G1 X101.908 Y81.804 E.01299
G1 X101.883 Y81.115 E.01301
G1 X101.89 Y80.426 E.01301
;WIDTH:0.476882
G1 X101.95 Y79.513 E.01732
;WIDTH:0.477445
G1 X102.047 Y78.715 E.01524
G1 X102.167 Y78.033 E.01313
;WIDTH:0.477298
G1 X102.317 Y77.36 E.01307
;WIDTH:0.477163
G1 X102.499 Y76.696 E.01304
;WIDTH:0.477032
G1 X102.711 Y76.04 E.01306
;WIDTH:0.476906
G1 X102.954 Y75.395 E.01305
;WIDTH:0.477877
G1 X103.364 Y74.471 E.01918
G1 X103.689 Y73.838 E.0135
;WIDTH:0.47735
G1 X104.034 Y73.242 E.01305
;WIDTH:0.474748
G1 X104.405 Y72.662 E.01298
;WIDTH:0.475655
G1 X104.802 Y72.099 E.01301
;WIDTH:0.478866
G1 X105.114 Y71.697 E.00968
G1 X105.674 Y71.032 E.01653
;WIDTH:0.476763
G1 X106.148 Y70.531 E.01306
;WIDTH:0.475039
G1 X106.893 Y69.826 E.01934
G1 X107.437 Y69.391 E.01313
;WIDTH:0.439999
G1 X107.984 Y68.973 E.01198
;WIDTH:0.484622
G1 X108.4 Y68.657 E.01006
G1 X109.124 Y68.202 E.01647
;WIDTH:0.47359
G1 X109.724 Y67.864 E.01294
G1 X110.339 Y67.554 E.01295
;WIDTH:0.473715
G1 X110.968 Y67.273 E.01295
;WIDTH:0.474085
G1 X111.61 Y67.021 E.01298
G1 X112.263 Y66.801 E.01297
;WIDTH:0.473562
G1 X112.925 Y66.61 E.01295
;WIDTH:0.478502
G1 X113.461 Y66.479 E.01048
G1 X114.272 Y66.323 E.01569
;WIDTH:0.472743
G1 X114.954 Y66.226 E.01292
;WIDTH:0.475222
G1 X115.64 Y66.16 E.013
G1 X116.552 Y66.126 E.01722
;WIDTH:0.475455
G1 X117.358 Y66.138 E.01521
G1 X118.049 Y66.186 E.01307
G1 X118.733 Y66.265 E.013
G1 X119.413 Y66.376 E.013
G1 X120.087 Y66.519 E.013
G1 X120.754 Y66.692 E.01301
G1 X121.412 Y66.897 E.01301
G1 X122.06 Y67.132 E.01301
G1 X122.696 Y67.397 E.013
;WIDTH:0.476617
G1 X123.52 Y67.794 E.01731
;WIDTH:0.477053
G1 X124.223 Y68.184 E.01523
G1 X124.81 Y68.551 E.01311
;WIDTH:0.475309
G1 X125.378 Y68.942 E.01301
;WIDTH:0.475463
G1 X125.926 Y69.359 E.013
G1 X126.454 Y69.802 E.01301
G1 X126.961 Y70.268 E.013
;WIDTH:0.477475
G1 X127.675 Y71.005 E.01945
G1 X128.13 Y71.532 E.0132
;WIDTH:0.477311
G1 X128.555 Y72.075 E.01307
;WIDTH:0.477172
G1 X128.954 Y72.637 E.01306
;WIDTH:0.47704
G1 X129.326 Y73.216 E.01304
;WIDTH:0.476916
G1 X129.67 Y73.813 E.01305
;WIDTH:0.475286
G1 X129.987 Y74.425 E.013
;WIDTH:0.475451
G1 X130.276 Y75.051 E.01301
;WIDTH:0.476883
G1 X130.613 Y75.902 E.01733
;WIDTH:0.477449
G1 X130.866 Y76.665 E.01524
G1 X131.05 Y77.332 E.01312
;WIDTH:0.477304
G1 X131.202 Y78.004 E.01306
;WIDTH:0.477167
G1 X131.322 Y78.683 E.01306
;WIDTH:0.477036
G1 X131.41 Y79.366 E.01304
;WIDTH:0.47691
G1 X131.467 Y80.053 E.01305
;WIDTH:0.476788
G1 X131.49 Y80.741 E.01303
;WIDTH:0.475451
G1 X131.484 Y81.43 E.01301
;WIDTH:0.476879
G1 X131.424 Y82.344 E.01734
;WIDTH:0.477442
G1 X131.327 Y83.142 E.01524
G1 X131.207 Y83.824 E.01313
;WIDTH:0.477297
G1 X131.057 Y84.496 E.01305
;WIDTH:0.477161
G1 X130.875 Y85.161 E.01306
;WIDTH:0.477029
G1 X130.663 Y85.816 E.01304
;WIDTH:0.476904
G1 X130.42 Y86.461 E.01305
;WIDTH:0.477877
G1 X130.012 Y87.383 E.01913
G1 X129.684 Y88.018 E.01356
;WIDTH:0.474769
G1 X129.34 Y88.614 E.01297
;WIDTH:0.475459
G1 X128.969 Y89.195 E.01301
G1 X128.571 Y89.758 E.01301
;WIDTH:0.476923
G1 X128.148 Y90.302 E.01305
;WIDTH:0.477023
G1 X127.7 Y90.825 E.01304
G1 X127.226 Y91.325 E.01305
;WIDTH:0.475038
G1 X126.481 Y92.031 E.01936
G1 X125.939 Y92.467 E.01312
;WIDTH:0.444615
G1 X125.39 Y92.883 E.01212
;WIDTH:0.478905
G1 X125.047 Y93.137 E.00812
G1 X124.811 Y92.788 F9000
;TYPE:External perimeter
;WIDTH:0.419999
G1 F1217
G1 X124.648 Y92.901 E.00329
G1 X124.025 Y93.294 E.0122
G1 X123.442 Y93.622 E.01108
G1 X122.844 Y93.923 E.01109
G1 X122.232 Y94.195 E.0111
G1 X121.296 Y94.549 E.01658
G1 X120.712 Y94.731 E.01014
G1 X120.008 Y94.919 E.01207
G1 X119.353 Y95.058 E.01109
G1 X118.693 Y95.167 E.01108
G1 X118.028 Y95.245 E.01109
G1 X117.361 Y95.292 E.01108
G1 X116.692 Y95.307 E.01109
G1 X116.023 Y95.292 E.01109
G1 X115.355 Y95.246 E.01109
G1 X114.69 Y95.168 E.01109
G1 X114.03 Y95.06 E.01108
G1 X113.375 Y94.921 E.01109
G1 X112.863 Y94.787 E.00877
G1 X112.22 Y94.589 E.01115
G1 X111.583 Y94.365 E.01119
G1 X110.962 Y94.113 E.0111
G1 X110.24 Y93.781 E.01317
G1 X109.717 Y93.504 E.00981
G1 X109.129 Y93.159 E.0113
G1 X108.558 Y92.787 E.01129
G1 X108.005 Y92.389 E.01129
G1 X107.471 Y91.965 E.0113
G1 X106.958 Y91.516 E.0113
G1 X106.464 Y91.04 E.01137
G1 X106.004 Y90.553 E.0111
G1 X105.429 Y89.872 E.01477
G1 X105.005 Y89.309 E.01168
G1 X104.622 Y88.749 E.01124
G1 X104.237 Y88.122 E.01219
G1 X103.935 Y87.571 E.01041
G1 X103.634 Y86.959 E.0113
G1 X103.363 Y86.334 E.01129
G1 X103.122 Y85.697 E.01128
G1 X102.913 Y85.057 E.01116
G1 X102.736 Y84.411 E.0111
G1 X102.589 Y83.759 E.01107
G1 X102.473 Y83.1 E.01109
G1 X102.387 Y82.436 E.01109
G1 X102.332 Y81.769 E.01109
G1 X102.309 Y81.1 E.01109
G1 X102.316 Y80.431 E.01109
G1 X102.376 Y79.541 E.01478
G1 X102.471 Y78.767 E.01292
G1 X102.587 Y78.107 E.0111
G1 X102.734 Y77.454 E.01109
G1 X102.911 Y76.809 E.01108
G1 X103.117 Y76.172 E.01109
G1 X103.353 Y75.546 E.01109
G1 X103.754 Y74.644 E.01636
G1 X104.068 Y74.034 E.01137
G1 X104.402 Y73.455 E.01108
G1 X104.764 Y72.891 E.0111
G1 X105.15 Y72.345 E.01108
G1 X105.562 Y71.818 E.01108
G1 X105.998 Y71.31 E.01109
G1 X106.457 Y70.823 E.01109
G1 X107.185 Y70.136 E.01659
G1 X107.699 Y69.704 E.01113
G1 X108.231 Y69.298 E.01109
G1 X108.645 Y69.012 E.00834
G1 X109.349 Y68.562 E.01384
G1 X109.932 Y68.234 E.01108
G1 X110.53 Y67.934 E.01109
G1 X111.141 Y67.661 E.01109
G1 X111.765 Y67.418 E.0111
G1 X112.399 Y67.203 E.01109
G1 X113.042 Y67.019 E.01108
G1 X113.56 Y66.896 E.00882
G1 X114.35 Y66.74 E.01334
G1 X115.013 Y66.647 E.01109
G1 X115.679 Y66.584 E.01108
G1 X116.568 Y66.55 E.01474
G1 X117.35 Y66.564 E.01296
G1 X118.019 Y66.611 E.01111
G1 X118.684 Y66.688 E.01109
G1 X119.344 Y66.797 E.01108
G1 X119.999 Y66.936 E.01109
G1 X120.646 Y67.105 E.01108
G1 X121.285 Y67.304 E.01109
G1 X121.914 Y67.533 E.01109
G1 X122.531 Y67.79 E.01107
G1 X123.334 Y68.179 E.01478
G1 X124.016 Y68.557 E.01292
G1 X124.585 Y68.912 E.01111
G1 X125.135 Y69.292 E.01108
G1 X125.667 Y69.698 E.01109
G1 X126.18 Y70.128 E.01109
G1 X126.672 Y70.582 E.01109
G1 X127.368 Y71.302 E.01659
G1 X127.806 Y71.811 E.01113
G1 X128.218 Y72.338 E.01108
G1 X128.605 Y72.884 E.01109
G1 X128.967 Y73.447 E.01109
G1 X129.301 Y74.026 E.01108
G1 X129.609 Y74.621 E.0111
G1 X129.888 Y75.229 E.01108
G1 X130.215 Y76.058 E.01477
G1 X130.46 Y76.799 E.01293
G1 X130.638 Y77.445 E.0111
G1 X130.785 Y78.098 E.01109
G1 X130.901 Y78.757 E.01109
G1 X130.987 Y79.421 E.01109
G1 X131.042 Y80.088 E.01109
G1 X131.065 Y80.756 E.01107
G1 X131.058 Y81.425 E.01109
G1 X130.998 Y82.315 E.01478
G1 X130.903 Y83.089 E.01292
G1 X130.787 Y83.749 E.0111
G1 X130.64 Y84.402 E.01109
G1 X130.463 Y85.048 E.0111
G1 X130.257 Y85.684 E.01108
G1 X130.021 Y86.311 E.0111
G1 X129.621 Y87.209 E.01629
G1 X129.306 Y87.822 E.01142
G1 X128.971 Y88.402 E.0111
G1 X128.61 Y88.965 E.01108
G1 X128.224 Y89.511 E.01108
G1 X127.812 Y90.039 E.0111
G1 X127.376 Y90.546 E.01108
G1 X126.917 Y91.033 E.01109
G1 X126.189 Y91.721 E.0166
G1 X125.675 Y92.153 E.01113
G1 X125.143 Y92.559 E.01109
G1 X124.861 Y92.754 E.00568
G1 E-3.5 F3600
;WIPE_START
G1 F7200
G1 X124.811 Y92.788 E-.02872
G1 X124.648 Y92.901 E-.09421
G1 X124.025 Y93.294 E-.34988
G1 X123.442 Y93.622 E-.31774
G1 X122.844 Y93.923 E-.318
G1 X122.232 Y94.195 E-.31812
G1 X122.088 Y94.25 E-.07333
;WIPE_END
G1 X107.056 Y68.174 F9000
G1 E5 F2400
;TYPE:Perimeter
;WIDTH:0.38499
G1 F1217
G1 X107.113 Y68.251 E.00145
;WIDTH:0.427936
G1 X107.171 Y68.329 E.00164
;WIDTH:0.470882
G1 X107.229 Y68.407 E.00182
;WIDTH:0.513828
G1 X107.287 Y68.485 E.00199
;WIDTH:0.556774
G1 X107.344 Y68.563 E.00215
;WIDTH:0.59972
G1 X107.402 Y68.641 E.00234
;WIDTH:0.642666
G1 X107.46 Y68.719 E.00251
G1 E-3.5 F3600
;WIPE_START
G1 F7200
G1 X107.402 Y68.641 E-.04617
G1 X107.344 Y68.563 E-.04617
G1 X107.287 Y68.485 E-.04589
G1 X107.229 Y68.407 E-.04617
G1 X107.171 Y68.329 E-.04617
G1 X107.113 Y68.251 E-.04617
G1 X107.056 Y68.174 E-.04551
;WIPE_END
G1 E-1.17775 F3600
G1 X126.31 Y93.67 F9000
G1 E5 F2400
;WIDTH:0.392843
G1 F1217
G1 X126.244 Y93.582 E.0017
;WIDTH:0.442819
G1 X126.178 Y93.493 E.00194
;WIDTH:0.492795
G1 X126.112 Y93.404 E.00217
;WIDTH:0.542772
G1 X126.046 Y93.315 E.0024
;WIDTH:0.592748
G1 X125.98 Y93.227 E.00261
;WIDTH:0.642724
G1 X125.914 Y93.138 E.00286
G1 X125.589 Y93.583 F9000
;WIDTH:0.439999
G1 F1217
G1 X125.563 Y93.573 E.00048
;WIDTH:0.478905
G1 X125.141 Y93.636 E.00811
G1 X125.049 Y93.693 E.00206
;WIDTH:0.476139
G1 X124.452 Y94.058 E.01323
;WIDTH:0.473146
G1 X123.827 Y94.41 E.01347
;WIDTH:0.473896
G1 X123.202 Y94.724 E.01316
G1 X122.565 Y95.007 E.01311
;WIDTH:0.481515
G1 X122.084 Y95.202 E.00993
G1 X121.55 Y95.386 E.0108
;WIDTH:0.475547
G1 X120.866 Y95.604 E.01355
G1 X120.188 Y95.775 E.0132
;WIDTH:0.473993
G1 X119.489 Y95.926 E.01345
;WIDTH:0.476601
G1 X118.783 Y96.045 E.01355
G1 X118.087 Y96.118 E.01324
;WIDTH:0.473206
G1 X117.372 Y96.169 E.01346
;WIDTH:0.473835
G1 X116.673 Y96.185 E.01315
;WIDTH:0.47571
G1 X115.959 Y96.171 E.01349
G1 X115.25 Y96.12 E.01342
G1 X114.545 Y96.037 E.01341
G1 X113.844 Y95.92 E.01342
;WIDTH:0.475337
G1 X113.148 Y95.769 E.01344
;WIDTH:0.476
G1 X112.452 Y95.589 E.01359
;WIDTH:0.481002
G1 X111.942 Y95.432 E.0102
G1 X111.26 Y95.192 E.01381
;WIDTH:0.480265
G1 X110.591 Y94.919 E.01378
G1 X109.817 Y94.555 E.01632
;WIDTH:0.476376
G1 X109.19 Y94.221 E.01344
G1 X108.58 Y93.857 E.01343
;WIDTH:0.476582
G1 X107.987 Y93.466 E.01344
;WIDTH:0.476694
G1 X107.413 Y93.048 E.01344
;WIDTH:0.476811
G1 X106.858 Y92.603 E.01347
G1 X106.326 Y92.133 E.01344
;WIDTH:0.477082
G1 X105.814 Y91.638 E.01349
;WIDTH:0.479979
G1 X105.188 Y90.962 E.01756
G1 X104.716 Y90.395 E.01406
;WIDTH:0.477792
G1 X104.224 Y89.735 E.01562
;WIDTH:0.476481
G1 X103.827 Y89.145 E.01345
;WIDTH:0.476588
G1 X103.459 Y88.538 E.01343
;WIDTH:0.4767
G1 X103.119 Y87.914 E.01345
;WIDTH:0.476817
G1 X102.808 Y87.275 E.01345
;WIDTH:0.476941
G1 X102.528 Y86.622 E.01345
;WIDTH:0.477067
G1 X102.278 Y85.957 E.01346
;WIDTH:0.477202
G1 X102.059 Y85.281 E.01346
;WIDTH:0.47732
G1 X101.872 Y84.596 E.01346
;WIDTH:0.477591
G1 X101.714 Y83.885 E.01381
;WIDTH:0.479214
G1 X101.561 Y82.954 E.01796
G1 X101.482 Y82.239 E.01369
G1 X101.437 Y81.517 E.01377
;WIDTH:0.479325
G1 X101.426 Y80.794 E.01376
;WIDTH:0.480613
G1 X101.45 Y80.072 E.01379
G1 X101.507 Y79.351 E.01381
;WIDTH:0.478785
G1 X101.603 Y78.604 E.01432
;WIDTH:0.477349
G1 X101.727 Y77.904 E.01347
;WIDTH:0.477492
G1 X101.884 Y77.211 E.01347
;WIDTH:0.477634
G1 X102.075 Y76.519 E.01361
;WIDTH:0.477767
G1 X102.301 Y75.832 E.01372
;WIDTH:0.477955
G1 X102.558 Y75.158 E.01369
G1 X102.981 Y74.216 E.0196
;WIDTH:0.476928
G1 X103.309 Y73.584 E.01348
;WIDTH:0.478971
G1 X103.77 Y72.8 E.0173
G1 X104.05 Y72.38 E.0096
;WIDTH:0.475474
G1 X104.46 Y71.798 E.01344
G1 X104.9 Y71.239 E.01343
;WIDTH:0.477548
G1 X105.369 Y70.69 E.01369
;WIDTH:0.480654
G1 X106.039 Y69.996 E.01842
G1 X106.766 Y69.331 E.01881
;WIDTH:0.479571
G1 X106.93 Y69.021 E.00668
;WIDTH:0.439999
G1 X106.915 Y68.665 E.0062
G1 X106.696 Y68.299 E.00742
G1 X106.682 Y68.1 E.00347
G1 X106.786 Y67.9 E.00392
G1 X107.01 Y67.807 E.00422
G1 X107.199 Y67.824 E.0033
G1 X107.556 Y68.18 E.00877
G1 X107.811 Y68.284 E.00479
;WIDTH:0.484622
G1 X108.171 Y68.256 E.00695
G1 X108.325 Y68.163 E.00346
;WIDTH:0.476136
G1 X108.922 Y67.799 E.01322
;WIDTH:0.473147
G1 X109.547 Y67.447 E.01347
;WIDTH:0.478996
G1 X110.365 Y67.038 E.0174
G1 X110.826 Y66.842 E.00953
;WIDTH:0.473705
G1 X111.493 Y66.583 E.01345
;WIDTH:0.473589
G1 X112.156 Y66.36 E.01315
;WIDTH:0.473482
G1 X112.844 Y66.164 E.01344
;WIDTH:0.474416
G1 X113.54 Y65.999 E.01347
G1 X114.228 Y65.872 E.01318
;WIDTH:0.473104
G1 X114.939 Y65.775 E.01347
;WIDTH:0.478438
G1 X115.732 Y65.697 E.01514
;WIDTH:0.480066
G1 X116.915 Y65.669 E.02256
G1 X117.656 Y65.698 E.01414
;WIDTH:0.479235
G1 X118.376 Y65.76 E.01375
G1 X119.093 Y65.858 E.01377
G1 X119.803 Y65.988 E.01374
G1 X120.508 Y66.153 E.01378
;WIDTH:0.47934
G1 X121.203 Y66.35 E.01375
G1 X121.888 Y66.581 E.01376
G1 X122.562 Y66.843 E.01377
;WIDTH:0.480791
G1 X123.222 Y67.138 E.01381
G1 X123.868 Y67.462 E.0138
;WIDTH:0.479118
G1 X124.497 Y67.816 E.01373
G1 X125.292 Y68.324 E.01795
;WIDTH:0.479293
G1 X125.897 Y68.759 E.01418
G1 X126.463 Y69.209 E.01376
G1 X127.007 Y69.685 E.01376
;WIDTH:0.481102
G1 X127.527 Y70.187 E.01381
G1 X128.046 Y70.735 E.01442
;WIDTH:0.477336
G1 X128.508 Y71.274 E.01345
;WIDTH:0.47748
G1 X128.944 Y71.835 E.01347
;WIDTH:0.477622
G1 X129.358 Y72.42 E.01359
G1 X129.746 Y73.029 E.01369
;WIDTH:0.479121
G1 X130.208 Y73.851 E.01794
;WIDTH:0.47932
G1 X130.538 Y74.52 E.0142
;WIDTH:0.480609
G1 X130.825 Y75.183 E.01379
G1 X131.082 Y75.858 E.01379
;WIDTH:0.478778
G1 X131.315 Y76.575 E.01433
;WIDTH:0.477342
G1 X131.502 Y77.261 E.01348
;WIDTH:0.477485
G1 X131.657 Y77.954 E.01346
;WIDTH:0.477628
G1 X131.78 Y78.661 E.01361
;WIDTH:0.477759
G1 X131.87 Y79.378 E.01371
G1 X131.926 Y80.097 E.01368
;WIDTH:0.47929
G1 X131.948 Y81.066 E.01845
;WIDTH:0.480613
G1 X131.924 Y81.785 E.01373
G1 X131.867 Y82.506 E.01381
;WIDTH:0.478785
G1 X131.771 Y83.253 E.01432
;WIDTH:0.47735
G1 X131.646 Y83.952 E.01346
;WIDTH:0.477494
G1 X131.49 Y84.645 E.01347
;WIDTH:0.477633
G1 X131.299 Y85.337 E.01361
;WIDTH:0.477768
G1 X131.073 Y86.024 E.01372
;WIDTH:0.477955
G1 X130.816 Y86.698 E.01369
G1 X130.392 Y87.642 E.01964
;WIDTH:0.478914
G1 X129.974 Y88.436 E.01707
G1 X129.709 Y88.879 E.00982
;WIDTH:0.475334
G1 X129.325 Y89.479 E.01344
G1 X128.912 Y90.058 E.01342
;WIDTH:0.477499
G1 X128.476 Y90.622 E.01352
G1 X128.007 Y91.165 E.0136
;WIDTH:0.480652
G1 X127.335 Y91.86 E.01846
;WIDTH:0.485665
G1 X126.549 Y92.583 E.02061
G1 X126.444 Y92.835 E.00527
;WIDTH:0.439999
G1 X126.459 Y93.192 E.00622
G1 X126.677 Y93.556 E.00738
G1 X126.688 Y93.75 E.00338
G1 X126.594 Y93.957 E.00396
G1 X126.355 Y94.062 E.00454
G1 X126.172 Y94.014 E.00329
G1 X125.818 Y93.677 E.0085
G1 X125.645 Y93.606 E.00325
G1 X125.5 Y93.993 F9000
;TYPE:External perimeter
;WIDTH:0.419999
G1 F1217
G1 X125.363 Y94.002 E.00227
G1 X124.288 Y94.654 E.02083
G1 X123.18 Y95.211 E.02055
G1 X122.243 Y95.601 E.01682
G1 X121.091 Y95.987 E.02013
G1 X119.888 Y96.288 E.02055
G1 X118.887 Y96.463 E.01684
G1 X117.679 Y96.587 E.02012
G1 X116.438 Y96.616 E.02057
G1 X115.697 Y96.587 E.01229
G1 X114.957 Y96.522 E.01231
G1 X114.22 Y96.423 E.01232
G1 X113.465 Y96.284 E.01272
G1 X112.525 Y96.056 E.01603
G1 X111.814 Y95.842 E.0123
G1 X111.113 Y95.595 E.01232
G1 X110.425 Y95.314 E.01231
G1 X109.75 Y95.001 E.01233
G1 X109.092 Y94.657 E.0123
G1 X108.45 Y94.282 E.01232
G1 X107.827 Y93.877 E.01231
G1 X107.223 Y93.443 E.01232
G1 X106.641 Y92.981 E.01231
G1 X106.082 Y92.491 E.01232
G1 X105.529 Y91.959 E.01271
G1 X104.87 Y91.25 E.01604
G1 X104.395 Y90.68 E.01229
G1 X103.947 Y90.086 E.01233
G1 X103.528 Y89.473 E.0123
G1 X103.138 Y88.84 E.01232
G1 X102.778 Y88.189 E.01233
G1 X102.45 Y87.522 E.01232
G1 X102.154 Y86.841 E.0123
G1 X101.89 Y86.146 E.01232
G1 X101.66 Y85.439 E.01232
G1 X101.463 Y84.723 E.0123
G1 X101.296 Y83.973 E.01273
G1 X101.137 Y83.019 E.01603
G1 X101.055 Y82.281 E.0123
G1 X101.009 Y81.539 E.01232
G1 X100.998 Y80.796 E.01231
G1 X101.021 Y80.053 E.01232
G1 X101.08 Y79.312 E.01232
G1 X101.175 Y78.575 E.01231
G1 X101.303 Y77.843 E.01231
G1 X101.467 Y77.118 E.01232
G1 X101.664 Y76.401 E.01232
G1 X101.896 Y75.695 E.01231
G1 X102.16 Y75.001 E.0123
G1 X102.564 Y74.094 E.01645
G1 X102.915 Y73.412 E.01271
G1 X103.403 Y72.578 E.01601
G1 X103.957 Y71.756 E.01642
G1 X104.421 Y71.145 E.01271
G1 X105.047 Y70.408 E.01602
G1 X105.734 Y69.694 E.01642
G1 X106.476 Y69.015 E.01667
G1 X106.539 Y68.841 E.00307
G1 X106.31 Y68.455 E.00744
G1 X106.254 Y68.16 E.00498
G1 X106.309 Y67.875 E.00481
G1 X106.499 Y67.595 E.00561
G1 X106.799 Y67.417 E.00578
G1 X107.145 Y67.383 E.00576
G1 X107.411 Y67.474 E.00466
G1 X107.829 Y67.867 E.00951
G1 X108.011 Y67.854 E.00302
G1 X109.086 Y67.203 E.02082
G1 X110.194 Y66.645 E.02056
G1 X111.108 Y66.264 E.01641
G1 X112.284 Y65.869 E.02056
G1 X113.267 Y65.616 E.01682
G1 X114.152 Y65.454 E.01491
G1 X114.895 Y65.352 E.01243
G1 X115.722 Y65.269 E.01377
G1 X116.932 Y65.241 E.02005
G1 X117.693 Y65.271 E.01262
G1 X118.433 Y65.336 E.01231
G1 X119.17 Y65.436 E.01232
G1 X119.901 Y65.571 E.01232
G1 X120.624 Y65.741 E.01231
G1 X121.339 Y65.944 E.01232
G1 X122.044 Y66.181 E.01232
G1 X122.736 Y66.452 E.01231
G1 X123.415 Y66.754 E.01231
G1 X124.079 Y67.089 E.01232
G1 X124.727 Y67.456 E.01234
G1 X125.542 Y67.977 E.01603
G1 X126.163 Y68.424 E.01268
G1 X126.745 Y68.886 E.01231
G1 X127.304 Y69.376 E.01232
G1 X127.839 Y69.892 E.01232
G1 X128.369 Y70.456 E.01282
G1 X128.845 Y71.011 E.01211
G1 X129.293 Y71.588 E.0121
G1 X129.718 Y72.19 E.01221
G1 X130.118 Y72.819 E.01235
G1 X130.592 Y73.662 E.01602
G1 X130.93 Y74.349 E.01269
G1 X131.226 Y75.031 E.01232
G1 X131.489 Y75.726 E.01231
G1 X131.727 Y76.462 E.01282
G1 X131.919 Y77.167 E.01211
G1 X132.078 Y77.88 E.0121
G1 X132.204 Y78.607 E.01223
G1 X132.296 Y79.345 E.01232
G1 X132.354 Y80.087 E.01233
G1 X132.376 Y81.062 E.01616
G1 X132.352 Y81.804 E.0123
G1 X132.293 Y82.545 E.01232
G1 X132.199 Y83.282 E.01231
G1 X132.071 Y84.014 E.01231
G1 X131.907 Y84.739 E.01232
G1 X131.71 Y85.455 E.0123
G1 X131.478 Y86.162 E.01233
G1 X131.214 Y86.856 E.0123
G1 X130.811 Y87.762 E.01643
G1 X130.351 Y88.64 E.01642
G1 X129.677 Y89.719 E.02108
G1 X129.249 Y90.318 E.0122
G1 X128.799 Y90.901 E.0122
G1 X128.315 Y91.461 E.01226
G1 X127.625 Y92.176 E.01646
G1 X126.879 Y92.861 E.01678
G1 X126.834 Y93.015 E.00266
G1 X127.063 Y93.399 E.00741
G1 X127.12 Y93.689 E.0049
G1 X127.049 Y94.02 E.00561
G1 X126.928 Y94.192 E.00348
G1 X126.735 Y94.37 E.00435
G1 X126.304 Y94.475 E.00735
G1 X125.882 Y94.338 E.00735
G1 X125.556 Y94.001 E.00777
;LAYER_CHANGE
M117 DASHBOARD_LAYER_INDICATOR 28
;Z:2.9
;HEIGHT:0.1
;BEFORE_LAYER_CHANGE
M117 OBICO_LAYER_INDICATOR 27
G92 E0
;2.9
G1 E-3.5 F3600
;WIPE_START
G1 F7200
G1 X125.5 Y93.993 E-.02687
G1 X125.363 Y94.002 E-.06522
G1 X124.288 Y94.654 E-.5972
G1 X123.18 Y95.211 E-.58906
G1 X122.749 Y95.39 E-.22165
;WIPE_END
G1 Z2.9 F9000
;AFTER_LAYER_CHANGE
;2.9
G1 X124.983 Y93.152
G1 E5 F2400
;TYPE:Perimeter
;WIDTH:0.495509
G1 F1216
G1 X124.879 Y93.231 E.00257
G1 X124.237 Y93.633 E.01493
;WIDTH:0.490187
G1 X123.639 Y93.971 E.01339
G1 X123.024 Y94.28 E.01341
G1 X122.396 Y94.561 E.01341
;WIDTH:0.495383
G1 X121.928 Y94.747 E.00992
G1 X121.104 Y95.032 E.01718
;WIDTH:0.489659
G1 X120.443 Y95.222 E.01339
;WIDTH:0.49723
G1 X119.695 Y95.395 E.01519
G1 X118.765 Y95.563 E.01869
;WIDTH:0.494001
G1 X118.075 Y95.642 E.01364
;WIDTH:0.490256
G1 X117.389 Y95.691 E.0134
G1 X116.702 Y95.708 E.01339
;WIDTH:0.492162
G1 X116.014 Y95.693 E.01347
G1 X115.328 Y95.646 E.01346
G1 X114.644 Y95.567 E.01347
;WIDTH:0.494468
G1 X113.654 Y95.395 E.01976
G1 X112.959 Y95.231 E.01404
;WIDTH:0.492345
G1 X112.298 Y95.042 E.01346
G1 X111.646 Y94.822 E.01347
G1 X111.005 Y94.573 E.01346
;WIDTH:0.492244
G1 X110.376 Y94.294 E.01347
G1 X109.761 Y93.986 E.01346
G1 X109.161 Y93.649 E.01347
;WIDTH:0.492128
G1 X108.577 Y93.285 E.01347
G1 X108.011 Y92.895 E.01345
G1 X107.464 Y92.478 E.01346
G1 X106.936 Y92.036 E.01347
;WIDTH:0.493957
G1 X106.19 Y91.335 E.02011
G1 X105.713 Y90.829 E.01366
;WIDTH:0.492197
G1 X105.264 Y90.308 E.01346
G1 X104.84 Y89.766 E.01347
G1 X104.442 Y89.206 E.01345
G1 X104.07 Y88.627 E.01347
;WIDTH:0.492099
G1 X103.725 Y88.032 E.01346
G1 X103.409 Y87.421 E.01346
G1 X103.121 Y86.796 E.01347
G1 X102.863 Y86.158 E.01347
G1 X102.635 Y85.51 E.01344
G1 X102.437 Y84.851 E.01346
G1 X102.27 Y84.184 E.01345
;WIDTH:0.491929
G1 X102.134 Y83.508 E.01349
;WIDTH:0.498142
G1 X101.963 Y82.203 E.02608
;WIDTH:0.495889
G1 X101.919 Y81.505 E.0138
G1 X101.909 Y80.804 E.01383
G1 X101.931 Y80.104 E.01381
;WIDTH:0.497692
G1 X101.989 Y79.409 E.01381
G1 X102.072 Y78.716 E.01382
;WIDTH:0.494028
G1 X102.191 Y78.038 E.01352
;WIDTH:0.493887
G1 X102.341 Y77.367 E.0135
;WIDTH:0.493753
G1 X102.522 Y76.703 E.01351
;WIDTH:0.493619
G1 X102.734 Y76.049 E.0135
;WIDTH:0.493494
G1 X102.977 Y75.405 E.01351
;WIDTH:0.494462
G1 X103.385 Y74.484 E.01981
G1 X103.711 Y73.851 E.014
;WIDTH:0.492282
G1 X104.054 Y73.255 E.01346
G1 X104.426 Y72.676 E.01347
G1 X104.822 Y72.114 E.01346
G1 X105.246 Y71.571 E.01349
;WIDTH:0.493342
G1 X105.693 Y71.049 E.01348
G1 X106.165 Y70.549 E.01349
;WIDTH:0.491622
G1 X106.908 Y69.846 E.01999
G1 X107.183 Y69.631 E.00682
;WIDTH:0.465811
G1 X107.457 Y69.417 E.00642
;WIDTH:0.439999
G1 X108.003 Y69 E.01195
;WIDTH:0.470668
G1 X108.207 Y68.84 E.00484
;WIDTH:0.501337
G1 X108.412 Y68.679 E.0052
G1 X109.137 Y68.224 E.01708
;WIDTH:0.490187
G1 X109.735 Y67.886 E.01339
G1 X110.35 Y67.576 E.01342
G1 X110.978 Y67.296 E.0134
;WIDTH:0.495383
G1 X111.447 Y67.109 E.00995
G1 X112.27 Y66.825 E.01715
;WIDTH:0.490371
G1 X112.931 Y66.634 E.01341
;WIDTH:0.495325
G1 X113.443 Y66.509 E.01038
G1 X114.276 Y66.347 E.01672
;WIDTH:0.489217
G1 X114.957 Y66.251 E.01337
;WIDTH:0.491807
G1 X115.641 Y66.185 E.01344
G1 X116.579 Y66.15 E.01836
;WIDTH:0.492087
G1 X117.357 Y66.163 E.01522
G1 X118.046 Y66.21 E.01351
G1 X118.729 Y66.29 E.01346
G1 X119.408 Y66.4 E.01346
G1 X120.081 Y66.543 E.01346
G1 X120.747 Y66.716 E.01346
G1 X121.404 Y66.921 E.01347
G1 X122.05 Y67.155 E.01344
;WIDTH:0.493931
G1 X122.992 Y67.559 E.02013
G1 X123.613 Y67.87 E.01364
;WIDTH:0.493767
G1 X124.213 Y68.207 E.01351
;WIDTH:0.493635
G1 X124.797 Y68.571 E.01351
;WIDTH:0.493509
G1 X125.363 Y68.961 E.01349
;WIDTH:0.493387
G1 X125.91 Y69.378 E.0135
;WIDTH:0.493271
G1 X126.437 Y69.821 E.0135
;WIDTH:0.491909
G1 X126.944 Y70.286 E.01346
;WIDTH:0.494063
G1 X127.657 Y71.021 E.02012
G1 X128.111 Y71.548 E.01367
;WIDTH:0.4939
G1 X128.535 Y72.09 E.01352
;WIDTH:0.493761
G1 X128.933 Y72.65 E.01349
;WIDTH:0.49363
G1 X129.305 Y73.229 E.01351
;WIDTH:0.493503
G1 X129.649 Y73.825 E.01351
;WIDTH:0.493384
G1 X129.966 Y74.435 E.01349
;WIDTH:0.493266
G1 X130.252 Y75.061 E.0135
;WIDTH:0.492039
G1 X130.511 Y75.698 E.01345
G1 X130.739 Y76.347 E.01346
G1 X130.937 Y77.006 E.01346
G1 X131.104 Y77.673 E.01345
G1 X131.241 Y78.349 E.01349
G1 X131.383 Y79.36 E.01997
G1 X131.442 Y80.054 E.01363
G1 X131.466 Y80.742 E.01347
G1 X131.459 Y81.429 E.01344
G1 X131.42 Y82.116 E.01346
;WIDTH:0.494051
G1 X131.303 Y83.134 E.02013
G1 X131.183 Y83.819 E.01366
;WIDTH:0.493886
G1 X131.033 Y84.49 E.0135
;WIDTH:0.49375
G1 X130.851 Y85.153 E.0135
;WIDTH:0.493617
G1 X130.64 Y85.808 E.01351
;WIDTH:0.493493
G1 X130.397 Y86.452 E.01351
;WIDTH:0.494459
G1 X129.989 Y87.373 E.01981
G1 X129.663 Y88.006 E.014
;WIDTH:0.49228
G1 X129.32 Y88.602 E.01346
G1 X128.948 Y89.181 E.01347
G1 X128.552 Y89.743 E.01346
G1 X128.128 Y90.285 E.01347
;WIDTH:0.493326
G1 X127.681 Y90.808 E.0135
G1 X127.209 Y91.308 E.01349
;WIDTH:0.491622
G1 X126.466 Y92.011 E.01999
G1 X125.919 Y92.442 E.01361
;WIDTH:0.446944
G1 X125.371 Y92.857 E.01216
;WIDTH:0.467754
G1 X125.125 Y93.044 E.00573
;WIDTH:0.495509
G1 X125.031 Y93.115 E.00232
G1 X124.792 Y92.761 F9000
;TYPE:External perimeter
;WIDTH:0.419999
G1 F1216
G1 X124.63 Y92.873 E.00326
G1 X124.008 Y93.266 E.01219
G1 X123.426 Y93.593 E.01106
G1 X122.83 Y93.893 E.01106
G1 X122.22 Y94.164 E.01106
G1 X121.598 Y94.407 E.01106
G1 X120.965 Y94.621 E.01107
G1 X120.324 Y94.806 E.01105
G1 X119.599 Y94.969 E.01231
G1 X118.694 Y95.133 E.01524
G1 X118.025 Y95.212 E.01116
G1 X117.359 Y95.259 E.01106
G1 X116.692 Y95.274 E.01105
G1 X116.024 Y95.259 E.01107
G1 X115.358 Y95.213 E.01106
G1 X114.695 Y95.135 E.01106
G1 X113.73 Y94.965 E.01624
G1 X113.059 Y94.808 E.01142
G1 X112.417 Y94.624 E.01107
G1 X111.785 Y94.411 E.01105
G1 X111.163 Y94.168 E.01106
G1 X110.553 Y93.897 E.01106
G1 X109.956 Y93.597 E.01107
G1 X109.374 Y93.27 E.01106
G1 X108.808 Y92.917 E.01105
G1 X108.258 Y92.537 E.01108
G1 X107.727 Y92.132 E.01107
G1 X107.216 Y91.703 E.01106
G1 X106.489 Y91.018 E.01655
G1 X106.029 Y90.531 E.0111
G1 X105.594 Y90.025 E.01106
G1 X105.182 Y89.499 E.01107
G1 X104.796 Y88.954 E.01107
G1 X104.436 Y88.392 E.01106
G1 X104.102 Y87.814 E.01106
G1 X103.795 Y87.221 E.01106
G1 X103.516 Y86.615 E.01105
G1 X103.266 Y85.996 E.01106
G1 X103.045 Y85.366 E.01106
G1 X102.853 Y84.726 E.01107
G1 X102.691 Y84.079 E.01105
G1 X102.559 Y83.422 E.0111
G1 X102.398 Y82.168 E.02095
G1 X102.356 Y81.489 E.01127
G1 X102.345 Y80.809 E.01127
G1 X102.367 Y80.13 E.01126
G1 X102.504 Y78.771 E.02263
G1 X102.62 Y78.114 E.01105
G1 X102.766 Y77.462 E.01107
G1 X102.942 Y76.818 E.01106
G1 X103.148 Y76.183 E.01106
G1 X103.384 Y75.558 E.01107
G1 X103.783 Y74.661 E.01627
G1 X104.097 Y74.05 E.01138
G1 X104.431 Y73.472 E.01106
G1 X104.791 Y72.91 E.01106
G1 X105.177 Y72.365 E.01107
G1 X105.588 Y71.839 E.01106
G1 X106.023 Y71.332 E.01107
G1 X106.481 Y70.846 E.01107
G1 X107.206 Y70.162 E.01652
G1 X107.72 Y69.73 E.01113
G1 X108.251 Y69.325 E.01107
G1 X108.743 Y68.984 E.00992
G1 X109.366 Y68.591 E.0122
G1 X109.948 Y68.264 E.01106
G1 X110.544 Y67.964 E.01106
G1 X111.154 Y67.692 E.01107
G1 X111.776 Y67.449 E.01106
G1 X112.408 Y67.235 E.01106
G1 X113.05 Y67.051 E.01107
G1 X114.356 Y66.773 E.02212
G1 X115.017 Y66.68 E.01106
G1 X115.682 Y66.617 E.01107
G1 X116.595 Y66.583 E.01514
G1 X117.349 Y66.598 E.0125
G1 X118.016 Y66.644 E.01108
G1 X118.679 Y66.721 E.01106
G1 X119.338 Y66.829 E.01106
G1 X119.991 Y66.968 E.01106
G1 X120.637 Y67.137 E.01106
G1 X121.274 Y67.335 E.01105
G1 X121.902 Y67.564 E.01108
G1 X122.819 Y67.959 E.01654
G1 X123.418 Y68.259 E.0111
G1 X124 Y68.586 E.01106
G1 X124.566 Y68.94 E.01106
G1 X125.116 Y69.319 E.01107
G1 X125.647 Y69.724 E.01107
G1 X126.158 Y70.153 E.01106
G1 X126.649 Y70.605 E.01106
G1 X127.343 Y71.324 E.01656
G1 X127.78 Y71.832 E.0111
G1 X128.191 Y72.358 E.01106
G1 X128.578 Y72.902 E.01106
G1 X128.938 Y73.464 E.01106
G1 X129.272 Y74.042 E.01106
G1 X129.579 Y74.635 E.01106
G1 X129.858 Y75.242 E.01107
G1 X130.108 Y75.861 E.01106
G1 X130.329 Y76.491 E.01106
G1 X130.521 Y77.13 E.01106
G1 X130.683 Y77.778 E.01107
G1 X130.815 Y78.434 E.01109
G1 X130.953 Y79.42 E.0165
G1 X131.008 Y80.089 E.01112
G1 X131.032 Y80.757 E.01108
G1 X131.024 Y81.424 E.01105
G1 X130.986 Y82.091 E.01107
G1 X130.87 Y83.083 E.01655
G1 X130.754 Y83.743 E.0111
G1 X130.608 Y84.394 E.01105
G1 X130.432 Y85.038 E.01106
G1 X130.226 Y85.673 E.01106
G1 X129.99 Y86.298 E.01107
G1 X129.591 Y87.195 E.01627
G1 X129.277 Y87.806 E.01138
G1 X128.943 Y88.384 E.01106
G1 X128.583 Y88.947 E.01107
G1 X128.197 Y89.491 E.01105
G1 X127.786 Y90.018 E.01107
G1 X127.351 Y90.524 E.01106
G1 X126.893 Y91.01 E.01107
G1 X126.168 Y91.695 E.01653
G1 X125.654 Y92.127 E.01113
G1 X125.123 Y92.532 E.01107
G1 X124.841 Y92.727 E.00568
G1 E-3.5 F3600
;WIPE_START
G1 F7200
G1 X124.792 Y92.761 E-.02833
G1 X124.63 Y92.873 E-.09355
G1 X124.008 Y93.266 E-.34948
G1 X123.426 Y93.593 E-.3171
G1 X122.83 Y93.893 E-.31694
G1 X122.22 Y94.164 E-.31706
G1 X122.068 Y94.224 E-.07754
;WIPE_END
G1 X107.056 Y68.174 F9000
G1 E5 F2400
;TYPE:Perimeter
;WIDTH:0.388126
G1 F1216
G1 X107.115 Y68.254 E.00152
;WIDTH:0.434231
G1 X107.175 Y68.334 E.00172
;WIDTH:0.480336
G1 X107.235 Y68.415 E.00192
;WIDTH:0.526442
G1 X107.294 Y68.495 E.00209
;WIDTH:0.572547
G1 X107.354 Y68.576 E.00231
;WIDTH:0.618653
G1 X107.413 Y68.656 E.00247
;WIDTH:0.664758
G1 X107.473 Y68.737 E.0027
G1 E-3.5 F3600
;WIPE_START
G1 F7200
G1 X107.413 Y68.656 E-.04788
G1 X107.354 Y68.576 E-.04722
G1 X107.294 Y68.495 E-.04788
G1 X107.235 Y68.415 E-.04722
G1 X107.175 Y68.334 E-.04788
G1 X107.115 Y68.254 E-.0475
G1 X107.056 Y68.174 E-.04722
;WIPE_END
G1 E-1.1672 F3600
G1 X126.31 Y93.67 F9000
G1 E5 F2400
;WIDTH:0.388859
G1 F1216
G1 X126.251 Y93.592 E.00149
;WIDTH:0.434852
G1 X126.193 Y93.513 E.00168
;WIDTH:0.480845
G1 X126.135 Y93.435 E.00186
;WIDTH:0.526838
G1 X126.076 Y93.356 E.00207
;WIDTH:0.57283
G1 X126.018 Y93.277 E.00225
;WIDTH:0.618823
G1 X125.959 Y93.199 E.00243
;WIDTH:0.664816
G1 X125.901 Y93.12 E.00262
G1 X125.588 Y93.584 F9000
;WIDTH:0.439999
G1 F1216
G1 X125.555 Y93.571 E.00062
;WIDTH:0.467754
G1 X125.346 Y93.6 E.00392
;WIDTH:0.495509
G1 X125.136 Y93.629 E.00418
G1 X125.044 Y93.687 E.00214
;WIDTH:0.492721
G1 X124.448 Y94.051 E.01368
;WIDTH:0.489735
G1 X123.823 Y94.403 E.01396
;WIDTH:0.495572
G1 X123.006 Y94.811 E.018
G1 X122.544 Y95.007 E.00989
;WIDTH:0.490393
G1 X121.878 Y95.266 E.01393
G1 X121.215 Y95.488 E.01363
;WIDTH:0.490084
G1 X120.515 Y95.685 E.01417
;WIDTH:0.490654
G1 X119.488 Y95.918 E.02054
;WIDTH:0.493059
G1 X118.781 Y96.036 E.01405
G1 X118.086 Y96.11 E.0137
;WIDTH:0.489795
G1 X117.371 Y96.16 E.01396
;WIDTH:0.495682
G1 X116.434 Y96.179 E.01848
G1 X115.719 Y96.151 E.01411
;WIDTH:0.49582
G1 X114.999 Y96.088 E.01425
;WIDTH:0.497291
G1 X114.283 Y95.99 E.0143
G1 X113.491 Y95.842 E.01594
;WIDTH:0.495489
G1 X112.633 Y95.633 E.0174
G1 X111.944 Y95.425 E.01418
;WIDTH:0.495638
G1 X111.263 Y95.184 E.01424
G1 X110.594 Y94.912 E.01424
;WIDTH:0.49574
G1 X109.938 Y94.607 E.01426
G1 X109.298 Y94.272 E.01424
G1 X108.674 Y93.907 E.01425
;WIDTH:0.495858
G1 X108.069 Y93.513 E.01424
G1 X107.482 Y93.091 E.01426
G1 X106.917 Y92.641 E.01425
;WIDTH:0.497591
G1 X106.373 Y92.165 E.01431
G1 X105.82 Y91.631 E.01522
;WIDTH:0.495669
G1 X105.202 Y90.966 E.0179
G1 X104.879 Y90.581 E.00991
;WIDTH:0.492355
G1 X104.442 Y90.021 E.01391
G1 X104.033 Y89.441 E.01389
;WIDTH:0.492251
G1 X103.65 Y88.843 E.0139
G1 X103.296 Y88.228 E.01389
G1 X102.971 Y87.596 E.01391
;WIDTH:0.492131
G1 X102.675 Y86.951 E.01389
G1 X102.41 Y86.292 E.0139
G1 X102.176 Y85.622 E.01389
G1 X101.974 Y84.942 E.01388
G1 X101.803 Y84.252 E.01391
;WIDTH:0.491904
G1 X101.664 Y83.543 E.01413
;WIDTH:0.498142
G1 X101.57 Y82.952 E.01186
G1 X101.49 Y82.238 E.01424
;WIDTH:0.495889
G1 X101.445 Y81.517 E.01425
G1 X101.434 Y80.794 E.01426
G1 X101.458 Y80.072 E.01425
;WIDTH:0.497692
G1 X101.516 Y79.352 E.0143
G1 X101.611 Y78.604 E.01493
;WIDTH:0.493936
G1 X101.736 Y77.905 E.01395
;WIDTH:0.49408
G1 X101.892 Y77.213 E.01394
;WIDTH:0.494221
G1 X102.083 Y76.521 E.01411
;WIDTH:0.494356
G1 X102.309 Y75.835 E.0142
;WIDTH:0.494538
G1 X102.565 Y75.161 E.01418
G1 X102.99 Y74.218 E.02034
;WIDTH:0.495566
G1 X103.408 Y73.423 E.0177
G1 X103.775 Y72.807 E.01413
G1 X104.057 Y72.385 E.01
;WIDTH:0.492111
G1 X104.467 Y71.803 E.01393
G1 X104.907 Y71.244 E.01392
;WIDTH:0.494133
G1 X105.375 Y70.695 E.01418
;WIDTH:0.497227
G1 X106.045 Y70.002 E.01907
G1 X106.771 Y69.337 E.01947
;WIDTH:0.496185
G1 X106.85 Y69.182 E.00343
;WIDTH:0.468092
G1 X106.928 Y69.028 E.00321
;WIDTH:0.439999
G1 X106.917 Y68.671 E.00622
G1 X106.696 Y68.298 E.00754
G1 X106.682 Y68.101 E.00344
G1 X106.787 Y67.899 E.00396
G1 X107.01 Y67.807 E.0042
G1 X107.199 Y67.824 E.0033
G1 X107.562 Y68.184 E.0089
G1 X107.819 Y68.285 E.0048
;WIDTH:0.470668
G1 X107.997 Y68.275 E.00333
;WIDTH:0.501337
G1 X108.175 Y68.264 E.00356
G1 X108.33 Y68.17 E.00362
;WIDTH:0.492719
G1 X108.926 Y67.806 E.01368
;WIDTH:0.489735
G1 X109.551 Y67.454 E.01396
;WIDTH:0.495573
G1 X110.368 Y67.046 E.018
G1 X110.83 Y66.85 E.00989
;WIDTH:0.490395
G1 X111.496 Y66.59 E.01394
G1 X112.159 Y66.368 E.01363
G1 X112.846 Y66.171 E.01393
;WIDTH:0.490669
G1 X113.543 Y66.007 E.01397
G1 X114.23 Y65.88 E.01363
;WIDTH:0.489597
G1 X114.94 Y65.783 E.01395
;WIDTH:0.495044
G1 X115.733 Y65.705 E.01569
;WIDTH:0.496447
G1 X116.924 Y65.677 E.02353
G1 X117.656 Y65.706 E.01447
;WIDTH:0.495821
G1 X118.375 Y65.769 E.01423
G1 X119.091 Y65.866 E.01425
G1 X119.802 Y65.996 E.01425
G1 X120.506 Y66.161 E.01426
;WIDTH:0.495926
G1 X121.201 Y66.358 E.01425
G1 X121.886 Y66.588 E.01425
;WIDTH:0.49776
G1 X122.559 Y66.852 E.01432
G1 X123.237 Y67.152 E.01468
;WIDTH:0.494059
G1 X123.871 Y67.472 E.01395
;WIDTH:0.494201
G1 X124.494 Y67.824 E.01406
;WIDTH:0.494334
G1 X125.106 Y68.208 E.0142
;WIDTH:0.494463
G1 X125.699 Y68.621 E.01421
G1 X126.271 Y69.061 E.01419
;WIDTH:0.495804
G1 X126.991 Y69.682 E.01875
;WIDTH:0.497681
G1 X127.522 Y70.193 E.01459
G1 X128.04 Y70.741 E.01493
;WIDTH:0.493924
G1 X128.502 Y71.28 E.01394
;WIDTH:0.494068
G1 X128.938 Y71.84 E.01395
;WIDTH:0.49421
G1 X129.351 Y72.425 E.01407
;WIDTH:0.494343
G1 X129.74 Y73.034 E.01421
;WIDTH:0.494469
G1 X130.099 Y73.661 E.01421
G1 X130.427 Y74.303 E.01418
;WIDTH:0.49589
G1 X130.819 Y75.189 E.01911
G1 X131.074 Y75.861 E.01418
G1 X131.298 Y76.548 E.01425
G1 X131.489 Y77.245 E.01425
G1 X131.647 Y77.95 E.01425
;WIDTH:0.497899
G1 X131.77 Y78.661 E.01429
G1 X131.884 Y79.622 E.01917
;WIDTH:0.495889
G1 X131.929 Y80.34 E.01419
;WIDTH:0.495909
G1 X131.94 Y81.063 E.01426
G1 X131.916 Y81.785 E.01425
;WIDTH:0.497691
G1 X131.858 Y82.505 E.0143
G1 X131.762 Y83.252 E.01491
;WIDTH:0.493936
G1 X131.638 Y83.951 E.01395
;WIDTH:0.494081
G1 X131.482 Y84.644 E.01396
;WIDTH:0.49422
G1 X131.291 Y85.335 E.01409
;WIDTH:0.494354
G1 X131.065 Y86.022 E.01422
;WIDTH:0.494538
G1 X130.808 Y86.695 E.01417
G1 X130.384 Y87.639 E.02035
;WIDTH:0.495564
G1 X129.966 Y88.433 E.01769
G1 X129.599 Y89.049 E.01413
G1 X129.317 Y89.472 E.01002
;WIDTH:0.492208
G1 X128.907 Y90.053 E.01392
G1 X128.467 Y90.613 E.01394
;WIDTH:0.494132
G1 X127.999 Y91.162 E.01418
;WIDTH:0.497229
G1 X127.329 Y91.854 E.01905
;WIDTH:0.502397
G1 X126.543 Y92.578 E.02137
G1 X126.494 Y92.703 E.00268
;WIDTH:0.471198
G1 X126.446 Y92.829 E.00252
;WIDTH:0.439999
G1 X126.457 Y93.186 E.00622
G1 X126.678 Y93.557 E.00751
G1 X126.689 Y93.748 E.00333
G1 X126.594 Y93.957 E.00399
G1 X126.355 Y94.062 E.00454
G1 X126.173 Y94.014 E.00328
G1 X125.813 Y93.673 E.00863
G1 X125.644 Y93.606 E.00316
G1 X125.5 Y93.992 F9000
;TYPE:External perimeter
;WIDTH:0.419999
G1 F1216
G1 X125.363 Y94.002 E.00228
G1 X124.288 Y94.654 E.02083
G1 X123.18 Y95.211 E.02055
G1 X122.25 Y95.598 E.01669
G1 X121.091 Y95.987 E.02026
G1 X119.888 Y96.288 E.02055
G1 X118.895 Y96.462 E.0167
G1 X117.679 Y96.587 E.02025
G1 X116.438 Y96.616 E.02057
G1 X115.697 Y96.587 E.01229
G1 X114.956 Y96.522 E.01233
G1 X114.22 Y96.423 E.0123
G1 X113.473 Y96.285 E.01259
G1 X112.525 Y96.056 E.01616
G1 X111.814 Y95.842 E.0123
G1 X111.113 Y95.595 E.01232
G1 X110.424 Y95.314 E.01233
G1 X109.75 Y95.001 E.01231
G1 X109.091 Y94.657 E.01232
G1 X108.45 Y94.282 E.0123
G1 X107.827 Y93.877 E.01231
G1 X107.223 Y93.443 E.01232
G1 X106.641 Y92.98 E.01232
G1 X106.082 Y92.491 E.01231
G1 X105.535 Y91.964 E.01259
G1 X104.87 Y91.25 E.01617
G1 X104.395 Y90.679 E.01231
G1 X103.947 Y90.086 E.01231
G1 X103.528 Y89.473 E.0123
G1 X103.138 Y88.84 E.01232
G1 X102.778 Y88.189 E.01233
G1 X102.45 Y87.522 E.01232
G1 X102.154 Y86.841 E.0123
G1 X101.89 Y86.146 E.01232
G1 X101.659 Y85.439 E.01232
G1 X101.463 Y84.722 E.01232
G1 X101.297 Y83.981 E.01258
G1 X101.137 Y83.019 E.01616
G1 X101.055 Y82.281 E.0123
G1 X101.009 Y81.539 E.01232
G1 X100.998 Y80.796 E.01231
G1 X101.021 Y80.053 E.01232
G1 X101.081 Y79.312 E.01232
G1 X101.175 Y78.575 E.01231
G1 X101.303 Y77.843 E.01231
G1 X101.467 Y77.118 E.01232
G1 X101.664 Y76.401 E.01232
G1 X101.896 Y75.695 E.01231
G1 X102.16 Y75.001 E.0123
G1 X102.563 Y74.095 E.01643
G1 X103.023 Y73.216 E.01644
G1 X103.403 Y72.579 E.01229
G1 X103.957 Y71.756 E.01644
G1 X104.416 Y71.151 E.01258
G1 X105.047 Y70.408 E.01615
G1 X105.734 Y69.694 E.01642
G1 X106.476 Y69.015 E.01667
G1 X106.54 Y68.845 E.00301
G1 X106.31 Y68.454 E.00752
G1 X106.254 Y68.161 E.00494
G1 X106.309 Y67.875 E.00483
G1 X106.5 Y67.594 E.00563
G1 X106.799 Y67.417 E.00576
G1 X107.145 Y67.383 E.00576
G1 X107.412 Y67.474 E.00467
G1 X107.832 Y67.868 E.00954
G1 X108.011 Y67.854 E.00297
G1 X109.086 Y67.203 E.02082
G1 X110.194 Y66.645 E.02056
G1 X111.124 Y66.258 E.01669
G1 X112.284 Y65.869 E.02027
G1 X113.243 Y65.621 E.01641
G1 X114.151 Y65.454 E.0153
G1 X114.896 Y65.352 E.01246
G1 X115.722 Y65.269 E.01376
G1 X116.94 Y65.241 E.02019
G1 X117.694 Y65.271 E.0125
G1 X118.434 Y65.336 E.01231
G1 X119.17 Y65.436 E.01231
G1 X119.901 Y65.571 E.01232
G1 X120.625 Y65.741 E.01232
G1 X121.34 Y65.944 E.01232
G1 X122.044 Y66.182 E.01231
G1 X122.736 Y66.452 E.01231
G1 X123.433 Y66.763 E.01265
G1 X124.085 Y67.093 E.01211
G1 X124.726 Y67.455 E.0122
G1 X125.355 Y67.851 E.01232
G1 X125.965 Y68.276 E.01232
G1 X126.555 Y68.731 E.01235
G1 X127.294 Y69.367 E.01616
G1 X127.839 Y69.893 E.01255
G1 X128.37 Y70.457 E.01284
G1 X128.845 Y71.012 E.0121
G1 X129.294 Y71.589 E.01211
G1 X129.718 Y72.191 E.0122
G1 X130.118 Y72.818 E.01232
G1 X130.487 Y73.463 E.01231
G1 X130.825 Y74.126 E.01233
G1 X131.227 Y75.034 E.01645
G1 X131.489 Y75.726 E.01226
G1 X131.719 Y76.433 E.01232
G1 X131.915 Y77.15 E.01232
G1 X132.077 Y77.875 E.01231
G1 X132.204 Y78.609 E.01234
G1 X132.32 Y79.595 E.01645
G1 X132.365 Y80.334 E.01227
G1 X132.376 Y81.061 E.01205
G1 X132.352 Y81.804 E.01232
G1 X132.293 Y82.545 E.01232
G1 X132.199 Y83.282 E.01231
G1 X132.071 Y84.014 E.01231
G1 X131.907 Y84.739 E.01232
G1 X131.71 Y85.455 E.0123
G1 X131.478 Y86.162 E.01233
G1 X131.214 Y86.856 E.0123
G1 X130.811 Y87.762 E.01643
G1 X130.351 Y88.64 E.01642
G1 X129.971 Y89.278 E.0123
G1 X129.254 Y90.316 E.0209
G1 X128.798 Y90.893 E.01219
G1 X128.313 Y91.464 E.01241
G1 X127.624 Y92.177 E.01643
G1 X126.879 Y92.861 E.01676
G1 X126.834 Y93.012 E.00261
G1 X127.063 Y93.399 E.00745
G1 X127.12 Y93.687 E.00486
G1 X127.048 Y94.02 E.00565
G1 X126.928 Y94.192 E.00347
G1 X126.735 Y94.37 E.00435
G1 X126.304 Y94.475 E.00735
G1 X125.883 Y94.338 E.00734
G1 X125.555 Y94.001 E.00779
;LAYER_CHANGE
M117 DASHBOARD_LAYER_INDICATOR 29
;Z:3
;HEIGHT:0.0999999
;BEFORE_LAYER_CHANGE
M117 OBICO_LAYER_INDICATOR 28
G92 E0
;3
G1 E-3.5 F3600
;WIPE_START
G1 F7200
G1 X125.5 Y93.992 E-.02647
G1 X125.363 Y94.002 E-.06525
G1 X124.288 Y94.654 E-.5972
G1 X123.18 Y95.211 E-.58906
G1 X122.749 Y95.391 E-.22202
;WIPE_END
G1 Z3 F9000
;AFTER_LAYER_CHANGE
;3
G1 X124.971 Y93.138
G1 E5 F2400
;TYPE:Perimeter
;WIDTH:0.51157
G1 F1188
G1 X124.305 Y93.562 E.01609
;WIDTH:0.512103
G1 X123.832 Y93.837 E.01116
G1 X123.063 Y94.234 E.01765
;WIDTH:0.506936
G1 X122.42 Y94.524 E.01424
;WIDTH:0.512016
G1 X121.926 Y94.721 E.01085
G1 X121.097 Y95.008 E.01789
;WIDTH:0.506218
G1 X120.419 Y95.202 E.01421
;WIDTH:0.509741
G1 X119.734 Y95.366 E.0143
;WIDTH:0.510015
G1 X118.814 Y95.53 E.01898
G1 X118.11 Y95.613 E.0144
;WIDTH:0.507111
G1 X117.407 Y95.665 E.01423
G1 X116.702 Y95.683 E.01424
;WIDTH:0.508829
G1 X115.998 Y95.668 E.01427
G1 X115.295 Y95.618 E.01428
;WIDTH:0.50896
G1 X114.595 Y95.535 E.01429
G1 X113.9 Y95.418 E.01428
G1 X113.211 Y95.267 E.0143
G1 X112.385 Y95.042 E.01735
G1 X111.64 Y94.794 E.01591
G1 X111.053 Y94.566 E.01276
;WIDTH:0.508755
G1 X110.41 Y94.282 E.01424
;WIDTH:0.508876
G1 X109.779 Y93.967 E.01429
;WIDTH:0.50876
G1 X109.165 Y93.622 E.01427
G1 X108.567 Y93.249 E.01428
;WIDTH:0.508866
G1 X107.988 Y92.847 E.01428
G1 X107.429 Y92.418 E.01428
;WIDTH:0.509069
G1 X106.891 Y91.962 E.0143
;WIDTH:0.510014
G1 X106.267 Y91.376 E.01739
G1 X105.726 Y90.807 E.01595
;WIDTH:0.508738
G1 X105.314 Y90.33 E.01277
G1 X104.88 Y89.778 E.01423
G1 X104.471 Y89.204 E.01428
G1 X104.089 Y88.611 E.01429
G1 X103.737 Y88.001 E.01427
G1 X103.414 Y87.374 E.01429
;WIDTH:0.508866
G1 X103.121 Y86.733 E.01428
;WIDTH:0.508966
G1 X102.86 Y86.079 E.01427
;WIDTH:0.510002
G1 X102.584 Y85.267 E.01742
;WIDTH:0.510526
G1 X102.372 Y84.512 E.01595
G1 X102.233 Y83.897 E.01282
;WIDTH:0.509774
G1 X102.109 Y83.206 E.01425
;WIDTH:0.50868
G1 X102.016 Y82.507 E.01428
G1 X101.957 Y81.804 E.01429
G1 X101.932 Y81.1 E.01427
G1 X101.941 Y80.395 E.01428
;WIDTH:0.508789
G1 X101.983 Y79.692 E.01427
G1 X102.049 Y79.068 E.01271
;WIDTH:0.509007
G1 X102.168 Y78.296 E.01583
;WIDTH:0.509823
G1 X102.346 Y77.457 E.01741
G1 X102.528 Y76.773 E.01437
G1 X102.743 Y76.101 E.01433
G1 X102.989 Y75.441 E.0143
G1 X103.268 Y74.793 E.01432
;WIDTH:0.508579
G1 X103.576 Y74.159 E.01427
G1 X103.915 Y73.541 E.01428
;WIDTH:0.512069
G1 X104.197 Y73.074 E.01113
;WIDTH:0.512786
G1 X104.722 Y72.297 E.01916
G1 X105.138 Y71.747 E.01409
;WIDTH:0.512197
G1 X105.704 Y71.074 E.01794
;WIDTH:0.509765
G1 X106.188 Y70.561 E.01432
;WIDTH:0.507466
G1 X106.695 Y70.072 E.01423
;WIDTH:0.512683
G1 X107.104 Y69.709 E.01117
G1 X107.42 Y69.475 E.00803
;WIDTH:0.476341
G1 X107.736 Y69.241 E.00744
;WIDTH:0.473049
G1 X108.041 Y68.999 E.00731
;WIDTH:0.506098
G1 X108.347 Y68.758 E.00785
G1 X109.069 Y68.294 E.01729
;WIDTH:0.512104
G1 X109.542 Y68.02 E.01115
G1 X110.311 Y67.623 E.01765
;WIDTH:0.507014
G1 X110.954 Y67.333 E.01424
;WIDTH:0.512099
G1 X111.44 Y67.138 E.01068
G1 X112.277 Y66.848 E.01807
;WIDTH:0.506951
G1 X112.954 Y66.653 E.01422
;WIDTH:0.512193
G1 X113.448 Y66.534 E.01037
G1 X114.333 Y66.363 E.01839
;WIDTH:0.506448
G1 X115.032 Y66.268 E.01422
;WIDTH:0.513018
G1 X115.759 Y66.205 E.01491
G1 X116.614 Y66.175 E.01748
;WIDTH:0.508797
G1 X117.374 Y66.189 E.0154
G1 X118.003 Y66.232 E.01277
;WIDTH:0.508692
G1 X118.701 Y66.311 E.01423
G1 X119.397 Y66.424 E.01428
G1 X120.086 Y66.57 E.01427
G1 X120.768 Y66.748 E.01428
G1 X121.441 Y66.959 E.01429
;WIDTH:0.508856
G1 X122.102 Y67.202 E.01427
;WIDTH:0.508964
G1 X122.751 Y67.477 E.01429
;WIDTH:0.509826
G1 X123.522 Y67.851 E.0174
;WIDTH:0.510349
G1 X124.208 Y68.232 E.01595
G1 X124.742 Y68.566 E.0128
;WIDTH:0.508611
G1 X125.322 Y68.963 E.01424
G1 X125.884 Y69.389 E.01428
G1 X126.424 Y69.842 E.01428
G1 X126.942 Y70.319 E.01426
;WIDTH:0.50872
G1 X127.437 Y70.821 E.01428
G1 X127.908 Y71.346 E.01429
;WIDTH:0.508883
G1 X128.352 Y71.893 E.01428
G1 X128.856 Y72.586 E.01736
;WIDTH:0.508737
G1 X129.284 Y73.244 E.0159
G1 X129.6 Y73.789 E.01276
G1 X129.925 Y74.411 E.01422
G1 X130.222 Y75.051 E.01429
G1 X130.487 Y75.704 E.01428
G1 X130.72 Y76.369 E.01427
G1 X130.922 Y77.044 E.01427
G1 X131.091 Y77.729 E.01429
;WIDTH:0.51412
G1 X131.309 Y78.961 E.02563
;WIDTH:0.512623
G1 X131.386 Y79.655 E.01426
G1 X131.43 Y80.353 E.01428
G1 X131.44 Y81.052 E.01428
G1 X131.418 Y81.75 E.01426
G1 X131.363 Y82.448 E.0143
;WIDTH:0.513187
G1 X131.273 Y83.14 E.01427
;WIDTH:0.513368
G1 X131.028 Y84.4 E.02625
;WIDTH:0.509822
G1 X130.846 Y85.084 E.01437
G1 X130.631 Y85.755 E.01431
G1 X130.385 Y86.416 E.01432
G1 X130.106 Y87.063 E.01431
;WIDTH:0.507238
G1 X129.798 Y87.697 E.01424
;WIDTH:0.512025
G1 X129.533 Y88.186 E.01134
;WIDTH:0.512141
G1 X129.179 Y88.78 E.01411
;WIDTH:0.512784
G1 X128.652 Y89.559 E.01921
G1 X128.236 Y90.11 E.0141
;WIDTH:0.512196
G1 X127.67 Y90.783 E.01794
;WIDTH:0.509764
G1 X127.186 Y91.295 E.0143
;WIDTH:0.507464
G1 X126.679 Y91.785 E.01425
;WIDTH:0.512682
G1 X126.27 Y92.148 E.01117
G1 X125.954 Y92.382 E.00803
;WIDTH:0.476341
G1 X125.638 Y92.615 E.00742
;WIDTH:0.475785
G1 X125.333 Y92.858 E.00737
;WIDTH:0.51157
G1 X125.028 Y93.101 E.00795
G1 X125.022 Y93.105 E.00015
G1 X124.773 Y92.737 F9000
;TYPE:External perimeter
;WIDTH:0.419999
G1 F1188
G1 X124.768 Y92.741 E.00011
G1 X124.067 Y93.191 E.0138
G1 X123.612 Y93.45 E.00867
G1 X122.863 Y93.84 E.01399
G1 X122.239 Y94.12 E.01133
G1 X121.763 Y94.307 E.00847
G1 X120.955 Y94.59 E.01419
G1 X120.298 Y94.778 E.01132
G1 X119.633 Y94.935 E.01132
G1 X118.737 Y95.093 E.01508
G1 X118.057 Y95.175 E.01135
G1 X117.375 Y95.224 E.01133
G1 X116.692 Y95.241 E.01132
G1 X116.008 Y95.225 E.01134
G1 X115.326 Y95.176 E.01133
G1 X114.648 Y95.095 E.01131
G1 X113.974 Y94.981 E.01133
G1 X113.306 Y94.835 E.01133
G1 X112.502 Y94.615 E.01381
G1 X111.781 Y94.374 E.0126
G1 X111.214 Y94.153 E.01008
G1 X110.589 Y93.877 E.01132
G1 X109.975 Y93.57 E.01137
G1 X109.382 Y93.236 E.01128
G1 X108.802 Y92.873 E.01134
G1 X108.241 Y92.483 E.01132
G1 X107.699 Y92.067 E.01132
G1 X107.177 Y91.625 E.01133
G1 X106.571 Y91.053 E.01381
G1 X106.047 Y90.502 E.0126
G1 X105.65 Y90.041 E.01008
G1 X105.228 Y89.504 E.01132
G1 X104.831 Y88.947 E.01133
G1 X104.462 Y88.372 E.01132
G1 X104.121 Y87.78 E.01132
G1 X103.808 Y87.172 E.01133
G1 X103.524 Y86.549 E.01134
G1 X103.271 Y85.915 E.01131
G1 X103.004 Y85.125 E.01382
G1 X102.8 Y84.393 E.01259
G1 X102.665 Y83.799 E.01009
G1 X102.544 Y83.127 E.01131
G1 X102.455 Y82.449 E.01133
G1 X102.399 Y81.768 E.01132
G1 X102.375 Y81.085 E.01132
G1 X102.384 Y80.401 E.01133
G1 X102.426 Y79.719 E.01132
G1 X102.49 Y79.115 E.01006
G1 X102.606 Y78.364 E.01259
G1 X102.779 Y77.549 E.0138
G1 X102.957 Y76.888 E.01134
G1 X103.165 Y76.237 E.01132
G1 X103.404 Y75.596 E.01134
G1 X103.674 Y74.968 E.01133
G1 X103.974 Y74.353 E.01134
G1 X104.302 Y73.754 E.01132
G1 X104.576 Y73.306 E.0087
G1 X105.088 Y72.55 E.01513
G1 X105.489 Y72.02 E.01101
G1 X106.04 Y71.362 E.01422
G1 X106.509 Y70.865 E.01132
G1 X107.002 Y70.39 E.01134
G1 X107.991 Y69.56 E.02139
G1 X108.606 Y69.116 E.01257
G1 X109.307 Y68.665 E.01381
G1 X109.762 Y68.406 E.00867
G1 X110.511 Y68.016 E.01399
G1 X111.135 Y67.736 E.01133
G1 X111.603 Y67.552 E.00833
G1 X112.419 Y67.267 E.01432
G1 X113.076 Y67.078 E.01133
G1 X113.741 Y66.922 E.01132
G1 X114.414 Y66.797 E.01134
G1 X115.091 Y66.705 E.01132
G1 X115.795 Y66.648 E.0117
G1 X116.625 Y66.616 E.01376
G1 X117.365 Y66.632 E.01226
G1 X117.972 Y66.673 E.01008
G1 X118.651 Y66.751 E.01132
G1 X119.325 Y66.861 E.01132
G1 X119.994 Y67.003 E.01133
G1 X120.655 Y67.177 E.01133
G1 X121.307 Y67.382 E.01132
G1 X121.949 Y67.618 E.01133
G1 X122.578 Y67.885 E.01132
G1 X123.327 Y68.25 E.01381
G1 X123.992 Y68.62 E.01261
G1 X124.508 Y68.942 E.01008
G1 X125.071 Y69.328 E.01131
G1 X125.616 Y69.742 E.01134
G1 X126.14 Y70.181 E.01133
G1 X126.642 Y70.645 E.01133
G1 X127.122 Y71.132 E.01133
G1 X127.577 Y71.641 E.01131
G1 X128.008 Y72.172 E.01133
G1 X128.498 Y72.846 E.01381
G1 X128.912 Y73.484 E.0126
G1 X129.217 Y74.011 E.01009
G1 X129.533 Y74.616 E.01131
G1 X129.819 Y75.237 E.01133
G1 X130.076 Y75.87 E.01132
G1 X130.303 Y76.515 E.01133
G1 X130.498 Y77.171 E.01134
G1 X130.661 Y77.834 E.01131
G1 X130.868 Y79.019 E.01993
G1 X130.942 Y79.692 E.01122
G1 X130.985 Y80.368 E.01122
G1 X130.995 Y81.046 E.01124
G1 X130.974 Y81.723 E.01122
G1 X130.921 Y82.401 E.01127
G1 X130.833 Y83.072 E.01121
G1 X130.594 Y84.31 E.02089
G1 X130.417 Y84.969 E.01131
G1 X130.209 Y85.62 E.01132
G1 X129.969 Y86.26 E.01133
G1 X129.7 Y86.888 E.01132
G1 X129.4 Y87.503 E.01134
G1 X129.143 Y87.972 E.00886
G1 X128.8 Y88.548 E.01111
G1 X128.286 Y89.306 E.01517
G1 X127.885 Y89.837 E.01103
G1 X127.333 Y90.494 E.01422
G1 X126.865 Y90.992 E.01132
G1 X126.372 Y91.466 E.01133
G1 X125.383 Y92.296 E.02139
G1 X124.822 Y92.702 E.01147
G1 X126.31 Y93.67 F9000
;TYPE:Perimeter
;WIDTH:0.391874
G1 F1188
G1 X126.25 Y93.59 E.00154
;WIDTH:0.440888
G1 X126.189 Y93.509 E.00177
;WIDTH:0.489901
G1 X126.129 Y93.428 E.00196
;WIDTH:0.538915
G1 X126.069 Y93.347 E.00217
;WIDTH:0.587929
G1 X126.009 Y93.266 E.00237
;WIDTH:0.636943
G1 X125.949 Y93.185 E.00258
;WIDTH:0.685956
G1 X125.888 Y93.104 E.0028
G1 E-3.5 F3600
;WIPE_START
G1 F7200
G1 X125.949 Y93.185 E-.04817
G1 X126.009 Y93.266 E-.04788
G1 X126.069 Y93.347 E-.04788
G1 X126.129 Y93.428 E-.04788
G1 X126.189 Y93.509 E-.04788
G1 X126.25 Y93.59 E-.04817
G1 X126.31 Y93.67 E-.0475
;WIPE_END
G1 E-1.16464 F3600
G1 X107.316 Y68.529 F9000
G1 E5 F2400
;WIDTH:0.49712
G1 F1188
G1 X107.35 Y68.573 E.0011
;WIDTH:0.544315
G1 X107.384 Y68.618 E.00123
;WIDTH:0.591511
G1 X107.418 Y68.663 E.00134
;WIDTH:0.638707
G1 X107.452 Y68.708 E.00145
;WIDTH:0.685902
G1 X107.485 Y68.753 E.00154
G1 X107.791 Y68.26 F9000
;WIDTH:0.473049
G1 F1188
G1 X107.897 Y68.271 E.002
;WIDTH:0.506098
G1 X108.109 Y68.292 E.00429
;WIDTH:0.513439
G1 X108.242 Y68.235 E.00296
G1 X108.853 Y67.86 E.01466
;WIDTH:0.507361
G1 X109.491 Y67.494 E.01486
G1 X110.131 Y67.171 E.01448
;WIDTH:0.50695
G1 X110.8 Y66.871 E.0148
G1 X111.483 Y66.604 E.0148
G1 X112.162 Y66.376 E.01446
G1 X112.868 Y66.174 E.01482
G1 X113.582 Y66.008 E.0148
;WIDTH:0.512364
G1 X114.516 Y65.839 E.01937
G1 X115.023 Y65.783 E.01041
;WIDTH:0.506637
G1 X115.985 Y65.705 E.01947
;WIDTH:0.512908
G1 X116.932 Y65.686 E.01935
G1 X117.655 Y65.714 E.01478
;WIDTH:0.512634
G1 X118.375 Y65.777 E.01476
G1 X119.09 Y65.874 E.01473
G1 X119.8 Y66.005 E.01474
G1 X120.504 Y66.169 E.01476
G1 X121.199 Y66.366 E.01475
G1 X121.883 Y66.596 E.01474
G1 X122.556 Y66.858 E.01475
;WIDTH:0.513371
G1 X123.216 Y67.153 E.01478
G1 X123.861 Y67.476 E.01475
;WIDTH:0.51186
G1 X124.496 Y67.834 E.01486
;WIDTH:0.5126
G1 X125.297 Y68.348 E.01943
G1 X125.887 Y68.773 E.01485
G1 X126.452 Y69.222 E.01474
G1 X126.996 Y69.697 E.01475
G1 X127.516 Y70.198 E.01474
G1 X128.012 Y70.723 E.01475
;WIDTH:0.512713
G1 X128.483 Y71.271 E.01476
;WIDTH:0.513407
G1 X128.926 Y71.84 E.01475
G1 X129.28 Y72.344 E.0126
;WIDTH:0.508796
G1 X129.718 Y73.02 E.01632
G1 X130.043 Y73.583 E.01317
G1 X130.379 Y74.229 E.01475
G1 X130.683 Y74.891 E.01476
;WIDTH:0.508682
G1 X130.955 Y75.566 E.01474
G1 X131.195 Y76.253 E.01474
G1 X131.402 Y76.951 E.01475
G1 X131.574 Y77.667 E.01492
;WIDTH:0.51412
G1 X131.682 Y78.184 E.01082
G1 X131.797 Y78.902 E.01489
;WIDTH:0.512623
G1 X131.876 Y79.62 E.01475
G1 X131.921 Y80.341 E.01475
;WIDTH:0.512568
G1 X131.931 Y81.063 E.01474
G1 X131.908 Y81.785 E.01475
G1 X131.85 Y82.505 E.01475
;WIDTH:0.513187
G1 X131.758 Y83.221 E.01476
;WIDTH:0.513368
G1 X131.633 Y83.932 E.01476
G1 X131.474 Y84.637 E.01478
;WIDTH:0.511738
G1 X131.282 Y85.333 E.01472
;WIDTH:0.511594
G1 X131.057 Y86.019 E.01471
;WIDTH:0.511479
G1 X130.801 Y86.692 E.01467
;WIDTH:0.511302
G1 X130.534 Y87.296 E.01345
;WIDTH:0.507466
G1 X130.211 Y87.953 E.01479
;WIDTH:0.509091
G1 X129.862 Y88.594 E.0148
G1 X129.475 Y89.221 E.01494
G1 X128.929 Y90.011 E.01947
G1 X128.478 Y90.586 E.01482
;WIDTH:0.510839
G1 X127.992 Y91.156 E.01524
G1 X127.509 Y91.661 E.01422
;WIDTH:0.507754
G1 X126.98 Y92.167 E.0148
;WIDTH:0.519316
G1 X126.528 Y92.583 E.01271
G1 X126.476 Y92.787 E.00436
;WIDTH:0.479658
G1 X126.424 Y92.991 E.00401
;WIDTH:0.439999
G1 X126.455 Y93.181 E.00335
G1 X126.678 Y93.557 E.00761
G1 X126.689 Y93.746 E.00329
G1 X126.594 Y93.957 E.00403
G1 X126.355 Y94.062 E.00454
G1 X126.1 Y93.985 E.00464
G1 X125.925 Y93.775 E.00476
G1 X125.689 Y93.607 E.00504
;WIDTH:0.475785
G1 X125.477 Y93.584 E.00403
;WIDTH:0.51157
G1 X125.264 Y93.562 E.00436
;WIDTH:0.51344
G1 X125.132 Y93.621 E.00296
G1 X124.521 Y93.997 E.01467
;WIDTH:0.50736
G1 X123.883 Y94.363 E.01486
G1 X123.243 Y94.685 E.01447
;WIDTH:0.506864
G1 X122.574 Y94.985 E.0148
;WIDTH:0.507104
G1 X121.891 Y95.253 E.01481
G1 X121.212 Y95.481 E.01446
;WIDTH:0.506668
G1 X120.504 Y95.68 E.01484
;WIDTH:0.510684
G1 X119.784 Y95.856 E.01508
G1 X118.833 Y96.022 E.01964
G1 X118.121 Y96.098 E.01456
;WIDTH:0.506601
G1 X117.388 Y96.152 E.01482
;WIDTH:0.51234
G1 X116.434 Y96.171 E.01947
G1 X115.719 Y96.142 E.0146
G1 X115 Y96.08 E.01473
G1 X114.284 Y95.983 E.01475
;WIDTH:0.512449
G1 X113.567 Y95.85 E.01489
;WIDTH:0.513831
G1 X112.635 Y95.624 E.01963
G1 X111.946 Y95.417 E.01473
;WIDTH:0.513029
G1 X111.265 Y95.177 E.01476
;WIDTH:0.512553
G1 X110.597 Y94.904 E.01473
G1 X109.942 Y94.6 E.01474
G1 X109.302 Y94.265 E.01475
G1 X108.678 Y93.9 E.01476
G1 X108.073 Y93.506 E.01474
G1 X107.487 Y93.084 E.01474
G1 X106.922 Y92.635 E.01473
;WIDTH:0.513134
G1 X106.378 Y92.159 E.01478
G1 X105.853 Y91.653 E.0149
;WIDTH:0.512038
G1 X105.2 Y90.951 E.01955
;WIDTH:0.512624
G1 X104.74 Y90.398 E.01469
G1 X104.305 Y89.822 E.01474
G1 X103.898 Y89.225 E.01475
G1 X103.519 Y88.61 E.01475
G1 X103.17 Y87.978 E.01474
G1 X102.851 Y87.33 E.01475
G1 X102.564 Y86.668 E.01473
;WIDTH:0.513253
G1 X102.308 Y85.992 E.01478
G1 X102.084 Y85.306 E.01476
;WIDTH:0.511745
G1 X101.888 Y84.589 E.01515
;WIDTH:0.511359
G1 X101.734 Y83.897 E.01444
;WIDTH:0.512592
G1 X101.577 Y82.951 E.01958
G1 X101.498 Y82.237 E.01467
G1 X101.453 Y81.516 E.01475
G1 X101.443 Y80.794 E.01474
G1 X101.466 Y80.072 E.01475
G1 X101.524 Y79.352 E.01475
;WIDTH:0.513188
G1 X101.616 Y78.636 E.01476
;WIDTH:0.513369
G1 X101.741 Y77.925 E.01476
G1 X101.9 Y77.22 E.01478
;WIDTH:0.511738
G1 X102.092 Y76.524 E.01472
;WIDTH:0.511595
G1 X102.317 Y75.837 E.01473
;WIDTH:0.51148
G1 X102.573 Y75.164 E.01467
;WIDTH:0.511303
G1 X102.84 Y74.56 E.01345
;WIDTH:0.508642
G1 X103.159 Y73.904 E.01477
G1 X103.513 Y73.265 E.0148
;WIDTH:0.508245
G1 X103.899 Y72.635 E.01495
;WIDTH:0.509077
G1 X104.445 Y71.845 E.01947
G1 X104.895 Y71.271 E.01479
;WIDTH:0.51084
G1 X105.382 Y70.7 E.01527
G1 X105.865 Y70.196 E.0142
;WIDTH:0.507755
G1 X106.394 Y69.689 E.01481
;WIDTH:0.521404
G1 X106.857 Y69.262 E.01309
G1 X106.903 Y69.063 E.00425
;WIDTH:0.480702
G1 X106.95 Y68.865 E.00389
;WIDTH:0.439999
G1 X106.916 Y68.668 E.00348
;WIDTH:0.48996
G1 X106.859 Y68.499 E.00347
;WIDTH:0.53992
G1 X106.803 Y68.331 E.00382
;WIDTH:0.58988
G1 X106.746 Y68.162 E.00421
G1 X106.794 Y68.023 E.00348
G1 X106.952 Y67.888 E.00491
G1 X107.131 Y67.878 E.00424
;WIDTH:0.594358
G1 X107.285 Y68.018 E.00496
G1 X107.385 Y68.075 E.00274
;WIDTH:0.555768
G1 X107.485 Y68.133 E.00257
;WIDTH:0.517179
G1 X107.584 Y68.191 E.00236
;WIDTH:0.478589
G1 X107.684 Y68.249 E.0022
;WIDTH:0.473049
G1 X107.731 Y68.254 E.00089
G1 X107.873 Y67.866 F9000
;TYPE:External perimeter
;WIDTH:0.419999
G1 F1188
G1 X108.011 Y67.854 E.0023
G1 X109.086 Y67.203 E.02082
G1 X110.194 Y66.645 E.02056
G1 X111.108 Y66.264 E.01641
G1 X112.284 Y65.869 E.02056
G1 X113.243 Y65.621 E.01641
G1 X114.463 Y65.397 E.02055
G1 X115.696 Y65.27 E.02054
G1 X116.927 Y65.24 E.0204
G1 X117.677 Y65.27 E.01244
G1 X118.418 Y65.334 E.01232
G1 X119.155 Y65.434 E.01232
G1 X119.885 Y65.568 E.0123
G1 X120.609 Y65.737 E.01232
G1 X121.325 Y65.939 E.01233
G1 X122.029 Y66.176 E.01231
G1 X122.722 Y66.445 E.01232
G1 X123.401 Y66.747 E.01231
G1 X124.065 Y67.081 E.01232
G1 X124.712 Y67.446 E.01231
G1 X125.541 Y67.975 E.01629
G1 X126.151 Y68.414 E.01245
G1 X126.733 Y68.876 E.01231
G1 X127.293 Y69.366 E.01233
G1 X127.828 Y69.881 E.0123
G1 X128.339 Y70.421 E.01232
G1 X128.823 Y70.984 E.0123
G1 X129.28 Y71.57 E.01231
G1 X130.095 Y72.788 E.02428
G1 X130.431 Y73.369 E.01112
G1 X130.776 Y74.034 E.01241
G1 X131.089 Y74.714 E.0124
G1 X131.369 Y75.409 E.01242
G1 X131.616 Y76.116 E.01241
G1 X131.829 Y76.834 E.01241
G1 X132.122 Y78.114 E.02176
G1 X132.239 Y78.853 E.0124
G1 X132.32 Y79.592 E.01232
G1 X132.365 Y80.334 E.01232
G1 X132.376 Y81.061 E.01205
G1 X132.352 Y81.804 E.01232
G1 X132.293 Y82.545 E.01232
G1 X132.199 Y83.282 E.01231
G1 X132.071 Y84.014 E.01231
G1 X131.907 Y84.739 E.01232
G1 X131.71 Y85.455 E.0123
G1 X131.478 Y86.162 E.01233
G1 X131.214 Y86.856 E.0123
G1 X130.811 Y87.762 E.01643
G1 X130.351 Y88.64 E.01642
G1 X129.971 Y89.278 E.0123
G1 X129.416 Y90.101 E.01645
G1 X128.969 Y90.692 E.01228
G1 X128.327 Y91.449 E.01645
G1 X127.64 Y92.162 E.01641
G1 X126.897 Y92.842 E.01669
G1 X126.833 Y92.999 E.00281
G1 X127.063 Y93.4 E.00766
G1 X127.12 Y93.686 E.00483
G1 X127.048 Y94.02 E.00566
G1 X126.928 Y94.192 E.00347
G1 X126.735 Y94.37 E.00435
G1 X126.305 Y94.475 E.00733
G1 X125.883 Y94.339 E.00735
G1 X125.539 Y93.987 E.00816
G1 X125.363 Y94.002 E.00293
G1 X124.288 Y94.654 E.02083
G1 X123.18 Y95.211 E.02055
G1 X122.258 Y95.596 E.01656
G1 X121.091 Y95.987 E.02039
G1 X119.887 Y96.288 E.02056
G1 X118.903 Y96.461 E.01655
G1 X117.678 Y96.587 E.0204
G1 X116.438 Y96.616 E.02055
G1 X115.697 Y96.587 E.01229
G1 X114.956 Y96.522 E.01233
G1 X114.22 Y96.423 E.0123
G1 X113.481 Y96.287 E.01245
G1 X112.525 Y96.056 E.0163
G1 X111.814 Y95.842 E.0123
G1 X111.113 Y95.595 E.01232
G1 X110.424 Y95.314 E.01233
G1 X109.75 Y95.001 E.01231
G1 X109.091 Y94.657 E.01232
G1 X108.45 Y94.282 E.0123
G1 X107.826 Y93.877 E.01233
G1 X107.223 Y93.443 E.01231
G1 X106.641 Y92.98 E.01232
G1 X106.082 Y92.491 E.01231
G1 X105.54 Y91.97 E.01246
G1 X104.87 Y91.25 E.0163
G1 X104.395 Y90.679 E.01231
G1 X103.947 Y90.086 E.01231
G1 X103.528 Y89.473 E.0123
G1 X103.138 Y88.84 E.01232
G1 X102.778 Y88.189 E.01233
G1 X102.45 Y87.522 E.01232
G1 X102.154 Y86.841 E.0123
G1 X101.89 Y86.146 E.01232
G1 X101.659 Y85.439 E.01232
G1 X101.463 Y84.722 E.01232
G1 X101.299 Y83.989 E.01245
G1 X101.137 Y83.019 E.01629
G1 X101.055 Y82.281 E.0123
G1 X101.009 Y81.539 E.01232
G1 X100.998 Y80.796 E.01231
G1 X101.021 Y80.053 E.01232
G1 X101.081 Y79.312 E.01232
G1 X101.175 Y78.575 E.01231
G1 X101.303 Y77.843 E.01231
G1 X101.467 Y77.118 E.01232
G1 X101.664 Y76.401 E.01232
G1 X101.896 Y75.695 E.01231
G1 X102.16 Y75.001 E.0123
G1 X102.564 Y74.094 E.01645
G1 X102.907 Y73.426 E.01244
G1 X103.403 Y72.578 E.01628
G1 X103.958 Y71.756 E.01643
G1 X104.405 Y71.164 E.01229
G1 X105.047 Y70.408 E.01643
G1 X105.734 Y69.694 E.01642
G1 X106.476 Y69.015 E.01667
G1 X106.541 Y68.857 E.00283
G1 X106.309 Y68.453 E.00772
G1 X106.254 Y68.162 E.00491
G1 X106.309 Y67.876 E.00483
G1 X106.501 Y67.593 E.00567
G1 X106.798 Y67.417 E.00572
G1 X107.145 Y67.383 E.00578
G1 X107.479 Y67.51 E.00592
G1 X107.82 Y67.854 E.00803
;LAYER_CHANGE
M117 DASHBOARD_LAYER_INDICATOR 30
;Z:3.1
;HEIGHT:0.0999999
;BEFORE_LAYER_CHANGE
M117 OBICO_LAYER_INDICATOR 29
G92 E0
;3.1
G1 E-3.5 F3600
;WIPE_START
G1 F7200
G1 X107.873 Y67.866 E-.02581
G1 X108.011 Y67.854 E-.0658
G1 X109.086 Y67.203 E-.59696
G1 X110.194 Y66.645 E-.58927
G1 X110.625 Y66.465 E-.22216
;WIPE_END
G1 Z3.1 F9000
;AFTER_LAYER_CHANGE
;3.1
G1 X108.418 Y68.736
G1 E5 F2400
;TYPE:Perimeter
;WIDTH:0.530693
G1 F1223
G1 X108.427 Y68.729 E.00024
G1 X109.007 Y68.361 E.01454
;WIDTH:0.528186
G1 X109.555 Y68.04 E.01338
G1 X110.273 Y67.669 E.01703
;WIDTH:0.523717
G1 X110.93 Y67.37 E.01507
;WIDTH:0.528625
G1 X111.45 Y67.161 E.01182
G1 X112.284 Y66.872 E.01861
;WIDTH:0.522778
G1 X112.979 Y66.674 E.01506
;WIDTH:0.527039
G1 X113.681 Y66.507 E.01517
G1 X114.51 Y66.359 E.0177
;WIDTH:0.525993
G1 X115.229 Y66.272 E.01519
;WIDTH:0.528725
G1 X115.759 Y66.228 E.01122
G1 X116.641 Y66.199 E.01861
;WIDTH:0.525502
G1 X117.392 Y66.214 E.01574
;WIDTH:0.525639
G1 X118.113 Y66.267 E.01515
;WIDTH:0.52583
G1 X118.83 Y66.354 E.01515
;WIDTH:0.526062
G1 X119.541 Y66.477 E.01514
;WIDTH:0.526341
G1 X120.246 Y66.634 E.01516
G1 X120.908 Y66.815 E.01441
G1 X121.594 Y67.039 E.01515
G1 X122.269 Y67.295 E.01515
;WIDTH:0.52658
G1 X122.93 Y67.585 E.01516
;WIDTH:0.526797
G1 X123.576 Y67.907 E.01516
;WIDTH:0.527058
G1 X124.206 Y68.26 E.01518
G1 X124.817 Y68.645 E.01518
;WIDTH:0.525225
G1 X125.284 Y68.966 E.01187
G1 X125.857 Y69.4 E.01505
G1 X126.411 Y69.863 E.01512
G1 X126.941 Y70.353 E.01512
;WIDTH:0.525407
G1 X127.447 Y70.868 E.01513
;WIDTH:0.525547
G1 X127.927 Y71.407 E.01513
;WIDTH:0.525732
G1 X128.38 Y71.97 E.01515
G1 X128.785 Y72.524 E.01439
G1 X129.182 Y73.126 E.01512
G1 X129.548 Y73.748 E.01513
;WIDTH:0.525325
G1 X129.885 Y74.387 E.01513
G1 X130.19 Y75.041 E.01512
G1 X130.462 Y75.71 E.01513
G1 X130.702 Y76.391 E.01513
G1 X130.907 Y77.083 E.01512
;WIDTH:0.525436
G1 X131.078 Y77.785 E.01514
;WIDTH:0.526167
G1 X131.235 Y78.612 E.01766
;WIDTH:0.526304
G1 X131.331 Y79.33 E.0152
;WIDTH:0.526503
G1 X131.392 Y80.05 E.01517
G1 X131.416 Y80.772 E.01517
;WIDTH:0.525408
G1 X131.407 Y81.493 E.01511
;WIDTH:0.525545
G1 X131.361 Y82.214 E.01514
;WIDTH:0.525729
G1 X131.281 Y82.932 E.01515
;WIDTH:0.525955
G1 X131.165 Y83.644 E.01513
G1 X131.023 Y84.316 E.01441
G1 X130.84 Y85.013 E.01511
G1 X130.623 Y85.702 E.01515
;WIDTH:0.5261
G1 X130.372 Y86.379 E.01515
G1 X130.088 Y87.043 E.01515
;WIDTH:0.523788
G1 X129.772 Y87.692 E.01508
;WIDTH:0.528787
G1 X129.513 Y88.17 E.01147
G1 X129.048 Y88.941 E.01899
G1 X128.635 Y89.543 E.0154
G1 X128.217 Y90.095 E.0146
;WIDTH:0.528653
G1 X127.659 Y90.758 E.01827
;WIDTH:0.526201
G1 X127.164 Y91.283 E.01514
;WIDTH:0.524109
G1 X126.643 Y91.783 E.01509
;WIDTH:0.529576
G1 X126.253 Y92.128 E.011
G1 X125.893 Y92.39 E.00941
;WIDTH:0.484788
G1 X125.533 Y92.652 E.00858
;WIDTH:0.487389
G1 X125.241 Y92.891 E.00731
;WIDTH:0.534778
G1 X124.948 Y93.129 E.00806
G1 X124.367 Y93.496 E.01467
;WIDTH:0.528184
G1 X123.819 Y93.816 E.01337
G1 X123.101 Y94.187 E.01703
;WIDTH:0.523723
G1 X122.444 Y94.486 E.01507
;WIDTH:0.528632
G1 X121.925 Y94.695 E.0118
G1 X121.089 Y94.984 E.01865
;WIDTH:0.522775
G1 X120.395 Y95.183 E.01505
;WIDTH:0.527039
G1 X119.693 Y95.35 E.01517
G1 X118.864 Y95.497 E.0177
;WIDTH:0.525994
G1 X118.145 Y95.585 E.01519
;WIDTH:0.528723
G1 X117.615 Y95.628 E.01121
G1 X116.703 Y95.658 E.01924
;WIDTH:0.525496
G1 X115.981 Y95.642 E.01513
;WIDTH:0.525639
G1 X115.261 Y95.59 E.01513
;WIDTH:0.52583
G1 X114.544 Y95.502 E.01515
;WIDTH:0.526063
G1 X113.833 Y95.38 E.01513
;WIDTH:0.526343
G1 X113.128 Y95.222 E.01517
G1 X112.466 Y95.041 E.01441
G1 X111.78 Y94.818 E.01514
G1 X111.105 Y94.561 E.01516
;WIDTH:0.526582
G1 X110.444 Y94.271 E.01516
;WIDTH:0.526798
G1 X109.798 Y93.949 E.01516
;WIDTH:0.527059
G1 X109.168 Y93.596 E.01518
;WIDTH:0.527369
G1 X108.556 Y93.213 E.01519
;WIDTH:0.527692
G1 X107.984 Y92.814 E.01468
;WIDTH:0.528011
G1 X107.434 Y92.39 E.01463
G1 X106.845 Y91.888 E.0163
;WIDTH:0.526048
G1 X106.344 Y91.417 E.01443
G1 X105.843 Y90.899 E.01512
;WIDTH:0.526208
G1 X105.368 Y90.356 E.01514
;WIDTH:0.52635
G1 X104.919 Y89.79 E.01517
;WIDTH:0.526538
G1 X104.499 Y89.203 E.01516
G1 X104.109 Y88.595 E.01517
;WIDTH:0.525396
G1 X103.748 Y87.969 E.01514
;WIDTH:0.525521
G1 X103.419 Y87.327 E.01512
;WIDTH:0.52569
G1 X103.121 Y86.669 E.01514
;WIDTH:0.525905
G1 X102.856 Y85.997 E.01515
G1 X102.635 Y85.347 E.0144
G1 X102.435 Y84.655 E.01511
;WIDTH:0.526039
G1 X102.27 Y83.952 E.01515
;WIDTH:0.52615
G1 X102.139 Y83.242 E.01515
;WIDTH:0.526307
G1 X102.043 Y82.526 E.01516
;WIDTH:0.526493
G1 X101.982 Y81.807 E.01515
G1 X101.958 Y81.085 E.01517
;WIDTH:0.525409
G1 X101.967 Y80.363 E.01513
;WIDTH:0.525546
G1 X102.013 Y79.642 E.01514
;WIDTH:0.525729
G1 X102.093 Y78.925 E.01513
;WIDTH:0.525955
G1 X102.209 Y78.212 E.01515
G1 X102.351 Y77.541 E.01439
G1 X102.534 Y76.843 E.01513
G1 X102.751 Y76.154 E.01515
;WIDTH:0.526101
G1 X103.002 Y75.477 E.01515
;WIDTH:0.526257
G1 X103.285 Y74.813 E.01515
G1 X103.602 Y74.164 E.01516
;WIDTH:0.523906
G1 X103.949 Y73.531 E.01508
;WIDTH:0.528951
G1 X104.218 Y73.088 E.01094
G1 X104.741 Y72.311 E.01976
;WIDTH:0.52869
G1 X105.157 Y71.762 E.01453
G1 X105.715 Y71.099 E.01827
;WIDTH:0.526203
G1 X106.21 Y70.574 E.01514
;WIDTH:0.524109
G1 X106.731 Y70.073 E.0151
;WIDTH:0.529576
G1 X107.121 Y69.728 E.011
G1 X107.481 Y69.466 E.00941
;WIDTH:0.484788
G1 X107.841 Y69.204 E.00858
;WIDTH:0.485346
G1 X108.134 Y68.967 E.00727
;WIDTH:0.530693
G1 X108.371 Y68.774 E.00647
G1 X108.624 Y69.146 F9000
;TYPE:External perimeter
;WIDTH:0.419999
G1 F1223
G1 X108.69 Y69.099 E.00134
G1 X109.25 Y68.739 E.01103
G1 X109.781 Y68.432 E.01016
G1 X110.478 Y68.069 E.01302
G1 X111.115 Y67.781 E.01158
G1 X111.616 Y67.582 E.00893
G1 X112.429 Y67.298 E.01427
G1 X113.102 Y67.106 E.0116
G1 X113.784 Y66.947 E.0116
G1 X114.589 Y66.804 E.01355
G1 X115.284 Y66.718 E.0116
G1 X116.652 Y66.649 E.0227
G1 X117.381 Y66.666 E.01208
G1 X118.08 Y66.717 E.01161
G1 X118.774 Y66.802 E.01159
G1 X119.464 Y66.922 E.0116
G1 X120.147 Y67.075 E.0116
G1 X120.788 Y67.251 E.01101
G1 X121.453 Y67.468 E.01159
G1 X122.107 Y67.717 E.0116
G1 X122.748 Y67.999 E.0116
G1 X123.374 Y68.311 E.01159
G1 X123.985 Y68.654 E.01161
G1 X124.577 Y69.027 E.01159
G1 X125.027 Y69.338 E.00906
G1 X125.584 Y69.759 E.01157
G1 X126.121 Y70.209 E.01161
G1 X126.635 Y70.684 E.0116
G1 X127.125 Y71.184 E.0116
G1 X127.59 Y71.707 E.0116
G1 X128.028 Y72.252 E.01159
G1 X128.42 Y72.79 E.01103
G1 X128.804 Y73.374 E.01158
G1 X129.16 Y73.977 E.0116
G1 X129.486 Y74.597 E.01161
G1 X129.781 Y75.231 E.01159
G1 X130.044 Y75.88 E.0116
G1 X130.276 Y76.54 E.01159
G1 X130.474 Y77.211 E.01159
G1 X130.64 Y77.891 E.0116
G1 X130.791 Y78.695 E.01355
G1 X130.883 Y79.39 E.01162
G1 X130.942 Y80.087 E.01159
G1 X130.966 Y80.787 E.01161
G1 X130.956 Y81.487 E.0116
G1 X130.911 Y82.185 E.01159
G1 X130.832 Y82.881 E.01161
G1 X130.719 Y83.571 E.01159
G1 X130.581 Y84.222 E.01103
G1 X130.403 Y84.899 E.0116
G1 X130.192 Y85.566 E.01159
G1 X129.949 Y86.222 E.01159
G1 X129.674 Y86.866 E.0116
G1 X129.367 Y87.495 E.0116
G1 X129.116 Y87.952 E.00864
G1 X128.663 Y88.704 E.01455
G1 X128.262 Y89.285 E.0117
G1 X127.858 Y89.818 E.01108
G1 X127.316 Y90.464 E.01397
G1 X126.836 Y90.974 E.0116
G1 X126.331 Y91.459 E.0116
G1 X125.853 Y91.876 E.01051
G1 X125.28 Y92.331 E.01212
G1 X124.684 Y92.758 E.01215
G1 X124.124 Y93.117 E.01102
G1 X123.593 Y93.424 E.01016
G1 X122.896 Y93.787 E.01302
G1 X122.259 Y94.076 E.01159
G1 X121.758 Y94.274 E.00893
G1 X120.945 Y94.558 E.01427
G1 X120.272 Y94.751 E.0116
G1 X119.59 Y94.91 E.0116
G1 X118.785 Y95.053 E.01355
G1 X118.09 Y95.139 E.0116
G1 X117.582 Y95.176 E.00844
G1 X116.692 Y95.208 E.01476
G1 X115.992 Y95.191 E.0116
G1 X115.294 Y95.14 E.0116
G1 X114.599 Y95.054 E.0116
G1 X113.91 Y94.935 E.01159
G1 X113.227 Y94.782 E.0116
G1 X112.586 Y94.606 E.01101
G1 X111.921 Y94.389 E.01159
G1 X111.267 Y94.139 E.0116
G1 X110.626 Y93.858 E.0116
G1 X110 Y93.545 E.0116
G1 X109.389 Y93.202 E.01161
G1 X108.797 Y92.83 E.01158
G1 X108.243 Y92.443 E.0112
G1 X107.711 Y92.032 E.01114
G1 X107.138 Y91.545 E.01246
G1 X106.654 Y91.089 E.01102
G1 X106.168 Y90.585 E.0116
G1 X105.708 Y90.058 E.01159
G1 X105.274 Y89.51 E.01158
G1 X104.867 Y88.94 E.01161
G1 X104.488 Y88.351 E.01161
G1 X104.139 Y87.745 E.01159
G1 X103.82 Y87.122 E.0116
G1 X103.533 Y86.483 E.01161
G1 X103.276 Y85.832 E.0116
G1 X103.063 Y85.202 E.01102
G1 X102.869 Y84.53 E.01159
G1 X102.709 Y83.849 E.01159
G1 X102.583 Y83.16 E.01161
G1 X102.49 Y82.467 E.01159
G1 X102.432 Y81.769 E.01161
G1 X102.408 Y81.07 E.01159
G1 X102.418 Y80.37 E.0116
G1 X102.463 Y79.671 E.01161
G1 X102.542 Y78.976 E.01159
G1 X102.655 Y78.285 E.0116
G1 X102.793 Y77.635 E.01101
G1 X102.971 Y76.958 E.0116
G1 X103.182 Y76.291 E.01159
G1 X103.425 Y75.634 E.01161
G1 X103.7 Y74.991 E.01159
G1 X104.007 Y74.362 E.0116
G1 X104.344 Y73.748 E.01161
G1 X104.71 Y73.152 E.01159
G1 X105.114 Y72.568 E.01177
G1 X105.516 Y72.038 E.01102
G1 X106.058 Y71.392 E.01397
G1 X106.538 Y70.883 E.01159
G1 X107.043 Y70.398 E.0116
G1 X107.57 Y69.938 E.01159
G1 X108.093 Y69.525 E.01104
G1 X108.575 Y69.181 E.00981
G1 E-3.5 F3600
;WIPE_START
G1 F7200
G1 X108.624 Y69.146 E-.0286
G1 X108.69 Y69.099 E-.03849
G1 X109.25 Y68.739 E-.31622
G1 X109.781 Y68.432 E-.29135
G1 X110.478 Y68.069 E-.37328
G1 X111.115 Y67.781 E-.33206
G1 X111.35 Y67.688 E-.12
;WIPE_END
G1 X126.148 Y92.653 F9000
G1 E5 F2400
;TYPE:Perimeter
;WIDTH:0.36503
G1 F1223
G1 X126.047 Y93.072 E.00616
;WIDTH:0.383476
G1 X126.07 Y93.299 E.00343
G1 X126.128 Y93.421 E.00203
G1 X126.027 Y93.331 E.00204
G1 X125.815 Y93.247 E.00343
;WIDTH:0.36503
G1 X125.356 Y93.249 E.00656
G1 X126.1 Y92.689 E.0133
G1 E-3.5 F3600
;WIPE_START
G1 F7200
G1 X126.148 Y92.653 E-.0285
G1 X126.047 Y93.072 E-.20473
G1 X126.07 Y93.299 E-.10838
G1 X126.128 Y93.421 E-.06417
G1 X126.027 Y93.331 E-.06426
G1 X125.815 Y93.247 E-.10832
G1 X125.356 Y93.249 E-.21803
G1 X126.1 Y92.689 E-.44232
;WIPE_END
G1 E-.26129 F3600
G1 X108.018 Y68.608 F9000
G1 E5 F2400
;WIDTH:0.365005
G1 F1223
G1 X107.226 Y69.204 E.01416
G1 X107.327 Y68.785 E.00616
;WIDTH:0.386787
G1 X107.311 Y68.568 E.0033
G1 X107.26 Y68.454 E.0019
G1 X107.355 Y68.535 E.0019
G1 X107.559 Y68.609 E.0033
;WIDTH:0.365005
G1 X107.958 Y68.608 E.0057
G1 X107.792 Y68.259 F9000
;WIDTH:0.485346
G1 F1223
G1 X107.933 Y68.267 E.00272
;WIDTH:0.530693
G1 X108.172 Y68.281 E.00507
G1 X108.246 Y68.242 E.00177
;WIDTH:0.529001
G1 X108.778 Y67.915 E.01318
;WIDTH:0.525011
G1 X109.43 Y67.534 E.01581
G1 X110.085 Y67.203 E.01536
;WIDTH:0.523594
G1 X110.77 Y66.893 E.0157
;WIDTH:0.523817
G1 X111.47 Y66.617 E.01572
;WIDTH:0.528944
G1 X112.401 Y66.307 E.0207
G1 X112.892 Y66.18 E.0107
;WIDTH:0.526707
G1 X113.627 Y66.002 E.01589
;WIDTH:0.527793
G1 X114.534 Y65.844 E.01938
G1 X115.217 Y65.771 E.01446
;WIDTH:0.523413
G1 X115.968 Y65.714 E.01572
;WIDTH:0.529341
G1 X116.94 Y65.694 E.02053
G1 X117.655 Y65.722 E.01511
;WIDTH:0.528948
G1 X118.374 Y65.785 E.01523
G1 X119.089 Y65.882 E.01522
;WIDTH:0.528758
G1 X119.799 Y66.013 E.01523
G1 X120.502 Y66.177 E.01523
;WIDTH:0.528576
G1 X121.196 Y66.374 E.01521
G1 X121.881 Y66.604 E.01523
;WIDTH:0.528278
G1 X122.553 Y66.866 E.0152
;WIDTH:0.527985
G1 X123.213 Y67.159 E.01521
;WIDTH:0.527694
G1 X123.858 Y67.483 E.01519
;WIDTH:0.527403
G1 X124.504 Y67.85 E.01563
;WIDTH:0.528412
G1 X125.299 Y68.359 E.0199
;WIDTH:0.529347
G1 X125.882 Y68.779 E.01517
G1 X126.447 Y69.228 E.01524
G1 X126.99 Y69.704 E.01525
G1 X127.51 Y70.204 E.01523
;WIDTH:0.52923
G1 X128.006 Y70.729 E.01525
G1 X128.477 Y71.276 E.01524
G1 X128.92 Y71.846 E.01524
G1 X129.337 Y72.435 E.01523
G1 X129.724 Y73.042 E.0152
;WIDTH:0.529339
G1 X130.198 Y73.885 E.02042
G1 X130.515 Y74.53 E.01518
G1 X130.803 Y75.192 E.01524
G1 X131.058 Y75.867 E.01524
G1 X131.282 Y76.554 E.01526
G1 X131.473 Y77.25 E.01524
;WIDTH:0.529694
G1 X131.63 Y77.954 E.01524
G1 X131.755 Y78.665 E.01525
;WIDTH:0.528251
G1 X131.845 Y79.381 E.0152
;WIDTH:0.527989
G1 X131.902 Y80.099 E.01517
;WIDTH:0.529159
G1 X131.923 Y81.067 E.02044
G1 X131.899 Y81.784 E.01514
G1 X131.842 Y82.504 E.01525
G1 X131.75 Y83.22 E.01524
;WIDTH:0.529043
G1 X131.625 Y83.931 E.01523
G1 X131.466 Y84.635 E.01523
G1 X131.274 Y85.33 E.01522
;WIDTH:0.528741
G1 X131.049 Y86.016 E.01523
;WIDTH:0.528495
G1 X130.793 Y86.689 E.01518
;WIDTH:0.528174
G1 X130.53 Y87.284 E.0137
;WIDTH:0.52401
G1 X130.2 Y87.958 E.01568
;WIDTH:0.52458
G1 X129.838 Y88.615 E.01569
;WIDTH:0.527283
G1 X129.446 Y89.257 E.01582
G1 X128.95 Y89.968 E.01823
;WIDTH:0.525953
G1 X128.49 Y90.559 E.01571
;WIDTH:0.527547
G1 X127.986 Y91.151 E.01636
;WIDTH:0.529054
G1 X127.324 Y91.838 E.02013
G1 X126.954 Y92.18 E.01063
;WIDTH:0.536308
G1 X126.522 Y92.576 E.01254
G1 X126.474 Y92.808 E.00507
;WIDTH:0.488154
G1 X126.426 Y93.04 E.0046
;WIDTH:0.481647
G1 X126.433 Y93.122 E.00157
;WIDTH:0.523294
G1 X126.44 Y93.204 E.00172
;WIDTH:0.564942
G1 X126.447 Y93.286 E.00186
;WIDTH:0.606589
G1 X126.454 Y93.368 E.002
G1 X126.503 Y93.439 E.0021
;WIDTH:0.602735
G1 X126.621 Y93.681 E.00651
;WIDTH:0.600698
G1 X126.528 Y93.911 E.00597
G1 X126.331 Y93.985 E.00507
G1 X126.17 Y93.926 E.00413
;WIDTH:0.602735
G1 X126.024 Y93.768 E.0052
G1 X125.938 Y93.727 E.0023
;WIDTH:0.562051
G1 X125.852 Y93.686 E.00214
;WIDTH:0.521367
G1 X125.766 Y93.645 E.00198
;WIDTH:0.480683
G1 X125.68 Y93.604 E.00182
;WIDTH:0.487389
G1 X125.441 Y93.589 E.00464
;WIDTH:0.534778
G1 X125.201 Y93.573 E.00513
G1 X125.128 Y93.615 E.0018
;WIDTH:0.528999
G1 X124.596 Y93.942 E.01318
;WIDTH:0.52501
G1 X123.944 Y94.322 E.0158
G1 X123.289 Y94.653 E.01536
;WIDTH:0.523602
G1 X122.604 Y94.964 E.01571
;WIDTH:0.523808
G1 X121.904 Y95.239 E.01571
;WIDTH:0.528943
G1 X120.973 Y95.549 E.0207
G1 X120.482 Y95.677 E.01071
;WIDTH:0.526706
G1 X119.747 Y95.854 E.01588
;WIDTH:0.527792
G1 X118.84 Y96.012 E.01938
G1 X118.157 Y96.086 E.01446
;WIDTH:0.523408
G1 X117.405 Y96.143 E.01574
;WIDTH:0.528994
G1 X116.433 Y96.163 E.02051
G1 X115.719 Y96.134 E.01508
G1 X115 Y96.071 E.01523
;WIDTH:0.528853
G1 X114.285 Y95.974 E.01522
G1 X113.575 Y95.844 E.01523
;WIDTH:0.528665
G1 X112.872 Y95.68 E.01522
G1 X112.178 Y95.483 E.01521
G1 X111.493 Y95.253 E.01524
;WIDTH:0.52828
G1 X110.821 Y94.991 E.0152
;WIDTH:0.527986
G1 X110.161 Y94.697 E.01522
;WIDTH:0.527695
G1 X109.516 Y94.373 E.01519
;WIDTH:0.527405
G1 X108.871 Y94.008 E.01559
;WIDTH:0.527124
G1 X108.24 Y93.609 E.0157
;WIDTH:0.526886
G1 X107.63 Y93.18 E.01567
;WIDTH:0.526694
G1 X107.04 Y92.72 E.01571
;WIDTH:0.528645
G1 X106.381 Y92.151 E.01836
;WIDTH:0.528822
G1 X105.863 Y91.652 E.01517
G1 X105.368 Y91.128 E.01521
;WIDTH:0.528538
G1 X104.897 Y90.58 E.01523
;WIDTH:0.52826
G1 X104.453 Y90.011 E.01521
;WIDTH:0.527985
G1 X104.037 Y89.423 E.01517
;WIDTH:0.529138
G1 X103.524 Y88.603 E.02042
G1 X103.177 Y87.974 E.01516
G1 X102.859 Y87.326 E.01524
;WIDTH:0.529035
G1 X102.571 Y86.664 E.01523
G1 X102.315 Y85.989 E.01523
G1 X102.092 Y85.303 E.01522
G1 X101.901 Y84.607 E.01523
;WIDTH:0.528776
G1 X101.743 Y83.903 E.01522
;WIDTH:0.528513
G1 X101.619 Y83.191 E.01524
;WIDTH:0.528253
G1 X101.529 Y82.475 E.0152
;WIDTH:0.52799
G1 X101.472 Y81.756 E.01519
;WIDTH:0.52916
G1 X101.451 Y80.79 E.02039
G1 X101.474 Y80.072 E.01516
G1 X101.532 Y79.353 E.01523
G1 X101.624 Y78.637 E.01524
;WIDTH:0.529043
G1 X101.749 Y77.926 E.01523
G1 X101.908 Y77.222 E.01523
G1 X102.1 Y76.526 E.01524
;WIDTH:0.528742
G1 X102.325 Y75.84 E.01523
;WIDTH:0.528497
G1 X102.582 Y75.166 E.01521
;WIDTH:0.528249
G1 X102.87 Y74.505 E.01519
;WIDTH:0.527933
G1 X103.172 Y73.902 E.0142
;WIDTH:0.524167
G1 X103.535 Y73.245 E.01569
;WIDTH:0.524449
G1 X103.93 Y72.603 E.01576
;WIDTH:0.525953
G1 X104.424 Y71.888 E.01823
G1 X104.884 Y71.298 E.01569
;WIDTH:0.527548
G1 X105.388 Y70.706 E.01636
;WIDTH:0.529053
G1 X106.05 Y70.019 E.02013
G1 X106.42 Y69.677 E.01063
;WIDTH:0.543216
G1 X106.883 Y69.245 E.01374
G1 X106.904 Y69.102 E.00314
;WIDTH:0.508811
G1 X106.926 Y68.959 E.00293
;WIDTH:0.474405
G1 X106.948 Y68.817 E.00271
;WIDTH:0.480473
G1 X106.942 Y68.739 E.00149
;WIDTH:0.520947
G1 X106.937 Y68.661 E.00162
;WIDTH:0.56142
G1 X106.932 Y68.583 E.00175
;WIDTH:0.601894
G1 X106.927 Y68.505 E.00189
G1 X106.801 Y68.322 E.00536
;WIDTH:0.589941
G1 X106.746 Y68.163 E.00398
G1 X106.794 Y68.023 E.0035
G1 X106.952 Y67.888 E.00491
G1 X107.131 Y67.878 E.00424
;WIDTH:0.606587
G1 X107.382 Y68.133 E.0087
G1 X107.46 Y68.163 E.00203
;WIDTH:0.56494
G1 X107.538 Y68.193 E.00189
;WIDTH:0.523293
G1 X107.616 Y68.223 E.00174
;WIDTH:0.481646
G1 X107.693 Y68.253 E.00158
;WIDTH:0.485346
G1 X107.732 Y68.255 E.00075
G1 X107.873 Y67.867 F9000
;TYPE:External perimeter
;WIDTH:0.419999
G1 F1223
G1 X108.011 Y67.854 E.0023
G1 X109.086 Y67.203 E.02082
G1 X110.194 Y66.645 E.02056
G1 X111.108 Y66.264 E.01641
G1 X112.283 Y65.869 E.02054
G1 X113.487 Y65.568 E.02056
G1 X114.463 Y65.397 E.01642
G1 X115.958 Y65.264 E.02487
G1 X116.958 Y65.241 E.01657
G1 X117.694 Y65.271 E.01221
G1 X118.434 Y65.336 E.01231
G1 X119.171 Y65.437 E.01233
G1 X119.902 Y65.572 E.01232
G1 X120.626 Y65.741 E.01232
G1 X121.34 Y65.945 E.0123
G1 X122.045 Y66.182 E.01232
G1 X122.737 Y66.452 E.01231
G1 X123.416 Y66.755 E.01232
G1 X124.08 Y67.089 E.01232
G1 X124.748 Y67.469 E.01273
G1 X125.563 Y67.991 E.01604
G1 X126.164 Y68.424 E.01227
G1 X126.746 Y68.887 E.01232
G1 X127.305 Y69.377 E.01232
G1 X127.84 Y69.893 E.01232
G1 X128.35 Y70.433 E.01231
G1 X128.834 Y70.998 E.01233
G1 X129.29 Y71.584 E.0123
G1 X129.719 Y72.191 E.01232
G1 X130.119 Y72.82 E.01235
G1 X130.604 Y73.685 E.01643
G1 X130.931 Y74.35 E.01228
G1 X131.226 Y75.032 E.01231
G1 X131.489 Y75.727 E.01231
G1 X131.719 Y76.434 E.01232
G1 X131.915 Y77.151 E.01232
G1 X132.077 Y77.876 E.01231
G1 X132.204 Y78.608 E.01231
G1 X132.297 Y79.346 E.01232
G1 X132.354 Y80.089 E.01235
G1 X132.376 Y81.062 E.01613
G1 X132.352 Y81.804 E.0123
G1 X132.293 Y82.545 E.01232
G1 X132.199 Y83.282 E.01231
G1 X132.071 Y84.014 E.01231
G1 X131.907 Y84.739 E.01232
G1 X131.71 Y85.455 E.0123
G1 X131.478 Y86.162 E.01233
G1 X131.214 Y86.856 E.0123
G1 X130.811 Y87.762 E.01643
G1 X130.351 Y88.64 E.01642
G1 X129.837 Y89.487 E.01642
G1 X129.417 Y90.1 E.01231
G1 X128.969 Y90.692 E.0123
G1 X128.327 Y91.449 E.01645
G1 X127.64 Y92.162 E.01641
G1 X126.897 Y92.842 E.01669
G1 X126.833 Y93.006 E.00292
G1 X127.064 Y93.4 E.00757
G1 X127.12 Y93.684 E.0048
G1 X127.048 Y94.021 E.00571
G1 X126.928 Y94.192 E.00346
G1 X126.735 Y94.37 E.00435
G1 X126.305 Y94.475 E.00733
G1 X125.884 Y94.339 E.00733
G1 X125.536 Y93.986 E.00821
G1 X125.363 Y94.002 E.00288
G1 X124.288 Y94.654 E.02083
G1 X123.18 Y95.211 E.02055
G1 X122.266 Y95.593 E.01641
G1 X121.091 Y95.987 E.02053
G1 X119.887 Y96.288 E.02056
G1 X118.911 Y96.46 E.01642
G1 X117.678 Y96.587 E.02054
G1 X116.438 Y96.616 E.02055
G1 X115.697 Y96.587 E.01229
G1 X114.956 Y96.522 E.01233
G1 X114.219 Y96.423 E.01232
G1 X113.488 Y96.289 E.01231
G1 X112.765 Y96.12 E.0123
G1 X112.049 Y95.917 E.01233
G1 X111.345 Y95.681 E.0123
G1 X110.652 Y95.411 E.01232
G1 X109.973 Y95.109 E.01231
G1 X109.309 Y94.775 E.01232
G1 X108.661 Y94.41 E.01232
G1 X108.032 Y94.015 E.01231
G1 X107.422 Y93.59 E.01232
G1 X106.833 Y93.138 E.0123
G1 X106.081 Y92.49 E.01645
G1 X105.546 Y91.976 E.01229
G1 X105.035 Y91.436 E.01232
G1 X104.551 Y90.872 E.01231
G1 X104.093 Y90.286 E.01232
G1 X103.665 Y89.68 E.01229
G1 X103.137 Y88.839 E.01645
G1 X102.778 Y88.189 E.0123
G1 X102.45 Y87.522 E.01232
G1 X102.154 Y86.841 E.0123
G1 X101.89 Y86.146 E.01232
G1 X101.659 Y85.439 E.01232
G1 X101.463 Y84.722 E.01232
G1 X101.3 Y83.997 E.01231
G1 X101.172 Y83.265 E.01231
G1 X101.079 Y82.527 E.01232
G1 X101.021 Y81.786 E.01232
G1 X100.998 Y80.795 E.01642
G1 X101.021 Y80.053 E.0123
G1 X101.081 Y79.312 E.01232
G1 X101.175 Y78.575 E.01231
G1 X101.303 Y77.843 E.01231
G1 X101.467 Y77.117 E.01233
G1 X101.664 Y76.401 E.0123
G1 X101.896 Y75.695 E.01231
G1 X102.16 Y75 E.01232
G1 X102.457 Y74.319 E.01231
G1 X102.903 Y73.433 E.01644
G1 X103.403 Y72.578 E.01641
G1 X103.958 Y71.756 E.01643
G1 X104.405 Y71.164 E.01229
G1 X105.047 Y70.408 E.01643
G1 X105.734 Y69.694 E.01642
G1 X106.476 Y69.015 E.01667
G1 X106.54 Y68.851 E.00292
G1 X106.309 Y68.452 E.00764
G1 X106.254 Y68.163 E.00487
G1 X106.309 Y67.877 E.00483
G1 X106.502 Y67.592 E.0057
G1 X106.798 Y67.417 E.0057
G1 X107.145 Y67.383 E.00578
G1 X107.48 Y67.511 E.00594
G1 X107.82 Y67.853 E.00799
;LAYER_CHANGE
M117 DASHBOARD_LAYER_INDICATOR 31
;Z:3.2
;HEIGHT:0.1
;BEFORE_LAYER_CHANGE
M117 OBICO_LAYER_INDICATOR 30
G92 E0
;3.2
G1 E-3.5 F3600
;WIPE_START
G1 F7200
G1 X107.873 Y67.867 E-.02604
G1 X108.011 Y67.854 E-.06584
G1 X109.086 Y67.203 E-.59696
G1 X110.194 Y66.645 E-.58927
G1 X110.625 Y66.465 E-.22189
;WIPE_END
G1 Z3.2 F9000
;AFTER_LAYER_CHANGE
;3.2
G1 X108.446 Y68.775
G1 E5 F2400
;TYPE:Perimeter
;WIDTH:0.499251
G1 F1182
G1 X108.484 Y68.744 E.00097
;WIDTH:0.50212
G1 X109.419 Y68.175 E.02187
G1 X110.243 Y67.735 E.01867
;WIDTH:0.497873
G1 X110.914 Y67.427 E.01462
;WIDTH:0.499982
G1 X111.497 Y67.194 E.01249
G1 X112.299 Y66.917 E.01688
;WIDTH:0.494987
G1 X113.009 Y66.715 E.01453
;WIDTH:0.499712
G1 X113.607 Y66.573 E.01222
G1 X114.465 Y66.415 E.01735
;WIDTH:0.495785
G1 X115.197 Y66.322 E.01455
;WIDTH:0.500394
G1 X115.743 Y66.277 E.01091
G1 X116.668 Y66.245 E.01843
;WIDTH:0.496363
G1 X117.409 Y66.263 E.01463
;WIDTH:0.497431
G1 X118.145 Y66.317 E.0146
;WIDTH:0.497827
G1 X118.877 Y66.409 E.01461
;WIDTH:0.498325
G1 X119.604 Y66.537 E.01464
;WIDTH:0.50499
G1 X120.805 Y66.834 E.02487
;WIDTH:0.497539
G1 X121.509 Y67.059 E.01463
;WIDTH:0.497389
G1 X122.21 Y67.323 E.01482
;WIDTH:0.497801
G1 X122.887 Y67.617 E.01462
G1 X123.547 Y67.946 E.0146
;WIDTH:0.496492
G1 X124.191 Y68.308 E.01459
;WIDTH:0.497231
G1 X124.816 Y68.7 E.01459
;WIDTH:0.497558
G1 X125.42 Y69.124 E.01461
;WIDTH:0.497986
G1 X126.003 Y69.578 E.01464
;WIDTH:0.504842
G1 X126.955 Y70.433 E.02572
;WIDTH:0.496903
G1 X127.441 Y70.931 E.01375
;WIDTH:0.497193
G1 X127.937 Y71.492 E.01481
;WIDTH:0.49753
G1 X128.397 Y72.069 E.01461
G1 X128.827 Y72.669 E.01461
;WIDTH:0.496269
G1 X129.227 Y73.29 E.01458
;WIDTH:0.497083
G1 X129.595 Y73.929 E.01458
;WIDTH:0.497338
G1 X129.931 Y74.587 E.01462
;WIDTH:0.497694
G1 X130.233 Y75.26 E.01461
;WIDTH:0.504675
G1 X130.734 Y76.657 E.02982
;WIDTH:0.500561
G1 X130.873 Y77.14 E.01001
;WIDTH:0.497041
G1 X131.046 Y77.857 E.01458
;WIDTH:0.497309
G1 X131.182 Y78.583 E.01461
G1 X131.281 Y79.314 E.01459
;WIDTH:0.496114
G1 X131.344 Y80.05 E.01458
;WIDTH:0.496981
G1 X131.37 Y80.787 E.01458
;WIDTH:0.497167
G1 X131.358 Y81.525 E.0146
;WIDTH:0.497449
G1 X131.31 Y82.262 E.01462
;WIDTH:0.497911
G1 X131.223 Y83.006 E.01484
;WIDTH:0.498319
G1 X131.102 Y83.723 E.01442
;WIDTH:0.504309
G1 X130.908 Y84.553 E.01711
G1 X130.732 Y85.203 E.01352
;WIDTH:0.500798
G1 X130.52 Y85.849 E.01355
;WIDTH:0.50056
G1 X130.339 Y86.335 E.01033
;WIDTH:0.497435
G1 X130.049 Y87.014 E.01461
;WIDTH:0.495881
G1 X129.726 Y87.678 E.01456
;WIDTH:0.496346
G1 X129.371 Y88.325 E.01457
;WIDTH:0.500594
G1 X129.097 Y88.772 E.01044
G1 X128.564 Y89.563 E.019
;WIDTH:0.498876
G1 X128.109 Y90.156 E.01484
;WIDTH:0.497772
G1 X127.63 Y90.717 E.01461
;WIDTH:0.49607
G1 X127.125 Y91.255 E.01456
G1 X126.592 Y91.766 E.01457
;WIDTH:0.507819
G1 X126.12 Y92.185 E.01276
G1 X125.817 Y92.404 E.00756
;WIDTH:0.473909
G1 X125.515 Y92.623 E.00702
;WIDTH:0.469624
G1 X125.18 Y92.881 E.00788
;WIDTH:0.499249
G1 X124.846 Y93.138 E.00837
;WIDTH:0.502119
G1 X123.955 Y93.682 E.02086
G1 X123.131 Y94.122 E.01867
;WIDTH:0.496125
G1 X122.459 Y94.428 E.01457
;WIDTH:0.500355
G1 X121.979 Y94.623 E.01032
G1 X121.075 Y94.94 E.01907
;WIDTH:0.496867
G1 X120.365 Y95.142 E.01459
;WIDTH:0.494838
G1 X119.646 Y95.309 E.01453
;WIDTH:0.497276
G1 X118.909 Y95.443 E.01482
G1 X118.177 Y95.534 E.01459
;WIDTH:0.494241
G1 X117.441 Y95.591 E.01451
;WIDTH:0.498349
G1 X116.703 Y95.612 E.01464
;WIDTH:0.499347
G1 X116.003 Y95.596 E.01391
G1 X115.229 Y95.54 E.01542
;WIDTH:0.498355
G1 X114.497 Y95.447 E.01463
G1 X113.77 Y95.319 E.01464
;WIDTH:0.50499
G1 X112.569 Y95.022 E.02487
;WIDTH:0.49754
G1 X111.865 Y94.797 E.01463
;WIDTH:0.49739
G1 X111.164 Y94.534 E.01481
;WIDTH:0.497801
G1 X110.487 Y94.239 E.01462
;WIDTH:0.498314
G1 X109.826 Y93.911 E.01463
;WIDTH:0.498925
G1 X109.183 Y93.55 E.01464
G1 X108.558 Y93.156 E.01467
;WIDTH:0.497888
G1 X107.954 Y92.732 E.01462
G1 X107.371 Y92.279 E.01462
;WIDTH:0.504857
G1 X106.418 Y91.424 E.02573
;WIDTH:0.497425
G1 X105.933 Y90.926 E.01376
;WIDTH:0.497193
G1 X105.437 Y90.365 E.01481
;WIDTH:0.497531
G1 X104.977 Y89.787 E.01462
;WIDTH:0.497973
G1 X104.546 Y89.188 E.01462
;WIDTH:0.498513
G1 X104.146 Y88.567 E.01465
G1 X103.779 Y87.927 E.01463
;WIDTH:0.49747
G1 X103.444 Y87.27 E.01459
;WIDTH:0.497696
G1 X103.141 Y86.596 E.01463
;WIDTH:0.504676
G1 X102.64 Y85.199 E.02982
;WIDTH:0.500563
G1 X102.501 Y84.716 E.01001
;WIDTH:0.497042
G1 X102.328 Y83.999 E.01458
;WIDTH:0.49731
G1 X102.192 Y83.274 E.01459
G1 X102.093 Y82.542 E.01461
;WIDTH:0.496116
G1 X102.03 Y81.807 E.01456
;WIDTH:0.496981
G1 X102.004 Y81.069 E.0146
;WIDTH:0.497168
G1 X102.016 Y80.331 E.0146
;WIDTH:0.49745
G1 X102.064 Y79.595 E.0146
;WIDTH:0.49791
G1 X102.151 Y78.851 E.01484
;WIDTH:0.49832
G1 X102.272 Y78.133 E.01444
;WIDTH:0.504312
G1 X102.466 Y77.303 E.01711
G1 X102.642 Y76.653 E.01352
;WIDTH:0.500799
G1 X102.854 Y76.007 E.01355
;WIDTH:0.500562
G1 X103.035 Y75.521 E.01033
;WIDTH:0.497436
G1 X103.325 Y74.843 E.01459
;WIDTH:0.495881
G1 X103.648 Y74.179 E.01456
;WIDTH:0.496347
G1 X104.003 Y73.532 E.01457
;WIDTH:0.500597
G1 X104.277 Y73.084 E.01046
G1 X104.81 Y72.293 E.019
;WIDTH:0.498878
G1 X105.265 Y71.701 E.01482
;WIDTH:0.497774
G1 X105.744 Y71.139 E.01462
;WIDTH:0.496069
G1 X106.249 Y70.601 E.01456
G1 X106.782 Y70.09 E.01457
;WIDTH:0.520365
G1 X107.331 Y69.597 E.0153
G1 X107.595 Y69.415 E.00665
;WIDTH:0.480182
G1 X107.859 Y69.233 E.00612
;WIDTH:0.469625
G1 X108.172 Y68.989 E.00739
;WIDTH:0.499251
G1 X108.398 Y68.812 E.0057
G1 X108.644 Y69.174 F9000
;TYPE:External perimeter
;WIDTH:0.419999
G1 F1182
G1 X108.773 Y69.082 E.00263
G1 X109.647 Y68.55 E.01695
G1 X110.444 Y68.122 E.01499
G1 X111.096 Y67.825 E.01187
G1 X111.658 Y67.601 E.01002
G1 X112.439 Y67.33 E.0137
G1 X113.128 Y67.133 E.01187
G1 X113.705 Y67 E.00981
G1 X114.541 Y66.844 E.01409
G1 X115.252 Y66.754 E.01187
G1 X115.776 Y66.714 E.00871
G1 X116.679 Y66.682 E.01497
G1 X117.398 Y66.7 E.01192
G1 X118.112 Y66.753 E.01186
G1 X118.823 Y66.843 E.01187
G1 X119.528 Y66.968 E.01186
G1 X120.7 Y67.259 E.02001
G1 X121.375 Y67.475 E.01174
G1 X122.055 Y67.732 E.01204
G1 X122.712 Y68.018 E.01187
G1 X123.353 Y68.337 E.01186
G1 X123.977 Y68.688 E.01186
G1 X124.583 Y69.07 E.01187
G1 X125.169 Y69.482 E.01187
G1 X125.733 Y69.923 E.01186
G1 X126.286 Y70.417 E.01229
G1 X126.844 Y70.944 E.01272
G1 X127.293 Y71.423 E.01088
G1 X128.056 Y72.343 E.0198
G1 X128.472 Y72.924 E.01184
G1 X128.859 Y73.526 E.01186
G1 X129.216 Y74.147 E.01187
G1 X129.541 Y74.785 E.01186
G1 X129.833 Y75.439 E.01187
G1 X130.103 Y76.171 E.01293
G1 X130.313 Y76.781 E.01069
G1 X130.454 Y77.262 E.00831
G1 X130.621 Y77.962 E.01192
G1 X130.752 Y78.663 E.01182
G1 X130.848 Y79.373 E.01187
G1 X130.909 Y80.086 E.01186
G1 X130.933 Y80.802 E.01187
G1 X130.921 Y81.518 E.01187
G1 X130.874 Y82.233 E.01187
G1 X130.789 Y82.955 E.01205
G1 X130.671 Y83.65 E.01168
G1 X130.48 Y84.45 E.01363
G1 X130.313 Y85.073 E.01069
G1 X130.108 Y85.697 E.01088
G1 X129.928 Y86.186 E.00863
G1 X129.648 Y86.843 E.01183
G1 X129.334 Y87.487 E.01187
G1 X128.988 Y88.114 E.01187
G1 X128.724 Y88.542 E.00833
G1 X128.204 Y89.314 E.01542
G1 X127.762 Y89.889 E.01202
G1 X127.298 Y90.434 E.01186
G1 X126.807 Y90.956 E.01187
G1 X126.29 Y91.451 E.01186
G1 X125.83 Y91.851 E.0101
G1 X125.263 Y92.301 E.01199
G1 X124.595 Y92.778 E.0136
G1 X123.727 Y93.306 E.01683
G1 X122.93 Y93.734 E.01499
G1 X122.278 Y94.032 E.01188
G1 X121.613 Y94.296 E.01186
G1 X120.935 Y94.527 E.01187
G1 X120.246 Y94.723 E.01187
G1 X119.548 Y94.884 E.01187
G1 X118.833 Y95.012 E.01204
G1 X118.122 Y95.102 E.01187
G1 X117.408 Y95.156 E.01186
G1 X116.692 Y95.175 E.01187
G1 X116.014 Y95.158 E.01124
G1 X115.262 Y95.103 E.01249
G1 X114.551 Y95.014 E.01187
G1 X113.846 Y94.889 E.01186
G1 X112.674 Y94.598 E.02001
G1 X111.999 Y94.381 E.01175
G1 X111.319 Y94.125 E.01204
G1 X110.662 Y93.838 E.01188
G1 X110.021 Y93.519 E.01186
G1 X109.397 Y93.168 E.01186
G1 X108.791 Y92.786 E.01187
G1 X108.205 Y92.375 E.01186
G1 X107.641 Y91.934 E.01186
G1 X107.087 Y91.438 E.01232
G1 X106.615 Y90.999 E.01068
G1 X106.244 Y90.618 E.00881
G1 X105.765 Y90.076 E.01199
G1 X105.319 Y89.515 E.01187
G1 X104.902 Y88.933 E.01186
G1 X104.515 Y88.331 E.01186
G1 X104.158 Y87.71 E.01187
G1 X103.833 Y87.071 E.01188
G1 X103.541 Y86.418 E.01185
G1 X103.271 Y85.685 E.01294
G1 X103.061 Y85.075 E.01069
G1 X102.92 Y84.595 E.00829
G1 X102.753 Y83.894 E.01194
G1 X102.622 Y83.193 E.01182
G1 X102.526 Y82.484 E.01185
G1 X102.465 Y81.77 E.01187
G1 X102.441 Y81.054 E.01187
G1 X102.453 Y80.338 E.01187
G1 X102.5 Y79.624 E.01186
G1 X102.585 Y78.902 E.01205
G1 X102.703 Y78.206 E.0117
G1 X102.894 Y77.406 E.01363
G1 X103.061 Y76.784 E.01067
G1 X103.266 Y76.159 E.0109
G1 X103.446 Y75.67 E.00863
G1 X103.726 Y75.014 E.01182
G1 X104.04 Y74.37 E.01187
G1 X104.385 Y73.743 E.01186
G1 X104.65 Y73.315 E.00834
G1 X105.17 Y72.542 E.01544
G1 X105.612 Y71.967 E.01202
G1 X106.076 Y71.422 E.01186
G1 X106.567 Y70.901 E.01186
G1 X107.084 Y70.405 E.01187
G1 X107.625 Y69.936 E.01186
G1 X108.111 Y69.555 E.01023
G1 X108.595 Y69.209 E.00986
G1 X107.615 Y68.82 F9000
;TYPE:Perimeter
;WIDTH:0.653034
G1 F1182
G1 X107.575 Y68.888 E.00207
G1 X107.497 Y68.888 E.00205
G1 X107.457 Y68.82 E.00207
G1 X107.497 Y68.751 E.00209
G1 X107.575 Y68.751 E.00205
G1 E-3.5 F3600
;WIPE_START
G1 F7200
G1 X107.497 Y68.751 E-.03705
G1 X107.457 Y68.82 E-.03788
G1 X107.497 Y68.888 E-.03747
G1 X107.575 Y68.888 E-.03705
G1 X107.615 Y68.82 E-.03747
;WIPE_END
G1 E-1.31308 F3600
G1 X125.917 Y93.037 F9000
G1 E5 F2400
;WIDTH:0.653032
G1 F1182
G1 X125.877 Y93.105 E.00207
G1 X125.798 Y93.105 E.00207
G1 X125.759 Y93.037 E.00206
G1 X125.798 Y92.968 E.00208
G1 X125.877 Y92.968 E.00207
G1 X126.374 Y92.909 F9000
;WIDTH:0.489587
G1 F1182
G1 X126.361 Y92.986 E.00152
G1 X126.382 Y93.105 E.00235
;WIDTH:0.53902
G1 X126.403 Y93.224 E.0026
;WIDTH:0.58853
G1 X126.425 Y93.343 E.00285
;WIDTH:0.597512
G1 X126.549 Y93.512 E.00502
G1 X126.62 Y93.69 E.00459
G1 X126.529 Y93.912 E.00575
G1 X126.35 Y93.981 E.00459
G1 X126.191 Y93.951 E.00388
G1 X125.972 Y93.685 E.00825
;WIDTH:0.58853
G1 X125.835 Y93.623 E.00355
;WIDTH:0.53902
G1 X125.697 Y93.561 E.00326
;WIDTH:0.48951
G1 X125.56 Y93.499 E.00293
;WIDTH:0.469624
G1 X125.313 Y93.532 E.00464
;WIDTH:0.499249
G1 X125.066 Y93.564 E.00495
;WIDTH:0.502119
G1 X124.147 Y94.128 E.02155
G1 X123.186 Y94.625 E.02162
;WIDTH:0.499945
G1 X122.61 Y94.876 E.0125
;WIDTH:0.494973
G1 X121.897 Y95.16 E.01511
;WIDTH:0.49937
G1 X121.108 Y95.43 E.01657
G1 X120.448 Y95.608 E.01358
;WIDTH:0.494453
G1 X119.699 Y95.781 E.01512
;WIDTH:0.49899
G1 X118.901 Y95.927 E.01611
G1 X118.189 Y96.008 E.01423
;WIDTH:0.494262
G1 X117.424 Y96.065 E.01508
;WIDTH:0.4987
G1 X116.659 Y96.09 E.01519
G1 X115.897 Y96.068 E.01513
;WIDTH:0.498383
G1 X115.137 Y96.01 E.01511
;WIDTH:0.499733
G1 X114.305 Y95.901 E.01669
G1 X113.616 Y95.775 E.01393
;WIDTH:0.50499
G1 X112.932 Y95.614 E.01413
G1 X112.255 Y95.427 E.01412
;WIDTH:0.500616
G1 X111.472 Y95.164 E.01645
G1 X110.819 Y94.908 E.01397
;WIDTH:0.500193
G1 X110.177 Y94.621 E.014
;WIDTH:0.499724
G1 X109.55 Y94.305 E.01396
;WIDTH:0.499131
G1 X108.9 Y93.936 E.01484
;WIDTH:0.498839
G1 X108.241 Y93.519 E.01548
;WIDTH:0.500061
G1 X107.541 Y93.02 E.01711
G1 X106.993 Y92.585 E.01392
;WIDTH:0.504857
G1 X106.464 Y92.121 E.01414
G1 X105.956 Y91.637 E.0141
;WIDTH:0.500779
G1 X105.388 Y91.037 E.01646
G1 X104.933 Y90.504 E.01397
;WIDTH:0.500446
G1 X104.501 Y89.949 E.01401
;WIDTH:0.500052
G1 X104.096 Y89.374 E.01399
;WIDTH:0.499534
G1 X103.715 Y88.777 E.01408
;WIDTH:0.49922
G1 X103.311 Y88.065 E.01626
;WIDTH:0.500337
G1 X102.928 Y87.296 E.0171
;WIDTH:0.500613
G1 X102.649 Y86.654 E.01394
;WIDTH:0.504676
G1 X102.401 Y85.996 E.01413
G1 X102.179 Y85.33 E.0141
;WIDTH:0.500893
G1 X101.961 Y84.533 E.01647
G1 X101.81 Y83.848 E.01398
;WIDTH:0.500646
G1 X101.691 Y83.157 E.01397
G1 X101.589 Y82.303 E.01713
;WIDTH:0.500949
G1 X101.536 Y81.481 E.01642
G1 X101.527 Y80.78 E.01398
;WIDTH:0.500839
G1 X101.55 Y80.078 E.014
;WIDTH:0.500582
G1 X101.606 Y79.377 E.01401
;WIDTH:0.500222
G1 X101.693 Y78.679 E.014
;WIDTH:0.499559
G1 X101.815 Y77.983 E.01405
;WIDTH:0.504312
G1 X101.998 Y77.182 E.01649
G1 X102.185 Y76.506 E.01408
;WIDTH:0.500799
G1 X102.406 Y75.839 E.014
;WIDTH:0.500562
G1 X102.656 Y75.184 E.01396
;WIDTH:0.500119
G1 X102.909 Y74.613 E.01243
;WIDTH:0.495826
G1 X103.244 Y73.926 E.01507
;WIDTH:0.496189
G1 X103.613 Y73.258 E.01506
G1 X104.017 Y72.609 E.01509
;WIDTH:0.498084
G1 X104.456 Y71.97 E.01536
;WIDTH:0.499231
G1 X104.947 Y71.335 E.01594
;WIDTH:0.500773
G1 X105.586 Y70.602 E.01938
G1 X105.938 Y70.241 E.01005
;WIDTH:0.496167
G1 X106.49 Y69.714 E.01506
;WIDTH:0.520365
G1 X106.956 Y69.275 E.01328
G1 X106.985 Y69.073 E.00423
;WIDTH:0.480182
G1 X107.013 Y68.87 E.00391
;WIDTH:0.478047
G1 X107.007 Y68.794 E.00145
;WIDTH:0.516096
G1 X107.001 Y68.718 E.00157
;WIDTH:0.554144
G1 X106.994 Y68.642 E.00169
;WIDTH:0.592192
G1 X106.988 Y68.566 E.00181
;WIDTH:0.597518
G1 X106.824 Y68.342 E.00665
G1 X106.754 Y68.163 E.0046
G1 X106.809 Y67.996 E.00421
G1 X107.005 Y67.87 E.00558
G1 X107.19 Y67.909 E.00453
G1 X107.441 Y68.223 E.00963
;WIDTH:0.592192
G1 X107.513 Y68.25 E.00182
;WIDTH:0.554144
G1 X107.584 Y68.277 E.00168
;WIDTH:0.516096
G1 X107.656 Y68.304 E.00158
;WIDTH:0.478047
G1 X107.727 Y68.331 E.00144
;WIDTH:0.472487
G1 X107.974 Y68.338 E.00463
;WIDTH:0.504974
G1 X108.222 Y68.344 E.00499
G1 X108.308 Y68.292 E.00202
;WIDTH:0.50212
G1 X109.226 Y67.729 E.02152
G1 X110.19 Y67.23 E.02169
;WIDTH:0.500114
G1 X110.828 Y66.945 E.01391
;WIDTH:0.499652
G1 X111.478 Y66.693 E.01386
;WIDTH:0.500512
G1 X112.414 Y66.383 E.01964
G1 X112.929 Y66.248 E.0106
;WIDTH:0.495976
G1 X113.676 Y66.073 E.01514
;WIDTH:0.500117
G1 X114.592 Y65.913 E.0185
G1 X115.187 Y65.849 E.01191
;WIDTH:0.495339
G1 X115.953 Y65.79 E.01514
;WIDTH:0.499461
G1 X116.818 Y65.768 E.0172
;WIDTH:0.500564
G1 X117.672 Y65.799 E.01702
G1 X118.37 Y65.861 E.01396
;WIDTH:0.500223
G1 X119.066 Y65.955 E.01398
;WIDTH:0.499739
G1 X119.758 Y66.081 E.01399
;WIDTH:0.50499
G1 X120.442 Y66.242 E.01413
G1 X121.119 Y66.43 E.01412
;WIDTH:0.500616
G1 X121.902 Y66.693 E.01645
G1 X122.555 Y66.949 E.01397
;WIDTH:0.500191
G1 X123.195 Y67.235 E.01395
G1 X123.961 Y67.627 E.01713
;WIDTH:0.500742
G1 X124.673 Y68.041 E.01641
G1 X125.26 Y68.424 E.01397
;WIDTH:0.500474
G1 X125.831 Y68.835 E.01401
;WIDTH:0.500069
G1 X126.381 Y69.272 E.01398
;WIDTH:0.504842
G1 X126.909 Y69.735 E.01411
G1 X127.505 Y70.307 E.0166
;WIDTH:0.500791
G1 X127.985 Y70.818 E.01397
G1 X128.441 Y71.353 E.01401
;WIDTH:0.500444
G1 X128.872 Y71.907 E.01398
G1 X129.363 Y72.612 E.01711
;WIDTH:0.500871
G1 X129.796 Y73.313 E.01642
G1 X130.134 Y73.927 E.01397
;WIDTH:0.50068
G1 X130.445 Y74.558 E.01402
G1 X130.725 Y75.203 E.01401
;WIDTH:0.504675
G1 X130.973 Y75.86 E.01411
G1 X131.195 Y76.527 E.01412
;WIDTH:0.500891
G1 X131.413 Y77.323 E.01645
G1 X131.564 Y78.008 E.01398
;WIDTH:0.500645
G1 X131.683 Y78.7 E.01399
G1 X131.785 Y79.553 E.01711
;WIDTH:0.500949
G1 X131.837 Y80.375 E.01642
G1 X131.847 Y81.076 E.01398
;WIDTH:0.500838
G1 X131.824 Y81.779 E.01402
;WIDTH:0.500582
G1 X131.768 Y82.48 E.01401
;WIDTH:0.50022
G1 X131.681 Y83.177 E.01398
;WIDTH:0.499558
G1 X131.559 Y83.874 E.01406
;WIDTH:0.504309
G1 X131.376 Y84.674 E.01647
G1 X131.188 Y85.35 E.01409
;WIDTH:0.500798
G1 X130.968 Y86.018 E.01402
;WIDTH:0.50056
G1 X130.718 Y86.672 E.01395
;WIDTH:0.500117
G1 X130.465 Y87.244 E.01245
;WIDTH:0.495824
G1 X130.13 Y87.931 E.01507
;WIDTH:0.496188
G1 X129.761 Y88.599 E.01506
G1 X129.357 Y89.248 E.01509
;WIDTH:0.498083
G1 X128.918 Y89.887 E.01536
;WIDTH:0.499229
G1 X128.427 Y90.521 E.01593
;WIDTH:0.50077
G1 X127.788 Y91.254 E.01938
G1 X127.436 Y91.615 E.01005
;WIDTH:0.496166
G1 X126.916 Y92.113 E.01421
;WIDTH:0.501292
G1 X126.536 Y92.455 E.0102
G1 X126.431 Y92.59 E.00341
;WIDTH:0.489587
G1 X126.385 Y92.85 E.00514
G1 X126.786 Y92.922 F9000
;TYPE:External perimeter
;WIDTH:0.419999
G1 F1182
G1 X126.779 Y92.996 E.00123
G1 X127.043 Y93.355 E.00738
G1 X127.119 Y93.686 E.00563
G1 X127.048 Y94.021 E.00567
G1 X126.81 Y94.313 E.00624
G1 X126.497 Y94.445 E.00563
G1 X126.208 Y94.471 E.00481
G1 X125.852 Y94.317 E.00643
G1 X125.595 Y93.987 E.00693
G1 X125.498 Y93.906 E.00209
G1 X125.32 Y93.922 E.00296
G1 X124.416 Y94.479 E.01759
G1 X123.383 Y95.018 E.01931
G1 X122.313 Y95.478 E.0193
G1 X121.245 Y95.847 E.01872
G1 X120.119 Y96.146 E.0193
G1 X118.974 Y96.359 E.0193
G1 X117.851 Y96.484 E.01872
G1 X116.685 Y96.528 E.01933
G1 X115.964 Y96.511 E.01195
G1 X115.119 Y96.449 E.01404
G1 X114.244 Y96.336 E.01462
G1 X113.533 Y96.206 E.01198
G1 X112.828 Y96.043 E.01199
G1 X112.132 Y95.848 E.01198
G1 X111.328 Y95.579 E.01405
G1 X110.655 Y95.315 E.01198
G1 X109.994 Y95.02 E.01199
G1 X109.348 Y94.694 E.01199
G1 X108.718 Y94.339 E.01198
G1 X108.002 Y93.886 E.01404
G1 X107.283 Y93.375 E.01462
G1 X106.716 Y92.926 E.01198
G1 X106.171 Y92.451 E.01198
G1 X105.649 Y91.951 E.01198
G1 X105.066 Y91.335 E.01405
G1 X104.596 Y90.785 E.01199
G1 X104.152 Y90.214 E.01198
G1 X103.735 Y89.623 E.01198
G1 X103.346 Y89.014 E.01197
G1 X102.927 Y88.277 E.01405
G1 X102.533 Y87.488 E.01461
G1 X102.244 Y86.825 E.01198
G1 X101.987 Y86.149 E.01198
G1 X101.761 Y85.462 E.01198
G1 X101.536 Y84.645 E.01404
G1 X101.38 Y83.939 E.01198
G1 X101.257 Y83.226 E.01199
G1 X101.152 Y82.35 E.01462
G1 X101.098 Y81.504 E.01405
G1 X101.088 Y80.781 E.01198
G1 X101.111 Y80.059 E.01197
G1 X101.168 Y79.337 E.012
G1 X101.259 Y78.62 E.01198
G1 X101.382 Y77.907 E.01199
G1 X101.569 Y77.08 E.01405
G1 X101.764 Y76.384 E.01198
G1 X101.99 Y75.697 E.01198
G1 X102.248 Y75.022 E.01197
G1 X102.659 Y74.103 E.01668
G1 X103.068 Y73.322 E.01461
G1 X103.5 Y72.594 E.01403
G1 X104.065 Y71.761 E.01668
G1 X104.603 Y71.063 E.0146
G1 X105.264 Y70.304 E.01668
G1 X105.627 Y69.935 E.00858
G1 X106.577 Y69.036 E.02167
G1 X106.595 Y68.861 E.00291
G1 X106.33 Y68.498 E.00745
G1 X106.255 Y68.163 E.00569
G1 X106.331 Y67.826 E.00572
G1 X106.5 Y67.593 E.00477
G1 X106.806 Y67.412 E.00589
G1 X107.183 Y67.388 E.00626
G1 X107.529 Y67.545 E.0063
G1 X107.779 Y67.869 E.00678
G1 X107.876 Y67.95 E.00209
G1 X108.054 Y67.935 E.00296
G1 X108.958 Y67.378 E.01759
G1 X109.993 Y66.838 E.01934
G1 X110.652 Y66.543 E.01196
G1 X111.175 Y66.335 E.00933
G1 X112.281 Y65.964 E.01933
G1 X113.41 Y65.677 E.0193
G1 X114.522 Y65.479 E.01871
G1 X115.941 Y65.354 E.0236
G1 X116.833 Y65.33 E.01479
G1 X117.71 Y65.362 E.01454
G1 X118.428 Y65.426 E.01194
G1 X119.145 Y65.524 E.01199
G1 X119.857 Y65.654 E.01199
G1 X120.561 Y65.818 E.01198
G1 X121.258 Y66.014 E.012
G1 X122.062 Y66.284 E.01405
G1 X122.734 Y66.548 E.01196
G1 X123.395 Y66.845 E.01201
G1 X124.181 Y67.247 E.01463
G1 X124.912 Y67.673 E.01402
G1 X125.516 Y68.068 E.01196
G1 X126.103 Y68.491 E.01199
G1 X126.669 Y68.941 E.01198
G1 X127.215 Y69.417 E.012
G1 X127.825 Y70.006 E.01405
G1 X128.318 Y70.533 E.01196
G1 X128.788 Y71.083 E.01199
G1 X129.232 Y71.656 E.01201
G1 X129.736 Y72.381 E.01463
G1 X130.181 Y73.101 E.01402
G1 X130.528 Y73.733 E.01195
G1 X130.847 Y74.383 E.012
G1 X131.135 Y75.046 E.01198
G1 X131.392 Y75.722 E.01198
G1 X131.618 Y76.411 E.01201
G1 X131.841 Y77.229 E.01405
G1 X131.996 Y77.933 E.01194
G1 X132.119 Y78.648 E.01202
G1 X132.223 Y79.525 E.01463
G1 X132.276 Y80.369 E.01401
G1 X132.286 Y81.075 E.0117
G1 X132.263 Y81.798 E.01199
G1 X132.206 Y82.519 E.01198
G1 X132.115 Y83.237 E.01199
G1 X131.992 Y83.949 E.01197
G1 X131.805 Y84.776 E.01405
G1 X131.61 Y85.473 E.01199
G1 X131.384 Y86.16 E.01198
G1 X131.126 Y86.834 E.01196
G1 X130.715 Y87.753 E.01668
G1 X130.306 Y88.535 E.01462
G1 X129.874 Y89.263 E.01403
G1 X129.309 Y90.096 E.01668
G1 X128.771 Y90.794 E.0146
G1 X128.11 Y91.553 E.01668
G1 X127.747 Y91.922 E.00858
G1 X126.797 Y92.821 E.02167
G1 X126.793 Y92.863 E.0007
;LAYER_CHANGE
M117 DASHBOARD_LAYER_INDICATOR 32
;Z:3.3
;HEIGHT:0.0999999
;BEFORE_LAYER_CHANGE
M117 OBICO_LAYER_INDICATOR 31
G92 E0
;3.3
G1 E-3.5 F3600
;WIPE_START
G1 F7200
G1 X126.786 Y92.922 E-.02822
G1 X126.779 Y92.996 E-.03531
G1 X127.043 Y93.355 E-.21167
G1 X127.119 Y93.686 E-.16132
G1 X127.048 Y94.021 E-.16266
G1 X126.81 Y94.313 E-.17894
G1 X126.497 Y94.445 E-.16136
G1 X126.208 Y94.471 E-.13783
G1 X125.852 Y94.317 E-.18424
G1 X125.595 Y93.987 E-.19868
G1 X125.53 Y93.933 E-.03977
;WIPE_END
G1 Z3.3 F9000
;AFTER_LAYER_CHANGE
;3.3
G1 X126.196 Y92.151
G1 E5 F2400
;TYPE:Perimeter
;WIDTH:0.414182
G1 F1135
G1 X125.775 Y92.497 E.0089
;WIDTH:0.414593
G1 X125.246 Y92.893 E.0108
G1 X124.495 Y93.398 E.01479
;WIDTH:0.414132
G1 X123.926 Y93.735 E.0108
;WIDTH:0.414621
G1 X123.34 Y94.049 E.01087
;WIDTH:0.414895
G1 X122.741 Y94.335 E.01086
G1 X122.078 Y94.615 E.01177
;WIDTH:0.414736
G1 X121.21 Y94.927 E.01508
G1 X120.576 Y95.116 E.01082
;WIDTH:0.414907
G1 X119.931 Y95.276 E.01087
G1 X119.28 Y95.408 E.01087
G1 X118.623 Y95.511 E.01088
;WIDTH:0.415907
G1 X117.969 Y95.581 E.01079
G1 X117.038 Y95.635 E.01529
;WIDTH:0.414428
G1 X116.38 Y95.636 E.01075
;WIDTH:0.414772
G1 X115.717 Y95.607 E.01085
G1 X114.997 Y95.541 E.01182
G1 X114.342 Y95.45 E.01081
G1 X113.494 Y95.288 E.01412
G1 X112.794 Y95.114 E.01179
;WIDTH:0.414952
G1 X112.159 Y94.924 E.01084
G1 X111.531 Y94.705 E.01088
G1 X110.917 Y94.46 E.01081
;WIDTH:0.41461
G1 X110.45 Y94.252 E.00836
;WIDTH:0.410915
G1 X109.812 Y93.936 E.01153
G1 X109.166 Y93.573 E.012
;WIDTH:0.411187
G1 X108.538 Y93.178 E.01202
;WIDTH:0.411601
G1 X107.931 Y92.752 E.01203
G1 X107.347 Y92.295 E.01203
;WIDTH:0.416245
G1 X106.574 Y91.609 E.01696
G1 X106.104 Y91.146 E.01083
;WIDTH:0.414954
G1 X105.653 Y90.657 E.01088
G1 X105.227 Y90.152 E.01081
;WIDTH:0.414767
G1 X104.672 Y89.415 E.01509
;WIDTH:0.414932
G1 X104.303 Y88.867 E.01081
G1 X103.957 Y88.3 E.01087
G1 X103.612 Y87.668 E.01178
;WIDTH:0.414686
G1 X103.213 Y86.836 E.01509
;WIDTH:0.413699
G1 X102.96 Y86.223 E.01081
;WIDTH:0.414361
G1 X102.736 Y85.597 E.01086
;WIDTH:0.414752
G1 X102.54 Y84.962 E.01087
;WIDTH:0.4149
G1 X102.374 Y84.322 E.01082
G1 X102.188 Y83.419 E.01508
;WIDTH:0.41432
G1 X102.084 Y82.707 E.01175
;WIDTH:0.414712
G1 X102.019 Y82.046 E.01086
;WIDTH:0.414878
G1 X101.984 Y81.383 E.01086
G1 X101.978 Y80.722 E.01081
G1 X102.02 Y79.8 E.0151
G1 X102.086 Y79.142 E.01082
G1 X102.181 Y78.484 E.01087
G1 X102.306 Y77.832 E.01086
G1 X102.46 Y77.185 E.01088
;WIDTH:0.414479
G1 X102.603 Y76.673 E.00869
;WIDTH:0.412054
G1 X102.833 Y75.975 E.01193
G1 X103.031 Y75.457 E.00901
;WIDTH:0.411005
G1 X103.298 Y74.829 E.01105
G1 X103.622 Y74.163 E.01199
G1 X103.979 Y73.514 E.012
G1 X104.369 Y72.883 E.01201
;WIDTH:0.410677
G1 X104.791 Y72.273 E.012
;WIDTH:0.410815
G1 X105.241 Y71.684 E.012
G1 X105.722 Y71.119 E.01201
;WIDTH:0.411278
G1 X106.229 Y70.579 E.012
;WIDTH:0.411719
G1 X106.764 Y70.065 E.01204
;WIDTH:0.411982
G1 X107.324 Y69.579 E.01204
G1 X107.908 Y69.122 E.01204
;WIDTH:0.411548
G1 X108.469 Y68.725 E.01115
G1 X108.932 Y68.425 E.00895
;WIDTH:0.410812
G1 X109.569 Y68.052 E.01195
;WIDTH:0.410592
G1 X110.227 Y67.711 E.01199
;WIDTH:0.410978
G1 X110.901 Y67.401 E.01201
G1 X111.589 Y67.127 E.01199
G1 X112.291 Y66.889 E.012
;WIDTH:0.410612
G1 X113.004 Y66.684 E.012
;WIDTH:0.410978
G1 X113.726 Y66.517 E.012
G1 X114.456 Y66.386 E.01201
;WIDTH:0.411079
G1 X115.192 Y66.292 E.01202
;WIDTH:0.411407
G1 X115.931 Y66.235 E.01202
G1 X116.485 Y66.218 E.00899
;WIDTH:0.410644
G1 X117.167 Y66.224 E.01104
;WIDTH:0.411074
G1 X117.906 Y66.266 E.01199
G1 X118.644 Y66.346 E.01202
G1 X119.376 Y66.463 E.01201
;WIDTH:0.411255
G1 X120.101 Y66.617 E.01201
G1 X120.817 Y66.808 E.01201
;WIDTH:0.410532
G1 X121.524 Y67.034 E.01201
;WIDTH:0.410967
G1 X122.218 Y67.295 E.01201
G1 X122.897 Y67.592 E.012
;WIDTH:0.411173
G1 X123.513 Y67.895 E.01112
;WIDTH:0.411557
G1 X123.998 Y68.16 E.00896
;WIDTH:0.414594
G1 X124.453 Y68.434 E.00868
;WIDTH:0.414891
G1 X125.009 Y68.798 E.01087
G1 X125.545 Y69.184 E.0108
G1 X126.264 Y69.762 E.01509
;WIDTH:0.414583
G1 X126.799 Y70.244 E.01177
;WIDTH:0.414882
G1 X127.27 Y70.711 E.01085
G1 X127.721 Y71.199 E.01087
G1 X128.147 Y71.705 E.01082
;WIDTH:0.414766
G1 X128.702 Y72.441 E.01507
;WIDTH:0.418006
G1 X129.419 Y73.563 E.02195
;WIDTH:0.415678
G1 X129.764 Y74.191 E.01174
;WIDTH:0.414319
G1 X130.163 Y75.022 E.01506
;WIDTH:0.413757
G1 X130.414 Y75.634 E.01079
;WIDTH:0.414359
G1 X130.638 Y76.26 E.01086
;WIDTH:0.41475
G1 X130.834 Y76.895 E.01087
;WIDTH:0.414898
G1 X131 Y77.534 E.0108
G1 X131.186 Y78.438 E.0151
;WIDTH:0.41432
G1 X131.29 Y79.15 E.01175
;WIDTH:0.414711
G1 X131.355 Y79.81 E.01084
;WIDTH:0.414876
G1 X131.39 Y80.474 E.01088
G1 X131.396 Y81.135 E.01081
G1 X131.354 Y82.057 E.0151
G1 X131.288 Y82.715 E.01082
G1 X131.193 Y83.372 E.01086
G1 X131.068 Y84.025 E.01087
G1 X130.915 Y84.668 E.01081
;WIDTH:0.414419
G1 X130.772 Y85.177 E.00864
;WIDTH:0.410511
G1 X130.54 Y85.881 E.01199
;WIDTH:0.411452
G1 X130.344 Y86.4 E.009
G1 X130.076 Y87.027 E.01106
;WIDTH:0.411217
G1 X129.751 Y87.693 E.01201
;WIDTH:0.413738
G1 X129.442 Y88.26 E.01053
;WIDTH:0.414401
G1 X129.099 Y88.825 E.0108
;WIDTH:0.414788
G1 X128.729 Y89.377 E.01087
;WIDTH:0.414965
G1 X128.335 Y89.912 E.01087
G1 X127.918 Y90.429 E.01087
G1 X127.48 Y90.924 E.01081
;WIDTH:0.414638
G1 X127.134 Y91.286 E.00819
;WIDTH:0.414002
G1 X126.285 Y92.078 E.01895
;WIDTH:0.414182
G1 X126.243 Y92.113 E.00089
G1 X125.986 Y91.816 F9000
;TYPE:External perimeter
;WIDTH:0.419999
G1 F1135
G1 X125.979 Y91.822 E.00015
G1 X125.526 Y92.189 E.00966
G1 X125.012 Y92.573 E.01063
G1 X124.279 Y93.067 E.01465
G1 X123.726 Y93.394 E.01064
G1 X123.157 Y93.697 E.01068
G1 X122.577 Y93.975 E.01066
G1 X121.932 Y94.247 E.0116
G1 X121.083 Y94.553 E.01495
G1 X120.468 Y94.735 E.01063
G1 X119.842 Y94.891 E.01069
G1 X119.21 Y95.018 E.01068
G1 X118.574 Y95.118 E.01067
G1 X117.946 Y95.185 E.01046
G1 X116.936 Y95.245 E.01676
G1 X116.383 Y95.24 E.00916
G1 X115.74 Y95.212 E.01066
G1 X115.04 Y95.148 E.01165
G1 X114.405 Y95.059 E.01062
G1 X113.576 Y94.901 E.01398
G1 X112.896 Y94.732 E.01161
G1 X112.28 Y94.547 E.01066
G1 X111.671 Y94.335 E.01068
G1 X111.076 Y94.097 E.01062
G1 X110.257 Y93.717 E.01496
G1 X109.691 Y93.416 E.01062
G1 X109.136 Y93.089 E.01067
G1 X108.595 Y92.737 E.01069
G1 X108.157 Y92.429 E.00887
G1 X107.59 Y91.986 E.01192
G1 X106.839 Y91.313 E.01671
G1 X106.387 Y90.869 E.0105
G1 X105.951 Y90.395 E.01067
G1 X105.537 Y89.905 E.01063
G1 X104.993 Y89.185 E.01495
G1 X104.636 Y88.652 E.01063
G1 X104.301 Y88.103 E.01066
G1 X103.965 Y87.489 E.0116
G1 X103.573 Y86.673 E.015
G1 X103.327 Y86.074 E.01073
G1 X103.11 Y85.466 E.0107
G1 X102.92 Y84.85 E.01068
G1 X102.759 Y84.23 E.01061
G1 X102.577 Y83.346 E.01495
G1 X102.476 Y82.654 E.01159
G1 X102.413 Y82.013 E.01067
G1 X102.38 Y81.369 E.01068
G1 X102.374 Y80.728 E.01062
G1 X102.415 Y79.826 E.01496
G1 X102.479 Y79.188 E.01062
G1 X102.572 Y78.551 E.01067
G1 X102.693 Y77.917 E.01069
G1 X102.982 Y76.782 E.01941
G1 X103.207 Y76.099 E.01192
G1 X103.398 Y75.597 E.0089
G1 X103.66 Y74.984 E.01105
G1 X103.976 Y74.336 E.01195
G1 X104.324 Y73.704 E.01195
G1 X104.704 Y73.09 E.01196
G1 X105.114 Y72.497 E.01195
G1 X105.554 Y71.924 E.01197
G1 X106.021 Y71.375 E.01194
G1 X106.516 Y70.85 E.01196
G1 X107.037 Y70.35 E.01196
G1 X107.582 Y69.877 E.01196
G1 X108.15 Y69.433 E.01195
G1 X108.696 Y69.047 E.01108
G1 X109.146 Y68.756 E.00888
G1 X109.768 Y68.392 E.01194
G1 X110.408 Y68.06 E.01195
G1 X111.064 Y67.76 E.01195
G1 X111.735 Y67.493 E.01197
G1 X112.418 Y67.261 E.01195
G1 X113.112 Y67.063 E.01196
G1 X113.815 Y66.901 E.01195
G1 X114.525 Y66.774 E.01195
G1 X115.241 Y66.683 E.01196
G1 X115.961 Y66.628 E.01196
G1 X116.497 Y66.611 E.00889
G1 X117.163 Y66.618 E.01104
G1 X117.883 Y66.66 E.01195
G1 X118.601 Y66.738 E.01197
G1 X119.313 Y66.852 E.01195
G1 X120.019 Y67.003 E.01196
G1 X120.716 Y67.188 E.01195
G1 X121.403 Y67.409 E.01196
G1 X122.078 Y67.663 E.01195
G1 X122.74 Y67.952 E.01197
G1 X123.338 Y68.249 E.01106
G1 X123.808 Y68.506 E.00888
G1 X124.786 Y69.126 E.01919
G1 X125.306 Y69.5 E.01061
G1 X126.01 Y70.065 E.01496
G1 X126.53 Y70.534 E.0116
G1 X126.986 Y70.987 E.01065
G1 X127.423 Y71.461 E.01068
G1 X127.837 Y71.951 E.01063
G1 X128.381 Y72.672 E.01497
G1 X128.728 Y73.199 E.01045
G1 X129.162 Y73.901 E.01368
G1 X129.415 Y74.376 E.00892
G1 X129.805 Y75.189 E.01494
G1 X130.047 Y75.783 E.01063
G1 X130.264 Y76.39 E.01068
G1 X130.454 Y77.006 E.01068
G1 X130.615 Y77.627 E.01063
G1 X130.797 Y78.51 E.01494
G1 X130.898 Y79.203 E.0116
G1 X130.961 Y79.843 E.01066
G1 X130.994 Y80.487 E.01068
G1 X131 Y81.128 E.01062
G1 X130.959 Y82.03 E.01496
G1 X130.895 Y82.668 E.01062
G1 X130.802 Y83.306 E.01068
G1 X130.681 Y83.939 E.01068
G1 X130.393 Y85.073 E.01939
G1 X130.167 Y85.758 E.01195
G1 X129.976 Y86.26 E.0089
G1 X129.714 Y86.872 E.01103
G1 X129.398 Y87.521 E.01196
G1 X129.096 Y88.069 E.01037
G1 X128.762 Y88.617 E.01063
G1 X128.403 Y89.152 E.01068
G1 X128.021 Y89.671 E.01068
G1 X127.616 Y90.172 E.01067
G1 X126.848 Y91.016 E.01891
G1 X126.03 Y91.775 E.01849
G1 X126.536 Y92.375 F9000
;TYPE:Perimeter
;WIDTH:0.418068
G1 F1135
G1 X126.464 Y92.44 E.0016
;WIDTH:0.411833
G1 X125.872 Y92.917 E.01234
;WIDTH:0.411317
G1 X125.254 Y93.363 E.01235
;WIDTH:0.41178
G1 X124.618 Y93.781 E.01235
G1 X123.961 Y94.164 E.01234
;WIDTH:0.411317
G1 X123.286 Y94.512 E.01231
;WIDTH:0.41104
G1 X122.593 Y94.827 E.01233
;WIDTH:0.410531
G1 X121.884 Y95.105 E.01232
;WIDTH:0.41137
G1 X121.164 Y95.352 E.01234
;WIDTH:0.41464
G1 X120.678 Y95.495 E.00828
;WIDTH:0.414907
G1 X120.015 Y95.661 E.01118
G1 X119.345 Y95.796 E.01118
G1 X118.669 Y95.901 E.01119
;WIDTH:0.415907
G1 X117.992 Y95.975 E.01117
G1 X116.918 Y96.029 E.01763
;WIDTH:0.411577
G1 X116.158 Y96.021 E.01233
;WIDTH:0.411189
G1 X115.399 Y95.975 E.01232
;WIDTH:0.410772
G1 X114.643 Y95.891 E.01231
G1 X113.892 Y95.767 E.01232
G1 X113.186 Y95.618 E.01168
;WIDTH:0.414769
G1 X112.687 Y95.493 E.00841
;WIDTH:0.414952
G1 X112.034 Y95.297 E.01115
G1 X111.389 Y95.072 E.01118
G1 X110.756 Y94.819 E.01115
;WIDTH:0.41482
G1 X109.901 Y94.421 E.01542
;WIDTH:0.414935
G1 X109.3 Y94.102 E.01113
G1 X108.712 Y93.755 E.01117
;WIDTH:0.414794
G1 X108.14 Y93.381 E.01118
;WIDTH:0.414445
G1 X107.587 Y92.983 E.01113
;WIDTH:0.416871
G1 X106.853 Y92.39 E.01551
G1 X106.128 Y91.726 E.01616
;WIDTH:0.411087
G1 X105.599 Y91.181 E.0123
;WIDTH:0.41097
G1 X105.097 Y90.61 E.01231
G1 X104.626 Y90.012 E.01233
G1 X104.181 Y89.393 E.01235
G1 X103.771 Y88.754 E.01229
G1 X103.393 Y88.093 E.01233
;WIDTH:0.410638
G1 X103.053 Y87.417 E.01224
;WIDTH:0.411992
G1 X102.814 Y86.899 E.00926
G1 X102.55 Y86.244 E.01147
;WIDTH:0.411691
G1 X102.301 Y85.526 E.01233
;WIDTH:0.41125
G1 X102.089 Y84.796 E.01232
;WIDTH:0.410992
G1 X101.915 Y84.055 E.01233
G1 X101.773 Y83.306 E.01235
;WIDTH:0.411235
G1 X101.672 Y82.552 E.01233
G1 X101.61 Y81.795 E.01231
;WIDTH:0.410952
G1 X101.586 Y81.035 E.01231
G1 X101.602 Y80.274 E.01233
;WIDTH:0.414578
G1 X101.628 Y79.767 E.0083
;WIDTH:0.414907
G1 X101.695 Y79.09 E.01113
G1 X101.794 Y78.414 E.01118
G1 X101.923 Y77.743 E.01118
G1 X102.082 Y77.079 E.01117
;WIDTH:0.414479
G1 X102.271 Y76.422 E.01117
;WIDTH:0.41392
G1 X102.488 Y75.776 E.01112
;WIDTH:0.41453
G1 X102.838 Y74.9 E.01542
;WIDTH:0.414943
G1 X103.124 Y74.283 E.01113
G1 X103.438 Y73.676 E.01118
G1 X103.779 Y73.085 E.01116
;WIDTH:0.414688
G1 X104.18 Y72.462 E.01211
G1 X104.696 Y71.745 E.01444
G1 X105.122 Y71.214 E.01113
G1 X105.613 Y70.657 E.01214
G1 X106.088 Y70.167 E.01116
;WIDTH:0.414245
G1 X106.585 Y69.699 E.01115
;WIDTH:0.413574
G1 X107.127 Y69.235 E.01163
;WIDTH:0.414094
G1 X107.831 Y68.693 E.0145
G1 X108.39 Y68.307 E.01109
;WIDTH:0.414817
G1 X108.985 Y67.936 E.01147
G1 X109.631 Y67.574 E.01211
G1 X110.478 Y67.16 E.01542
;WIDTH:0.414976
G1 X111.104 Y66.894 E.01113
G1 X111.743 Y66.657 E.01115
;WIDTH:0.414789
G1 X112.643 Y66.376 E.01542
;WIDTH:0.414894
G1 X113.36 Y66.195 E.0121
G1 X114.029 Y66.06 E.01116
G1 X114.705 Y65.955 E.01119
G1 X115.384 Y65.881 E.01117
;WIDTH:0.414448
G1 X115.939 Y65.844 E.00909
;WIDTH:0.411593
G1 X116.509 Y65.83 E.00925
;WIDTH:0.410644
G1 X117.177 Y65.835 E.01081
;WIDTH:0.414763
G1 X117.688 Y65.858 E.00836
;WIDTH:0.414964
G1 X118.367 Y65.918 E.01115
G1 X119.045 Y66.01 E.01119
G1 X119.717 Y66.131 E.01117
;WIDTH:0.414706
G1 X120.381 Y66.283 E.01114
;WIDTH:0.41482
G1 X121.288 Y66.543 E.01543
G1 X121.986 Y66.785 E.01208
G1 X122.618 Y67.038 E.01113
;WIDTH:0.414609
G1 X123.091 Y67.254 E.0085
;WIDTH:0.411061
G1 X123.72 Y67.564 E.01136
;WIDTH:0.411389
G1 X124.221 Y67.839 E.00926
G1 X124.87 Y68.235 E.01233
;WIDTH:0.411077
G1 X125.498 Y68.663 E.01231
;WIDTH:0.410951
G1 X126.103 Y69.125 E.01233
;WIDTH:0.41076
G1 X126.688 Y69.613 E.01233
;WIDTH:0.411086
G1 X127.246 Y70.131 E.01233
G1 X127.775 Y70.676 E.0123
;WIDTH:0.410969
G1 X128.277 Y71.246 E.0123
G1 X128.725 Y71.813 E.0117
;WIDTH:0.4147
G1 X129.025 Y72.217 E.00823
;WIDTH:0.418006
G1 X129.404 Y72.782 E.01122
G1 X129.86 Y73.544 E.01464
;WIDTH:0.410978
G1 X130.215 Y74.218 E.01234
;WIDTH:0.412311
G1 X130.539 Y74.907 E.01237
G1 X130.824 Y75.612 E.01236
;WIDTH:0.41169
G1 X131.072 Y76.33 E.01232
;WIDTH:0.411249
G1 X131.285 Y77.06 E.01232
;WIDTH:0.410991
G1 X131.459 Y77.802 E.01234
G1 X131.601 Y78.55 E.01233
;WIDTH:0.411442
G1 X131.698 Y79.265 E.0117
;WIDTH:0.414711
G1 X131.747 Y79.783 E.00851
;WIDTH:0.414876
G1 X131.788 Y80.821 E.01699
;WIDTH:0.410853
G1 X131.772 Y81.583 E.01234
;WIDTH:0.414576
G1 X131.746 Y82.09 E.0083
;WIDTH:0.414906
G1 X131.678 Y82.766 E.01111
G1 X131.58 Y83.442 E.01117
G1 X131.451 Y84.113 E.01118
G1 X131.292 Y84.776 E.01115
;WIDTH:0.414419
G1 X131.133 Y85.322 E.00929
;WIDTH:0.410472
G1 X130.896 Y86.041 E.01224
;WIDTH:0.411337
G1 X130.695 Y86.573 E.00922
G1 X130.415 Y87.221 E.01144
;WIDTH:0.411073
G1 X130.079 Y87.904 E.01233
;WIDTH:0.411549
G1 X129.712 Y88.572 E.01236
G1 X129.333 Y89.185 E.01169
;WIDTH:0.414788
G1 X129.049 Y89.606 E.0083
;WIDTH:0.414965
G1 X128.644 Y90.156 E.01117
G1 X128.215 Y90.687 E.01117
G1 X127.763 Y91.197 E.01115
;WIDTH:0.418068
G1 X127.099 Y91.867 E.01555
G1 X126.581 Y92.334 E.0115
G1 X126.845 Y92.634 F9000
;TYPE:External perimeter
;WIDTH:0.419999
G1 F1135
G1 X126.805 Y92.67 E.00089
G1 X126.264 Y93.115 E.01161
G1 X125.704 Y93.535 E.0116
G1 X124.918 Y94.062 E.01568
G1 X124.317 Y94.42 E.01159
G1 X123.698 Y94.752 E.01164
G1 X123.066 Y95.055 E.01161
G1 X122.366 Y95.35 E.01259
G1 X121.458 Y95.676 E.01599
G1 X120.787 Y95.876 E.0116
G1 X120.106 Y96.046 E.01163
G1 X119.419 Y96.186 E.01162
G1 X118.726 Y96.293 E.01162
G1 X118.03 Y96.37 E.0116
G1 X117.066 Y96.423 E.016
G1 X116.366 Y96.425 E.0116
G1 X115.666 Y96.394 E.01161
G1 X114.908 Y96.325 E.01261
G1 X114.214 Y96.229 E.01161
G1 X113.326 Y96.059 E.01498
G1 X112.588 Y95.876 E.0126
G1 X111.916 Y95.676 E.01162
G1 X111.254 Y95.445 E.01162
G1 X110.604 Y95.184 E.01161
G1 X109.729 Y94.778 E.01598
G1 X109.11 Y94.45 E.01161
G1 X108.507 Y94.094 E.0116
G1 X107.919 Y93.71 E.01164
G1 X107.351 Y93.301 E.0116
G1 X106.6 Y92.696 E.01598
G1 X106.035 Y92.188 E.01259
G1 X105.537 Y91.695 E.01161
G1 X105.061 Y91.179 E.01163
G1 X104.61 Y90.644 E.01159
G1 X104.029 Y89.874 E.01598
G1 X103.638 Y89.293 E.0116
G1 X103.273 Y88.694 E.01162
G1 X102.909 Y88.027 E.01259
G1 X102.494 Y87.157 E.01597
G1 X102.227 Y86.509 E.01161
G1 X101.989 Y85.85 E.01161
G1 X101.782 Y85.18 E.01162
G1 X101.605 Y84.502 E.01161
G1 X101.412 Y83.557 E.01598
G1 X101.301 Y82.805 E.0126
G1 X101.232 Y82.108 E.01161
G1 X101.195 Y81.408 E.01161
G1 X101.189 Y80.707 E.01162
G1 X101.232 Y79.744 E.01597
G1 X101.302 Y79.047 E.01161
G1 X101.402 Y78.353 E.01162
G1 X101.535 Y77.664 E.01163
G1 X101.698 Y76.982 E.01162
G1 X101.892 Y76.308 E.01162
G1 X102.116 Y75.645 E.0116
G1 X102.472 Y74.749 E.01598
G1 X102.766 Y74.113 E.01161
G1 X103.088 Y73.49 E.01162
G1 X103.439 Y72.883 E.01162
G1 X103.849 Y72.243 E.01259
G1 X104.378 Y71.509 E.01499
G1 X104.816 Y70.963 E.0116
G1 X105.319 Y70.392 E.01261
G1 X105.807 Y69.888 E.01162
G1 X106.318 Y69.408 E.01162
G1 X106.873 Y68.931 E.01213
G1 X107.593 Y68.377 E.01505
G1 X108.169 Y67.979 E.0116
G1 X108.779 Y67.597 E.01193
G1 X109.443 Y67.226 E.0126
G1 X110.309 Y66.801 E.01598
G1 X110.953 Y66.528 E.01159
G1 X111.61 Y66.283 E.01162
G1 X112.531 Y65.996 E.01598
G1 X113.268 Y65.81 E.01259
G1 X113.955 Y65.671 E.01161
G1 X114.648 Y65.563 E.01162
G1 X115.345 Y65.487 E.01162
G1 X116.044 Y65.442 E.01161
G1 X116.949 Y65.431 E.015
G1 X117.709 Y65.462 E.0126
G1 X118.407 Y65.524 E.01161
G1 X119.102 Y65.618 E.01162
G1 X119.792 Y65.743 E.01162
G1 X120.475 Y65.898 E.0116
G1 X121.402 Y66.163 E.01598
G1 X122.12 Y66.412 E.01259
G1 X122.77 Y66.672 E.0116
G1 X123.905 Y67.216 E.02085
G1 X124.421 Y67.5 E.00976
G1 X125.085 Y67.905 E.01289
G1 X125.728 Y68.343 E.01289
G1 X126.35 Y68.819 E.01298
G1 X126.952 Y69.32 E.01298
G1 X127.523 Y69.851 E.01292
G1 X128.065 Y70.408 E.01288
G1 X128.579 Y70.993 E.0129
G1 X129.354 Y71.996 E.021
G1 X129.743 Y72.575 E.01156
G1 X130.206 Y73.355 E.01503
G1 X130.57 Y74.049 E.01298
G1 X130.904 Y74.757 E.01297
G1 X131.195 Y75.479 E.0129
G1 X131.449 Y76.214 E.01289
G1 X131.667 Y76.961 E.01289
G1 X131.844 Y77.723 E.01296
G1 X131.991 Y78.493 E.01299
G1 X132.093 Y79.254 E.01272
G1 X132.143 Y79.762 E.00846
G1 X132.179 Y80.462 E.01161
G1 X132.185 Y81.149 E.01138
G1 X132.142 Y82.113 E.01599
G1 X132.072 Y82.81 E.01161
G1 X131.971 Y83.504 E.01162
G1 X131.839 Y84.192 E.01161
G1 X131.676 Y84.873 E.0116
G1 X131.402 Y85.798 E.01598
G1 X131.146 Y86.513 E.01258
G1 X130.878 Y87.161 E.01162
G1 X130.582 Y87.796 E.01161
G1 X130.128 Y88.647 E.01598
G1 X129.766 Y89.246 E.0116
G1 X129.376 Y89.829 E.01162
G1 X128.961 Y90.394 E.01162
G1 X128.52 Y90.94 E.01163
G1 X128.056 Y91.464 E.0116
G1 X127.378 Y92.15 E.01598
G1 X126.89 Y92.593 E.01092
;LAYER_CHANGE
M117 DASHBOARD_LAYER_INDICATOR 33
;Z:3.4
;HEIGHT:0.1
;BEFORE_LAYER_CHANGE
M117 OBICO_LAYER_INDICATOR 32
G92 E0
;3.4
G1 E-3.5 F3600
;WIPE_START
G1 F7200
G1 X126.845 Y92.634 E-.02892
G1 X126.805 Y92.67 E-.02556
G1 X126.264 Y93.115 E-.33274
G1 X125.704 Y93.535 E-.3325
G1 X124.918 Y94.062 E-.4495
G1 X124.319 Y94.419 E-.33078
;WIPE_END
G1 Z3.4 F9000
;AFTER_LAYER_CHANGE
;3.4
G1 X126.115 Y91.7
G1 E5 F2400
G1 F900
G1 X126.037 Y91.771 E.00175
G1 X125.539 Y92.179 E.01067
G1 X125.056 Y92.541 E.01
G1 X123.819 Y93.344 E.02444
G1 X123.181 Y93.689 E.01202
G1 X122.548 Y93.992 E.01163
G1 X121.958 Y94.239 E.0106
G1 X121.185 Y94.522 E.01364
G1 X120.494 Y94.731 E.01196
G1 X119.846 Y94.893 E.01107
G1 X119.215 Y95.019 E.01066
G1 X118.579 Y95.118 E.01066
G1 X117.943 Y95.187 E.0106
G1 X117.015 Y95.241 E.0154
G1 X116.375 Y95.24 E.0106
G1 X115.733 Y95.211 E.01065
G1 X115.056 Y95.149 E.01126
G1 X114.175 Y95.022 E.01475
G1 X113.548 Y94.895 E.0106
G1 X112.923 Y94.739 E.01067
G1 X112.306 Y94.556 E.01066
G1 X111.699 Y94.345 E.01065
G1 X111.068 Y94.094 E.01125
G1 X110.261 Y93.719 E.01474
G1 X109.359 Y93.23 E.017
G1 X108.749 Y92.845 E.01195
G1 X108.069 Y92.35 E.01394
G1 X107.54 Y91.938 E.01111
G1 X106.873 Y91.349 E.01474
G1 X106.39 Y90.872 E.01125
G1 X105.954 Y90.399 E.01066
G1 X105.541 Y89.91 E.01061
G1 X104.982 Y89.168 E.01539
G1 X104.625 Y88.637 E.0106
G1 X104.291 Y88.087 E.01066
G1 X103.982 Y87.523 E.01066
G1 X103.697 Y86.947 E.01065
G1 X103.332 Y86.087 E.01548
G1 X103.116 Y85.483 E.01063
G1 X102.914 Y84.831 E.01131
G1 X102.754 Y84.211 E.01061
G1 X102.576 Y83.339 E.01475
G1 X102.478 Y82.667 E.01125
G1 X102.415 Y82.027 E.01066
G1 X102.38 Y81.385 E.01065
G1 X102.374 Y80.745 E.0106
G1 X102.415 Y79.816 E.01541
G1 X102.48 Y79.18 E.01059
G1 X102.573 Y78.543 E.01067
G1 X102.694 Y77.911 E.01066
G1 X102.982 Y76.782 E.01931
G1 X103.207 Y76.099 E.01192
G1 X103.421 Y75.542 E.00989
G1 X103.66 Y74.984 E.01006
G1 X103.976 Y74.336 E.01195
G1 X104.324 Y73.704 E.01195
G1 X104.704 Y73.09 E.01196
G1 X105.114 Y72.497 E.01195
G1 X105.554 Y71.924 E.01197
G1 X106.021 Y71.375 E.01194
G1 X106.516 Y70.85 E.01196
G1 X107.037 Y70.35 E.01196
G1 X107.582 Y69.877 E.01196
G1 X108.15 Y69.433 E.01195
G1 X108.647 Y69.081 E.01009
G1 X109.145 Y68.757 E.00984
G1 X109.768 Y68.392 E.01196
G1 X110.408 Y68.06 E.01195
G1 X111.064 Y67.76 E.01195
G1 X111.735 Y67.493 E.01197
G1 X112.418 Y67.261 E.01195
G1 X113.112 Y67.063 E.01196
G1 X113.815 Y66.901 E.01195
G1 X114.525 Y66.774 E.01195
G1 X115.241 Y66.683 E.01196
G1 X115.961 Y66.628 E.01196
G1 X116.557 Y66.611 E.00988
G1 X117.164 Y66.618 E.01006
G1 X117.883 Y66.66 E.01193
G1 X118.601 Y66.738 E.01197
G1 X119.313 Y66.852 E.01195
G1 X120.019 Y67.003 E.01196
G1 X120.716 Y67.188 E.01195
G1 X121.403 Y67.409 E.01196
G1 X122.078 Y67.663 E.01195
G1 X122.74 Y67.952 E.01197
G1 X123.386 Y68.273 E.01195
G1 X124.015 Y68.627 E.01196
G1 X124.521 Y68.943 E.00988
G1 X125.022 Y69.285 E.01005
G1 X125.597 Y69.72 E.01195
G1 X126.15 Y70.183 E.01195
G1 X126.68 Y70.673 E.01196
G1 X127.184 Y71.19 E.01196
G1 X127.661 Y71.731 E.01195
G1 X128.11 Y72.295 E.01194
G1 X128.531 Y72.882 E.01197
G1 X128.921 Y73.489 E.01195
G1 X129.28 Y74.114 E.01194
G1 X129.608 Y74.758 E.01197
G1 X129.902 Y75.416 E.01194
G1 X130.163 Y76.089 E.01196
G1 X130.39 Y76.774 E.01196
G1 X130.582 Y77.47 E.01196
G1 X130.738 Y78.174 E.01195
G1 X130.859 Y78.886 E.01197
G1 X130.944 Y79.602 E.01195
G1 X131 Y81.112 E.02504
G1 X130.959 Y82.04 E.01539
G1 X130.894 Y82.677 E.01061
G1 X130.801 Y83.313 E.01065
G1 X130.678 Y83.935 E.01051
G1 X130.461 Y84.839 E.0154
G1 X130.265 Y85.468 E.01092
G1 X130.048 Y86.07 E.0106
G1 X129.802 Y86.665 E.01067
G1 X129.531 Y87.248 E.01065
G1 X129.234 Y87.819 E.01066
G1 X128.913 Y88.373 E.01061
G1 X128.405 Y89.15 E.01538
G1 X128.025 Y89.665 E.0106
G1 X127.598 Y90.185 E.01115
G1 X127.028 Y90.832 E.01429
G1 X126.541 Y91.316 E.01138
G1 X126.16 Y91.659 E.00849
G1 X126.52 Y92.061 F9000
;TYPE:Perimeter
;WIDTH:0.702334
G1 F900
G1 X126.313 Y92.246 E.00786
;WIDTH:0.707152
G1 X125.88 Y92.6 E.01594
;WIDTH:0.708272
G1 X125.375 Y92.98 E.01805
;WIDTH:0.714746
G1 X124.788 Y93.378 E.02044
G1 X124.063 Y93.824 E.02453
;WIDTH:0.703586
G1 X123.405 Y94.182 E.02124
G1 X122.729 Y94.503 E.02122
;WIDTH:0.703036
G1 X122.037 Y94.789 E.02122
;WIDTH:0.705552
G1 X121.267 Y95.063 E.02324
G1 X120.615 Y95.259 E.01936
;WIDTH:0.703932
G1 X119.888 Y95.438 E.02124
;WIDTH:0.702478
G1 X119.153 Y95.58 E.0212
;WIDTH:0.701394
G1 X118.412 Y95.685 E.02116
;WIDTH:0.700686
G1 X117.666 Y95.752 E.02115
;WIDTH:0.701888
G1 X116.918 Y95.784 E.02118
G1 X116.169 Y95.777 E.02119
;WIDTH:0.701042
G1 X115.422 Y95.731 E.02115
;WIDTH:0.700064
G1 X114.678 Y95.647 E.02112
;WIDTH:0.70122
G1 X113.947 Y95.531 E.02092
;WIDTH:0.707478
G1 X113.435 Y95.425 E.01491
;WIDTH:0.708194
G1 X112.784 Y95.263 E.01915
;WIDTH:0.708478
G1 X112.14 Y95.072 E.01919
G1 X111.507 Y94.853 E.01913
;WIDTH:0.708302
G1 X110.851 Y94.591 E.02017
;WIDTH:0.708064
G1 X110.019 Y94.205 E.02618
;WIDTH:0.708312
G1 X109.429 Y93.892 E.01907
G1 X108.851 Y93.551 E.01916
;WIDTH:0.71008
G1 X108.29 Y93.184 E.01919
G1 X107.423 Y92.543 E.03087
;WIDTH:0.699898
G1 X106.851 Y92.061 E.0211
;WIDTH:0.700004
G1 X106.301 Y91.552 E.02114
;WIDTH:0.700436
G1 X105.779 Y91.016 E.02112
G1 X105.285 Y90.453 E.02114
G1 X104.843 Y89.895 E.02009
;WIDTH:0.70791
G1 X104.541 Y89.484 E.01456
;WIDTH:0.708454
G1 X104.169 Y88.93 E.01906
G1 X103.82 Y88.357 E.01916
G1 X103.498 Y87.769 E.01915
;WIDTH:0.70802
G1 X103.271 Y87.312 E.01457
;WIDTH:0.701384
G1 X103.02 Y86.749 E.01742
;WIDTH:0.701644
G1 X102.781 Y86.162 E.01792
G1 X102.536 Y85.454 E.02119
;WIDTH:0.700544
G1 X102.326 Y84.736 E.02112
G1 X102.154 Y84.007 E.02115
;WIDTH:0.700862
G1 X102.015 Y83.271 E.02116
;WIDTH:0.700962
G1 X101.916 Y82.529 E.02115
G1 X101.854 Y81.783 E.02115
;WIDTH:0.700478
G1 X101.83 Y81.034 E.02116
;WIDTH:0.700366
G1 X101.846 Y80.286 E.02112
;WIDTH:0.707636
G1 X101.874 Y79.78 E.01446
;WIDTH:0.708346
G1 X101.941 Y79.116 E.01906
;WIDTH:0.708504
G1 X102.038 Y78.452 E.01917
G1 X102.164 Y77.794 E.01914
;WIDTH:0.70823
G1 X102.32 Y77.141 E.01917
;WIDTH:0.707508
G1 X102.505 Y76.496 E.01914
;WIDTH:0.706354
G1 X102.718 Y75.863 E.01902
;WIDTH:0.706988
G1 X103.059 Y75.011 E.02616
;WIDTH:0.708398
G1 X103.356 Y74.37 E.02018
G1 X103.665 Y73.775 E.01915
G1 X103.981 Y73.228 E.01804
;WIDTH:0.707794
G1 X104.363 Y72.63 E.02025
;WIDTH:0.707206
G1 X104.748 Y72.084 E.01905
;WIDTH:0.707838
G1 X105.317 Y71.365 E.02617
G1 X105.785 Y70.835 E.02018
G1 X106.25 Y70.353 E.01911
;WIDTH:0.70693
G1 X106.735 Y69.895 E.01901
;WIDTH:0.708112
G1 X107.467 Y69.278 E.02733
G1 X107.999 Y68.875 E.01905
;WIDTH:0.707248
G1 X108.552 Y68.496 E.01911
;WIDTH:0.708314
G1 X109.122 Y68.141 E.01918
G1 X109.706 Y67.813 E.01913
;WIDTH:0.707678
G1 X110.302 Y67.512 E.01905
;WIDTH:0.708344
G1 X111.179 Y67.13 E.02732
G1 X111.804 Y66.896 E.01906
;WIDTH:0.708086
G1 X112.476 Y66.68 E.02015
;WIDTH:0.708316
G1 X113.401 Y66.439 E.0273
;WIDTH:0.708488
G1 X114.055 Y66.306 E.01906
G1 X114.718 Y66.202 E.01917
;WIDTH:0.708128
G1 X115.385 Y66.128 E.01916
;WIDTH:0.707334
G1 X116.051 Y66.084 E.01903
;WIDTH:0.70564
G1 X116.571 Y66.073 E.01479
;WIDTH:0.70035
G1 X117.17 Y66.079 E.01691
;WIDTH:0.70805
G1 X117.675 Y66.104 E.01443
;WIDTH:0.708468
G1 X118.342 Y66.164 E.01913
G1 X119.007 Y66.253 E.01916
G1 X119.663 Y66.372 E.01904
;WIDTH:0.708096
G1 X120.594 Y66.594 E.02732
;WIDTH:0.708474
G1 X121.234 Y66.784 E.01907
G1 X121.867 Y67.004 E.01914
;WIDTH:0.70832
G1 X122.491 Y67.251 E.01916
;WIDTH:0.707722
G1 X123.102 Y67.527 E.01913
;WIDTH:0.706692
G1 X123.698 Y67.828 E.01902
;WIDTH:0.705074
G1 X124.308 Y68.176 E.01996
;WIDTH:0.70086
G1 X124.831 Y68.502 E.01741
G1 X125.354 Y68.861 E.01792
;WIDTH:0.70045
G1 X125.951 Y69.313 E.02114
;WIDTH:0.699898
G1 X126.523 Y69.796 E.02112
;WIDTH:0.700002
G1 X127.073 Y70.304 E.02112
;WIDTH:0.700436
G1 X127.595 Y70.841 E.02114
G1 X128.089 Y71.403 E.02112
G1 X128.531 Y71.961 E.02009
;WIDTH:0.707906
G1 X128.833 Y72.372 E.01456
;WIDTH:0.708454
G1 X129.205 Y72.927 E.01908
G1 X129.554 Y73.5 E.01916
G1 X129.876 Y74.088 E.01915
;WIDTH:0.708018
G1 X130.17 Y74.687 E.01905
;WIDTH:0.708308
G1 X130.543 Y75.568 E.02732
G1 X130.77 Y76.195 E.01904
G1 X130.98 Y76.873 E.02027
;WIDTH:0.707896
G1 X131.148 Y77.518 E.01902
;WIDTH:0.708066
G1 X131.33 Y78.418 E.02621
;WIDTH:0.708332
G1 X131.433 Y79.117 E.02018
;WIDTH:0.711138
G1 X131.498 Y79.784 E.01922
;WIDTH:0.713858
G1 X131.544 Y80.822 E.02991
;WIDTH:0.70036
G1 X131.528 Y81.57 E.02112
;WIDTH:0.707636
G1 X131.5 Y82.076 E.01446
;WIDTH:0.708342
G1 X131.433 Y82.74 E.01906
;WIDTH:0.7085
G1 X131.336 Y83.404 E.01917
;WIDTH:0.712638
G1 X131.207 Y84.062 E.01927
G1 X130.97 Y85.011 E.02811
;WIDTH:0.702148
G1 X130.749 Y85.727 E.02121
G1 X130.503 Y86.394 E.02012
;WIDTH:0.707934
G1 X130.301 Y86.877 E.01494
;WIDTH:0.708412
G1 X130.019 Y87.486 E.01917
G1 X129.709 Y88.081 E.01916
G1 X129.375 Y88.659 E.01907
;WIDTH:0.708008
G1 X128.851 Y89.459 E.0273
;WIDTH:0.70846
G1 X128.456 Y89.996 E.01904
;WIDTH:0.713778
G1 X128.007 Y90.546 E.02044
G1 X127.397 Y91.224 E.02625
;WIDTH:0.702334
G1 X126.866 Y91.752 E.0212
G1 X126.565 Y92.021 E.01143
G1 X126.924 Y92.428 F9000
;TYPE:External perimeter
;WIDTH:0.419999
G1 F900
G1 X126.752 Y92.584 E.00385
G1 X126.216 Y93.026 E.01151
G1 X125.692 Y93.421 E.01087
G1 X125.086 Y93.836 E.01217
G1 X124.495 Y94.201 E.01151
G1 X123.665 Y94.656 E.01568
G1 X123.003 Y94.973 E.01216
G1 X122.364 Y95.244 E.0115
G1 X121.436 Y95.578 E.01634
G1 X120.771 Y95.777 E.0115
G1 X120.096 Y95.946 E.01153
G1 X119.415 Y96.085 E.01152
G1 X118.728 Y96.192 E.01152
G1 X118.038 Y96.269 E.0115
G1 X117.053 Y96.324 E.01635
G1 X116.359 Y96.325 E.0115
G1 X115.664 Y96.294 E.01153
G1 X114.934 Y96.228 E.01214
G1 X113.997 Y96.091 E.01569
G1 X113.316 Y95.954 E.01151
G1 X112.641 Y95.787 E.01152
G1 X111.974 Y95.589 E.01153
G1 X111.317 Y95.362 E.01152
G1 X110.636 Y95.089 E.01216
G1 X109.777 Y94.691 E.01569
G1 X109.164 Y94.365 E.0115
G1 X108.565 Y94.012 E.01152
G1 X107.982 Y93.632 E.01153
G1 X107.418 Y93.226 E.01151
G1 X106.843 Y92.77 E.01216
G1 X106.134 Y92.143 E.01568
G1 X105.611 Y91.628 E.01216
G1 X105.14 Y91.117 E.01151
G1 X104.692 Y90.586 E.01151
G1 X104.099 Y89.799 E.01633
G1 X103.711 Y89.222 E.01152
G1 X103.35 Y88.628 E.01152
G1 X103.016 Y88.018 E.01152
G1 X102.711 Y87.395 E.01149
G1 X102.325 Y86.487 E.01635
G1 X102.089 Y85.834 E.0115
G1 X101.872 Y85.132 E.01217
G1 X101.698 Y84.46 E.0115
G1 X101.509 Y83.532 E.01569
G1 X101.402 Y82.806 E.01216
G1 X101.333 Y82.115 E.01151
G1 X101.295 Y81.42 E.01153
G1 X101.289 Y80.726 E.0115
G1 X101.333 Y79.741 E.01634
G1 X101.402 Y79.05 E.01151
G1 X101.502 Y78.362 E.01152
G1 X101.634 Y77.679 E.01153
G1 X101.796 Y77.003 E.01152
G1 X101.988 Y76.335 E.01152
G1 X102.21 Y75.677 E.01151
G1 X102.561 Y74.797 E.0157
G1 X102.868 Y74.131 E.01215
G1 X103.189 Y73.514 E.01152
G1 X103.517 Y72.946 E.01087
G1 X103.913 Y72.327 E.01218
G1 X104.314 Y71.76 E.01151
G1 X104.901 Y71.017 E.01569
G1 X105.386 Y70.467 E.01215
G1 X105.87 Y69.967 E.01153
G1 X106.375 Y69.491 E.0115
G1 X107.128 Y68.854 E.01634
G1 X107.682 Y68.436 E.0115
G1 X108.255 Y68.042 E.01152
G1 X108.845 Y67.674 E.01152
G1 X109.452 Y67.334 E.01153
G1 X110.072 Y67.022 E.0115
G1 X110.975 Y66.627 E.01633
G1 X111.626 Y66.384 E.01151
G1 X112.324 Y66.159 E.01215
G1 X113.279 Y65.91 E.01635
G1 X113.959 Y65.772 E.0115
G1 X114.646 Y65.664 E.01152
G1 X115.337 Y65.588 E.01152
G1 X116.03 Y65.542 E.01151
G1 X116.977 Y65.532 E.01569
G1 X117.71 Y65.562 E.01216
G1 X118.402 Y65.624 E.01151
G1 X119.091 Y65.717 E.01152
G1 X119.775 Y65.841 E.01152
G1 X120.734 Y66.07 E.01634
G1 X121.4 Y66.267 E.01151
G1 X122.057 Y66.495 E.01152
G1 X122.703 Y66.752 E.01152
G1 X123.337 Y67.038 E.01152
G1 X123.956 Y67.352 E.0115
G1 X124.81 Y67.845 E.01634
G1 X125.392 Y68.224 E.01151
G1 X125.956 Y68.63 E.01151
G1 X126.531 Y69.086 E.01216
G1 X127.24 Y69.713 E.01568
G1 X127.763 Y70.228 E.01216
G1 X128.234 Y70.739 E.01151
G1 X128.672 Y71.259 E.01127
G1 X129.284 Y72.07 E.01683
G1 X129.669 Y72.645 E.01147
G1 X130.03 Y73.239 E.01152
G1 X130.363 Y73.849 E.01152
G1 X130.669 Y74.475 E.01155
G1 X131.054 Y75.383 E.01634
G1 X131.288 Y76.034 E.01146
G1 X131.505 Y76.736 E.01217
G1 X131.679 Y77.41 E.01153
G1 X131.867 Y78.339 E.0157
G1 X131.973 Y79.063 E.01212
G1 X132.042 Y79.754 E.01151
G1 X132.079 Y80.448 E.01152
G1 X132.085 Y81.131 E.01132
G1 X132.041 Y82.116 E.01634
G1 X131.972 Y82.807 E.01151
G1 X131.872 Y83.495 E.01152
G1 X131.74 Y84.177 E.01151
G1 X131.578 Y84.853 E.01152
G1 X131.297 Y85.798 E.01634
G1 X131.062 Y86.451 E.0115
G1 X130.798 Y87.095 E.01153
G1 X130.506 Y87.725 E.01151
G1 X130.185 Y88.342 E.01152
G1 X129.837 Y88.943 E.01151
G1 X129.297 Y89.768 E.01634
G1 X128.886 Y90.328 E.01151
G1 X128.423 Y90.899 E.01218
G1 X127.962 Y91.418 E.0115
G1 X127.296 Y92.091 E.01569
G1 X126.969 Y92.387 E.00731
;LAYER_CHANGE
M117 DASHBOARD_LAYER_INDICATOR 34
;Z:3.5
;HEIGHT:0.0999999
;BEFORE_LAYER_CHANGE
M117 OBICO_LAYER_INDICATOR 33
G92 E0
;3.5
G1 E-3.5 F3600
;WIPE_START
G1 F7200
G1 X126.924 Y92.428 E-.02892
G1 X126.752 Y92.584 E-.1103
G1 X126.216 Y93.026 E-.33
G1 X125.692 Y93.421 E-.3117
G1 X125.086 Y93.836 E-.34888
G1 X124.495 Y94.201 E-.32995
G1 X124.421 Y94.242 E-.04025
;WIPE_END
G1 Z3.5 F9000
;AFTER_LAYER_CHANGE
;3.5
G1 X126.248 Y91.584
G1 E5 F2400
G1 F900
G1 X125.792 Y91.979 E.01
G1 X125.224 Y92.424 E.01196
G1 X124.634 Y92.839 E.01195
G1 X124.023 Y93.225 E.01197
G1 X123.395 Y93.579 E.01194
G1 X122.773 Y93.888 E.01151
G1 X122.088 Y94.189 E.0124
G1 X121.413 Y94.445 E.01196
G1 X120.769 Y94.652 E.01121
G1 X120.126 Y94.826 E.01104
G1 X119.476 Y94.97 E.01103
G1 X118.821 Y95.083 E.01101
G1 X118.011 Y95.184 E.01353
G1 X117.412 Y95.229 E.00995
G1 X116.692 Y95.247 E.01193
G1 X116.009 Y95.23 E.01132
G1 X115.346 Y95.182 E.01101
G1 X114.536 Y95.084 E.01352
G1 X113.882 Y94.968 E.01101
G1 X113.232 Y94.821 E.01104
G1 X112.59 Y94.645 E.01103
G1 X111.969 Y94.435 E.01086
G1 X111.299 Y94.194 E.0118
G1 X110.634 Y93.905 E.01201
G1 X109.988 Y93.583 E.01196
G1 X109.405 Y93.255 E.01108
G1 X108.749 Y92.845 E.01282
G1 X108.158 Y92.43 E.01197
G1 X107.589 Y91.985 E.01197
G1 X107.044 Y91.513 E.01195
G1 X106.559 Y91.049 E.01112
G1 X106.028 Y90.489 E.01279
G1 X105.568 Y89.95 E.01174
G1 X105.161 Y89.422 E.01105
G1 X104.78 Y88.876 E.01103
G1 X104.424 Y88.313 E.01104
G1 X104.094 Y87.736 E.01101
G1 X103.766 Y87.098 E.01189
G1 X103.472 Y86.44 E.01194
G1 X103.213 Y85.774 E.01184
G1 X102.984 Y85.082 E.01208
G1 X102.792 Y84.387 E.01195
G1 X102.551 Y83.208 E.01994
G1 X102.454 Y82.494 E.01194
G1 X102.393 Y81.775 E.01196
G1 X102.369 Y81.054 E.01195
G1 X102.381 Y80.332 E.01196
G1 X102.429 Y79.612 E.01196
G1 X102.513 Y78.895 E.01196
G1 X102.634 Y78.184 E.01195
G1 X102.835 Y77.344 E.01431
G1 X103.008 Y76.71 E.01089
G1 X103.219 Y76.08 E.01101
G1 X103.516 Y75.322 E.01349
G1 X103.85 Y74.594 E.01327
G1 X104.158 Y74.006 E.011
G1 X104.493 Y73.431 E.01103
G1 X104.854 Y72.873 E.01101
G1 X105.333 Y72.212 E.01353
G1 X105.749 Y71.694 E.01101
G1 X106.19 Y71.195 E.01103
G1 X107.039 Y70.348 E.01987
G1 X107.582 Y69.877 E.01191
G1 X108.15 Y69.433 E.01195
G1 X109.145 Y68.757 E.01993
G1 X109.768 Y68.392 E.01196
G1 X110.408 Y68.06 E.01195
G1 X111.064 Y67.76 E.01195
G1 X111.735 Y67.493 E.01197
G1 X112.418 Y67.261 E.01195
G1 X113.112 Y67.063 E.01196
G1 X113.815 Y66.901 E.01195
G1 X114.525 Y66.774 E.01195
G1 X115.241 Y66.683 E.01196
G1 X115.961 Y66.628 E.01196
G1 X117.164 Y66.618 E.01993
G1 X117.883 Y66.66 E.01193
G1 X118.601 Y66.738 E.01197
G1 X119.313 Y66.852 E.01195
G1 X120.019 Y67.003 E.01196
G1 X120.716 Y67.188 E.01195
G1 X121.403 Y67.409 E.01196
G1 X122.078 Y67.663 E.01195
G1 X122.74 Y67.952 E.01197
G1 X123.386 Y68.273 E.01195
G1 X124.015 Y68.627 E.01196
G1 X124.625 Y69.012 E.01195
G1 X125.216 Y69.427 E.01197
G1 X126.151 Y70.183 E.01992
G1 X126.68 Y70.673 E.01195
G1 X127.184 Y71.19 E.01196
G1 X127.661 Y71.731 E.01195
G1 X128.11 Y72.295 E.01194
G1 X128.531 Y72.882 E.01197
G1 X128.921 Y73.489 E.01195
G1 X129.28 Y74.114 E.01194
G1 X129.608 Y74.758 E.01197
G1 X129.902 Y75.416 E.01194
G1 X130.163 Y76.089 E.01196
G1 X130.39 Y76.774 E.01196
G1 X130.582 Y77.47 E.01196
G1 X130.823 Y78.649 E.01994
G1 X130.92 Y79.363 E.01194
G1 X130.981 Y80.082 E.01196
G1 X131.005 Y80.803 E.01195
G1 X130.993 Y81.524 E.01195
G1 X130.945 Y82.244 E.01196
G1 X130.861 Y82.961 E.01196
G1 X130.74 Y83.672 E.01195
G1 X130.584 Y84.377 E.01196
G1 X130.393 Y85.073 E.01196
G1 X130.167 Y85.758 E.01195
G1 X129.906 Y86.431 E.01196
G1 X129.516 Y87.268 E.0153
G1 X129.216 Y87.851 E.01086
G1 X128.881 Y88.426 E.01103
G1 X128.52 Y88.984 E.01101
G1 X128.041 Y89.645 E.01353
G1 X127.625 Y90.162 E.011
G1 X127.184 Y90.661 E.01103
G1 X126.335 Y91.508 E.01987
G1 X126.294 Y91.544 E.0009
G1 X126.62 Y91.908 F9000
;TYPE:Perimeter
;WIDTH:0.607394
G1 F900
G1 X126.558 Y91.966 E.00207
;WIDTH:0.607704
G1 X125.915 Y92.508 E.0205
G1 X125.367 Y92.925 E.01678
;WIDTH:0.607196
G1 X124.798 Y93.317 E.01683
;WIDTH:0.606402
G1 X124.212 Y93.682 E.01679
;WIDTH:0.605344
G1 X123.604 Y94.022 E.01691
;WIDTH:0.604026
G1 X122.936 Y94.353 E.01806
;WIDTH:0.604824
G1 X122.222 Y94.664 E.01889
G1 X121.553 Y94.915 E.01733
;WIDTH:0.60365
G1 X120.842 Y95.142 E.01807
;WIDTH:0.602582
G1 X120.121 Y95.332 E.01801
;WIDTH:0.601658
G1 X119.391 Y95.487 E.018
;WIDTH:0.60088
G1 X118.655 Y95.603 E.01795
;WIDTH:0.602752
G1 X117.985 Y95.679 E.0163
;WIDTH:0.605076
G1 X117.378 Y95.721 E.01476
G1 X116.67 Y95.737 E.01718
;WIDTH:0.603842
G1 X115.924 Y95.717 E.01807
;WIDTH:0.602684
G1 X115.18 Y95.659 E.01803
;WIDTH:0.6032
G1 X114.439 Y95.565 E.01807
G1 X113.705 Y95.433 E.01804
;WIDTH:0.602282
G1 X112.978 Y95.264 E.01802
;WIDTH:0.601512
G1 X112.294 Y95.069 E.01715
;WIDTH:0.615922
G1 X111.014 Y94.606 E.03364
;WIDTH:0.605564
G1 X110.383 Y94.328 E.01674
;WIDTH:0.60462
G1 X109.739 Y94.006 E.01746
;WIDTH:0.603492
G1 X109.089 Y93.639 E.01806
G1 X108.458 Y93.24 E.01807
;WIDTH:0.605994
G1 X107.78 Y92.759 E.0202
G1 X107.24 Y92.332 E.01673
;WIDTH:0.604876
G1 X106.698 Y91.86 E.01743
;WIDTH:0.603546
G1 X106.16 Y91.343 E.01806
;WIDTH:0.604284
G1 X105.641 Y90.792 E.01834
G1 X105.165 Y90.231 E.01783
;WIDTH:0.603162
G1 X104.711 Y89.638 E.01806
;WIDTH:0.602194
G1 X104.288 Y89.024 E.018
;WIDTH:0.60137
G1 X103.897 Y88.39 E.01796
;WIDTH:0.600674
G1 X103.571 Y87.799 E.01625
;WIDTH:0.605626
G1 X103.284 Y87.224 E.01561
G1 X103.005 Y86.594 E.01673
;WIDTH:0.604562
G1 X102.742 Y85.912 E.01772
;WIDTH:0.604334
G1 X102.498 Y85.167 E.019
;WIDTH:0.606532
G1 X102.281 Y84.356 E.02042
G1 X102.137 Y83.683 E.01674
;WIDTH:0.608074
G1 X102.026 Y83.003 E.0168
;WIDTH:0.60826
G1 X101.932 Y82.167 E.02052
G1 X101.89 Y81.479 E.01682
G1 X101.88 Y80.789 E.01684
;WIDTH:0.608092
G1 X101.903 Y80.098 E.01686
;WIDTH:0.607596
G1 X101.957 Y79.41 E.01682
;WIDTH:0.60684
G1 X102.043 Y78.726 E.01678
;WIDTH:0.609956
G1 X102.194 Y77.899 E.02057
;WIDTH:0.61415
G1 X102.353 Y77.228 E.01699
G1 X102.538 Y76.563 E.01701
;WIDTH:0.608426
G1 X102.756 Y75.909 E.01682
;WIDTH:0.608102
G1 X103.063 Y75.128 E.02047
;WIDTH:0.608304
G1 X103.407 Y74.378 E.02013
;WIDTH:0.608436
G1 X103.726 Y73.768 E.0168
G1 X104.075 Y73.171 E.01688
;WIDTH:0.60826
G1 X104.449 Y72.593 E.0168
;WIDTH:0.608426
G1 X104.942 Y71.911 E.02054
G1 X105.374 Y71.375 E.0168
G1 X105.832 Y70.857 E.01687
;WIDTH:0.60802
G1 X106.313 Y70.362 E.01683
;WIDTH:0.6074
G1 X106.816 Y69.891 E.01679
;WIDTH:0.607708
G1 X107.459 Y69.349 E.0205
G1 X108.007 Y68.931 E.0168
;WIDTH:0.607906
G1 X108.576 Y68.54 E.01683
;WIDTH:0.60839
G1 X109.163 Y68.175 E.01687
G1 X109.766 Y67.838 E.01686
;WIDTH:0.608
G1 X110.382 Y67.53 E.01679
;WIDTH:0.608172
G1 X111.153 Y67.194 E.02052
G1 X111.798 Y66.951 E.01681
;WIDTH:0.607896
G1 X112.455 Y66.738 E.01684
;WIDTH:0.607332
G1 X113.119 Y66.556 E.01677
;WIDTH:0.60723
G1 X113.94 Y66.378 E.02046
;WIDTH:0.608246
G1 X114.754 Y66.248 E.02011
G1 X115.439 Y66.174 E.01681
;WIDTH:0.607802
G1 X116.128 Y66.131 E.01683
;WIDTH:0.60676
G1 X116.832 Y66.122 E.01713
;WIDTH:0.608108
G1 X117.658 Y66.153 E.02016
;WIDTH:0.608444
G1 X118.344 Y66.214 E.01681
G1 X119.029 Y66.308 E.01687
G1 X119.706 Y66.432 E.0168
;WIDTH:0.608274
G1 X120.524 Y66.627 E.02052
;WIDTH:0.608414
G1 X121.186 Y66.821 E.01683
G1 X121.839 Y67.046 E.01685
;WIDTH:0.608248
G1 X122.481 Y67.301 E.01685
;WIDTH:0.607826
G1 X123.11 Y67.586 E.01683
;WIDTH:0.607138
G1 X123.724 Y67.899 E.01678
;WIDTH:0.607446
G1 X124.452 Y68.32 E.02049
G1 X125.03 Y68.695 E.01679
;WIDTH:0.606862
G1 X125.592 Y69.097 E.01682
;WIDTH:0.605956
G1 X126.134 Y69.525 E.01678
;WIDTH:0.607776
G1 X126.654 Y69.977 E.01679
;WIDTH:0.60811
G1 X127.259 Y70.561 E.02051
G1 X127.73 Y71.064 E.01681
G1 X128.178 Y71.59 E.01685
;WIDTH:0.607656
G1 X128.601 Y72.134 E.01679
;WIDTH:0.60719
G1 X129.071 Y72.812 E.02009
;WIDTH:0.60841
G1 X129.511 Y73.526 E.02047
G1 X129.842 Y74.131 E.01683
;WIDTH:0.608166
G1 X130.145 Y74.752 E.01685
;WIDTH:0.607622
G1 X130.418 Y75.384 E.01678
;WIDTH:0.60793
G1 X130.71 Y76.173 E.02051
G1 X130.916 Y76.83 E.01679
;WIDTH:0.607492
G1 X131.092 Y77.498 E.01683
;WIDTH:0.60655
G1 X131.237 Y78.174 E.01682
;WIDTH:0.60807
G1 X131.348 Y78.854 E.0168
;WIDTH:0.608256
G1 X131.442 Y79.689 E.0205
G1 X131.484 Y80.377 E.01682
;WIDTH:0.608322
G1 X131.494 Y81.068 E.01686
;WIDTH:0.60809
G1 X131.471 Y81.758 E.01684
;WIDTH:0.607594
G1 X131.417 Y82.447 E.01684
;WIDTH:0.606838
G1 X131.331 Y83.131 E.01678
;WIDTH:0.607146
G1 X131.181 Y83.958 E.02047
G1 X131.025 Y84.629 E.01677
;WIDTH:0.606492
G1 X130.837 Y85.294 E.01681
;WIDTH:0.605556
G1 X130.619 Y85.948 E.01674
;WIDTH:0.607102
G1 X130.311 Y86.728 E.02042
;WIDTH:0.613024
G1 X129.965 Y87.477 E.02029
G1 X129.648 Y88.089 E.01695
;WIDTH:0.608434
G1 X129.299 Y88.685 E.01685
;WIDTH:0.608256
G1 X128.925 Y89.264 E.01682
;WIDTH:0.608422
G1 X128.432 Y89.945 E.02052
G1 X128 Y90.482 E.01682
G1 X127.542 Y90.999 E.01685
;WIDTH:0.608014
G1 X127.061 Y91.494 E.01683
;WIDTH:0.607394
G1 X126.664 Y91.867 E.01327
G1 X126.998 Y92.228 F9000
;TYPE:External perimeter
;WIDTH:0.419999
G1 F900
G1 X126.885 Y92.333 E.00256
G1 X126.223 Y92.892 E.01436
G1 X125.655 Y93.324 E.01182
G1 X125.068 Y93.729 E.01182
G1 X124.461 Y94.106 E.01184
G1 X123.838 Y94.454 E.01182
G1 X123.2 Y94.772 E.01181
G1 X122.406 Y95.119 E.01436
G1 X121.739 Y95.37 E.01181
G1 X121.06 Y95.59 E.01183
G1 X120.371 Y95.778 E.01183
G1 X119.674 Y95.934 E.01183
G1 X118.972 Y96.056 E.01181
G1 X118.112 Y96.162 E.01436
G1 X117.401 Y96.212 E.01181
G1 X116.687 Y96.228 E.01183
G1 X115.973 Y96.212 E.01183
G1 X115.262 Y96.162 E.01181
G1 X114.402 Y96.056 E.01436
G1 X113.699 Y95.934 E.01182
G1 X113.003 Y95.778 E.01182
G1 X112.314 Y95.59 E.01183
G1 X111.636 Y95.37 E.01181
G1 X110.827 Y95.061 E.01435
G1 X110.174 Y94.773 E.01183
G1 X109.535 Y94.454 E.01183
G1 X108.913 Y94.106 E.01181
G1 X108.192 Y93.653 E.01411
G1 X107.486 Y93.152 E.01434
G1 X106.926 Y92.71 E.01182
G1 X106.387 Y92.242 E.01183
G1 X105.871 Y91.75 E.01181
G1 X105.276 Y91.12 E.01436
G1 X104.814 Y90.578 E.0118
G1 X104.376 Y90.013 E.01185
G1 X103.966 Y89.429 E.01182
G1 X103.583 Y88.827 E.01182
G1 X103.23 Y88.207 E.01182
G1 X102.839 Y87.434 E.01435
G1 X102.551 Y86.782 E.01181
G1 X102.294 Y86.116 E.01183
G1 X102.028 Y85.308 E.01409
G1 X101.803 Y84.472 E.01434
G1 X101.654 Y83.774 E.01183
G1 X101.538 Y83.07 E.01182
G1 X101.441 Y82.21 E.01434
G1 X101.398 Y81.498 E.01182
G1 X101.388 Y80.784 E.01183
G1 X101.411 Y80.071 E.01182
G1 X101.468 Y79.359 E.01184
G1 X101.558 Y78.651 E.01183
G1 X101.711 Y77.799 E.01434
G1 X101.873 Y77.104 E.01182
G1 X102.067 Y76.418 E.01181
G1 X102.293 Y75.741 E.01183
G1 X102.61 Y74.936 E.01434
G1 X102.965 Y74.162 E.01411
G1 X103.295 Y73.529 E.01183
G1 X103.655 Y72.913 E.01182
G1 X104.043 Y72.314 E.01183
G1 X104.55 Y71.612 E.01435
G1 X104.998 Y71.057 E.01182
G1 X105.471 Y70.522 E.01183
G1 X105.968 Y70.011 E.01181
G1 X106.489 Y69.523 E.01183
G1 X107.151 Y68.964 E.01436
G1 X107.718 Y68.533 E.0118
G1 X108.306 Y68.128 E.01183
G1 X108.912 Y67.751 E.01183
G1 X109.535 Y67.403 E.01182
G1 X110.174 Y67.084 E.01183
G1 X110.968 Y66.738 E.01435
G1 X111.635 Y66.486 E.01181
G1 X112.314 Y66.266 E.01183
G1 X113.002 Y66.079 E.01181
G1 X113.848 Y65.894 E.01435
G1 X114.689 Y65.759 E.01411
G1 X115.398 Y65.683 E.01181
G1 X116.11 Y65.639 E.01182
G1 X116.625 Y65.633 E.00853
G1 X117.702 Y65.662 E.01785
G1 X118.411 Y65.726 E.0118
G1 X119.118 Y65.823 E.01182
G1 X119.821 Y65.953 E.01185
G1 X120.663 Y66.154 E.01434
G1 X121.346 Y66.355 E.0118
G1 X122.021 Y66.588 E.01183
G1 X122.684 Y66.853 E.01183
G1 X123.334 Y67.148 E.01183
G1 X123.97 Y67.473 E.01183
G1 X124.719 Y67.907 E.01434
G1 X125.317 Y68.295 E.01181
G1 X125.897 Y68.711 E.01183
G1 X126.456 Y69.154 E.01182
G1 X126.995 Y69.623 E.01184
G1 X127.619 Y70.224 E.01435
G1 X128.105 Y70.745 E.01181
G1 X128.567 Y71.288 E.01181
G1 X129.005 Y71.853 E.01185
G1 X129.49 Y72.553 E.01411
G1 X129.944 Y73.29 E.01434
G1 X130.285 Y73.915 E.0118
G1 X130.597 Y74.557 E.01183
G1 X130.879 Y75.213 E.01183
G1 X131.18 Y76.026 E.01436
G1 X131.392 Y76.705 E.01179
G1 X131.573 Y77.395 E.01182
G1 X131.722 Y78.094 E.01184
G1 X131.837 Y78.799 E.01184
G1 X131.934 Y79.659 E.01434
G1 X131.976 Y80.37 E.0118
G1 X131.986 Y81.072 E.01163
G1 X131.963 Y81.786 E.01184
G1 X131.906 Y82.497 E.01182
G1 X131.816 Y83.205 E.01183
G1 X131.663 Y84.058 E.01436
G1 X131.501 Y84.752 E.01181
G1 X131.307 Y85.439 E.01183
G1 X131.081 Y86.115 E.01181
G1 X130.764 Y86.921 E.01435
G1 X130.409 Y87.695 E.01411
G1 X130.079 Y88.327 E.01181
G1 X129.719 Y88.944 E.01184
G1 X129.331 Y89.542 E.01181
G1 X128.824 Y90.244 E.01435
G1 X128.376 Y90.8 E.01183
G1 X127.903 Y91.334 E.01182
G1 X127.406 Y91.846 E.01182
G1 X127.042 Y92.187 E.00826
;LAYER_CHANGE
M117 DASHBOARD_LAYER_INDICATOR 35
;Z:3.6
;HEIGHT:0.0999999
;BEFORE_LAYER_CHANGE
M117 OBICO_LAYER_INDICATOR 34
G92 E0
;3.6
G1 E-3.5 F3600
;WIPE_START
G1 F7200
G1 X126.998 Y92.228 E-.02857
G1 X126.885 Y92.333 E-.07327
G1 X126.223 Y92.892 E-.41156
G1 X125.655 Y93.324 E-.33897
G1 X125.068 Y93.729 E-.33875
G1 X124.516 Y94.072 E-.30888
;WIPE_END
G1 Z3.6 F9000
;AFTER_LAYER_CHANGE
;3.6
G1 X126.376 Y91.469
G1 E5 F2400
G1 F900
G1 X126.33 Y91.513 E.00105
G1 X125.79 Y91.981 E.01184
G1 X125.224 Y92.424 E.01191
G1 X124.634 Y92.839 E.01195
G1 X124.023 Y93.225 E.01197
G1 X123.395 Y93.579 E.01194
G1 X122.749 Y93.9 E.01195
G1 X122.088 Y94.189 E.01195
G1 X121.428 Y94.439 E.01169
G1 X120.772 Y94.651 E.01142
G1 X120.107 Y94.831 E.01142
G1 X119.435 Y94.978 E.0114
G1 X118.136 Y95.173 E.02176
G1 X117.413 Y95.228 E.01201
G1 X116.692 Y95.247 E.01195
G1 X115.987 Y95.229 E.01169
G1 X115.301 Y95.178 E.0114
G1 X114.064 Y95.005 E.0207
G1 X113.355 Y94.854 E.01201
G1 X112.658 Y94.668 E.01195
G1 X111.971 Y94.448 E.01195
G1 X111.296 Y94.193 E.01196
G1 X110.638 Y93.906 E.01189
G1 X110.021 Y93.6 E.01141
G1 X109.422 Y93.265 E.01137
G1 X108.749 Y92.845 E.01314
G1 X108.158 Y92.43 E.01197
G1 X107.59 Y91.986 E.01195
G1 X107.044 Y91.513 E.01197
G1 X106.527 Y91.018 E.01186
G1 X105.711 Y90.124 E.02006
G1 X105.263 Y89.561 E.01192
G1 X104.843 Y88.975 E.01195
G1 X104.453 Y88.368 E.01195
G1 X104.094 Y87.742 E.01196
G1 X103.766 Y87.099 E.01196
G1 X103.472 Y86.44 E.01196
G1 X103.216 Y85.781 E.01171
G1 X102.984 Y85.082 E.0122
G1 X102.792 Y84.387 E.01195
G1 X102.637 Y83.688 E.01186
G1 X102.428 Y82.191 E.02504
G1 X102.384 Y81.504 E.01141
G1 X102.373 Y80.815 E.01142
G1 X102.429 Y79.609 E.02
G1 X102.513 Y78.895 E.01191
G1 X102.634 Y78.184 E.01195
G1 X102.79 Y77.479 E.01196
G1 X102.981 Y76.784 E.01194
G1 X103.207 Y76.099 E.01195
G1 X103.466 Y75.431 E.01187
G1 X103.864 Y74.576 E.01563
G1 X104.176 Y73.974 E.01123
G1 X104.525 Y73.38 E.01142
G1 X104.902 Y72.804 E.01141
G1 X105.314 Y72.236 E.01163
G1 X105.745 Y71.699 E.01141
G1 X106.202 Y71.183 E.01142
G1 X106.682 Y70.69 E.0114
G1 X107.044 Y70.343 E.00831
G1 X107.584 Y69.876 E.01183
G1 X108.285 Y69.346 E.01456
G1 X108.843 Y68.955 E.01129
G1 X109.428 Y68.591 E.01142
G1 X110.029 Y68.256 E.0114
G1 X110.646 Y67.951 E.0114
G1 X111.29 Y67.67 E.01164
G1 X112.421 Y67.26 E.01993
G1 X113.112 Y67.063 E.01191
G1 X113.815 Y66.901 E.01195
G1 X114.525 Y66.774 E.01195
G1 X115.241 Y66.683 E.01196
G1 X115.961 Y66.628 E.01196
G1 X116.676 Y66.61 E.01185
G1 X117.623 Y66.649 E.0157
G1 X118.299 Y66.705 E.01124
G1 X118.981 Y66.799 E.01141
G1 X119.657 Y66.926 E.0114
G1 X120.341 Y67.088 E.01165
G1 X121.002 Y67.28 E.01141
G1 X121.653 Y67.503 E.0114
G1 X122.293 Y67.757 E.01141
G1 X123.388 Y68.274 E.02006
G1 X124.015 Y68.627 E.01192
G1 X124.62 Y69.008 E.01185
G1 X125.827 Y69.912 E.02499
G1 X126.346 Y70.364 E.0114
G1 X126.843 Y70.84 E.0114
G1 X127.663 Y71.733 E.02009
G1 X128.11 Y72.295 E.0119
G1 X128.531 Y72.882 E.01197
G1 X128.921 Y73.489 E.01195
G1 X129.28 Y74.114 E.01194
G1 X129.608 Y74.758 E.01197
G1 X129.902 Y75.416 E.01194
G1 X130.158 Y76.075 E.01171
G1 X130.39 Y76.774 E.0122
G1 X130.582 Y77.47 E.01196
G1 X130.738 Y78.174 E.01195
G1 X130.946 Y79.666 E.02496
G1 X130.99 Y80.353 E.01141
G1 X131.001 Y81.042 E.01142
G1 X130.945 Y82.247 E.01999
G1 X130.861 Y82.961 E.01191
G1 X130.74 Y83.673 E.01197
G1 X130.37 Y85.131 E.02492
G1 X130.153 Y85.785 E.01142
G1 X129.899 Y86.437 E.01159
G1 X129.517 Y87.275 E.01526
G1 X129.198 Y87.883 E.01138
G1 X128.849 Y88.476 E.0114
G1 X128.472 Y89.053 E.01142
G1 X128.06 Y89.621 E.01163
G1 X127.629 Y90.158 E.01141
G1 X127.172 Y90.673 E.01141
G1 X126.692 Y91.166 E.0114
G1 X126.42 Y91.427 E.00625
G1 X126.717 Y91.748 F9000
;TYPE:Perimeter
;WIDTH:0.507878
G1 F900
G1 X126.478 Y91.97 E.0066
;WIDTH:0.507516
G1 X125.924 Y92.438 E.01466
;WIDTH:0.507298
G1 X125.359 Y92.869 E.01435
;WIDTH:0.50686
G1 X124.774 Y93.273 E.01435
;WIDTH:0.50634
G1 X124.17 Y93.649 E.01434
;WIDTH:0.50574
G1 X123.549 Y93.995 E.01431
;WIDTH:0.505056
G1 X122.912 Y94.31 E.01429
;WIDTH:0.504284
G1 X122.234 Y94.605 E.01484
;WIDTH:0.503852
G1 X121.538 Y94.867 E.01491
;WIDTH:0.503142
G1 X120.829 Y95.093 E.0149
;WIDTH:0.502504
G1 X120.11 Y95.284 E.01488
;WIDTH:0.50192
G1 X119.372 Y95.439 E.01506
;WIDTH:0.516384
G1 X118.107 Y95.618 E.02629
;WIDTH:0.505318
G1 X117.398 Y95.67 E.0143
;WIDTH:0.504614
G1 X116.671 Y95.687 E.01461
;WIDTH:0.503848
G1 X115.927 Y95.667 E.01493
;WIDTH:0.503124
G1 X115.175 Y95.609 E.0151
;WIDTH:0.516384
G1 X113.847 Y95.41 E.02763
;WIDTH:0.506518
G1 X113.153 Y95.257 E.01433
;WIDTH:0.505958
G1 X112.467 Y95.071 E.01432
;WIDTH:0.505314
G1 X111.791 Y94.851 E.0143
;WIDTH:0.504586
G1 X111.11 Y94.593 E.01463
;WIDTH:0.504078
G1 X110.429 Y94.294 E.01492
;WIDTH:0.50336
G1 X109.764 Y93.962 E.01489
;WIDTH:0.50271
G1 X109.116 Y93.596 E.01489
;WIDTH:0.506076
G1 X108.408 Y93.145 E.01691
G1 X107.82 Y92.726 E.01455
;WIDTH:0.505826
G1 X107.262 Y92.286 E.01431
;WIDTH:0.505162
G1 X106.726 Y91.819 E.0143
;WIDTH:0.504414
G1 X106.193 Y91.305 E.01487
;WIDTH:0.516262
G1 X105.254 Y90.259 E.02892
;WIDTH:0.507358
G1 X104.817 Y89.698 E.01437
;WIDTH:0.506916
G1 X104.409 Y89.116 E.01435
;WIDTH:0.506398
G1 X104.028 Y88.516 E.01433
;WIDTH:0.505794
G1 X103.677 Y87.897 E.01433
;WIDTH:0.50511
G1 X103.351 Y87.251 E.01455
;WIDTH:0.504692
G1 X103.057 Y86.59 E.01453
;WIDTH:0.503934
G1 X102.79 Y85.896 E.01492
;WIDTH:0.506952
G1 X102.514 Y85.043 E.0181
G1 X102.33 Y84.345 E.01457
;WIDTH:0.508096
G1 X102.183 Y83.649 E.01439
;WIDTH:0.515122
G1 X102.072 Y82.947 E.01459
G1 X101.987 Y82.228 E.01486
;WIDTH:0.508352
G1 X101.942 Y81.518 E.0144
;WIDTH:0.508202
G1 X101.93 Y80.808 E.01437
;WIDTH:0.507966
G1 X101.953 Y80.097 E.01439
;WIDTH:0.507652
G1 X102.01 Y79.388 E.01438
;WIDTH:0.50725
G1 X102.101 Y78.683 E.01436
;WIDTH:0.506768
G1 X102.228 Y77.97 E.01461
;WIDTH:0.506452
G1 X102.387 Y77.277 E.01434
;WIDTH:0.505888
G1 X102.58 Y76.593 E.01431
;WIDTH:0.50525
G1 X102.804 Y75.918 E.0143
;WIDTH:0.504514
G1 X103.069 Y75.238 E.01466
;WIDTH:0.512766
G1 X103.461 Y74.388 E.01912
G1 X103.788 Y73.76 E.01446
;WIDTH:0.508478
G1 X104.148 Y73.147 E.01439
G1 X104.538 Y72.552 E.0144
G1 X104.963 Y71.966 E.01466
G1 X105.408 Y71.412 E.01439
;WIDTH:0.508352
G1 X105.88 Y70.88 E.0144
;WIDTH:0.508158
G1 X106.376 Y70.371 E.01438
;WIDTH:0.50788
G1 X106.896 Y69.886 E.01438
;WIDTH:0.510072
G1 X107.451 Y69.42 E.01472
;WIDTH:0.514118
G1 X108.017 Y68.99 E.01456
G1 X108.6 Y68.584 E.01455
;WIDTH:0.508466
G1 X109.204 Y68.209 E.01439
G1 X109.825 Y67.863 E.01439
;WIDTH:0.508332
G1 X110.462 Y67.548 E.01438
;WIDTH:0.508114
G1 X111.127 Y67.259 E.01467
;WIDTH:0.507984
G1 X111.791 Y67.007 E.01437
;WIDTH:0.507686
G1 X112.467 Y66.787 E.01437
;WIDTH:0.507312
G1 X113.153 Y66.6 E.01436
;WIDTH:0.506854
G1 X113.847 Y66.446 E.01435
;WIDTH:0.50631
G1 X114.548 Y66.326 E.01434
;WIDTH:0.505682
G1 X115.267 Y66.238 E.01458
;WIDTH:0.50532
G1 X115.976 Y66.186 E.0143
;WIDTH:0.504606
G1 X116.702 Y66.169 E.01459
;WIDTH:0.51267
G1 X117.641 Y66.204 E.01919
G1 X118.347 Y66.265 E.01447
;WIDTH:0.508494
G1 X119.051 Y66.362 E.01439
G1 X119.75 Y66.493 E.0144
G1 X120.455 Y66.66 E.01467
G1 X121.137 Y66.858 E.01438
;WIDTH:0.508354
G1 X121.81 Y67.089 E.0144
;WIDTH:0.508182
G1 X122.47 Y67.351 E.01437
;WIDTH:0.507928
G1 X123.118 Y67.646 E.0144
;WIDTH:0.507594
G1 X123.75 Y67.97 E.01435
;WIDTH:0.507172
G1 X124.377 Y68.333 E.01463
;WIDTH:0.508372
G1 X124.975 Y68.718 E.0144
;WIDTH:0.515018
G1 X125.551 Y69.134 E.01458
G1 X126.111 Y69.572 E.01459
;WIDTH:0.508364
G1 X126.647 Y70.039 E.01439
;WIDTH:0.50817
G1 X127.16 Y70.531 E.01438
;WIDTH:0.507886
G1 X127.658 Y71.058 E.01466
;WIDTH:0.507708
G1 X128.12 Y71.597 E.01435
;WIDTH:0.507354
G1 X128.557 Y72.159 E.01438
;WIDTH:0.506912
G1 X128.965 Y72.74 E.01433
;WIDTH:0.506398
G1 X129.346 Y73.341 E.01435
;WIDTH:0.505794
G1 X129.697 Y73.959 E.01431
;WIDTH:0.505106
G1 X130.023 Y74.606 E.01457
;WIDTH:0.50469
G1 X130.317 Y75.266 E.01452
;WIDTH:0.503934
G1 X130.584 Y75.961 E.01493
;WIDTH:0.50695
G1 X130.859 Y76.814 E.01809
G1 X131.044 Y77.512 E.01458
;WIDTH:0.507822
G1 X131.191 Y78.207 E.01436
;WIDTH:0.51502
G1 X131.302 Y78.909 E.01458
G1 X131.387 Y79.629 E.01488
;WIDTH:0.508348
G1 X131.432 Y80.338 E.01438
;WIDTH:0.5082
G1 X131.444 Y81.049 E.01439
;WIDTH:0.507962
G1 X131.421 Y81.76 E.01439
;WIDTH:0.507646
G1 X131.364 Y82.468 E.01436
;WIDTH:0.507246
G1 X131.273 Y83.173 E.01436
;WIDTH:0.508218
G1 X131.145 Y83.886 E.01466
;WIDTH:0.514848
G1 X130.982 Y84.578 E.01458
G1 X130.793 Y85.263 E.01458
;WIDTH:0.508376
G1 X130.568 Y85.937 E.01438
;WIDTH:0.508196
G1 X130.306 Y86.61 E.01461
G1 X129.915 Y87.469 E.0191
;WIDTH:0.508424
G1 X129.586 Y88.097 E.01435
G1 X129.226 Y88.71 E.01439
G1 X128.836 Y89.304 E.01439
G1 X128.411 Y89.891 E.01467
G1 X127.966 Y90.445 E.01439
G1 X127.494 Y90.977 E.0144
;WIDTH:0.508154
G1 X126.998 Y91.486 E.01438
;WIDTH:0.507878
G1 X126.761 Y91.707 E.00655
G1 X127.062 Y92.031 F9000
;TYPE:External perimeter
;WIDTH:0.419999
G1 F900
G1 X126.763 Y92.308 E.00675
G1 X126.192 Y92.789 E.01237
G1 X125.61 Y93.233 E.01213
G1 X125.007 Y93.648 E.01213
G1 X124.385 Y94.034 E.01213
G1 X123.745 Y94.39 E.01213
G1 X123.088 Y94.714 E.01214
G1 X122.39 Y95.017 E.01261
G1 X121.674 Y95.285 E.01267
G1 X120.945 Y95.518 E.01268
G1 X120.205 Y95.713 E.01268
G1 X119.446 Y95.872 E.01285
G1 X118.879 Y95.969 E.00953
G1 X118.139 Y96.058 E.01235
G1 X117.408 Y96.111 E.01214
G1 X116.66 Y96.128 E.0124
G1 X115.896 Y96.106 E.01266
G1 X115.122 Y96.045 E.01286
G1 X114.473 Y95.966 E.01083
G1 X113.752 Y95.842 E.01212
G1 X113.037 Y95.683 E.01214
G1 X112.331 Y95.49 E.01213
G1 X111.634 Y95.264 E.01214
G1 X110.934 Y94.997 E.01241
G1 X110.234 Y94.689 E.01267
G1 X109.55 Y94.346 E.01268
G1 X108.882 Y93.967 E.01273
G1 X108.151 Y93.505 E.01433
G1 X107.546 Y93.072 E.01233
G1 X106.972 Y92.618 E.01213
G1 X106.421 Y92.137 E.01212
G1 X105.873 Y91.608 E.01262
G1 X105.38 Y91.087 E.01188
G1 X104.904 Y90.53 E.01214
G1 X104.456 Y89.952 E.01212
G1 X104.035 Y89.352 E.01214
G1 X103.644 Y88.733 E.01213
G1 X103.284 Y88.096 E.01212
G1 X102.948 Y87.43 E.01236
G1 X102.647 Y86.749 E.01234
G1 X102.371 Y86.032 E.01273
G1 X102.087 Y85.156 E.01526
G1 X101.898 Y84.436 E.01233
G1 X101.746 Y83.72 E.01213
G1 X101.629 Y82.997 E.01214
G1 X101.545 Y82.256 E.01236
G1 X101.499 Y81.525 E.01214
G1 X101.488 Y80.793 E.01213
G1 X101.512 Y80.061 E.01214
G1 X101.571 Y79.332 E.01212
G1 X101.666 Y78.605 E.01215
G1 X101.798 Y77.871 E.01236
G1 X101.962 Y77.158 E.01212
G1 X102.161 Y76.453 E.01214
G1 X102.393 Y75.759 E.01212
G1 X102.671 Y75.05 E.01262
G1 X103.067 Y74.181 E.01582
G1 X103.406 Y73.535 E.01209
G1 X103.778 Y72.904 E.01214
G1 X104.179 Y72.292 E.01212
G1 X104.618 Y71.689 E.01236
G1 X105.077 Y71.118 E.01214
G1 X105.563 Y70.57 E.01214
G1 X106.075 Y70.047 E.01213
G1 X106.611 Y69.548 E.01213
G1 X107.182 Y69.068 E.01236
G1 X107.764 Y68.623 E.01214
G1 X108.367 Y68.208 E.01213
G1 X108.989 Y67.822 E.01213
G1 X109.629 Y67.467 E.01213
G1 X110.286 Y67.142 E.01215
G1 X110.97 Y66.845 E.01236
G1 X111.654 Y66.586 E.01212
G1 X112.351 Y66.36 E.01214
G1 X113.058 Y66.168 E.01214
G1 X113.773 Y66.011 E.01213
G1 X114.495 Y65.888 E.01214
G1 X115.235 Y65.798 E.01235
G1 X115.966 Y65.746 E.01214
G1 X116.722 Y65.729 E.01253
G1 X117.681 Y65.761 E.0159
G1 X118.407 Y65.826 E.01208
G1 X119.133 Y65.927 E.01215
G1 X119.852 Y66.062 E.01212
G1 X120.578 Y66.235 E.01237
G1 X121.281 Y66.439 E.01213
G1 X121.973 Y66.677 E.01213
G1 X122.654 Y66.949 E.01215
G1 X123.32 Y67.252 E.01212
G1 X123.971 Y67.588 E.01214
G1 X124.617 Y67.961 E.01236
G1 X125.232 Y68.358 E.01213
G1 X125.828 Y68.784 E.01214
G1 X126.402 Y69.238 E.01213
G1 X126.953 Y69.72 E.01213
G1 X127.481 Y70.227 E.01213
G1 X127.993 Y70.77 E.01237
G1 X128.469 Y71.326 E.01213
G1 X128.918 Y71.905 E.01214
G1 X129.339 Y72.504 E.01213
G1 X129.73 Y73.123 E.01213
G1 X130.09 Y73.76 E.01212
G1 X130.426 Y74.427 E.01237
G1 X130.727 Y75.107 E.01232
G1 X131.003 Y75.824 E.01273
G1 X131.287 Y76.701 E.01527
G1 X131.476 Y77.42 E.01232
G1 X131.628 Y78.136 E.01213
G1 X131.745 Y78.859 E.01214
G1 X131.829 Y79.6 E.01236
G1 X131.875 Y80.331 E.01214
G1 X131.886 Y81.063 E.01213
G1 X131.862 Y81.795 E.01214
G1 X131.803 Y82.525 E.01214
G1 X131.708 Y83.251 E.01213
G1 X131.576 Y83.985 E.01236
G1 X131.412 Y84.699 E.01214
G1 X131.213 Y85.404 E.01214
G1 X130.98 Y86.098 E.01213
G1 X130.709 Y86.794 E.01238
G1 X130.307 Y87.675 E.01605
G1 X129.968 Y88.321 E.01209
G1 X129.596 Y88.952 E.01214
G1 X129.195 Y89.565 E.01214
G1 X128.756 Y90.168 E.01236
G1 X128.297 Y90.738 E.01213
G1 X127.811 Y91.286 E.01214
G1 X127.299 Y91.81 E.01214
G1 X127.106 Y91.99 E.00437
; stop printing object TPW_01_Q_GlassBracket_v1 id:0 copy 0
G1 E-3.5 F3600
;WIPE_START
G1 F7200;_WIPE
G1 X127.062 Y92.031 E-.02857
G1 X126.763 Y92.308 E-.19361
G1 X126.192 Y92.789 E-.35463
G1 X125.61 Y93.233 E-.34771
G1 X125.007 Y93.648 E-.3477
G1 X124.6 Y93.901 E-.22778
;WIPE_END
M107
;TYPE:Custom
; Filament-specific end gcode 
;END gcode for filament
G1 Z5.6 F600 ; Move print head up
G1 X5 Y193.8 F9000 ; present print
G1 Z73.6 F600 ; Move print head further up
G1 Z150 F600 ; Move print head further up
M140 S0 ; turn off heatbed
M104 S0 ; turn off temperature
M107 ; turn off fan
M84 X Y E ; disable motors
; objects_info = {"objects":[{"name":"TPW_01_Q_GlassBracket_v1 id:0 copy 0","polygon":[[116.938,65.030],[118.441,65.125],[120.174,65.415],[121.626,65.815],[123.034,66.350],[124.384,67.016],[125.666,67.806],[126.867,68.715],[127.977,69.733],[128.986,70.851],[129.884,72.060],[130.782,73.570],[131.415,74.937],[131.916,76.357],[132.327,78.065],[132.528,79.558],[132.586,81.063],[132.502,82.566],[132.276,84.055],[131.911,85.516],[131.408,86.936],[130.534,88.743],[129.587,90.223],[128.483,91.589],[127.046,92.991],[127.255,93.303],[127.334,93.684],[127.247,94.100],[127.031,94.410],[126.660,94.638],[126.174,94.680],[125.758,94.510],[125.464,94.186],[123.269,95.402],[121.150,96.189],[118.941,96.668],[116.442,96.826],[114.938,96.732],[113.446,96.494],[111.992,96.119],[110.571,95.605],[108.994,94.843],[107.711,94.053],[106.506,93.142],[105.397,92.124],[104.390,91.008],[103.490,89.796],[102.593,88.289],[101.960,86.923],[101.458,85.499],[101.094,84.038],[100.846,82.301],[100.788,80.794],[100.872,79.290],[101.097,77.801],[101.463,76.340],[101.966,74.921],[102.840,73.114],[103.786,71.634],[104.891,70.267],[106.328,68.866],[106.110,68.531],[106.040,68.138],[106.135,67.738],[106.356,67.434],[106.731,67.212],[107.164,67.171],[107.612,67.343],[107.910,67.670],[110.106,66.454],[112.224,65.667],[114.433,65.189]]}]}
; filament used [mm] = 274.29
; filament used [cm3] = 0.66
; filament used [g] = 0.82
; filament cost = 0.02
; total filament used [g] = 0.82
; total filament cost = 0.02
; total filament used for wipe tower [g] = 0.00
; estimated printing time (normal mode) = 14m 44s
; estimated first layer printing time (normal mode) = 2m 14s
; prusaslicer_config = begin
; arc_fitting = disabled
; autoemit_temperature_commands = 1
; automatic_extrusion_widths = 0
; automatic_infill_combination = 0
; automatic_infill_combination_max_layer_height = 100%
; avoid_crossing_curled_overhangs = 0
; avoid_crossing_perimeters = 0
; avoid_crossing_perimeters_max_detour = 0
; bed_custom_model = 
; bed_custom_texture = 
; bed_shape = 3x3,228x3,228x228,3x228
; bed_temperature = 60
; bed_temperature_extruder = 0
; before_layer_gcode = ;BEFORE_LAYER_CHANGE\nG92 E0\n;{layer_z}\n\n
; between_objects_gcode = 
; binary_gcode = 0
; bottom_fill_pattern = concentric
; bottom_solid_layers = 9
; bottom_solid_min_thickness = 0
; bridge_acceleration = 250
; bridge_angle = 0
; bridge_fan_speed = 100
; bridge_flow_ratio = 0.7
; bridge_speed = 25
; brim_separation = 0
; brim_type = outer_only
; brim_width = 5
; chamber_minimal_temperature = 0
; chamber_temperature = 0
; color_change_gcode = M600
; colorprint_heights = 
; compatible_printers_condition_cummulative = "printer_model=~/(ENDER|CR|SERMOON).*/ and nozzle_diameter[0]==0.4";printer_notes=~/.*PRINTER_VENDOR_CREALITY.*/
; complete_objects = 0
; cooling = 1
; cooling_perimeter_transition_distance = 0
; cooling_slowdown_logic = uniform_cooling
; cooling_tube_length = 5
; cooling_tube_retraction = 91.5
; custom_parameters_filament = ""
; custom_parameters_print = 
; custom_parameters_printer = 
; default_acceleration = 500
; default_filament_profile = "Generic PLA @CREALITY"
; default_print_profile = "0.16 mm OPTIMAL (0.4 mm nozzle) @CREALITY"
; deretract_speed = 40
; disable_fan_first_layers = 1
; dont_support_bridges = 1
; draft_shield = disabled
; duplicate_distance = 6
; elefant_foot_compensation = 0.1
; enable_dynamic_fan_speeds = 0
; enable_dynamic_overhang_speeds = 0
; end_filament_gcode = "; Filament-specific end gcode \n;END gcode for filament\n"
; end_gcode = {if max_layer_z < max_print_height}G1 Z{z_offset+min(max_layer_z+2, max_print_height)} F600 ; Move print head up{endif}\nG1 X5 Y{print_bed_max[1]*0.85} F{travel_speed*60} ; present print\n{if max_layer_z < max_print_height-10}G1 Z{z_offset+min(max_layer_z+70, max_print_height-10)} F600 ; Move print head further up{endif}\n{if max_layer_z < max_print_height*0.6}G1 Z{max_print_height*0.6} F600 ; Move print head further up{endif}\nM140 S0 ; turn off heatbed\nM104 S0 ; turn off temperature\nM107 ; turn off fan\nM84 X Y E ; disable motors
; ensure_vertical_shell_thickness = enabled
; external_perimeter_acceleration = 0
; external_perimeter_extrusion_width = 0.42
; external_perimeter_speed = 25
; external_perimeters_first = 0
; extra_loading_move = -2
; extra_perimeters = 0
; extra_perimeters_on_overhangs = 0
; extruder_clearance_height = 25
; extruder_clearance_radius = 55
; extruder_colour = #FCE94F
; extruder_offset = 0x0
; extrusion_axis = E
; extrusion_multiplier = 1
; extrusion_width = 0.42
; fan_always_on = 1
; fan_below_layer_time = 100
; filament_abrasive = 0
; filament_colour = #DDDDDD
; filament_cooling_final_speed = 3.4
; filament_cooling_initial_speed = 2.2
; filament_cooling_moves = 4
; filament_cost = 20
; filament_density = 1.24
; filament_deretract_speed = nil
; filament_diameter = 1.75
; filament_infill_max_crossing_speed = 0
; filament_infill_max_speed = 0
; filament_load_time = 0
; filament_loading_speed = 28
; filament_loading_speed_start = 3
; filament_max_volumetric_speed = 15
; filament_minimal_purge_on_wipe_tower = 15
; filament_multitool_ramming = 0
; filament_multitool_ramming_flow = 10
; filament_multitool_ramming_volume = 10
; filament_notes = ""
; filament_purge_multiplier = 100%
; filament_ramming_parameters = "120 100 6.6 6.8 7.2 7.6 7.9 8.2 8.7 9.4 9.9 10.0| 0.05 6.6 0.45 6.8 0.95 7.8 1.45 8.3 1.95 9.7 2.45 10 2.95 7.6 3.45 7.6 3.95 7.6 4.45 7.6 4.95 7.6"
; filament_retract_before_travel = nil
; filament_retract_before_wipe = nil
; filament_retract_layer_change = nil
; filament_retract_length = nil
; filament_retract_length_toolchange = nil
; filament_retract_lift = nil
; filament_retract_lift_above = nil
; filament_retract_lift_below = nil
; filament_retract_restart_extra = nil
; filament_retract_restart_extra_toolchange = nil
; filament_retract_speed = nil
; filament_seam_gap_distance = nil
; filament_settings_id = "Generic PLA @CREALITY - Copy"
; filament_shrinkage_compensation_xy = 0%
; filament_shrinkage_compensation_z = 0%
; filament_soluble = 0
; filament_spool_weight = 0
; filament_stamping_distance = 0
; filament_stamping_loading_speed = 20
; filament_toolchange_delay = 0
; filament_travel_lift_before_obstacle = nil
; filament_travel_max_lift = nil
; filament_travel_ramping_lift = nil
; filament_travel_slope = nil
; filament_type = PLA
; filament_unload_time = 0
; filament_unloading_speed = 90
; filament_unloading_speed_start = 100
; filament_vendor = Generic
; filament_wipe = nil
; fill_angle = 45
; fill_density = 15%
; fill_pattern = grid
; first_layer_acceleration = 0
; first_layer_acceleration_over_raft = 0
; first_layer_bed_temperature = 75
; first_layer_extrusion_width = 0.42
; first_layer_height = 0.2
; first_layer_infill_speed = 0
; first_layer_speed = 20
; first_layer_speed_over_raft = 30
; first_layer_temperature = 210
; full_fan_speed_layer = 0
; fuzzy_skin = none
; fuzzy_skin_point_dist = 0.8
; fuzzy_skin_thickness = 0.3
; gap_fill_enabled = 1
; gap_fill_speed = 30
; gcode_comments = 0
; gcode_flavor = marlin
; gcode_label_objects = octoprint
; gcode_resolution = 0.0125
; gcode_substitutions = 
; high_current_on_filament_swap = 0
; host_type = prusalink
; idle_temperature = 150
; infill_acceleration = 0
; infill_anchor = 600%
; infill_anchor_max = 50
; infill_every_layers = 1
; infill_extruder = 1
; infill_extrusion_width = 0.44
; infill_first = 0
; infill_overlap = 23%
; infill_speed = 50
; inherits_cummulative = "0.08 mm SUPERDETAIL (0.4 mm nozzle) @CREALITY";"Generic PLA @CREALITY";
; interface_shells = 0
; interlocking_beam = 0
; interlocking_beam_layer_count = 2
; interlocking_beam_width = 0.8
; interlocking_boundary_avoidance = 2
; interlocking_depth = 2
; interlocking_orientation = 22.5
; ironing = 0
; ironing_flowrate = 10%
; ironing_spacing = 0.1
; ironing_speed = 20
; ironing_type = top
; layer_gcode = ;AFTER_LAYER_CHANGE\n;{layer_z}
; layer_height = 0.1
; machine_limits_usage = emit_to_gcode
; machine_max_acceleration_e = 5000
; machine_max_acceleration_extruding = 500
; machine_max_acceleration_retracting = 1000
; machine_max_acceleration_travel = 500
; machine_max_acceleration_x = 500
; machine_max_acceleration_y = 500
; machine_max_acceleration_z = 100
; machine_max_feedrate_e = 60
; machine_max_feedrate_x = 500
; machine_max_feedrate_y = 500
; machine_max_feedrate_z = 10
; machine_max_jerk_e = 5
; machine_max_jerk_x = 8
; machine_max_jerk_y = 8
; machine_max_jerk_z = 0.4
; machine_max_junction_deviation = 0,0
; machine_min_extruding_rate = 0
; machine_min_travel_rate = 0
; max_fan_speed = 100
; max_layer_height = 0.32
; max_print_height = 250
; max_print_speed = 100
; max_volumetric_extrusion_rate_slope_negative = 0
; max_volumetric_extrusion_rate_slope_positive = 0
; max_volumetric_speed = 0
; min_bead_width = 85%
; min_fan_speed = 100
; min_feature_size = 25%
; min_layer_height = 0.06
; min_print_speed = 15
; min_skirt_length = 4
; mmu_segmented_region_interlocking_depth = 0
; mmu_segmented_region_max_width = 0
; multimaterial_purging = 140
; notes = 
; nozzle_diameter = 0.4
; nozzle_high_flow = 0
; only_one_perimeter_first_layer = 0
; only_retract_when_crossing_perimeters = 0
; ooze_prevention = 0
; output_filename_format = {input_filename_base}_{print_time}_{digits(layer_height,1,2)}mm_{temperature[0]}C_{filament_type[0]}_{printer_model}.gcode
; over_bridge_speed = 0
; overhang_fan_speed_0 = 0
; overhang_fan_speed_1 = 0
; overhang_fan_speed_2 = 0
; overhang_fan_speed_3 = 0
; overhang_speed_0 = 15
; overhang_speed_1 = 15
; overhang_speed_2 = 20
; overhang_speed_3 = 25
; overhangs = 1
; parking_pos_retraction = 92
; pause_print_gcode = 
; perimeter_acceleration = 0
; perimeter_extruder = 1
; perimeter_extrusion_width = 0.44
; perimeter_generator = arachne
; perimeter_speed = 40
; perimeters = 3
; physical_printer_settings_id = 
; post_process = 
; prefer_clockwise_movements = 0
; print_settings_id = watch2
; printer_model = ENDER3
; printer_notes = Don't remove the following keywords! These keywords are used in the "compatible printer" condition of the print and filament profiles to link the particular print and filament profiles to this printer profile.\nPRINTER_VENDOR_CREALITY\nPRINTER_MODEL_ENDER3\nPRINTER_HAS_BOWDEN
; printer_settings_id = Creality Ender-3 (0.4 mm nozzle)
; printer_technology = FFF
; printer_variant = 0.4
; printer_vendor = 
; profile_vendor = Creality
; profile_version = 1.1.0
; raft_contact_distance = 0.1
; raft_expansion = 1.5
; raft_first_layer_density = 90%
; raft_first_layer_expansion = 3
; raft_layers = 0
; remaining_times = 0
; resolution = 0
; retract_before_travel = 2
; retract_before_wipe = 70%
; retract_layer_change = 1
; retract_length = 5
; retract_length_toolchange = 1
; retract_lift = 0
; retract_lift_above = 0.2
; retract_lift_below = 0
; retract_restart_extra = 0
; retract_restart_extra_toolchange = 0
; retract_speed = 60
; scarf_seam_entire_loop = 0
; scarf_seam_length = 20
; scarf_seam_max_segment_length = 1
; scarf_seam_on_inner_perimeters = 0
; scarf_seam_only_on_smooth = 1
; scarf_seam_placement = nowhere
; scarf_seam_start_height = 0%
; seam_gap_distance = 15%
; seam_position = nearest
; silent_mode = 0
; single_extruder_multi_material = 0
; single_extruder_multi_material_priming = 0
; skirt_distance = 3
; skirt_height = 2
; skirts = 1
; slice_closing_radius = 0.049
; slicing_mode = regular
; slowdown_below_layer_time = 20
; small_perimeter_speed = 25
; solid_infill_acceleration = 0
; solid_infill_below_area = 0
; solid_infill_every_layers = 0
; solid_infill_extruder = 1
; solid_infill_extrusion_width = 0.44
; solid_infill_speed = 40
; spiral_vase = 0
; staggered_inner_seams = 0
; standby_temperature_delta = -5
; start_filament_gcode = "; Filament gcode\n"
; start_gcode = G90 ; use absolute coordinates\nM83 ; extruder relative mode\nM104 S{is_nil(idle_temperature[0]) ? 150 : idle_temperature[0]} ; set temporary nozzle temp to prevent oozing during homing\nM140 S{first_layer_bed_temperature[0]} ; set final bed temp\nG4 S30 ; allow partial nozzle warmup\nG28 ; home all axis\nG1 Z50 F240\nG1 X2.0 Y10 F3000\nM104 S{first_layer_temperature[0]} ; set final nozzle temp\nM190 S{first_layer_bed_temperature[0]} ; wait for bed temp to stabilize\nM109 S{first_layer_temperature[0]} ; wait for nozzle temp to stabilize\nG1 Z0.28 F240\nG92 E0\nG1 X2.0 Y140 E10 F1500 ; prime the nozzle\nG1 X2.3 Y140 F5000\nG92 E0\nG1 X2.3 Y10 E10 F1200 ; prime the nozzle\nG92 E0
; support_material = 0
; support_material_angle = 0
; support_material_auto = 1
; support_material_bottom_contact_distance = 0
; support_material_bottom_interface_layers = -1
; support_material_buildplate_only = 1
; support_material_closing_radius = 2
; support_material_contact_distance = 0.15
; support_material_enforce_layers = 0
; support_material_extruder = 0
; support_material_extrusion_width = 0.36
; support_material_interface_contact_loops = 0
; support_material_interface_extruder = 0
; support_material_interface_layers = 2
; support_material_interface_pattern = rectilinear
; support_material_interface_spacing = 0.2
; support_material_interface_speed = 100%
; support_material_pattern = rectilinear
; support_material_spacing = 1
; support_material_speed = 40
; support_material_style = grid
; support_material_synchronize_layers = 0
; support_material_threshold = 40
; support_material_with_sheath = 0
; support_material_xy_spacing = 60%
; support_tree_angle = 40
; support_tree_angle_slow = 25
; support_tree_branch_diameter = 2
; support_tree_branch_diameter_angle = 5
; support_tree_branch_diameter_double_wall = 3
; support_tree_branch_distance = 1
; support_tree_tip_diameter = 0.8
; support_tree_top_rate = 15%
; temperature = 205
; template_custom_gcode = 
; thick_bridges = 1
; thin_walls = 0
; thumbnails = 
; thumbnails_format = PNG
; toolchange_gcode = 
; top_fill_pattern = concentric
; top_infill_extrusion_width = 0.4
; top_one_perimeter_type = none
; top_solid_infill_acceleration = 0
; top_solid_infill_speed = 30
; top_solid_layers = 11
; top_solid_min_thickness = 0
; travel_acceleration = 0
; travel_lift_before_obstacle = 0
; travel_max_lift = 0
; travel_ramping_lift = 0
; travel_short_distance_acceleration = 0
; travel_slope = 0
; travel_speed = 150
; travel_speed_z = 0
; use_firmware_retraction = 0
; use_relative_e_distances = 1
; use_volumetric_e = 0
; variable_layer_height = 1
; wall_distribution_count = 1
; wall_transition_angle = 10
; wall_transition_filter_deviation = 25%
; wall_transition_length = 100%
; wipe = 1
; wipe_into_infill = 0
; wipe_into_objects = 0
; wipe_tower = 0
; wipe_tower_acceleration = 0
; wipe_tower_bridging = 10
; wipe_tower_brim_width = 2
; wipe_tower_cone_angle = 0
; wipe_tower_extra_flow = 100%
; wipe_tower_extra_spacing = 100%
; wipe_tower_extruder = 0
; wipe_tower_no_sparse_layers = 0
; wipe_tower_width = 60
; wiping_volumes_matrix = 0
; wiping_volumes_use_custom_matrix = 0
; xy_size_compensation = 0
; z_offset = 0
; prusaslicer_config = end
